# ---- Run standalone_ffn_decode_1_nan ----
[0;31mE20250815 06:37:02.703451 140476670924544 output_stream.cpp:105] Opened result file: ./profiles/standalone_ffn_decode_1_nan_kernel_trace.csv
[m[0;31mE20250815 06:37:02.709918 140476670924544 output_stream.cpp:105] Opened result file: ./profiles/standalone_ffn_decode_1_nan_agent_info.csv
[m# ---- Run standalone_ffn_decode_1_32 ----
Using masking
[0;31mE20250815 06:37:37.674122 140552586020608 output_stream.cpp:105] Opened result file: ./profiles/standalone_ffn_decode_1_32_kernel_trace.csv
[m[0;31mE20250815 06:37:37.680829 140552586020608 output_stream.cpp:105] Opened result file: ./profiles/standalone_ffn_decode_1_32_agent_info.csv
[m[0;33mW20250815 06:37:42.113103 140552586020608 tool.cpp:1902] rocprofv3_error_signal_handler caught signal 11...
[m# ---- Run standalone_ffn_decode_1_64 ----
Using masking
[0;31mE20250815 06:38:12.185910 139636417476352 output_stream.cpp:105] Opened result file: ./profiles/standalone_ffn_decode_1_64_kernel_trace.csv
[m[0;31mE20250815 06:38:12.192456 139636417476352 output_stream.cpp:105] Opened result file: ./profiles/standalone_ffn_decode_1_64_agent_info.csv
[m[0;33mW20250815 06:38:16.641572 139636417476352 tool.cpp:1902] rocprofv3_error_signal_handler caught signal 11...
[m# ---- Run standalone_ffn_decode_1_nan ----
[0;31mE20250815 07:18:27.635727 140311033558784 output_stream.cpp:105] Opened result file: ./ffn/standalone_ffn_decode_1_nan_kernel_trace.csv
[m[0;31mE20250815 07:18:27.642319 140311033558784 output_stream.cpp:105] Opened result file: ./ffn/standalone_ffn_decode_1_nan_agent_info.csv
[m# ---- Run standalone_ffn_decode_1_32 ----
Using masking
[0;31mE20250815 07:19:01.400268 140392609257216 output_stream.cpp:105] Opened result file: ./ffn/standalone_ffn_decode_1_32_kernel_trace.csv
[m[0;31mE20250815 07:19:01.406712 140392609257216 output_stream.cpp:105] Opened result file: ./ffn/standalone_ffn_decode_1_32_agent_info.csv
[m[0;33mW20250815 07:19:05.786329 140392609257216 tool.cpp:1902] rocprofv3_error_signal_handler caught signal 11...
[m# ---- Run standalone_ffn_decode_1_64 ----
Using masking
[0;31mE20250815 07:19:35.022164 139637250463488 output_stream.cpp:105] Opened result file: ./ffn/standalone_ffn_decode_1_64_kernel_trace.csv
[m[0;31mE20250815 07:19:35.028666 139637250463488 output_stream.cpp:105] Opened result file: ./ffn/standalone_ffn_decode_1_64_agent_info.csv
[m[0;33mW20250815 07:19:39.426523 139637250463488 tool.cpp:1902] rocprofv3_error_signal_handler caught signal 11...
[m# ---- Run standalone_ffn_decode_1_96 ----
Using masking
[0;31mE20250815 07:20:09.124903 140292956952320 output_stream.cpp:105] Opened result file: ./ffn/standalone_ffn_decode_1_96_kernel_trace.csv
[m[0;31mE20250815 07:20:09.131214 140292956952320 output_stream.cpp:105] Opened result file: ./ffn/standalone_ffn_decode_1_96_agent_info.csv
[m[0;33mW20250815 07:20:13.456228 140292956952320 tool.cpp:1902] rocprofv3_error_signal_handler caught signal 11...
[m# ---- Run standalone_ffn_decode_1_128 ----
Using masking
[0;31mE20250815 07:20:42.696604 140080731784960 output_stream.cpp:105] Opened result file: ./ffn/standalone_ffn_decode_1_128_kernel_trace.csv
[m[0;31mE20250815 07:20:42.703222 140080731784960 output_stream.cpp:105] Opened result file: ./ffn/standalone_ffn_decode_1_128_agent_info.csv
[m[0;33mW20250815 07:20:46.984831 140080731784960 tool.cpp:1902] rocprofv3_error_signal_handler caught signal 11...
[m# ---- Run standalone_ffn_decode_1_160 ----
Using masking
[0;31mE20250815 07:21:16.174469 139977820948224 output_stream.cpp:105] Opened result file: ./ffn/standalone_ffn_decode_1_160_kernel_trace.csv
[m[0;31mE20250815 07:21:16.180793 139977820948224 output_stream.cpp:105] Opened result file: ./ffn/standalone_ffn_decode_1_160_agent_info.csv
[m[0;33mW20250815 07:21:20.572268 139977820948224 tool.cpp:1902] rocprofv3_error_signal_handler caught signal 11...
[m# ---- Run standalone_ffn_decode_2_nan ----
[0;31mE20250815 07:21:49.777026 140371480364800 output_stream.cpp:105] Opened result file: ./ffn/standalone_ffn_decode_2_nan_kernel_trace.csv
[m[0;31mE20250815 07:21:49.783456 140371480364800 output_stream.cpp:105] Opened result file: ./ffn/standalone_ffn_decode_2_nan_agent_info.csv
[m# ---- Run standalone_ffn_decode_2_32 ----
Using masking
[0;31mE20250815 07:22:23.182056 139966524081920 output_stream.cpp:105] Opened result file: ./ffn/standalone_ffn_decode_2_32_kernel_trace.csv
[m[0;31mE20250815 07:22:23.188436 139966524081920 output_stream.cpp:105] Opened result file: ./ffn/standalone_ffn_decode_2_32_agent_info.csv
[m[0;33mW20250815 07:22:27.534855 139966524081920 tool.cpp:1902] rocprofv3_error_signal_handler caught signal 11...
[m# ---- Run standalone_ffn_decode_2_64 ----
Using masking
[0;31mE20250815 07:22:56.633854 140582912198400 output_stream.cpp:105] Opened result file: ./ffn/standalone_ffn_decode_2_64_kernel_trace.csv
[m[0;31mE20250815 07:22:56.640288 140582912198400 output_stream.cpp:105] Opened result file: ./ffn/standalone_ffn_decode_2_64_agent_info.csv
[m[0;33mW20250815 07:23:01.076424 140582912198400 tool.cpp:1902] rocprofv3_error_signal_handler caught signal 11...
[m# ---- Run standalone_ffn_decode_2_96 ----
Using masking
[0;31mE20250815 07:23:30.152572 140251213137664 output_stream.cpp:105] Opened result file: ./ffn/standalone_ffn_decode_2_96_kernel_trace.csv
[m[0;31mE20250815 07:23:30.158912 140251213137664 output_stream.cpp:105] Opened result file: ./ffn/standalone_ffn_decode_2_96_agent_info.csv
[m[0;33mW20250815 07:23:34.444157 140251213137664 tool.cpp:1902] rocprofv3_error_signal_handler caught signal 11...
[m# ---- Run standalone_ffn_decode_2_128 ----
Using masking
[0;31mE20250815 07:24:03.840290 140529545410304 output_stream.cpp:105] Opened result file: ./ffn/standalone_ffn_decode_2_128_kernel_trace.csv
[m[0;31mE20250815 07:24:03.846678 140529545410304 output_stream.cpp:105] Opened result file: ./ffn/standalone_ffn_decode_2_128_agent_info.csv
[m[0;33mW20250815 07:24:08.297088 140529545410304 tool.cpp:1902] rocprofv3_error_signal_handler caught signal 11...
[m# ---- Run standalone_ffn_decode_2_160 ----
Using masking
[0;31mE20250815 07:24:37.598259 140479491426048 output_stream.cpp:105] Opened result file: ./ffn/standalone_ffn_decode_2_160_kernel_trace.csv
[m[0;31mE20250815 07:24:37.604563 140479491426048 output_stream.cpp:105] Opened result file: ./ffn/standalone_ffn_decode_2_160_agent_info.csv
[m[0;33mW20250815 07:24:41.847699 140479491426048 tool.cpp:1902] rocprofv3_error_signal_handler caught signal 11...
[m# ---- Run standalone_ffn_decode_4_nan ----
[0;31mE20250815 07:25:11.027382 139712351393536 output_stream.cpp:105] Opened result file: ./ffn/standalone_ffn_decode_4_nan_kernel_trace.csv
[m[0;31mE20250815 07:25:11.033747 139712351393536 output_stream.cpp:105] Opened result file: ./ffn/standalone_ffn_decode_4_nan_agent_info.csv
[m# ---- Run standalone_ffn_decode_4_32 ----
Using masking
[0;31mE20250815 07:25:44.901093 139834703324928 output_stream.cpp:105] Opened result file: ./ffn/standalone_ffn_decode_4_32_kernel_trace.csv
[m[0;31mE20250815 07:25:44.907830 139834703324928 output_stream.cpp:105] Opened result file: ./ffn/standalone_ffn_decode_4_32_agent_info.csv
[m[0;33mW20250815 07:25:49.261762 139834703324928 tool.cpp:1902] rocprofv3_error_signal_handler caught signal 11...
[m# ---- Run standalone_ffn_decode_4_64 ----
Using masking
[0;31mE20250815 07:26:18.038115 139791198426880 output_stream.cpp:105] Opened result file: ./ffn/standalone_ffn_decode_4_64_kernel_trace.csv
[m[0;31mE20250815 07:26:18.044357 139791198426880 output_stream.cpp:105] Opened result file: ./ffn/standalone_ffn_decode_4_64_agent_info.csv
[m[0;33mW20250815 07:26:22.514316 139791198426880 tool.cpp:1902] rocprofv3_error_signal_handler caught signal 11...
[m# ---- Run standalone_ffn_decode_4_96 ----
Using masking
[0;31mE20250815 07:26:51.486607 140552704874240 output_stream.cpp:105] Opened result file: ./ffn/standalone_ffn_decode_4_96_kernel_trace.csv
[m[0;31mE20250815 07:26:51.492836 140552704874240 output_stream.cpp:105] Opened result file: ./ffn/standalone_ffn_decode_4_96_agent_info.csv
[m[0;33mW20250815 07:26:55.695193 140552704874240 tool.cpp:1902] rocprofv3_error_signal_handler caught signal 11...
[m# ---- Run standalone_ffn_decode_4_128 ----
Using masking
[0;31mE20250815 07:27:24.841950 139881022490368 output_stream.cpp:105] Opened result file: ./ffn/standalone_ffn_decode_4_128_kernel_trace.csv
[m[0;31mE20250815 07:27:24.848320 139881022490368 output_stream.cpp:105] Opened result file: ./ffn/standalone_ffn_decode_4_128_agent_info.csv
[m[0;33mW20250815 07:27:29.316699 139881022490368 tool.cpp:1902] rocprofv3_error_signal_handler caught signal 11...
[m# ---- Run standalone_ffn_decode_4_160 ----
Using masking
[0;31mE20250815 07:27:58.884794 140322329483008 output_stream.cpp:105] Opened result file: ./ffn/standalone_ffn_decode_4_160_kernel_trace.csv
[m[0;31mE20250815 07:27:58.891394 140322329483008 output_stream.cpp:105] Opened result file: ./ffn/standalone_ffn_decode_4_160_agent_info.csv
[m[0;33mW20250815 07:28:03.162937 140322329483008 tool.cpp:1902] rocprofv3_error_signal_handler caught signal 11...
[m# ---- Run standalone_ffn_decode_8_nan ----
[0;31mE20250815 07:28:32.798120 140290539587328 output_stream.cpp:105] Opened result file: ./ffn/standalone_ffn_decode_8_nan_kernel_trace.csv
[m[0;31mE20250815 07:28:32.804544 140290539587328 output_stream.cpp:105] Opened result file: ./ffn/standalone_ffn_decode_8_nan_agent_info.csv
[m# ---- Run standalone_ffn_decode_8_32 ----
Using masking
[0;31mE20250815 07:29:05.123189 139754157688576 output_stream.cpp:105] Opened result file: ./ffn/standalone_ffn_decode_8_32_kernel_trace.csv
[m[0;31mE20250815 07:29:05.129506 139754157688576 output_stream.cpp:105] Opened result file: ./ffn/standalone_ffn_decode_8_32_agent_info.csv
[m[0;33mW20250815 07:29:09.308494 139754157688576 tool.cpp:1902] rocprofv3_error_signal_handler caught signal 11...
[m# ---- Run standalone_ffn_decode_8_64 ----
Using masking
[0;31mE20250815 07:29:36.336502 139622593599232 output_stream.cpp:105] Opened result file: ./ffn/standalone_ffn_decode_8_64_kernel_trace.csv
[m[0;31mE20250815 07:29:36.342461 139622593599232 output_stream.cpp:105] Opened result file: ./ffn/standalone_ffn_decode_8_64_agent_info.csv
[m[0;33mW20250815 07:29:40.224628 139622593599232 tool.cpp:1902] rocprofv3_error_signal_handler caught signal 11...
[m# ---- Run standalone_ffn_decode_8_96 ----
Using masking
[0;31mE20250815 07:30:07.556079 139858415773440 output_stream.cpp:105] Opened result file: ./ffn/standalone_ffn_decode_8_96_kernel_trace.csv
[m[0;31mE20250815 07:30:07.562269 139858415773440 output_stream.cpp:105] Opened result file: ./ffn/standalone_ffn_decode_8_96_agent_info.csv
[m[0;33mW20250815 07:30:11.418666 139858415773440 tool.cpp:1902] rocprofv3_error_signal_handler caught signal 11...
[m# ---- Run standalone_ffn_decode_8_128 ----
Using masking
[0;31mE20250815 07:30:39.577814 140015630227200 output_stream.cpp:105] Opened result file: ./ffn/standalone_ffn_decode_8_128_kernel_trace.csv
[m[0;31mE20250815 07:30:39.584624 140015630227200 output_stream.cpp:105] Opened result file: ./ffn/standalone_ffn_decode_8_128_agent_info.csv
[m[0;33mW20250815 07:30:43.928855 140015630227200 tool.cpp:1902] rocprofv3_error_signal_handler caught signal 11...
[m# ---- Run standalone_ffn_decode_8_160 ----
Using masking
[0;31mE20250815 07:31:13.830106 139792701703936 output_stream.cpp:105] Opened result file: ./ffn/standalone_ffn_decode_8_160_kernel_trace.csv
[m[0;31mE20250815 07:31:13.836536 139792701703936 output_stream.cpp:105] Opened result file: ./ffn/standalone_ffn_decode_8_160_agent_info.csv
[m[0;33mW20250815 07:31:18.209579 139792701703936 tool.cpp:1902] rocprofv3_error_signal_handler caught signal 11...
[m# ---- Run standalone_ffn_decode_16_nan ----
[0;31mE20250815 07:31:48.273938 140243340277504 output_stream.cpp:105] Opened result file: ./ffn/standalone_ffn_decode_16_nan_kernel_trace.csv
[m[0;31mE20250815 07:31:48.281454 140243340277504 output_stream.cpp:105] Opened result file: ./ffn/standalone_ffn_decode_16_nan_agent_info.csv
[m# ---- Run standalone_ffn_decode_16_32 ----
Using masking
[0;31mE20250815 07:32:22.759085 140374586820352 output_stream.cpp:105] Opened result file: ./ffn/standalone_ffn_decode_16_32_kernel_trace.csv
[m[0;31mE20250815 07:32:22.765621 140374586820352 output_stream.cpp:105] Opened result file: ./ffn/standalone_ffn_decode_16_32_agent_info.csv
[m[0;33mW20250815 07:32:27.210085 140374586820352 tool.cpp:1902] rocprofv3_error_signal_handler caught signal 11...
[m# ---- Run standalone_ffn_decode_16_64 ----
Using masking
[0;31mE20250815 07:32:56.258761 140718926747392 output_stream.cpp:105] Opened result file: ./ffn/standalone_ffn_decode_16_64_kernel_trace.csv
[m[0;31mE20250815 07:32:56.265071 140718926747392 output_stream.cpp:105] Opened result file: ./ffn/standalone_ffn_decode_16_64_agent_info.csv
[m[0;33mW20250815 07:33:00.469129 140718926747392 tool.cpp:1902] rocprofv3_error_signal_handler caught signal 11...
[m# ---- Run standalone_ffn_decode_16_96 ----
Using masking
[0;31mE20250815 07:33:28.272082 140155563120384 output_stream.cpp:105] Opened result file: ./ffn/standalone_ffn_decode_16_96_kernel_trace.csv
[m[0;31mE20250815 07:33:28.278559 140155563120384 output_stream.cpp:105] Opened result file: ./ffn/standalone_ffn_decode_16_96_agent_info.csv
[m[0;33mW20250815 07:33:32.461499 140155563120384 tool.cpp:1902] rocprofv3_error_signal_handler caught signal 11...
[m# ---- Run standalone_ffn_decode_16_128 ----
Using masking
[0;31mE20250815 07:34:00.536934 140104174868224 output_stream.cpp:105] Opened result file: ./ffn/standalone_ffn_decode_16_128_kernel_trace.csv
[m[0;31mE20250815 07:34:00.543334 140104174868224 output_stream.cpp:105] Opened result file: ./ffn/standalone_ffn_decode_16_128_agent_info.csv
[m[0;33mW20250815 07:34:04.728460 140104174868224 tool.cpp:1902] rocprofv3_error_signal_handler caught signal 11...
[m# ---- Run standalone_ffn_decode_16_160 ----
Using masking
[0;31mE20250815 07:34:33.045608 139929933833984 output_stream.cpp:105] Opened result file: ./ffn/standalone_ffn_decode_16_160_kernel_trace.csv
[m[0;31mE20250815 07:34:33.051825 139929933833984 output_stream.cpp:105] Opened result file: ./ffn/standalone_ffn_decode_16_160_agent_info.csv
[m[0;33mW20250815 07:34:37.236810 139929933833984 tool.cpp:1902] rocprofv3_error_signal_handler caught signal 11...
[m# ---- Run standalone_ffn_decode_32_nan ----
[0;31mE20250815 07:35:05.318297 139822394255104 output_stream.cpp:105] Opened result file: ./ffn/standalone_ffn_decode_32_nan_kernel_trace.csv
[m[0;31mE20250815 07:35:05.324643 139822394255104 output_stream.cpp:105] Opened result file: ./ffn/standalone_ffn_decode_32_nan_agent_info.csv
[m# ---- Run standalone_ffn_decode_32_32 ----
Using masking
[0;31mE20250815 07:35:37.921623 139731086534400 output_stream.cpp:105] Opened result file: ./ffn/standalone_ffn_decode_32_32_kernel_trace.csv
[m[0;31mE20250815 07:35:37.928275 139731086534400 output_stream.cpp:105] Opened result file: ./ffn/standalone_ffn_decode_32_32_agent_info.csv
[m[0;33mW20250815 07:35:42.453550 139731086534400 tool.cpp:1902] rocprofv3_error_signal_handler caught signal 11...
[m# ---- Run standalone_ffn_decode_32_64 ----
Using masking
[0;31mE20250815 07:36:11.618378 140272400520960 output_stream.cpp:105] Opened result file: ./ffn/standalone_ffn_decode_32_64_kernel_trace.csv
[m[0;31mE20250815 07:36:11.624909 140272400520960 output_stream.cpp:105] Opened result file: ./ffn/standalone_ffn_decode_32_64_agent_info.csv
[m[0;33mW20250815 07:36:15.812208 140272400520960 tool.cpp:1902] rocprofv3_error_signal_handler caught signal 11...
[m# ---- Run standalone_ffn_decode_32_96 ----
Using masking
[0;31mE20250815 07:36:45.022894 140473190311680 output_stream.cpp:105] Opened result file: ./ffn/standalone_ffn_decode_32_96_kernel_trace.csv
[m[0;31mE20250815 07:36:45.029581 140473190311680 output_stream.cpp:105] Opened result file: ./ffn/standalone_ffn_decode_32_96_agent_info.csv
[m[0;33mW20250815 07:36:49.345578 140473190311680 tool.cpp:1902] rocprofv3_error_signal_handler caught signal 11...
[m# ---- Run standalone_ffn_decode_32_128 ----
Using masking
[0;31mE20250815 07:37:18.578670 140258223486720 output_stream.cpp:105] Opened result file: ./ffn/standalone_ffn_decode_32_128_kernel_trace.csv
[m[0;31mE20250815 07:37:18.585296 140258223486720 output_stream.cpp:105] Opened result file: ./ffn/standalone_ffn_decode_32_128_agent_info.csv
[m[0;33mW20250815 07:37:23.022075 140258223486720 tool.cpp:1902] rocprofv3_error_signal_handler caught signal 11...
[m# ---- Run standalone_ffn_decode_32_160 ----
Using masking
[0;31mE20250815 07:37:52.119055 140021798942464 output_stream.cpp:105] Opened result file: ./ffn/standalone_ffn_decode_32_160_kernel_trace.csv
[m[0;31mE20250815 07:37:52.125838 140021798942464 output_stream.cpp:105] Opened result file: ./ffn/standalone_ffn_decode_32_160_agent_info.csv
[m[0;33mW20250815 07:37:56.555077 140021798942464 tool.cpp:1902] rocprofv3_error_signal_handler caught signal 11...
[m# ---- Run standalone_ffn_decode_64_nan ----
[0;31mE20250815 07:38:25.531552 139972965803776 output_stream.cpp:105] Opened result file: ./ffn/standalone_ffn_decode_64_nan_kernel_trace.csv
[m[0;31mE20250815 07:38:25.537865 139972965803776 output_stream.cpp:105] Opened result file: ./ffn/standalone_ffn_decode_64_nan_agent_info.csv
[m# ---- Run standalone_ffn_decode_64_32 ----
Using masking
[0;31mE20250815 07:38:59.167798 140578034362112 output_stream.cpp:105] Opened result file: ./ffn/standalone_ffn_decode_64_32_kernel_trace.csv
[m[0;31mE20250815 07:38:59.174186 140578034362112 output_stream.cpp:105] Opened result file: ./ffn/standalone_ffn_decode_64_32_agent_info.csv
[m[0;33mW20250815 07:39:03.393275 140578034362112 tool.cpp:1902] rocprofv3_error_signal_handler caught signal 11...
[m# ---- Run standalone_ffn_decode_64_64 ----
Using masking
[0;31mE20250815 07:39:32.977116 139798134335232 output_stream.cpp:105] Opened result file: ./ffn/standalone_ffn_decode_64_64_kernel_trace.csv
[m[0;31mE20250815 07:39:32.983498 139798134335232 output_stream.cpp:105] Opened result file: ./ffn/standalone_ffn_decode_64_64_agent_info.csv
[m[0;33mW20250815 07:39:37.237805 139798134335232 tool.cpp:1902] rocprofv3_error_signal_handler caught signal 11...
[m# ---- Run standalone_ffn_decode_64_96 ----
Using masking
[0;31mE20250815 07:40:07.579563 140272734635776 output_stream.cpp:105] Opened result file: ./ffn/standalone_ffn_decode_64_96_kernel_trace.csv
[m[0;31mE20250815 07:40:07.586013 140272734635776 output_stream.cpp:105] Opened result file: ./ffn/standalone_ffn_decode_64_96_agent_info.csv
[m[0;33mW20250815 07:40:11.835609 140272734635776 tool.cpp:1902] rocprofv3_error_signal_handler caught signal 11...
[m# ---- Run standalone_ffn_decode_64_128 ----
Using masking
[0;31mE20250815 07:40:39.547020 140212138477312 output_stream.cpp:105] Opened result file: ./ffn/standalone_ffn_decode_64_128_kernel_trace.csv
[m[0;31mE20250815 07:40:39.553320 140212138477312 output_stream.cpp:105] Opened result file: ./ffn/standalone_ffn_decode_64_128_agent_info.csv
[m[0;33mW20250815 07:40:43.686838 140212138477312 tool.cpp:1902] rocprofv3_error_signal_handler caught signal 11...
[m# ---- Run standalone_ffn_decode_64_160 ----
Using masking
[0;31mE20250815 07:41:10.738060 140544264398592 output_stream.cpp:105] Opened result file: ./ffn/standalone_ffn_decode_64_160_kernel_trace.csv
[m[0;31mE20250815 07:41:10.743852 140544264398592 output_stream.cpp:105] Opened result file: ./ffn/standalone_ffn_decode_64_160_agent_info.csv
[m[0;33mW20250815 07:41:14.581821 140544264398592 tool.cpp:1902] rocprofv3_error_signal_handler caught signal 11...
[m# ---- Run standalone_ffn_decode_128_nan ----
[0;31mE20250815 07:41:42.672812 140194790020864 output_stream.cpp:105] Opened result file: ./ffn/standalone_ffn_decode_128_nan_kernel_trace.csv
[m[0;31mE20250815 07:41:42.679147 140194790020864 output_stream.cpp:105] Opened result file: ./ffn/standalone_ffn_decode_128_nan_agent_info.csv
[m# ---- Run standalone_ffn_decode_128_32 ----
Using masking
[0;31mE20250815 07:42:14.346548 139994543728384 output_stream.cpp:105] Opened result file: ./ffn/standalone_ffn_decode_128_32_kernel_trace.csv
[m[0;31mE20250815 07:42:14.352508 139994543728384 output_stream.cpp:105] Opened result file: ./ffn/standalone_ffn_decode_128_32_agent_info.csv
[m[0;33mW20250815 07:42:18.464655 139994543728384 tool.cpp:1902] rocprofv3_error_signal_handler caught signal 11...
[m# ---- Run standalone_ffn_decode_128_64 ----
Using masking
[0;31mE20250815 07:42:45.798433 140322906605312 output_stream.cpp:105] Opened result file: ./ffn/standalone_ffn_decode_128_64_kernel_trace.csv
[m[0;31mE20250815 07:42:45.804178 140322906605312 output_stream.cpp:105] Opened result file: ./ffn/standalone_ffn_decode_128_64_agent_info.csv
[m[0;33mW20250815 07:42:49.862456 140322906605312 tool.cpp:1902] rocprofv3_error_signal_handler caught signal 11...
[m# ---- Run standalone_ffn_decode_128_96 ----
Using masking
[0;31mE20250815 07:43:16.914195 140488300873472 output_stream.cpp:105] Opened result file: ./ffn/standalone_ffn_decode_128_96_kernel_trace.csv
[m[0;31mE20250815 07:43:16.919902 140488300873472 output_stream.cpp:105] Opened result file: ./ffn/standalone_ffn_decode_128_96_agent_info.csv
[m[0;33mW20250815 07:43:20.736166 140488300873472 tool.cpp:1902] rocprofv3_error_signal_handler caught signal 11...
[m# ---- Run standalone_ffn_decode_128_128 ----
Using masking
[0;31mE20250815 07:43:47.823855 140448440256256 output_stream.cpp:105] Opened result file: ./ffn/standalone_ffn_decode_128_128_kernel_trace.csv
[m[0;31mE20250815 07:43:47.829665 140448440256256 output_stream.cpp:105] Opened result file: ./ffn/standalone_ffn_decode_128_128_agent_info.csv
[m[0;33mW20250815 07:43:51.817503 140448440256256 tool.cpp:1902] rocprofv3_error_signal_handler caught signal 11...
[m# ---- Run standalone_ffn_decode_128_160 ----
Using masking
[0;31mE20250815 07:44:18.668460 140158038959872 output_stream.cpp:105] Opened result file: ./ffn/standalone_ffn_decode_128_160_kernel_trace.csv
[m[0;31mE20250815 07:44:18.674200 140158038959872 output_stream.cpp:105] Opened result file: ./ffn/standalone_ffn_decode_128_160_agent_info.csv
[m[0;33mW20250815 07:44:22.638944 140158038959872 tool.cpp:1902] rocprofv3_error_signal_handler caught signal 11...
[m# ---- Run standalone_ffn_prefill_1_256_nan ----
[0;31mE20250815 07:44:49.702687 140711682524928 output_stream.cpp:105] Opened result file: ./ffn/standalone_ffn_prefill_1_256_nan_kernel_trace.csv
[m[0;31mE20250815 07:44:49.708451 140711682524928 output_stream.cpp:105] Opened result file: ./ffn/standalone_ffn_prefill_1_256_nan_agent_info.csv
[m# ---- Run standalone_ffn_prefill_1_256_32 ----
Using masking
[0;31mE20250815 07:45:20.766321 139701789230848 output_stream.cpp:105] Opened result file: ./ffn/standalone_ffn_prefill_1_256_32_kernel_trace.csv
[m[0;31mE20250815 07:45:20.772387 139701789230848 output_stream.cpp:105] Opened result file: ./ffn/standalone_ffn_prefill_1_256_32_agent_info.csv
[m[0;33mW20250815 07:45:24.838397 139701789230848 tool.cpp:1902] rocprofv3_error_signal_handler caught signal 11...
[m# ---- Run standalone_ffn_prefill_1_256_64 ----
Using masking
[0;31mE20250815 07:45:52.272168 140050301277952 output_stream.cpp:105] Opened result file: ./ffn/standalone_ffn_prefill_1_256_64_kernel_trace.csv
[m[0;31mE20250815 07:45:52.278004 140050301277952 output_stream.cpp:105] Opened result file: ./ffn/standalone_ffn_prefill_1_256_64_agent_info.csv
[m[0;33mW20250815 07:45:56.404567 140050301277952 tool.cpp:1902] rocprofv3_error_signal_handler caught signal 11...
[m# ---- Run standalone_ffn_prefill_1_256_96 ----
Using masking
[0;31mE20250815 07:46:23.518587 140040104118016 output_stream.cpp:105] Opened result file: ./ffn/standalone_ffn_prefill_1_256_96_kernel_trace.csv
[m[0;31mE20250815 07:46:23.524381 140040104118016 output_stream.cpp:105] Opened result file: ./ffn/standalone_ffn_prefill_1_256_96_agent_info.csv
[m[0;33mW20250815 07:46:27.535195 140040104118016 tool.cpp:1902] rocprofv3_error_signal_handler caught signal 11...
[m# ---- Run standalone_ffn_prefill_1_256_128 ----
Using masking
[0;31mE20250815 07:46:54.555298 140425734248192 output_stream.cpp:105] Opened result file: ./ffn/standalone_ffn_prefill_1_256_128_kernel_trace.csv
[m[0;31mE20250815 07:46:54.561121 140425734248192 output_stream.cpp:105] Opened result file: ./ffn/standalone_ffn_prefill_1_256_128_agent_info.csv
[m[0;33mW20250815 07:46:58.524870 140425734248192 tool.cpp:1902] rocprofv3_error_signal_handler caught signal 11...
[m# ---- Run standalone_ffn_prefill_1_256_160 ----
Using masking
[0;31mE20250815 07:47:25.346487 140471823283968 output_stream.cpp:105] Opened result file: ./ffn/standalone_ffn_prefill_1_256_160_kernel_trace.csv
[m[0;31mE20250815 07:47:25.352268 140471823283968 output_stream.cpp:105] Opened result file: ./ffn/standalone_ffn_prefill_1_256_160_agent_info.csv
[m[0;33mW20250815 07:47:29.290201 140471823283968 tool.cpp:1902] rocprofv3_error_signal_handler caught signal 11...
[m# ---- Run standalone_ffn_prefill_1_512_nan ----
[0;31mE20250815 07:47:56.471739 140399842404096 output_stream.cpp:105] Opened result file: ./ffn/standalone_ffn_prefill_1_512_nan_kernel_trace.csv
[m[0;31mE20250815 07:47:56.477515 140399842404096 output_stream.cpp:105] Opened result file: ./ffn/standalone_ffn_prefill_1_512_nan_agent_info.csv
[m# ---- Run standalone_ffn_prefill_1_512_32 ----
Using masking
[0;31mE20250815 07:48:28.191416 140428176779008 output_stream.cpp:105] Opened result file: ./ffn/standalone_ffn_prefill_1_512_32_kernel_trace.csv
[m[0;31mE20250815 07:48:28.197488 140428176779008 output_stream.cpp:105] Opened result file: ./ffn/standalone_ffn_prefill_1_512_32_agent_info.csv
[m[0;33mW20250815 07:48:32.215682 140428176779008 tool.cpp:1902] rocprofv3_error_signal_handler caught signal 11...
[m# ---- Run standalone_ffn_prefill_1_512_64 ----
Using masking
[0;31mE20250815 07:48:59.774510 139779155994368 output_stream.cpp:105] Opened result file: ./ffn/standalone_ffn_prefill_1_512_64_kernel_trace.csv
[m[0;31mE20250815 07:48:59.780493 139779155994368 output_stream.cpp:105] Opened result file: ./ffn/standalone_ffn_prefill_1_512_64_agent_info.csv
[m[0;33mW20250815 07:49:03.658742 139779155994368 tool.cpp:1902] rocprofv3_error_signal_handler caught signal 11...
[m# ---- Run standalone_ffn_prefill_1_512_96 ----
Using masking
[0;31mE20250815 07:49:30.761065 140412772574976 output_stream.cpp:105] Opened result file: ./ffn/standalone_ffn_prefill_1_512_96_kernel_trace.csv
[m[0;31mE20250815 07:49:30.766764 140412772574976 output_stream.cpp:105] Opened result file: ./ffn/standalone_ffn_prefill_1_512_96_agent_info.csv
[m[0;33mW20250815 07:49:34.821355 140412772574976 tool.cpp:1902] rocprofv3_error_signal_handler caught signal 11...
[m# ---- Run standalone_ffn_prefill_1_512_128 ----
Using masking
[0;31mE20250815 07:50:02.272047 140045522687744 output_stream.cpp:105] Opened result file: ./ffn/standalone_ffn_prefill_1_512_128_kernel_trace.csv
[m[0;31mE20250815 07:50:02.278292 140045522687744 output_stream.cpp:105] Opened result file: ./ffn/standalone_ffn_prefill_1_512_128_agent_info.csv
[m[0;33mW20250815 07:50:06.302229 140045522687744 tool.cpp:1902] rocprofv3_error_signal_handler caught signal 11...
[m# ---- Run standalone_ffn_prefill_1_512_160 ----
Using masking
[0;31mE20250815 07:50:33.165289 139838506030848 output_stream.cpp:105] Opened result file: ./ffn/standalone_ffn_prefill_1_512_160_kernel_trace.csv
[m[0;31mE20250815 07:50:33.170988 139838506030848 output_stream.cpp:105] Opened result file: ./ffn/standalone_ffn_prefill_1_512_160_agent_info.csv
[m[0;33mW20250815 07:50:37.165680 139838506030848 tool.cpp:1902] rocprofv3_error_signal_handler caught signal 11...
[m# ---- Run standalone_ffn_prefill_1_1024_nan ----
[0;31mE20250815 07:51:03.828285 140614418945792 output_stream.cpp:105] Opened result file: ./ffn/standalone_ffn_prefill_1_1024_nan_kernel_trace.csv
[m[0;31mE20250815 07:51:03.834038 140614418945792 output_stream.cpp:105] Opened result file: ./ffn/standalone_ffn_prefill_1_1024_nan_agent_info.csv
[m# ---- Run standalone_ffn_prefill_1_1024_32 ----
Using masking
[0;31mE20250815 07:51:34.730054 140517644261120 output_stream.cpp:105] Opened result file: ./ffn/standalone_ffn_prefill_1_1024_32_kernel_trace.csv
[m[0;31mE20250815 07:51:34.736209 140517644261120 output_stream.cpp:105] Opened result file: ./ffn/standalone_ffn_prefill_1_1024_32_agent_info.csv
[m[0;33mW20250815 07:51:38.708795 140517644261120 tool.cpp:1902] rocprofv3_error_signal_handler caught signal 11...
[m# ---- Run standalone_ffn_prefill_1_1024_64 ----
Using masking
[0;31mE20250815 07:52:05.509823 140305273681664 output_stream.cpp:105] Opened result file: ./ffn/standalone_ffn_prefill_1_1024_64_kernel_trace.csv
[m[0;31mE20250815 07:52:05.515946 140305273681664 output_stream.cpp:105] Opened result file: ./ffn/standalone_ffn_prefill_1_1024_64_agent_info.csv
[m[0;33mW20250815 07:52:09.333042 140305273681664 tool.cpp:1902] rocprofv3_error_signal_handler caught signal 11...
[m# ---- Run standalone_ffn_prefill_1_1024_96 ----
Using masking
[0;31mE20250815 07:52:36.100978 140362399479552 output_stream.cpp:105] Opened result file: ./ffn/standalone_ffn_prefill_1_1024_96_kernel_trace.csv
[m[0;31mE20250815 07:52:36.107242 140362399479552 output_stream.cpp:105] Opened result file: ./ffn/standalone_ffn_prefill_1_1024_96_agent_info.csv
[m[0;33mW20250815 07:52:40.013620 140362399479552 tool.cpp:1902] rocprofv3_error_signal_handler caught signal 11...
[m# ---- Run standalone_ffn_prefill_1_1024_128 ----
Using masking
[0;31mE20250815 07:53:06.652414 140221355689728 output_stream.cpp:105] Opened result file: ./ffn/standalone_ffn_prefill_1_1024_128_kernel_trace.csv
[m[0;31mE20250815 07:53:06.658158 140221355689728 output_stream.cpp:105] Opened result file: ./ffn/standalone_ffn_prefill_1_1024_128_agent_info.csv
[m[0;33mW20250815 07:53:10.605187 140221355689728 tool.cpp:1902] rocprofv3_error_signal_handler caught signal 11...
[m# ---- Run standalone_ffn_prefill_1_1024_160 ----
Using masking
[0;31mE20250815 07:53:37.238426 139972219889408 output_stream.cpp:105] Opened result file: ./ffn/standalone_ffn_prefill_1_1024_160_kernel_trace.csv
[m[0;31mE20250815 07:53:37.244104 139972219889408 output_stream.cpp:105] Opened result file: ./ffn/standalone_ffn_prefill_1_1024_160_agent_info.csv
[m[0;33mW20250815 07:53:41.176909 139972219889408 tool.cpp:1902] rocprofv3_error_signal_handler caught signal 11...
[m# ---- Run standalone_ffn_prefill_1_2048_nan ----
[0;31mE20250815 07:54:07.780806 140304936331008 output_stream.cpp:105] Opened result file: ./ffn/standalone_ffn_prefill_1_2048_nan_kernel_trace.csv
[m[0;31mE20250815 07:54:07.786484 140304936331008 output_stream.cpp:105] Opened result file: ./ffn/standalone_ffn_prefill_1_2048_nan_agent_info.csv
[m# ---- Run standalone_ffn_prefill_1_2048_32 ----
Using masking
[0;31mE20250815 07:54:39.707848 139710314141440 output_stream.cpp:105] Opened result file: ./ffn/standalone_ffn_prefill_1_2048_32_kernel_trace.csv
[m[0;31mE20250815 07:54:39.714341 139710314141440 output_stream.cpp:105] Opened result file: ./ffn/standalone_ffn_prefill_1_2048_32_agent_info.csv
[m[0;33mW20250815 07:54:44.099803 139710314141440 tool.cpp:1902] rocprofv3_error_signal_handler caught signal 11...
[m# ---- Run standalone_ffn_prefill_1_2048_64 ----
Using masking
[0;31mE20250815 07:55:13.743475 140091501311744 output_stream.cpp:105] Opened result file: ./ffn/standalone_ffn_prefill_1_2048_64_kernel_trace.csv
[m[0;31mE20250815 07:55:13.749945 140091501311744 output_stream.cpp:105] Opened result file: ./ffn/standalone_ffn_prefill_1_2048_64_agent_info.csv
[m[0;33mW20250815 07:55:18.123159 140091501311744 tool.cpp:1902] rocprofv3_error_signal_handler caught signal 11...
[m# ---- Run standalone_ffn_prefill_1_2048_96 ----
Using masking
[0;31mE20250815 07:55:47.815506 140127121975040 output_stream.cpp:105] Opened result file: ./ffn/standalone_ffn_prefill_1_2048_96_kernel_trace.csv
[m[0;31mE20250815 07:55:47.821997 140127121975040 output_stream.cpp:105] Opened result file: ./ffn/standalone_ffn_prefill_1_2048_96_agent_info.csv
[m[0;33mW20250815 07:55:52.136698 140127121975040 tool.cpp:1902] rocprofv3_error_signal_handler caught signal 11...
[m# ---- Run standalone_ffn_prefill_1_2048_128 ----
Using masking
[0;31mE20250815 07:56:21.074535 140391989323520 output_stream.cpp:105] Opened result file: ./ffn/standalone_ffn_prefill_1_2048_128_kernel_trace.csv
[m[0;31mE20250815 07:56:21.080724 140391989323520 output_stream.cpp:105] Opened result file: ./ffn/standalone_ffn_prefill_1_2048_128_agent_info.csv
[m[0;33mW20250815 07:56:25.193894 140391989323520 tool.cpp:1902] rocprofv3_error_signal_handler caught signal 11...
[m# ---- Run standalone_ffn_prefill_1_2048_160 ----
Using masking
[0;31mE20250815 07:56:54.533905 140411443214080 output_stream.cpp:105] Opened result file: ./ffn/standalone_ffn_prefill_1_2048_160_kernel_trace.csv
[m[0;31mE20250815 07:56:54.540229 140411443214080 output_stream.cpp:105] Opened result file: ./ffn/standalone_ffn_prefill_1_2048_160_agent_info.csv
[m[0;33mW20250815 07:56:58.691820 140411443214080 tool.cpp:1902] rocprofv3_error_signal_handler caught signal 11...
[m# ---- Run standalone_ffn_prefill_1_4096_nan ----
[0;31mE20250815 07:57:28.061900 140707467863808 output_stream.cpp:105] Opened result file: ./ffn/standalone_ffn_prefill_1_4096_nan_kernel_trace.csv
[m[0;31mE20250815 07:57:28.068143 140707467863808 output_stream.cpp:105] Opened result file: ./ffn/standalone_ffn_prefill_1_4096_nan_agent_info.csv
[m# ---- Run standalone_ffn_prefill_1_4096_32 ----
Using masking
[0;31mE20250815 07:58:01.933595 140184620287744 output_stream.cpp:105] Opened result file: ./ffn/standalone_ffn_prefill_1_4096_32_kernel_trace.csv
[m[0;31mE20250815 07:58:01.939923 140184620287744 output_stream.cpp:105] Opened result file: ./ffn/standalone_ffn_prefill_1_4096_32_agent_info.csv
[m[0;33mW20250815 07:58:06.176306 140184620287744 tool.cpp:1902] rocprofv3_error_signal_handler caught signal 11...
[m# ---- Run standalone_ffn_prefill_1_4096_64 ----
Using masking
[0;31mE20250815 07:58:35.804360 139875687134976 output_stream.cpp:105] Opened result file: ./ffn/standalone_ffn_prefill_1_4096_64_kernel_trace.csv
[m[0;31mE20250815 07:58:35.810462 139875687134976 output_stream.cpp:105] Opened result file: ./ffn/standalone_ffn_prefill_1_4096_64_agent_info.csv
[m[0;33mW20250815 07:58:40.319013 139875687134976 tool.cpp:1902] rocprofv3_error_signal_handler caught signal 11...
[m# ---- Run standalone_ffn_prefill_1_4096_96 ----
Using masking
[0;31mE20250815 07:59:09.936361 140451994887936 output_stream.cpp:105] Opened result file: ./ffn/standalone_ffn_prefill_1_4096_96_kernel_trace.csv
[m[0;31mE20250815 07:59:09.942737 140451994887936 output_stream.cpp:105] Opened result file: ./ffn/standalone_ffn_prefill_1_4096_96_agent_info.csv
[m[0;33mW20250815 07:59:14.189481 140451994887936 tool.cpp:1902] rocprofv3_error_signal_handler caught signal 11...
[m# ---- Run standalone_ffn_prefill_1_4096_128 ----
Using masking
[0;31mE20250815 07:59:43.784038 140700058380032 output_stream.cpp:105] Opened result file: ./ffn/standalone_ffn_prefill_1_4096_128_kernel_trace.csv
[m[0;31mE20250815 07:59:43.790907 140700058380032 output_stream.cpp:105] Opened result file: ./ffn/standalone_ffn_prefill_1_4096_128_agent_info.csv
[m[0;33mW20250815 07:59:48.235554 140700058380032 tool.cpp:1902] rocprofv3_error_signal_handler caught signal 11...
[m# ---- Run standalone_ffn_prefill_1_4096_160 ----
Using masking
[0;31mE20250815 08:00:17.592119 140003096626944 output_stream.cpp:105] Opened result file: ./ffn/standalone_ffn_prefill_1_4096_160_kernel_trace.csv
[m[0;31mE20250815 08:00:17.598360 140003096626944 output_stream.cpp:105] Opened result file: ./ffn/standalone_ffn_prefill_1_4096_160_agent_info.csv
[m[0;33mW20250815 08:00:21.736277 140003096626944 tool.cpp:1902] rocprofv3_error_signal_handler caught signal 11...
[m# ---- Run standalone_ffn_prefill_1_8192_nan ----
[0;31mE20250815 08:00:51.189037 140169217144576 output_stream.cpp:105] Opened result file: ./ffn/standalone_ffn_prefill_1_8192_nan_kernel_trace.csv
[m[0;31mE20250815 08:00:51.195371 140169217144576 output_stream.cpp:105] Opened result file: ./ffn/standalone_ffn_prefill_1_8192_nan_agent_info.csv
[m# ---- Run standalone_ffn_prefill_1_8192_32 ----
Using masking
[0;31mE20250815 08:01:24.539847 140266186606336 output_stream.cpp:105] Opened result file: ./ffn/standalone_ffn_prefill_1_8192_32_kernel_trace.csv
[m[0;31mE20250815 08:01:24.546194 140266186606336 output_stream.cpp:105] Opened result file: ./ffn/standalone_ffn_prefill_1_8192_32_agent_info.csv
[m[0;33mW20250815 08:01:28.723512 140266186606336 tool.cpp:1902] rocprofv3_error_signal_handler caught signal 11...
[m# ---- Run standalone_ffn_prefill_1_8192_64 ----
Using masking
[0;31mE20250815 08:01:58.072283 140440018867968 output_stream.cpp:105] Opened result file: ./ffn/standalone_ffn_prefill_1_8192_64_kernel_trace.csv
[m[0;31mE20250815 08:01:58.078815 140440018867968 output_stream.cpp:105] Opened result file: ./ffn/standalone_ffn_prefill_1_8192_64_agent_info.csv
[m[0;33mW20250815 08:02:02.296059 140440018867968 tool.cpp:1902] rocprofv3_error_signal_handler caught signal 11...
[m# ---- Run standalone_ffn_prefill_1_8192_96 ----
Using masking
[0;31mE20250815 08:02:31.670167 140412224947968 output_stream.cpp:105] Opened result file: ./ffn/standalone_ffn_prefill_1_8192_96_kernel_trace.csv
[m[0;31mE20250815 08:02:31.676404 140412224947968 output_stream.cpp:105] Opened result file: ./ffn/standalone_ffn_prefill_1_8192_96_agent_info.csv
[m[0;33mW20250815 08:02:35.948136 140412224947968 tool.cpp:1902] rocprofv3_error_signal_handler caught signal 11...
[m# ---- Run standalone_ffn_prefill_1_8192_128 ----
Using masking
[0;31mE20250815 08:03:03.750189 139836986963712 output_stream.cpp:105] Opened result file: ./ffn/standalone_ffn_prefill_1_8192_128_kernel_trace.csv
[m[0;31mE20250815 08:03:03.756345 139836986963712 output_stream.cpp:105] Opened result file: ./ffn/standalone_ffn_prefill_1_8192_128_agent_info.csv
[m[0;33mW20250815 08:03:07.760429 139836986963712 tool.cpp:1902] rocprofv3_error_signal_handler caught signal 11...
[m# ---- Run standalone_ffn_prefill_1_8192_160 ----
Using masking
[0;31mE20250815 08:03:35.583281 139982054090496 output_stream.cpp:105] Opened result file: ./ffn/standalone_ffn_prefill_1_8192_160_kernel_trace.csv
[m[0;31mE20250815 08:03:35.589132 139982054090496 output_stream.cpp:105] Opened result file: ./ffn/standalone_ffn_prefill_1_8192_160_agent_info.csv
[m[0;33mW20250815 08:03:39.819113 139982054090496 tool.cpp:1902] rocprofv3_error_signal_handler caught signal 11...
[m# ---- Run standalone_ffn_prefill_2_256_nan ----
[0;31mE20250815 08:04:07.648122 140554646161152 output_stream.cpp:105] Opened result file: ./ffn/standalone_ffn_prefill_2_256_nan_kernel_trace.csv
[m[0;31mE20250815 08:04:07.654268 140554646161152 output_stream.cpp:105] Opened result file: ./ffn/standalone_ffn_prefill_2_256_nan_agent_info.csv
[m# ---- Run standalone_ffn_prefill_2_256_32 ----
Using masking
[0;31mE20250815 08:04:39.092955 140287852943104 output_stream.cpp:105] Opened result file: ./ffn/standalone_ffn_prefill_2_256_32_kernel_trace.csv
[m[0;31mE20250815 08:04:39.099365 140287852943104 output_stream.cpp:105] Opened result file: ./ffn/standalone_ffn_prefill_2_256_32_agent_info.csv
[m[0;33mW20250815 08:04:43.218619 140287852943104 tool.cpp:1902] rocprofv3_error_signal_handler caught signal 11...
[m# ---- Run standalone_ffn_prefill_2_256_64 ----
Using masking
[0;31mE20250815 08:05:10.545507 140678404540160 output_stream.cpp:105] Opened result file: ./ffn/standalone_ffn_prefill_2_256_64_kernel_trace.csv
[m[0;31mE20250815 08:05:10.551615 140678404540160 output_stream.cpp:105] Opened result file: ./ffn/standalone_ffn_prefill_2_256_64_agent_info.csv
[m[0;33mW20250815 08:05:14.626114 140678404540160 tool.cpp:1902] rocprofv3_error_signal_handler caught signal 11...
[m# ---- Run standalone_ffn_prefill_2_256_96 ----
Using masking
[0;31mE20250815 08:05:43.529371 140552669538048 output_stream.cpp:105] Opened result file: ./ffn/standalone_ffn_prefill_2_256_96_kernel_trace.csv
[m[0;31mE20250815 08:05:43.535958 140552669538048 output_stream.cpp:105] Opened result file: ./ffn/standalone_ffn_prefill_2_256_96_agent_info.csv
[m[0;33mW20250815 08:05:47.946316 140552669538048 tool.cpp:1902] rocprofv3_error_signal_handler caught signal 11...
[m# ---- Run standalone_ffn_prefill_2_256_128 ----
Using masking
[0;31mE20250815 08:06:17.281184 139770238658304 output_stream.cpp:105] Opened result file: ./ffn/standalone_ffn_prefill_2_256_128_kernel_trace.csv
[m[0;31mE20250815 08:06:17.287862 139770238658304 output_stream.cpp:105] Opened result file: ./ffn/standalone_ffn_prefill_2_256_128_agent_info.csv
[m[0;33mW20250815 08:06:21.633093 139770238658304 tool.cpp:1902] rocprofv3_error_signal_handler caught signal 11...
[m# ---- Run standalone_ffn_prefill_2_256_160 ----
Using masking
[0;31mE20250815 08:06:51.156924 139907099973376 output_stream.cpp:105] Opened result file: ./ffn/standalone_ffn_prefill_2_256_160_kernel_trace.csv
[m[0;31mE20250815 08:06:51.163593 139907099973376 output_stream.cpp:105] Opened result file: ./ffn/standalone_ffn_prefill_2_256_160_agent_info.csv
[m[0;33mW20250815 08:06:55.633273 139907099973376 tool.cpp:1902] rocprofv3_error_signal_handler caught signal 11...
[m# ---- Run standalone_ffn_prefill_2_512_nan ----
[0;31mE20250815 08:07:24.675549 139841256199936 output_stream.cpp:105] Opened result file: ./ffn/standalone_ffn_prefill_2_512_nan_kernel_trace.csv
[m[0;31mE20250815 08:07:24.681876 139841256199936 output_stream.cpp:105] Opened result file: ./ffn/standalone_ffn_prefill_2_512_nan_agent_info.csv
[m# ---- Run standalone_ffn_prefill_2_512_32 ----
Using masking
[0;31mE20250815 08:07:58.230729 139772805101312 output_stream.cpp:105] Opened result file: ./ffn/standalone_ffn_prefill_2_512_32_kernel_trace.csv
[m[0;31mE20250815 08:07:58.237620 139772805101312 output_stream.cpp:105] Opened result file: ./ffn/standalone_ffn_prefill_2_512_32_agent_info.csv
[m[0;33mW20250815 08:08:02.418980 139772805101312 tool.cpp:1902] rocprofv3_error_signal_handler caught signal 11...
[m# ---- Run standalone_ffn_prefill_2_512_64 ----
Using masking
[0;31mE20250815 08:08:31.300676 140581837088512 output_stream.cpp:105] Opened result file: ./ffn/standalone_ffn_prefill_2_512_64_kernel_trace.csv
[m[0;31mE20250815 08:08:31.306865 140581837088512 output_stream.cpp:105] Opened result file: ./ffn/standalone_ffn_prefill_2_512_64_agent_info.csv
[m[0;33mW20250815 08:08:35.524371 140581837088512 tool.cpp:1902] rocprofv3_error_signal_handler caught signal 11...
[m# ---- Run standalone_ffn_prefill_2_512_96 ----
Using masking
[0;31mE20250815 08:09:03.654089 139692902573824 output_stream.cpp:105] Opened result file: ./ffn/standalone_ffn_prefill_2_512_96_kernel_trace.csv
[m[0;31mE20250815 08:09:03.660365 139692902573824 output_stream.cpp:105] Opened result file: ./ffn/standalone_ffn_prefill_2_512_96_agent_info.csv
[m[0;33mW20250815 08:09:07.888882 139692902573824 tool.cpp:1902] rocprofv3_error_signal_handler caught signal 11...
[m# ---- Run standalone_ffn_prefill_2_512_128 ----
Using masking
[0;31mE20250815 08:09:35.851801 140646394160896 output_stream.cpp:105] Opened result file: ./ffn/standalone_ffn_prefill_2_512_128_kernel_trace.csv
[m[0;31mE20250815 08:09:35.858093 140646394160896 output_stream.cpp:105] Opened result file: ./ffn/standalone_ffn_prefill_2_512_128_agent_info.csv
[m[0;33mW20250815 08:09:40.185706 140646394160896 tool.cpp:1902] rocprofv3_error_signal_handler caught signal 11...
[m# ---- Run standalone_ffn_prefill_2_512_160 ----
Using masking
[0;31mE20250815 08:10:08.297332 140323136620288 output_stream.cpp:105] Opened result file: ./ffn/standalone_ffn_prefill_2_512_160_kernel_trace.csv
[m[0;31mE20250815 08:10:08.303323 140323136620288 output_stream.cpp:105] Opened result file: ./ffn/standalone_ffn_prefill_2_512_160_agent_info.csv
[m[0;33mW20250815 08:10:12.388046 140323136620288 tool.cpp:1902] rocprofv3_error_signal_handler caught signal 11...
[m# ---- Run standalone_ffn_prefill_2_1024_nan ----
[0;31mE20250815 08:10:40.172054 139725887919872 output_stream.cpp:105] Opened result file: ./ffn/standalone_ffn_prefill_2_1024_nan_kernel_trace.csv
[m[0;31mE20250815 08:10:40.178554 139725887919872 output_stream.cpp:105] Opened result file: ./ffn/standalone_ffn_prefill_2_1024_nan_agent_info.csv
[m# ---- Run standalone_ffn_prefill_2_1024_32 ----
Using masking
[0;31mE20250815 08:11:12.776825 140443398452992 output_stream.cpp:105] Opened result file: ./ffn/standalone_ffn_prefill_2_1024_32_kernel_trace.csv
[m[0;31mE20250815 08:11:12.783036 140443398452992 output_stream.cpp:105] Opened result file: ./ffn/standalone_ffn_prefill_2_1024_32_agent_info.csv
[m[0;33mW20250815 08:11:16.897479 140443398452992 tool.cpp:1902] rocprofv3_error_signal_handler caught signal 11...
[m# ---- Run standalone_ffn_prefill_2_1024_64 ----
Using masking
[0;31mE20250815 08:11:46.138039 140213658023680 output_stream.cpp:105] Opened result file: ./ffn/standalone_ffn_prefill_2_1024_64_kernel_trace.csv
[m[0;31mE20250815 08:11:46.144244 140213658023680 output_stream.cpp:105] Opened result file: ./ffn/standalone_ffn_prefill_2_1024_64_agent_info.csv
[m[0;33mW20250815 08:11:50.497931 140213658023680 tool.cpp:1902] rocprofv3_error_signal_handler caught signal 11...
[m# ---- Run standalone_ffn_prefill_2_1024_96 ----
Using masking
[0;31mE20250815 08:12:19.436643 140560827082496 output_stream.cpp:105] Opened result file: ./ffn/standalone_ffn_prefill_2_1024_96_kernel_trace.csv
[m[0;31mE20250815 08:12:19.442915 140560827082496 output_stream.cpp:105] Opened result file: ./ffn/standalone_ffn_prefill_2_1024_96_agent_info.csv
[m[0;33mW20250815 08:12:23.609725 140560827082496 tool.cpp:1902] rocprofv3_error_signal_handler caught signal 11...
[m# ---- Run standalone_ffn_prefill_2_1024_128 ----
Using masking
[0;31mE20250815 08:12:52.533971 140037723961088 output_stream.cpp:105] Opened result file: ./ffn/standalone_ffn_prefill_2_1024_128_kernel_trace.csv
[m[0;31mE20250815 08:12:52.540278 140037723961088 output_stream.cpp:105] Opened result file: ./ffn/standalone_ffn_prefill_2_1024_128_agent_info.csv
[m[0;33mW20250815 08:12:56.718561 140037723961088 tool.cpp:1902] rocprofv3_error_signal_handler caught signal 11...
[m# ---- Run standalone_ffn_prefill_2_1024_160 ----
Using masking
[0;31mE20250815 08:13:25.219439 140410202375936 output_stream.cpp:105] Opened result file: ./ffn/standalone_ffn_prefill_2_1024_160_kernel_trace.csv
[m[0;31mE20250815 08:13:25.225751 140410202375936 output_stream.cpp:105] Opened result file: ./ffn/standalone_ffn_prefill_2_1024_160_agent_info.csv
[m[0;33mW20250815 08:13:29.416522 140410202375936 tool.cpp:1902] rocprofv3_error_signal_handler caught signal 11...
[m# ---- Run standalone_ffn_prefill_2_2048_nan ----
[0;31mE20250815 08:13:57.045608 140169943418624 output_stream.cpp:105] Opened result file: ./ffn/standalone_ffn_prefill_2_2048_nan_kernel_trace.csv
[m[0;31mE20250815 08:13:57.051757 140169943418624 output_stream.cpp:105] Opened result file: ./ffn/standalone_ffn_prefill_2_2048_nan_agent_info.csv
[m# ---- Run standalone_ffn_prefill_2_2048_32 ----
Using masking
[0;31mE20250815 08:14:28.973351 139773927552768 output_stream.cpp:105] Opened result file: ./ffn/standalone_ffn_prefill_2_2048_32_kernel_trace.csv
[m[0;31mE20250815 08:14:28.979554 139773927552768 output_stream.cpp:105] Opened result file: ./ffn/standalone_ffn_prefill_2_2048_32_agent_info.csv
[m[0;33mW20250815 08:14:33.261083 139773927552768 tool.cpp:1902] rocprofv3_error_signal_handler caught signal 11...
[m# ---- Run standalone_ffn_prefill_2_2048_64 ----
Using masking
[0;31mE20250815 08:15:01.668461 140269416224512 output_stream.cpp:105] Opened result file: ./ffn/standalone_ffn_prefill_2_2048_64_kernel_trace.csv
[m[0;31mE20250815 08:15:01.674819 140269416224512 output_stream.cpp:105] Opened result file: ./ffn/standalone_ffn_prefill_2_2048_64_agent_info.csv
[m[0;33mW20250815 08:15:06.096142 140269416224512 tool.cpp:1902] rocprofv3_error_signal_handler caught signal 11...
[m# ---- Run standalone_ffn_prefill_2_2048_96 ----
Using masking
[0;31mE20250815 08:15:34.903171 140618290800384 output_stream.cpp:105] Opened result file: ./ffn/standalone_ffn_prefill_2_2048_96_kernel_trace.csv
[m[0;31mE20250815 08:15:34.909488 140618290800384 output_stream.cpp:105] Opened result file: ./ffn/standalone_ffn_prefill_2_2048_96_agent_info.csv
[m[0;33mW20250815 08:15:38.974516 140618290800384 tool.cpp:1902] rocprofv3_error_signal_handler caught signal 11...
[m# ---- Run standalone_ffn_prefill_2_2048_128 ----
Using masking
[0;31mE20250815 08:16:08.015241 140371776874240 output_stream.cpp:105] Opened result file: ./ffn/standalone_ffn_prefill_2_2048_128_kernel_trace.csv
[m[0;31mE20250815 08:16:08.021646 140371776874240 output_stream.cpp:105] Opened result file: ./ffn/standalone_ffn_prefill_2_2048_128_agent_info.csv
[m[0;33mW20250815 08:16:12.180897 140371776874240 tool.cpp:1902] rocprofv3_error_signal_handler caught signal 11...
[m# ---- Run standalone_ffn_prefill_2_2048_160 ----
Using masking
[0;31mE20250815 08:16:41.584508 140138570995456 output_stream.cpp:105] Opened result file: ./ffn/standalone_ffn_prefill_2_2048_160_kernel_trace.csv
[m[0;31mE20250815 08:16:41.590821 140138570995456 output_stream.cpp:105] Opened result file: ./ffn/standalone_ffn_prefill_2_2048_160_agent_info.csv
[m[0;33mW20250815 08:16:45.729783 140138570995456 tool.cpp:1902] rocprofv3_error_signal_handler caught signal 11...
[m# ---- Run standalone_ffn_prefill_2_4096_nan ----
[0;31mE20250815 08:17:14.530675 140441394677504 output_stream.cpp:105] Opened result file: ./ffn/standalone_ffn_prefill_2_4096_nan_kernel_trace.csv
[m[0;31mE20250815 08:17:14.536891 140441394677504 output_stream.cpp:105] Opened result file: ./ffn/standalone_ffn_prefill_2_4096_nan_agent_info.csv
[m# ---- Run standalone_ffn_prefill_2_4096_32 ----
Using masking
[0;31mE20250815 08:17:47.079809 139701957842688 output_stream.cpp:105] Opened result file: ./ffn/standalone_ffn_prefill_2_4096_32_kernel_trace.csv
[m[0;31mE20250815 08:17:47.086008 139701957842688 output_stream.cpp:105] Opened result file: ./ffn/standalone_ffn_prefill_2_4096_32_agent_info.csv
[m[0;33mW20250815 08:17:51.403664 139701957842688 tool.cpp:1902] rocprofv3_error_signal_handler caught signal 11...
[m# ---- Run standalone_ffn_prefill_2_4096_64 ----
Using masking
[0;31mE20250815 08:18:20.564755 140094224541440 output_stream.cpp:105] Opened result file: ./ffn/standalone_ffn_prefill_2_4096_64_kernel_trace.csv
[m[0;31mE20250815 08:18:20.571054 140094224541440 output_stream.cpp:105] Opened result file: ./ffn/standalone_ffn_prefill_2_4096_64_agent_info.csv
[m[0;33mW20250815 08:18:24.658748 140094224541440 tool.cpp:1902] rocprofv3_error_signal_handler caught signal 11...
[m# ---- Run standalone_ffn_prefill_2_4096_96 ----
Using masking
[0;31mE20250815 08:18:52.143132 140232803460864 output_stream.cpp:105] Opened result file: ./ffn/standalone_ffn_prefill_2_4096_96_kernel_trace.csv
[m[0;31mE20250815 08:18:52.149171 140232803460864 output_stream.cpp:105] Opened result file: ./ffn/standalone_ffn_prefill_2_4096_96_agent_info.csv
[m[0;33mW20250815 08:18:56.232855 140232803460864 tool.cpp:1902] rocprofv3_error_signal_handler caught signal 11...
[m# ---- Run standalone_ffn_prefill_2_4096_128 ----
Using masking
[0;31mE20250815 08:19:23.768148 140467533616896 output_stream.cpp:105] Opened result file: ./ffn/standalone_ffn_prefill_2_4096_128_kernel_trace.csv
[m[0;31mE20250815 08:19:23.774394 140467533616896 output_stream.cpp:105] Opened result file: ./ffn/standalone_ffn_prefill_2_4096_128_agent_info.csv
[m[0;33mW20250815 08:19:28.020382 140467533616896 tool.cpp:1902] rocprofv3_error_signal_handler caught signal 11...
[m# ---- Run standalone_ffn_prefill_2_4096_160 ----
Using masking
[0;31mE20250815 08:19:55.596981 139877197645568 output_stream.cpp:105] Opened result file: ./ffn/standalone_ffn_prefill_2_4096_160_kernel_trace.csv
[m[0;31mE20250815 08:19:55.603081 139877197645568 output_stream.cpp:105] Opened result file: ./ffn/standalone_ffn_prefill_2_4096_160_agent_info.csv
[m[0;33mW20250815 08:19:59.789316 139877197645568 tool.cpp:1902] rocprofv3_error_signal_handler caught signal 11...
[m# ---- Run standalone_ffn_prefill_2_8192_nan ----
[0;31mE20250815 08:20:27.272893 140377581991680 output_stream.cpp:105] Opened result file: ./ffn/standalone_ffn_prefill_2_8192_nan_kernel_trace.csv
[m[0;31mE20250815 08:20:27.279278 140377581991680 output_stream.cpp:105] Opened result file: ./ffn/standalone_ffn_prefill_2_8192_nan_agent_info.csv
[m# ---- Run standalone_ffn_prefill_2_8192_32 ----
Using masking
[0;31mE20250815 08:20:59.039914 140173720422144 output_stream.cpp:105] Opened result file: ./ffn/standalone_ffn_prefill_2_8192_32_kernel_trace.csv
[m[0;31mE20250815 08:20:59.046052 140173720422144 output_stream.cpp:105] Opened result file: ./ffn/standalone_ffn_prefill_2_8192_32_agent_info.csv
[m[0;33mW20250815 08:21:03.449874 140173720422144 tool.cpp:1902] rocprofv3_error_signal_handler caught signal 11...
[m# ---- Run standalone_ffn_prefill_2_8192_64 ----
Using masking
[0;31mE20250815 08:21:30.864253 140091673749248 output_stream.cpp:105] Opened result file: ./ffn/standalone_ffn_prefill_2_8192_64_kernel_trace.csv
[m[0;31mE20250815 08:21:30.870474 140091673749248 output_stream.cpp:105] Opened result file: ./ffn/standalone_ffn_prefill_2_8192_64_agent_info.csv
[m[0;33mW20250815 08:21:34.934061 140091673749248 tool.cpp:1902] rocprofv3_error_signal_handler caught signal 11...
[m# ---- Run standalone_ffn_prefill_2_8192_96 ----
Using masking
[0;31mE20250815 08:22:02.536124 140341169460992 output_stream.cpp:105] Opened result file: ./ffn/standalone_ffn_prefill_2_8192_96_kernel_trace.csv
[m[0;31mE20250815 08:22:02.542236 140341169460992 output_stream.cpp:105] Opened result file: ./ffn/standalone_ffn_prefill_2_8192_96_agent_info.csv
[m[0;33mW20250815 08:22:06.721842 140341169460992 tool.cpp:1902] rocprofv3_error_signal_handler caught signal 11...
[m# ---- Run standalone_ffn_prefill_2_8192_128 ----
Using masking
[0;31mE20250815 08:22:34.963769 140123390306048 output_stream.cpp:105] Opened result file: ./ffn/standalone_ffn_prefill_2_8192_128_kernel_trace.csv
[m[0;31mE20250815 08:22:34.970192 140123390306048 output_stream.cpp:105] Opened result file: ./ffn/standalone_ffn_prefill_2_8192_128_agent_info.csv
[m[0;33mW20250815 08:22:39.344674 140123390306048 tool.cpp:1902] rocprofv3_error_signal_handler caught signal 11...
[m# ---- Run standalone_ffn_prefill_2_8192_160 ----
Using masking
[0;31mE20250815 08:23:07.161073 139726896027392 output_stream.cpp:105] Opened result file: ./ffn/standalone_ffn_prefill_2_8192_160_kernel_trace.csv
[m[0;31mE20250815 08:23:07.167297 139726896027392 output_stream.cpp:105] Opened result file: ./ffn/standalone_ffn_prefill_2_8192_160_agent_info.csv
[m[0;33mW20250815 08:23:11.411044 139726896027392 tool.cpp:1902] rocprofv3_error_signal_handler caught signal 11...
[m# ---- Run standalone_ffn_prefill_4_256_nan ----
[0;31mE20250815 08:23:39.041871 139745658869504 output_stream.cpp:105] Opened result file: ./ffn/standalone_ffn_prefill_4_256_nan_kernel_trace.csv
[m[0;31mE20250815 08:23:39.048230 139745658869504 output_stream.cpp:105] Opened result file: ./ffn/standalone_ffn_prefill_4_256_nan_agent_info.csv
[m# ---- Run standalone_ffn_prefill_4_256_32 ----
Using masking
[0;31mE20250815 08:24:11.029921 139999225095936 output_stream.cpp:105] Opened result file: ./ffn/standalone_ffn_prefill_4_256_32_kernel_trace.csv
[m[0;31mE20250815 08:24:11.036339 139999225095936 output_stream.cpp:105] Opened result file: ./ffn/standalone_ffn_prefill_4_256_32_agent_info.csv
[m[0;33mW20250815 08:24:15.136353 139999225095936 tool.cpp:1902] rocprofv3_error_signal_handler caught signal 11...
[m# ---- Run standalone_ffn_prefill_4_256_64 ----
Using masking
[0;31mE20250815 08:24:43.465747 140184524097280 output_stream.cpp:105] Opened result file: ./ffn/standalone_ffn_prefill_4_256_64_kernel_trace.csv
[m[0;31mE20250815 08:24:43.472252 140184524097280 output_stream.cpp:105] Opened result file: ./ffn/standalone_ffn_prefill_4_256_64_agent_info.csv
[m[0;33mW20250815 08:24:48.119478 140184524097280 tool.cpp:1902] rocprofv3_error_signal_handler caught signal 11...
[m# ---- Run standalone_ffn_prefill_4_256_96 ----
Using masking
[0;31mE20250815 08:25:16.655129 140329872594688 output_stream.cpp:105] Opened result file: ./ffn/standalone_ffn_prefill_4_256_96_kernel_trace.csv
[m[0;31mE20250815 08:25:16.661733 140329872594688 output_stream.cpp:105] Opened result file: ./ffn/standalone_ffn_prefill_4_256_96_agent_info.csv
[m[0;33mW20250815 08:25:20.924929 140329872594688 tool.cpp:1902] rocprofv3_error_signal_handler caught signal 11...
[m# ---- Run standalone_ffn_prefill_4_256_128 ----
Using masking
[0;31mE20250815 08:25:50.384738 140674559362816 output_stream.cpp:105] Opened result file: ./ffn/standalone_ffn_prefill_4_256_128_kernel_trace.csv
[m[0;31mE20250815 08:25:50.391357 140674559362816 output_stream.cpp:105] Opened result file: ./ffn/standalone_ffn_prefill_4_256_128_agent_info.csv
[m[0;33mW20250815 08:25:54.687521 140674559362816 tool.cpp:1902] rocprofv3_error_signal_handler caught signal 11...
[m# ---- Run standalone_ffn_prefill_4_256_160 ----
Using masking
[0;31mE20250815 08:26:23.634240 140105765050112 output_stream.cpp:105] Opened result file: ./ffn/standalone_ffn_prefill_4_256_160_kernel_trace.csv
[m[0;31mE20250815 08:26:23.640416 140105765050112 output_stream.cpp:105] Opened result file: ./ffn/standalone_ffn_prefill_4_256_160_agent_info.csv
[m[0;33mW20250815 08:26:27.729948 140105765050112 tool.cpp:1902] rocprofv3_error_signal_handler caught signal 11...
[m# ---- Run standalone_ffn_prefill_4_512_nan ----
[0;31mE20250815 08:26:57.038493 140185054205696 output_stream.cpp:105] Opened result file: ./ffn/standalone_ffn_prefill_4_512_nan_kernel_trace.csv
[m[0;31mE20250815 08:26:57.044662 140185054205696 output_stream.cpp:105] Opened result file: ./ffn/standalone_ffn_prefill_4_512_nan_agent_info.csv
[m# ---- Run standalone_ffn_prefill_4_512_32 ----
Using masking
[0;31mE20250815 08:27:30.323905 140711915677440 output_stream.cpp:105] Opened result file: ./ffn/standalone_ffn_prefill_4_512_32_kernel_trace.csv
[m[0;31mE20250815 08:27:30.330418 140711915677440 output_stream.cpp:105] Opened result file: ./ffn/standalone_ffn_prefill_4_512_32_agent_info.csv
[m[0;33mW20250815 08:27:34.456831 140711915677440 tool.cpp:1902] rocprofv3_error_signal_handler caught signal 11...
[m# ---- Run standalone_ffn_prefill_4_512_64 ----
Using masking
[0;31mE20250815 08:28:03.801594 139975378044672 output_stream.cpp:105] Opened result file: ./ffn/standalone_ffn_prefill_4_512_64_kernel_trace.csv
[m[0;31mE20250815 08:28:03.807941 139975378044672 output_stream.cpp:105] Opened result file: ./ffn/standalone_ffn_prefill_4_512_64_agent_info.csv
[m[0;33mW20250815 08:28:07.965864 139975378044672 tool.cpp:1902] rocprofv3_error_signal_handler caught signal 11...
[m# ---- Run standalone_ffn_prefill_4_512_96 ----
Using masking
[0;31mE20250815 08:28:37.267138 139904382256896 output_stream.cpp:105] Opened result file: ./ffn/standalone_ffn_prefill_4_512_96_kernel_trace.csv
[m[0;31mE20250815 08:28:37.273993 139904382256896 output_stream.cpp:105] Opened result file: ./ffn/standalone_ffn_prefill_4_512_96_agent_info.csv
[m[0;33mW20250815 08:28:41.681389 139904382256896 tool.cpp:1902] rocprofv3_error_signal_handler caught signal 11...
[m# ---- Run standalone_ffn_prefill_4_512_128 ----
Using masking
[0;31mE20250815 08:29:10.768243 140365268772608 output_stream.cpp:105] Opened result file: ./ffn/standalone_ffn_prefill_4_512_128_kernel_trace.csv
[m[0;31mE20250815 08:29:10.774517 140365268772608 output_stream.cpp:105] Opened result file: ./ffn/standalone_ffn_prefill_4_512_128_agent_info.csv
[m[0;33mW20250815 08:29:14.888551 140365268772608 tool.cpp:1902] rocprofv3_error_signal_handler caught signal 11...
[m# ---- Run standalone_ffn_prefill_4_512_160 ----
Using masking
[0;31mE20250815 08:29:44.199300 140527469831936 output_stream.cpp:105] Opened result file: ./ffn/standalone_ffn_prefill_4_512_160_kernel_trace.csv
[m[0;31mE20250815 08:29:44.205614 140527469831936 output_stream.cpp:105] Opened result file: ./ffn/standalone_ffn_prefill_4_512_160_agent_info.csv
[m[0;33mW20250815 08:29:48.563012 140527469831936 tool.cpp:1902] rocprofv3_error_signal_handler caught signal 11...
[m# ---- Run standalone_ffn_prefill_4_1024_nan ----
[0;31mE20250815 08:30:18.214076 140220224239360 output_stream.cpp:105] Opened result file: ./ffn/standalone_ffn_prefill_4_1024_nan_kernel_trace.csv
[m[0;31mE20250815 08:30:18.220506 140220224239360 output_stream.cpp:105] Opened result file: ./ffn/standalone_ffn_prefill_4_1024_nan_agent_info.csv
[m# ---- Run standalone_ffn_prefill_4_1024_32 ----
Using masking
[0;31mE20250815 08:30:50.759735 140277883336448 output_stream.cpp:105] Opened result file: ./ffn/standalone_ffn_prefill_4_1024_32_kernel_trace.csv
[m[0;31mE20250815 08:30:50.765921 140277883336448 output_stream.cpp:105] Opened result file: ./ffn/standalone_ffn_prefill_4_1024_32_agent_info.csv
[m[0;33mW20250815 08:30:54.833553 140277883336448 tool.cpp:1902] rocprofv3_error_signal_handler caught signal 11...
[m# ---- Run standalone_ffn_prefill_4_1024_64 ----
Using masking
[0;31mE20250815 08:31:21.812270 140144788764416 output_stream.cpp:105] Opened result file: ./ffn/standalone_ffn_prefill_4_1024_64_kernel_trace.csv
[m[0;31mE20250815 08:31:21.818246 140144788764416 output_stream.cpp:105] Opened result file: ./ffn/standalone_ffn_prefill_4_1024_64_agent_info.csv
[m[0;33mW20250815 08:31:25.687189 140144788764416 tool.cpp:1902] rocprofv3_error_signal_handler caught signal 11...
[m# ---- Run standalone_ffn_prefill_4_1024_96 ----
Using masking
[0;31mE20250815 08:31:53.328988 139806114342656 output_stream.cpp:105] Opened result file: ./ffn/standalone_ffn_prefill_4_1024_96_kernel_trace.csv
[m[0;31mE20250815 08:31:53.334900 139806114342656 output_stream.cpp:105] Opened result file: ./ffn/standalone_ffn_prefill_4_1024_96_agent_info.csv
[m[0;33mW20250815 08:31:57.305876 139806114342656 tool.cpp:1902] rocprofv3_error_signal_handler caught signal 11...
[m# ---- Run standalone_ffn_prefill_4_1024_128 ----
Using masking
[0;31mE20250815 08:32:24.416166 140219917940480 output_stream.cpp:105] Opened result file: ./ffn/standalone_ffn_prefill_4_1024_128_kernel_trace.csv
[m[0;31mE20250815 08:32:24.422475 140219917940480 output_stream.cpp:105] Opened result file: ./ffn/standalone_ffn_prefill_4_1024_128_agent_info.csv
[m[0;33mW20250815 08:32:28.517511 140219917940480 tool.cpp:1902] rocprofv3_error_signal_handler caught signal 11...
[m# ---- Run standalone_ffn_prefill_4_1024_160 ----
Using masking
[0;31mE20250815 08:32:56.455601 140069042181888 output_stream.cpp:105] Opened result file: ./ffn/standalone_ffn_prefill_4_1024_160_kernel_trace.csv
[m[0;31mE20250815 08:32:56.461979 140069042181888 output_stream.cpp:105] Opened result file: ./ffn/standalone_ffn_prefill_4_1024_160_agent_info.csv
[m[0;33mW20250815 08:33:00.770622 140069042181888 tool.cpp:1902] rocprofv3_error_signal_handler caught signal 11...
[m# ---- Run standalone_ffn_prefill_4_2048_nan ----
[0;31mE20250815 08:33:28.572117 140099820250880 output_stream.cpp:105] Opened result file: ./ffn/standalone_ffn_prefill_4_2048_nan_kernel_trace.csv
[m[0;31mE20250815 08:33:28.578327 140099820250880 output_stream.cpp:105] Opened result file: ./ffn/standalone_ffn_prefill_4_2048_nan_agent_info.csv
[m# ---- Run standalone_ffn_prefill_4_2048_32 ----
Using masking
[0;31mE20250815 08:34:01.015677 140208030209792 output_stream.cpp:105] Opened result file: ./ffn/standalone_ffn_prefill_4_2048_32_kernel_trace.csv
[m[0;31mE20250815 08:34:01.022219 140208030209792 output_stream.cpp:105] Opened result file: ./ffn/standalone_ffn_prefill_4_2048_32_agent_info.csv
[m[0;33mW20250815 08:34:05.238660 140208030209792 tool.cpp:1902] rocprofv3_error_signal_handler caught signal 11...
[m# ---- Run standalone_ffn_prefill_4_2048_64 ----
Using masking
[0;31mE20250815 08:34:33.105846 139707362363136 output_stream.cpp:105] Opened result file: ./ffn/standalone_ffn_prefill_4_2048_64_kernel_trace.csv
[m[0;31mE20250815 08:34:33.111870 139707362363136 output_stream.cpp:105] Opened result file: ./ffn/standalone_ffn_prefill_4_2048_64_agent_info.csv
[m[0;33mW20250815 08:34:37.054029 139707362363136 tool.cpp:1902] rocprofv3_error_signal_handler caught signal 11...
[m# ---- Run standalone_ffn_prefill_4_2048_96 ----
Using masking
[0;31mE20250815 08:35:05.072760 139754993796864 output_stream.cpp:105] Opened result file: ./ffn/standalone_ffn_prefill_4_2048_96_kernel_trace.csv
[m[0;31mE20250815 08:35:05.078541 139754993796864 output_stream.cpp:105] Opened result file: ./ffn/standalone_ffn_prefill_4_2048_96_agent_info.csv
[m[0;33mW20250815 08:35:08.883726 139754993796864 tool.cpp:1902] rocprofv3_error_signal_handler caught signal 11...
[m# ---- Run standalone_ffn_prefill_4_2048_128 ----
Using masking
[0;31mE20250815 08:35:36.612311 140500695136000 output_stream.cpp:105] Opened result file: ./ffn/standalone_ffn_prefill_4_2048_128_kernel_trace.csv
[m[0;31mE20250815 08:35:36.618252 140500695136000 output_stream.cpp:105] Opened result file: ./ffn/standalone_ffn_prefill_4_2048_128_agent_info.csv
[m[0;33mW20250815 08:35:40.592898 140500695136000 tool.cpp:1902] rocprofv3_error_signal_handler caught signal 11...
[m# ---- Run standalone_ffn_prefill_4_2048_160 ----
Using masking
[0;31mE20250815 08:36:08.420693 140655945983744 output_stream.cpp:105] Opened result file: ./ffn/standalone_ffn_prefill_4_2048_160_kernel_trace.csv
[m[0;31mE20250815 08:36:08.426568 140655945983744 output_stream.cpp:105] Opened result file: ./ffn/standalone_ffn_prefill_4_2048_160_agent_info.csv
[m[0;33mW20250815 08:36:12.475604 140655945983744 tool.cpp:1902] rocprofv3_error_signal_handler caught signal 11...
[m# ---- Run standalone_ffn_prefill_4_4096_nan ----
[0;31mE20250815 08:36:40.594854 139989374560000 output_stream.cpp:105] Opened result file: ./ffn/standalone_ffn_prefill_4_4096_nan_kernel_trace.csv
[m[0;31mE20250815 08:36:40.601223 139989374560000 output_stream.cpp:105] Opened result file: ./ffn/standalone_ffn_prefill_4_4096_nan_agent_info.csv
[m# ---- Run standalone_ffn_prefill_4_4096_32 ----
Using masking
[0;31mE20250815 08:37:12.389174 140014127449856 output_stream.cpp:105] Opened result file: ./ffn/standalone_ffn_prefill_4_4096_32_kernel_trace.csv
[m[0;31mE20250815 08:37:12.394760 140014127449856 output_stream.cpp:105] Opened result file: ./ffn/standalone_ffn_prefill_4_4096_32_agent_info.csv
[m[0;33mW20250815 08:37:16.199964 140014127449856 tool.cpp:1902] rocprofv3_error_signal_handler caught signal 11...
[m# ---- Run standalone_ffn_prefill_4_4096_64 ----
Using masking
[0;31mE20250815 08:37:44.534280 140337546372864 output_stream.cpp:105] Opened result file: ./ffn/standalone_ffn_prefill_4_4096_64_kernel_trace.csv
[m[0;31mE20250815 08:37:44.540675 140337546372864 output_stream.cpp:105] Opened result file: ./ffn/standalone_ffn_prefill_4_4096_64_agent_info.csv
[m[0;33mW20250815 08:37:49.033655 140337546372864 tool.cpp:1902] rocprofv3_error_signal_handler caught signal 11...
[m# ---- Run standalone_ffn_prefill_4_4096_96 ----
Using masking
[0;31mE20250815 08:38:19.399974 139896427435776 output_stream.cpp:105] Opened result file: ./ffn/standalone_ffn_prefill_4_4096_96_kernel_trace.csv
[m[0;31mE20250815 08:38:19.407671 139896427435776 output_stream.cpp:105] Opened result file: ./ffn/standalone_ffn_prefill_4_4096_96_agent_info.csv
[m[0;33mW20250815 08:38:23.861147 139896427435776 tool.cpp:1902] rocprofv3_error_signal_handler caught signal 11...
[m# ---- Run standalone_ffn_prefill_4_4096_128 ----
Using masking
[0;31mE20250815 08:38:52.599923 139731939944192 output_stream.cpp:105] Opened result file: ./ffn/standalone_ffn_prefill_4_4096_128_kernel_trace.csv
[m[0;31mE20250815 08:38:52.607320 139731939944192 output_stream.cpp:105] Opened result file: ./ffn/standalone_ffn_prefill_4_4096_128_agent_info.csv
[m[0;33mW20250815 08:38:57.259940 139731939944192 tool.cpp:1902] rocprofv3_error_signal_handler caught signal 11...
[m# ---- Run standalone_ffn_prefill_4_4096_160 ----
Using masking
[0;31mE20250815 08:39:25.154743 140458231203584 output_stream.cpp:105] Opened result file: ./ffn/standalone_ffn_prefill_4_4096_160_kernel_trace.csv
[m[0;31mE20250815 08:39:25.161028 140458231203584 output_stream.cpp:105] Opened result file: ./ffn/standalone_ffn_prefill_4_4096_160_agent_info.csv
[m[0;33mW20250815 08:39:29.304025 140458231203584 tool.cpp:1902] rocprofv3_error_signal_handler caught signal 11...
[m# ---- Run standalone_ffn_prefill_4_8192_nan ----
[0;31mE20250815 08:39:57.660410 140250976732928 output_stream.cpp:105] Opened result file: ./ffn/standalone_ffn_prefill_4_8192_nan_kernel_trace.csv
[m[0;31mE20250815 08:39:57.666518 140250976732928 output_stream.cpp:105] Opened result file: ./ffn/standalone_ffn_prefill_4_8192_nan_agent_info.csv
[m# ---- Run standalone_ffn_prefill_4_8192_32 ----
Using masking
[0;31mE20250815 08:40:31.123990 140696450385664 output_stream.cpp:105] Opened result file: ./ffn/standalone_ffn_prefill_4_8192_32_kernel_trace.csv
[m[0;31mE20250815 08:40:31.130197 140696450385664 output_stream.cpp:105] Opened result file: ./ffn/standalone_ffn_prefill_4_8192_32_agent_info.csv
[m[0;33mW20250815 08:40:35.316871 140696450385664 tool.cpp:1902] rocprofv3_error_signal_handler caught signal 11...
[m# ---- Run standalone_ffn_prefill_4_8192_64 ----
Using masking
[0;31mE20250815 08:41:04.306160 139669248292608 output_stream.cpp:105] Opened result file: ./ffn/standalone_ffn_prefill_4_8192_64_kernel_trace.csv
[m[0;31mE20250815 08:41:04.312241 139669248292608 output_stream.cpp:105] Opened result file: ./ffn/standalone_ffn_prefill_4_8192_64_agent_info.csv
[m[0;33mW20250815 08:41:08.600389 139669248292608 tool.cpp:1902] rocprofv3_error_signal_handler caught signal 11...
[m# ---- Run standalone_ffn_prefill_4_8192_96 ----
Using masking
[0;31mE20250815 08:41:37.260593 140633999369984 output_stream.cpp:105] Opened result file: ./ffn/standalone_ffn_prefill_4_8192_96_kernel_trace.csv
[m[0;31mE20250815 08:41:37.267932 140633999369984 output_stream.cpp:105] Opened result file: ./ffn/standalone_ffn_prefill_4_8192_96_agent_info.csv
[m[0;33mW20250815 08:41:41.447554 140633999369984 tool.cpp:1902] rocprofv3_error_signal_handler caught signal 11...
[m# ---- Run standalone_ffn_prefill_4_8192_128 ----
Using masking
[0;31mE20250815 08:42:10.383994 140678333372160 output_stream.cpp:105] Opened result file: ./ffn/standalone_ffn_prefill_4_8192_128_kernel_trace.csv
[m[0;31mE20250815 08:42:10.390121 140678333372160 output_stream.cpp:105] Opened result file: ./ffn/standalone_ffn_prefill_4_8192_128_agent_info.csv
[m[0;33mW20250815 08:42:14.679543 140678333372160 tool.cpp:1902] rocprofv3_error_signal_handler caught signal 11...
[m# ---- Run standalone_ffn_prefill_4_8192_160 ----
Using masking
[0;31mE20250815 08:42:43.848215 140083001521920 output_stream.cpp:105] Opened result file: ./ffn/standalone_ffn_prefill_4_8192_160_kernel_trace.csv
[m[0;31mE20250815 08:42:43.854585 140083001521920 output_stream.cpp:105] Opened result file: ./ffn/standalone_ffn_prefill_4_8192_160_agent_info.csv
[m[0;33mW20250815 08:42:48.359740 140083001521920 tool.cpp:1902] rocprofv3_error_signal_handler caught signal 11...
[m# ---- Run standalone_ffn_prefill_8_256_nan ----
[0;31mE20250815 08:43:17.071718 139946967037696 output_stream.cpp:105] Opened result file: ./ffn/standalone_ffn_prefill_8_256_nan_kernel_trace.csv
[m[0;31mE20250815 08:43:17.077786 139946967037696 output_stream.cpp:105] Opened result file: ./ffn/standalone_ffn_prefill_8_256_nan_agent_info.csv
[m# ---- Run standalone_ffn_prefill_8_256_32 ----
Using masking
[0;31mE20250815 08:43:50.447235 139656660477696 output_stream.cpp:105] Opened result file: ./ffn/standalone_ffn_prefill_8_256_32_kernel_trace.csv
[m[0;31mE20250815 08:43:50.453423 139656660477696 output_stream.cpp:105] Opened result file: ./ffn/standalone_ffn_prefill_8_256_32_agent_info.csv
[m[0;33mW20250815 08:43:54.731854 139656660477696 tool.cpp:1902] rocprofv3_error_signal_handler caught signal 11...
[m# ---- Run standalone_ffn_prefill_8_256_64 ----
Using masking
[0;31mE20250815 08:44:23.794847 140212126234368 output_stream.cpp:105] Opened result file: ./ffn/standalone_ffn_prefill_8_256_64_kernel_trace.csv
[m[0;31mE20250815 08:44:23.801383 140212126234368 output_stream.cpp:105] Opened result file: ./ffn/standalone_ffn_prefill_8_256_64_agent_info.csv
[m[0;33mW20250815 08:44:27.994024 140212126234368 tool.cpp:1902] rocprofv3_error_signal_handler caught signal 11...
[m# ---- Run standalone_ffn_prefill_8_256_96 ----
Using masking
[0;31mE20250815 08:44:57.148819 140000985663232 output_stream.cpp:105] Opened result file: ./ffn/standalone_ffn_prefill_8_256_96_kernel_trace.csv
[m[0;31mE20250815 08:44:57.156954 140000985663232 output_stream.cpp:105] Opened result file: ./ffn/standalone_ffn_prefill_8_256_96_agent_info.csv
[m[0;33mW20250815 08:45:01.318138 140000985663232 tool.cpp:1902] rocprofv3_error_signal_handler caught signal 11...
[m# ---- Run standalone_ffn_prefill_8_256_128 ----
Using masking
[0;31mE20250815 08:45:30.499222 139856562681600 output_stream.cpp:105] Opened result file: ./ffn/standalone_ffn_prefill_8_256_128_kernel_trace.csv
[m[0;31mE20250815 08:45:30.505859 139856562681600 output_stream.cpp:105] Opened result file: ./ffn/standalone_ffn_prefill_8_256_128_agent_info.csv
[m[0;33mW20250815 08:45:34.948287 139856562681600 tool.cpp:1902] rocprofv3_error_signal_handler caught signal 11...
[m# ---- Run standalone_ffn_prefill_8_256_160 ----
Using masking
[0;31mE20250815 08:46:04.748605 139766110308096 output_stream.cpp:105] Opened result file: ./ffn/standalone_ffn_prefill_8_256_160_kernel_trace.csv
[m[0;31mE20250815 08:46:04.755082 139766110308096 output_stream.cpp:105] Opened result file: ./ffn/standalone_ffn_prefill_8_256_160_agent_info.csv
[m[0;33mW20250815 08:46:09.367319 139766110308096 tool.cpp:1902] rocprofv3_error_signal_handler caught signal 11...
[m# ---- Run standalone_ffn_prefill_8_512_nan ----
[0;31mE20250815 08:46:39.051010 140278230783744 output_stream.cpp:105] Opened result file: ./ffn/standalone_ffn_prefill_8_512_nan_kernel_trace.csv
[m[0;31mE20250815 08:46:39.057449 140278230783744 output_stream.cpp:105] Opened result file: ./ffn/standalone_ffn_prefill_8_512_nan_agent_info.csv
[m# ---- Run standalone_ffn_prefill_8_512_32 ----
Using masking
[0;31mE20250815 08:47:11.423281 139924559980288 output_stream.cpp:105] Opened result file: ./ffn/standalone_ffn_prefill_8_512_32_kernel_trace.csv
[m[0;31mE20250815 08:47:11.429277 139924559980288 output_stream.cpp:105] Opened result file: ./ffn/standalone_ffn_prefill_8_512_32_agent_info.csv
[m[0;33mW20250815 08:47:15.269105 139924559980288 tool.cpp:1902] rocprofv3_error_signal_handler caught signal 11...
[m# ---- Run standalone_ffn_prefill_8_512_64 ----
Using masking
[0;31mE20250815 08:47:42.260137 139883328714496 output_stream.cpp:105] Opened result file: ./ffn/standalone_ffn_prefill_8_512_64_kernel_trace.csv
[m[0;31mE20250815 08:47:42.266123 139883328714496 output_stream.cpp:105] Opened result file: ./ffn/standalone_ffn_prefill_8_512_64_agent_info.csv
[m[0;33mW20250815 08:47:46.223521 139883328714496 tool.cpp:1902] rocprofv3_error_signal_handler caught signal 11...
[m# ---- Run standalone_ffn_prefill_8_512_96 ----
Using masking
[0;31mE20250815 08:48:12.995380 139714370684672 output_stream.cpp:105] Opened result file: ./ffn/standalone_ffn_prefill_8_512_96_kernel_trace.csv
[m[0;31mE20250815 08:48:13.001257 139714370684672 output_stream.cpp:105] Opened result file: ./ffn/standalone_ffn_prefill_8_512_96_agent_info.csv
[m[0;33mW20250815 08:48:17.055697 139714370684672 tool.cpp:1902] rocprofv3_error_signal_handler caught signal 11...
[m# ---- Run standalone_ffn_prefill_8_512_128 ----
Using masking
[0;31mE20250815 08:48:44.057142 140271722530560 output_stream.cpp:105] Opened result file: ./ffn/standalone_ffn_prefill_8_512_128_kernel_trace.csv
[m[0;31mE20250815 08:48:44.062965 140271722530560 output_stream.cpp:105] Opened result file: ./ffn/standalone_ffn_prefill_8_512_128_agent_info.csv
[m[0;33mW20250815 08:48:47.890627 140271722530560 tool.cpp:1902] rocprofv3_error_signal_handler caught signal 11...
[m# ---- Run standalone_ffn_prefill_8_512_160 ----
Using masking
[0;31mE20250815 08:49:14.886141 140307776907008 output_stream.cpp:105] Opened result file: ./ffn/standalone_ffn_prefill_8_512_160_kernel_trace.csv
[m[0;31mE20250815 08:49:14.891975 140307776907008 output_stream.cpp:105] Opened result file: ./ffn/standalone_ffn_prefill_8_512_160_agent_info.csv
[m[0;33mW20250815 08:49:18.819700 140307776907008 tool.cpp:1902] rocprofv3_error_signal_handler caught signal 11...
[m# ---- Run standalone_ffn_prefill_8_1024_nan ----
[0;31mE20250815 08:49:46.274502 140546353010432 output_stream.cpp:105] Opened result file: ./ffn/standalone_ffn_prefill_8_1024_nan_kernel_trace.csv
[m[0;31mE20250815 08:49:46.281037 140546353010432 output_stream.cpp:105] Opened result file: ./ffn/standalone_ffn_prefill_8_1024_nan_agent_info.csv
[m# ---- Run standalone_ffn_prefill_8_1024_32 ----
Using masking
[0;31mE20250815 08:50:17.357524 139635749070592 output_stream.cpp:105] Opened result file: ./ffn/standalone_ffn_prefill_8_1024_32_kernel_trace.csv
[m[0;31mE20250815 08:50:17.363722 139635749070592 output_stream.cpp:105] Opened result file: ./ffn/standalone_ffn_prefill_8_1024_32_agent_info.csv
[m[0;33mW20250815 08:50:21.217718 139635749070592 tool.cpp:1902] rocprofv3_error_signal_handler caught signal 11...
[m# ---- Run standalone_ffn_prefill_8_1024_64 ----
Using masking
[0;31mE20250815 08:50:48.595285 139947410552576 output_stream.cpp:105] Opened result file: ./ffn/standalone_ffn_prefill_8_1024_64_kernel_trace.csv
[m[0;31mE20250815 08:50:48.601031 139947410552576 output_stream.cpp:105] Opened result file: ./ffn/standalone_ffn_prefill_8_1024_64_agent_info.csv
[m[0;33mW20250815 08:50:52.507211 139947410552576 tool.cpp:1902] rocprofv3_error_signal_handler caught signal 11...
[m# ---- Run standalone_ffn_prefill_8_1024_96 ----
Using masking
[0;31mE20250815 08:51:22.004579 140302495717120 output_stream.cpp:105] Opened result file: ./ffn/standalone_ffn_prefill_8_1024_96_kernel_trace.csv
[m[0;31mE20250815 08:51:22.011160 140302495717120 output_stream.cpp:105] Opened result file: ./ffn/standalone_ffn_prefill_8_1024_96_agent_info.csv
[m[0;33mW20250815 08:51:26.360086 140302495717120 tool.cpp:1902] rocprofv3_error_signal_handler caught signal 11...
[m# ---- Run standalone_ffn_prefill_8_1024_128 ----
Using masking
[0;31mE20250815 08:51:54.752355 140641645971200 output_stream.cpp:105] Opened result file: ./ffn/standalone_ffn_prefill_8_1024_128_kernel_trace.csv
[m[0;31mE20250815 08:51:54.758665 140641645971200 output_stream.cpp:105] Opened result file: ./ffn/standalone_ffn_prefill_8_1024_128_agent_info.csv
[m[0;33mW20250815 08:51:58.751235 140641645971200 tool.cpp:1902] rocprofv3_error_signal_handler caught signal 11...
[m# ---- Run standalone_ffn_prefill_8_1024_160 ----
Using masking
[0;31mE20250815 08:52:25.792672 140604679370496 output_stream.cpp:105] Opened result file: ./ffn/standalone_ffn_prefill_8_1024_160_kernel_trace.csv
[m[0;31mE20250815 08:52:25.798729 140604679370496 output_stream.cpp:105] Opened result file: ./ffn/standalone_ffn_prefill_8_1024_160_agent_info.csv
[m[0;33mW20250815 08:52:29.616226 140604679370496 tool.cpp:1902] rocprofv3_error_signal_handler caught signal 11...
[m# ---- Run standalone_ffn_prefill_8_2048_nan ----
[0;31mE20250815 08:52:56.901675 140109857527552 output_stream.cpp:105] Opened result file: ./ffn/standalone_ffn_prefill_8_2048_nan_kernel_trace.csv
[m[0;31mE20250815 08:52:56.908253 140109857527552 output_stream.cpp:105] Opened result file: ./ffn/standalone_ffn_prefill_8_2048_nan_agent_info.csv
[m# ---- Run standalone_ffn_prefill_8_2048_32 ----
Using masking
[0;31mE20250815 08:53:28.021374 139735092971264 output_stream.cpp:105] Opened result file: ./ffn/standalone_ffn_prefill_8_2048_32_kernel_trace.csv
[m[0;31mE20250815 08:53:28.027789 139735092971264 output_stream.cpp:105] Opened result file: ./ffn/standalone_ffn_prefill_8_2048_32_agent_info.csv
[m[0;33mW20250815 08:53:32.188959 139735092971264 tool.cpp:1902] rocprofv3_error_signal_handler caught signal 11...
[m# ---- Run standalone_ffn_prefill_8_2048_64 ----
Using masking
[0;31mE20250815 08:53:59.649134 139841282299648 output_stream.cpp:105] Opened result file: ./ffn/standalone_ffn_prefill_8_2048_64_kernel_trace.csv
[m[0;31mE20250815 08:53:59.655806 139841282299648 output_stream.cpp:105] Opened result file: ./ffn/standalone_ffn_prefill_8_2048_64_agent_info.csv
[m[0;33mW20250815 08:54:03.546089 139841282299648 tool.cpp:1902] rocprofv3_error_signal_handler caught signal 11...
[m# ---- Run standalone_ffn_prefill_8_2048_96 ----
Using masking
[0;31mE20250815 08:54:30.514311 139639373346560 output_stream.cpp:105] Opened result file: ./ffn/standalone_ffn_prefill_8_2048_96_kernel_trace.csv
[m[0;31mE20250815 08:54:30.520037 139639373346560 output_stream.cpp:105] Opened result file: ./ffn/standalone_ffn_prefill_8_2048_96_agent_info.csv
[m[0;33mW20250815 08:54:34.353715 139639373346560 tool.cpp:1902] rocprofv3_error_signal_handler caught signal 11...
[m# ---- Run standalone_ffn_prefill_8_2048_128 ----
Using masking
[0;31mE20250815 08:55:03.278439 140023464494848 output_stream.cpp:105] Opened result file: ./ffn/standalone_ffn_prefill_8_2048_128_kernel_trace.csv
[m[0;31mE20250815 08:55:03.285671 140023464494848 output_stream.cpp:105] Opened result file: ./ffn/standalone_ffn_prefill_8_2048_128_agent_info.csv
[m[0;33mW20250815 08:55:07.857988 140023464494848 tool.cpp:1902] rocprofv3_error_signal_handler caught signal 11...
[m# ---- Run standalone_ffn_prefill_8_2048_160 ----
Using masking
[0;31mE20250815 08:55:36.938263 139761371465472 output_stream.cpp:105] Opened result file: ./ffn/standalone_ffn_prefill_8_2048_160_kernel_trace.csv
[m[0;31mE20250815 08:55:36.944424 139761371465472 output_stream.cpp:105] Opened result file: ./ffn/standalone_ffn_prefill_8_2048_160_agent_info.csv
[m[0;33mW20250815 08:55:41.032811 139761371465472 tool.cpp:1902] rocprofv3_error_signal_handler caught signal 11...
[m# ---- Run standalone_ffn_prefill_8_4096_nan ----
[0;31mE20250815 08:56:08.874163 139662991107840 output_stream.cpp:105] Opened result file: ./ffn/standalone_ffn_prefill_8_4096_nan_kernel_trace.csv
[m[0;31mE20250815 08:56:08.880440 139662991107840 output_stream.cpp:105] Opened result file: ./ffn/standalone_ffn_prefill_8_4096_nan_agent_info.csv
[m# ---- Run standalone_ffn_prefill_8_4096_32 ----
Using masking
[0;31mE20250815 08:56:40.543780 140165843093248 output_stream.cpp:105] Opened result file: ./ffn/standalone_ffn_prefill_8_4096_32_kernel_trace.csv
[m[0;31mE20250815 08:56:40.550377 140165843093248 output_stream.cpp:105] Opened result file: ./ffn/standalone_ffn_prefill_8_4096_32_agent_info.csv
[m[0;33mW20250815 08:56:44.925563 140165843093248 tool.cpp:1902] rocprofv3_error_signal_handler caught signal 11...
[m# ---- Run standalone_ffn_prefill_8_4096_64 ----
Using masking
[0;31mE20250815 08:57:12.282770 139703337801472 output_stream.cpp:105] Opened result file: ./ffn/standalone_ffn_prefill_8_4096_64_kernel_trace.csv
[m[0;31mE20250815 08:57:12.288553 139703337801472 output_stream.cpp:105] Opened result file: ./ffn/standalone_ffn_prefill_8_4096_64_agent_info.csv
[m[0;33mW20250815 08:57:16.204910 139703337801472 tool.cpp:1902] rocprofv3_error_signal_handler caught signal 11...
[m# ---- Run standalone_ffn_prefill_8_4096_96 ----
Using masking
[0;31mE20250815 08:57:43.328673 139773585942272 output_stream.cpp:105] Opened result file: ./ffn/standalone_ffn_prefill_8_4096_96_kernel_trace.csv
[m[0;31mE20250815 08:57:43.334416 139773585942272 output_stream.cpp:105] Opened result file: ./ffn/standalone_ffn_prefill_8_4096_96_agent_info.csv
[m[0;33mW20250815 08:57:47.154263 139773585942272 tool.cpp:1902] rocprofv3_error_signal_handler caught signal 11...
[m# ---- Run standalone_ffn_prefill_8_4096_128 ----
Using masking
[0;31mE20250815 08:58:15.486877 140352590550784 output_stream.cpp:105] Opened result file: ./ffn/standalone_ffn_prefill_8_4096_128_kernel_trace.csv
[m[0;31mE20250815 08:58:15.493354 140352590550784 output_stream.cpp:105] Opened result file: ./ffn/standalone_ffn_prefill_8_4096_128_agent_info.csv
[m[0;33mW20250815 08:58:19.859687 140352590550784 tool.cpp:1902] rocprofv3_error_signal_handler caught signal 11...
[m# ---- Run standalone_ffn_prefill_8_4096_160 ----
Using masking
[0;31mE20250815 08:58:50.193402 139847217411840 output_stream.cpp:105] Opened result file: ./ffn/standalone_ffn_prefill_8_4096_160_kernel_trace.csv
[m[0;31mE20250815 08:58:50.199715 139847217411840 output_stream.cpp:105] Opened result file: ./ffn/standalone_ffn_prefill_8_4096_160_agent_info.csv
[m[0;33mW20250815 08:58:54.430257 139847217411840 tool.cpp:1902] rocprofv3_error_signal_handler caught signal 11...
[m# ---- Run standalone_ffn_prefill_8_8192_nan ----
[0;31mE20250815 08:59:23.240948 140112496199424 output_stream.cpp:105] Opened result file: ./ffn/standalone_ffn_prefill_8_8192_nan_kernel_trace.csv
[m[0;31mE20250815 08:59:23.246836 140112496199424 output_stream.cpp:105] Opened result file: ./ffn/standalone_ffn_prefill_8_8192_nan_agent_info.csv
[m# ---- Run standalone_ffn_prefill_8_8192_32 ----
Using masking
[0;31mE20250815 08:59:54.425446 140172604540672 output_stream.cpp:105] Opened result file: ./ffn/standalone_ffn_prefill_8_8192_32_kernel_trace.csv
[m[0;31mE20250815 08:59:54.431285 140172604540672 output_stream.cpp:105] Opened result file: ./ffn/standalone_ffn_prefill_8_8192_32_agent_info.csv
[m[0;33mW20250815 08:59:58.307455 140172604540672 tool.cpp:1902] rocprofv3_error_signal_handler caught signal 11...
[m# ---- Run standalone_ffn_prefill_8_8192_64 ----
Using masking
[0;31mE20250815 09:00:25.842854 140440197781248 output_stream.cpp:105] Opened result file: ./ffn/standalone_ffn_prefill_8_8192_64_kernel_trace.csv
[m[0;31mE20250815 09:00:25.848875 140440197781248 output_stream.cpp:105] Opened result file: ./ffn/standalone_ffn_prefill_8_8192_64_agent_info.csv
[m[0;33mW20250815 09:00:29.701355 140440197781248 tool.cpp:1902] rocprofv3_error_signal_handler caught signal 11...
[m# ---- Run standalone_ffn_prefill_8_8192_96 ----
Using masking
[0;31mE20250815 09:00:56.797468 139975120205568 output_stream.cpp:105] Opened result file: ./ffn/standalone_ffn_prefill_8_8192_96_kernel_trace.csv
[m[0;31mE20250815 09:00:56.803602 139975120205568 output_stream.cpp:105] Opened result file: ./ffn/standalone_ffn_prefill_8_8192_96_agent_info.csv
[m[0;33mW20250815 09:01:00.665988 139975120205568 tool.cpp:1902] rocprofv3_error_signal_handler caught signal 11...
[m# ---- Run standalone_ffn_prefill_8_8192_128 ----
Using masking
[0;31mE20250815 09:01:27.915039 140000865429248 output_stream.cpp:105] Opened result file: ./ffn/standalone_ffn_prefill_8_8192_128_kernel_trace.csv
[m[0;31mE20250815 09:01:27.920264 140000865429248 output_stream.cpp:105] Opened result file: ./ffn/standalone_ffn_prefill_8_8192_128_agent_info.csv
[m[0;33mW20250815 09:01:31.738484 140000865429248 tool.cpp:1902] rocprofv3_error_signal_handler caught signal 11...
[m# ---- Run standalone_ffn_prefill_8_8192_160 ----
Using masking
[0;31mE20250815 09:01:59.274261 139697476773632 output_stream.cpp:105] Opened result file: ./ffn/standalone_ffn_prefill_8_8192_160_kernel_trace.csv
[m[0;31mE20250815 09:01:59.280519 139697476773632 output_stream.cpp:105] Opened result file: ./ffn/standalone_ffn_prefill_8_8192_160_agent_info.csv
[m[0;33mW20250815 09:02:03.057463 139697476773632 tool.cpp:1902] rocprofv3_error_signal_handler caught signal 11...
[m# ---- Run standalone_ffn_prefill_16_256_nan ----
[0;31mE20250815 09:02:30.104708 140101595010816 output_stream.cpp:105] Opened result file: ./ffn/standalone_ffn_prefill_16_256_nan_kernel_trace.csv
[m[0;31mE20250815 09:02:30.111175 140101595010816 output_stream.cpp:105] Opened result file: ./ffn/standalone_ffn_prefill_16_256_nan_agent_info.csv
[m# ---- Run standalone_ffn_prefill_16_256_32 ----
Using masking
[0;31mE20250815 09:03:01.017903 140011147863808 output_stream.cpp:105] Opened result file: ./ffn/standalone_ffn_prefill_16_256_32_kernel_trace.csv
[m[0;31mE20250815 09:03:01.024383 140011147863808 output_stream.cpp:105] Opened result file: ./ffn/standalone_ffn_prefill_16_256_32_agent_info.csv
[m[0;33mW20250815 09:03:04.865620 140011147863808 tool.cpp:1902] rocprofv3_error_signal_handler caught signal 11...
[m# ---- Run standalone_ffn_prefill_16_256_64 ----
Using masking
[0;31mE20250815 09:03:31.593005 139800480167680 output_stream.cpp:105] Opened result file: ./ffn/standalone_ffn_prefill_16_256_64_kernel_trace.csv
[m[0;31mE20250815 09:03:31.598907 139800480167680 output_stream.cpp:105] Opened result file: ./ffn/standalone_ffn_prefill_16_256_64_agent_info.csv
[m[0;33mW20250815 09:03:35.486163 139800480167680 tool.cpp:1902] rocprofv3_error_signal_handler caught signal 11...
[m# ---- Run standalone_ffn_prefill_16_256_96 ----
Using masking
[0;31mE20250815 09:04:02.682093 140231395190528 output_stream.cpp:105] Opened result file: ./ffn/standalone_ffn_prefill_16_256_96_kernel_trace.csv
[m[0;31mE20250815 09:04:02.688410 140231395190528 output_stream.cpp:105] Opened result file: ./ffn/standalone_ffn_prefill_16_256_96_agent_info.csv
[m[0;33mW20250815 09:04:06.561917 140231395190528 tool.cpp:1902] rocprofv3_error_signal_handler caught signal 11...
[m# ---- Run standalone_ffn_prefill_16_256_128 ----
Using masking
[0;31mE20250815 09:04:33.438824 140390359402240 output_stream.cpp:105] Opened result file: ./ffn/standalone_ffn_prefill_16_256_128_kernel_trace.csv
[m[0;31mE20250815 09:04:33.445163 140390359402240 output_stream.cpp:105] Opened result file: ./ffn/standalone_ffn_prefill_16_256_128_agent_info.csv
[m[0;33mW20250815 09:04:37.496385 140390359402240 tool.cpp:1902] rocprofv3_error_signal_handler caught signal 11...
[m# ---- Run standalone_ffn_prefill_16_256_160 ----
Using masking
[0;31mE20250815 09:05:06.321742 139787891640064 output_stream.cpp:105] Opened result file: ./ffn/standalone_ffn_prefill_16_256_160_kernel_trace.csv
[m[0;31mE20250815 09:05:06.328360 139787891640064 output_stream.cpp:105] Opened result file: ./ffn/standalone_ffn_prefill_16_256_160_agent_info.csv
[m[0;33mW20250815 09:05:10.791824 139787891640064 tool.cpp:1902] rocprofv3_error_signal_handler caught signal 11...
[m# ---- Run standalone_ffn_prefill_16_512_nan ----
[0;31mE20250815 09:05:41.185681 139665826977536 output_stream.cpp:105] Opened result file: ./ffn/standalone_ffn_prefill_16_512_nan_kernel_trace.csv
[m[0;31mE20250815 09:05:41.192481 139665826977536 output_stream.cpp:105] Opened result file: ./ffn/standalone_ffn_prefill_16_512_nan_agent_info.csv
[m# ---- Run standalone_ffn_prefill_16_512_32 ----
Using masking
[0;31mE20250815 09:06:15.415381 140621273270016 output_stream.cpp:105] Opened result file: ./ffn/standalone_ffn_prefill_16_512_32_kernel_trace.csv
[m[0;31mE20250815 09:06:15.422398 140621273270016 output_stream.cpp:105] Opened result file: ./ffn/standalone_ffn_prefill_16_512_32_agent_info.csv
[m[0;33mW20250815 09:06:19.786368 140621273270016 tool.cpp:1902] rocprofv3_error_signal_handler caught signal 11...
[m# ---- Run standalone_ffn_prefill_16_512_64 ----
Using masking
[0;31mE20250815 09:06:48.581021 140715399988992 output_stream.cpp:105] Opened result file: ./ffn/standalone_ffn_prefill_16_512_64_kernel_trace.csv
[m[0;31mE20250815 09:06:48.586993 140715399988992 output_stream.cpp:105] Opened result file: ./ffn/standalone_ffn_prefill_16_512_64_agent_info.csv
[m[0;33mW20250815 09:06:52.446183 140715399988992 tool.cpp:1902] rocprofv3_error_signal_handler caught signal 11...
[m# ---- Run standalone_ffn_prefill_16_512_96 ----
Using masking
[0;31mE20250815 09:07:19.368493 140407931111168 output_stream.cpp:105] Opened result file: ./ffn/standalone_ffn_prefill_16_512_96_kernel_trace.csv
[m[0;31mE20250815 09:07:19.374474 140407931111168 output_stream.cpp:105] Opened result file: ./ffn/standalone_ffn_prefill_16_512_96_agent_info.csv
[m[0;33mW20250815 09:07:23.623476 140407931111168 tool.cpp:1902] rocprofv3_error_signal_handler caught signal 11...
[m# ---- Run standalone_ffn_prefill_16_512_128 ----
Using masking
[0;31mE20250815 09:07:50.376316 140093141096192 output_stream.cpp:105] Opened result file: ./ffn/standalone_ffn_prefill_16_512_128_kernel_trace.csv
[m[0;31mE20250815 09:07:50.381995 140093141096192 output_stream.cpp:105] Opened result file: ./ffn/standalone_ffn_prefill_16_512_128_agent_info.csv
[m[0;33mW20250815 09:07:54.151750 140093141096192 tool.cpp:1902] rocprofv3_error_signal_handler caught signal 11...
[m# ---- Run standalone_ffn_prefill_16_512_160 ----
Using masking
[0;31mE20250815 09:08:20.605750 140451242260224 output_stream.cpp:105] Opened result file: ./ffn/standalone_ffn_prefill_16_512_160_kernel_trace.csv
[m[0;31mE20250815 09:08:20.611504 140451242260224 output_stream.cpp:105] Opened result file: ./ffn/standalone_ffn_prefill_16_512_160_agent_info.csv
[m[0;33mW20250815 09:08:24.398763 140451242260224 tool.cpp:1902] rocprofv3_error_signal_handler caught signal 11...
[m# ---- Run standalone_ffn_prefill_16_1024_nan ----
[0;31mE20250815 09:08:50.925832 139688568211200 output_stream.cpp:105] Opened result file: ./ffn/standalone_ffn_prefill_16_1024_nan_kernel_trace.csv
[m[0;31mE20250815 09:08:50.931964 139688568211200 output_stream.cpp:105] Opened result file: ./ffn/standalone_ffn_prefill_16_1024_nan_agent_info.csv
[m# ---- Run standalone_ffn_prefill_16_1024_32 ----
Using masking
[0;31mE20250815 09:09:21.338487 140259957790464 output_stream.cpp:105] Opened result file: ./ffn/standalone_ffn_prefill_16_1024_32_kernel_trace.csv
[m[0;31mE20250815 09:09:21.344528 140259957790464 output_stream.cpp:105] Opened result file: ./ffn/standalone_ffn_prefill_16_1024_32_agent_info.csv
[m[0;33mW20250815 09:09:25.495976 140259957790464 tool.cpp:1902] rocprofv3_error_signal_handler caught signal 11...
[m# ---- Run standalone_ffn_prefill_16_1024_64 ----
Using masking
[0;31mE20250815 09:09:52.203318 139696913135360 output_stream.cpp:105] Opened result file: ./ffn/standalone_ffn_prefill_16_1024_64_kernel_trace.csv
[m[0;31mE20250815 09:09:52.208985 139696913135360 output_stream.cpp:105] Opened result file: ./ffn/standalone_ffn_prefill_16_1024_64_agent_info.csv
[m[0;33mW20250815 09:09:56.370991 139696913135360 tool.cpp:1902] rocprofv3_error_signal_handler caught signal 11...
[m# ---- Run standalone_ffn_prefill_16_1024_96 ----
Using masking
[0;31mE20250815 09:10:23.013740 139654652086016 output_stream.cpp:105] Opened result file: ./ffn/standalone_ffn_prefill_16_1024_96_kernel_trace.csv
[m[0;31mE20250815 09:10:23.019474 139654652086016 output_stream.cpp:105] Opened result file: ./ffn/standalone_ffn_prefill_16_1024_96_agent_info.csv
[m[0;33mW20250815 09:10:26.854719 139654652086016 tool.cpp:1902] rocprofv3_error_signal_handler caught signal 11...
[m# ---- Run standalone_ffn_prefill_16_1024_128 ----
Using masking
[0;31mE20250815 09:10:53.682332 140120653580032 output_stream.cpp:105] Opened result file: ./ffn/standalone_ffn_prefill_16_1024_128_kernel_trace.csv
[m[0;31mE20250815 09:10:53.688110 140120653580032 output_stream.cpp:105] Opened result file: ./ffn/standalone_ffn_prefill_16_1024_128_agent_info.csv
[m[0;33mW20250815 09:10:57.559519 140120653580032 tool.cpp:1902] rocprofv3_error_signal_handler caught signal 11...
[m# ---- Run standalone_ffn_prefill_16_1024_160 ----
Using masking
[0;31mE20250815 09:11:26.678219 140086672144128 output_stream.cpp:105] Opened result file: ./ffn/standalone_ffn_prefill_16_1024_160_kernel_trace.csv
[m[0;31mE20250815 09:11:26.684727 140086672144128 output_stream.cpp:105] Opened result file: ./ffn/standalone_ffn_prefill_16_1024_160_agent_info.csv
[m[0;33mW20250815 09:11:31.099100 140086672144128 tool.cpp:1902] rocprofv3_error_signal_handler caught signal 11...
[m# ---- Run standalone_ffn_prefill_16_2048_nan ----
[0;31mE20250815 09:12:00.780487 140385092601600 output_stream.cpp:105] Opened result file: ./ffn/standalone_ffn_prefill_16_2048_nan_kernel_trace.csv
[m[0;31mE20250815 09:12:00.786923 140385092601600 output_stream.cpp:105] Opened result file: ./ffn/standalone_ffn_prefill_16_2048_nan_agent_info.csv
[m# ---- Run standalone_ffn_prefill_16_2048_32 ----
Using masking
[0;31mE20250815 09:12:34.940021 140226038339328 output_stream.cpp:105] Opened result file: ./ffn/standalone_ffn_prefill_16_2048_32_kernel_trace.csv
[m[0;31mE20250815 09:12:34.947226 140226038339328 output_stream.cpp:105] Opened result file: ./ffn/standalone_ffn_prefill_16_2048_32_agent_info.csv
[m[0;33mW20250815 09:12:39.227013 140226038339328 tool.cpp:1902] rocprofv3_error_signal_handler caught signal 11...
[m# ---- Run standalone_ffn_prefill_16_2048_64 ----
Using masking
[0;31mE20250815 09:13:09.306933 139701091153664 output_stream.cpp:105] Opened result file: ./ffn/standalone_ffn_prefill_16_2048_64_kernel_trace.csv
[m[0;31mE20250815 09:13:09.313491 139701091153664 output_stream.cpp:105] Opened result file: ./ffn/standalone_ffn_prefill_16_2048_64_agent_info.csv
[m[0;33mW20250815 09:13:13.561312 139701091153664 tool.cpp:1902] rocprofv3_error_signal_handler caught signal 11...
[m# ---- Run standalone_ffn_prefill_16_2048_96 ----
Using masking
[0;31mE20250815 09:13:42.567747 139726670235392 output_stream.cpp:105] Opened result file: ./ffn/standalone_ffn_prefill_16_2048_96_kernel_trace.csv
[m[0;31mE20250815 09:13:42.573884 139726670235392 output_stream.cpp:105] Opened result file: ./ffn/standalone_ffn_prefill_16_2048_96_agent_info.csv
[m[0;33mW20250815 09:13:46.598108 139726670235392 tool.cpp:1902] rocprofv3_error_signal_handler caught signal 11...
[m# ---- Run standalone_ffn_prefill_16_2048_128 ----
Using masking
[0;31mE20250815 09:14:13.670023 140287574071040 output_stream.cpp:105] Opened result file: ./ffn/standalone_ffn_prefill_16_2048_128_kernel_trace.csv
[m[0;31mE20250815 09:14:13.675822 140287574071040 output_stream.cpp:105] Opened result file: ./ffn/standalone_ffn_prefill_16_2048_128_agent_info.csv
[m[0;33mW20250815 09:14:17.662097 140287574071040 tool.cpp:1902] rocprofv3_error_signal_handler caught signal 11...
[m# ---- Run standalone_ffn_prefill_16_2048_160 ----
Using masking
[0;31mE20250815 09:14:46.186936 140220896192256 output_stream.cpp:105] Opened result file: ./ffn/standalone_ffn_prefill_16_2048_160_kernel_trace.csv
[m[0;31mE20250815 09:14:46.193802 140220896192256 output_stream.cpp:105] Opened result file: ./ffn/standalone_ffn_prefill_16_2048_160_agent_info.csv
[m[0;33mW20250815 09:14:50.766194 140220896192256 tool.cpp:1902] rocprofv3_error_signal_handler caught signal 11...
[m# ---- Run standalone_ffn_prefill_16_4096_nan ----
[0;31mE20250815 09:15:20.552581 139928478627584 output_stream.cpp:105] Opened result file: ./ffn/standalone_ffn_prefill_16_4096_nan_kernel_trace.csv
[m[0;31mE20250815 09:15:20.559307 139928478627584 output_stream.cpp:105] Opened result file: ./ffn/standalone_ffn_prefill_16_4096_nan_agent_info.csv
[m# ---- Run standalone_ffn_prefill_16_4096_32 ----
Using masking
[0;31mE20250815 09:15:54.813825 139916702344960 output_stream.cpp:105] Opened result file: ./ffn/standalone_ffn_prefill_16_4096_32_kernel_trace.csv
[m[0;31mE20250815 09:15:54.820389 139916702344960 output_stream.cpp:105] Opened result file: ./ffn/standalone_ffn_prefill_16_4096_32_agent_info.csv
[m[0;33mW20250815 09:15:59.232775 139916702344960 tool.cpp:1902] rocprofv3_error_signal_handler caught signal 11...
[m# ---- Run standalone_ffn_prefill_16_4096_64 ----
Using masking
[0;31mE20250815 09:16:29.672182 139914916923136 output_stream.cpp:105] Opened result file: ./ffn/standalone_ffn_prefill_16_4096_64_kernel_trace.csv
[m[0;31mE20250815 09:16:29.678872 139914916923136 output_stream.cpp:105] Opened result file: ./ffn/standalone_ffn_prefill_16_4096_64_agent_info.csv
[m[0;33mW20250815 09:16:34.182466 139914916923136 tool.cpp:1902] rocprofv3_error_signal_handler caught signal 11...
[m# ---- Run standalone_ffn_prefill_16_4096_96 ----
Using masking
[0;31mE20250815 09:17:03.646791 139646517991168 output_stream.cpp:105] Opened result file: ./ffn/standalone_ffn_prefill_16_4096_96_kernel_trace.csv
[m[0;31mE20250815 09:17:03.652748 139646517991168 output_stream.cpp:105] Opened result file: ./ffn/standalone_ffn_prefill_16_4096_96_agent_info.csv
[m[0;33mW20250815 09:17:07.783489 139646517991168 tool.cpp:1902] rocprofv3_error_signal_handler caught signal 11...
[m# ---- Run standalone_ffn_prefill_16_4096_128 ----
Using masking
[0;31mE20250815 09:17:35.110835 140167108515584 output_stream.cpp:105] Opened result file: ./ffn/standalone_ffn_prefill_16_4096_128_kernel_trace.csv
[m[0;31mE20250815 09:17:35.117132 140167108515584 output_stream.cpp:105] Opened result file: ./ffn/standalone_ffn_prefill_16_4096_128_agent_info.csv
[m[0;33mW20250815 09:17:39.075565 140167108515584 tool.cpp:1902] rocprofv3_error_signal_handler caught signal 11...
[m# ---- Run standalone_ffn_prefill_16_4096_160 ----
Using masking
[0;31mE20250815 09:18:08.079995 139668788934400 output_stream.cpp:105] Opened result file: ./ffn/standalone_ffn_prefill_16_4096_160_kernel_trace.csv
[m[0;31mE20250815 09:18:08.087324 139668788934400 output_stream.cpp:105] Opened result file: ./ffn/standalone_ffn_prefill_16_4096_160_agent_info.csv
[m[0;33mW20250815 09:18:12.704696 139668788934400 tool.cpp:1902] rocprofv3_error_signal_handler caught signal 11...
[m# ---- Run standalone_ffn_prefill_16_8192_nan ----
[0;31mE20250815 09:18:43.487389 140411105953536 output_stream.cpp:105] Opened result file: ./ffn/standalone_ffn_prefill_16_8192_nan_kernel_trace.csv
[m[0;31mE20250815 09:18:43.493929 140411105953536 output_stream.cpp:105] Opened result file: ./ffn/standalone_ffn_prefill_16_8192_nan_agent_info.csv
[m# ---- Run standalone_ffn_prefill_16_8192_32 ----
Using masking
[0;31mE20250815 09:19:17.441839 139781338945280 output_stream.cpp:105] Opened result file: ./ffn/standalone_ffn_prefill_16_8192_32_kernel_trace.csv
[m[0;31mE20250815 09:19:17.448592 139781338945280 output_stream.cpp:105] Opened result file: ./ffn/standalone_ffn_prefill_16_8192_32_agent_info.csv
[m[0;33mW20250815 09:19:21.531880 139781338945280 tool.cpp:1902] rocprofv3_error_signal_handler caught signal 11...
[m# ---- Run standalone_ffn_prefill_16_8192_64 ----
Using masking
[0;31mE20250815 09:19:49.424432 140309209343744 output_stream.cpp:105] Opened result file: ./ffn/standalone_ffn_prefill_16_8192_64_kernel_trace.csv
[m[0;31mE20250815 09:19:49.431205 140309209343744 output_stream.cpp:105] Opened result file: ./ffn/standalone_ffn_prefill_16_8192_64_agent_info.csv
[m[0;33mW20250815 09:19:53.456917 140309209343744 tool.cpp:1902] rocprofv3_error_signal_handler caught signal 11...
[m# ---- Run standalone_ffn_prefill_16_8192_96 ----
Using masking
[0;31mE20250815 09:20:21.289645 140678376347392 output_stream.cpp:105] Opened result file: ./ffn/standalone_ffn_prefill_16_8192_96_kernel_trace.csv
[m[0;31mE20250815 09:20:21.296025 140678376347392 output_stream.cpp:105] Opened result file: ./ffn/standalone_ffn_prefill_16_8192_96_agent_info.csv
[m[0;33mW20250815 09:20:25.441878 140678376347392 tool.cpp:1902] rocprofv3_error_signal_handler caught signal 11...
[m# ---- Run standalone_ffn_prefill_16_8192_128 ----
Using masking
[0;31mE20250815 09:20:53.247007 139860576585472 output_stream.cpp:105] Opened result file: ./ffn/standalone_ffn_prefill_16_8192_128_kernel_trace.csv
[m[0;31mE20250815 09:20:53.253964 139860576585472 output_stream.cpp:105] Opened result file: ./ffn/standalone_ffn_prefill_16_8192_128_agent_info.csv
[m[0;33mW20250815 09:20:57.129137 139860576585472 tool.cpp:1902] rocprofv3_error_signal_handler caught signal 11...
[m# ---- Run standalone_ffn_prefill_16_8192_160 ----
Using masking
[0;31mE20250815 09:21:24.835353 140666066765568 output_stream.cpp:105] Opened result file: ./ffn/standalone_ffn_prefill_16_8192_160_kernel_trace.csv
[m[0;31mE20250815 09:21:24.841591 140666066765568 output_stream.cpp:105] Opened result file: ./ffn/standalone_ffn_prefill_16_8192_160_agent_info.csv
[m[0;33mW20250815 09:21:28.681148 140666066765568 tool.cpp:1902] rocprofv3_error_signal_handler caught signal 11...
[m# ---- Run standalone_ffn_decode_tp8_1_nan ----
[0;31mE20250815 17:00:52.370333 140254041274112 output_stream.cpp:105] Opened result file: ./ffn/standalone_ffn_decode_tp8_1_nan_kernel_trace.csv
[m[0;31mE20250815 17:00:52.376030 140254041274112 output_stream.cpp:105] Opened result file: ./ffn/standalone_ffn_decode_tp8_1_nan_agent_info.csv
[m# ---- Run standalone_ffn_decode_tp8_1_32 ----
Using masking
[0;31mE20250815 17:01:21.260900 139692099774208 output_stream.cpp:105] Opened result file: ./ffn/standalone_ffn_decode_tp8_1_32_kernel_trace.csv
[m[0;31mE20250815 17:01:21.266817 139692099774208 output_stream.cpp:105] Opened result file: ./ffn/standalone_ffn_decode_tp8_1_32_agent_info.csv
[m[0;33mW20250815 17:01:25.159134 139692099774208 tool.cpp:1902] rocprofv3_error_signal_handler caught signal 11...
[m# ---- Run standalone_ffn_decode_tp8_1_64 ----
Using masking
[0;31mE20250815 17:01:50.418591 140459200820992 output_stream.cpp:105] Opened result file: ./ffn/standalone_ffn_decode_tp8_1_64_kernel_trace.csv
[m[0;31mE20250815 17:01:50.424257 140459200820992 output_stream.cpp:105] Opened result file: ./ffn/standalone_ffn_decode_tp8_1_64_agent_info.csv
[m[0;33mW20250815 17:01:54.483447 140459200820992 tool.cpp:1902] rocprofv3_error_signal_handler caught signal 11...
[m# ---- Run standalone_ffn_decode_tp8_1_96 ----
Using masking
[0;31mE20250815 17:02:19.598905 140077046593280 output_stream.cpp:105] Opened result file: ./ffn/standalone_ffn_decode_tp8_1_96_kernel_trace.csv
[m[0;31mE20250815 17:02:19.604645 140077046593280 output_stream.cpp:105] Opened result file: ./ffn/standalone_ffn_decode_tp8_1_96_agent_info.csv
[m[0;33mW20250815 17:02:23.548457 140077046593280 tool.cpp:1902] rocprofv3_error_signal_handler caught signal 11...
[m# ---- Run standalone_ffn_decode_tp8_1_128 ----
Using masking
[0;31mE20250815 17:02:48.946294 140679849854720 output_stream.cpp:105] Opened result file: ./ffn/standalone_ffn_decode_tp8_1_128_kernel_trace.csv
[m[0;31mE20250815 17:02:48.952006 140679849854720 output_stream.cpp:105] Opened result file: ./ffn/standalone_ffn_decode_tp8_1_128_agent_info.csv
[m[0;33mW20250815 17:02:52.877236 140679849854720 tool.cpp:1902] rocprofv3_error_signal_handler caught signal 11...
[m# ---- Run standalone_ffn_decode_tp8_1_160 ----
Using masking
[0;31mE20250815 17:03:17.978651 140060408399616 output_stream.cpp:105] Opened result file: ./ffn/standalone_ffn_decode_tp8_1_160_kernel_trace.csv
[m[0;31mE20250815 17:03:17.984399 140060408399616 output_stream.cpp:105] Opened result file: ./ffn/standalone_ffn_decode_tp8_1_160_agent_info.csv
[m[0;33mW20250815 17:03:21.925016 140060408399616 tool.cpp:1902] rocprofv3_error_signal_handler caught signal 11...
[m# ---- Run standalone_ffn_decode_tp8_2_nan ----
[0;31mE20250815 17:03:46.919931 140520723642112 output_stream.cpp:105] Opened result file: ./ffn/standalone_ffn_decode_tp8_2_nan_kernel_trace.csv
[m[0;31mE20250815 17:03:46.925685 140520723642112 output_stream.cpp:105] Opened result file: ./ffn/standalone_ffn_decode_tp8_2_nan_agent_info.csv
[m# ---- Run standalone_ffn_decode_tp8_2_32 ----
Using masking
[0;31mE20250815 17:04:17.880349 140090565793536 output_stream.cpp:105] Opened result file: ./ffn/standalone_ffn_decode_tp8_2_32_kernel_trace.csv
[m[0;31mE20250815 17:04:17.886107 140090565793536 output_stream.cpp:105] Opened result file: ./ffn/standalone_ffn_decode_tp8_2_32_agent_info.csv
[m[0;33mW20250815 17:04:21.787776 140090565793536 tool.cpp:1902] rocprofv3_error_signal_handler caught signal 11...
[m# ---- Run standalone_ffn_decode_tp8_2_64 ----
Using masking
[0;31mE20250815 17:04:46.784488 140657589004032 output_stream.cpp:105] Opened result file: ./ffn/standalone_ffn_decode_tp8_2_64_kernel_trace.csv
[m[0;31mE20250815 17:04:46.790229 140657589004032 output_stream.cpp:105] Opened result file: ./ffn/standalone_ffn_decode_tp8_2_64_agent_info.csv
[m[0;33mW20250815 17:04:50.835041 140657589004032 tool.cpp:1902] rocprofv3_error_signal_handler caught signal 11...
[m# ---- Run standalone_ffn_decode_tp8_2_96 ----
Using masking
[0;31mE20250815 17:05:15.845210 140537808398080 output_stream.cpp:105] Opened result file: ./ffn/standalone_ffn_decode_tp8_2_96_kernel_trace.csv
[m[0;31mE20250815 17:05:15.850946 140537808398080 output_stream.cpp:105] Opened result file: ./ffn/standalone_ffn_decode_tp8_2_96_agent_info.csv
[m[0;33mW20250815 17:05:19.774013 140537808398080 tool.cpp:1902] rocprofv3_error_signal_handler caught signal 11...
[m# ---- Run standalone_ffn_decode_tp8_2_128 ----
Using masking
[0;31mE20250815 17:05:45.172653 139836634351360 output_stream.cpp:105] Opened result file: ./ffn/standalone_ffn_decode_tp8_2_128_kernel_trace.csv
[m[0;31mE20250815 17:05:45.178407 139836634351360 output_stream.cpp:105] Opened result file: ./ffn/standalone_ffn_decode_tp8_2_128_agent_info.csv
[m[0;33mW20250815 17:05:49.262908 139836634351360 tool.cpp:1902] rocprofv3_error_signal_handler caught signal 11...
[m# ---- Run standalone_ffn_decode_tp8_2_160 ----
Using masking
[0;31mE20250815 17:06:14.329691 140310685161216 output_stream.cpp:105] Opened result file: ./ffn/standalone_ffn_decode_tp8_2_160_kernel_trace.csv
[m[0;31mE20250815 17:06:14.335244 140310685161216 output_stream.cpp:105] Opened result file: ./ffn/standalone_ffn_decode_tp8_2_160_agent_info.csv
[m[0;33mW20250815 17:06:18.380655 140310685161216 tool.cpp:1902] rocprofv3_error_signal_handler caught signal 11...
[m# ---- Run standalone_ffn_decode_tp8_4_nan ----
[0;31mE20250815 17:06:43.378209 139899153712896 output_stream.cpp:105] Opened result file: ./ffn/standalone_ffn_decode_tp8_4_nan_kernel_trace.csv
[m[0;31mE20250815 17:06:43.383718 139899153712896 output_stream.cpp:105] Opened result file: ./ffn/standalone_ffn_decode_tp8_4_nan_agent_info.csv
[m# ---- Run standalone_ffn_decode_tp8_4_32 ----
Using masking
[0;31mE20250815 17:07:12.441626 139836884096768 output_stream.cpp:105] Opened result file: ./ffn/standalone_ffn_decode_tp8_4_32_kernel_trace.csv
[m[0;31mE20250815 17:07:12.447668 139836884096768 output_stream.cpp:105] Opened result file: ./ffn/standalone_ffn_decode_tp8_4_32_agent_info.csv
[m[0;33mW20250815 17:07:16.460515 139836884096768 tool.cpp:1902] rocprofv3_error_signal_handler caught signal 11...
[m# ---- Run standalone_ffn_decode_tp8_4_64 ----
Using masking
[0;31mE20250815 17:07:41.595713 139695674308352 output_stream.cpp:105] Opened result file: ./ffn/standalone_ffn_decode_tp8_4_64_kernel_trace.csv
[m[0;31mE20250815 17:07:41.601682 139695674308352 output_stream.cpp:105] Opened result file: ./ffn/standalone_ffn_decode_tp8_4_64_agent_info.csv
[m[0;33mW20250815 17:07:45.425579 139695674308352 tool.cpp:1902] rocprofv3_error_signal_handler caught signal 11...
[m# ---- Run standalone_ffn_decode_tp8_4_96 ----
Using masking
[0;31mE20250815 17:08:10.223368 139747762222848 output_stream.cpp:105] Opened result file: ./ffn/standalone_ffn_decode_tp8_4_96_kernel_trace.csv
[m[0;31mE20250815 17:08:10.229699 139747762222848 output_stream.cpp:105] Opened result file: ./ffn/standalone_ffn_decode_tp8_4_96_agent_info.csv
[m[0;33mW20250815 17:08:14.080250 139747762222848 tool.cpp:1902] rocprofv3_error_signal_handler caught signal 11...
[m# ---- Run standalone_ffn_decode_tp8_4_128 ----
Using masking
[0;31mE20250815 17:08:39.514543 140168442148608 output_stream.cpp:105] Opened result file: ./ffn/standalone_ffn_decode_tp8_4_128_kernel_trace.csv
[m[0;31mE20250815 17:08:39.521281 140168442148608 output_stream.cpp:105] Opened result file: ./ffn/standalone_ffn_decode_tp8_4_128_agent_info.csv
[m[0;33mW20250815 17:08:43.364369 140168442148608 tool.cpp:1902] rocprofv3_error_signal_handler caught signal 11...
[m# ---- Run standalone_ffn_decode_tp8_4_160 ----
Using masking
[0;31mE20250815 17:09:08.794507 139773009729280 output_stream.cpp:105] Opened result file: ./ffn/standalone_ffn_decode_tp8_4_160_kernel_trace.csv
[m[0;31mE20250815 17:09:08.800239 139773009729280 output_stream.cpp:105] Opened result file: ./ffn/standalone_ffn_decode_tp8_4_160_agent_info.csv
[m[0;33mW20250815 17:09:12.788522 139773009729280 tool.cpp:1902] rocprofv3_error_signal_handler caught signal 11...
[m# ---- Run standalone_ffn_decode_tp8_8_nan ----
[0;31mE20250815 17:09:38.207321 139688943957760 output_stream.cpp:105] Opened result file: ./ffn/standalone_ffn_decode_tp8_8_nan_kernel_trace.csv
[m[0;31mE20250815 17:09:38.213142 139688943957760 output_stream.cpp:105] Opened result file: ./ffn/standalone_ffn_decode_tp8_8_nan_agent_info.csv
[m# ---- Run standalone_ffn_decode_tp8_8_32 ----
Using masking
[0;31mE20250815 17:10:08.841915 139621823452928 output_stream.cpp:105] Opened result file: ./ffn/standalone_ffn_decode_tp8_8_32_kernel_trace.csv
[m[0;31mE20250815 17:10:08.848586 139621823452928 output_stream.cpp:105] Opened result file: ./ffn/standalone_ffn_decode_tp8_8_32_agent_info.csv
[m[0;33mW20250815 17:10:13.373264 139621823452928 tool.cpp:1902] rocprofv3_error_signal_handler caught signal 11...
[m# ---- Run standalone_ffn_decode_tp8_8_64 ----
Using masking
[0;31mE20250815 17:10:39.547724 140250803611392 output_stream.cpp:105] Opened result file: ./ffn/standalone_ffn_decode_tp8_8_64_kernel_trace.csv
[m[0;31mE20250815 17:10:39.553432 140250803611392 output_stream.cpp:105] Opened result file: ./ffn/standalone_ffn_decode_tp8_8_64_agent_info.csv
[m[0;33mW20250815 17:10:43.476020 140250803611392 tool.cpp:1902] rocprofv3_error_signal_handler caught signal 11...
[m# ---- Run standalone_ffn_decode_tp8_8_96 ----
Using masking
[0;31mE20250815 17:11:08.876681 140618933942016 output_stream.cpp:105] Opened result file: ./ffn/standalone_ffn_decode_tp8_8_96_kernel_trace.csv
[m[0;31mE20250815 17:11:08.882506 140618933942016 output_stream.cpp:105] Opened result file: ./ffn/standalone_ffn_decode_tp8_8_96_agent_info.csv
[m[0;33mW20250815 17:11:12.820387 140618933942016 tool.cpp:1902] rocprofv3_error_signal_handler caught signal 11...
[m# ---- Run standalone_ffn_decode_tp8_8_128 ----
Using masking
[0;31mE20250815 17:11:38.042139 139924162963200 output_stream.cpp:105] Opened result file: ./ffn/standalone_ffn_decode_tp8_8_128_kernel_trace.csv
[m[0;31mE20250815 17:11:38.047801 139924162963200 output_stream.cpp:105] Opened result file: ./ffn/standalone_ffn_decode_tp8_8_128_agent_info.csv
[m[0;33mW20250815 17:11:41.901479 139924162963200 tool.cpp:1902] rocprofv3_error_signal_handler caught signal 11...
[m# ---- Run standalone_ffn_decode_tp8_8_160 ----
Using masking
[0;31mE20250815 17:12:07.268708 140562718947072 output_stream.cpp:105] Opened result file: ./ffn/standalone_ffn_decode_tp8_8_160_kernel_trace.csv
[m[0;31mE20250815 17:12:07.274367 140562718947072 output_stream.cpp:105] Opened result file: ./ffn/standalone_ffn_decode_tp8_8_160_agent_info.csv
[m[0;33mW20250815 17:12:11.054395 140562718947072 tool.cpp:1902] rocprofv3_error_signal_handler caught signal 11...
[m# ---- Run standalone_ffn_decode_tp8_16_nan ----
[0;31mE20250815 17:12:36.581135 140549650835200 output_stream.cpp:105] Opened result file: ./ffn/standalone_ffn_decode_tp8_16_nan_kernel_trace.csv
[m[0;31mE20250815 17:12:36.587144 140549650835200 output_stream.cpp:105] Opened result file: ./ffn/standalone_ffn_decode_tp8_16_nan_agent_info.csv
[m# ---- Run standalone_ffn_decode_tp8_16_32 ----
Using masking
[0;31mE20250815 17:13:05.951134 140000124831488 output_stream.cpp:105] Opened result file: ./ffn/standalone_ffn_decode_tp8_16_32_kernel_trace.csv
[m[0;31mE20250815 17:13:05.957090 140000124831488 output_stream.cpp:105] Opened result file: ./ffn/standalone_ffn_decode_tp8_16_32_agent_info.csv
[m[0;33mW20250815 17:13:09.835191 140000124831488 tool.cpp:1902] rocprofv3_error_signal_handler caught signal 11...
[m# ---- Run standalone_ffn_decode_tp8_16_64 ----
Using masking
[0;31mE20250815 17:13:35.018238 140481086318336 output_stream.cpp:105] Opened result file: ./ffn/standalone_ffn_decode_tp8_16_64_kernel_trace.csv
[m[0;31mE20250815 17:13:35.023917 140481086318336 output_stream.cpp:105] Opened result file: ./ffn/standalone_ffn_decode_tp8_16_64_agent_info.csv
[m[0;33mW20250815 17:13:38.904894 140481086318336 tool.cpp:1902] rocprofv3_error_signal_handler caught signal 11...
[m# ---- Run standalone_ffn_decode_tp8_16_96 ----
Using masking
[0;31mE20250815 17:14:04.076513 140128907581184 output_stream.cpp:105] Opened result file: ./ffn/standalone_ffn_decode_tp8_16_96_kernel_trace.csv
[m[0;31mE20250815 17:14:04.082530 140128907581184 output_stream.cpp:105] Opened result file: ./ffn/standalone_ffn_decode_tp8_16_96_agent_info.csv
[m[0;33mW20250815 17:14:07.932057 140128907581184 tool.cpp:1902] rocprofv3_error_signal_handler caught signal 11...
[m# ---- Run standalone_ffn_decode_tp8_16_128 ----
Using masking
[0;31mE20250815 17:14:33.014269 139819482859264 output_stream.cpp:105] Opened result file: ./ffn/standalone_ffn_decode_tp8_16_128_kernel_trace.csv
[m[0;31mE20250815 17:14:33.020494 139819482859264 output_stream.cpp:105] Opened result file: ./ffn/standalone_ffn_decode_tp8_16_128_agent_info.csv
[m[0;33mW20250815 17:14:36.781054 139819482859264 tool.cpp:1902] rocprofv3_error_signal_handler caught signal 11...
[m# ---- Run standalone_ffn_decode_tp8_16_160 ----
Using masking
[0;31mE20250815 17:15:01.891536 140246715713280 output_stream.cpp:105] Opened result file: ./ffn/standalone_ffn_decode_tp8_16_160_kernel_trace.csv
[m[0;31mE20250815 17:15:01.898333 140246715713280 output_stream.cpp:105] Opened result file: ./ffn/standalone_ffn_decode_tp8_16_160_agent_info.csv
[m[0;33mW20250815 17:15:05.673484 140246715713280 tool.cpp:1902] rocprofv3_error_signal_handler caught signal 11...
[m# ---- Run standalone_ffn_decode_tp8_32_nan ----
[0;31mE20250815 17:15:30.620958 140566761400064 output_stream.cpp:105] Opened result file: ./ffn/standalone_ffn_decode_tp8_32_nan_kernel_trace.csv
[m[0;31mE20250815 17:15:30.626651 140566761400064 output_stream.cpp:105] Opened result file: ./ffn/standalone_ffn_decode_tp8_32_nan_agent_info.csv
[m# ---- Run standalone_ffn_decode_tp8_32_32 ----
Using masking
[0;31mE20250815 17:15:59.893153 140617679800064 output_stream.cpp:105] Opened result file: ./ffn/standalone_ffn_decode_tp8_32_32_kernel_trace.csv
[m[0;31mE20250815 17:15:59.898799 140617679800064 output_stream.cpp:105] Opened result file: ./ffn/standalone_ffn_decode_tp8_32_32_agent_info.csv
[m[0;33mW20250815 17:16:03.711545 140617679800064 tool.cpp:1902] rocprofv3_error_signal_handler caught signal 11...
[m# ---- Run standalone_ffn_decode_tp8_32_64 ----
Using masking
[0;31mE20250815 17:16:29.391192 140441102583552 output_stream.cpp:105] Opened result file: ./ffn/standalone_ffn_decode_tp8_32_64_kernel_trace.csv
[m[0;31mE20250815 17:16:29.397118 140441102583552 output_stream.cpp:105] Opened result file: ./ffn/standalone_ffn_decode_tp8_32_64_agent_info.csv
[m[0;33mW20250815 17:16:33.309227 140441102583552 tool.cpp:1902] rocprofv3_error_signal_handler caught signal 11...
[m# ---- Run standalone_ffn_decode_tp8_32_96 ----
Using masking
[0;31mE20250815 17:16:58.760178 140051504748288 output_stream.cpp:105] Opened result file: ./ffn/standalone_ffn_decode_tp8_32_96_kernel_trace.csv
[m[0;31mE20250815 17:16:58.765821 140051504748288 output_stream.cpp:105] Opened result file: ./ffn/standalone_ffn_decode_tp8_32_96_agent_info.csv
[m[0;33mW20250815 17:17:02.637339 140051504748288 tool.cpp:1902] rocprofv3_error_signal_handler caught signal 11...
[m# ---- Run standalone_ffn_decode_tp8_32_128 ----
Using masking
[0;31mE20250815 17:17:29.668327 140373531911936 output_stream.cpp:105] Opened result file: ./ffn/standalone_ffn_decode_tp8_32_128_kernel_trace.csv
[m[0;31mE20250815 17:17:29.674790 140373531911936 output_stream.cpp:105] Opened result file: ./ffn/standalone_ffn_decode_tp8_32_128_agent_info.csv
[m[0;33mW20250815 17:17:34.055291 140373531911936 tool.cpp:1902] rocprofv3_error_signal_handler caught signal 11...
[m# ---- Run standalone_ffn_decode_tp8_32_160 ----
Using masking
[0;31mE20250815 17:18:02.456226 139859975980800 output_stream.cpp:105] Opened result file: ./ffn/standalone_ffn_decode_tp8_32_160_kernel_trace.csv
[m[0;31mE20250815 17:18:02.463005 139859975980800 output_stream.cpp:105] Opened result file: ./ffn/standalone_ffn_decode_tp8_32_160_agent_info.csv
[m[0;33mW20250815 17:18:06.867358 139859975980800 tool.cpp:1902] rocprofv3_error_signal_handler caught signal 11...
[m# ---- Run standalone_ffn_decode_tp8_64_nan ----
[0;31mE20250815 17:18:33.254126 140408082347776 output_stream.cpp:105] Opened result file: ./ffn/standalone_ffn_decode_tp8_64_nan_kernel_trace.csv
[m[0;31mE20250815 17:18:33.259897 140408082347776 output_stream.cpp:105] Opened result file: ./ffn/standalone_ffn_decode_tp8_64_nan_agent_info.csv
[m# ---- Run standalone_ffn_decode_tp8_64_32 ----
Using masking
[0;31mE20250815 17:19:02.887483 140486236370688 output_stream.cpp:105] Opened result file: ./ffn/standalone_ffn_decode_tp8_64_32_kernel_trace.csv
[m[0;31mE20250815 17:19:02.893239 140486236370688 output_stream.cpp:105] Opened result file: ./ffn/standalone_ffn_decode_tp8_64_32_agent_info.csv
[m[0;33mW20250815 17:19:06.928706 140486236370688 tool.cpp:1902] rocprofv3_error_signal_handler caught signal 11...
[m# ---- Run standalone_ffn_decode_tp8_64_64 ----
Using masking
[0;31mE20250815 17:19:32.309817 140084321605376 output_stream.cpp:105] Opened result file: ./ffn/standalone_ffn_decode_tp8_64_64_kernel_trace.csv
[m[0;31mE20250815 17:19:32.315520 140084321605376 output_stream.cpp:105] Opened result file: ./ffn/standalone_ffn_decode_tp8_64_64_agent_info.csv
[m[0;33mW20250815 17:19:36.151590 140084321605376 tool.cpp:1902] rocprofv3_error_signal_handler caught signal 11...
[m# ---- Run standalone_ffn_decode_tp8_64_96 ----
Using masking
[0;31mE20250815 17:20:01.872232 140621506209536 output_stream.cpp:105] Opened result file: ./ffn/standalone_ffn_decode_tp8_64_96_kernel_trace.csv
[m[0;31mE20250815 17:20:01.877931 140621506209536 output_stream.cpp:105] Opened result file: ./ffn/standalone_ffn_decode_tp8_64_96_agent_info.csv
[m[0;33mW20250815 17:20:05.814358 140621506209536 tool.cpp:1902] rocprofv3_error_signal_handler caught signal 11...
[m# ---- Run standalone_ffn_decode_tp8_64_128 ----
Using masking
[0;31mE20250815 17:20:31.395622 140357000169216 output_stream.cpp:105] Opened result file: ./ffn/standalone_ffn_decode_tp8_64_128_kernel_trace.csv
[m[0;31mE20250815 17:20:31.401317 140357000169216 output_stream.cpp:105] Opened result file: ./ffn/standalone_ffn_decode_tp8_64_128_agent_info.csv
[m[0;33mW20250815 17:20:35.464472 140357000169216 tool.cpp:1902] rocprofv3_error_signal_handler caught signal 11...
[m# ---- Run standalone_ffn_decode_tp8_64_160 ----
Using masking
[0;31mE20250815 17:21:02.080945 139744630105856 output_stream.cpp:105] Opened result file: ./ffn/standalone_ffn_decode_tp8_64_160_kernel_trace.csv
[m[0;31mE20250815 17:21:02.087626 139744630105856 output_stream.cpp:105] Opened result file: ./ffn/standalone_ffn_decode_tp8_64_160_agent_info.csv
[m[0;33mW20250815 17:21:06.850258 139744630105856 tool.cpp:1902] rocprofv3_error_signal_handler caught signal 11...
[m# ---- Run standalone_ffn_decode_tp8_128_nan ----
[0;31mE20250815 17:21:34.366836 139634327357184 output_stream.cpp:105] Opened result file: ./ffn/standalone_ffn_decode_tp8_128_nan_kernel_trace.csv
[m[0;31mE20250815 17:21:34.373742 139634327357184 output_stream.cpp:105] Opened result file: ./ffn/standalone_ffn_decode_tp8_128_nan_agent_info.csv
[m# ---- Run standalone_ffn_decode_tp8_128_32 ----
Using masking
[0;31mE20250815 17:22:05.812800 140541589563136 output_stream.cpp:105] Opened result file: ./ffn/standalone_ffn_decode_tp8_128_32_kernel_trace.csv
[m[0;31mE20250815 17:22:05.818575 140541589563136 output_stream.cpp:105] Opened result file: ./ffn/standalone_ffn_decode_tp8_128_32_agent_info.csv
[m[0;33mW20250815 17:22:09.687278 140541589563136 tool.cpp:1902] rocprofv3_error_signal_handler caught signal 11...
[m# ---- Run standalone_ffn_decode_tp8_128_64 ----
Using masking
[0;31mE20250815 17:22:36.672765 140088291612416 output_stream.cpp:105] Opened result file: ./ffn/standalone_ffn_decode_tp8_128_64_kernel_trace.csv
[m[0;31mE20250815 17:22:36.680595 140088291612416 output_stream.cpp:105] Opened result file: ./ffn/standalone_ffn_decode_tp8_128_64_agent_info.csv
[m[0;33mW20250815 17:22:41.217073 140088291612416 tool.cpp:1902] rocprofv3_error_signal_handler caught signal 11...
[m# ---- Run standalone_ffn_decode_tp8_128_96 ----
Using masking
[0;31mE20250815 17:23:09.387955 140715387156224 output_stream.cpp:105] Opened result file: ./ffn/standalone_ffn_decode_tp8_128_96_kernel_trace.csv
[m[0;31mE20250815 17:23:09.394289 140715387156224 output_stream.cpp:105] Opened result file: ./ffn/standalone_ffn_decode_tp8_128_96_agent_info.csv
[m[0;33mW20250815 17:23:13.735726 140715387156224 tool.cpp:1902] rocprofv3_error_signal_handler caught signal 11...
[m# ---- Run standalone_ffn_decode_tp8_128_128 ----
Using masking
[0;31mE20250815 17:23:39.813425 140438444148480 output_stream.cpp:105] Opened result file: ./ffn/standalone_ffn_decode_tp8_128_128_kernel_trace.csv
[m[0;31mE20250815 17:23:39.820267 140438444148480 output_stream.cpp:105] Opened result file: ./ffn/standalone_ffn_decode_tp8_128_128_agent_info.csv
[m[0;33mW20250815 17:23:43.678179 140438444148480 tool.cpp:1902] rocprofv3_error_signal_handler caught signal 11...
[m# ---- Run standalone_ffn_decode_tp8_128_160 ----
Using masking
[0;31mE20250815 17:24:08.907209 140076864292608 output_stream.cpp:105] Opened result file: ./ffn/standalone_ffn_decode_tp8_128_160_kernel_trace.csv
[m[0;31mE20250815 17:24:08.912914 140076864292608 output_stream.cpp:105] Opened result file: ./ffn/standalone_ffn_decode_tp8_128_160_agent_info.csv
[m[0;33mW20250815 17:24:12.873989 140076864292608 tool.cpp:1902] rocprofv3_error_signal_handler caught signal 11...
[m# ---- Run standalone_ffn_prefill_tp8_1_256_nan ----
[0;31mE20250815 17:24:38.306882 140114966345472 output_stream.cpp:105] Opened result file: ./ffn/standalone_ffn_prefill_tp8_1_256_nan_kernel_trace.csv
[m[0;31mE20250815 17:24:38.312614 140114966345472 output_stream.cpp:105] Opened result file: ./ffn/standalone_ffn_prefill_tp8_1_256_nan_agent_info.csv
[m# ---- Run standalone_ffn_prefill_tp8_1_256_32 ----
Using masking
[0;31mE20250815 17:25:07.689214 140631217493760 output_stream.cpp:105] Opened result file: ./ffn/standalone_ffn_prefill_tp8_1_256_32_kernel_trace.csv
[m[0;31mE20250815 17:25:07.695045 140631217493760 output_stream.cpp:105] Opened result file: ./ffn/standalone_ffn_prefill_tp8_1_256_32_agent_info.csv
[m[0;33mW20250815 17:25:11.615743 140631217493760 tool.cpp:1902] rocprofv3_error_signal_handler caught signal 11...
[m# ---- Run standalone_ffn_prefill_tp8_1_256_64 ----
Using masking
[0;31mE20250815 17:25:37.160931 140005448288000 output_stream.cpp:105] Opened result file: ./ffn/standalone_ffn_prefill_tp8_1_256_64_kernel_trace.csv
[m[0;31mE20250815 17:25:37.166798 140005448288000 output_stream.cpp:105] Opened result file: ./ffn/standalone_ffn_prefill_tp8_1_256_64_agent_info.csv
[m[0;33mW20250815 17:25:41.150653 140005448288000 tool.cpp:1902] rocprofv3_error_signal_handler caught signal 11...
[m# ---- Run standalone_ffn_prefill_tp8_1_256_96 ----
Using masking
[0;31mE20250815 17:26:06.530748 140575461558016 output_stream.cpp:105] Opened result file: ./ffn/standalone_ffn_prefill_tp8_1_256_96_kernel_trace.csv
[m[0;31mE20250815 17:26:06.536465 140575461558016 output_stream.cpp:105] Opened result file: ./ffn/standalone_ffn_prefill_tp8_1_256_96_agent_info.csv
[m[0;33mW20250815 17:26:10.299344 140575461558016 tool.cpp:1902] rocprofv3_error_signal_handler caught signal 11...
[m# ---- Run standalone_ffn_prefill_tp8_1_256_128 ----
Using masking
[0;31mE20250815 17:26:37.652931 139965296858880 output_stream.cpp:105] Opened result file: ./ffn/standalone_ffn_prefill_tp8_1_256_128_kernel_trace.csv
[m[0;31mE20250815 17:26:37.658739 139965296858880 output_stream.cpp:105] Opened result file: ./ffn/standalone_ffn_prefill_tp8_1_256_128_agent_info.csv
[m[0;33mW20250815 17:26:41.618345 139965296858880 tool.cpp:1902] rocprofv3_error_signal_handler caught signal 11...
[m# ---- Run standalone_ffn_prefill_tp8_1_256_160 ----
Using masking
[0;31mE20250815 17:27:07.269791 140481143502592 output_stream.cpp:105] Opened result file: ./ffn/standalone_ffn_prefill_tp8_1_256_160_kernel_trace.csv
[m[0;31mE20250815 17:27:07.275528 140481143502592 output_stream.cpp:105] Opened result file: ./ffn/standalone_ffn_prefill_tp8_1_256_160_agent_info.csv
[m[0;33mW20250815 17:27:11.424187 140481143502592 tool.cpp:1902] rocprofv3_error_signal_handler caught signal 11...
[m# ---- Run standalone_ffn_prefill_tp8_1_512_nan ----
[0;31mE20250815 17:28:06.823328 140585300956928 output_stream.cpp:105] Opened result file: ./ffn/standalone_ffn_prefill_tp8_1_512_nan_kernel_trace.csv
[m[0;31mE20250815 17:28:06.829085 140585300956928 output_stream.cpp:105] Opened result file: ./ffn/standalone_ffn_prefill_tp8_1_512_nan_agent_info.csv
[m# ---- Run standalone_ffn_prefill_tp8_1_512_32 ----
Using masking
[0;31mE20250815 17:29:07.186267 140234250106624 output_stream.cpp:105] Opened result file: ./ffn/standalone_ffn_prefill_tp8_1_512_32_kernel_trace.csv
[m[0;31mE20250815 17:29:07.192142 140234250106624 output_stream.cpp:105] Opened result file: ./ffn/standalone_ffn_prefill_tp8_1_512_32_agent_info.csv
[m[0;33mW20250815 17:29:12.715035 140234250106624 tool.cpp:1902] rocprofv3_error_signal_handler caught signal 11...
[m# ---- Run standalone_ffn_prefill_tp8_1_512_64 ----
Using masking
[0;31mE20250815 17:30:10.071705 139950200194816 output_stream.cpp:105] Opened result file: ./ffn/standalone_ffn_prefill_tp8_1_512_64_kernel_trace.csv
[m[0;31mE20250815 17:30:10.077849 139950200194816 output_stream.cpp:105] Opened result file: ./ffn/standalone_ffn_prefill_tp8_1_512_64_agent_info.csv
[m[0;33mW20250815 17:30:15.828076 139950200194816 tool.cpp:1902] rocprofv3_error_signal_handler caught signal 11...
[m# ---- Run standalone_ffn_prefill_tp8_1_512_96 ----
Using masking
[0;31mE20250815 17:31:14.222131 139943606765312 output_stream.cpp:105] Opened result file: ./ffn/standalone_ffn_prefill_tp8_1_512_96_kernel_trace.csv
[m[0;31mE20250815 17:31:14.229408 139943606765312 output_stream.cpp:105] Opened result file: ./ffn/standalone_ffn_prefill_tp8_1_512_96_agent_info.csv
[m[0;33mW20250815 17:31:20.071113 139943606765312 tool.cpp:1902] rocprofv3_error_signal_handler caught signal 11...
[m# ---- Run standalone_ffn_prefill_tp8_1_512_128 ----
Using masking
[0;31mE20250815 17:32:15.909753 140695941170944 output_stream.cpp:105] Opened result file: ./ffn/standalone_ffn_prefill_tp8_1_512_128_kernel_trace.csv
[m[0;31mE20250815 17:32:15.915836 140695941170944 output_stream.cpp:105] Opened result file: ./ffn/standalone_ffn_prefill_tp8_1_512_128_agent_info.csv
[m[0;33mW20250815 17:32:21.677792 140695941170944 tool.cpp:1902] rocprofv3_error_signal_handler caught signal 11...
[m# ---- Run standalone_ffn_prefill_tp8_1_512_160 ----
Using masking
[0;31mE20250815 17:33:18.114689 140624959919872 output_stream.cpp:105] Opened result file: ./ffn/standalone_ffn_prefill_tp8_1_512_160_kernel_trace.csv
[m[0;31mE20250815 17:33:18.121001 140624959919872 output_stream.cpp:105] Opened result file: ./ffn/standalone_ffn_prefill_tp8_1_512_160_agent_info.csv
[m[0;33mW20250815 17:33:24.051027 140624959919872 tool.cpp:1902] rocprofv3_error_signal_handler caught signal 11...
[m# ---- Run standalone_ffn_prefill_tp8_1_1024_nan ----
[0;31mE20250815 17:34:23.810291 140561900156672 output_stream.cpp:105] Opened result file: ./ffn/standalone_ffn_prefill_tp8_1_1024_nan_kernel_trace.csv
[m[0;31mE20250815 17:34:23.816663 140561900156672 output_stream.cpp:105] Opened result file: ./ffn/standalone_ffn_prefill_tp8_1_1024_nan_agent_info.csv
[m# ---- Run standalone_ffn_prefill_tp8_1_1024_32 ----
Using masking
[0;31mE20250815 17:35:29.372173 140453106104064 output_stream.cpp:105] Opened result file: ./ffn/standalone_ffn_prefill_tp8_1_1024_32_kernel_trace.csv
[m[0;31mE20250815 17:35:29.378460 140453106104064 output_stream.cpp:105] Opened result file: ./ffn/standalone_ffn_prefill_tp8_1_1024_32_agent_info.csv
[m[0;33mW20250815 17:35:35.277687 140453106104064 tool.cpp:1902] rocprofv3_error_signal_handler caught signal 11...
[m# ---- Run standalone_ffn_prefill_tp8_1_1024_64 ----
Using masking
[0;31mE20250815 17:36:36.042615 140463408903936 output_stream.cpp:105] Opened result file: ./ffn/standalone_ffn_prefill_tp8_1_1024_64_kernel_trace.csv
[m[0;31mE20250815 17:36:36.048726 140463408903936 output_stream.cpp:105] Opened result file: ./ffn/standalone_ffn_prefill_tp8_1_1024_64_agent_info.csv
[m[0;33mW20250815 17:36:42.012124 140463408903936 tool.cpp:1902] rocprofv3_error_signal_handler caught signal 11...
[m# ---- Run standalone_ffn_prefill_tp8_1_1024_96 ----
Using masking
[0;31mE20250815 17:37:41.275910 140372009895680 output_stream.cpp:105] Opened result file: ./ffn/standalone_ffn_prefill_tp8_1_1024_96_kernel_trace.csv
[m[0;31mE20250815 17:37:41.282793 140372009895680 output_stream.cpp:105] Opened result file: ./ffn/standalone_ffn_prefill_tp8_1_1024_96_agent_info.csv
[m[0;33mW20250815 17:37:46.967750 140372009895680 tool.cpp:1902] rocprofv3_error_signal_handler caught signal 11...
[m# ---- Run standalone_ffn_prefill_tp8_1_1024_128 ----
Using masking
[0;31mE20250815 17:38:46.604269 140309710452480 output_stream.cpp:105] Opened result file: ./ffn/standalone_ffn_prefill_tp8_1_1024_128_kernel_trace.csv
[m[0;31mE20250815 17:38:46.610831 140309710452480 output_stream.cpp:105] Opened result file: ./ffn/standalone_ffn_prefill_tp8_1_1024_128_agent_info.csv
[m[0;33mW20250815 17:38:52.417124 140309710452480 tool.cpp:1902] rocprofv3_error_signal_handler caught signal 11...
[m# ---- Run standalone_ffn_prefill_tp8_1_1024_160 ----
Using masking
[0;31mE20250815 17:39:52.375666 140540429895424 output_stream.cpp:105] Opened result file: ./ffn/standalone_ffn_prefill_tp8_1_1024_160_kernel_trace.csv
[m[0;31mE20250815 17:39:52.381966 140540429895424 output_stream.cpp:105] Opened result file: ./ffn/standalone_ffn_prefill_tp8_1_1024_160_agent_info.csv
[m[0;33mW20250815 17:39:58.123016 140540429895424 tool.cpp:1902] rocprofv3_error_signal_handler caught signal 11...
[m# ---- Run standalone_ffn_prefill_tp8_1_2048_nan ----
[0;31mE20250815 17:40:56.738703 140703538431744 output_stream.cpp:105] Opened result file: ./ffn/standalone_ffn_prefill_tp8_1_2048_nan_kernel_trace.csv
[m[0;31mE20250815 17:40:56.744699 140703538431744 output_stream.cpp:105] Opened result file: ./ffn/standalone_ffn_prefill_tp8_1_2048_nan_agent_info.csv
[m# ---- Run standalone_ffn_prefill_tp8_1_2048_32 ----
Using masking
[0;31mE20250815 17:42:01.354363 139630479861504 output_stream.cpp:105] Opened result file: ./ffn/standalone_ffn_prefill_tp8_1_2048_32_kernel_trace.csv
[m[0;31mE20250815 17:42:01.360494 139630479861504 output_stream.cpp:105] Opened result file: ./ffn/standalone_ffn_prefill_tp8_1_2048_32_agent_info.csv
[m[0;33mW20250815 17:42:07.309155 139630479861504 tool.cpp:1902] rocprofv3_error_signal_handler caught signal 11...
[m# ---- Run standalone_ffn_prefill_tp8_1_2048_64 ----
Using masking
[0;31mE20250815 17:43:06.318408 139953295419136 output_stream.cpp:105] Opened result file: ./ffn/standalone_ffn_prefill_tp8_1_2048_64_kernel_trace.csv
[m[0;31mE20250815 17:43:06.324509 139953295419136 output_stream.cpp:105] Opened result file: ./ffn/standalone_ffn_prefill_tp8_1_2048_64_agent_info.csv
[m[0;33mW20250815 17:43:12.088988 139953295419136 tool.cpp:1902] rocprofv3_error_signal_handler caught signal 11...
[m# ---- Run standalone_ffn_prefill_tp8_1_2048_96 ----
Using masking
[0;31mE20250815 17:44:12.068704 140354583430912 output_stream.cpp:105] Opened result file: ./ffn/standalone_ffn_prefill_tp8_1_2048_96_kernel_trace.csv
[m[0;31mE20250815 17:44:12.074884 140354583430912 output_stream.cpp:105] Opened result file: ./ffn/standalone_ffn_prefill_tp8_1_2048_96_agent_info.csv
[m[0;33mW20250815 17:44:18.281679 140354583430912 tool.cpp:1902] rocprofv3_error_signal_handler caught signal 11...
[m# ---- Run standalone_ffn_prefill_tp8_1_2048_128 ----
Using masking
[0;31mE20250815 17:45:18.170700 140541339436800 output_stream.cpp:105] Opened result file: ./ffn/standalone_ffn_prefill_tp8_1_2048_128_kernel_trace.csv
[m[0;31mE20250815 17:45:18.176828 140541339436800 output_stream.cpp:105] Opened result file: ./ffn/standalone_ffn_prefill_tp8_1_2048_128_agent_info.csv
[m[0;33mW20250815 17:45:24.293407 140541339436800 tool.cpp:1902] rocprofv3_error_signal_handler caught signal 11...
[m# ---- Run standalone_ffn_prefill_tp8_1_2048_160 ----
Using masking
[0;31mE20250815 17:46:22.472115 139903945594624 output_stream.cpp:105] Opened result file: ./ffn/standalone_ffn_prefill_tp8_1_2048_160_kernel_trace.csv
[m[0;31mE20250815 17:46:22.478267 139903945594624 output_stream.cpp:105] Opened result file: ./ffn/standalone_ffn_prefill_tp8_1_2048_160_agent_info.csv
[m[0;33mW20250815 17:46:28.339373 139903945594624 tool.cpp:1902] rocprofv3_error_signal_handler caught signal 11...
[m# ---- Run standalone_ffn_prefill_tp8_1_4096_nan ----
[0;31mE20250815 17:47:24.101543 140135252178688 output_stream.cpp:105] Opened result file: ./ffn/standalone_ffn_prefill_tp8_1_4096_nan_kernel_trace.csv
[m[0;31mE20250815 17:47:24.107727 140135252178688 output_stream.cpp:105] Opened result file: ./ffn/standalone_ffn_prefill_tp8_1_4096_nan_agent_info.csv
[m# ---- Run standalone_ffn_prefill_tp8_1_4096_32 ----
Using masking
[0;31mE20250815 17:48:25.419396 140001466967808 output_stream.cpp:105] Opened result file: ./ffn/standalone_ffn_prefill_tp8_1_4096_32_kernel_trace.csv
[m[0;31mE20250815 17:48:25.425834 140001466967808 output_stream.cpp:105] Opened result file: ./ffn/standalone_ffn_prefill_tp8_1_4096_32_agent_info.csv
[m[0;33mW20250815 17:48:31.193989 140001466967808 tool.cpp:1902] rocprofv3_error_signal_handler caught signal 11...
[m# ---- Run standalone_ffn_prefill_tp8_1_4096_64 ----
Using masking
[0;31mE20250815 17:49:27.520832 140554552043264 output_stream.cpp:105] Opened result file: ./ffn/standalone_ffn_prefill_tp8_1_4096_64_kernel_trace.csv
[m[0;31mE20250815 17:49:27.527103 140554552043264 output_stream.cpp:105] Opened result file: ./ffn/standalone_ffn_prefill_tp8_1_4096_64_agent_info.csv
[m[0;33mW20250815 17:49:33.198980 140554552043264 tool.cpp:1902] rocprofv3_error_signal_handler caught signal 11...
[m# ---- Run standalone_ffn_prefill_tp8_1_4096_96 ----
Using masking
[0;31mE20250815 17:50:31.032949 139715174090496 output_stream.cpp:105] Opened result file: ./ffn/standalone_ffn_prefill_tp8_1_4096_96_kernel_trace.csv
[m[0;31mE20250815 17:50:31.039103 139715174090496 output_stream.cpp:105] Opened result file: ./ffn/standalone_ffn_prefill_tp8_1_4096_96_agent_info.csv
[m[0;33mW20250815 17:50:36.782642 139715174090496 tool.cpp:1902] rocprofv3_error_signal_handler caught signal 11...
[m# ---- Run standalone_ffn_prefill_tp8_1_4096_128 ----
Using masking
[0;31mE20250815 17:51:33.579693 140268504119040 output_stream.cpp:105] Opened result file: ./ffn/standalone_ffn_prefill_tp8_1_4096_128_kernel_trace.csv
[m[0;31mE20250815 17:51:33.585809 140268504119040 output_stream.cpp:105] Opened result file: ./ffn/standalone_ffn_prefill_tp8_1_4096_128_agent_info.csv
[m[0;33mW20250815 17:51:39.211333 140268504119040 tool.cpp:1902] rocprofv3_error_signal_handler caught signal 11...
[m# ---- Run standalone_ffn_prefill_tp8_1_4096_160 ----
Using masking
[0;31mE20250815 17:52:35.819941 139824472131328 output_stream.cpp:105] Opened result file: ./ffn/standalone_ffn_prefill_tp8_1_4096_160_kernel_trace.csv
[m[0;31mE20250815 17:52:35.826185 139824472131328 output_stream.cpp:105] Opened result file: ./ffn/standalone_ffn_prefill_tp8_1_4096_160_agent_info.csv
[m[0;33mW20250815 17:52:41.521038 139824472131328 tool.cpp:1902] rocprofv3_error_signal_handler caught signal 11...
[m# ---- Run standalone_ffn_prefill_tp8_1_8192_nan ----
[0;31mE20250815 17:53:40.559576 139626848106240 output_stream.cpp:105] Opened result file: ./ffn/standalone_ffn_prefill_tp8_1_8192_nan_kernel_trace.csv
[m[0;31mE20250815 17:53:40.565228 139626848106240 output_stream.cpp:105] Opened result file: ./ffn/standalone_ffn_prefill_tp8_1_8192_nan_agent_info.csv
[m# ---- Run standalone_ffn_prefill_tp8_1_8192_32 ----
Using masking
[0;31mE20250815 17:54:43.544765 140272866096896 output_stream.cpp:105] Opened result file: ./ffn/standalone_ffn_prefill_tp8_1_8192_32_kernel_trace.csv
[m[0;31mE20250815 17:54:43.550502 140272866096896 output_stream.cpp:105] Opened result file: ./ffn/standalone_ffn_prefill_tp8_1_8192_32_agent_info.csv
[m[0;33mW20250815 17:54:49.034432 140272866096896 tool.cpp:1902] rocprofv3_error_signal_handler caught signal 11...
[m# ---- Run standalone_ffn_prefill_tp8_1_8192_64 ----
Using masking
[0;31mE20250815 17:55:46.185197 140554490894080 output_stream.cpp:105] Opened result file: ./ffn/standalone_ffn_prefill_tp8_1_8192_64_kernel_trace.csv
[m[0;31mE20250815 17:55:46.190896 140554490894080 output_stream.cpp:105] Opened result file: ./ffn/standalone_ffn_prefill_tp8_1_8192_64_agent_info.csv
[m[0;33mW20250815 17:55:51.940025 140554490894080 tool.cpp:1902] rocprofv3_error_signal_handler caught signal 11...
[m# ---- Run standalone_ffn_prefill_tp8_1_8192_96 ----
Using masking
[0;31mE20250815 17:56:49.081722 140548885137152 output_stream.cpp:105] Opened result file: ./ffn/standalone_ffn_prefill_tp8_1_8192_96_kernel_trace.csv
[m[0;31mE20250815 17:56:49.087432 140548885137152 output_stream.cpp:105] Opened result file: ./ffn/standalone_ffn_prefill_tp8_1_8192_96_agent_info.csv
[m[0;33mW20250815 17:56:54.376882 140548885137152 tool.cpp:1902] rocprofv3_error_signal_handler caught signal 11...
[m# ---- Run standalone_ffn_prefill_tp8_1_8192_128 ----
Using masking
[0;31mE20250815 17:57:51.695469 139932844349184 output_stream.cpp:105] Opened result file: ./ffn/standalone_ffn_prefill_tp8_1_8192_128_kernel_trace.csv
[m[0;31mE20250815 17:57:51.701154 139932844349184 output_stream.cpp:105] Opened result file: ./ffn/standalone_ffn_prefill_tp8_1_8192_128_agent_info.csv
[m[0;33mW20250815 17:57:57.174387 139932844349184 tool.cpp:1902] rocprofv3_error_signal_handler caught signal 11...
[m# ---- Run standalone_ffn_prefill_tp8_1_8192_160 ----
Using masking
[0;31mE20250815 17:58:58.226546 139670104082176 output_stream.cpp:105] Opened result file: ./ffn/standalone_ffn_prefill_tp8_1_8192_160_kernel_trace.csv
[m[0;31mE20250815 17:58:58.233301 139670104082176 output_stream.cpp:105] Opened result file: ./ffn/standalone_ffn_prefill_tp8_1_8192_160_agent_info.csv
[m[0;33mW20250815 17:59:04.520333 139670104082176 tool.cpp:1902] rocprofv3_error_signal_handler caught signal 11...
[m# ---- Run standalone_ffn_prefill_tp8_2_256_nan ----
[0;31mE20250815 18:00:03.372724 139838790539008 output_stream.cpp:105] Opened result file: ./ffn/standalone_ffn_prefill_tp8_2_256_nan_kernel_trace.csv
[m[0;31mE20250815 18:00:03.378937 139838790539008 output_stream.cpp:105] Opened result file: ./ffn/standalone_ffn_prefill_tp8_2_256_nan_agent_info.csv
[m# ---- Run standalone_ffn_prefill_tp8_2_256_32 ----
Using masking
[0;31mE20250815 18:01:07.654601 139649289099008 output_stream.cpp:105] Opened result file: ./ffn/standalone_ffn_prefill_tp8_2_256_32_kernel_trace.csv
[m[0;31mE20250815 18:01:07.660983 139649289099008 output_stream.cpp:105] Opened result file: ./ffn/standalone_ffn_prefill_tp8_2_256_32_agent_info.csv
[m[0;33mW20250815 18:01:13.568844 139649289099008 tool.cpp:1902] rocprofv3_error_signal_handler caught signal 11...
[m# ---- Run standalone_ffn_prefill_tp8_2_256_64 ----
Using masking
[0;31mE20250815 18:02:11.387701 140291988010752 output_stream.cpp:105] Opened result file: ./ffn/standalone_ffn_prefill_tp8_2_256_64_kernel_trace.csv
[m[0;31mE20250815 18:02:11.393958 140291988010752 output_stream.cpp:105] Opened result file: ./ffn/standalone_ffn_prefill_tp8_2_256_64_agent_info.csv
[m[0;33mW20250815 18:02:17.260954 140291988010752 tool.cpp:1902] rocprofv3_error_signal_handler caught signal 11...
[m# ---- Run standalone_ffn_prefill_tp8_2_256_96 ----
Using masking
[0;31mE20250815 18:03:15.416459 140433242691328 output_stream.cpp:105] Opened result file: ./ffn/standalone_ffn_prefill_tp8_2_256_96_kernel_trace.csv
[m[0;31mE20250815 18:03:15.422783 140433242691328 output_stream.cpp:105] Opened result file: ./ffn/standalone_ffn_prefill_tp8_2_256_96_agent_info.csv
[m[0;33mW20250815 18:03:21.348774 140433242691328 tool.cpp:1902] rocprofv3_error_signal_handler caught signal 11...
[m# ---- Run standalone_ffn_prefill_tp8_2_256_128 ----
Using masking
[0;31mE20250815 18:04:19.261473 140609395496704 output_stream.cpp:105] Opened result file: ./ffn/standalone_ffn_prefill_tp8_2_256_128_kernel_trace.csv
[m[0;31mE20250815 18:04:19.267831 140609395496704 output_stream.cpp:105] Opened result file: ./ffn/standalone_ffn_prefill_tp8_2_256_128_agent_info.csv
[m[0;33mW20250815 18:04:25.339125 140609395496704 tool.cpp:1902] rocprofv3_error_signal_handler caught signal 11...
[m# ---- Run standalone_ffn_prefill_tp8_2_256_160 ----
Using masking
[0;31mE20250815 18:05:22.586076 140063702644480 output_stream.cpp:105] Opened result file: ./ffn/standalone_ffn_prefill_tp8_2_256_160_kernel_trace.csv
[m[0;31mE20250815 18:05:22.592501 140063702644480 output_stream.cpp:105] Opened result file: ./ffn/standalone_ffn_prefill_tp8_2_256_160_agent_info.csv
[m[0;33mW20250815 18:05:28.660614 140063702644480 tool.cpp:1902] rocprofv3_error_signal_handler caught signal 11...
[m# ---- Run standalone_ffn_prefill_tp8_2_512_nan ----
[0;31mE20250815 18:06:28.743374 140394196911872 output_stream.cpp:105] Opened result file: ./ffn/standalone_ffn_prefill_tp8_2_512_nan_kernel_trace.csv
[m[0;31mE20250815 18:06:28.749674 140394196911872 output_stream.cpp:105] Opened result file: ./ffn/standalone_ffn_prefill_tp8_2_512_nan_agent_info.csv
[m# ---- Run standalone_ffn_prefill_tp8_2_512_32 ----
Using masking
[0;31mE20250815 18:07:34.404748 140358729733888 output_stream.cpp:105] Opened result file: ./ffn/standalone_ffn_prefill_tp8_2_512_32_kernel_trace.csv
[m[0;31mE20250815 18:07:34.411128 140358729733888 output_stream.cpp:105] Opened result file: ./ffn/standalone_ffn_prefill_tp8_2_512_32_agent_info.csv
[m[0;33mW20250815 18:07:40.294420 140358729733888 tool.cpp:1902] rocprofv3_error_signal_handler caught signal 11...
[m# ---- Run standalone_ffn_prefill_tp8_2_512_64 ----
Using masking
[0;31mE20250815 18:08:41.688888 140239351600896 output_stream.cpp:105] Opened result file: ./ffn/standalone_ffn_prefill_tp8_2_512_64_kernel_trace.csv
[m[0;31mE20250815 18:08:41.695374 140239351600896 output_stream.cpp:105] Opened result file: ./ffn/standalone_ffn_prefill_tp8_2_512_64_agent_info.csv
[m[0;33mW20250815 18:08:47.678044 140239351600896 tool.cpp:1902] rocprofv3_error_signal_handler caught signal 11...
[m# ---- Run standalone_ffn_prefill_tp8_2_512_96 ----
Using masking
[0;31mE20250815 18:09:47.784157 140216464439040 output_stream.cpp:105] Opened result file: ./ffn/standalone_ffn_prefill_tp8_2_512_96_kernel_trace.csv
[m[0;31mE20250815 18:09:47.790452 140216464439040 output_stream.cpp:105] Opened result file: ./ffn/standalone_ffn_prefill_tp8_2_512_96_agent_info.csv
[m[0;33mW20250815 18:09:54.070987 140216464439040 tool.cpp:1902] rocprofv3_error_signal_handler caught signal 11...
[m# ---- Run standalone_ffn_prefill_tp8_2_512_128 ----
Using masking
[0;31mE20250815 18:10:55.157722 140001485854464 output_stream.cpp:105] Opened result file: ./ffn/standalone_ffn_prefill_tp8_2_512_128_kernel_trace.csv
[m[0;31mE20250815 18:10:55.164035 140001485854464 output_stream.cpp:105] Opened result file: ./ffn/standalone_ffn_prefill_tp8_2_512_128_agent_info.csv
[m[0;33mW20250815 18:11:01.201981 140001485854464 tool.cpp:1902] rocprofv3_error_signal_handler caught signal 11...
[m# ---- Run standalone_ffn_prefill_tp8_2_512_160 ----
Using masking
[0;31mE20250815 18:12:00.596341 140639856318208 output_stream.cpp:105] Opened result file: ./ffn/standalone_ffn_prefill_tp8_2_512_160_kernel_trace.csv
[m[0;31mE20250815 18:12:00.602238 140639856318208 output_stream.cpp:105] Opened result file: ./ffn/standalone_ffn_prefill_tp8_2_512_160_agent_info.csv
[m[0;33mW20250815 18:12:06.269463 140639856318208 tool.cpp:1902] rocprofv3_error_signal_handler caught signal 11...
[m# ---- Run standalone_ffn_prefill_tp8_2_1024_nan ----
[0;31mE20250815 18:13:03.494920 140055520249600 output_stream.cpp:105] Opened result file: ./ffn/standalone_ffn_prefill_tp8_2_1024_nan_kernel_trace.csv
[m[0;31mE20250815 18:13:03.501297 140055520249600 output_stream.cpp:105] Opened result file: ./ffn/standalone_ffn_prefill_tp8_2_1024_nan_agent_info.csv
[m# ---- Run standalone_ffn_prefill_tp8_2_1024_32 ----
Using masking
[0;31mE20250815 18:14:09.135395 139863773439744 output_stream.cpp:105] Opened result file: ./ffn/standalone_ffn_prefill_tp8_2_1024_32_kernel_trace.csv
[m[0;31mE20250815 18:14:09.141520 139863773439744 output_stream.cpp:105] Opened result file: ./ffn/standalone_ffn_prefill_tp8_2_1024_32_agent_info.csv
[m[0;33mW20250815 18:14:14.996429 139863773439744 tool.cpp:1902] rocprofv3_error_signal_handler caught signal 11...
[m# ---- Run standalone_ffn_prefill_tp8_2_1024_64 ----
Using masking
[0;31mE20250815 18:15:14.277172 139936090683136 output_stream.cpp:105] Opened result file: ./ffn/standalone_ffn_prefill_tp8_2_1024_64_kernel_trace.csv
[m[0;31mE20250815 18:15:14.282938 139936090683136 output_stream.cpp:105] Opened result file: ./ffn/standalone_ffn_prefill_tp8_2_1024_64_agent_info.csv
[m[0;33mW20250815 18:15:19.939048 139936090683136 tool.cpp:1902] rocprofv3_error_signal_handler caught signal 11...
[m# ---- Run standalone_ffn_prefill_tp8_2_1024_96 ----
Using masking
[0;31mE20250815 18:16:17.259385 139974821033728 output_stream.cpp:105] Opened result file: ./ffn/standalone_ffn_prefill_tp8_2_1024_96_kernel_trace.csv
[m[0;31mE20250815 18:16:17.265028 139974821033728 output_stream.cpp:105] Opened result file: ./ffn/standalone_ffn_prefill_tp8_2_1024_96_agent_info.csv
[m[0;33mW20250815 18:16:22.842477 139974821033728 tool.cpp:1902] rocprofv3_error_signal_handler caught signal 11...
[m# ---- Run standalone_ffn_prefill_tp8_2_1024_128 ----
Using masking
[0;31mE20250815 18:17:21.298133 139886916863744 output_stream.cpp:105] Opened result file: ./ffn/standalone_ffn_prefill_tp8_2_1024_128_kernel_trace.csv
[m[0;31mE20250815 18:17:21.304730 139886916863744 output_stream.cpp:105] Opened result file: ./ffn/standalone_ffn_prefill_tp8_2_1024_128_agent_info.csv
[m[0;33mW20250815 18:17:26.826528 139886916863744 tool.cpp:1902] rocprofv3_error_signal_handler caught signal 11...
[m# ---- Run standalone_ffn_prefill_tp8_2_1024_160 ----
Using masking
[0;31mE20250815 18:18:23.990899 140278628775680 output_stream.cpp:105] Opened result file: ./ffn/standalone_ffn_prefill_tp8_2_1024_160_kernel_trace.csv
[m[0;31mE20250815 18:18:23.996749 140278628775680 output_stream.cpp:105] Opened result file: ./ffn/standalone_ffn_prefill_tp8_2_1024_160_agent_info.csv
[m[0;33mW20250815 18:18:29.520263 140278628775680 tool.cpp:1902] rocprofv3_error_signal_handler caught signal 11...
[m# ---- Run standalone_ffn_prefill_tp8_2_2048_nan ----
[0;31mE20250815 18:19:24.721783 139794630223616 output_stream.cpp:105] Opened result file: ./ffn/standalone_ffn_prefill_tp8_2_2048_nan_kernel_trace.csv
[m[0;31mE20250815 18:19:24.727432 139794630223616 output_stream.cpp:105] Opened result file: ./ffn/standalone_ffn_prefill_tp8_2_2048_nan_agent_info.csv
[m# ---- Run standalone_ffn_prefill_tp8_2_2048_32 ----
Using masking
[0;31mE20250815 18:20:26.494603 140247773533952 output_stream.cpp:105] Opened result file: ./ffn/standalone_ffn_prefill_tp8_2_2048_32_kernel_trace.csv
[m[0;31mE20250815 18:20:26.500434 140247773533952 output_stream.cpp:105] Opened result file: ./ffn/standalone_ffn_prefill_tp8_2_2048_32_agent_info.csv
[m[0;33mW20250815 18:20:31.777173 140247773533952 tool.cpp:1902] rocprofv3_error_signal_handler caught signal 11...
[m# ---- Run standalone_ffn_prefill_tp8_2_2048_64 ----
Using masking
[0;31mE20250815 18:21:27.160255 140591595915008 output_stream.cpp:105] Opened result file: ./ffn/standalone_ffn_prefill_tp8_2_2048_64_kernel_trace.csv
[m[0;31mE20250815 18:21:27.166121 140591595915008 output_stream.cpp:105] Opened result file: ./ffn/standalone_ffn_prefill_tp8_2_2048_64_agent_info.csv
[m[0;33mW20250815 18:21:32.549093 140591595915008 tool.cpp:1902] rocprofv3_error_signal_handler caught signal 11...
[m# ---- Run standalone_ffn_prefill_tp8_2_2048_96 ----
Using masking
[0;31mE20250815 18:22:29.513284 140202886977280 output_stream.cpp:105] Opened result file: ./ffn/standalone_ffn_prefill_tp8_2_2048_96_kernel_trace.csv
[m[0;31mE20250815 18:22:29.520083 140202886977280 output_stream.cpp:105] Opened result file: ./ffn/standalone_ffn_prefill_tp8_2_2048_96_agent_info.csv
[m[0;33mW20250815 18:22:35.585156 140202886977280 tool.cpp:1902] rocprofv3_error_signal_handler caught signal 11...
[m# ---- Run standalone_ffn_prefill_tp8_2_2048_128 ----
Using masking
[0;31mE20250815 18:23:33.436696 140384327706368 output_stream.cpp:105] Opened result file: ./ffn/standalone_ffn_prefill_tp8_2_2048_128_kernel_trace.csv
[m[0;31mE20250815 18:23:33.443082 140384327706368 output_stream.cpp:105] Opened result file: ./ffn/standalone_ffn_prefill_tp8_2_2048_128_agent_info.csv
[m[0;33mW20250815 18:23:39.482305 140384327706368 tool.cpp:1902] rocprofv3_error_signal_handler caught signal 11...
[m# ---- Run standalone_ffn_prefill_tp8_2_2048_160 ----
Using masking
[0;31mE20250815 18:24:36.104849 140009149966080 output_stream.cpp:105] Opened result file: ./ffn/standalone_ffn_prefill_tp8_2_2048_160_kernel_trace.csv
[m[0;31mE20250815 18:24:36.110701 140009149966080 output_stream.cpp:105] Opened result file: ./ffn/standalone_ffn_prefill_tp8_2_2048_160_agent_info.csv
[m[0;33mW20250815 18:24:41.506660 140009149966080 tool.cpp:1902] rocprofv3_error_signal_handler caught signal 11...
[m# ---- Run standalone_ffn_prefill_tp8_2_4096_nan ----
[0;31mE20250815 18:25:38.429873 140457733388032 output_stream.cpp:105] Opened result file: ./ffn/standalone_ffn_prefill_tp8_2_4096_nan_kernel_trace.csv
[m[0;31mE20250815 18:25:38.435586 140457733388032 output_stream.cpp:105] Opened result file: ./ffn/standalone_ffn_prefill_tp8_2_4096_nan_agent_info.csv
[m# ---- Run standalone_ffn_prefill_tp8_2_4096_32 ----
Using masking
[0;31mE20250815 18:26:41.550213 140467522729728 output_stream.cpp:105] Opened result file: ./ffn/standalone_ffn_prefill_tp8_2_4096_32_kernel_trace.csv
[m[0;31mE20250815 18:26:41.556084 140467522729728 output_stream.cpp:105] Opened result file: ./ffn/standalone_ffn_prefill_tp8_2_4096_32_agent_info.csv
[m[0;33mW20250815 18:26:47.154009 140467522729728 tool.cpp:1902] rocprofv3_error_signal_handler caught signal 11...
[m# ---- Run standalone_ffn_prefill_tp8_2_4096_64 ----
Using masking
[0;31mE20250815 18:27:44.475855 139903000786688 output_stream.cpp:105] Opened result file: ./ffn/standalone_ffn_prefill_tp8_2_4096_64_kernel_trace.csv
[m[0;31mE20250815 18:27:44.481590 139903000786688 output_stream.cpp:105] Opened result file: ./ffn/standalone_ffn_prefill_tp8_2_4096_64_agent_info.csv
[m[0;33mW20250815 18:27:50.139818 139903000786688 tool.cpp:1902] rocprofv3_error_signal_handler caught signal 11...
[m# ---- Run standalone_ffn_prefill_tp8_2_4096_96 ----
Using masking
[0;31mE20250815 18:28:46.653647 140676072773376 output_stream.cpp:105] Opened result file: ./ffn/standalone_ffn_prefill_tp8_2_4096_96_kernel_trace.csv
[m[0;31mE20250815 18:28:46.659310 140676072773376 output_stream.cpp:105] Opened result file: ./ffn/standalone_ffn_prefill_tp8_2_4096_96_agent_info.csv
[m[0;33mW20250815 18:28:51.966683 140676072773376 tool.cpp:1902] rocprofv3_error_signal_handler caught signal 11...
[m# ---- Run standalone_ffn_prefill_tp8_2_4096_128 ----
Using masking
[0;31mE20250815 18:29:49.010558 140145208956672 output_stream.cpp:105] Opened result file: ./ffn/standalone_ffn_prefill_tp8_2_4096_128_kernel_trace.csv
[m[0;31mE20250815 18:29:49.016256 140145208956672 output_stream.cpp:105] Opened result file: ./ffn/standalone_ffn_prefill_tp8_2_4096_128_agent_info.csv
[m[0;33mW20250815 18:29:54.559934 140145208956672 tool.cpp:1902] rocprofv3_error_signal_handler caught signal 11...
[m# ---- Run standalone_ffn_prefill_tp8_2_4096_160 ----
Using masking
[0;31mE20250815 18:30:51.460328 139776626038528 output_stream.cpp:105] Opened result file: ./ffn/standalone_ffn_prefill_tp8_2_4096_160_kernel_trace.csv
[m[0;31mE20250815 18:30:51.465974 139776626038528 output_stream.cpp:105] Opened result file: ./ffn/standalone_ffn_prefill_tp8_2_4096_160_agent_info.csv
[m[0;33mW20250815 18:30:56.792458 139776626038528 tool.cpp:1902] rocprofv3_error_signal_handler caught signal 11...
[m# ---- Run standalone_ffn_prefill_tp8_2_8192_nan ----
[0;31mE20250815 18:31:54.432468 140290627589888 output_stream.cpp:105] Opened result file: ./ffn/standalone_ffn_prefill_tp8_2_8192_nan_kernel_trace.csv
[m[0;31mE20250815 18:31:54.438013 140290627589888 output_stream.cpp:105] Opened result file: ./ffn/standalone_ffn_prefill_tp8_2_8192_nan_agent_info.csv
[m# ---- Run standalone_ffn_prefill_tp8_2_8192_32 ----
Using masking
[0;31mE20250815 18:32:56.800597 140585951745792 output_stream.cpp:105] Opened result file: ./ffn/standalone_ffn_prefill_tp8_2_8192_32_kernel_trace.csv
[m[0;31mE20250815 18:32:56.806770 140585951745792 output_stream.cpp:105] Opened result file: ./ffn/standalone_ffn_prefill_tp8_2_8192_32_agent_info.csv
[m[0;33mW20250815 18:33:02.222085 140585951745792 tool.cpp:1902] rocprofv3_error_signal_handler caught signal 11...
[m# ---- Run standalone_ffn_prefill_tp8_2_8192_64 ----
Using masking
[0;31mE20250815 18:33:59.368907 140040617633536 output_stream.cpp:105] Opened result file: ./ffn/standalone_ffn_prefill_tp8_2_8192_64_kernel_trace.csv
[m[0;31mE20250815 18:33:59.374969 140040617633536 output_stream.cpp:105] Opened result file: ./ffn/standalone_ffn_prefill_tp8_2_8192_64_agent_info.csv
[m[0;33mW20250815 18:34:04.876947 140040617633536 tool.cpp:1902] rocprofv3_error_signal_handler caught signal 11...
[m# ---- Run standalone_ffn_prefill_tp8_2_8192_96 ----
Using masking
[0;31mE20250815 18:35:01.773831 139779082741504 output_stream.cpp:105] Opened result file: ./ffn/standalone_ffn_prefill_tp8_2_8192_96_kernel_trace.csv
[m[0;31mE20250815 18:35:01.779459 139779082741504 output_stream.cpp:105] Opened result file: ./ffn/standalone_ffn_prefill_tp8_2_8192_96_agent_info.csv
[m[0;33mW20250815 18:35:07.119542 139779082741504 tool.cpp:1902] rocprofv3_error_signal_handler caught signal 11...
[m# ---- Run standalone_ffn_prefill_tp8_2_8192_128 ----
Using masking
[0;31mE20250815 18:36:04.306233 140313895782144 output_stream.cpp:105] Opened result file: ./ffn/standalone_ffn_prefill_tp8_2_8192_128_kernel_trace.csv
[m[0;31mE20250815 18:36:04.312028 140313895782144 output_stream.cpp:105] Opened result file: ./ffn/standalone_ffn_prefill_tp8_2_8192_128_agent_info.csv
[m[0;33mW20250815 18:36:09.878922 140313895782144 tool.cpp:1902] rocprofv3_error_signal_handler caught signal 11...
[m# ---- Run standalone_ffn_prefill_tp8_2_8192_160 ----
Using masking
[0;31mE20250815 18:37:07.666596 140532171187968 output_stream.cpp:105] Opened result file: ./ffn/standalone_ffn_prefill_tp8_2_8192_160_kernel_trace.csv
[m[0;31mE20250815 18:37:07.672788 140532171187968 output_stream.cpp:105] Opened result file: ./ffn/standalone_ffn_prefill_tp8_2_8192_160_agent_info.csv
[m[0;33mW20250815 18:37:13.019987 140532171187968 tool.cpp:1902] rocprofv3_error_signal_handler caught signal 11...
[m# ---- Run standalone_ffn_prefill_tp8_4_256_nan ----
[0;31mE20250815 18:38:11.038406 140649728988928 output_stream.cpp:105] Opened result file: ./ffn/standalone_ffn_prefill_tp8_4_256_nan_kernel_trace.csv
[m[0;31mE20250815 18:38:11.044091 140649728988928 output_stream.cpp:105] Opened result file: ./ffn/standalone_ffn_prefill_tp8_4_256_nan_agent_info.csv
[m# ---- Run standalone_ffn_prefill_tp8_4_256_32 ----
Using masking
[0;31mE20250815 18:39:13.968819 140040133289728 output_stream.cpp:105] Opened result file: ./ffn/standalone_ffn_prefill_tp8_4_256_32_kernel_trace.csv
[m[0;31mE20250815 18:39:13.975190 140040133289728 output_stream.cpp:105] Opened result file: ./ffn/standalone_ffn_prefill_tp8_4_256_32_agent_info.csv
[m[0;33mW20250815 18:39:19.440997 140040133289728 tool.cpp:1902] rocprofv3_error_signal_handler caught signal 11...
[m# ---- Run standalone_ffn_prefill_tp8_4_256_64 ----
Using masking
[0;31mE20250815 18:40:16.575588 140637560645376 output_stream.cpp:105] Opened result file: ./ffn/standalone_ffn_prefill_tp8_4_256_64_kernel_trace.csv
[m[0;31mE20250815 18:40:16.581256 140637560645376 output_stream.cpp:105] Opened result file: ./ffn/standalone_ffn_prefill_tp8_4_256_64_agent_info.csv
[m[0;33mW20250815 18:40:21.975108 140637560645376 tool.cpp:1902] rocprofv3_error_signal_handler caught signal 11...
[m# ---- Run standalone_ffn_prefill_tp8_4_256_96 ----
Using masking
[0;31mE20250815 18:41:19.005470 140065527101184 output_stream.cpp:105] Opened result file: ./ffn/standalone_ffn_prefill_tp8_4_256_96_kernel_trace.csv
[m[0;31mE20250815 18:41:19.011799 140065527101184 output_stream.cpp:105] Opened result file: ./ffn/standalone_ffn_prefill_tp8_4_256_96_agent_info.csv
[m[0;33mW20250815 18:41:24.394914 140065527101184 tool.cpp:1902] rocprofv3_error_signal_handler caught signal 11...
[m# ---- Run standalone_ffn_prefill_tp8_4_256_128 ----
Using masking
[0;31mE20250815 18:42:22.420454 139857305306880 output_stream.cpp:105] Opened result file: ./ffn/standalone_ffn_prefill_tp8_4_256_128_kernel_trace.csv
[m[0;31mE20250815 18:42:22.426172 139857305306880 output_stream.cpp:105] Opened result file: ./ffn/standalone_ffn_prefill_tp8_4_256_128_agent_info.csv
[m[0;33mW20250815 18:42:27.938904 139857305306880 tool.cpp:1902] rocprofv3_error_signal_handler caught signal 11...
[m# ---- Run standalone_ffn_prefill_tp8_4_256_160 ----
Using masking
[0;31mE20250815 18:43:25.378265 140586489480960 output_stream.cpp:105] Opened result file: ./ffn/standalone_ffn_prefill_tp8_4_256_160_kernel_trace.csv
[m[0;31mE20250815 18:43:25.384282 140586489480960 output_stream.cpp:105] Opened result file: ./ffn/standalone_ffn_prefill_tp8_4_256_160_agent_info.csv
[m[0;33mW20250815 18:43:30.810147 140586489480960 tool.cpp:1902] rocprofv3_error_signal_handler caught signal 11...
[m# ---- Run standalone_ffn_prefill_tp8_4_512_nan ----
[0;31mE20250815 18:44:27.947887 140108702762752 output_stream.cpp:105] Opened result file: ./ffn/standalone_ffn_prefill_tp8_4_512_nan_kernel_trace.csv
[m[0;31mE20250815 18:44:27.953816 140108702762752 output_stream.cpp:105] Opened result file: ./ffn/standalone_ffn_prefill_tp8_4_512_nan_agent_info.csv
[m# ---- Run standalone_ffn_prefill_tp8_4_512_32 ----
Using masking
[0;31mE20250815 18:45:31.284148 139901461067520 output_stream.cpp:105] Opened result file: ./ffn/standalone_ffn_prefill_tp8_4_512_32_kernel_trace.csv
[m[0;31mE20250815 18:45:31.289937 139901461067520 output_stream.cpp:105] Opened result file: ./ffn/standalone_ffn_prefill_tp8_4_512_32_agent_info.csv
[m[0;33mW20250815 18:45:36.990123 139901461067520 tool.cpp:1902] rocprofv3_error_signal_handler caught signal 11...
[m# ---- Run standalone_ffn_prefill_tp8_4_512_64 ----
Using masking
[0;31mE20250815 18:46:33.794144 140319200937728 output_stream.cpp:105] Opened result file: ./ffn/standalone_ffn_prefill_tp8_4_512_64_kernel_trace.csv
[m[0;31mE20250815 18:46:33.799858 140319200937728 output_stream.cpp:105] Opened result file: ./ffn/standalone_ffn_prefill_tp8_4_512_64_agent_info.csv
[m[0;33mW20250815 18:46:39.238708 140319200937728 tool.cpp:1902] rocprofv3_error_signal_handler caught signal 11...
[m# ---- Run standalone_ffn_prefill_tp8_4_512_96 ----
Using masking
[0;31mE20250815 18:47:36.582471 140465464104704 output_stream.cpp:105] Opened result file: ./ffn/standalone_ffn_prefill_tp8_4_512_96_kernel_trace.csv
[m[0;31mE20250815 18:47:36.588150 140465464104704 output_stream.cpp:105] Opened result file: ./ffn/standalone_ffn_prefill_tp8_4_512_96_agent_info.csv
[m[0;33mW20250815 18:47:41.936279 140465464104704 tool.cpp:1902] rocprofv3_error_signal_handler caught signal 11...
[m# ---- Run standalone_ffn_prefill_tp8_4_512_128 ----
Using masking
[0;31mE20250815 18:48:39.005964 139934105851648 output_stream.cpp:105] Opened result file: ./ffn/standalone_ffn_prefill_tp8_4_512_128_kernel_trace.csv
[m[0;31mE20250815 18:48:39.011855 139934105851648 output_stream.cpp:105] Opened result file: ./ffn/standalone_ffn_prefill_tp8_4_512_128_agent_info.csv
[m[0;33mW20250815 18:48:44.505387 139934105851648 tool.cpp:1902] rocprofv3_error_signal_handler caught signal 11...
[m# ---- Run standalone_ffn_prefill_tp8_4_512_160 ----
Using masking
[0;31mE20250815 18:49:42.339718 140067957720832 output_stream.cpp:105] Opened result file: ./ffn/standalone_ffn_prefill_tp8_4_512_160_kernel_trace.csv
[m[0;31mE20250815 18:49:42.345797 140067957720832 output_stream.cpp:105] Opened result file: ./ffn/standalone_ffn_prefill_tp8_4_512_160_agent_info.csv
[m[0;33mW20250815 18:49:47.975661 140067957720832 tool.cpp:1902] rocprofv3_error_signal_handler caught signal 11...
[m# ---- Run standalone_ffn_prefill_tp8_4_1024_nan ----
[0;31mE20250815 18:50:43.438551 140012091524864 output_stream.cpp:105] Opened result file: ./ffn/standalone_ffn_prefill_tp8_4_1024_nan_kernel_trace.csv
[m[0;31mE20250815 18:50:43.444310 140012091524864 output_stream.cpp:105] Opened result file: ./ffn/standalone_ffn_prefill_tp8_4_1024_nan_agent_info.csv
[m# ---- Run standalone_ffn_prefill_tp8_4_1024_32 ----
Using masking
[0;31mE20250815 18:51:44.259734 140165805410048 output_stream.cpp:105] Opened result file: ./ffn/standalone_ffn_prefill_tp8_4_1024_32_kernel_trace.csv
[m[0;31mE20250815 18:51:44.265423 140165805410048 output_stream.cpp:105] Opened result file: ./ffn/standalone_ffn_prefill_tp8_4_1024_32_agent_info.csv
[m[0;33mW20250815 18:51:49.667132 140165805410048 tool.cpp:1902] rocprofv3_error_signal_handler caught signal 11...
[m# ---- Run standalone_ffn_prefill_tp8_4_1024_64 ----
Using masking
[0;31mE20250815 18:52:45.477614 140347000256256 output_stream.cpp:105] Opened result file: ./ffn/standalone_ffn_prefill_tp8_4_1024_64_kernel_trace.csv
[m[0;31mE20250815 18:52:45.483435 140347000256256 output_stream.cpp:105] Opened result file: ./ffn/standalone_ffn_prefill_tp8_4_1024_64_agent_info.csv
[m[0;33mW20250815 18:52:51.037544 140347000256256 tool.cpp:1902] rocprofv3_error_signal_handler caught signal 11...
[m# ---- Run standalone_ffn_prefill_tp8_4_1024_96 ----
Using masking
[0;31mE20250815 18:53:46.134077 140511532291840 output_stream.cpp:105] Opened result file: ./ffn/standalone_ffn_prefill_tp8_4_1024_96_kernel_trace.csv
[m[0;31mE20250815 18:53:46.139596 140511532291840 output_stream.cpp:105] Opened result file: ./ffn/standalone_ffn_prefill_tp8_4_1024_96_agent_info.csv
[m[0;33mW20250815 18:53:51.358644 140511532291840 tool.cpp:1902] rocprofv3_error_signal_handler caught signal 11...
[m# ---- Run standalone_ffn_prefill_tp8_4_1024_128 ----
Using masking
[0;31mE20250815 18:54:47.929947 140264942962432 output_stream.cpp:105] Opened result file: ./ffn/standalone_ffn_prefill_tp8_4_1024_128_kernel_trace.csv
[m[0;31mE20250815 18:54:47.935985 140264942962432 output_stream.cpp:105] Opened result file: ./ffn/standalone_ffn_prefill_tp8_4_1024_128_agent_info.csv
[m[0;33mW20250815 18:54:53.188071 140264942962432 tool.cpp:1902] rocprofv3_error_signal_handler caught signal 11...
[m# ---- Run standalone_ffn_prefill_tp8_4_1024_160 ----
Using masking
[0;31mE20250815 18:55:48.582633 140615267632896 output_stream.cpp:105] Opened result file: ./ffn/standalone_ffn_prefill_tp8_4_1024_160_kernel_trace.csv
[m[0;31mE20250815 18:55:48.588429 140615267632896 output_stream.cpp:105] Opened result file: ./ffn/standalone_ffn_prefill_tp8_4_1024_160_agent_info.csv
[m[0;33mW20250815 18:55:53.914632 140615267632896 tool.cpp:1902] rocprofv3_error_signal_handler caught signal 11...
[m# ---- Run standalone_ffn_prefill_tp8_4_2048_nan ----
[0;31mE20250815 18:56:51.133994 139704880887552 output_stream.cpp:105] Opened result file: ./ffn/standalone_ffn_prefill_tp8_4_2048_nan_kernel_trace.csv
[m[0;31mE20250815 18:56:51.139774 139704880887552 output_stream.cpp:105] Opened result file: ./ffn/standalone_ffn_prefill_tp8_4_2048_nan_agent_info.csv
[m# ---- Run standalone_ffn_prefill_tp8_4_2048_32 ----
Using masking
[0;31mE20250815 18:57:54.723706 140521709569792 output_stream.cpp:105] Opened result file: ./ffn/standalone_ffn_prefill_tp8_4_2048_32_kernel_trace.csv
[m[0;31mE20250815 18:57:54.729778 140521709569792 output_stream.cpp:105] Opened result file: ./ffn/standalone_ffn_prefill_tp8_4_2048_32_agent_info.csv
[m[0;33mW20250815 18:58:00.210842 140521709569792 tool.cpp:1902] rocprofv3_error_signal_handler caught signal 11...
[m# ---- Run standalone_ffn_prefill_tp8_4_2048_64 ----
Using masking
[0;31mE20250815 18:58:58.010308 140586449065728 output_stream.cpp:105] Opened result file: ./ffn/standalone_ffn_prefill_tp8_4_2048_64_kernel_trace.csv
[m[0;31mE20250815 18:58:58.016096 140586449065728 output_stream.cpp:105] Opened result file: ./ffn/standalone_ffn_prefill_tp8_4_2048_64_agent_info.csv
[m[0;33mW20250815 18:59:03.713815 140586449065728 tool.cpp:1902] rocprofv3_error_signal_handler caught signal 11...
[m# ---- Run standalone_ffn_prefill_tp8_4_2048_96 ----
Using masking
[0;31mE20250815 19:00:00.753526 139769532135168 output_stream.cpp:105] Opened result file: ./ffn/standalone_ffn_prefill_tp8_4_2048_96_kernel_trace.csv
[m[0;31mE20250815 19:00:00.759591 139769532135168 output_stream.cpp:105] Opened result file: ./ffn/standalone_ffn_prefill_tp8_4_2048_96_agent_info.csv
[m[0;33mW20250815 19:00:06.148773 139769532135168 tool.cpp:1902] rocprofv3_error_signal_handler caught signal 11...
[m# ---- Run standalone_ffn_prefill_tp8_4_2048_128 ----
Using masking
[0;31mE20250815 19:01:04.193835 139698989946624 output_stream.cpp:105] Opened result file: ./ffn/standalone_ffn_prefill_tp8_4_2048_128_kernel_trace.csv
[m[0;31mE20250815 19:01:04.199636 139698989946624 output_stream.cpp:105] Opened result file: ./ffn/standalone_ffn_prefill_tp8_4_2048_128_agent_info.csv
[m[0;33mW20250815 19:01:09.888089 139698989946624 tool.cpp:1902] rocprofv3_error_signal_handler caught signal 11...
[m# ---- Run standalone_ffn_prefill_tp8_4_2048_160 ----
Using masking
[0;31mE20250815 19:02:06.800295 140623194011392 output_stream.cpp:105] Opened result file: ./ffn/standalone_ffn_prefill_tp8_4_2048_160_kernel_trace.csv
[m[0;31mE20250815 19:02:06.806278 140623194011392 output_stream.cpp:105] Opened result file: ./ffn/standalone_ffn_prefill_tp8_4_2048_160_agent_info.csv
[m[0;33mW20250815 19:02:12.243902 140623194011392 tool.cpp:1902] rocprofv3_error_signal_handler caught signal 11...
[m# ---- Run standalone_ffn_prefill_tp8_4_4096_nan ----
[0;31mE20250815 19:03:09.560215 140577244505856 output_stream.cpp:105] Opened result file: ./ffn/standalone_ffn_prefill_tp8_4_4096_nan_kernel_trace.csv
[m[0;31mE20250815 19:03:09.566145 140577244505856 output_stream.cpp:105] Opened result file: ./ffn/standalone_ffn_prefill_tp8_4_4096_nan_agent_info.csv
[m# ---- Run standalone_ffn_prefill_tp8_4_4096_32 ----
Using masking
[0;31mE20250815 19:04:12.283663 140125476677376 output_stream.cpp:105] Opened result file: ./ffn/standalone_ffn_prefill_tp8_4_4096_32_kernel_trace.csv
[m[0;31mE20250815 19:04:12.289539 140125476677376 output_stream.cpp:105] Opened result file: ./ffn/standalone_ffn_prefill_tp8_4_4096_32_agent_info.csv
[m[0;33mW20250815 19:04:17.714379 140125476677376 tool.cpp:1902] rocprofv3_error_signal_handler caught signal 11...
[m# ---- Run standalone_ffn_prefill_tp8_4_4096_64 ----
Using masking
[0;31mE20250815 19:05:14.924190 140657738426112 output_stream.cpp:105] Opened result file: ./ffn/standalone_ffn_prefill_tp8_4_4096_64_kernel_trace.csv
[m[0;31mE20250815 19:05:14.929860 140657738426112 output_stream.cpp:105] Opened result file: ./ffn/standalone_ffn_prefill_tp8_4_4096_64_agent_info.csv
[m[0;33mW20250815 19:05:20.245427 140657738426112 tool.cpp:1902] rocprofv3_error_signal_handler caught signal 11...
[m# ---- Run standalone_ffn_prefill_tp8_4_4096_96 ----
Using masking
[0;31mE20250815 19:06:18.549226 139796800354048 output_stream.cpp:105] Opened result file: ./ffn/standalone_ffn_prefill_tp8_4_4096_96_kernel_trace.csv
[m[0;31mE20250815 19:06:18.554963 139796800354048 output_stream.cpp:105] Opened result file: ./ffn/standalone_ffn_prefill_tp8_4_4096_96_agent_info.csv
[m[0;33mW20250815 19:06:24.049335 139796800354048 tool.cpp:1902] rocprofv3_error_signal_handler caught signal 11...
[m# ---- Run standalone_ffn_prefill_tp8_4_4096_128 ----
Using masking
[0;31mE20250815 19:07:21.353073 140332953720576 output_stream.cpp:105] Opened result file: ./ffn/standalone_ffn_prefill_tp8_4_4096_128_kernel_trace.csv
[m[0;31mE20250815 19:07:21.358957 140332953720576 output_stream.cpp:105] Opened result file: ./ffn/standalone_ffn_prefill_tp8_4_4096_128_agent_info.csv
[m[0;33mW20250815 19:07:26.849512 140332953720576 tool.cpp:1902] rocprofv3_error_signal_handler caught signal 11...
[m# ---- Run standalone_ffn_prefill_tp8_4_4096_160 ----
Using masking
[0;31mE20250815 19:08:23.672288 140251410286336 output_stream.cpp:105] Opened result file: ./ffn/standalone_ffn_prefill_tp8_4_4096_160_kernel_trace.csv
[m[0;31mE20250815 19:08:23.678124 140251410286336 output_stream.cpp:105] Opened result file: ./ffn/standalone_ffn_prefill_tp8_4_4096_160_agent_info.csv
[m[0;33mW20250815 19:08:29.019171 140251410286336 tool.cpp:1902] rocprofv3_error_signal_handler caught signal 11...
[m# ---- Run standalone_ffn_prefill_tp8_4_8192_nan ----
[0;31mE20250815 19:09:29.811972 140599322609408 output_stream.cpp:105] Opened result file: ./ffn/standalone_ffn_prefill_tp8_4_8192_nan_kernel_trace.csv
[m[0;31mE20250815 19:09:29.818374 140599322609408 output_stream.cpp:105] Opened result file: ./ffn/standalone_ffn_prefill_tp8_4_8192_nan_agent_info.csv
[m# ---- Run standalone_ffn_prefill_tp8_4_8192_32 ----
Using masking
[0;31mE20250815 19:10:34.574531 140027495433984 output_stream.cpp:105] Opened result file: ./ffn/standalone_ffn_prefill_tp8_4_8192_32_kernel_trace.csv
[m[0;31mE20250815 19:10:34.580208 140027495433984 output_stream.cpp:105] Opened result file: ./ffn/standalone_ffn_prefill_tp8_4_8192_32_agent_info.csv
[m[0;33mW20250815 19:10:40.278115 140027495433984 tool.cpp:1902] rocprofv3_error_signal_handler caught signal 11...
[m# ---- Run standalone_ffn_prefill_tp8_4_8192_64 ----
Using masking
[0;31mE20250815 19:11:37.980605 140305555007232 output_stream.cpp:105] Opened result file: ./ffn/standalone_ffn_prefill_tp8_4_8192_64_kernel_trace.csv
[m[0;31mE20250815 19:11:37.986316 140305555007232 output_stream.cpp:105] Opened result file: ./ffn/standalone_ffn_prefill_tp8_4_8192_64_agent_info.csv
[m[0;33mW20250815 19:11:43.402542 140305555007232 tool.cpp:1902] rocprofv3_error_signal_handler caught signal 11...
[m# ---- Run standalone_ffn_prefill_tp8_4_8192_96 ----
Using masking
[0;31mE20250815 19:12:44.294327 139791947011840 output_stream.cpp:105] Opened result file: ./ffn/standalone_ffn_prefill_tp8_4_8192_96_kernel_trace.csv
[m[0;31mE20250815 19:12:44.300726 139791947011840 output_stream.cpp:105] Opened result file: ./ffn/standalone_ffn_prefill_tp8_4_8192_96_agent_info.csv
[m[0;33mW20250815 19:12:50.433103 139791947011840 tool.cpp:1902] rocprofv3_error_signal_handler caught signal 11...
[m# ---- Run standalone_ffn_prefill_tp8_4_8192_128 ----
Using masking
[0;31mE20250815 19:13:52.236346 139980149102336 output_stream.cpp:105] Opened result file: ./ffn/standalone_ffn_prefill_tp8_4_8192_128_kernel_trace.csv
[m[0;31mE20250815 19:13:52.242794 139980149102336 output_stream.cpp:105] Opened result file: ./ffn/standalone_ffn_prefill_tp8_4_8192_128_agent_info.csv
[m[0;33mW20250815 19:13:58.385719 139980149102336 tool.cpp:1902] rocprofv3_error_signal_handler caught signal 11...
[m# ---- Run standalone_ffn_prefill_tp8_4_8192_160 ----
Using masking
[0;31mE20250815 19:14:58.841465 140384568243968 output_stream.cpp:105] Opened result file: ./ffn/standalone_ffn_prefill_tp8_4_8192_160_kernel_trace.csv
[m[0;31mE20250815 19:14:58.848047 140384568243968 output_stream.cpp:105] Opened result file: ./ffn/standalone_ffn_prefill_tp8_4_8192_160_agent_info.csv
[m[0;33mW20250815 19:15:04.845543 140384568243968 tool.cpp:1902] rocprofv3_error_signal_handler caught signal 11...
[m# ---- Run standalone_ffn_prefill_tp8_8_256_nan ----
[0;31mE20250815 19:16:05.086146 140311394727680 output_stream.cpp:105] Opened result file: ./ffn/standalone_ffn_prefill_tp8_8_256_nan_kernel_trace.csv
[m[0;31mE20250815 19:16:05.092454 140311394727680 output_stream.cpp:105] Opened result file: ./ffn/standalone_ffn_prefill_tp8_8_256_nan_agent_info.csv
[m# ---- Run standalone_ffn_prefill_tp8_8_256_32 ----
Using masking
[0;31mE20250815 19:17:10.936002 140641874040576 output_stream.cpp:105] Opened result file: ./ffn/standalone_ffn_prefill_tp8_8_256_32_kernel_trace.csv
[m[0;31mE20250815 19:17:10.942188 140641874040576 output_stream.cpp:105] Opened result file: ./ffn/standalone_ffn_prefill_tp8_8_256_32_agent_info.csv
[m[0;33mW20250815 19:17:17.099852 140641874040576 tool.cpp:1902] rocprofv3_error_signal_handler caught signal 11...
[m# ---- Run standalone_ffn_prefill_tp8_8_256_64 ----
Using masking
[0;31mE20250815 19:18:17.892997 139636610086656 output_stream.cpp:105] Opened result file: ./ffn/standalone_ffn_prefill_tp8_8_256_64_kernel_trace.csv
[m[0;31mE20250815 19:18:17.899302 139636610086656 output_stream.cpp:105] Opened result file: ./ffn/standalone_ffn_prefill_tp8_8_256_64_agent_info.csv
[m[0;33mW20250815 19:18:23.839896 139636610086656 tool.cpp:1902] rocprofv3_error_signal_handler caught signal 11...
[m# ---- Run standalone_ffn_prefill_tp8_8_256_96 ----
Using masking
[0;31mE20250815 19:19:22.565482 139870384637696 output_stream.cpp:105] Opened result file: ./ffn/standalone_ffn_prefill_tp8_8_256_96_kernel_trace.csv
[m[0;31mE20250815 19:19:22.571167 139870384637696 output_stream.cpp:105] Opened result file: ./ffn/standalone_ffn_prefill_tp8_8_256_96_agent_info.csv
[m[0;33mW20250815 19:19:28.091336 139870384637696 tool.cpp:1902] rocprofv3_error_signal_handler caught signal 11...
[m# ---- Run standalone_ffn_prefill_tp8_8_256_128 ----
Using masking
[0;31mE20250815 19:20:25.723145 140448101836544 output_stream.cpp:105] Opened result file: ./ffn/standalone_ffn_prefill_tp8_8_256_128_kernel_trace.csv
[m[0;31mE20250815 19:20:25.728846 140448101836544 output_stream.cpp:105] Opened result file: ./ffn/standalone_ffn_prefill_tp8_8_256_128_agent_info.csv
[m[0;33mW20250815 19:20:31.189540 140448101836544 tool.cpp:1902] rocprofv3_error_signal_handler caught signal 11...
[m# ---- Run standalone_ffn_prefill_tp8_8_256_160 ----
Using masking
[0;31mE20250815 19:21:32.133638 139656423433984 output_stream.cpp:105] Opened result file: ./ffn/standalone_ffn_prefill_tp8_8_256_160_kernel_trace.csv
[m[0;31mE20250815 19:21:32.140242 139656423433984 output_stream.cpp:105] Opened result file: ./ffn/standalone_ffn_prefill_tp8_8_256_160_agent_info.csv
[m[0;33mW20250815 19:21:38.280641 139656423433984 tool.cpp:1902] rocprofv3_error_signal_handler caught signal 11...
[m# ---- Run standalone_ffn_prefill_tp8_8_512_nan ----
[0;31mE20250815 19:22:34.376949 140567542335232 output_stream.cpp:105] Opened result file: ./ffn/standalone_ffn_prefill_tp8_8_512_nan_kernel_trace.csv
[m[0;31mE20250815 19:22:34.382468 140567542335232 output_stream.cpp:105] Opened result file: ./ffn/standalone_ffn_prefill_tp8_8_512_nan_agent_info.csv
[m# ---- Run standalone_ffn_prefill_tp8_8_512_32 ----
Using masking
[0;31mE20250815 19:23:33.910161 140646671595264 output_stream.cpp:105] Opened result file: ./ffn/standalone_ffn_prefill_tp8_8_512_32_kernel_trace.csv
[m[0;31mE20250815 19:23:33.915801 140646671595264 output_stream.cpp:105] Opened result file: ./ffn/standalone_ffn_prefill_tp8_8_512_32_agent_info.csv
[m[0;33mW20250815 19:23:39.407291 140646671595264 tool.cpp:1902] rocprofv3_error_signal_handler caught signal 11...
[m# ---- Run standalone_ffn_prefill_tp8_8_512_64 ----
Using masking
[0;31mE20250815 19:24:33.383923 140031100675840 output_stream.cpp:105] Opened result file: ./ffn/standalone_ffn_prefill_tp8_8_512_64_kernel_trace.csv
[m[0;31mE20250815 19:24:33.389352 140031100675840 output_stream.cpp:105] Opened result file: ./ffn/standalone_ffn_prefill_tp8_8_512_64_agent_info.csv
[m[0;33mW20250815 19:24:38.787653 140031100675840 tool.cpp:1902] rocprofv3_error_signal_handler caught signal 11...
[m# ---- Run standalone_ffn_prefill_tp8_8_512_96 ----
Using masking
[0;31mE20250815 19:25:33.165002 140513888020224 output_stream.cpp:105] Opened result file: ./ffn/standalone_ffn_prefill_tp8_8_512_96_kernel_trace.csv
[m[0;31mE20250815 19:25:33.170604 140513888020224 output_stream.cpp:105] Opened result file: ./ffn/standalone_ffn_prefill_tp8_8_512_96_agent_info.csv
[m[0;33mW20250815 19:25:38.793502 140513888020224 tool.cpp:1902] rocprofv3_error_signal_handler caught signal 11...
[m# ---- Run standalone_ffn_prefill_tp8_8_512_128 ----
Using masking
[0;31mE20250815 19:26:32.731810 140579149326080 output_stream.cpp:105] Opened result file: ./ffn/standalone_ffn_prefill_tp8_8_512_128_kernel_trace.csv
[m[0;31mE20250815 19:26:32.737657 140579149326080 output_stream.cpp:105] Opened result file: ./ffn/standalone_ffn_prefill_tp8_8_512_128_agent_info.csv
[m[0;33mW20250815 19:26:38.159930 140579149326080 tool.cpp:1902] rocprofv3_error_signal_handler caught signal 11...
[m# ---- Run standalone_ffn_prefill_tp8_8_512_160 ----
Using masking
[0;31mE20250815 19:27:32.019503 140620134565632 output_stream.cpp:105] Opened result file: ./ffn/standalone_ffn_prefill_tp8_8_512_160_kernel_trace.csv
[m[0;31mE20250815 19:27:32.025032 140620134565632 output_stream.cpp:105] Opened result file: ./ffn/standalone_ffn_prefill_tp8_8_512_160_agent_info.csv
[m[0;33mW20250815 19:27:37.441410 140620134565632 tool.cpp:1902] rocprofv3_error_signal_handler caught signal 11...
[m# ---- Run standalone_ffn_prefill_tp8_8_1024_nan ----
[0;31mE20250815 19:28:32.660526 140035651053312 output_stream.cpp:105] Opened result file: ./ffn/standalone_ffn_prefill_tp8_8_1024_nan_kernel_trace.csv
[m[0;31mE20250815 19:28:32.666015 140035651053312 output_stream.cpp:105] Opened result file: ./ffn/standalone_ffn_prefill_tp8_8_1024_nan_agent_info.csv
[m# ---- Run standalone_ffn_prefill_tp8_8_1024_32 ----
Using masking
[0;31mE20250815 19:29:33.834212 140714109286144 output_stream.cpp:105] Opened result file: ./ffn/standalone_ffn_prefill_tp8_8_1024_32_kernel_trace.csv
[m[0;31mE20250815 19:29:33.839877 140714109286144 output_stream.cpp:105] Opened result file: ./ffn/standalone_ffn_prefill_tp8_8_1024_32_agent_info.csv
[m[0;33mW20250815 19:29:39.306092 140714109286144 tool.cpp:1902] rocprofv3_error_signal_handler caught signal 11...
[m# ---- Run standalone_ffn_prefill_tp8_8_1024_64 ----
Using masking
[0;31mE20250815 19:30:34.995776 140247574869760 output_stream.cpp:105] Opened result file: ./ffn/standalone_ffn_prefill_tp8_8_1024_64_kernel_trace.csv
[m[0;31mE20250815 19:30:35.001496 140247574869760 output_stream.cpp:105] Opened result file: ./ffn/standalone_ffn_prefill_tp8_8_1024_64_agent_info.csv
[m[0;33mW20250815 19:30:40.324679 140247574869760 tool.cpp:1902] rocprofv3_error_signal_handler caught signal 11...
[m# ---- Run standalone_ffn_prefill_tp8_8_1024_96 ----
Using masking
[0;31mE20250815 19:31:36.312684 139681617843968 output_stream.cpp:105] Opened result file: ./ffn/standalone_ffn_prefill_tp8_8_1024_96_kernel_trace.csv
[m[0;31mE20250815 19:31:36.318455 139681617843968 output_stream.cpp:105] Opened result file: ./ffn/standalone_ffn_prefill_tp8_8_1024_96_agent_info.csv
[m[0;33mW20250815 19:31:41.753924 139681617843968 tool.cpp:1902] rocprofv3_error_signal_handler caught signal 11...
[m# ---- Run standalone_ffn_prefill_tp8_8_1024_128 ----
Using masking
[0;31mE20250815 19:32:37.372569 140036215023360 output_stream.cpp:105] Opened result file: ./ffn/standalone_ffn_prefill_tp8_8_1024_128_kernel_trace.csv
[m[0;31mE20250815 19:32:37.378123 140036215023360 output_stream.cpp:105] Opened result file: ./ffn/standalone_ffn_prefill_tp8_8_1024_128_agent_info.csv
[m[0;33mW20250815 19:32:42.900987 140036215023360 tool.cpp:1902] rocprofv3_error_signal_handler caught signal 11...
[m# ---- Run standalone_ffn_prefill_tp8_8_1024_160 ----
Using masking
[0;31mE20250815 19:33:38.243552 140498891630336 output_stream.cpp:105] Opened result file: ./ffn/standalone_ffn_prefill_tp8_8_1024_160_kernel_trace.csv
[m[0;31mE20250815 19:33:38.248990 140498891630336 output_stream.cpp:105] Opened result file: ./ffn/standalone_ffn_prefill_tp8_8_1024_160_agent_info.csv
[m[0;33mW20250815 19:33:43.487456 140498891630336 tool.cpp:1902] rocprofv3_error_signal_handler caught signal 11...
[m# ---- Run standalone_ffn_prefill_tp8_8_2048_nan ----
[0;31mE20250815 19:34:39.074646 139644596143872 output_stream.cpp:105] Opened result file: ./ffn/standalone_ffn_prefill_tp8_8_2048_nan_kernel_trace.csv
[m[0;31mE20250815 19:34:39.080347 139644596143872 output_stream.cpp:105] Opened result file: ./ffn/standalone_ffn_prefill_tp8_8_2048_nan_agent_info.csv
[m# ---- Run standalone_ffn_prefill_tp8_8_2048_32 ----
Using masking
[0;31mE20250815 19:35:40.107345 140278079235840 output_stream.cpp:105] Opened result file: ./ffn/standalone_ffn_prefill_tp8_8_2048_32_kernel_trace.csv
[m[0;31mE20250815 19:35:40.112966 140278079235840 output_stream.cpp:105] Opened result file: ./ffn/standalone_ffn_prefill_tp8_8_2048_32_agent_info.csv
[m[0;33mW20250815 19:35:45.684689 140278079235840 tool.cpp:1902] rocprofv3_error_signal_handler caught signal 11...
[m# ---- Run standalone_ffn_prefill_tp8_8_2048_64 ----
Using masking
[0;31mE20250815 19:36:41.156929 140032385632000 output_stream.cpp:105] Opened result file: ./ffn/standalone_ffn_prefill_tp8_8_2048_64_kernel_trace.csv
[m[0;31mE20250815 19:36:41.162574 140032385632000 output_stream.cpp:105] Opened result file: ./ffn/standalone_ffn_prefill_tp8_8_2048_64_agent_info.csv
[m[0;33mW20250815 19:36:46.822976 140032385632000 tool.cpp:1902] rocprofv3_error_signal_handler caught signal 11...
[m# ---- Run standalone_ffn_prefill_tp8_8_2048_96 ----
Using masking
[0;31mE20250815 19:37:41.732533 139944559851264 output_stream.cpp:105] Opened result file: ./ffn/standalone_ffn_prefill_tp8_8_2048_96_kernel_trace.csv
[m[0;31mE20250815 19:37:41.738385 139944559851264 output_stream.cpp:105] Opened result file: ./ffn/standalone_ffn_prefill_tp8_8_2048_96_agent_info.csv
[m[0;33mW20250815 19:37:47.040305 139944559851264 tool.cpp:1902] rocprofv3_error_signal_handler caught signal 11...
[m# ---- Run standalone_ffn_prefill_tp8_8_2048_128 ----
Using masking
[0;31mE20250815 19:38:43.316854 139990088623872 output_stream.cpp:105] Opened result file: ./ffn/standalone_ffn_prefill_tp8_8_2048_128_kernel_trace.csv
[m[0;31mE20250815 19:38:43.322487 139990088623872 output_stream.cpp:105] Opened result file: ./ffn/standalone_ffn_prefill_tp8_8_2048_128_agent_info.csv
[m[0;33mW20250815 19:38:48.740854 139990088623872 tool.cpp:1902] rocprofv3_error_signal_handler caught signal 11...
[m# ---- Run standalone_ffn_prefill_tp8_8_2048_160 ----
Using masking
[0;31mE20250815 19:39:44.381098 140263033095936 output_stream.cpp:105] Opened result file: ./ffn/standalone_ffn_prefill_tp8_8_2048_160_kernel_trace.csv
[m[0;31mE20250815 19:39:44.386648 140263033095936 output_stream.cpp:105] Opened result file: ./ffn/standalone_ffn_prefill_tp8_8_2048_160_agent_info.csv
[m[0;33mW20250815 19:39:49.795259 140263033095936 tool.cpp:1902] rocprofv3_error_signal_handler caught signal 11...
[m# ---- Run standalone_ffn_prefill_tp8_8_4096_nan ----
[0;31mE20250815 19:40:45.698747 140021281638144 output_stream.cpp:105] Opened result file: ./ffn/standalone_ffn_prefill_tp8_8_4096_nan_kernel_trace.csv
[m[0;31mE20250815 19:40:45.704195 140021281638144 output_stream.cpp:105] Opened result file: ./ffn/standalone_ffn_prefill_tp8_8_4096_nan_agent_info.csv
[m# ---- Run standalone_ffn_prefill_tp8_8_4096_32 ----
Using masking
[0;31mE20250815 19:41:46.771738 139895134209792 output_stream.cpp:105] Opened result file: ./ffn/standalone_ffn_prefill_tp8_8_4096_32_kernel_trace.csv
[m[0;31mE20250815 19:41:46.777408 139895134209792 output_stream.cpp:105] Opened result file: ./ffn/standalone_ffn_prefill_tp8_8_4096_32_agent_info.csv
[m[0;33mW20250815 19:41:52.103765 139895134209792 tool.cpp:1902] rocprofv3_error_signal_handler caught signal 11...
[m# ---- Run standalone_ffn_prefill_tp8_8_4096_64 ----
Using masking
[0;31mE20250815 19:42:46.999378 139902870009600 output_stream.cpp:105] Opened result file: ./ffn/standalone_ffn_prefill_tp8_8_4096_64_kernel_trace.csv
[m[0;31mE20250815 19:42:47.005074 139902870009600 output_stream.cpp:105] Opened result file: ./ffn/standalone_ffn_prefill_tp8_8_4096_64_agent_info.csv
[m[0;33mW20250815 19:42:52.518315 139902870009600 tool.cpp:1902] rocprofv3_error_signal_handler caught signal 11...
[m# ---- Run standalone_ffn_prefill_tp8_8_4096_96 ----
Using masking
[0;31mE20250815 19:43:47.356350 140253973821184 output_stream.cpp:105] Opened result file: ./ffn/standalone_ffn_prefill_tp8_8_4096_96_kernel_trace.csv
[m[0;31mE20250815 19:43:47.362004 140253973821184 output_stream.cpp:105] Opened result file: ./ffn/standalone_ffn_prefill_tp8_8_4096_96_agent_info.csv
[m[0;33mW20250815 19:43:52.587760 140253973821184 tool.cpp:1902] rocprofv3_error_signal_handler caught signal 11...
[m# ---- Run standalone_ffn_prefill_tp8_8_4096_128 ----
Using masking
[0;31mE20250815 19:44:47.288283 140216512976640 output_stream.cpp:105] Opened result file: ./ffn/standalone_ffn_prefill_tp8_8_4096_128_kernel_trace.csv
[m[0;31mE20250815 19:44:47.294171 140216512976640 output_stream.cpp:105] Opened result file: ./ffn/standalone_ffn_prefill_tp8_8_4096_128_agent_info.csv
[m[0;33mW20250815 19:44:52.530564 140216512976640 tool.cpp:1902] rocprofv3_error_signal_handler caught signal 11...
[m# ---- Run standalone_ffn_prefill_tp8_8_4096_160 ----
Using masking
[0;31mE20250815 19:45:47.720837 140409472784128 output_stream.cpp:105] Opened result file: ./ffn/standalone_ffn_prefill_tp8_8_4096_160_kernel_trace.csv
[m[0;31mE20250815 19:45:47.726515 140409472784128 output_stream.cpp:105] Opened result file: ./ffn/standalone_ffn_prefill_tp8_8_4096_160_agent_info.csv
[m[0;33mW20250815 19:45:53.366337 140409472784128 tool.cpp:1902] rocprofv3_error_signal_handler caught signal 11...
[m# ---- Run standalone_ffn_prefill_tp8_8_8192_nan ----
[0;31mE20250815 19:46:46.332699 139653577266944 output_stream.cpp:105] Opened result file: ./ffn/standalone_ffn_prefill_tp8_8_8192_nan_kernel_trace.csv
[m[0;31mE20250815 19:46:46.338437 139653577266944 output_stream.cpp:105] Opened result file: ./ffn/standalone_ffn_prefill_tp8_8_8192_nan_agent_info.csv
[m# ---- Run standalone_ffn_prefill_tp8_8_8192_32 ----
Using masking
[0;31mE20250815 19:47:44.439901 140660903225088 output_stream.cpp:105] Opened result file: ./ffn/standalone_ffn_prefill_tp8_8_8192_32_kernel_trace.csv
[m[0;31mE20250815 19:47:44.445808 140660903225088 output_stream.cpp:105] Opened result file: ./ffn/standalone_ffn_prefill_tp8_8_8192_32_agent_info.csv
[m[0;33mW20250815 19:47:49.736121 140660903225088 tool.cpp:1902] rocprofv3_error_signal_handler caught signal 11...
[m# ---- Run standalone_ffn_prefill_tp8_8_8192_64 ----
Using masking
[0;31mE20250815 19:48:42.311229 139809983756032 output_stream.cpp:105] Opened result file: ./ffn/standalone_ffn_prefill_tp8_8_8192_64_kernel_trace.csv
[m[0;31mE20250815 19:48:42.317107 139809983756032 output_stream.cpp:105] Opened result file: ./ffn/standalone_ffn_prefill_tp8_8_8192_64_agent_info.csv
[m[0;33mW20250815 19:48:47.512247 139809983756032 tool.cpp:1902] rocprofv3_error_signal_handler caught signal 11...
[m# ---- Run standalone_ffn_prefill_tp8_8_8192_96 ----
Using masking
[0;31mE20250815 19:49:40.394263 140157158213376 output_stream.cpp:105] Opened result file: ./ffn/standalone_ffn_prefill_tp8_8_8192_96_kernel_trace.csv
[m[0;31mE20250815 19:49:40.399996 140157158213376 output_stream.cpp:105] Opened result file: ./ffn/standalone_ffn_prefill_tp8_8_8192_96_agent_info.csv
[m[0;33mW20250815 19:49:45.797430 140157158213376 tool.cpp:1902] rocprofv3_error_signal_handler caught signal 11...
[m# ---- Run standalone_ffn_prefill_tp8_8_8192_128 ----
Using masking
[0;31mE20250815 19:50:39.234626 140516182402816 output_stream.cpp:105] Opened result file: ./ffn/standalone_ffn_prefill_tp8_8_8192_128_kernel_trace.csv
[m[0;31mE20250815 19:50:39.240427 140516182402816 output_stream.cpp:105] Opened result file: ./ffn/standalone_ffn_prefill_tp8_8_8192_128_agent_info.csv
[m[0;33mW20250815 19:50:44.724157 140516182402816 tool.cpp:1902] rocprofv3_error_signal_handler caught signal 11...
[m# ---- Run standalone_ffn_prefill_tp8_8_8192_160 ----
Using masking
[0;31mE20250815 19:51:38.381125 139918373492480 output_stream.cpp:105] Opened result file: ./ffn/standalone_ffn_prefill_tp8_8_8192_160_kernel_trace.csv
[m[0;31mE20250815 19:51:38.386948 139918373492480 output_stream.cpp:105] Opened result file: ./ffn/standalone_ffn_prefill_tp8_8_8192_160_agent_info.csv
[m[0;33mW20250815 19:51:44.074350 139918373492480 tool.cpp:1902] rocprofv3_error_signal_handler caught signal 11...
[m# ---- Run standalone_ffn_prefill_tp8_16_256_nan ----
[0;31mE20250815 19:52:36.908758 140120623118080 output_stream.cpp:105] Opened result file: ./ffn/standalone_ffn_prefill_tp8_16_256_nan_kernel_trace.csv
[m[0;31mE20250815 19:52:36.914538 140120623118080 output_stream.cpp:105] Opened result file: ./ffn/standalone_ffn_prefill_tp8_16_256_nan_agent_info.csv
[m# ---- Run standalone_ffn_prefill_tp8_16_256_32 ----
Using masking
[0;31mE20250815 19:53:35.156393 140716879214336 output_stream.cpp:105] Opened result file: ./ffn/standalone_ffn_prefill_tp8_16_256_32_kernel_trace.csv
[m[0;31mE20250815 19:53:35.162455 140716879214336 output_stream.cpp:105] Opened result file: ./ffn/standalone_ffn_prefill_tp8_16_256_32_agent_info.csv
[m[0;33mW20250815 19:53:40.616616 140716879214336 tool.cpp:1902] rocprofv3_error_signal_handler caught signal 11...
[m# ---- Run standalone_ffn_prefill_tp8_16_256_64 ----
Using masking
[0;31mE20250815 19:54:33.303932 140447774299904 output_stream.cpp:105] Opened result file: ./ffn/standalone_ffn_prefill_tp8_16_256_64_kernel_trace.csv
[m[0;31mE20250815 19:54:33.309604 140447774299904 output_stream.cpp:105] Opened result file: ./ffn/standalone_ffn_prefill_tp8_16_256_64_agent_info.csv
[m[0;33mW20250815 19:54:38.474661 140447774299904 tool.cpp:1902] rocprofv3_error_signal_handler caught signal 11...
[m# ---- Run standalone_ffn_prefill_tp8_16_256_96 ----
Using masking
[0;31mE20250815 19:55:31.316088 139959035373312 output_stream.cpp:105] Opened result file: ./ffn/standalone_ffn_prefill_tp8_16_256_96_kernel_trace.csv
[m[0;31mE20250815 19:55:31.321890 139959035373312 output_stream.cpp:105] Opened result file: ./ffn/standalone_ffn_prefill_tp8_16_256_96_agent_info.csv
[m[0;33mW20250815 19:55:36.740778 139959035373312 tool.cpp:1902] rocprofv3_error_signal_handler caught signal 11...
[m# ---- Run standalone_ffn_prefill_tp8_16_256_128 ----
Using masking
[0;31mE20250815 19:56:30.376770 140557920974592 output_stream.cpp:105] Opened result file: ./ffn/standalone_ffn_prefill_tp8_16_256_128_kernel_trace.csv
[m[0;31mE20250815 19:56:30.382620 140557920974592 output_stream.cpp:105] Opened result file: ./ffn/standalone_ffn_prefill_tp8_16_256_128_agent_info.csv
[m[0;33mW20250815 19:56:36.008176 140557920974592 tool.cpp:1902] rocprofv3_error_signal_handler caught signal 11...
[m# ---- Run standalone_ffn_prefill_tp8_16_256_160 ----
Using masking
[0;31mE20250815 19:57:29.310030 139830687119104 output_stream.cpp:105] Opened result file: ./ffn/standalone_ffn_prefill_tp8_16_256_160_kernel_trace.csv
[m[0;31mE20250815 19:57:29.316416 139830687119104 output_stream.cpp:105] Opened result file: ./ffn/standalone_ffn_prefill_tp8_16_256_160_agent_info.csv
[m[0;33mW20250815 19:57:34.778026 139830687119104 tool.cpp:1902] rocprofv3_error_signal_handler caught signal 11...
[m# ---- Run standalone_ffn_prefill_tp8_16_512_nan ----
[0;31mE20250815 19:58:29.689454 140610346968832 output_stream.cpp:105] Opened result file: ./ffn/standalone_ffn_prefill_tp8_16_512_nan_kernel_trace.csv
[m[0;31mE20250815 19:58:29.695093 140610346968832 output_stream.cpp:105] Opened result file: ./ffn/standalone_ffn_prefill_tp8_16_512_nan_agent_info.csv
[m# ---- Run standalone_ffn_prefill_tp8_16_512_32 ----
Using masking
[0;31mE20250815 19:59:30.115276 140211945580288 output_stream.cpp:105] Opened result file: ./ffn/standalone_ffn_prefill_tp8_16_512_32_kernel_trace.csv
[m[0;31mE20250815 19:59:30.121007 140211945580288 output_stream.cpp:105] Opened result file: ./ffn/standalone_ffn_prefill_tp8_16_512_32_agent_info.csv
[m[0;33mW20250815 19:59:35.620921 140211945580288 tool.cpp:1902] rocprofv3_error_signal_handler caught signal 11...
[m# ---- Run standalone_ffn_prefill_tp8_16_512_64 ----
Using masking
[0;31mE20250815 20:00:30.628474 139968868206336 output_stream.cpp:105] Opened result file: ./ffn/standalone_ffn_prefill_tp8_16_512_64_kernel_trace.csv
[m[0;31mE20250815 20:00:30.634084 139968868206336 output_stream.cpp:105] Opened result file: ./ffn/standalone_ffn_prefill_tp8_16_512_64_agent_info.csv
[m[0;33mW20250815 20:00:35.976387 139968868206336 tool.cpp:1902] rocprofv3_error_signal_handler caught signal 11...
[m# ---- Run standalone_ffn_prefill_tp8_16_512_96 ----
Using masking
[0;31mE20250815 20:01:31.760254 140145398118144 output_stream.cpp:105] Opened result file: ./ffn/standalone_ffn_prefill_tp8_16_512_96_kernel_trace.csv
[m[0;31mE20250815 20:01:31.765940 140145398118144 output_stream.cpp:105] Opened result file: ./ffn/standalone_ffn_prefill_tp8_16_512_96_agent_info.csv
[m[0;33mW20250815 20:01:37.488885 140145398118144 tool.cpp:1902] rocprofv3_error_signal_handler caught signal 11...
[m# ---- Run standalone_ffn_prefill_tp8_16_512_128 ----
Using masking
[0;31mE20250815 20:02:32.235949 139945726805760 output_stream.cpp:105] Opened result file: ./ffn/standalone_ffn_prefill_tp8_16_512_128_kernel_trace.csv
[m[0;31mE20250815 20:02:32.241623 139945726805760 output_stream.cpp:105] Opened result file: ./ffn/standalone_ffn_prefill_tp8_16_512_128_agent_info.csv
[m[0;33mW20250815 20:02:37.563155 139945726805760 tool.cpp:1902] rocprofv3_error_signal_handler caught signal 11...
[m# ---- Run standalone_ffn_prefill_tp8_16_512_160 ----
Using masking
[0;31mE20250815 20:03:32.687437 139933539120896 output_stream.cpp:105] Opened result file: ./ffn/standalone_ffn_prefill_tp8_16_512_160_kernel_trace.csv
[m[0;31mE20250815 20:03:32.693140 139933539120896 output_stream.cpp:105] Opened result file: ./ffn/standalone_ffn_prefill_tp8_16_512_160_agent_info.csv
[m[0;33mW20250815 20:03:38.311013 139933539120896 tool.cpp:1902] rocprofv3_error_signal_handler caught signal 11...
[m# ---- Run standalone_ffn_prefill_tp8_16_1024_nan ----
[0;31mE20250815 20:04:33.683079 140692631930624 output_stream.cpp:105] Opened result file: ./ffn/standalone_ffn_prefill_tp8_16_1024_nan_kernel_trace.csv
[m[0;31mE20250815 20:04:33.688902 140692631930624 output_stream.cpp:105] Opened result file: ./ffn/standalone_ffn_prefill_tp8_16_1024_nan_agent_info.csv
[m# ---- Run standalone_ffn_prefill_tp8_16_1024_32 ----
Using masking
[0;31mE20250815 20:05:34.179202 139904911361792 output_stream.cpp:105] Opened result file: ./ffn/standalone_ffn_prefill_tp8_16_1024_32_kernel_trace.csv
[m[0;31mE20250815 20:05:34.184887 139904911361792 output_stream.cpp:105] Opened result file: ./ffn/standalone_ffn_prefill_tp8_16_1024_32_agent_info.csv
[m[0;33mW20250815 20:05:39.458288 139904911361792 tool.cpp:1902] rocprofv3_error_signal_handler caught signal 11...
[m# ---- Run standalone_ffn_prefill_tp8_16_1024_64 ----
Using masking
[0;31mE20250815 20:06:34.342998 140203703039744 output_stream.cpp:105] Opened result file: ./ffn/standalone_ffn_prefill_tp8_16_1024_64_kernel_trace.csv
[m[0;31mE20250815 20:06:34.348669 140203703039744 output_stream.cpp:105] Opened result file: ./ffn/standalone_ffn_prefill_tp8_16_1024_64_agent_info.csv
[m[0;33mW20250815 20:06:39.807803 140203703039744 tool.cpp:1902] rocprofv3_error_signal_handler caught signal 11...
[m# ---- Run standalone_ffn_prefill_tp8_16_1024_96 ----
Using masking
[0;31mE20250815 20:07:35.023656 139987699754752 output_stream.cpp:105] Opened result file: ./ffn/standalone_ffn_prefill_tp8_16_1024_96_kernel_trace.csv
[m[0;31mE20250815 20:07:35.029405 139987699754752 output_stream.cpp:105] Opened result file: ./ffn/standalone_ffn_prefill_tp8_16_1024_96_agent_info.csv
[m[0;33mW20250815 20:07:40.670779 139987699754752 tool.cpp:1902] rocprofv3_error_signal_handler caught signal 11...
[m# ---- Run standalone_ffn_prefill_tp8_16_1024_128 ----
Using masking
[0;31mE20250815 20:08:35.456655 140083972060928 output_stream.cpp:105] Opened result file: ./ffn/standalone_ffn_prefill_tp8_16_1024_128_kernel_trace.csv
[m[0;31mE20250815 20:08:35.462329 140083972060928 output_stream.cpp:105] Opened result file: ./ffn/standalone_ffn_prefill_tp8_16_1024_128_agent_info.csv
[m[0;33mW20250815 20:08:40.928800 140083972060928 tool.cpp:1902] rocprofv3_error_signal_handler caught signal 11...
[m# ---- Run standalone_ffn_prefill_tp8_16_1024_160 ----
Using masking
[0;31mE20250815 20:09:35.584685 140071530682112 output_stream.cpp:105] Opened result file: ./ffn/standalone_ffn_prefill_tp8_16_1024_160_kernel_trace.csv
[m[0;31mE20250815 20:09:35.590319 140071530682112 output_stream.cpp:105] Opened result file: ./ffn/standalone_ffn_prefill_tp8_16_1024_160_agent_info.csv
[m[0;33mW20250815 20:09:40.916193 140071530682112 tool.cpp:1902] rocprofv3_error_signal_handler caught signal 11...
[m# ---- Run standalone_ffn_prefill_tp8_16_2048_nan ----
[0;31mE20250815 20:10:36.070969 140487050745600 output_stream.cpp:105] Opened result file: ./ffn/standalone_ffn_prefill_tp8_16_2048_nan_kernel_trace.csv
[m[0;31mE20250815 20:10:36.076630 140487050745600 output_stream.cpp:105] Opened result file: ./ffn/standalone_ffn_prefill_tp8_16_2048_nan_agent_info.csv
[m# ---- Run standalone_ffn_prefill_tp8_16_2048_32 ----
Using masking
[0;31mE20250815 20:11:37.163960 139704926963456 output_stream.cpp:105] Opened result file: ./ffn/standalone_ffn_prefill_tp8_16_2048_32_kernel_trace.csv
[m[0;31mE20250815 20:11:37.169635 139704926963456 output_stream.cpp:105] Opened result file: ./ffn/standalone_ffn_prefill_tp8_16_2048_32_agent_info.csv
[m[0;33mW20250815 20:11:42.808895 139704926963456 tool.cpp:1902] rocprofv3_error_signal_handler caught signal 11...
[m# ---- Run standalone_ffn_prefill_tp8_16_2048_64 ----
Using masking
[0;31mE20250815 20:12:37.851840 140015400982272 output_stream.cpp:105] Opened result file: ./ffn/standalone_ffn_prefill_tp8_16_2048_64_kernel_trace.csv
[m[0;31mE20250815 20:12:37.857468 140015400982272 output_stream.cpp:105] Opened result file: ./ffn/standalone_ffn_prefill_tp8_16_2048_64_agent_info.csv
[m[0;33mW20250815 20:12:43.072692 140015400982272 tool.cpp:1902] rocprofv3_error_signal_handler caught signal 11...
[m# ---- Run standalone_ffn_prefill_tp8_16_2048_96 ----
Using masking
[0;31mE20250815 20:13:38.182060 139927960848128 output_stream.cpp:105] Opened result file: ./ffn/standalone_ffn_prefill_tp8_16_2048_96_kernel_trace.csv
[m[0;31mE20250815 20:13:38.187729 139927960848128 output_stream.cpp:105] Opened result file: ./ffn/standalone_ffn_prefill_tp8_16_2048_96_agent_info.csv
[m[0;33mW20250815 20:13:43.692128 139927960848128 tool.cpp:1902] rocprofv3_error_signal_handler caught signal 11...
[m# ---- Run standalone_ffn_prefill_tp8_16_2048_128 ----
Using masking
[0;31mE20250815 20:14:38.399903 139877618611968 output_stream.cpp:105] Opened result file: ./ffn/standalone_ffn_prefill_tp8_16_2048_128_kernel_trace.csv
[m[0;31mE20250815 20:14:38.405542 139877618611968 output_stream.cpp:105] Opened result file: ./ffn/standalone_ffn_prefill_tp8_16_2048_128_agent_info.csv
[m[0;33mW20250815 20:14:43.624701 139877618611968 tool.cpp:1902] rocprofv3_error_signal_handler caught signal 11...
[m# ---- Run standalone_ffn_prefill_tp8_16_2048_160 ----
Using masking
[0;31mE20250815 20:15:38.768399 140124480485120 output_stream.cpp:105] Opened result file: ./ffn/standalone_ffn_prefill_tp8_16_2048_160_kernel_trace.csv
[m[0;31mE20250815 20:15:38.774072 140124480485120 output_stream.cpp:105] Opened result file: ./ffn/standalone_ffn_prefill_tp8_16_2048_160_agent_info.csv
[m[0;33mW20250815 20:15:44.314035 140124480485120 tool.cpp:1902] rocprofv3_error_signal_handler caught signal 11...
[m# ---- Run standalone_ffn_prefill_tp8_16_4096_nan ----
[0;31mE20250815 20:16:37.304990 140431432550144 output_stream.cpp:105] Opened result file: ./ffn/standalone_ffn_prefill_tp8_16_4096_nan_kernel_trace.csv
[m[0;31mE20250815 20:16:37.310777 140431432550144 output_stream.cpp:105] Opened result file: ./ffn/standalone_ffn_prefill_tp8_16_4096_nan_agent_info.csv
[m# ---- Run standalone_ffn_prefill_tp8_16_4096_32 ----
Using masking
[0;31mE20250815 20:17:35.387972 139892096935680 output_stream.cpp:105] Opened result file: ./ffn/standalone_ffn_prefill_tp8_16_4096_32_kernel_trace.csv
[m[0;31mE20250815 20:17:35.393731 139892096935680 output_stream.cpp:105] Opened result file: ./ffn/standalone_ffn_prefill_tp8_16_4096_32_agent_info.csv
[m[0;33mW20250815 20:17:40.577610 139892096935680 tool.cpp:1902] rocprofv3_error_signal_handler caught signal 11...
[m# ---- Run standalone_ffn_prefill_tp8_16_4096_64 ----
Using masking
[0;31mE20250815 20:18:33.455691 139727299692288 output_stream.cpp:105] Opened result file: ./ffn/standalone_ffn_prefill_tp8_16_4096_64_kernel_trace.csv
[m[0;31mE20250815 20:18:33.461631 139727299692288 output_stream.cpp:105] Opened result file: ./ffn/standalone_ffn_prefill_tp8_16_4096_64_agent_info.csv
[m[0;33mW20250815 20:18:38.665048 139727299692288 tool.cpp:1902] rocprofv3_error_signal_handler caught signal 11...
[m# ---- Run standalone_ffn_prefill_tp8_16_4096_96 ----
Using masking
[0;31mE20250815 20:19:31.524533 140561652246272 output_stream.cpp:105] Opened result file: ./ffn/standalone_ffn_prefill_tp8_16_4096_96_kernel_trace.csv
[m[0;31mE20250815 20:19:31.530273 140561652246272 output_stream.cpp:105] Opened result file: ./ffn/standalone_ffn_prefill_tp8_16_4096_96_agent_info.csv
[m[0;33mW20250815 20:19:36.861538 140561652246272 tool.cpp:1902] rocprofv3_error_signal_handler caught signal 11...
[m# ---- Run standalone_ffn_prefill_tp8_16_4096_128 ----
Using masking
[0;31mE20250815 20:20:29.968838 139721305782016 output_stream.cpp:105] Opened result file: ./ffn/standalone_ffn_prefill_tp8_16_4096_128_kernel_trace.csv
[m[0;31mE20250815 20:20:29.974620 139721305782016 output_stream.cpp:105] Opened result file: ./ffn/standalone_ffn_prefill_tp8_16_4096_128_agent_info.csv
[m[0;33mW20250815 20:20:35.195112 139721305782016 tool.cpp:1902] rocprofv3_error_signal_handler caught signal 11...
[m# ---- Run standalone_ffn_prefill_tp8_16_4096_160 ----
Using masking
[0;31mE20250815 20:21:28.212954 140116359943936 output_stream.cpp:105] Opened result file: ./ffn/standalone_ffn_prefill_tp8_16_4096_160_kernel_trace.csv
[m[0;31mE20250815 20:21:28.218817 140116359943936 output_stream.cpp:105] Opened result file: ./ffn/standalone_ffn_prefill_tp8_16_4096_160_agent_info.csv
[m[0;33mW20250815 20:21:33.553929 140116359943936 tool.cpp:1902] rocprofv3_error_signal_handler caught signal 11...
[m# ---- Run standalone_ffn_prefill_tp8_16_8192_nan ----
[0;31mE20250815 20:22:26.494049 140644238264064 output_stream.cpp:105] Opened result file: ./ffn/standalone_ffn_prefill_tp8_16_8192_nan_kernel_trace.csv
[m[0;31mE20250815 20:22:26.499800 140644238264064 output_stream.cpp:105] Opened result file: ./ffn/standalone_ffn_prefill_tp8_16_8192_nan_agent_info.csv
[m# ---- Run standalone_ffn_prefill_tp8_16_8192_32 ----
Using masking
[0;31mE20250815 20:23:24.968489 140260805424896 output_stream.cpp:105] Opened result file: ./ffn/standalone_ffn_prefill_tp8_16_8192_32_kernel_trace.csv
[m[0;31mE20250815 20:23:24.974367 140260805424896 output_stream.cpp:105] Opened result file: ./ffn/standalone_ffn_prefill_tp8_16_8192_32_agent_info.csv
[m[0;33mW20250815 20:23:30.330596 140260805424896 tool.cpp:1902] rocprofv3_error_signal_handler caught signal 11...
[m# ---- Run standalone_ffn_prefill_tp8_16_8192_64 ----
Using masking
[0;31mE20250815 20:24:23.742710 140120603182848 output_stream.cpp:105] Opened result file: ./ffn/standalone_ffn_prefill_tp8_16_8192_64_kernel_trace.csv
[m[0;31mE20250815 20:24:23.748591 140120603182848 output_stream.cpp:105] Opened result file: ./ffn/standalone_ffn_prefill_tp8_16_8192_64_agent_info.csv
[m[0;33mW20250815 20:24:28.940462 140120603182848 tool.cpp:1902] rocprofv3_error_signal_handler caught signal 11...
[m# ---- Run standalone_ffn_prefill_tp8_16_8192_96 ----
Using masking
[0;31mE20250815 20:25:22.117375 140601774507776 output_stream.cpp:105] Opened result file: ./ffn/standalone_ffn_prefill_tp8_16_8192_96_kernel_trace.csv
[m[0;31mE20250815 20:25:22.123182 140601774507776 output_stream.cpp:105] Opened result file: ./ffn/standalone_ffn_prefill_tp8_16_8192_96_agent_info.csv
[m[0;33mW20250815 20:25:27.318419 140601774507776 tool.cpp:1902] rocprofv3_error_signal_handler caught signal 11...
[m# ---- Run standalone_ffn_prefill_tp8_16_8192_128 ----
Using masking
[0;31mE20250815 20:26:20.476136 140311763388160 output_stream.cpp:105] Opened result file: ./ffn/standalone_ffn_prefill_tp8_16_8192_128_kernel_trace.csv
[m[0;31mE20250815 20:26:20.481884 140311763388160 output_stream.cpp:105] Opened result file: ./ffn/standalone_ffn_prefill_tp8_16_8192_128_agent_info.csv
[m[0;33mW20250815 20:26:26.070369 140311763388160 tool.cpp:1902] rocprofv3_error_signal_handler caught signal 11...
[m# ---- Run standalone_ffn_prefill_tp8_16_8192_160 ----
Using masking
[0;31mE20250815 20:27:19.003912 140040309917440 output_stream.cpp:105] Opened result file: ./ffn/standalone_ffn_prefill_tp8_16_8192_160_kernel_trace.csv
[m[0;31mE20250815 20:27:19.009568 140040309917440 output_stream.cpp:105] Opened result file: ./ffn/standalone_ffn_prefill_tp8_16_8192_160_agent_info.csv
[m[0;33mW20250815 20:27:24.426325 140040309917440 tool.cpp:1902] rocprofv3_error_signal_handler caught signal 11...
[m