# ---- Run standalone_attn_prefill_and_decode_tp8_prefill_then_decode1_256_1_256160 ----
INFO 09-01 18:10:32 [__init__.py:244] Automatically detected platform rocm.
[0;31mE20250901 18:10:52.340160 140163800905472 output_stream.cpp:105] Opened result file: ./profiles/standalone_attn_prefill_and_decode_tp8_prefill_then_decode1_256_1_256160_kernel_trace.csv
[m[0;31mE20250901 18:10:52.347379 140163800905472 output_stream.cpp:105] Opened result file: ./profiles/standalone_attn_prefill_and_decode_tp8_prefill_then_decode1_256_1_256160_agent_info.csv
[m[0;33mW20250901 18:11:01.443785 140163800905472 tool.cpp:1902] rocprofv3_error_signal_handler caught signal 11...
[m# ---- Run standalone_attn_prefill_and_decode_tp8_prefill_then_decode1_256_1_512160 ----
INFO 09-01 18:11:08 [__init__.py:244] Automatically detected platform rocm.
[0;31mE20250901 18:11:28.796015 140014282442496 output_stream.cpp:105] Opened result file: ./profiles/standalone_attn_prefill_and_decode_tp8_prefill_then_decode1_256_1_512160_kernel_trace.csv
[m[0;31mE20250901 18:11:28.802825 140014282442496 output_stream.cpp:105] Opened result file: ./profiles/standalone_attn_prefill_and_decode_tp8_prefill_then_decode1_256_1_512160_agent_info.csv
[m[0;33mW20250901 18:11:37.777090 140014282442496 tool.cpp:1902] rocprofv3_error_signal_handler caught signal 11...
[m# ---- Run standalone_attn_prefill_and_decode_tp8_prefill_then_decode1_256_1_1024160 ----
INFO 09-01 18:11:44 [__init__.py:244] Automatically detected platform rocm.
[0;31mE20250901 18:12:04.640051 139633862293248 output_stream.cpp:105] Opened result file: ./profiles/standalone_attn_prefill_and_decode_tp8_prefill_then_decode1_256_1_1024160_kernel_trace.csv
[m[0;31mE20250901 18:12:04.646961 139633862293248 output_stream.cpp:105] Opened result file: ./profiles/standalone_attn_prefill_and_decode_tp8_prefill_then_decode1_256_1_1024160_agent_info.csv
[m[0;33mW20250901 18:12:13.715948 139633862293248 tool.cpp:1902] rocprofv3_error_signal_handler caught signal 11...
[m# ---- Run standalone_attn_prefill_and_decode_tp8_prefill_then_decode1_256_1_2048160 ----
INFO 09-01 18:12:19 [__init__.py:244] Automatically detected platform rocm.
[0;31mE20250901 18:12:38.045834 140582608926464 output_stream.cpp:105] Opened result file: ./profiles/standalone_attn_prefill_and_decode_tp8_prefill_then_decode1_256_1_2048160_kernel_trace.csv
[m[0;31mE20250901 18:12:38.053418 140582608926464 output_stream.cpp:105] Opened result file: ./profiles/standalone_attn_prefill_and_decode_tp8_prefill_then_decode1_256_1_2048160_agent_info.csv
[m[0;33mW20250901 18:12:47.487027 140582608926464 tool.cpp:1902] rocprofv3_error_signal_handler caught signal 11...
[m# ---- Run standalone_attn_prefill_and_decode_tp8_prefill_then_decode1_256_1_4096160 ----
INFO 09-01 18:12:53 [__init__.py:244] Automatically detected platform rocm.
[0;31mE20250901 18:13:13.777420 139885063382784 output_stream.cpp:105] Opened result file: ./profiles/standalone_attn_prefill_and_decode_tp8_prefill_then_decode1_256_1_4096160_kernel_trace.csv
[m[0;31mE20250901 18:13:13.784515 139885063382784 output_stream.cpp:105] Opened result file: ./profiles/standalone_attn_prefill_and_decode_tp8_prefill_then_decode1_256_1_4096160_agent_info.csv
[m[0;33mW20250901 18:13:23.385716 139885063382784 tool.cpp:1902] rocprofv3_error_signal_handler caught signal 11...
[m# ---- Run standalone_attn_prefill_and_decode_tp8_prefill_then_decode1_256_1_8192160 ----
INFO 09-01 18:13:30 [__init__.py:244] Automatically detected platform rocm.
[0;31mE20250901 18:13:51.582128 140354763937536 output_stream.cpp:105] Opened result file: ./profiles/standalone_attn_prefill_and_decode_tp8_prefill_then_decode1_256_1_8192160_kernel_trace.csv
[m[0;31mE20250901 18:13:51.589575 140354763937536 output_stream.cpp:105] Opened result file: ./profiles/standalone_attn_prefill_and_decode_tp8_prefill_then_decode1_256_1_8192160_agent_info.csv
[m[0;33mW20250901 18:14:00.639468 140354763937536 tool.cpp:1902] rocprofv3_error_signal_handler caught signal 11...
[m# ---- Run standalone_attn_prefill_and_decode_tp8_prefill_then_decode1_256_2_256160 ----
INFO 09-01 18:14:07 [__init__.py:244] Automatically detected platform rocm.
[0;31mE20250901 18:14:27.288187 140636922521344 output_stream.cpp:105] Opened result file: ./profiles/standalone_attn_prefill_and_decode_tp8_prefill_then_decode1_256_2_256160_kernel_trace.csv
[m[0;31mE20250901 18:14:27.295251 140636922521344 output_stream.cpp:105] Opened result file: ./profiles/standalone_attn_prefill_and_decode_tp8_prefill_then_decode1_256_2_256160_agent_info.csv
[m[0;33mW20250901 18:14:36.321162 140636922521344 tool.cpp:1902] rocprofv3_error_signal_handler caught signal 11...
[m# ---- Run standalone_attn_prefill_and_decode_tp8_prefill_then_decode1_256_2_512160 ----
INFO 09-01 18:14:42 [__init__.py:244] Automatically detected platform rocm.
[0;31mE20250901 18:15:01.641278 140233362380544 output_stream.cpp:105] Opened result file: ./profiles/standalone_attn_prefill_and_decode_tp8_prefill_then_decode1_256_2_512160_kernel_trace.csv
[m[0;31mE20250901 18:15:01.648436 140233362380544 output_stream.cpp:105] Opened result file: ./profiles/standalone_attn_prefill_and_decode_tp8_prefill_then_decode1_256_2_512160_agent_info.csv
[m[0;33mW20250901 18:15:10.585834 140233362380544 tool.cpp:1902] rocprofv3_error_signal_handler caught signal 11...
[m# ---- Run standalone_attn_prefill_and_decode_tp8_prefill_then_decode1_256_2_1024160 ----
INFO 09-01 18:15:17 [__init__.py:244] Automatically detected platform rocm.
[0;31mE20250901 18:15:37.730730 140681018930944 output_stream.cpp:105] Opened result file: ./profiles/standalone_attn_prefill_and_decode_tp8_prefill_then_decode1_256_2_1024160_kernel_trace.csv
[m[0;31mE20250901 18:15:37.737501 140681018930944 output_stream.cpp:105] Opened result file: ./profiles/standalone_attn_prefill_and_decode_tp8_prefill_then_decode1_256_2_1024160_agent_info.csv
[m[0;33mW20250901 18:15:46.773212 140681018930944 tool.cpp:1902] rocprofv3_error_signal_handler caught signal 11...
[m# ---- Run standalone_attn_prefill_and_decode_tp8_prefill_then_decode1_256_2_2048160 ----
INFO 09-01 18:15:53 [__init__.py:244] Automatically detected platform rocm.
[0;31mE20250901 18:16:14.639792 139937431811840 output_stream.cpp:105] Opened result file: ./profiles/standalone_attn_prefill_and_decode_tp8_prefill_then_decode1_256_2_2048160_kernel_trace.csv
[m[0;31mE20250901 18:16:14.646461 139937431811840 output_stream.cpp:105] Opened result file: ./profiles/standalone_attn_prefill_and_decode_tp8_prefill_then_decode1_256_2_2048160_agent_info.csv
[m[0;33mW20250901 18:16:24.124244 139937431811840 tool.cpp:1902] rocprofv3_error_signal_handler caught signal 11...
[m# ---- Run standalone_attn_prefill_and_decode_tp8_prefill_then_decode1_256_2_4096160 ----
INFO 09-01 18:16:31 [__init__.py:244] Automatically detected platform rocm.
[0;31mE20250901 18:16:51.423362 140643943646976 output_stream.cpp:105] Opened result file: ./profiles/standalone_attn_prefill_and_decode_tp8_prefill_then_decode1_256_2_4096160_kernel_trace.csv
[m[0;31mE20250901 18:16:51.429329 140643943646976 output_stream.cpp:105] Opened result file: ./profiles/standalone_attn_prefill_and_decode_tp8_prefill_then_decode1_256_2_4096160_agent_info.csv
[m[0;33mW20250901 18:17:00.109575 140643943646976 tool.cpp:1902] rocprofv3_error_signal_handler caught signal 11...
[m# ---- Run standalone_attn_prefill_and_decode_tp8_prefill_then_decode1_256_2_8192160 ----
INFO 09-01 18:17:06 [__init__.py:244] Automatically detected platform rocm.
[0;31mE20250901 18:17:26.592125 139663523555072 output_stream.cpp:105] Opened result file: ./profiles/standalone_attn_prefill_and_decode_tp8_prefill_then_decode1_256_2_8192160_kernel_trace.csv
[m[0;31mE20250901 18:17:26.598411 139663523555072 output_stream.cpp:105] Opened result file: ./profiles/standalone_attn_prefill_and_decode_tp8_prefill_then_decode1_256_2_8192160_agent_info.csv
[m[0;33mW20250901 18:17:35.637017 139663523555072 tool.cpp:1902] rocprofv3_error_signal_handler caught signal 11...
[m# ---- Run standalone_attn_prefill_and_decode_tp8_prefill_then_decode1_256_4_256160 ----
INFO 09-01 18:17:42 [__init__.py:244] Automatically detected platform rocm.
[0;31mE20250901 18:18:02.383429 140387792369408 output_stream.cpp:105] Opened result file: ./profiles/standalone_attn_prefill_and_decode_tp8_prefill_then_decode1_256_4_256160_kernel_trace.csv
[m[0;31mE20250901 18:18:02.389547 140387792369408 output_stream.cpp:105] Opened result file: ./profiles/standalone_attn_prefill_and_decode_tp8_prefill_then_decode1_256_4_256160_agent_info.csv
[m[0;33mW20250901 18:18:11.165334 140387792369408 tool.cpp:1902] rocprofv3_error_signal_handler caught signal 11...
[m# ---- Run standalone_attn_prefill_and_decode_tp8_prefill_then_decode1_256_4_512160 ----
INFO 09-01 18:18:17 [__init__.py:244] Automatically detected platform rocm.
[0;31mE20250901 18:18:37.545760 140159444653824 output_stream.cpp:105] Opened result file: ./profiles/standalone_attn_prefill_and_decode_tp8_prefill_then_decode1_256_4_512160_kernel_trace.csv
[m[0;31mE20250901 18:18:37.552428 140159444653824 output_stream.cpp:105] Opened result file: ./profiles/standalone_attn_prefill_and_decode_tp8_prefill_then_decode1_256_4_512160_agent_info.csv
[m[0;33mW20250901 18:18:46.775601 140159444653824 tool.cpp:1902] rocprofv3_error_signal_handler caught signal 11...
[m# ---- Run standalone_attn_prefill_and_decode_tp8_prefill_then_decode1_256_4_1024160 ----
INFO 09-01 18:18:53 [__init__.py:244] Automatically detected platform rocm.
[0;31mE20250901 18:19:13.389653 139639731181312 output_stream.cpp:105] Opened result file: ./profiles/standalone_attn_prefill_and_decode_tp8_prefill_then_decode1_256_4_1024160_kernel_trace.csv
[m[0;31mE20250901 18:19:13.395783 139639731181312 output_stream.cpp:105] Opened result file: ./profiles/standalone_attn_prefill_and_decode_tp8_prefill_then_decode1_256_4_1024160_agent_info.csv
[m[0;33mW20250901 18:19:22.686113 139639731181312 tool.cpp:1902] rocprofv3_error_signal_handler caught signal 11...
[m# ---- Run standalone_attn_prefill_and_decode_tp8_prefill_then_decode1_256_4_2048160 ----
INFO 09-01 18:19:29 [__init__.py:244] Automatically detected platform rocm.
[0;31mE20250901 18:19:49.309486 140578321667840 output_stream.cpp:105] Opened result file: ./profiles/standalone_attn_prefill_and_decode_tp8_prefill_then_decode1_256_4_2048160_kernel_trace.csv
[m[0;31mE20250901 18:19:49.316519 140578321667840 output_stream.cpp:105] Opened result file: ./profiles/standalone_attn_prefill_and_decode_tp8_prefill_then_decode1_256_4_2048160_agent_info.csv
[m[0;33mW20250901 18:19:58.628202 140578321667840 tool.cpp:1902] rocprofv3_error_signal_handler caught signal 11...
[m# ---- Run standalone_attn_prefill_and_decode_tp8_prefill_then_decode1_256_4_4096160 ----
INFO 09-01 18:20:05 [__init__.py:244] Automatically detected platform rocm.
[0;31mE20250901 18:20:25.760886 139947895756544 output_stream.cpp:105] Opened result file: ./profiles/standalone_attn_prefill_and_decode_tp8_prefill_then_decode1_256_4_4096160_kernel_trace.csv
[m[0;31mE20250901 18:20:25.767557 139947895756544 output_stream.cpp:105] Opened result file: ./profiles/standalone_attn_prefill_and_decode_tp8_prefill_then_decode1_256_4_4096160_agent_info.csv
[m[0;33mW20250901 18:20:34.953993 139947895756544 tool.cpp:1902] rocprofv3_error_signal_handler caught signal 11...
[m# ---- Run standalone_attn_prefill_and_decode_tp8_prefill_then_decode1_256_4_8192160 ----
INFO 09-01 18:20:42 [__init__.py:244] Automatically detected platform rocm.
[0;31mE20250901 18:21:02.303253 140022225245952 output_stream.cpp:105] Opened result file: ./profiles/standalone_attn_prefill_and_decode_tp8_prefill_then_decode1_256_4_8192160_kernel_trace.csv
[m[0;31mE20250901 18:21:02.309816 140022225245952 output_stream.cpp:105] Opened result file: ./profiles/standalone_attn_prefill_and_decode_tp8_prefill_then_decode1_256_4_8192160_agent_info.csv
[m[0;33mW20250901 18:21:11.145138 140022225245952 tool.cpp:1902] rocprofv3_error_signal_handler caught signal 11...
[m# ---- Run standalone_attn_prefill_and_decode_tp8_prefill_then_decode1_256_8_256160 ----
INFO 09-01 18:21:18 [__init__.py:244] Automatically detected platform rocm.
[0;31mE20250901 18:21:37.803886 140411995272960 output_stream.cpp:105] Opened result file: ./profiles/standalone_attn_prefill_and_decode_tp8_prefill_then_decode1_256_8_256160_kernel_trace.csv
[m[0;31mE20250901 18:21:37.810568 140411995272960 output_stream.cpp:105] Opened result file: ./profiles/standalone_attn_prefill_and_decode_tp8_prefill_then_decode1_256_8_256160_agent_info.csv
[m[0;33mW20250901 18:21:46.929619 140411995272960 tool.cpp:1902] rocprofv3_error_signal_handler caught signal 11...
[m# ---- Run standalone_attn_prefill_and_decode_tp8_prefill_then_decode1_256_8_512160 ----
INFO 09-01 18:21:53 [__init__.py:244] Automatically detected platform rocm.
[0;31mE20250901 18:22:10.774999 140610050017024 output_stream.cpp:105] Opened result file: ./profiles/standalone_attn_prefill_and_decode_tp8_prefill_then_decode1_256_8_512160_kernel_trace.csv
[m[0;31mE20250901 18:22:10.781959 140610050017024 output_stream.cpp:105] Opened result file: ./profiles/standalone_attn_prefill_and_decode_tp8_prefill_then_decode1_256_8_512160_agent_info.csv
[m[0;33mW20250901 18:22:19.829505 140610050017024 tool.cpp:1902] rocprofv3_error_signal_handler caught signal 11...
[m# ---- Run standalone_attn_prefill_and_decode_tp8_prefill_then_decode1_256_8_1024160 ----
INFO 09-01 18:22:25 [__init__.py:244] Automatically detected platform rocm.
[0;31mE20250901 18:22:44.559250 140251113768704 output_stream.cpp:105] Opened result file: ./profiles/standalone_attn_prefill_and_decode_tp8_prefill_then_decode1_256_8_1024160_kernel_trace.csv
[m[0;31mE20250901 18:22:44.565804 140251113768704 output_stream.cpp:105] Opened result file: ./profiles/standalone_attn_prefill_and_decode_tp8_prefill_then_decode1_256_8_1024160_agent_info.csv
[m[0;33mW20250901 18:22:53.544666 140251113768704 tool.cpp:1902] rocprofv3_error_signal_handler caught signal 11...
[m# ---- Run standalone_attn_prefill_and_decode_tp8_prefill_then_decode1_256_8_2048160 ----
INFO 09-01 18:22:59 [__init__.py:244] Automatically detected platform rocm.
[0;31mE20250901 18:23:17.327572 140067003610880 output_stream.cpp:105] Opened result file: ./profiles/standalone_attn_prefill_and_decode_tp8_prefill_then_decode1_256_8_2048160_kernel_trace.csv
[m[0;31mE20250901 18:23:17.334297 140067003610880 output_stream.cpp:105] Opened result file: ./profiles/standalone_attn_prefill_and_decode_tp8_prefill_then_decode1_256_8_2048160_agent_info.csv
[m[0;33mW20250901 18:23:25.847189 140067003610880 tool.cpp:1902] rocprofv3_error_signal_handler caught signal 11...
[m# ---- Run standalone_attn_prefill_and_decode_tp8_prefill_then_decode1_256_8_4096160 ----
INFO 09-01 18:23:31 [__init__.py:244] Automatically detected platform rocm.
[0;31mE20250901 18:23:49.955585 139666708371200 output_stream.cpp:105] Opened result file: ./profiles/standalone_attn_prefill_and_decode_tp8_prefill_then_decode1_256_8_4096160_kernel_trace.csv
[m[0;31mE20250901 18:23:49.962176 139666708371200 output_stream.cpp:105] Opened result file: ./profiles/standalone_attn_prefill_and_decode_tp8_prefill_then_decode1_256_8_4096160_agent_info.csv
[m[0;33mW20250901 18:23:58.999224 139666708371200 tool.cpp:1902] rocprofv3_error_signal_handler caught signal 11...
[m# ---- Run standalone_attn_prefill_and_decode_tp8_prefill_then_decode1_256_8_8192160 ----
INFO 09-01 18:24:05 [__init__.py:244] Automatically detected platform rocm.
[0;31mE20250901 18:24:23.050745 140378387678976 output_stream.cpp:105] Opened result file: ./profiles/standalone_attn_prefill_and_decode_tp8_prefill_then_decode1_256_8_8192160_kernel_trace.csv
[m[0;31mE20250901 18:24:23.057742 140378387678976 output_stream.cpp:105] Opened result file: ./profiles/standalone_attn_prefill_and_decode_tp8_prefill_then_decode1_256_8_8192160_agent_info.csv
[m[0;33mW20250901 18:24:32.165544 140378387678976 tool.cpp:1902] rocprofv3_error_signal_handler caught signal 11...
[m# ---- Run standalone_attn_prefill_and_decode_tp8_prefill_then_decode1_256_16_256160 ----
INFO 09-01 18:24:38 [__init__.py:244] Automatically detected platform rocm.
[0;31mE20250901 18:24:58.420147 139992183187200 output_stream.cpp:105] Opened result file: ./profiles/standalone_attn_prefill_and_decode_tp8_prefill_then_decode1_256_16_256160_kernel_trace.csv
[m[0;31mE20250901 18:24:58.427191 139992183187200 output_stream.cpp:105] Opened result file: ./profiles/standalone_attn_prefill_and_decode_tp8_prefill_then_decode1_256_16_256160_agent_info.csv
[m[0;33mW20250901 18:25:07.712663 139992183187200 tool.cpp:1902] rocprofv3_error_signal_handler caught signal 11...
[m# ---- Run standalone_attn_prefill_and_decode_tp8_prefill_then_decode1_256_16_512160 ----
INFO 09-01 18:25:14 [__init__.py:244] Automatically detected platform rocm.
[0;31mE20250901 18:25:35.592604 140275610121984 output_stream.cpp:105] Opened result file: ./profiles/standalone_attn_prefill_and_decode_tp8_prefill_then_decode1_256_16_512160_kernel_trace.csv
[m[0;31mE20250901 18:25:35.599544 140275610121984 output_stream.cpp:105] Opened result file: ./profiles/standalone_attn_prefill_and_decode_tp8_prefill_then_decode1_256_16_512160_agent_info.csv
[m[0;33mW20250901 18:25:44.773738 140275610121984 tool.cpp:1902] rocprofv3_error_signal_handler caught signal 11...
[m# ---- Run standalone_attn_prefill_and_decode_tp8_prefill_then_decode1_256_16_1024160 ----
INFO 09-01 18:25:52 [__init__.py:244] Automatically detected platform rocm.
[0;31mE20250901 18:26:11.721969 139989259695872 output_stream.cpp:105] Opened result file: ./profiles/standalone_attn_prefill_and_decode_tp8_prefill_then_decode1_256_16_1024160_kernel_trace.csv
[m[0;31mE20250901 18:26:11.729382 139989259695872 output_stream.cpp:105] Opened result file: ./profiles/standalone_attn_prefill_and_decode_tp8_prefill_then_decode1_256_16_1024160_agent_info.csv
[m[0;33mW20250901 18:26:20.267509 139989259695872 tool.cpp:1902] rocprofv3_error_signal_handler caught signal 11...
[m# ---- Run standalone_attn_prefill_and_decode_tp8_prefill_then_decode1_256_16_2048160 ----
INFO 09-01 18:26:27 [__init__.py:244] Automatically detected platform rocm.
[0;31mE20250901 18:26:46.242362 140251402372864 output_stream.cpp:105] Opened result file: ./profiles/standalone_attn_prefill_and_decode_tp8_prefill_then_decode1_256_16_2048160_kernel_trace.csv
[m[0;31mE20250901 18:26:46.249049 140251402372864 output_stream.cpp:105] Opened result file: ./profiles/standalone_attn_prefill_and_decode_tp8_prefill_then_decode1_256_16_2048160_agent_info.csv
[m[0;33mW20250901 18:26:55.011857 140251402372864 tool.cpp:1902] rocprofv3_error_signal_handler caught signal 11...
[m# ---- Run standalone_attn_prefill_and_decode_tp8_prefill_then_decode1_256_16_4096160 ----
INFO 09-01 18:27:00 [__init__.py:244] Automatically detected platform rocm.
[0;31mE20250901 18:27:18.703233 140603097618176 output_stream.cpp:105] Opened result file: ./profiles/standalone_attn_prefill_and_decode_tp8_prefill_then_decode1_256_16_4096160_kernel_trace.csv
[m[0;31mE20250901 18:27:18.709368 140603097618176 output_stream.cpp:105] Opened result file: ./profiles/standalone_attn_prefill_and_decode_tp8_prefill_then_decode1_256_16_4096160_agent_info.csv
[m[0;33mW20250901 18:27:27.201065 140603097618176 tool.cpp:1902] rocprofv3_error_signal_handler caught signal 11...
[m# ---- Run standalone_attn_prefill_and_decode_tp8_prefill_then_decode1_256_16_8192160 ----
INFO 09-01 18:27:33 [__init__.py:244] Automatically detected platform rocm.
[0;31mE20250901 18:27:51.139301 139934665864960 output_stream.cpp:105] Opened result file: ./profiles/standalone_attn_prefill_and_decode_tp8_prefill_then_decode1_256_16_8192160_kernel_trace.csv
[m[0;31mE20250901 18:27:51.145913 139934665864960 output_stream.cpp:105] Opened result file: ./profiles/standalone_attn_prefill_and_decode_tp8_prefill_then_decode1_256_16_8192160_agent_info.csv
[m[0;33mW20250901 18:27:59.969158 139934665864960 tool.cpp:1902] rocprofv3_error_signal_handler caught signal 11...
[m# ---- Run standalone_attn_prefill_and_decode_tp8_prefill_then_decode1_256_32_256160 ----
INFO 09-01 18:28:05 [__init__.py:244] Automatically detected platform rocm.
[0;31mE20250901 18:28:23.607084 140448684340992 output_stream.cpp:105] Opened result file: ./profiles/standalone_attn_prefill_and_decode_tp8_prefill_then_decode1_256_32_256160_kernel_trace.csv
[m[0;31mE20250901 18:28:23.613565 140448684340992 output_stream.cpp:105] Opened result file: ./profiles/standalone_attn_prefill_and_decode_tp8_prefill_then_decode1_256_32_256160_agent_info.csv
[m[0;33mW20250901 18:28:32.231909 140448684340992 tool.cpp:1902] rocprofv3_error_signal_handler caught signal 11...
[m# ---- Run standalone_attn_prefill_and_decode_tp8_prefill_then_decode1_256_32_512160 ----
INFO 09-01 18:28:38 [__init__.py:244] Automatically detected platform rocm.
[0;31mE20250901 18:28:56.072925 140403857774336 output_stream.cpp:105] Opened result file: ./profiles/standalone_attn_prefill_and_decode_tp8_prefill_then_decode1_256_32_512160_kernel_trace.csv
[m[0;31mE20250901 18:28:56.079049 140403857774336 output_stream.cpp:105] Opened result file: ./profiles/standalone_attn_prefill_and_decode_tp8_prefill_then_decode1_256_32_512160_agent_info.csv
[m[0;33mW20250901 18:29:04.561738 140403857774336 tool.cpp:1902] rocprofv3_error_signal_handler caught signal 11...
[m# ---- Run standalone_attn_prefill_and_decode_tp8_prefill_then_decode1_256_32_1024160 ----
INFO 09-01 18:29:10 [__init__.py:244] Automatically detected platform rocm.
[0;31mE20250901 18:29:28.641589 140272938718976 output_stream.cpp:105] Opened result file: ./profiles/standalone_attn_prefill_and_decode_tp8_prefill_then_decode1_256_32_1024160_kernel_trace.csv
[m[0;31mE20250901 18:29:28.647708 140272938718976 output_stream.cpp:105] Opened result file: ./profiles/standalone_attn_prefill_and_decode_tp8_prefill_then_decode1_256_32_1024160_agent_info.csv
[m[0;33mW20250901 18:29:37.694603 140272938718976 tool.cpp:1902] rocprofv3_error_signal_handler caught signal 11...
[m# ---- Run standalone_attn_prefill_and_decode_tp8_prefill_then_decode1_256_32_2048160 ----
INFO 09-01 18:29:43 [__init__.py:244] Automatically detected platform rocm.
[0;31mE20250901 18:30:01.850566 139961283987200 output_stream.cpp:105] Opened result file: ./profiles/standalone_attn_prefill_and_decode_tp8_prefill_then_decode1_256_32_2048160_kernel_trace.csv
[m[0;31mE20250901 18:30:01.856777 139961283987200 output_stream.cpp:105] Opened result file: ./profiles/standalone_attn_prefill_and_decode_tp8_prefill_then_decode1_256_32_2048160_agent_info.csv
[m[0;33mW20250901 18:30:10.571957 139961283987200 tool.cpp:1902] rocprofv3_error_signal_handler caught signal 11...
[m# ---- Run standalone_attn_prefill_and_decode_tp8_prefill_then_decode1_256_32_4096160 ----
INFO 09-01 18:30:16 [__init__.py:244] Automatically detected platform rocm.
[0;31mE20250901 18:30:34.798693 140350488413952 output_stream.cpp:105] Opened result file: ./profiles/standalone_attn_prefill_and_decode_tp8_prefill_then_decode1_256_32_4096160_kernel_trace.csv
[m[0;31mE20250901 18:30:34.804937 140350488413952 output_stream.cpp:105] Opened result file: ./profiles/standalone_attn_prefill_and_decode_tp8_prefill_then_decode1_256_32_4096160_agent_info.csv
[m[0;33mW20250901 18:30:43.900147 140350488413952 tool.cpp:1902] rocprofv3_error_signal_handler caught signal 11...
[m# ---- Run standalone_attn_prefill_and_decode_tp8_prefill_then_decode1_256_32_8192160 ----
INFO 09-01 18:30:50 [__init__.py:244] Automatically detected platform rocm.
[0;31mE20250901 18:31:10.862827 139747271829248 output_stream.cpp:105] Opened result file: ./profiles/standalone_attn_prefill_and_decode_tp8_prefill_then_decode1_256_32_8192160_kernel_trace.csv
[m[0;31mE20250901 18:31:10.869724 139747271829248 output_stream.cpp:105] Opened result file: ./profiles/standalone_attn_prefill_and_decode_tp8_prefill_then_decode1_256_32_8192160_agent_info.csv
[m[0;33mW20250901 18:31:20.380060 139747271829248 tool.cpp:1902] rocprofv3_error_signal_handler caught signal 11...
[m# ---- Run standalone_attn_prefill_and_decode_tp8_prefill_then_decode1_256_64_256160 ----
INFO 09-01 18:31:27 [__init__.py:244] Automatically detected platform rocm.
[0;31mE20250901 18:31:47.158896 140001480808192 output_stream.cpp:105] Opened result file: ./profiles/standalone_attn_prefill_and_decode_tp8_prefill_then_decode1_256_64_256160_kernel_trace.csv
[m[0;31mE20250901 18:31:47.165113 140001480808192 output_stream.cpp:105] Opened result file: ./profiles/standalone_attn_prefill_and_decode_tp8_prefill_then_decode1_256_64_256160_agent_info.csv
[m[0;33mW20250901 18:31:55.662966 140001480808192 tool.cpp:1902] rocprofv3_error_signal_handler caught signal 11...
[m# ---- Run standalone_attn_prefill_and_decode_tp8_prefill_then_decode1_256_64_512160 ----
INFO 09-01 18:32:01 [__init__.py:244] Automatically detected platform rocm.
[0;31mE20250901 18:32:19.966456 140033063094016 output_stream.cpp:105] Opened result file: ./profiles/standalone_attn_prefill_and_decode_tp8_prefill_then_decode1_256_64_512160_kernel_trace.csv
[m[0;31mE20250901 18:32:19.972677 140033063094016 output_stream.cpp:105] Opened result file: ./profiles/standalone_attn_prefill_and_decode_tp8_prefill_then_decode1_256_64_512160_agent_info.csv
[m[0;33mW20250901 18:32:28.729429 140033063094016 tool.cpp:1902] rocprofv3_error_signal_handler caught signal 11...
[m# ---- Run standalone_attn_prefill_and_decode_tp8_prefill_then_decode1_256_64_1024160 ----
INFO 09-01 18:32:34 [__init__.py:244] Automatically detected platform rocm.
[0;31mE20250901 18:32:53.234132 139686944597760 output_stream.cpp:105] Opened result file: ./profiles/standalone_attn_prefill_and_decode_tp8_prefill_then_decode1_256_64_1024160_kernel_trace.csv
[m[0;31mE20250901 18:32:53.239951 139686944597760 output_stream.cpp:105] Opened result file: ./profiles/standalone_attn_prefill_and_decode_tp8_prefill_then_decode1_256_64_1024160_agent_info.csv
[m[0;33mW20250901 18:33:01.804916 139686944597760 tool.cpp:1902] rocprofv3_error_signal_handler caught signal 11...
[m# ---- Run standalone_attn_prefill_and_decode_tp8_prefill_then_decode1_256_64_2048160 ----
INFO 09-01 18:33:07 [__init__.py:244] Automatically detected platform rocm.
[0;31mE20250901 18:33:26.021316 140075419698944 output_stream.cpp:105] Opened result file: ./profiles/standalone_attn_prefill_and_decode_tp8_prefill_then_decode1_256_64_2048160_kernel_trace.csv
[m[0;31mE20250901 18:33:26.027483 140075419698944 output_stream.cpp:105] Opened result file: ./profiles/standalone_attn_prefill_and_decode_tp8_prefill_then_decode1_256_64_2048160_agent_info.csv
[m[0;33mW20250901 18:33:34.376152 140075419698944 tool.cpp:1902] rocprofv3_error_signal_handler caught signal 11...
[m# ---- Run standalone_attn_prefill_and_decode_tp8_prefill_then_decode1_256_64_4096160 ----
INFO 09-01 18:33:40 [__init__.py:244] Automatically detected platform rocm.
[0;31mE20250901 18:34:00.182723 140025789728512 output_stream.cpp:105] Opened result file: ./profiles/standalone_attn_prefill_and_decode_tp8_prefill_then_decode1_256_64_4096160_kernel_trace.csv
[m[0;31mE20250901 18:34:00.190057 140025789728512 output_stream.cpp:105] Opened result file: ./profiles/standalone_attn_prefill_and_decode_tp8_prefill_then_decode1_256_64_4096160_agent_info.csv
[m[0;33mW20250901 18:34:09.258159 140025789728512 tool.cpp:1902] rocprofv3_error_signal_handler caught signal 11...
[m# ---- Run standalone_attn_prefill_and_decode_tp8_prefill_then_decode1_256_64_8192160 ----
INFO 09-01 18:34:16 [__init__.py:244] Automatically detected platform rocm.
[0;31mE20250901 18:34:37.542847 139661550933760 output_stream.cpp:105] Opened result file: ./profiles/standalone_attn_prefill_and_decode_tp8_prefill_then_decode1_256_64_8192160_kernel_trace.csv
[m[0;31mE20250901 18:34:37.550535 139661550933760 output_stream.cpp:105] Opened result file: ./profiles/standalone_attn_prefill_and_decode_tp8_prefill_then_decode1_256_64_8192160_agent_info.csv
[m[0;33mW20250901 18:34:46.764275 139661550933760 tool.cpp:1902] rocprofv3_error_signal_handler caught signal 11...
[m# ---- Run standalone_attn_prefill_and_decode_tp8_prefill_then_decode1_256_128_256160 ----
INFO 09-01 18:34:54 [__init__.py:244] Automatically detected platform rocm.
[0;31mE20250901 18:35:12.889611 140001119385344 output_stream.cpp:105] Opened result file: ./profiles/standalone_attn_prefill_and_decode_tp8_prefill_then_decode1_256_128_256160_kernel_trace.csv
[m[0;31mE20250901 18:35:12.896382 140001119385344 output_stream.cpp:105] Opened result file: ./profiles/standalone_attn_prefill_and_decode_tp8_prefill_then_decode1_256_128_256160_agent_info.csv
[m[0;33mW20250901 18:35:22.624504 140001119385344 tool.cpp:1902] rocprofv3_error_signal_handler caught signal 11...
[m# ---- Run standalone_attn_prefill_and_decode_tp8_prefill_then_decode1_256_128_512160 ----
INFO 09-01 18:35:28 [__init__.py:244] Automatically detected platform rocm.
[0;31mE20250901 18:35:46.054375 140026808289024 output_stream.cpp:105] Opened result file: ./profiles/standalone_attn_prefill_and_decode_tp8_prefill_then_decode1_256_128_512160_kernel_trace.csv
[m[0;31mE20250901 18:35:46.060649 140026808289024 output_stream.cpp:105] Opened result file: ./profiles/standalone_attn_prefill_and_decode_tp8_prefill_then_decode1_256_128_512160_agent_info.csv
[m[0;33mW20250901 18:35:55.448548 140026808289024 tool.cpp:1902] rocprofv3_error_signal_handler caught signal 11...
[m# ---- Run standalone_attn_prefill_and_decode_tp8_prefill_then_decode1_256_128_1024160 ----
INFO 09-01 18:36:01 [__init__.py:244] Automatically detected platform rocm.
[0;31mE20250901 18:36:18.640783 139737837135616 output_stream.cpp:105] Opened result file: ./profiles/standalone_attn_prefill_and_decode_tp8_prefill_then_decode1_256_128_1024160_kernel_trace.csv
[m[0;31mE20250901 18:36:18.647552 139737837135616 output_stream.cpp:105] Opened result file: ./profiles/standalone_attn_prefill_and_decode_tp8_prefill_then_decode1_256_128_1024160_agent_info.csv
[m[0;33mW20250901 18:36:27.368947 139737837135616 tool.cpp:1902] rocprofv3_error_signal_handler caught signal 11...
[m# ---- Run standalone_attn_prefill_and_decode_tp8_prefill_then_decode1_256_128_2048160 ----
INFO 09-01 18:36:33 [__init__.py:244] Automatically detected platform rocm.
[0;31mE20250901 18:36:50.836022 140285719156480 output_stream.cpp:105] Opened result file: ./profiles/standalone_attn_prefill_and_decode_tp8_prefill_then_decode1_256_128_2048160_kernel_trace.csv
[m[0;31mE20250901 18:36:50.843239 140285719156480 output_stream.cpp:105] Opened result file: ./profiles/standalone_attn_prefill_and_decode_tp8_prefill_then_decode1_256_128_2048160_agent_info.csv
[m[0;33mW20250901 18:37:00.504264 140285719156480 tool.cpp:1902] rocprofv3_error_signal_handler caught signal 11...
[m# ---- Run standalone_attn_prefill_and_decode_tp8_prefill_then_decode1_256_128_4096160 ----
INFO 09-01 18:37:06 [__init__.py:244] Automatically detected platform rocm.
[0;31mE20250901 18:37:23.457633 140076808668928 output_stream.cpp:105] Opened result file: ./profiles/standalone_attn_prefill_and_decode_tp8_prefill_then_decode1_256_128_4096160_kernel_trace.csv
[m[0;31mE20250901 18:37:23.463465 140076808668928 output_stream.cpp:105] Opened result file: ./profiles/standalone_attn_prefill_and_decode_tp8_prefill_then_decode1_256_128_4096160_agent_info.csv
[m[0;33mW20250901 18:37:31.992171 140076808668928 tool.cpp:1902] rocprofv3_error_signal_handler caught signal 11...
[m# ---- Run standalone_attn_prefill_and_decode_tp8_prefill_then_decode1_256_128_8192160 ----
INFO 09-01 18:37:38 [__init__.py:244] Automatically detected platform rocm.
[0;31mE20250901 18:37:55.319769 139656712701696 output_stream.cpp:105] Opened result file: ./profiles/standalone_attn_prefill_and_decode_tp8_prefill_then_decode1_256_128_8192160_kernel_trace.csv
[m[0;31mE20250901 18:37:55.326446 139656712701696 output_stream.cpp:105] Opened result file: ./profiles/standalone_attn_prefill_and_decode_tp8_prefill_then_decode1_256_128_8192160_agent_info.csv
[m[0;33mW20250901 18:38:04.815293 139656712701696 tool.cpp:1902] rocprofv3_error_signal_handler caught signal 11...
[m# ---- Run standalone_attn_prefill_and_decode_tp8_prefill_then_decode1_512_1_256160 ----
INFO 09-01 18:38:11 [__init__.py:244] Automatically detected platform rocm.
[0;31mE20250901 18:38:29.217648 139891131672320 output_stream.cpp:105] Opened result file: ./profiles/standalone_attn_prefill_and_decode_tp8_prefill_then_decode1_512_1_256160_kernel_trace.csv
[m[0;31mE20250901 18:38:29.224310 139891131672320 output_stream.cpp:105] Opened result file: ./profiles/standalone_attn_prefill_and_decode_tp8_prefill_then_decode1_512_1_256160_agent_info.csv
[m[0;33mW20250901 18:38:38.170051 139891131672320 tool.cpp:1902] rocprofv3_error_signal_handler caught signal 11...
[m# ---- Run standalone_attn_prefill_and_decode_tp8_prefill_then_decode1_512_1_512160 ----
INFO 09-01 18:38:44 [__init__.py:244] Automatically detected platform rocm.
[0;31mE20250901 18:39:02.738868 140330051430144 output_stream.cpp:105] Opened result file: ./profiles/standalone_attn_prefill_and_decode_tp8_prefill_then_decode1_512_1_512160_kernel_trace.csv
[m[0;31mE20250901 18:39:02.745181 140330051430144 output_stream.cpp:105] Opened result file: ./profiles/standalone_attn_prefill_and_decode_tp8_prefill_then_decode1_512_1_512160_agent_info.csv
[m[0;33mW20250901 18:39:11.748942 140330051430144 tool.cpp:1902] rocprofv3_error_signal_handler caught signal 11...
[m# ---- Run standalone_attn_prefill_and_decode_tp8_prefill_then_decode1_512_1_1024160 ----
INFO 09-01 18:39:17 [__init__.py:244] Automatically detected platform rocm.
[0;31mE20250901 18:39:36.087480 140630268139264 output_stream.cpp:105] Opened result file: ./profiles/standalone_attn_prefill_and_decode_tp8_prefill_then_decode1_512_1_1024160_kernel_trace.csv
[m[0;31mE20250901 18:39:36.094088 140630268139264 output_stream.cpp:105] Opened result file: ./profiles/standalone_attn_prefill_and_decode_tp8_prefill_then_decode1_512_1_1024160_agent_info.csv
[m[0;33mW20250901 18:39:44.811665 140630268139264 tool.cpp:1902] rocprofv3_error_signal_handler caught signal 11...
[m# ---- Run standalone_attn_prefill_and_decode_tp8_prefill_then_decode1_512_1_2048160 ----
INFO 09-01 18:39:50 [__init__.py:244] Automatically detected platform rocm.
[0;31mE20250901 18:40:09.112677 140077551367936 output_stream.cpp:105] Opened result file: ./profiles/standalone_attn_prefill_and_decode_tp8_prefill_then_decode1_512_1_2048160_kernel_trace.csv
[m[0;31mE20250901 18:40:09.118746 140077551367936 output_stream.cpp:105] Opened result file: ./profiles/standalone_attn_prefill_and_decode_tp8_prefill_then_decode1_512_1_2048160_agent_info.csv
[m[0;33mW20250901 18:40:18.399644 140077551367936 tool.cpp:1902] rocprofv3_error_signal_handler caught signal 11...
[m# ---- Run standalone_attn_prefill_and_decode_tp8_prefill_then_decode1_512_1_4096160 ----
INFO 09-01 18:40:24 [__init__.py:244] Automatically detected platform rocm.
[0;31mE20250901 18:40:42.006923 140338348529408 output_stream.cpp:105] Opened result file: ./profiles/standalone_attn_prefill_and_decode_tp8_prefill_then_decode1_512_1_4096160_kernel_trace.csv
[m[0;31mE20250901 18:40:42.013702 140338348529408 output_stream.cpp:105] Opened result file: ./profiles/standalone_attn_prefill_and_decode_tp8_prefill_then_decode1_512_1_4096160_agent_info.csv
[m[0;33mW20250901 18:40:50.509001 140338348529408 tool.cpp:1902] rocprofv3_error_signal_handler caught signal 11...
[m# ---- Run standalone_attn_prefill_and_decode_tp8_prefill_then_decode1_512_1_8192160 ----
INFO 09-01 18:40:56 [__init__.py:244] Automatically detected platform rocm.
[0;31mE20250901 18:41:17.080138 140281038698240 output_stream.cpp:105] Opened result file: ./profiles/standalone_attn_prefill_and_decode_tp8_prefill_then_decode1_512_1_8192160_kernel_trace.csv
[m[0;31mE20250901 18:41:17.088013 140281038698240 output_stream.cpp:105] Opened result file: ./profiles/standalone_attn_prefill_and_decode_tp8_prefill_then_decode1_512_1_8192160_agent_info.csv
[m[0;33mW20250901 18:41:26.855697 140281038698240 tool.cpp:1902] rocprofv3_error_signal_handler caught signal 11...
[m# ---- Run standalone_attn_prefill_and_decode_tp8_prefill_then_decode1_512_2_256160 ----
INFO 09-01 18:41:34 [__init__.py:244] Automatically detected platform rocm.
[0;31mE20250901 18:41:56.668095 139813474404096 output_stream.cpp:105] Opened result file: ./profiles/standalone_attn_prefill_and_decode_tp8_prefill_then_decode1_512_2_256160_kernel_trace.csv
[m[0;31mE20250901 18:41:56.675015 139813474404096 output_stream.cpp:105] Opened result file: ./profiles/standalone_attn_prefill_and_decode_tp8_prefill_then_decode1_512_2_256160_agent_info.csv
[m[0;33mW20250901 18:42:05.578018 139813474404096 tool.cpp:1902] rocprofv3_error_signal_handler caught signal 11...
[m# ---- Run standalone_attn_prefill_and_decode_tp8_prefill_then_decode1_512_2_512160 ----
INFO 09-01 18:42:12 [__init__.py:244] Automatically detected platform rocm.
[0;31mE20250901 18:42:34.343090 139937516848896 output_stream.cpp:105] Opened result file: ./profiles/standalone_attn_prefill_and_decode_tp8_prefill_then_decode1_512_2_512160_kernel_trace.csv
[m[0;31mE20250901 18:42:34.350142 139937516848896 output_stream.cpp:105] Opened result file: ./profiles/standalone_attn_prefill_and_decode_tp8_prefill_then_decode1_512_2_512160_agent_info.csv
[m[0;33mW20250901 18:42:44.316556 139937516848896 tool.cpp:1902] rocprofv3_error_signal_handler caught signal 11...
[m# ---- Run standalone_attn_prefill_and_decode_tp8_prefill_then_decode1_512_2_1024160 ----
INFO 09-01 18:42:51 [__init__.py:244] Automatically detected platform rocm.
[0;31mE20250901 18:43:13.451024 139997277718272 output_stream.cpp:105] Opened result file: ./profiles/standalone_attn_prefill_and_decode_tp8_prefill_then_decode1_512_2_1024160_kernel_trace.csv
[m[0;31mE20250901 18:43:13.457984 139997277718272 output_stream.cpp:105] Opened result file: ./profiles/standalone_attn_prefill_and_decode_tp8_prefill_then_decode1_512_2_1024160_agent_info.csv
[m[0;33mW20250901 18:43:22.717064 139997277718272 tool.cpp:1902] rocprofv3_error_signal_handler caught signal 11...
[m# ---- Run standalone_attn_prefill_and_decode_tp8_prefill_then_decode1_512_2_2048160 ----
INFO 09-01 18:43:30 [__init__.py:244] Automatically detected platform rocm.
[0;31mE20250901 18:43:49.510511 139892374353664 output_stream.cpp:105] Opened result file: ./profiles/standalone_attn_prefill_and_decode_tp8_prefill_then_decode1_512_2_2048160_kernel_trace.csv
[m[0;31mE20250901 18:43:49.517372 139892374353664 output_stream.cpp:105] Opened result file: ./profiles/standalone_attn_prefill_and_decode_tp8_prefill_then_decode1_512_2_2048160_agent_info.csv
[m[0;33mW20250901 18:43:57.988665 139892374353664 tool.cpp:1902] rocprofv3_error_signal_handler caught signal 11...
[m# ---- Run standalone_attn_prefill_and_decode_tp8_prefill_then_decode1_512_2_4096160 ----
INFO 09-01 18:44:03 [__init__.py:244] Automatically detected platform rocm.
[0;31mE20250901 18:44:21.492504 140172649363200 output_stream.cpp:105] Opened result file: ./profiles/standalone_attn_prefill_and_decode_tp8_prefill_then_decode1_512_2_4096160_kernel_trace.csv
[m[0;31mE20250901 18:44:21.498565 140172649363200 output_stream.cpp:105] Opened result file: ./profiles/standalone_attn_prefill_and_decode_tp8_prefill_then_decode1_512_2_4096160_agent_info.csv
[m[0;33mW20250901 18:44:30.467677 140172649363200 tool.cpp:1902] rocprofv3_error_signal_handler caught signal 11...
[m# ---- Run standalone_attn_prefill_and_decode_tp8_prefill_then_decode1_512_2_8192160 ----
INFO 09-01 18:44:36 [__init__.py:244] Automatically detected platform rocm.
[0;31mE20250901 18:44:54.113242 139648219858688 output_stream.cpp:105] Opened result file: ./profiles/standalone_attn_prefill_and_decode_tp8_prefill_then_decode1_512_2_8192160_kernel_trace.csv
[m[0;31mE20250901 18:44:54.119501 139648219858688 output_stream.cpp:105] Opened result file: ./profiles/standalone_attn_prefill_and_decode_tp8_prefill_then_decode1_512_2_8192160_agent_info.csv
[m[0;33mW20250901 18:45:03.011933 139648219858688 tool.cpp:1902] rocprofv3_error_signal_handler caught signal 11...
[m# ---- Run standalone_attn_prefill_and_decode_tp8_prefill_then_decode1_512_4_256160 ----
INFO 09-01 18:45:08 [__init__.py:244] Automatically detected platform rocm.
[0;31mE20250901 18:45:26.726240 140645479782144 output_stream.cpp:105] Opened result file: ./profiles/standalone_attn_prefill_and_decode_tp8_prefill_then_decode1_512_4_256160_kernel_trace.csv
[m[0;31mE20250901 18:45:26.732893 140645479782144 output_stream.cpp:105] Opened result file: ./profiles/standalone_attn_prefill_and_decode_tp8_prefill_then_decode1_512_4_256160_agent_info.csv
[m[0;33mW20250901 18:45:35.300462 140645479782144 tool.cpp:1902] rocprofv3_error_signal_handler caught signal 11...
[m# ---- Run standalone_attn_prefill_and_decode_tp8_prefill_then_decode1_512_4_512160 ----
INFO 09-01 18:45:41 [__init__.py:244] Automatically detected platform rocm.
[0;31mE20250901 18:46:02.611382 139699530086144 output_stream.cpp:105] Opened result file: ./profiles/standalone_attn_prefill_and_decode_tp8_prefill_then_decode1_512_4_512160_kernel_trace.csv
[m[0;31mE20250901 18:46:02.619513 139699530086144 output_stream.cpp:105] Opened result file: ./profiles/standalone_attn_prefill_and_decode_tp8_prefill_then_decode1_512_4_512160_agent_info.csv
[m[0;33mW20250901 18:46:12.446456 139699530086144 tool.cpp:1902] rocprofv3_error_signal_handler caught signal 11...
[m# ---- Run standalone_attn_prefill_and_decode_tp8_prefill_then_decode1_512_4_1024160 ----
INFO 09-01 18:46:20 [__init__.py:244] Automatically detected platform rocm.
[0;31mE20250901 18:46:42.603822 140496731842304 output_stream.cpp:105] Opened result file: ./profiles/standalone_attn_prefill_and_decode_tp8_prefill_then_decode1_512_4_1024160_kernel_trace.csv
[m[0;31mE20250901 18:46:42.610703 140496731842304 output_stream.cpp:105] Opened result file: ./profiles/standalone_attn_prefill_and_decode_tp8_prefill_then_decode1_512_4_1024160_agent_info.csv
[m[0;33mW20250901 18:46:51.887996 140496731842304 tool.cpp:1902] rocprofv3_error_signal_handler caught signal 11...
[m# ---- Run standalone_attn_prefill_and_decode_tp8_prefill_then_decode1_512_4_2048160 ----
INFO 09-01 18:46:59 [__init__.py:244] Automatically detected platform rocm.
[0;31mE20250901 18:47:19.356654 139903253665536 output_stream.cpp:105] Opened result file: ./profiles/standalone_attn_prefill_and_decode_tp8_prefill_then_decode1_512_4_2048160_kernel_trace.csv
[m[0;31mE20250901 18:47:19.363069 139903253665536 output_stream.cpp:105] Opened result file: ./profiles/standalone_attn_prefill_and_decode_tp8_prefill_then_decode1_512_4_2048160_agent_info.csv
[m[0;33mW20250901 18:47:27.997372 139903253665536 tool.cpp:1902] rocprofv3_error_signal_handler caught signal 11...
[m# ---- Run standalone_attn_prefill_and_decode_tp8_prefill_then_decode1_512_4_4096160 ----
INFO 09-01 18:47:34 [__init__.py:244] Automatically detected platform rocm.
[0;31mE20250901 18:47:52.396396 140636639524608 output_stream.cpp:105] Opened result file: ./profiles/standalone_attn_prefill_and_decode_tp8_prefill_then_decode1_512_4_4096160_kernel_trace.csv
[m[0;31mE20250901 18:47:52.402457 140636639524608 output_stream.cpp:105] Opened result file: ./profiles/standalone_attn_prefill_and_decode_tp8_prefill_then_decode1_512_4_4096160_agent_info.csv
[m[0;33mW20250901 18:48:01.206173 140636639524608 tool.cpp:1902] rocprofv3_error_signal_handler caught signal 11...
[m# ---- Run standalone_attn_prefill_and_decode_tp8_prefill_then_decode1_512_4_8192160 ----
INFO 09-01 18:48:07 [__init__.py:244] Automatically detected platform rocm.
[0;31mE20250901 18:48:25.221611 139887662794496 output_stream.cpp:105] Opened result file: ./profiles/standalone_attn_prefill_and_decode_tp8_prefill_then_decode1_512_4_8192160_kernel_trace.csv
[m[0;31mE20250901 18:48:25.227667 139887662794496 output_stream.cpp:105] Opened result file: ./profiles/standalone_attn_prefill_and_decode_tp8_prefill_then_decode1_512_4_8192160_agent_info.csv
[m[0;33mW20250901 18:48:33.674918 139887662794496 tool.cpp:1902] rocprofv3_error_signal_handler caught signal 11...
[m# ---- Run standalone_attn_prefill_and_decode_tp8_prefill_then_decode1_512_8_256160 ----
INFO 09-01 18:48:39 [__init__.py:244] Automatically detected platform rocm.
[0;31mE20250901 18:48:58.186656 140665256695552 output_stream.cpp:105] Opened result file: ./profiles/standalone_attn_prefill_and_decode_tp8_prefill_then_decode1_512_8_256160_kernel_trace.csv
[m[0;31mE20250901 18:48:58.193684 140665256695552 output_stream.cpp:105] Opened result file: ./profiles/standalone_attn_prefill_and_decode_tp8_prefill_then_decode1_512_8_256160_agent_info.csv
[m[0;33mW20250901 18:49:06.621003 140665256695552 tool.cpp:1902] rocprofv3_error_signal_handler caught signal 11...
[m# ---- Run standalone_attn_prefill_and_decode_tp8_prefill_then_decode1_512_8_512160 ----
INFO 09-01 18:49:12 [__init__.py:244] Automatically detected platform rocm.
[0;31mE20250901 18:49:30.884240 139641535895296 output_stream.cpp:105] Opened result file: ./profiles/standalone_attn_prefill_and_decode_tp8_prefill_then_decode1_512_8_512160_kernel_trace.csv
[m[0;31mE20250901 18:49:30.890335 139641535895296 output_stream.cpp:105] Opened result file: ./profiles/standalone_attn_prefill_and_decode_tp8_prefill_then_decode1_512_8_512160_agent_info.csv
[m[0;33mW20250901 18:49:39.404350 139641535895296 tool.cpp:1902] rocprofv3_error_signal_handler caught signal 11...
[m# ---- Run standalone_attn_prefill_and_decode_tp8_prefill_then_decode1_512_8_1024160 ----
INFO 09-01 18:49:45 [__init__.py:244] Automatically detected platform rocm.
[0;31mE20250901 18:50:04.087623 139749199943424 output_stream.cpp:105] Opened result file: ./profiles/standalone_attn_prefill_and_decode_tp8_prefill_then_decode1_512_8_1024160_kernel_trace.csv
[m[0;31mE20250901 18:50:04.093974 139749199943424 output_stream.cpp:105] Opened result file: ./profiles/standalone_attn_prefill_and_decode_tp8_prefill_then_decode1_512_8_1024160_agent_info.csv
[m[0;33mW20250901 18:50:13.086101 139749199943424 tool.cpp:1902] rocprofv3_error_signal_handler caught signal 11...
[m# ---- Run standalone_attn_prefill_and_decode_tp8_prefill_then_decode1_512_8_2048160 ----
INFO 09-01 18:50:19 [__init__.py:244] Automatically detected platform rocm.
[0;31mE20250901 18:50:39.756001 140304801748736 output_stream.cpp:105] Opened result file: ./profiles/standalone_attn_prefill_and_decode_tp8_prefill_then_decode1_512_8_2048160_kernel_trace.csv
[m[0;31mE20250901 18:50:39.763283 140304801748736 output_stream.cpp:105] Opened result file: ./profiles/standalone_attn_prefill_and_decode_tp8_prefill_then_decode1_512_8_2048160_agent_info.csv
[m[0;33mW20250901 18:50:49.369644 140304801748736 tool.cpp:1902] rocprofv3_error_signal_handler caught signal 11...
[m# ---- Run standalone_attn_prefill_and_decode_tp8_prefill_then_decode1_512_8_4096160 ----
INFO 09-01 18:50:56 [__init__.py:244] Automatically detected platform rocm.
[0;31mE20250901 18:51:18.073056 139855965943552 output_stream.cpp:105] Opened result file: ./profiles/standalone_attn_prefill_and_decode_tp8_prefill_then_decode1_512_8_4096160_kernel_trace.csv
[m[0;31mE20250901 18:51:18.080176 139855965943552 output_stream.cpp:105] Opened result file: ./profiles/standalone_attn_prefill_and_decode_tp8_prefill_then_decode1_512_8_4096160_agent_info.csv
[m[0;33mW20250901 18:51:27.418264 139855965943552 tool.cpp:1902] rocprofv3_error_signal_handler caught signal 11...
[m# ---- Run standalone_attn_prefill_and_decode_tp8_prefill_then_decode1_512_8_8192160 ----
INFO 09-01 18:51:35 [__init__.py:244] Automatically detected platform rocm.
[0;31mE20250901 18:51:54.375014 140440188569344 output_stream.cpp:105] Opened result file: ./profiles/standalone_attn_prefill_and_decode_tp8_prefill_then_decode1_512_8_8192160_kernel_trace.csv
[m[0;31mE20250901 18:51:54.381516 140440188569344 output_stream.cpp:105] Opened result file: ./profiles/standalone_attn_prefill_and_decode_tp8_prefill_then_decode1_512_8_8192160_agent_info.csv
[m[0;33mW20250901 18:52:03.557824 140440188569344 tool.cpp:1902] rocprofv3_error_signal_handler caught signal 11...
[m# ---- Run standalone_attn_prefill_and_decode_tp8_prefill_then_decode1_512_16_256160 ----
INFO 09-01 18:52:09 [__init__.py:244] Automatically detected platform rocm.
[0;31mE20250901 18:52:28.754810 140327610337024 output_stream.cpp:105] Opened result file: ./profiles/standalone_attn_prefill_and_decode_tp8_prefill_then_decode1_512_16_256160_kernel_trace.csv
[m[0;31mE20250901 18:52:28.761075 140327610337024 output_stream.cpp:105] Opened result file: ./profiles/standalone_attn_prefill_and_decode_tp8_prefill_then_decode1_512_16_256160_agent_info.csv
[m[0;33mW20250901 18:52:37.732121 140327610337024 tool.cpp:1902] rocprofv3_error_signal_handler caught signal 11...
[m# ---- Run standalone_attn_prefill_and_decode_tp8_prefill_then_decode1_512_16_512160 ----
INFO 09-01 18:52:44 [__init__.py:244] Automatically detected platform rocm.
[0;31mE20250901 18:53:02.676349 139834038277888 output_stream.cpp:105] Opened result file: ./profiles/standalone_attn_prefill_and_decode_tp8_prefill_then_decode1_512_16_512160_kernel_trace.csv
[m[0;31mE20250901 18:53:02.682658 139834038277888 output_stream.cpp:105] Opened result file: ./profiles/standalone_attn_prefill_and_decode_tp8_prefill_then_decode1_512_16_512160_agent_info.csv
[m[0;33mW20250901 18:53:11.446576 139834038277888 tool.cpp:1902] rocprofv3_error_signal_handler caught signal 11...
[m# ---- Run standalone_attn_prefill_and_decode_tp8_prefill_then_decode1_512_16_1024160 ----
INFO 09-01 18:53:17 [__init__.py:244] Automatically detected platform rocm.
[0;31mE20250901 18:53:36.411559 140597945747200 output_stream.cpp:105] Opened result file: ./profiles/standalone_attn_prefill_and_decode_tp8_prefill_then_decode1_512_16_1024160_kernel_trace.csv
[m[0;31mE20250901 18:53:36.417844 140597945747200 output_stream.cpp:105] Opened result file: ./profiles/standalone_attn_prefill_and_decode_tp8_prefill_then_decode1_512_16_1024160_agent_info.csv
[m[0;33mW20250901 18:53:45.451906 140597945747200 tool.cpp:1902] rocprofv3_error_signal_handler caught signal 11...
[m# ---- Run standalone_attn_prefill_and_decode_tp8_prefill_then_decode1_512_16_2048160 ----
INFO 09-01 18:53:51 [__init__.py:244] Automatically detected platform rocm.
[0;31mE20250901 18:54:09.877723 140186845181696 output_stream.cpp:105] Opened result file: ./profiles/standalone_attn_prefill_and_decode_tp8_prefill_then_decode1_512_16_2048160_kernel_trace.csv
[m[0;31mE20250901 18:54:09.883974 140186845181696 output_stream.cpp:105] Opened result file: ./profiles/standalone_attn_prefill_and_decode_tp8_prefill_then_decode1_512_16_2048160_agent_info.csv
[m[0;33mW20250901 18:54:18.595370 140186845181696 tool.cpp:1902] rocprofv3_error_signal_handler caught signal 11...
[m# ---- Run standalone_attn_prefill_and_decode_tp8_prefill_then_decode1_512_16_4096160 ----
INFO 09-01 18:54:24 [__init__.py:244] Automatically detected platform rocm.
[0;31mE20250901 18:54:44.813629 140298363840256 output_stream.cpp:105] Opened result file: ./profiles/standalone_attn_prefill_and_decode_tp8_prefill_then_decode1_512_16_4096160_kernel_trace.csv
[m[0;31mE20250901 18:54:44.821085 140298363840256 output_stream.cpp:105] Opened result file: ./profiles/standalone_attn_prefill_and_decode_tp8_prefill_then_decode1_512_16_4096160_agent_info.csv
[m[0;33mW20250901 18:54:54.021559 140298363840256 tool.cpp:1902] rocprofv3_error_signal_handler caught signal 11...
[m# ---- Run standalone_attn_prefill_and_decode_tp8_prefill_then_decode1_512_16_8192160 ----
INFO 09-01 18:55:01 [__init__.py:244] Automatically detected platform rocm.
[0;31mE20250901 18:55:21.555603 140056024049408 output_stream.cpp:105] Opened result file: ./profiles/standalone_attn_prefill_and_decode_tp8_prefill_then_decode1_512_16_8192160_kernel_trace.csv
[m[0;31mE20250901 18:55:21.562719 140056024049408 output_stream.cpp:105] Opened result file: ./profiles/standalone_attn_prefill_and_decode_tp8_prefill_then_decode1_512_16_8192160_agent_info.csv
[m[0;33mW20250901 18:55:30.609535 140056024049408 tool.cpp:1902] rocprofv3_error_signal_handler caught signal 11...
[m# ---- Run standalone_attn_prefill_and_decode_tp8_prefill_then_decode1_512_32_256160 ----
INFO 09-01 18:55:37 [__init__.py:244] Automatically detected platform rocm.
[0;31mE20250901 18:55:58.302668 139856189789952 output_stream.cpp:105] Opened result file: ./profiles/standalone_attn_prefill_and_decode_tp8_prefill_then_decode1_512_32_256160_kernel_trace.csv
[m[0;31mE20250901 18:55:58.310109 139856189789952 output_stream.cpp:105] Opened result file: ./profiles/standalone_attn_prefill_and_decode_tp8_prefill_then_decode1_512_32_256160_agent_info.csv
[m[0;33mW20250901 18:56:07.954454 139856189789952 tool.cpp:1902] rocprofv3_error_signal_handler caught signal 11...
[m# ---- Run standalone_attn_prefill_and_decode_tp8_prefill_then_decode1_512_32_512160 ----
INFO 09-01 18:56:15 [__init__.py:244] Automatically detected platform rocm.
[0;31mE20250901 18:56:35.157395 140410630096640 output_stream.cpp:105] Opened result file: ./profiles/standalone_attn_prefill_and_decode_tp8_prefill_then_decode1_512_32_512160_kernel_trace.csv
[m[0;31mE20250901 18:56:35.163802 140410630096640 output_stream.cpp:105] Opened result file: ./profiles/standalone_attn_prefill_and_decode_tp8_prefill_then_decode1_512_32_512160_agent_info.csv
[m[0;33mW20250901 18:56:44.689150 140410630096640 tool.cpp:1902] rocprofv3_error_signal_handler caught signal 11...
[m# ---- Run standalone_attn_prefill_and_decode_tp8_prefill_then_decode1_512_32_1024160 ----
INFO 09-01 18:56:50 [__init__.py:244] Automatically detected platform rocm.
[0;31mE20250901 18:57:09.492336 139740721854208 output_stream.cpp:105] Opened result file: ./profiles/standalone_attn_prefill_and_decode_tp8_prefill_then_decode1_512_32_1024160_kernel_trace.csv
[m[0;31mE20250901 18:57:09.498691 139740721854208 output_stream.cpp:105] Opened result file: ./profiles/standalone_attn_prefill_and_decode_tp8_prefill_then_decode1_512_32_1024160_agent_info.csv
[m[0;33mW20250901 18:57:18.073218 139740721854208 tool.cpp:1902] rocprofv3_error_signal_handler caught signal 11...
[m# ---- Run standalone_attn_prefill_and_decode_tp8_prefill_then_decode1_512_32_2048160 ----
INFO 09-01 18:57:24 [__init__.py:244] Automatically detected platform rocm.
[0;31mE20250901 18:57:42.960545 139930078291712 output_stream.cpp:105] Opened result file: ./profiles/standalone_attn_prefill_and_decode_tp8_prefill_then_decode1_512_32_2048160_kernel_trace.csv
[m[0;31mE20250901 18:57:42.967019 139930078291712 output_stream.cpp:105] Opened result file: ./profiles/standalone_attn_prefill_and_decode_tp8_prefill_then_decode1_512_32_2048160_agent_info.csv
[m[0;33mW20250901 18:57:51.414183 139930078291712 tool.cpp:1902] rocprofv3_error_signal_handler caught signal 11...
[m# ---- Run standalone_attn_prefill_and_decode_tp8_prefill_then_decode1_512_32_4096160 ----
INFO 09-01 18:57:57 [__init__.py:244] Automatically detected platform rocm.
[0;31mE20250901 18:58:18.772076 140233320560384 output_stream.cpp:105] Opened result file: ./profiles/standalone_attn_prefill_and_decode_tp8_prefill_then_decode1_512_32_4096160_kernel_trace.csv
[m[0;31mE20250901 18:58:18.778871 140233320560384 output_stream.cpp:105] Opened result file: ./profiles/standalone_attn_prefill_and_decode_tp8_prefill_then_decode1_512_32_4096160_agent_info.csv
[m[0;33mW20250901 18:58:27.791153 140233320560384 tool.cpp:1902] rocprofv3_error_signal_handler caught signal 11...
[m# ---- Run standalone_attn_prefill_and_decode_tp8_prefill_then_decode1_512_32_8192160 ----
INFO 09-01 18:58:35 [__init__.py:244] Automatically detected platform rocm.
[0;31mE20250901 18:58:55.323833 139746241627904 output_stream.cpp:105] Opened result file: ./profiles/standalone_attn_prefill_and_decode_tp8_prefill_then_decode1_512_32_8192160_kernel_trace.csv
[m[0;31mE20250901 18:58:55.331804 139746241627904 output_stream.cpp:105] Opened result file: ./profiles/standalone_attn_prefill_and_decode_tp8_prefill_then_decode1_512_32_8192160_agent_info.csv
[m[0;33mW20250901 18:59:04.381248 139746241627904 tool.cpp:1902] rocprofv3_error_signal_handler caught signal 11...
[m# ---- Run standalone_attn_prefill_and_decode_tp8_prefill_then_decode1_512_64_256160 ----
INFO 09-01 18:59:10 [__init__.py:244] Automatically detected platform rocm.
[0;31mE20250901 18:59:29.878902 140113418303232 output_stream.cpp:105] Opened result file: ./profiles/standalone_attn_prefill_and_decode_tp8_prefill_then_decode1_512_64_256160_kernel_trace.csv
[m[0;31mE20250901 18:59:29.885466 140113418303232 output_stream.cpp:105] Opened result file: ./profiles/standalone_attn_prefill_and_decode_tp8_prefill_then_decode1_512_64_256160_agent_info.csv
[m[0;33mW20250901 18:59:38.715123 140113418303232 tool.cpp:1902] rocprofv3_error_signal_handler caught signal 11...
[m# ---- Run standalone_attn_prefill_and_decode_tp8_prefill_then_decode1_512_64_512160 ----
INFO 09-01 18:59:45 [__init__.py:244] Automatically detected platform rocm.
[0;31mE20250901 19:00:04.866566 140283605976832 output_stream.cpp:105] Opened result file: ./profiles/standalone_attn_prefill_and_decode_tp8_prefill_then_decode1_512_64_512160_kernel_trace.csv
[m[0;31mE20250901 19:00:04.875359 140283605976832 output_stream.cpp:105] Opened result file: ./profiles/standalone_attn_prefill_and_decode_tp8_prefill_then_decode1_512_64_512160_agent_info.csv
[m[0;33mW20250901 19:00:13.777519 140283605976832 tool.cpp:1902] rocprofv3_error_signal_handler caught signal 11...
[m# ---- Run standalone_attn_prefill_and_decode_tp8_prefill_then_decode1_512_64_1024160 ----
INFO 09-01 19:00:20 [__init__.py:244] Automatically detected platform rocm.
[0;31mE20250901 19:00:39.751046 139970911069952 output_stream.cpp:105] Opened result file: ./profiles/standalone_attn_prefill_and_decode_tp8_prefill_then_decode1_512_64_1024160_kernel_trace.csv
[m[0;31mE20250901 19:00:39.758094 139970911069952 output_stream.cpp:105] Opened result file: ./profiles/standalone_attn_prefill_and_decode_tp8_prefill_then_decode1_512_64_1024160_agent_info.csv
[m[0;33mW20250901 19:00:49.090454 139970911069952 tool.cpp:1902] rocprofv3_error_signal_handler caught signal 11...
[m# ---- Run standalone_attn_prefill_and_decode_tp8_prefill_then_decode1_512_64_2048160 ----
INFO 09-01 19:00:55 [__init__.py:244] Automatically detected platform rocm.
[0;31mE20250901 19:01:15.641920 140031333676800 output_stream.cpp:105] Opened result file: ./profiles/standalone_attn_prefill_and_decode_tp8_prefill_then_decode1_512_64_2048160_kernel_trace.csv
[m[0;31mE20250901 19:01:15.648845 140031333676800 output_stream.cpp:105] Opened result file: ./profiles/standalone_attn_prefill_and_decode_tp8_prefill_then_decode1_512_64_2048160_agent_info.csv
[m[0;33mW20250901 19:01:24.812821 140031333676800 tool.cpp:1902] rocprofv3_error_signal_handler caught signal 11...
[m# ---- Run standalone_attn_prefill_and_decode_tp8_prefill_then_decode1_512_64_4096160 ----
INFO 09-01 19:01:31 [__init__.py:244] Automatically detected platform rocm.
[0;31mE20250901 19:01:51.449515 139725725722368 output_stream.cpp:105] Opened result file: ./profiles/standalone_attn_prefill_and_decode_tp8_prefill_then_decode1_512_64_4096160_kernel_trace.csv
[m[0;31mE20250901 19:01:51.456519 139725725722368 output_stream.cpp:105] Opened result file: ./profiles/standalone_attn_prefill_and_decode_tp8_prefill_then_decode1_512_64_4096160_agent_info.csv
[m[0;33mW20250901 19:02:00.519339 139725725722368 tool.cpp:1902] rocprofv3_error_signal_handler caught signal 11...
[m# ---- Run standalone_attn_prefill_and_decode_tp8_prefill_then_decode1_512_64_8192160 ----
INFO 09-01 19:02:07 [__init__.py:244] Automatically detected platform rocm.
[0;31mE20250901 19:02:26.856428 139654161835776 output_stream.cpp:105] Opened result file: ./profiles/standalone_attn_prefill_and_decode_tp8_prefill_then_decode1_512_64_8192160_kernel_trace.csv
[m[0;31mE20250901 19:02:26.862763 139654161835776 output_stream.cpp:105] Opened result file: ./profiles/standalone_attn_prefill_and_decode_tp8_prefill_then_decode1_512_64_8192160_agent_info.csv
[m[0;33mW20250901 19:02:35.963450 139654161835776 tool.cpp:1902] rocprofv3_error_signal_handler caught signal 11...
[m# ---- Run standalone_attn_prefill_and_decode_tp8_prefill_then_decode1_512_128_256160 ----
INFO 09-01 19:02:42 [__init__.py:244] Automatically detected platform rocm.
[0;31mE20250901 19:02:59.807066 140551272625920 output_stream.cpp:105] Opened result file: ./profiles/standalone_attn_prefill_and_decode_tp8_prefill_then_decode1_512_128_256160_kernel_trace.csv
[m[0;31mE20250901 19:02:59.813006 140551272625920 output_stream.cpp:105] Opened result file: ./profiles/standalone_attn_prefill_and_decode_tp8_prefill_then_decode1_512_128_256160_agent_info.csv
[m[0;33mW20250901 19:03:08.562615 140551272625920 tool.cpp:1902] rocprofv3_error_signal_handler caught signal 11...
[m# ---- Run standalone_attn_prefill_and_decode_tp8_prefill_then_decode1_512_128_512160 ----
INFO 09-01 19:03:14 [__init__.py:244] Automatically detected platform rocm.
[0;31mE20250901 19:03:32.152414 139907793639168 output_stream.cpp:105] Opened result file: ./profiles/standalone_attn_prefill_and_decode_tp8_prefill_then_decode1_512_128_512160_kernel_trace.csv
[m[0;31mE20250901 19:03:32.158740 139907793639168 output_stream.cpp:105] Opened result file: ./profiles/standalone_attn_prefill_and_decode_tp8_prefill_then_decode1_512_128_512160_agent_info.csv
[m[0;33mW20250901 19:03:41.230931 139907793639168 tool.cpp:1902] rocprofv3_error_signal_handler caught signal 11...
[m# ---- Run standalone_attn_prefill_and_decode_tp8_prefill_then_decode1_512_128_1024160 ----
INFO 09-01 19:03:47 [__init__.py:244] Automatically detected platform rocm.
[0;31mE20250901 19:04:04.817489 140219453388544 output_stream.cpp:105] Opened result file: ./profiles/standalone_attn_prefill_and_decode_tp8_prefill_then_decode1_512_128_1024160_kernel_trace.csv
[m[0;31mE20250901 19:04:04.823714 140219453388544 output_stream.cpp:105] Opened result file: ./profiles/standalone_attn_prefill_and_decode_tp8_prefill_then_decode1_512_128_1024160_agent_info.csv
[m[0;33mW20250901 19:04:13.586933 140219453388544 tool.cpp:1902] rocprofv3_error_signal_handler caught signal 11...
[m# ---- Run standalone_attn_prefill_and_decode_tp8_prefill_then_decode1_512_128_2048160 ----
INFO 09-01 19:04:19 [__init__.py:244] Automatically detected platform rocm.
[0;31mE20250901 19:04:37.093616 140239961110272 output_stream.cpp:105] Opened result file: ./profiles/standalone_attn_prefill_and_decode_tp8_prefill_then_decode1_512_128_2048160_kernel_trace.csv
[m[0;31mE20250901 19:04:37.100362 140239961110272 output_stream.cpp:105] Opened result file: ./profiles/standalone_attn_prefill_and_decode_tp8_prefill_then_decode1_512_128_2048160_agent_info.csv
[m[0;33mW20250901 19:04:45.901953 140239961110272 tool.cpp:1902] rocprofv3_error_signal_handler caught signal 11...
[m# ---- Run standalone_attn_prefill_and_decode_tp8_prefill_then_decode1_512_128_4096160 ----
INFO 09-01 19:04:52 [__init__.py:244] Automatically detected platform rocm.
[0;31mE20250901 19:05:09.374702 139907754501888 output_stream.cpp:105] Opened result file: ./profiles/standalone_attn_prefill_and_decode_tp8_prefill_then_decode1_512_128_4096160_kernel_trace.csv
[m[0;31mE20250901 19:05:09.381213 139907754501888 output_stream.cpp:105] Opened result file: ./profiles/standalone_attn_prefill_and_decode_tp8_prefill_then_decode1_512_128_4096160_agent_info.csv
[m[0;33mW20250901 19:05:18.469319 139907754501888 tool.cpp:1902] rocprofv3_error_signal_handler caught signal 11...
[m# ---- Run standalone_attn_prefill_and_decode_tp8_prefill_then_decode1_512_128_8192160 ----
INFO 09-01 19:05:24 [__init__.py:244] Automatically detected platform rocm.
[0;31mE20250901 19:05:42.359572 140502164113152 output_stream.cpp:105] Opened result file: ./profiles/standalone_attn_prefill_and_decode_tp8_prefill_then_decode1_512_128_8192160_kernel_trace.csv
[m[0;31mE20250901 19:05:42.366591 140502164113152 output_stream.cpp:105] Opened result file: ./profiles/standalone_attn_prefill_and_decode_tp8_prefill_then_decode1_512_128_8192160_agent_info.csv
[m[0;33mW20250901 19:05:51.177460 140502164113152 tool.cpp:1902] rocprofv3_error_signal_handler caught signal 11...
[m# ---- Run standalone_attn_prefill_and_decode_tp8_prefill_then_decode1_1024_1_256160 ----
INFO 09-01 19:05:57 [__init__.py:244] Automatically detected platform rocm.
[0;31mE20250901 19:06:15.231018 139859199014656 output_stream.cpp:105] Opened result file: ./profiles/standalone_attn_prefill_and_decode_tp8_prefill_then_decode1_1024_1_256160_kernel_trace.csv
[m[0;31mE20250901 19:06:15.237036 139859199014656 output_stream.cpp:105] Opened result file: ./profiles/standalone_attn_prefill_and_decode_tp8_prefill_then_decode1_1024_1_256160_agent_info.csv
[m[0;33mW20250901 19:06:23.947991 139859199014656 tool.cpp:1902] rocprofv3_error_signal_handler caught signal 11...
[m# ---- Run standalone_attn_prefill_and_decode_tp8_prefill_then_decode1_1024_1_512160 ----
INFO 09-01 19:06:29 [__init__.py:244] Automatically detected platform rocm.
[0;31mE20250901 19:06:50.040220 140675843090176 output_stream.cpp:105] Opened result file: ./profiles/standalone_attn_prefill_and_decode_tp8_prefill_then_decode1_1024_1_512160_kernel_trace.csv
[m[0;31mE20250901 19:06:50.047718 140675843090176 output_stream.cpp:105] Opened result file: ./profiles/standalone_attn_prefill_and_decode_tp8_prefill_then_decode1_1024_1_512160_agent_info.csv
[m[0;33mW20250901 19:06:59.772789 140675843090176 tool.cpp:1902] rocprofv3_error_signal_handler caught signal 11...
[m# ---- Run standalone_attn_prefill_and_decode_tp8_prefill_then_decode1_1024_1_1024160 ----
INFO 09-01 19:07:06 [__init__.py:244] Automatically detected platform rocm.
[0;31mE20250901 19:07:27.273469 140118514726656 output_stream.cpp:105] Opened result file: ./profiles/standalone_attn_prefill_and_decode_tp8_prefill_then_decode1_1024_1_1024160_kernel_trace.csv
[m[0;31mE20250901 19:07:27.280471 140118514726656 output_stream.cpp:105] Opened result file: ./profiles/standalone_attn_prefill_and_decode_tp8_prefill_then_decode1_1024_1_1024160_agent_info.csv
[m[0;33mW20250901 19:07:36.333305 140118514726656 tool.cpp:1902] rocprofv3_error_signal_handler caught signal 11...
[m# ---- Run standalone_attn_prefill_and_decode_tp8_prefill_then_decode1_1024_1_2048160 ----
INFO 09-01 19:07:43 [__init__.py:244] Automatically detected platform rocm.
[0;31mE20250901 19:08:02.696856 140148526130944 output_stream.cpp:105] Opened result file: ./profiles/standalone_attn_prefill_and_decode_tp8_prefill_then_decode1_1024_1_2048160_kernel_trace.csv
[m[0;31mE20250901 19:08:02.703143 140148526130944 output_stream.cpp:105] Opened result file: ./profiles/standalone_attn_prefill_and_decode_tp8_prefill_then_decode1_1024_1_2048160_agent_info.csv
[m[0;33mW20250901 19:08:11.410199 140148526130944 tool.cpp:1902] rocprofv3_error_signal_handler caught signal 11...
[m# ---- Run standalone_attn_prefill_and_decode_tp8_prefill_then_decode1_1024_1_4096160 ----
INFO 09-01 19:08:17 [__init__.py:244] Automatically detected platform rocm.
[0;31mE20250901 19:08:35.367090 139847664355072 output_stream.cpp:105] Opened result file: ./profiles/standalone_attn_prefill_and_decode_tp8_prefill_then_decode1_1024_1_4096160_kernel_trace.csv
[m[0;31mE20250901 19:08:35.373289 139847664355072 output_stream.cpp:105] Opened result file: ./profiles/standalone_attn_prefill_and_decode_tp8_prefill_then_decode1_1024_1_4096160_agent_info.csv
[m[0;33mW20250901 19:08:44.312217 139847664355072 tool.cpp:1902] rocprofv3_error_signal_handler caught signal 11...
[m# ---- Run standalone_attn_prefill_and_decode_tp8_prefill_then_decode1_1024_1_8192160 ----
INFO 09-01 19:08:50 [__init__.py:244] Automatically detected platform rocm.
[0;31mE20250901 19:09:08.981058 140380519950080 output_stream.cpp:105] Opened result file: ./profiles/standalone_attn_prefill_and_decode_tp8_prefill_then_decode1_1024_1_8192160_kernel_trace.csv
[m[0;31mE20250901 19:09:08.987208 140380519950080 output_stream.cpp:105] Opened result file: ./profiles/standalone_attn_prefill_and_decode_tp8_prefill_then_decode1_1024_1_8192160_agent_info.csv
[m[0;33mW20250901 19:09:17.546628 140380519950080 tool.cpp:1902] rocprofv3_error_signal_handler caught signal 11...
[m# ---- Run standalone_attn_prefill_and_decode_tp8_prefill_then_decode1_1024_2_256160 ----
INFO 09-01 19:09:24 [__init__.py:244] Automatically detected platform rocm.
[0;31mE20250901 19:09:44.178303 140676033373952 output_stream.cpp:105] Opened result file: ./profiles/standalone_attn_prefill_and_decode_tp8_prefill_then_decode1_1024_2_256160_kernel_trace.csv
[m[0;31mE20250901 19:09:44.184960 140676033373952 output_stream.cpp:105] Opened result file: ./profiles/standalone_attn_prefill_and_decode_tp8_prefill_then_decode1_1024_2_256160_agent_info.csv
[m[0;33mW20250901 19:09:53.772635 140676033373952 tool.cpp:1902] rocprofv3_error_signal_handler caught signal 11...
[m# ---- Run standalone_attn_prefill_and_decode_tp8_prefill_then_decode1_1024_2_512160 ----
INFO 09-01 19:10:00 [__init__.py:244] Automatically detected platform rocm.
[0;31mE20250901 19:10:20.834448 139818263086848 output_stream.cpp:105] Opened result file: ./profiles/standalone_attn_prefill_and_decode_tp8_prefill_then_decode1_1024_2_512160_kernel_trace.csv
[m[0;31mE20250901 19:10:20.841423 139818263086848 output_stream.cpp:105] Opened result file: ./profiles/standalone_attn_prefill_and_decode_tp8_prefill_then_decode1_1024_2_512160_agent_info.csv
[m[0;33mW20250901 19:10:30.563172 139818263086848 tool.cpp:1902] rocprofv3_error_signal_handler caught signal 11...
[m# ---- Run standalone_attn_prefill_and_decode_tp8_prefill_then_decode1_1024_2_1024160 ----
INFO 09-01 19:10:37 [__init__.py:244] Automatically detected platform rocm.
[0;31mE20250901 19:10:57.452497 140083789469440 output_stream.cpp:105] Opened result file: ./profiles/standalone_attn_prefill_and_decode_tp8_prefill_then_decode1_1024_2_1024160_kernel_trace.csv
[m[0;31mE20250901 19:10:57.458356 140083789469440 output_stream.cpp:105] Opened result file: ./profiles/standalone_attn_prefill_and_decode_tp8_prefill_then_decode1_1024_2_1024160_agent_info.csv
[m[0;33mW20250901 19:11:06.808402 140083789469440 tool.cpp:1902] rocprofv3_error_signal_handler caught signal 11...
[m# ---- Run standalone_attn_prefill_and_decode_tp8_prefill_then_decode1_1024_2_2048160 ----
INFO 09-01 19:11:12 [__init__.py:244] Automatically detected platform rocm.
[0;31mE20250901 19:11:32.920892 140169415419648 output_stream.cpp:105] Opened result file: ./profiles/standalone_attn_prefill_and_decode_tp8_prefill_then_decode1_1024_2_2048160_kernel_trace.csv
[m[0;31mE20250901 19:11:32.927769 140169415419648 output_stream.cpp:105] Opened result file: ./profiles/standalone_attn_prefill_and_decode_tp8_prefill_then_decode1_1024_2_2048160_agent_info.csv
[m[0;33mW20250901 19:11:42.482322 140169415419648 tool.cpp:1902] rocprofv3_error_signal_handler caught signal 11...
[m# ---- Run standalone_attn_prefill_and_decode_tp8_prefill_then_decode1_1024_2_4096160 ----
INFO 09-01 19:11:49 [__init__.py:244] Automatically detected platform rocm.
[0;31mE20250901 19:12:08.744552 140067394602752 output_stream.cpp:105] Opened result file: ./profiles/standalone_attn_prefill_and_decode_tp8_prefill_then_decode1_1024_2_4096160_kernel_trace.csv
[m[0;31mE20250901 19:12:08.751545 140067394602752 output_stream.cpp:105] Opened result file: ./profiles/standalone_attn_prefill_and_decode_tp8_prefill_then_decode1_1024_2_4096160_agent_info.csv
[m[0;33mW20250901 19:12:17.698001 140067394602752 tool.cpp:1902] rocprofv3_error_signal_handler caught signal 11...
[m# ---- Run standalone_attn_prefill_and_decode_tp8_prefill_then_decode1_1024_2_8192160 ----
INFO 09-01 19:12:24 [__init__.py:244] Automatically detected platform rocm.
[0;31mE20250901 19:12:42.516847 140446539003648 output_stream.cpp:105] Opened result file: ./profiles/standalone_attn_prefill_and_decode_tp8_prefill_then_decode1_1024_2_8192160_kernel_trace.csv
[m[0;31mE20250901 19:12:42.523677 140446539003648 output_stream.cpp:105] Opened result file: ./profiles/standalone_attn_prefill_and_decode_tp8_prefill_then_decode1_1024_2_8192160_agent_info.csv
[m[0;33mW20250901 19:12:51.404540 140446539003648 tool.cpp:1902] rocprofv3_error_signal_handler caught signal 11...
[m# ---- Run standalone_attn_prefill_and_decode_tp8_prefill_then_decode1_1024_4_256160 ----
INFO 09-01 19:12:57 [__init__.py:244] Automatically detected platform rocm.
[0;31mE20250901 19:13:16.360739 139923109594880 output_stream.cpp:105] Opened result file: ./profiles/standalone_attn_prefill_and_decode_tp8_prefill_then_decode1_1024_4_256160_kernel_trace.csv
[m[0;31mE20250901 19:13:16.367804 139923109594880 output_stream.cpp:105] Opened result file: ./profiles/standalone_attn_prefill_and_decode_tp8_prefill_then_decode1_1024_4_256160_agent_info.csv
[m[0;33mW20250901 19:13:25.332024 139923109594880 tool.cpp:1902] rocprofv3_error_signal_handler caught signal 11...
[m# ---- Run standalone_attn_prefill_and_decode_tp8_prefill_then_decode1_1024_4_512160 ----
INFO 09-01 19:13:31 [__init__.py:244] Automatically detected platform rocm.
[0;31mE20250901 19:13:50.162554 140486996891392 output_stream.cpp:105] Opened result file: ./profiles/standalone_attn_prefill_and_decode_tp8_prefill_then_decode1_1024_4_512160_kernel_trace.csv
[m[0;31mE20250901 19:13:50.168726 140486996891392 output_stream.cpp:105] Opened result file: ./profiles/standalone_attn_prefill_and_decode_tp8_prefill_then_decode1_1024_4_512160_agent_info.csv
[m[0;33mW20250901 19:13:59.017956 140486996891392 tool.cpp:1902] rocprofv3_error_signal_handler caught signal 11...
[m# ---- Run standalone_attn_prefill_and_decode_tp8_prefill_then_decode1_1024_4_1024160 ----
INFO 09-01 19:14:05 [__init__.py:244] Automatically detected platform rocm.
[0;31mE20250901 19:14:23.335039 140631124244224 output_stream.cpp:105] Opened result file: ./profiles/standalone_attn_prefill_and_decode_tp8_prefill_then_decode1_1024_4_1024160_kernel_trace.csv
[m[0;31mE20250901 19:14:23.341076 140631124244224 output_stream.cpp:105] Opened result file: ./profiles/standalone_attn_prefill_and_decode_tp8_prefill_then_decode1_1024_4_1024160_agent_info.csv
[m[0;33mW20250901 19:14:32.057510 140631124244224 tool.cpp:1902] rocprofv3_error_signal_handler caught signal 11...
[m# ---- Run standalone_attn_prefill_and_decode_tp8_prefill_then_decode1_1024_4_2048160 ----
INFO 09-01 19:14:38 [__init__.py:244] Automatically detected platform rocm.
[0;31mE20250901 19:14:56.585971 140654797768448 output_stream.cpp:105] Opened result file: ./profiles/standalone_attn_prefill_and_decode_tp8_prefill_then_decode1_1024_4_2048160_kernel_trace.csv
[m[0;31mE20250901 19:14:56.592090 140654797768448 output_stream.cpp:105] Opened result file: ./profiles/standalone_attn_prefill_and_decode_tp8_prefill_then_decode1_1024_4_2048160_agent_info.csv
[m[0;33mW20250901 19:15:05.558944 140654797768448 tool.cpp:1902] rocprofv3_error_signal_handler caught signal 11...
[m# ---- Run standalone_attn_prefill_and_decode_tp8_prefill_then_decode1_1024_4_4096160 ----
INFO 09-01 19:15:11 [__init__.py:244] Automatically detected platform rocm.
[0;31mE20250901 19:15:29.916736 140295048353536 output_stream.cpp:105] Opened result file: ./profiles/standalone_attn_prefill_and_decode_tp8_prefill_then_decode1_1024_4_4096160_kernel_trace.csv
[m[0;31mE20250901 19:15:29.923196 140295048353536 output_stream.cpp:105] Opened result file: ./profiles/standalone_attn_prefill_and_decode_tp8_prefill_then_decode1_1024_4_4096160_agent_info.csv
[m[0;33mW20250901 19:15:38.903461 140295048353536 tool.cpp:1902] rocprofv3_error_signal_handler caught signal 11...
[m# ---- Run standalone_attn_prefill_and_decode_tp8_prefill_then_decode1_1024_4_8192160 ----
INFO 09-01 19:15:45 [__init__.py:244] Automatically detected platform rocm.
[0;31mE20250901 19:16:03.326560 139933133137664 output_stream.cpp:105] Opened result file: ./profiles/standalone_attn_prefill_and_decode_tp8_prefill_then_decode1_1024_4_8192160_kernel_trace.csv
[m[0;31mE20250901 19:16:03.332651 139933133137664 output_stream.cpp:105] Opened result file: ./profiles/standalone_attn_prefill_and_decode_tp8_prefill_then_decode1_1024_4_8192160_agent_info.csv
[m[0;33mW20250901 19:16:12.554832 139933133137664 tool.cpp:1902] rocprofv3_error_signal_handler caught signal 11...
[m# ---- Run standalone_attn_prefill_and_decode_tp8_prefill_then_decode1_1024_8_256160 ----
INFO 09-01 19:16:18 [__init__.py:244] Automatically detected platform rocm.
[0;31mE20250901 19:16:36.310351 140439124760320 output_stream.cpp:105] Opened result file: ./profiles/standalone_attn_prefill_and_decode_tp8_prefill_then_decode1_1024_8_256160_kernel_trace.csv
[m[0;31mE20250901 19:16:36.316930 140439124760320 output_stream.cpp:105] Opened result file: ./profiles/standalone_attn_prefill_and_decode_tp8_prefill_then_decode1_1024_8_256160_agent_info.csv
[m[0;33mW20250901 19:16:45.023866 140439124760320 tool.cpp:1902] rocprofv3_error_signal_handler caught signal 11...
[m# ---- Run standalone_attn_prefill_and_decode_tp8_prefill_then_decode1_1024_8_512160 ----
INFO 09-01 19:16:51 [__init__.py:244] Automatically detected platform rocm.
[0;31mE20250901 19:17:09.024336 140146439640832 output_stream.cpp:105] Opened result file: ./profiles/standalone_attn_prefill_and_decode_tp8_prefill_then_decode1_1024_8_512160_kernel_trace.csv
[m[0;31mE20250901 19:17:09.030468 140146439640832 output_stream.cpp:105] Opened result file: ./profiles/standalone_attn_prefill_and_decode_tp8_prefill_then_decode1_1024_8_512160_agent_info.csv
[m[0;33mW20250901 19:17:17.699759 140146439640832 tool.cpp:1902] rocprofv3_error_signal_handler caught signal 11...
[m# ---- Run standalone_attn_prefill_and_decode_tp8_prefill_then_decode1_1024_8_1024160 ----
INFO 09-01 19:17:23 [__init__.py:244] Automatically detected platform rocm.
[0;31mE20250901 19:17:41.694125 139920437675776 output_stream.cpp:105] Opened result file: ./profiles/standalone_attn_prefill_and_decode_tp8_prefill_then_decode1_1024_8_1024160_kernel_trace.csv
[m[0;31mE20250901 19:17:41.700179 139920437675776 output_stream.cpp:105] Opened result file: ./profiles/standalone_attn_prefill_and_decode_tp8_prefill_then_decode1_1024_8_1024160_agent_info.csv
[m[0;33mW20250901 19:17:50.436063 139920437675776 tool.cpp:1902] rocprofv3_error_signal_handler caught signal 11...
[m# ---- Run standalone_attn_prefill_and_decode_tp8_prefill_then_decode1_1024_8_2048160 ----
INFO 09-01 19:17:56 [__init__.py:244] Automatically detected platform rocm.
[0;31mE20250901 19:18:14.292060 140571094660864 output_stream.cpp:105] Opened result file: ./profiles/standalone_attn_prefill_and_decode_tp8_prefill_then_decode1_1024_8_2048160_kernel_trace.csv
[m[0;31mE20250901 19:18:14.298211 140571094660864 output_stream.cpp:105] Opened result file: ./profiles/standalone_attn_prefill_and_decode_tp8_prefill_then_decode1_1024_8_2048160_agent_info.csv
[m[0;33mW20250901 19:18:22.800179 140571094660864 tool.cpp:1902] rocprofv3_error_signal_handler caught signal 11...
[m# ---- Run standalone_attn_prefill_and_decode_tp8_prefill_then_decode1_1024_8_4096160 ----
INFO 09-01 19:18:28 [__init__.py:244] Automatically detected platform rocm.
[0;31mE20250901 19:18:47.000453 139926493107968 output_stream.cpp:105] Opened result file: ./profiles/standalone_attn_prefill_and_decode_tp8_prefill_then_decode1_1024_8_4096160_kernel_trace.csv
[m[0;31mE20250901 19:18:47.006290 139926493107968 output_stream.cpp:105] Opened result file: ./profiles/standalone_attn_prefill_and_decode_tp8_prefill_then_decode1_1024_8_4096160_agent_info.csv
[m[0;33mW20250901 19:18:56.393542 139926493107968 tool.cpp:1902] rocprofv3_error_signal_handler caught signal 11...
[m# ---- Run standalone_attn_prefill_and_decode_tp8_prefill_then_decode1_1024_8_8192160 ----
INFO 09-01 19:19:02 [__init__.py:244] Automatically detected platform rocm.
[0;31mE20250901 19:19:20.739975 139716120672000 output_stream.cpp:105] Opened result file: ./profiles/standalone_attn_prefill_and_decode_tp8_prefill_then_decode1_1024_8_8192160_kernel_trace.csv
[m[0;31mE20250901 19:19:20.746205 139716120672000 output_stream.cpp:105] Opened result file: ./profiles/standalone_attn_prefill_and_decode_tp8_prefill_then_decode1_1024_8_8192160_agent_info.csv
[m[0;33mW20250901 19:19:29.677014 139716120672000 tool.cpp:1902] rocprofv3_error_signal_handler caught signal 11...
[m# ---- Run standalone_attn_prefill_and_decode_tp8_prefill_then_decode1_1024_16_256160 ----
INFO 09-01 19:19:35 [__init__.py:244] Automatically detected platform rocm.
[0;31mE20250901 19:19:53.939987 140026086954752 output_stream.cpp:105] Opened result file: ./profiles/standalone_attn_prefill_and_decode_tp8_prefill_then_decode1_1024_16_256160_kernel_trace.csv
[m[0;31mE20250901 19:19:53.946046 140026086954752 output_stream.cpp:105] Opened result file: ./profiles/standalone_attn_prefill_and_decode_tp8_prefill_then_decode1_1024_16_256160_agent_info.csv
[m[0;33mW20250901 19:20:02.860458 140026086954752 tool.cpp:1902] rocprofv3_error_signal_handler caught signal 11...
[m# ---- Run standalone_attn_prefill_and_decode_tp8_prefill_then_decode1_1024_16_512160 ----
INFO 09-01 19:20:08 [__init__.py:244] Automatically detected platform rocm.
[0;31mE20250901 19:20:26.394147 139818898712320 output_stream.cpp:105] Opened result file: ./profiles/standalone_attn_prefill_and_decode_tp8_prefill_then_decode1_1024_16_512160_kernel_trace.csv
[m[0;31mE20250901 19:20:26.400126 139818898712320 output_stream.cpp:105] Opened result file: ./profiles/standalone_attn_prefill_and_decode_tp8_prefill_then_decode1_1024_16_512160_agent_info.csv
[m[0;33mW20250901 19:20:35.231998 139818898712320 tool.cpp:1902] rocprofv3_error_signal_handler caught signal 11...
[m# ---- Run standalone_attn_prefill_and_decode_tp8_prefill_then_decode1_1024_16_1024160 ----
INFO 09-01 19:20:41 [__init__.py:244] Automatically detected platform rocm.
[0;31mE20250901 19:20:59.289012 140106137483008 output_stream.cpp:105] Opened result file: ./profiles/standalone_attn_prefill_and_decode_tp8_prefill_then_decode1_1024_16_1024160_kernel_trace.csv
[m[0;31mE20250901 19:20:59.295038 140106137483008 output_stream.cpp:105] Opened result file: ./profiles/standalone_attn_prefill_and_decode_tp8_prefill_then_decode1_1024_16_1024160_agent_info.csv
[m[0;33mW20250901 19:21:07.821258 140106137483008 tool.cpp:1902] rocprofv3_error_signal_handler caught signal 11...
[m# ---- Run standalone_attn_prefill_and_decode_tp8_prefill_then_decode1_1024_16_2048160 ----
INFO 09-01 19:21:13 [__init__.py:244] Automatically detected platform rocm.
[0;31mE20250901 19:21:31.604731 140308536891136 output_stream.cpp:105] Opened result file: ./profiles/standalone_attn_prefill_and_decode_tp8_prefill_then_decode1_1024_16_2048160_kernel_trace.csv
[m[0;31mE20250901 19:21:31.610774 140308536891136 output_stream.cpp:105] Opened result file: ./profiles/standalone_attn_prefill_and_decode_tp8_prefill_then_decode1_1024_16_2048160_agent_info.csv
[m[0;33mW20250901 19:21:40.404640 140308536891136 tool.cpp:1902] rocprofv3_error_signal_handler caught signal 11...
[m# ---- Run standalone_attn_prefill_and_decode_tp8_prefill_then_decode1_1024_16_4096160 ----
INFO 09-01 19:21:46 [__init__.py:244] Automatically detected platform rocm.
[0;31mE20250901 19:22:04.315749 140293129537280 output_stream.cpp:105] Opened result file: ./profiles/standalone_attn_prefill_and_decode_tp8_prefill_then_decode1_1024_16_4096160_kernel_trace.csv
[m[0;31mE20250901 19:22:04.321952 140293129537280 output_stream.cpp:105] Opened result file: ./profiles/standalone_attn_prefill_and_decode_tp8_prefill_then_decode1_1024_16_4096160_agent_info.csv
[m[0;33mW20250901 19:22:13.012814 140293129537280 tool.cpp:1902] rocprofv3_error_signal_handler caught signal 11...
[m# ---- Run standalone_attn_prefill_and_decode_tp8_prefill_then_decode1_1024_16_8192160 ----
INFO 09-01 19:22:18 [__init__.py:244] Automatically detected platform rocm.
[0;31mE20250901 19:22:36.982282 140566235281152 output_stream.cpp:105] Opened result file: ./profiles/standalone_attn_prefill_and_decode_tp8_prefill_then_decode1_1024_16_8192160_kernel_trace.csv
[m[0;31mE20250901 19:22:36.988262 140566235281152 output_stream.cpp:105] Opened result file: ./profiles/standalone_attn_prefill_and_decode_tp8_prefill_then_decode1_1024_16_8192160_agent_info.csv
[m[0;33mW20250901 19:22:45.625362 140566235281152 tool.cpp:1902] rocprofv3_error_signal_handler caught signal 11...
[m# ---- Run standalone_attn_prefill_and_decode_tp8_prefill_then_decode1_1024_32_256160 ----
INFO 09-01 19:22:51 [__init__.py:244] Automatically detected platform rocm.
[0;31mE20250901 19:23:09.406801 139774647826176 output_stream.cpp:105] Opened result file: ./profiles/standalone_attn_prefill_and_decode_tp8_prefill_then_decode1_1024_32_256160_kernel_trace.csv
[m[0;31mE20250901 19:23:09.413025 139774647826176 output_stream.cpp:105] Opened result file: ./profiles/standalone_attn_prefill_and_decode_tp8_prefill_then_decode1_1024_32_256160_agent_info.csv
[m[0;33mW20250901 19:23:17.997140 139774647826176 tool.cpp:1902] rocprofv3_error_signal_handler caught signal 11...
[m# ---- Run standalone_attn_prefill_and_decode_tp8_prefill_then_decode1_1024_32_512160 ----
INFO 09-01 19:23:23 [__init__.py:244] Automatically detected platform rocm.
[0;31mE20250901 19:23:41.664344 140576799237888 output_stream.cpp:105] Opened result file: ./profiles/standalone_attn_prefill_and_decode_tp8_prefill_then_decode1_1024_32_512160_kernel_trace.csv
[m[0;31mE20250901 19:23:41.670588 140576799237888 output_stream.cpp:105] Opened result file: ./profiles/standalone_attn_prefill_and_decode_tp8_prefill_then_decode1_1024_32_512160_agent_info.csv
[m[0;33mW20250901 19:23:50.451620 140576799237888 tool.cpp:1902] rocprofv3_error_signal_handler caught signal 11...
[m# ---- Run standalone_attn_prefill_and_decode_tp8_prefill_then_decode1_1024_32_1024160 ----
INFO 09-01 19:23:56 [__init__.py:244] Automatically detected platform rocm.
[0;31mE20250901 19:24:14.123547 140349889988352 output_stream.cpp:105] Opened result file: ./profiles/standalone_attn_prefill_and_decode_tp8_prefill_then_decode1_1024_32_1024160_kernel_trace.csv
[m[0;31mE20250901 19:24:14.130039 140349889988352 output_stream.cpp:105] Opened result file: ./profiles/standalone_attn_prefill_and_decode_tp8_prefill_then_decode1_1024_32_1024160_agent_info.csv
[m[0;33mW20250901 19:24:22.589591 140349889988352 tool.cpp:1902] rocprofv3_error_signal_handler caught signal 11...
[m# ---- Run standalone_attn_prefill_and_decode_tp8_prefill_then_decode1_1024_32_2048160 ----
INFO 09-01 19:24:28 [__init__.py:244] Automatically detected platform rocm.
[0;31mE20250901 19:24:46.360776 140329178584832 output_stream.cpp:105] Opened result file: ./profiles/standalone_attn_prefill_and_decode_tp8_prefill_then_decode1_1024_32_2048160_kernel_trace.csv
[m[0;31mE20250901 19:24:46.367418 140329178584832 output_stream.cpp:105] Opened result file: ./profiles/standalone_attn_prefill_and_decode_tp8_prefill_then_decode1_1024_32_2048160_agent_info.csv
[m[0;33mW20250901 19:24:54.911977 140329178584832 tool.cpp:1902] rocprofv3_error_signal_handler caught signal 11...
[m# ---- Run standalone_attn_prefill_and_decode_tp8_prefill_then_decode1_1024_32_4096160 ----
INFO 09-01 19:25:00 [__init__.py:244] Automatically detected platform rocm.
[0;31mE20250901 19:25:18.392033 139819493967616 output_stream.cpp:105] Opened result file: ./profiles/standalone_attn_prefill_and_decode_tp8_prefill_then_decode1_1024_32_4096160_kernel_trace.csv
[m[0;31mE20250901 19:25:18.398161 139819493967616 output_stream.cpp:105] Opened result file: ./profiles/standalone_attn_prefill_and_decode_tp8_prefill_then_decode1_1024_32_4096160_agent_info.csv
[m[0;33mW20250901 19:25:26.830734 139819493967616 tool.cpp:1902] rocprofv3_error_signal_handler caught signal 11...
[m# ---- Run standalone_attn_prefill_and_decode_tp8_prefill_then_decode1_1024_32_8192160 ----
INFO 09-01 19:25:32 [__init__.py:244] Automatically detected platform rocm.
[0;31mE20250901 19:25:53.065957 140162586126080 output_stream.cpp:105] Opened result file: ./profiles/standalone_attn_prefill_and_decode_tp8_prefill_then_decode1_1024_32_8192160_kernel_trace.csv
[m[0;31mE20250901 19:25:53.073226 140162586126080 output_stream.cpp:105] Opened result file: ./profiles/standalone_attn_prefill_and_decode_tp8_prefill_then_decode1_1024_32_8192160_agent_info.csv
[m[0;33mW20250901 19:26:02.183660 140162586126080 tool.cpp:1902] rocprofv3_error_signal_handler caught signal 11...
[m# ---- Run standalone_attn_prefill_and_decode_tp8_prefill_then_decode1_1024_64_256160 ----
INFO 09-01 19:26:09 [__init__.py:244] Automatically detected platform rocm.
[0;31mE20250901 19:26:28.159094 139712727889664 output_stream.cpp:105] Opened result file: ./profiles/standalone_attn_prefill_and_decode_tp8_prefill_then_decode1_1024_64_256160_kernel_trace.csv
[m[0;31mE20250901 19:26:28.166251 139712727889664 output_stream.cpp:105] Opened result file: ./profiles/standalone_attn_prefill_and_decode_tp8_prefill_then_decode1_1024_64_256160_agent_info.csv
[m[0;33mW20250901 19:26:36.831374 139712727889664 tool.cpp:1902] rocprofv3_error_signal_handler caught signal 11...
[m# ---- Run standalone_attn_prefill_and_decode_tp8_prefill_then_decode1_1024_64_512160 ----
INFO 09-01 19:26:43 [__init__.py:244] Automatically detected platform rocm.
[0;31mE20250901 19:27:01.709717 140095609927424 output_stream.cpp:105] Opened result file: ./profiles/standalone_attn_prefill_and_decode_tp8_prefill_then_decode1_1024_64_512160_kernel_trace.csv
[m[0;31mE20250901 19:27:01.716036 140095609927424 output_stream.cpp:105] Opened result file: ./profiles/standalone_attn_prefill_and_decode_tp8_prefill_then_decode1_1024_64_512160_agent_info.csv
[m[0;33mW20250901 19:27:10.537667 140095609927424 tool.cpp:1902] rocprofv3_error_signal_handler caught signal 11...
[m# ---- Run standalone_attn_prefill_and_decode_tp8_prefill_then_decode1_1024_64_1024160 ----
INFO 09-01 19:27:16 [__init__.py:244] Automatically detected platform rocm.
[0;31mE20250901 19:27:35.317605 140397179307776 output_stream.cpp:105] Opened result file: ./profiles/standalone_attn_prefill_and_decode_tp8_prefill_then_decode1_1024_64_1024160_kernel_trace.csv
[m[0;31mE20250901 19:27:35.324043 140397179307776 output_stream.cpp:105] Opened result file: ./profiles/standalone_attn_prefill_and_decode_tp8_prefill_then_decode1_1024_64_1024160_agent_info.csv
[m[0;33mW20250901 19:27:43.997523 140397179307776 tool.cpp:1902] rocprofv3_error_signal_handler caught signal 11...
[m# ---- Run standalone_attn_prefill_and_decode_tp8_prefill_then_decode1_1024_64_2048160 ----
INFO 09-01 19:27:50 [__init__.py:244] Automatically detected platform rocm.
[0;31mE20250901 19:28:09.035563 140208750020352 output_stream.cpp:105] Opened result file: ./profiles/standalone_attn_prefill_and_decode_tp8_prefill_then_decode1_1024_64_2048160_kernel_trace.csv
[m[0;31mE20250901 19:28:09.043174 140208750020352 output_stream.cpp:105] Opened result file: ./profiles/standalone_attn_prefill_and_decode_tp8_prefill_then_decode1_1024_64_2048160_agent_info.csv
[m[0;33mW20250901 19:28:18.050912 140208750020352 tool.cpp:1902] rocprofv3_error_signal_handler caught signal 11...
[m# ---- Run standalone_attn_prefill_and_decode_tp8_prefill_then_decode1_1024_64_4096160 ----
INFO 09-01 19:28:24 [__init__.py:244] Automatically detected platform rocm.
[0;31mE20250901 19:28:43.382565 139783180125952 output_stream.cpp:105] Opened result file: ./profiles/standalone_attn_prefill_and_decode_tp8_prefill_then_decode1_1024_64_4096160_kernel_trace.csv
[m[0;31mE20250901 19:28:43.389951 139783180125952 output_stream.cpp:105] Opened result file: ./profiles/standalone_attn_prefill_and_decode_tp8_prefill_then_decode1_1024_64_4096160_agent_info.csv
[m[0;33mW20250901 19:28:52.067849 139783180125952 tool.cpp:1902] rocprofv3_error_signal_handler caught signal 11...
[m# ---- Run standalone_attn_prefill_and_decode_tp8_prefill_then_decode1_1024_64_8192160 ----
INFO 09-01 19:28:58 [__init__.py:244] Automatically detected platform rocm.
[0;31mE20250901 19:29:17.068178 139816361076480 output_stream.cpp:105] Opened result file: ./profiles/standalone_attn_prefill_and_decode_tp8_prefill_then_decode1_1024_64_8192160_kernel_trace.csv
[m[0;31mE20250901 19:29:17.074144 139816361076480 output_stream.cpp:105] Opened result file: ./profiles/standalone_attn_prefill_and_decode_tp8_prefill_then_decode1_1024_64_8192160_agent_info.csv
[m[0;33mW20250901 19:29:25.881528 139816361076480 tool.cpp:1902] rocprofv3_error_signal_handler caught signal 11...
[m# ---- Run standalone_attn_prefill_and_decode_tp8_prefill_then_decode1_1024_128_256160 ----
INFO 09-01 19:29:32 [__init__.py:244] Automatically detected platform rocm.
[0;31mE20250901 19:29:49.762429 140168342386432 output_stream.cpp:105] Opened result file: ./profiles/standalone_attn_prefill_and_decode_tp8_prefill_then_decode1_1024_128_256160_kernel_trace.csv
[m[0;31mE20250901 19:29:49.768561 140168342386432 output_stream.cpp:105] Opened result file: ./profiles/standalone_attn_prefill_and_decode_tp8_prefill_then_decode1_1024_128_256160_agent_info.csv
[m[0;33mW20250901 19:29:58.295643 140168342386432 tool.cpp:1902] rocprofv3_error_signal_handler caught signal 11...
[m# ---- Run standalone_attn_prefill_and_decode_tp8_prefill_then_decode1_1024_128_512160 ----
INFO 09-01 19:30:04 [__init__.py:244] Automatically detected platform rocm.
[0;31mE20250901 19:30:22.720186 140594181715712 output_stream.cpp:105] Opened result file: ./profiles/standalone_attn_prefill_and_decode_tp8_prefill_then_decode1_1024_128_512160_kernel_trace.csv
[m[0;31mE20250901 19:30:22.728334 140594181715712 output_stream.cpp:105] Opened result file: ./profiles/standalone_attn_prefill_and_decode_tp8_prefill_then_decode1_1024_128_512160_agent_info.csv
[m[0;33mW20250901 19:30:31.951818 140594181715712 tool.cpp:1902] rocprofv3_error_signal_handler caught signal 11...
[m# ---- Run standalone_attn_prefill_and_decode_tp8_prefill_then_decode1_1024_128_1024160 ----
INFO 09-01 19:30:38 [__init__.py:244] Automatically detected platform rocm.
[0;31mE20250901 19:30:57.424130 140120118916864 output_stream.cpp:105] Opened result file: ./profiles/standalone_attn_prefill_and_decode_tp8_prefill_then_decode1_1024_128_1024160_kernel_trace.csv
[m[0;31mE20250901 19:30:57.431297 140120118916864 output_stream.cpp:105] Opened result file: ./profiles/standalone_attn_prefill_and_decode_tp8_prefill_then_decode1_1024_128_1024160_agent_info.csv
[m[0;33mW20250901 19:31:06.391426 140120118916864 tool.cpp:1902] rocprofv3_error_signal_handler caught signal 11...
[m# ---- Run standalone_attn_prefill_and_decode_tp8_prefill_then_decode1_1024_128_2048160 ----
INFO 09-01 19:31:13 [__init__.py:244] Automatically detected platform rocm.
[0;31mE20250901 19:31:31.557512 140383442650880 output_stream.cpp:105] Opened result file: ./profiles/standalone_attn_prefill_and_decode_tp8_prefill_then_decode1_1024_128_2048160_kernel_trace.csv
[m[0;31mE20250901 19:31:31.564863 140383442650880 output_stream.cpp:105] Opened result file: ./profiles/standalone_attn_prefill_and_decode_tp8_prefill_then_decode1_1024_128_2048160_agent_info.csv
[m[0;33mW20250901 19:31:40.447678 140383442650880 tool.cpp:1902] rocprofv3_error_signal_handler caught signal 11...
[m# ---- Run standalone_attn_prefill_and_decode_tp8_prefill_then_decode1_1024_128_4096160 ----
INFO 09-01 19:31:46 [__init__.py:244] Automatically detected platform rocm.
[0;31mE20250901 19:32:03.256448 140496938112768 output_stream.cpp:105] Opened result file: ./profiles/standalone_attn_prefill_and_decode_tp8_prefill_then_decode1_1024_128_4096160_kernel_trace.csv
[m[0;31mE20250901 19:32:03.263794 140496938112768 output_stream.cpp:105] Opened result file: ./profiles/standalone_attn_prefill_and_decode_tp8_prefill_then_decode1_1024_128_4096160_agent_info.csv
[m[0;33mW20250901 19:32:12.263936 140496938112768 tool.cpp:1902] rocprofv3_error_signal_handler caught signal 11...
[m# ---- Run standalone_attn_prefill_and_decode_tp8_prefill_then_decode1_1024_128_8192160 ----
INFO 09-01 19:32:18 [__init__.py:244] Automatically detected platform rocm.
[0;31mE20250901 19:32:35.383372 140272447706880 output_stream.cpp:105] Opened result file: ./profiles/standalone_attn_prefill_and_decode_tp8_prefill_then_decode1_1024_128_8192160_kernel_trace.csv
[m[0;31mE20250901 19:32:35.390412 140272447706880 output_stream.cpp:105] Opened result file: ./profiles/standalone_attn_prefill_and_decode_tp8_prefill_then_decode1_1024_128_8192160_agent_info.csv
[m[0;33mW20250901 19:32:44.490168 140272447706880 tool.cpp:1902] rocprofv3_error_signal_handler caught signal 11...
[m# ---- Run standalone_attn_prefill_and_decode_tp8_prefill_then_decode1_2048_1_256160 ----
INFO 09-01 19:32:50 [__init__.py:244] Automatically detected platform rocm.
[0;31mE20250901 19:33:08.027937 140542844798720 output_stream.cpp:105] Opened result file: ./profiles/standalone_attn_prefill_and_decode_tp8_prefill_then_decode1_2048_1_256160_kernel_trace.csv
[m[0;31mE20250901 19:33:08.034887 140542844798720 output_stream.cpp:105] Opened result file: ./profiles/standalone_attn_prefill_and_decode_tp8_prefill_then_decode1_2048_1_256160_agent_info.csv
[m[0;33mW20250901 19:33:16.404696 140542844798720 tool.cpp:1902] rocprofv3_error_signal_handler caught signal 11...
[m# ---- Run standalone_attn_prefill_and_decode_tp8_prefill_then_decode1_2048_1_512160 ----
INFO 09-01 19:33:22 [__init__.py:244] Automatically detected platform rocm.
[0;31mE20250901 19:33:40.122652 140564263728896 output_stream.cpp:105] Opened result file: ./profiles/standalone_attn_prefill_and_decode_tp8_prefill_then_decode1_2048_1_512160_kernel_trace.csv
[m[0;31mE20250901 19:33:40.129676 140564263728896 output_stream.cpp:105] Opened result file: ./profiles/standalone_attn_prefill_and_decode_tp8_prefill_then_decode1_2048_1_512160_agent_info.csv
[m[0;33mW20250901 19:33:48.562805 140564263728896 tool.cpp:1902] rocprofv3_error_signal_handler caught signal 11...
[m# ---- Run standalone_attn_prefill_and_decode_tp8_prefill_then_decode1_2048_1_1024160 ----
INFO 09-01 19:33:54 [__init__.py:244] Automatically detected platform rocm.
[0;31mE20250901 19:34:15.251353 140430655887104 output_stream.cpp:105] Opened result file: ./profiles/standalone_attn_prefill_and_decode_tp8_prefill_then_decode1_2048_1_1024160_kernel_trace.csv
[m[0;31mE20250901 19:34:15.258400 140430655887104 output_stream.cpp:105] Opened result file: ./profiles/standalone_attn_prefill_and_decode_tp8_prefill_then_decode1_2048_1_1024160_agent_info.csv
[m[0;33mW20250901 19:34:24.330015 140430655887104 tool.cpp:1902] rocprofv3_error_signal_handler caught signal 11...
[m# ---- Run standalone_attn_prefill_and_decode_tp8_prefill_then_decode1_2048_1_2048160 ----
INFO 09-01 19:34:31 [__init__.py:244] Automatically detected platform rocm.
[0;31mE20250901 19:34:51.552419 139643422680832 output_stream.cpp:105] Opened result file: ./profiles/standalone_attn_prefill_and_decode_tp8_prefill_then_decode1_2048_1_2048160_kernel_trace.csv
[m[0;31mE20250901 19:34:51.558727 139643422680832 output_stream.cpp:105] Opened result file: ./profiles/standalone_attn_prefill_and_decode_tp8_prefill_then_decode1_2048_1_2048160_agent_info.csv
[m[0;33mW20250901 19:35:00.605624 139643422680832 tool.cpp:1902] rocprofv3_error_signal_handler caught signal 11...
[m# ---- Run standalone_attn_prefill_and_decode_tp8_prefill_then_decode1_2048_1_4096160 ----
INFO 09-01 19:35:06 [__init__.py:244] Automatically detected platform rocm.
[0;31mE20250901 19:35:25.034225 140609849243392 output_stream.cpp:105] Opened result file: ./profiles/standalone_attn_prefill_and_decode_tp8_prefill_then_decode1_2048_1_4096160_kernel_trace.csv
[m[0;31mE20250901 19:35:25.041358 140609849243392 output_stream.cpp:105] Opened result file: ./profiles/standalone_attn_prefill_and_decode_tp8_prefill_then_decode1_2048_1_4096160_agent_info.csv
[m[0;33mW20250901 19:35:33.647536 140609849243392 tool.cpp:1902] rocprofv3_error_signal_handler caught signal 11...
[m# ---- Run standalone_attn_prefill_and_decode_tp8_prefill_then_decode1_2048_1_8192160 ----
INFO 09-01 19:35:39 [__init__.py:244] Automatically detected platform rocm.
[0;31mE20250901 19:35:57.793825 140545586054912 output_stream.cpp:105] Opened result file: ./profiles/standalone_attn_prefill_and_decode_tp8_prefill_then_decode1_2048_1_8192160_kernel_trace.csv
[m[0;31mE20250901 19:35:57.800355 140545586054912 output_stream.cpp:105] Opened result file: ./profiles/standalone_attn_prefill_and_decode_tp8_prefill_then_decode1_2048_1_8192160_agent_info.csv
[m[0;33mW20250901 19:36:06.329324 140545586054912 tool.cpp:1902] rocprofv3_error_signal_handler caught signal 11...
[m# ---- Run standalone_attn_prefill_and_decode_tp8_prefill_then_decode1_2048_2_256160 ----
INFO 09-01 19:36:12 [__init__.py:244] Automatically detected platform rocm.
[0;31mE20250901 19:36:30.380884 140284856891136 output_stream.cpp:105] Opened result file: ./profiles/standalone_attn_prefill_and_decode_tp8_prefill_then_decode1_2048_2_256160_kernel_trace.csv
[m[0;31mE20250901 19:36:30.387019 140284856891136 output_stream.cpp:105] Opened result file: ./profiles/standalone_attn_prefill_and_decode_tp8_prefill_then_decode1_2048_2_256160_agent_info.csv
[m[0;33mW20250901 19:36:39.338940 140284856891136 tool.cpp:1902] rocprofv3_error_signal_handler caught signal 11...
[m# ---- Run standalone_attn_prefill_and_decode_tp8_prefill_then_decode1_2048_2_512160 ----
INFO 09-01 19:36:45 [__init__.py:244] Automatically detected platform rocm.
[0;31mE20250901 19:37:05.776378 140157832709888 output_stream.cpp:105] Opened result file: ./profiles/standalone_attn_prefill_and_decode_tp8_prefill_then_decode1_2048_2_512160_kernel_trace.csv
[m[0;31mE20250901 19:37:05.783870 140157832709888 output_stream.cpp:105] Opened result file: ./profiles/standalone_attn_prefill_and_decode_tp8_prefill_then_decode1_2048_2_512160_agent_info.csv
[m[0;33mW20250901 19:37:14.922858 140157832709888 tool.cpp:1902] rocprofv3_error_signal_handler caught signal 11...
[m# ---- Run standalone_attn_prefill_and_decode_tp8_prefill_then_decode1_2048_2_1024160 ----
INFO 09-01 19:37:22 [__init__.py:244] Automatically detected platform rocm.
[0;31mE20250901 19:37:43.437480 140411525912320 output_stream.cpp:105] Opened result file: ./profiles/standalone_attn_prefill_and_decode_tp8_prefill_then_decode1_2048_2_1024160_kernel_trace.csv
[m[0;31mE20250901 19:37:43.444403 140411525912320 output_stream.cpp:105] Opened result file: ./profiles/standalone_attn_prefill_and_decode_tp8_prefill_then_decode1_2048_2_1024160_agent_info.csv
[m[0;33mW20250901 19:37:53.006003 140411525912320 tool.cpp:1902] rocprofv3_error_signal_handler caught signal 11...
[m# ---- Run standalone_attn_prefill_and_decode_tp8_prefill_then_decode1_2048_2_2048160 ----
INFO 09-01 19:38:00 [__init__.py:244] Automatically detected platform rocm.
[0;31mE20250901 19:38:19.911870 140183528523520 output_stream.cpp:105] Opened result file: ./profiles/standalone_attn_prefill_and_decode_tp8_prefill_then_decode1_2048_2_2048160_kernel_trace.csv
[m[0;31mE20250901 19:38:19.918893 140183528523520 output_stream.cpp:105] Opened result file: ./profiles/standalone_attn_prefill_and_decode_tp8_prefill_then_decode1_2048_2_2048160_agent_info.csv
[m[0;33mW20250901 19:38:28.773224 140183528523520 tool.cpp:1902] rocprofv3_error_signal_handler caught signal 11...
[m# ---- Run standalone_attn_prefill_and_decode_tp8_prefill_then_decode1_2048_2_4096160 ----
INFO 09-01 19:38:35 [__init__.py:244] Automatically detected platform rocm.
[0;31mE20250901 19:38:53.769520 139835801679616 output_stream.cpp:105] Opened result file: ./profiles/standalone_attn_prefill_and_decode_tp8_prefill_then_decode1_2048_2_4096160_kernel_trace.csv
[m[0;31mE20250901 19:38:53.776435 139835801679616 output_stream.cpp:105] Opened result file: ./profiles/standalone_attn_prefill_and_decode_tp8_prefill_then_decode1_2048_2_4096160_agent_info.csv
[m[0;33mW20250901 19:39:02.277164 139835801679616 tool.cpp:1902] rocprofv3_error_signal_handler caught signal 11...
[m# ---- Run standalone_attn_prefill_and_decode_tp8_prefill_then_decode1_2048_2_8192160 ----
INFO 09-01 19:39:08 [__init__.py:244] Automatically detected platform rocm.
[0;31mE20250901 19:39:27.127938 140475887322880 output_stream.cpp:105] Opened result file: ./profiles/standalone_attn_prefill_and_decode_tp8_prefill_then_decode1_2048_2_8192160_kernel_trace.csv
[m[0;31mE20250901 19:39:27.134445 140475887322880 output_stream.cpp:105] Opened result file: ./profiles/standalone_attn_prefill_and_decode_tp8_prefill_then_decode1_2048_2_8192160_agent_info.csv
[m[0;33mW20250901 19:39:36.194429 140475887322880 tool.cpp:1902] rocprofv3_error_signal_handler caught signal 11...
[m# ---- Run standalone_attn_prefill_and_decode_tp8_prefill_then_decode1_2048_4_256160 ----
INFO 09-01 19:39:42 [__init__.py:244] Automatically detected platform rocm.
[0;31mE20250901 19:40:00.620790 140620277569280 output_stream.cpp:105] Opened result file: ./profiles/standalone_attn_prefill_and_decode_tp8_prefill_then_decode1_2048_4_256160_kernel_trace.csv
[m[0;31mE20250901 19:40:00.627205 140620277569280 output_stream.cpp:105] Opened result file: ./profiles/standalone_attn_prefill_and_decode_tp8_prefill_then_decode1_2048_4_256160_agent_info.csv
[m[0;33mW20250901 19:40:08.992337 140620277569280 tool.cpp:1902] rocprofv3_error_signal_handler caught signal 11...
[m# ---- Run standalone_attn_prefill_and_decode_tp8_prefill_then_decode1_2048_4_512160 ----
INFO 09-01 19:40:15 [__init__.py:244] Automatically detected platform rocm.
[0;31mE20250901 19:40:33.770476 140069735569152 output_stream.cpp:105] Opened result file: ./profiles/standalone_attn_prefill_and_decode_tp8_prefill_then_decode1_2048_4_512160_kernel_trace.csv
[m[0;31mE20250901 19:40:33.777030 140069735569152 output_stream.cpp:105] Opened result file: ./profiles/standalone_attn_prefill_and_decode_tp8_prefill_then_decode1_2048_4_512160_agent_info.csv
[m[0;33mW20250901 19:40:42.292152 140069735569152 tool.cpp:1902] rocprofv3_error_signal_handler caught signal 11...
[m# ---- Run standalone_attn_prefill_and_decode_tp8_prefill_then_decode1_2048_4_1024160 ----
INFO 09-01 19:40:48 [__init__.py:244] Automatically detected platform rocm.
[0;31mE20250901 19:41:06.435869 139825710429952 output_stream.cpp:105] Opened result file: ./profiles/standalone_attn_prefill_and_decode_tp8_prefill_then_decode1_2048_4_1024160_kernel_trace.csv
[m[0;31mE20250901 19:41:06.442384 139825710429952 output_stream.cpp:105] Opened result file: ./profiles/standalone_attn_prefill_and_decode_tp8_prefill_then_decode1_2048_4_1024160_agent_info.csv
[m[0;33mW20250901 19:41:14.997966 139825710429952 tool.cpp:1902] rocprofv3_error_signal_handler caught signal 11...
[m# ---- Run standalone_attn_prefill_and_decode_tp8_prefill_then_decode1_2048_4_2048160 ----
INFO 09-01 19:41:21 [__init__.py:244] Automatically detected platform rocm.
[0;31mE20250901 19:41:39.148820 139969668851456 output_stream.cpp:105] Opened result file: ./profiles/standalone_attn_prefill_and_decode_tp8_prefill_then_decode1_2048_4_2048160_kernel_trace.csv
[m[0;31mE20250901 19:41:39.155424 139969668851456 output_stream.cpp:105] Opened result file: ./profiles/standalone_attn_prefill_and_decode_tp8_prefill_then_decode1_2048_4_2048160_agent_info.csv
[m[0;33mW20250901 19:41:47.958997 139969668851456 tool.cpp:1902] rocprofv3_error_signal_handler caught signal 11...
[m# ---- Run standalone_attn_prefill_and_decode_tp8_prefill_then_decode1_2048_4_4096160 ----
INFO 09-01 19:41:54 [__init__.py:244] Automatically detected platform rocm.
[0;31mE20250901 19:42:12.291512 140664995841792 output_stream.cpp:105] Opened result file: ./profiles/standalone_attn_prefill_and_decode_tp8_prefill_then_decode1_2048_4_4096160_kernel_trace.csv
[m[0;31mE20250901 19:42:12.297856 140664995841792 output_stream.cpp:105] Opened result file: ./profiles/standalone_attn_prefill_and_decode_tp8_prefill_then_decode1_2048_4_4096160_agent_info.csv
[m[0;33mW20250901 19:42:20.924165 140664995841792 tool.cpp:1902] rocprofv3_error_signal_handler caught signal 11...
[m# ---- Run standalone_attn_prefill_and_decode_tp8_prefill_then_decode1_2048_4_8192160 ----
INFO 09-01 19:42:27 [__init__.py:244] Automatically detected platform rocm.
[0;31mE20250901 19:42:45.636369 139764504532736 output_stream.cpp:105] Opened result file: ./profiles/standalone_attn_prefill_and_decode_tp8_prefill_then_decode1_2048_4_8192160_kernel_trace.csv
[m[0;31mE20250901 19:42:45.642390 139764504532736 output_stream.cpp:105] Opened result file: ./profiles/standalone_attn_prefill_and_decode_tp8_prefill_then_decode1_2048_4_8192160_agent_info.csv
[m[0;33mW20250901 19:42:54.216257 139764504532736 tool.cpp:1902] rocprofv3_error_signal_handler caught signal 11...
[m# ---- Run standalone_attn_prefill_and_decode_tp8_prefill_then_decode1_2048_8_256160 ----
INFO 09-01 19:43:00 [__init__.py:244] Automatically detected platform rocm.
[0;31mE20250901 19:43:18.852387 139928466540288 output_stream.cpp:105] Opened result file: ./profiles/standalone_attn_prefill_and_decode_tp8_prefill_then_decode1_2048_8_256160_kernel_trace.csv
[m[0;31mE20250901 19:43:18.858481 139928466540288 output_stream.cpp:105] Opened result file: ./profiles/standalone_attn_prefill_and_decode_tp8_prefill_then_decode1_2048_8_256160_agent_info.csv
[m[0;33mW20250901 19:43:27.800000 139928466540288 tool.cpp:1902] rocprofv3_error_signal_handler caught signal 11...
[m# ---- Run standalone_attn_prefill_and_decode_tp8_prefill_then_decode1_2048_8_512160 ----
INFO 09-01 19:43:33 [__init__.py:244] Automatically detected platform rocm.
[0;31mE20250901 19:43:52.337086 140181699376896 output_stream.cpp:105] Opened result file: ./profiles/standalone_attn_prefill_and_decode_tp8_prefill_then_decode1_2048_8_512160_kernel_trace.csv
[m[0;31mE20250901 19:43:52.343458 140181699376896 output_stream.cpp:105] Opened result file: ./profiles/standalone_attn_prefill_and_decode_tp8_prefill_then_decode1_2048_8_512160_agent_info.csv
[m[0;33mW20250901 19:44:01.755354 140181699376896 tool.cpp:1902] rocprofv3_error_signal_handler caught signal 11...
[m# ---- Run standalone_attn_prefill_and_decode_tp8_prefill_then_decode1_2048_8_1024160 ----
INFO 09-01 19:44:07 [__init__.py:244] Automatically detected platform rocm.
[0;31mE20250901 19:44:26.250156 140149508065024 output_stream.cpp:105] Opened result file: ./profiles/standalone_attn_prefill_and_decode_tp8_prefill_then_decode1_2048_8_1024160_kernel_trace.csv
[m[0;31mE20250901 19:44:26.256573 140149508065024 output_stream.cpp:105] Opened result file: ./profiles/standalone_attn_prefill_and_decode_tp8_prefill_then_decode1_2048_8_1024160_agent_info.csv
[m[0;33mW20250901 19:44:35.052904 140149508065024 tool.cpp:1902] rocprofv3_error_signal_handler caught signal 11...
[m# ---- Run standalone_attn_prefill_and_decode_tp8_prefill_then_decode1_2048_8_2048160 ----
INFO 09-01 19:44:41 [__init__.py:244] Automatically detected platform rocm.
[0;31mE20250901 19:45:01.494874 139707601430272 output_stream.cpp:105] Opened result file: ./profiles/standalone_attn_prefill_and_decode_tp8_prefill_then_decode1_2048_8_2048160_kernel_trace.csv
[m[0;31mE20250901 19:45:01.501817 139707601430272 output_stream.cpp:105] Opened result file: ./profiles/standalone_attn_prefill_and_decode_tp8_prefill_then_decode1_2048_8_2048160_agent_info.csv
[m[0;33mW20250901 19:45:10.469048 139707601430272 tool.cpp:1902] rocprofv3_error_signal_handler caught signal 11...
[m# ---- Run standalone_attn_prefill_and_decode_tp8_prefill_then_decode1_2048_8_4096160 ----
INFO 09-01 19:45:17 [__init__.py:244] Automatically detected platform rocm.
[0;31mE20250901 19:45:38.152158 139748104738560 output_stream.cpp:105] Opened result file: ./profiles/standalone_attn_prefill_and_decode_tp8_prefill_then_decode1_2048_8_4096160_kernel_trace.csv
[m[0;31mE20250901 19:45:38.158918 139748104738560 output_stream.cpp:105] Opened result file: ./profiles/standalone_attn_prefill_and_decode_tp8_prefill_then_decode1_2048_8_4096160_agent_info.csv
[m[0;33mW20250901 19:45:48.032739 139748104738560 tool.cpp:1902] rocprofv3_error_signal_handler caught signal 11...
[m# ---- Run standalone_attn_prefill_and_decode_tp8_prefill_then_decode1_2048_8_8192160 ----
INFO 09-01 19:45:55 [__init__.py:244] Automatically detected platform rocm.
[0;31mE20250901 19:46:15.319995 140070646871808 output_stream.cpp:105] Opened result file: ./profiles/standalone_attn_prefill_and_decode_tp8_prefill_then_decode1_2048_8_8192160_kernel_trace.csv
[m[0;31mE20250901 19:46:15.326847 140070646871808 output_stream.cpp:105] Opened result file: ./profiles/standalone_attn_prefill_and_decode_tp8_prefill_then_decode1_2048_8_8192160_agent_info.csv
[m[0;33mW20250901 19:46:24.430458 140070646871808 tool.cpp:1902] rocprofv3_error_signal_handler caught signal 11...
[m# ---- Run standalone_attn_prefill_and_decode_tp8_prefill_then_decode1_2048_16_256160 ----
INFO 09-01 19:46:30 [__init__.py:244] Automatically detected platform rocm.
[0;31mE20250901 19:46:49.789810 139805139248896 output_stream.cpp:105] Opened result file: ./profiles/standalone_attn_prefill_and_decode_tp8_prefill_then_decode1_2048_16_256160_kernel_trace.csv
[m[0;31mE20250901 19:46:49.796538 139805139248896 output_stream.cpp:105] Opened result file: ./profiles/standalone_attn_prefill_and_decode_tp8_prefill_then_decode1_2048_16_256160_agent_info.csv
[m[0;33mW20250901 19:46:58.899577 139805139248896 tool.cpp:1902] rocprofv3_error_signal_handler caught signal 11...
[m# ---- Run standalone_attn_prefill_and_decode_tp8_prefill_then_decode1_2048_16_512160 ----
INFO 09-01 19:47:05 [__init__.py:244] Automatically detected platform rocm.
[0;31mE20250901 19:47:25.880691 139760582383360 output_stream.cpp:105] Opened result file: ./profiles/standalone_attn_prefill_and_decode_tp8_prefill_then_decode1_2048_16_512160_kernel_trace.csv
[m[0;31mE20250901 19:47:25.887459 139760582383360 output_stream.cpp:105] Opened result file: ./profiles/standalone_attn_prefill_and_decode_tp8_prefill_then_decode1_2048_16_512160_agent_info.csv
[m[0;33mW20250901 19:47:35.106907 139760582383360 tool.cpp:1902] rocprofv3_error_signal_handler caught signal 11...
[m# ---- Run standalone_attn_prefill_and_decode_tp8_prefill_then_decode1_2048_16_1024160 ----
INFO 09-01 19:47:42 [__init__.py:244] Automatically detected platform rocm.
[0;31mE20250901 19:48:03.877859 140312650589952 output_stream.cpp:105] Opened result file: ./profiles/standalone_attn_prefill_and_decode_tp8_prefill_then_decode1_2048_16_1024160_kernel_trace.csv
[m[0;31mE20250901 19:48:03.884548 140312650589952 output_stream.cpp:105] Opened result file: ./profiles/standalone_attn_prefill_and_decode_tp8_prefill_then_decode1_2048_16_1024160_agent_info.csv
[m[0;33mW20250901 19:48:12.892521 140312650589952 tool.cpp:1902] rocprofv3_error_signal_handler caught signal 11...
[m# ---- Run standalone_attn_prefill_and_decode_tp8_prefill_then_decode1_2048_16_2048160 ----
INFO 09-01 19:48:20 [__init__.py:244] Automatically detected platform rocm.
[0;31mE20250901 19:48:40.884041 139976800466688 output_stream.cpp:105] Opened result file: ./profiles/standalone_attn_prefill_and_decode_tp8_prefill_then_decode1_2048_16_2048160_kernel_trace.csv
[m[0;31mE20250901 19:48:40.891622 139976800466688 output_stream.cpp:105] Opened result file: ./profiles/standalone_attn_prefill_and_decode_tp8_prefill_then_decode1_2048_16_2048160_agent_info.csv
[m[0;33mW20250901 19:48:49.967405 139976800466688 tool.cpp:1902] rocprofv3_error_signal_handler caught signal 11...
[m# ---- Run standalone_attn_prefill_and_decode_tp8_prefill_then_decode1_2048_16_4096160 ----
INFO 09-01 19:48:57 [__init__.py:244] Automatically detected platform rocm.
[0;31mE20250901 19:49:17.628047 139797959939840 output_stream.cpp:105] Opened result file: ./profiles/standalone_attn_prefill_and_decode_tp8_prefill_then_decode1_2048_16_4096160_kernel_trace.csv
[m[0;31mE20250901 19:49:17.634767 139797959939840 output_stream.cpp:105] Opened result file: ./profiles/standalone_attn_prefill_and_decode_tp8_prefill_then_decode1_2048_16_4096160_agent_info.csv
[m[0;33mW20250901 19:49:26.509965 139797959939840 tool.cpp:1902] rocprofv3_error_signal_handler caught signal 11...
[m# ---- Run standalone_attn_prefill_and_decode_tp8_prefill_then_decode1_2048_16_8192160 ----
INFO 09-01 19:49:33 [__init__.py:244] Automatically detected platform rocm.
[0;31mE20250901 19:49:54.042347 140095703004928 output_stream.cpp:105] Opened result file: ./profiles/standalone_attn_prefill_and_decode_tp8_prefill_then_decode1_2048_16_8192160_kernel_trace.csv
[m[0;31mE20250901 19:49:54.049200 140095703004928 output_stream.cpp:105] Opened result file: ./profiles/standalone_attn_prefill_and_decode_tp8_prefill_then_decode1_2048_16_8192160_agent_info.csv
[m[0;33mW20250901 19:50:03.137631 140095703004928 tool.cpp:1902] rocprofv3_error_signal_handler caught signal 11...
[m# ---- Run standalone_attn_prefill_and_decode_tp8_prefill_then_decode1_2048_32_256160 ----
INFO 09-01 19:50:10 [__init__.py:244] Automatically detected platform rocm.
[0;31mE20250901 19:50:30.751603 140338186360576 output_stream.cpp:105] Opened result file: ./profiles/standalone_attn_prefill_and_decode_tp8_prefill_then_decode1_2048_32_256160_kernel_trace.csv
[m[0;31mE20250901 19:50:30.759160 140338186360576 output_stream.cpp:105] Opened result file: ./profiles/standalone_attn_prefill_and_decode_tp8_prefill_then_decode1_2048_32_256160_agent_info.csv
[m[0;33mW20250901 19:50:39.701959 140338186360576 tool.cpp:1902] rocprofv3_error_signal_handler caught signal 11...
[m# ---- Run standalone_attn_prefill_and_decode_tp8_prefill_then_decode1_2048_32_512160 ----
INFO 09-01 19:50:46 [__init__.py:244] Automatically detected platform rocm.
[0;31mE20250901 19:51:04.762929 140531509139200 output_stream.cpp:105] Opened result file: ./profiles/standalone_attn_prefill_and_decode_tp8_prefill_then_decode1_2048_32_512160_kernel_trace.csv
[m[0;31mE20250901 19:51:04.769165 140531509139200 output_stream.cpp:105] Opened result file: ./profiles/standalone_attn_prefill_and_decode_tp8_prefill_then_decode1_2048_32_512160_agent_info.csv
[m[0;33mW20250901 19:51:13.241661 140531509139200 tool.cpp:1902] rocprofv3_error_signal_handler caught signal 11...
[m# ---- Run standalone_attn_prefill_and_decode_tp8_prefill_then_decode1_2048_32_1024160 ----
INFO 09-01 19:51:19 [__init__.py:244] Automatically detected platform rocm.
[0;31mE20250901 19:51:39.517895 140507142711040 output_stream.cpp:105] Opened result file: ./profiles/standalone_attn_prefill_and_decode_tp8_prefill_then_decode1_2048_32_1024160_kernel_trace.csv
[m[0;31mE20250901 19:51:39.526296 140507142711040 output_stream.cpp:105] Opened result file: ./profiles/standalone_attn_prefill_and_decode_tp8_prefill_then_decode1_2048_32_1024160_agent_info.csv
[m[0;33mW20250901 19:51:48.687610 140507142711040 tool.cpp:1902] rocprofv3_error_signal_handler caught signal 11...
[m# ---- Run standalone_attn_prefill_and_decode_tp8_prefill_then_decode1_2048_32_2048160 ----
INFO 09-01 19:51:55 [__init__.py:244] Automatically detected platform rocm.
[0;31mE20250901 19:52:16.005860 140349669205760 output_stream.cpp:105] Opened result file: ./profiles/standalone_attn_prefill_and_decode_tp8_prefill_then_decode1_2048_32_2048160_kernel_trace.csv
[m[0;31mE20250901 19:52:16.012794 140349669205760 output_stream.cpp:105] Opened result file: ./profiles/standalone_attn_prefill_and_decode_tp8_prefill_then_decode1_2048_32_2048160_agent_info.csv
[m[0;33mW20250901 19:52:24.944879 140349669205760 tool.cpp:1902] rocprofv3_error_signal_handler caught signal 11...
[m# ---- Run standalone_attn_prefill_and_decode_tp8_prefill_then_decode1_2048_32_4096160 ----
INFO 09-01 19:52:31 [__init__.py:244] Automatically detected platform rocm.
[0;31mE20250901 19:52:52.647260 140512762541824 output_stream.cpp:105] Opened result file: ./profiles/standalone_attn_prefill_and_decode_tp8_prefill_then_decode1_2048_32_4096160_kernel_trace.csv
[m[0;31mE20250901 19:52:52.654088 140512762541824 output_stream.cpp:105] Opened result file: ./profiles/standalone_attn_prefill_and_decode_tp8_prefill_then_decode1_2048_32_4096160_agent_info.csv
[m[0;33mW20250901 19:53:02.103024 140512762541824 tool.cpp:1902] rocprofv3_error_signal_handler caught signal 11...
[m# ---- Run standalone_attn_prefill_and_decode_tp8_prefill_then_decode1_2048_32_8192160 ----
INFO 09-01 19:53:09 [__init__.py:244] Automatically detected platform rocm.
[0;31mE20250901 19:53:28.884809 140652971587328 output_stream.cpp:105] Opened result file: ./profiles/standalone_attn_prefill_and_decode_tp8_prefill_then_decode1_2048_32_8192160_kernel_trace.csv
[m[0;31mE20250901 19:53:28.891021 140652971587328 output_stream.cpp:105] Opened result file: ./profiles/standalone_attn_prefill_and_decode_tp8_prefill_then_decode1_2048_32_8192160_agent_info.csv
[m[0;33mW20250901 19:53:37.606648 140652971587328 tool.cpp:1902] rocprofv3_error_signal_handler caught signal 11...
[m# ---- Run standalone_attn_prefill_and_decode_tp8_prefill_then_decode1_2048_64_256160 ----
INFO 09-01 19:53:44 [__init__.py:244] Automatically detected platform rocm.
[0;31mE20250901 19:54:02.376600 140719855531776 output_stream.cpp:105] Opened result file: ./profiles/standalone_attn_prefill_and_decode_tp8_prefill_then_decode1_2048_64_256160_kernel_trace.csv
[m[0;31mE20250901 19:54:02.382717 140719855531776 output_stream.cpp:105] Opened result file: ./profiles/standalone_attn_prefill_and_decode_tp8_prefill_then_decode1_2048_64_256160_agent_info.csv
[m[0;33mW20250901 19:54:11.614066 140719855531776 tool.cpp:1902] rocprofv3_error_signal_handler caught signal 11...
[m# ---- Run standalone_attn_prefill_and_decode_tp8_prefill_then_decode1_2048_64_512160 ----
INFO 09-01 19:54:17 [__init__.py:244] Automatically detected platform rocm.
[0;31mE20250901 19:54:36.426385 140293600466688 output_stream.cpp:105] Opened result file: ./profiles/standalone_attn_prefill_and_decode_tp8_prefill_then_decode1_2048_64_512160_kernel_trace.csv
[m[0;31mE20250901 19:54:36.432605 140293600466688 output_stream.cpp:105] Opened result file: ./profiles/standalone_attn_prefill_and_decode_tp8_prefill_then_decode1_2048_64_512160_agent_info.csv
[m[0;33mW20250901 19:54:45.440934 140293600466688 tool.cpp:1902] rocprofv3_error_signal_handler caught signal 11...
[m# ---- Run standalone_attn_prefill_and_decode_tp8_prefill_then_decode1_2048_64_1024160 ----
INFO 09-01 19:54:51 [__init__.py:244] Automatically detected platform rocm.
[0;31mE20250901 19:55:10.204239 140200002311936 output_stream.cpp:105] Opened result file: ./profiles/standalone_attn_prefill_and_decode_tp8_prefill_then_decode1_2048_64_1024160_kernel_trace.csv
[m[0;31mE20250901 19:55:10.211076 140200002311936 output_stream.cpp:105] Opened result file: ./profiles/standalone_attn_prefill_and_decode_tp8_prefill_then_decode1_2048_64_1024160_agent_info.csv
[m[0;33mW20250901 19:55:19.188687 140200002311936 tool.cpp:1902] rocprofv3_error_signal_handler caught signal 11...
[m# ---- Run standalone_attn_prefill_and_decode_tp8_prefill_then_decode1_2048_64_2048160 ----
INFO 09-01 19:55:25 [__init__.py:244] Automatically detected platform rocm.
[0;31mE20250901 19:55:44.533875 139985838442240 output_stream.cpp:105] Opened result file: ./profiles/standalone_attn_prefill_and_decode_tp8_prefill_then_decode1_2048_64_2048160_kernel_trace.csv
[m[0;31mE20250901 19:55:44.540936 139985838442240 output_stream.cpp:105] Opened result file: ./profiles/standalone_attn_prefill_and_decode_tp8_prefill_then_decode1_2048_64_2048160_agent_info.csv
[m[0;33mW20250901 19:55:53.040169 139985838442240 tool.cpp:1902] rocprofv3_error_signal_handler caught signal 11...
[m# ---- Run standalone_attn_prefill_and_decode_tp8_prefill_then_decode1_2048_64_4096160 ----
INFO 09-01 19:55:59 [__init__.py:244] Automatically detected platform rocm.
[0;31mE20250901 19:56:17.487098 140008289515264 output_stream.cpp:105] Opened result file: ./profiles/standalone_attn_prefill_and_decode_tp8_prefill_then_decode1_2048_64_4096160_kernel_trace.csv
[m[0;31mE20250901 19:56:17.493588 140008289515264 output_stream.cpp:105] Opened result file: ./profiles/standalone_attn_prefill_and_decode_tp8_prefill_then_decode1_2048_64_4096160_agent_info.csv
[m[0;33mW20250901 19:56:26.210418 140008289515264 tool.cpp:1902] rocprofv3_error_signal_handler caught signal 11...
[m# ---- Run standalone_attn_prefill_and_decode_tp8_prefill_then_decode1_2048_64_8192160 ----
INFO 09-01 19:56:32 [__init__.py:244] Automatically detected platform rocm.
[0;31mE20250901 19:56:51.018809 140277723047680 output_stream.cpp:105] Opened result file: ./profiles/standalone_attn_prefill_and_decode_tp8_prefill_then_decode1_2048_64_8192160_kernel_trace.csv
[m[0;31mE20250901 19:56:51.025223 140277723047680 output_stream.cpp:105] Opened result file: ./profiles/standalone_attn_prefill_and_decode_tp8_prefill_then_decode1_2048_64_8192160_agent_info.csv
[m[0;33mW20250901 19:56:59.798567 140277723047680 tool.cpp:1902] rocprofv3_error_signal_handler caught signal 11...
[m# ---- Run standalone_attn_prefill_and_decode_tp8_prefill_then_decode1_2048_128_256160 ----
INFO 09-01 19:57:06 [__init__.py:244] Automatically detected platform rocm.
[0;31mE20250901 19:57:24.485307 140690686727936 output_stream.cpp:105] Opened result file: ./profiles/standalone_attn_prefill_and_decode_tp8_prefill_then_decode1_2048_128_256160_kernel_trace.csv
[m[0;31mE20250901 19:57:24.492281 140690686727936 output_stream.cpp:105] Opened result file: ./profiles/standalone_attn_prefill_and_decode_tp8_prefill_then_decode1_2048_128_256160_agent_info.csv
[m[0;33mW20250901 19:57:34.175116 140690686727936 tool.cpp:1902] rocprofv3_error_signal_handler caught signal 11...
[m# ---- Run standalone_attn_prefill_and_decode_tp8_prefill_then_decode1_2048_128_512160 ----
INFO 09-01 19:57:41 [__init__.py:244] Automatically detected platform rocm.
[0;31mE20250901 19:58:00.271128 140273140352768 output_stream.cpp:105] Opened result file: ./profiles/standalone_attn_prefill_and_decode_tp8_prefill_then_decode1_2048_128_512160_kernel_trace.csv
[m[0;31mE20250901 19:58:00.277762 140273140352768 output_stream.cpp:105] Opened result file: ./profiles/standalone_attn_prefill_and_decode_tp8_prefill_then_decode1_2048_128_512160_agent_info.csv
[m[0;33mW20250901 19:58:09.196686 140273140352768 tool.cpp:1902] rocprofv3_error_signal_handler caught signal 11...
[m# ---- Run standalone_attn_prefill_and_decode_tp8_prefill_then_decode1_2048_128_1024160 ----
INFO 09-01 19:58:15 [__init__.py:244] Automatically detected platform rocm.
[0;31mE20250901 19:58:32.986098 140201776633600 output_stream.cpp:105] Opened result file: ./profiles/standalone_attn_prefill_and_decode_tp8_prefill_then_decode1_2048_128_1024160_kernel_trace.csv
[m[0;31mE20250901 19:58:32.992539 140201776633600 output_stream.cpp:105] Opened result file: ./profiles/standalone_attn_prefill_and_decode_tp8_prefill_then_decode1_2048_128_1024160_agent_info.csv
[m[0;33mW20250901 19:58:41.616654 140201776633600 tool.cpp:1902] rocprofv3_error_signal_handler caught signal 11...
[m# ---- Run standalone_attn_prefill_and_decode_tp8_prefill_then_decode1_2048_128_2048160 ----
INFO 09-01 19:58:48 [__init__.py:244] Automatically detected platform rocm.
[0;31mE20250901 19:59:06.656093 139789980452608 output_stream.cpp:105] Opened result file: ./profiles/standalone_attn_prefill_and_decode_tp8_prefill_then_decode1_2048_128_2048160_kernel_trace.csv
[m[0;31mE20250901 19:59:06.663662 139789980452608 output_stream.cpp:105] Opened result file: ./profiles/standalone_attn_prefill_and_decode_tp8_prefill_then_decode1_2048_128_2048160_agent_info.csv
[m[0;33mW20250901 19:59:15.839882 139789980452608 tool.cpp:1902] rocprofv3_error_signal_handler caught signal 11...
[m# ---- Run standalone_attn_prefill_and_decode_tp8_prefill_then_decode1_2048_128_4096160 ----
INFO 09-01 19:59:22 [__init__.py:244] Automatically detected platform rocm.
[0;31mE20250901 19:59:41.749738 140594778998528 output_stream.cpp:105] Opened result file: ./profiles/standalone_attn_prefill_and_decode_tp8_prefill_then_decode1_2048_128_4096160_kernel_trace.csv
[m[0;31mE20250901 19:59:41.756746 140594778998528 output_stream.cpp:105] Opened result file: ./profiles/standalone_attn_prefill_and_decode_tp8_prefill_then_decode1_2048_128_4096160_agent_info.csv
[m[0;33mW20250901 19:59:50.823129 140594778998528 tool.cpp:1902] rocprofv3_error_signal_handler caught signal 11...
[m# ---- Run standalone_attn_prefill_and_decode_tp8_prefill_then_decode1_2048_128_8192160 ----
INFO 09-01 19:59:57 [__init__.py:244] Automatically detected platform rocm.
[0;31mE20250901 20:00:18.298212 140354040723200 output_stream.cpp:105] Opened result file: ./profiles/standalone_attn_prefill_and_decode_tp8_prefill_then_decode1_2048_128_8192160_kernel_trace.csv
[m[0;31mE20250901 20:00:18.305255 140354040723200 output_stream.cpp:105] Opened result file: ./profiles/standalone_attn_prefill_and_decode_tp8_prefill_then_decode1_2048_128_8192160_agent_info.csv
[m[0;33mW20250901 20:00:28.099235 140354040723200 tool.cpp:1902] rocprofv3_error_signal_handler caught signal 11...
[m# ---- Run standalone_attn_prefill_and_decode_tp8_prefill_then_decode1_4096_1_256160 ----
INFO 09-01 20:00:35 [__init__.py:244] Automatically detected platform rocm.
[0;31mE20250901 20:00:54.504079 139621971339008 output_stream.cpp:105] Opened result file: ./profiles/standalone_attn_prefill_and_decode_tp8_prefill_then_decode1_4096_1_256160_kernel_trace.csv
[m[0;31mE20250901 20:00:54.510305 139621971339008 output_stream.cpp:105] Opened result file: ./profiles/standalone_attn_prefill_and_decode_tp8_prefill_then_decode1_4096_1_256160_agent_info.csv
[m[0;33mW20250901 20:01:03.722466 139621971339008 tool.cpp:1902] rocprofv3_error_signal_handler caught signal 11...
[m# ---- Run standalone_attn_prefill_and_decode_tp8_prefill_then_decode1_4096_1_512160 ----
INFO 09-01 20:01:09 [__init__.py:244] Automatically detected platform rocm.
[0;31mE20250901 20:01:27.757255 139760125658880 output_stream.cpp:105] Opened result file: ./profiles/standalone_attn_prefill_and_decode_tp8_prefill_then_decode1_4096_1_512160_kernel_trace.csv
[m[0;31mE20250901 20:01:27.763345 139760125658880 output_stream.cpp:105] Opened result file: ./profiles/standalone_attn_prefill_and_decode_tp8_prefill_then_decode1_4096_1_512160_agent_info.csv
[m[0;33mW20250901 20:01:36.871775 139760125658880 tool.cpp:1902] rocprofv3_error_signal_handler caught signal 11...
[m# ---- Run standalone_attn_prefill_and_decode_tp8_prefill_then_decode1_4096_1_1024160 ----
INFO 09-01 20:01:42 [__init__.py:244] Automatically detected platform rocm.
[0;31mE20250901 20:02:00.308408 139765306382080 output_stream.cpp:105] Opened result file: ./profiles/standalone_attn_prefill_and_decode_tp8_prefill_then_decode1_4096_1_1024160_kernel_trace.csv
[m[0;31mE20250901 20:02:00.314479 139765306382080 output_stream.cpp:105] Opened result file: ./profiles/standalone_attn_prefill_and_decode_tp8_prefill_then_decode1_4096_1_1024160_agent_info.csv
[m[0;33mW20250901 20:02:08.903821 139765306382080 tool.cpp:1902] rocprofv3_error_signal_handler caught signal 11...
[m# ---- Run standalone_attn_prefill_and_decode_tp8_prefill_then_decode1_4096_1_2048160 ----
INFO 09-01 20:02:14 [__init__.py:244] Automatically detected platform rocm.
[0;31mE20250901 20:02:32.466080 139723936786176 output_stream.cpp:105] Opened result file: ./profiles/standalone_attn_prefill_and_decode_tp8_prefill_then_decode1_4096_1_2048160_kernel_trace.csv
[m[0;31mE20250901 20:02:32.472194 139723936786176 output_stream.cpp:105] Opened result file: ./profiles/standalone_attn_prefill_and_decode_tp8_prefill_then_decode1_4096_1_2048160_agent_info.csv
[m[0;33mW20250901 20:02:40.983132 139723936786176 tool.cpp:1902] rocprofv3_error_signal_handler caught signal 11...
[m# ---- Run standalone_attn_prefill_and_decode_tp8_prefill_then_decode1_4096_1_4096160 ----
INFO 09-01 20:02:47 [__init__.py:244] Automatically detected platform rocm.
[0;31mE20250901 20:03:05.168736 140377218328320 output_stream.cpp:105] Opened result file: ./profiles/standalone_attn_prefill_and_decode_tp8_prefill_then_decode1_4096_1_4096160_kernel_trace.csv
[m[0;31mE20250901 20:03:05.174879 140377218328320 output_stream.cpp:105] Opened result file: ./profiles/standalone_attn_prefill_and_decode_tp8_prefill_then_decode1_4096_1_4096160_agent_info.csv
[m[0;33mW20250901 20:03:13.511902 140377218328320 tool.cpp:1902] rocprofv3_error_signal_handler caught signal 11...
[m# ---- Run standalone_attn_prefill_and_decode_tp8_prefill_then_decode1_4096_1_8192160 ----
INFO 09-01 20:03:19 [__init__.py:244] Automatically detected platform rocm.
[0;31mE20250901 20:03:37.480485 140120472983296 output_stream.cpp:105] Opened result file: ./profiles/standalone_attn_prefill_and_decode_tp8_prefill_then_decode1_4096_1_8192160_kernel_trace.csv
[m[0;31mE20250901 20:03:37.486426 140120472983296 output_stream.cpp:105] Opened result file: ./profiles/standalone_attn_prefill_and_decode_tp8_prefill_then_decode1_4096_1_8192160_agent_info.csv
[m[0;33mW20250901 20:03:45.974085 140120472983296 tool.cpp:1902] rocprofv3_error_signal_handler caught signal 11...
[m# ---- Run standalone_attn_prefill_and_decode_tp8_prefill_then_decode1_4096_2_256160 ----
INFO 09-01 20:03:52 [__init__.py:244] Automatically detected platform rocm.
[0;31mE20250901 20:04:10.115668 139921629701888 output_stream.cpp:105] Opened result file: ./profiles/standalone_attn_prefill_and_decode_tp8_prefill_then_decode1_4096_2_256160_kernel_trace.csv
[m[0;31mE20250901 20:04:10.121781 139921629701888 output_stream.cpp:105] Opened result file: ./profiles/standalone_attn_prefill_and_decode_tp8_prefill_then_decode1_4096_2_256160_agent_info.csv
[m[0;33mW20250901 20:04:19.062241 139921629701888 tool.cpp:1902] rocprofv3_error_signal_handler caught signal 11...
[m# ---- Run standalone_attn_prefill_and_decode_tp8_prefill_then_decode1_4096_2_512160 ----
INFO 09-01 20:04:25 [__init__.py:244] Automatically detected platform rocm.
[0;31mE20250901 20:04:42.760227 140267654641408 output_stream.cpp:105] Opened result file: ./profiles/standalone_attn_prefill_and_decode_tp8_prefill_then_decode1_4096_2_512160_kernel_trace.csv
[m[0;31mE20250901 20:04:42.767069 140267654641408 output_stream.cpp:105] Opened result file: ./profiles/standalone_attn_prefill_and_decode_tp8_prefill_then_decode1_4096_2_512160_agent_info.csv
[m[0;33mW20250901 20:04:51.404992 140267654641408 tool.cpp:1902] rocprofv3_error_signal_handler caught signal 11...
[m# ---- Run standalone_attn_prefill_and_decode_tp8_prefill_then_decode1_4096_2_1024160 ----
INFO 09-01 20:04:57 [__init__.py:244] Automatically detected platform rocm.
[0;31mE20250901 20:05:15.441983 140475098887936 output_stream.cpp:105] Opened result file: ./profiles/standalone_attn_prefill_and_decode_tp8_prefill_then_decode1_4096_2_1024160_kernel_trace.csv
[m[0;31mE20250901 20:05:15.448257 140475098887936 output_stream.cpp:105] Opened result file: ./profiles/standalone_attn_prefill_and_decode_tp8_prefill_then_decode1_4096_2_1024160_agent_info.csv
[m[0;33mW20250901 20:05:24.531569 140475098887936 tool.cpp:1902] rocprofv3_error_signal_handler caught signal 11...
[m# ---- Run standalone_attn_prefill_and_decode_tp8_prefill_then_decode1_4096_2_2048160 ----
INFO 09-01 20:05:30 [__init__.py:244] Automatically detected platform rocm.
[0;31mE20250901 20:05:50.883273 140278075758336 output_stream.cpp:105] Opened result file: ./profiles/standalone_attn_prefill_and_decode_tp8_prefill_then_decode1_4096_2_2048160_kernel_trace.csv
[m[0;31mE20250901 20:05:50.890360 140278075758336 output_stream.cpp:105] Opened result file: ./profiles/standalone_attn_prefill_and_decode_tp8_prefill_then_decode1_4096_2_2048160_agent_info.csv
[m[0;33mW20250901 20:06:00.676657 140278075758336 tool.cpp:1902] rocprofv3_error_signal_handler caught signal 11...
[m# ---- Run standalone_attn_prefill_and_decode_tp8_prefill_then_decode1_4096_2_4096160 ----
INFO 09-01 20:06:07 [__init__.py:244] Automatically detected platform rocm.
[0;31mE20250901 20:06:28.723487 140312416798464 output_stream.cpp:105] Opened result file: ./profiles/standalone_attn_prefill_and_decode_tp8_prefill_then_decode1_4096_2_4096160_kernel_trace.csv
[m[0;31mE20250901 20:06:28.730848 140312416798464 output_stream.cpp:105] Opened result file: ./profiles/standalone_attn_prefill_and_decode_tp8_prefill_then_decode1_4096_2_4096160_agent_info.csv
[m[0;33mW20250901 20:06:37.867166 140312416798464 tool.cpp:1902] rocprofv3_error_signal_handler caught signal 11...
[m# ---- Run standalone_attn_prefill_and_decode_tp8_prefill_then_decode1_4096_2_8192160 ----
INFO 09-01 20:06:45 [__init__.py:244] Automatically detected platform rocm.
[0;31mE20250901 20:07:05.010459 140316343207680 output_stream.cpp:105] Opened result file: ./profiles/standalone_attn_prefill_and_decode_tp8_prefill_then_decode1_4096_2_8192160_kernel_trace.csv
[m[0;31mE20250901 20:07:05.016810 140316343207680 output_stream.cpp:105] Opened result file: ./profiles/standalone_attn_prefill_and_decode_tp8_prefill_then_decode1_4096_2_8192160_agent_info.csv
[m[0;33mW20250901 20:07:13.725589 140316343207680 tool.cpp:1902] rocprofv3_error_signal_handler caught signal 11...
[m# ---- Run standalone_attn_prefill_and_decode_tp8_prefill_then_decode1_4096_4_256160 ----
INFO 09-01 20:07:20 [__init__.py:244] Automatically detected platform rocm.
[0;31mE20250901 20:07:38.234573 140506560829184 output_stream.cpp:105] Opened result file: ./profiles/standalone_attn_prefill_and_decode_tp8_prefill_then_decode1_4096_4_256160_kernel_trace.csv
[m[0;31mE20250901 20:07:38.240857 140506560829184 output_stream.cpp:105] Opened result file: ./profiles/standalone_attn_prefill_and_decode_tp8_prefill_then_decode1_4096_4_256160_agent_info.csv
[m[0;33mW20250901 20:07:47.242420 140506560829184 tool.cpp:1902] rocprofv3_error_signal_handler caught signal 11...
[m# ---- Run standalone_attn_prefill_and_decode_tp8_prefill_then_decode1_4096_4_512160 ----
INFO 09-01 20:07:53 [__init__.py:244] Automatically detected platform rocm.
[0;31mE20250901 20:08:11.713122 139706748462848 output_stream.cpp:105] Opened result file: ./profiles/standalone_attn_prefill_and_decode_tp8_prefill_then_decode1_4096_4_512160_kernel_trace.csv
[m[0;31mE20250901 20:08:11.719553 139706748462848 output_stream.cpp:105] Opened result file: ./profiles/standalone_attn_prefill_and_decode_tp8_prefill_then_decode1_4096_4_512160_agent_info.csv
[m[0;33mW20250901 20:08:20.749482 139706748462848 tool.cpp:1902] rocprofv3_error_signal_handler caught signal 11...
[m# ---- Run standalone_attn_prefill_and_decode_tp8_prefill_then_decode1_4096_4_1024160 ----
INFO 09-01 20:08:27 [__init__.py:244] Automatically detected platform rocm.
[0;31mE20250901 20:08:45.667465 139955016480512 output_stream.cpp:105] Opened result file: ./profiles/standalone_attn_prefill_and_decode_tp8_prefill_then_decode1_4096_4_1024160_kernel_trace.csv
[m[0;31mE20250901 20:08:45.674271 139955016480512 output_stream.cpp:105] Opened result file: ./profiles/standalone_attn_prefill_and_decode_tp8_prefill_then_decode1_4096_4_1024160_agent_info.csv
[m[0;33mW20250901 20:08:55.018408 139955016480512 tool.cpp:1902] rocprofv3_error_signal_handler caught signal 11...
[m# ---- Run standalone_attn_prefill_and_decode_tp8_prefill_then_decode1_4096_4_2048160 ----
INFO 09-01 20:09:02 [__init__.py:244] Automatically detected platform rocm.
[0;31mE20250901 20:09:22.290856 140501980083968 output_stream.cpp:105] Opened result file: ./profiles/standalone_attn_prefill_and_decode_tp8_prefill_then_decode1_4096_4_2048160_kernel_trace.csv
[m[0;31mE20250901 20:09:22.297888 140501980083968 output_stream.cpp:105] Opened result file: ./profiles/standalone_attn_prefill_and_decode_tp8_prefill_then_decode1_4096_4_2048160_agent_info.csv
[m[0;33mW20250901 20:09:31.754748 140501980083968 tool.cpp:1902] rocprofv3_error_signal_handler caught signal 11...
[m# ---- Run standalone_attn_prefill_and_decode_tp8_prefill_then_decode1_4096_4_4096160 ----
INFO 09-01 20:09:39 [__init__.py:244] Automatically detected platform rocm.
[0;31mE20250901 20:10:00.211550 140696211597056 output_stream.cpp:105] Opened result file: ./profiles/standalone_attn_prefill_and_decode_tp8_prefill_then_decode1_4096_4_4096160_kernel_trace.csv
[m[0;31mE20250901 20:10:00.218319 140696211597056 output_stream.cpp:105] Opened result file: ./profiles/standalone_attn_prefill_and_decode_tp8_prefill_then_decode1_4096_4_4096160_agent_info.csv
[m[0;33mW20250901 20:10:09.994389 140696211597056 tool.cpp:1902] rocprofv3_error_signal_handler caught signal 11...
[m# ---- Run standalone_attn_prefill_and_decode_tp8_prefill_then_decode1_4096_4_8192160 ----
INFO 09-01 20:10:16 [__init__.py:244] Automatically detected platform rocm.
[0;31mE20250901 20:10:37.020042 139632806631168 output_stream.cpp:105] Opened result file: ./profiles/standalone_attn_prefill_and_decode_tp8_prefill_then_decode1_4096_4_8192160_kernel_trace.csv
[m[0;31mE20250901 20:10:37.026977 139632806631168 output_stream.cpp:105] Opened result file: ./profiles/standalone_attn_prefill_and_decode_tp8_prefill_then_decode1_4096_4_8192160_agent_info.csv
[m[0;33mW20250901 20:10:47.014512 139632806631168 tool.cpp:1902] rocprofv3_error_signal_handler caught signal 11...
[m# ---- Run standalone_attn_prefill_and_decode_tp8_prefill_then_decode1_4096_8_256160 ----
INFO 09-01 20:10:54 [__init__.py:244] Automatically detected platform rocm.
[0;31mE20250901 20:11:14.235866 140267768448768 output_stream.cpp:105] Opened result file: ./profiles/standalone_attn_prefill_and_decode_tp8_prefill_then_decode1_4096_8_256160_kernel_trace.csv
[m[0;31mE20250901 20:11:14.243372 140267768448768 output_stream.cpp:105] Opened result file: ./profiles/standalone_attn_prefill_and_decode_tp8_prefill_then_decode1_4096_8_256160_agent_info.csv
[m[0;33mW20250901 20:11:23.320952 140267768448768 tool.cpp:1902] rocprofv3_error_signal_handler caught signal 11...
[m# ---- Run standalone_attn_prefill_and_decode_tp8_prefill_then_decode1_4096_8_512160 ----
INFO 09-01 20:11:30 [__init__.py:244] Automatically detected platform rocm.
[0;31mE20250901 20:11:49.563327 139703973488384 output_stream.cpp:105] Opened result file: ./profiles/standalone_attn_prefill_and_decode_tp8_prefill_then_decode1_4096_8_512160_kernel_trace.csv
[m[0;31mE20250901 20:11:49.570314 139703973488384 output_stream.cpp:105] Opened result file: ./profiles/standalone_attn_prefill_and_decode_tp8_prefill_then_decode1_4096_8_512160_agent_info.csv
[m[0;33mW20250901 20:11:58.282996 139703973488384 tool.cpp:1902] rocprofv3_error_signal_handler caught signal 11...
[m# ---- Run standalone_attn_prefill_and_decode_tp8_prefill_then_decode1_4096_8_1024160 ----
INFO 09-01 20:12:04 [__init__.py:244] Automatically detected platform rocm.
[0;31mE20250901 20:12:22.771318 140359319582464 output_stream.cpp:105] Opened result file: ./profiles/standalone_attn_prefill_and_decode_tp8_prefill_then_decode1_4096_8_1024160_kernel_trace.csv
[m[0;31mE20250901 20:12:22.778336 140359319582464 output_stream.cpp:105] Opened result file: ./profiles/standalone_attn_prefill_and_decode_tp8_prefill_then_decode1_4096_8_1024160_agent_info.csv
[m[0;33mW20250901 20:12:31.981484 140359319582464 tool.cpp:1902] rocprofv3_error_signal_handler caught signal 11...
[m# ---- Run standalone_attn_prefill_and_decode_tp8_prefill_then_decode1_4096_8_2048160 ----
INFO 09-01 20:12:38 [__init__.py:244] Automatically detected platform rocm.
[0;31mE20250901 20:12:57.307420 140607477765888 output_stream.cpp:105] Opened result file: ./profiles/standalone_attn_prefill_and_decode_tp8_prefill_then_decode1_4096_8_2048160_kernel_trace.csv
[m[0;31mE20250901 20:12:57.314397 140607477765888 output_stream.cpp:105] Opened result file: ./profiles/standalone_attn_prefill_and_decode_tp8_prefill_then_decode1_4096_8_2048160_agent_info.csv
[m[0;33mW20250901 20:13:06.132422 140607477765888 tool.cpp:1902] rocprofv3_error_signal_handler caught signal 11...
[m# ---- Run standalone_attn_prefill_and_decode_tp8_prefill_then_decode1_4096_8_4096160 ----
INFO 09-01 20:13:12 [__init__.py:244] Automatically detected platform rocm.
[0;31mE20250901 20:13:32.369701 139713110906624 output_stream.cpp:105] Opened result file: ./profiles/standalone_attn_prefill_and_decode_tp8_prefill_then_decode1_4096_8_4096160_kernel_trace.csv
[m[0;31mE20250901 20:13:32.377532 139713110906624 output_stream.cpp:105] Opened result file: ./profiles/standalone_attn_prefill_and_decode_tp8_prefill_then_decode1_4096_8_4096160_agent_info.csv
[m[0;33mW20250901 20:13:41.783852 139713110906624 tool.cpp:1902] rocprofv3_error_signal_handler caught signal 11...
[m# ---- Run standalone_attn_prefill_and_decode_tp8_prefill_then_decode1_4096_8_8192160 ----
INFO 09-01 20:13:48 [__init__.py:244] Automatically detected platform rocm.
[0;31mE20250901 20:14:09.407525 140550896486144 output_stream.cpp:105] Opened result file: ./profiles/standalone_attn_prefill_and_decode_tp8_prefill_then_decode1_4096_8_8192160_kernel_trace.csv
[m[0;31mE20250901 20:14:09.415482 140550896486144 output_stream.cpp:105] Opened result file: ./profiles/standalone_attn_prefill_and_decode_tp8_prefill_then_decode1_4096_8_8192160_agent_info.csv
[m[0;33mW20250901 20:14:18.620612 140550896486144 tool.cpp:1902] rocprofv3_error_signal_handler caught signal 11...
[m# ---- Run standalone_attn_prefill_and_decode_tp8_prefill_then_decode1_4096_16_256160 ----
INFO 09-01 20:14:25 [__init__.py:244] Automatically detected platform rocm.
[0;31mE20250901 20:14:46.835431 140553138546432 output_stream.cpp:105] Opened result file: ./profiles/standalone_attn_prefill_and_decode_tp8_prefill_then_decode1_4096_16_256160_kernel_trace.csv
[m[0;31mE20250901 20:14:46.842452 140553138546432 output_stream.cpp:105] Opened result file: ./profiles/standalone_attn_prefill_and_decode_tp8_prefill_then_decode1_4096_16_256160_agent_info.csv
[m[0;33mW20250901 20:14:56.375731 140553138546432 tool.cpp:1902] rocprofv3_error_signal_handler caught signal 11...
[m# ---- Run standalone_attn_prefill_and_decode_tp8_prefill_then_decode1_4096_16_512160 ----
INFO 09-01 20:15:03 [__init__.py:244] Automatically detected platform rocm.
[0;31mE20250901 20:15:24.075363 140652372379392 output_stream.cpp:105] Opened result file: ./profiles/standalone_attn_prefill_and_decode_tp8_prefill_then_decode1_4096_16_512160_kernel_trace.csv
[m[0;31mE20250901 20:15:24.082528 140652372379392 output_stream.cpp:105] Opened result file: ./profiles/standalone_attn_prefill_and_decode_tp8_prefill_then_decode1_4096_16_512160_agent_info.csv
[m[0;33mW20250901 20:15:33.293256 140652372379392 tool.cpp:1902] rocprofv3_error_signal_handler caught signal 11...
[m# ---- Run standalone_attn_prefill_and_decode_tp8_prefill_then_decode1_4096_16_1024160 ----
INFO 09-01 20:15:40 [__init__.py:244] Automatically detected platform rocm.
[0;31mE20250901 20:16:00.551152 140000150357760 output_stream.cpp:105] Opened result file: ./profiles/standalone_attn_prefill_and_decode_tp8_prefill_then_decode1_4096_16_1024160_kernel_trace.csv
[m[0;31mE20250901 20:16:00.558431 140000150357760 output_stream.cpp:105] Opened result file: ./profiles/standalone_attn_prefill_and_decode_tp8_prefill_then_decode1_4096_16_1024160_agent_info.csv
[m[0;33mW20250901 20:16:09.920719 140000150357760 tool.cpp:1902] rocprofv3_error_signal_handler caught signal 11...
[m# ---- Run standalone_attn_prefill_and_decode_tp8_prefill_then_decode1_4096_16_2048160 ----
INFO 09-01 20:16:16 [__init__.py:244] Automatically detected platform rocm.
[0;31mE20250901 20:16:36.827367 140546652546816 output_stream.cpp:105] Opened result file: ./profiles/standalone_attn_prefill_and_decode_tp8_prefill_then_decode1_4096_16_2048160_kernel_trace.csv
[m[0;31mE20250901 20:16:36.834681 140546652546816 output_stream.cpp:105] Opened result file: ./profiles/standalone_attn_prefill_and_decode_tp8_prefill_then_decode1_4096_16_2048160_agent_info.csv
[m[0;33mW20250901 20:16:45.972932 140546652546816 tool.cpp:1902] rocprofv3_error_signal_handler caught signal 11...
[m# ---- Run standalone_attn_prefill_and_decode_tp8_prefill_then_decode1_4096_16_4096160 ----
INFO 09-01 20:16:53 [__init__.py:244] Automatically detected platform rocm.
[0;31mE20250901 20:17:12.705846 140452739618560 output_stream.cpp:105] Opened result file: ./profiles/standalone_attn_prefill_and_decode_tp8_prefill_then_decode1_4096_16_4096160_kernel_trace.csv
[m[0;31mE20250901 20:17:12.713686 140452739618560 output_stream.cpp:105] Opened result file: ./profiles/standalone_attn_prefill_and_decode_tp8_prefill_then_decode1_4096_16_4096160_agent_info.csv
[m[0;33mW20250901 20:17:21.780942 140452739618560 tool.cpp:1902] rocprofv3_error_signal_handler caught signal 11...
[m# ---- Run standalone_attn_prefill_and_decode_tp8_prefill_then_decode1_4096_16_8192160 ----
INFO 09-01 20:17:28 [__init__.py:244] Automatically detected platform rocm.
[0;31mE20250901 20:17:49.187938 140592401696512 output_stream.cpp:105] Opened result file: ./profiles/standalone_attn_prefill_and_decode_tp8_prefill_then_decode1_4096_16_8192160_kernel_trace.csv
[m[0;31mE20250901 20:17:49.194852 140592401696512 output_stream.cpp:105] Opened result file: ./profiles/standalone_attn_prefill_and_decode_tp8_prefill_then_decode1_4096_16_8192160_agent_info.csv
[m[0;33mW20250901 20:17:58.392738 140592401696512 tool.cpp:1902] rocprofv3_error_signal_handler caught signal 11...
[m# ---- Run standalone_attn_prefill_and_decode_tp8_prefill_then_decode1_4096_32_256160 ----
INFO 09-01 20:18:05 [__init__.py:244] Automatically detected platform rocm.
[0;31mE20250901 20:18:25.508181 139858919048960 output_stream.cpp:105] Opened result file: ./profiles/standalone_attn_prefill_and_decode_tp8_prefill_then_decode1_4096_32_256160_kernel_trace.csv
[m[0;31mE20250901 20:18:25.516434 139858919048960 output_stream.cpp:105] Opened result file: ./profiles/standalone_attn_prefill_and_decode_tp8_prefill_then_decode1_4096_32_256160_agent_info.csv
[m[0;33mW20250901 20:18:34.973675 139858919048960 tool.cpp:1902] rocprofv3_error_signal_handler caught signal 11...
[m# ---- Run standalone_attn_prefill_and_decode_tp8_prefill_then_decode1_4096_32_512160 ----
INFO 09-01 20:18:41 [__init__.py:244] Automatically detected platform rocm.
[0;31mE20250901 20:19:01.283907 140658028082944 output_stream.cpp:105] Opened result file: ./profiles/standalone_attn_prefill_and_decode_tp8_prefill_then_decode1_4096_32_512160_kernel_trace.csv
[m[0;31mE20250901 20:19:01.290694 140658028082944 output_stream.cpp:105] Opened result file: ./profiles/standalone_attn_prefill_and_decode_tp8_prefill_then_decode1_4096_32_512160_agent_info.csv
[m[0;33mW20250901 20:19:10.310302 140658028082944 tool.cpp:1902] rocprofv3_error_signal_handler caught signal 11...
[m# ---- Run standalone_attn_prefill_and_decode_tp8_prefill_then_decode1_4096_32_1024160 ----
INFO 09-01 20:19:16 [__init__.py:244] Automatically detected platform rocm.
[0;31mE20250901 20:19:34.928085 140114655155968 output_stream.cpp:105] Opened result file: ./profiles/standalone_attn_prefill_and_decode_tp8_prefill_then_decode1_4096_32_1024160_kernel_trace.csv
[m[0;31mE20250901 20:19:34.934934 140114655155968 output_stream.cpp:105] Opened result file: ./profiles/standalone_attn_prefill_and_decode_tp8_prefill_then_decode1_4096_32_1024160_agent_info.csv
[m[0;33mW20250901 20:19:44.172169 140114655155968 tool.cpp:1902] rocprofv3_error_signal_handler caught signal 11...
[m# ---- Run standalone_attn_prefill_and_decode_tp8_prefill_then_decode1_4096_32_2048160 ----
INFO 09-01 20:19:50 [__init__.py:244] Automatically detected platform rocm.
[0;31mE20250901 20:20:09.078711 139919377061632 output_stream.cpp:105] Opened result file: ./profiles/standalone_attn_prefill_and_decode_tp8_prefill_then_decode1_4096_32_2048160_kernel_trace.csv
[m[0;31mE20250901 20:20:09.085529 139919377061632 output_stream.cpp:105] Opened result file: ./profiles/standalone_attn_prefill_and_decode_tp8_prefill_then_decode1_4096_32_2048160_agent_info.csv
[m[0;33mW20250901 20:20:18.307610 139919377061632 tool.cpp:1902] rocprofv3_error_signal_handler caught signal 11...
[m# ---- Run standalone_attn_prefill_and_decode_tp8_prefill_then_decode1_4096_32_4096160 ----
INFO 09-01 20:20:24 [__init__.py:244] Automatically detected platform rocm.
[0;31mE20250901 20:20:43.492959 139647428384512 output_stream.cpp:105] Opened result file: ./profiles/standalone_attn_prefill_and_decode_tp8_prefill_then_decode1_4096_32_4096160_kernel_trace.csv
[m[0;31mE20250901 20:20:43.499786 139647428384512 output_stream.cpp:105] Opened result file: ./profiles/standalone_attn_prefill_and_decode_tp8_prefill_then_decode1_4096_32_4096160_agent_info.csv
[m[0;33mW20250901 20:20:52.778016 139647428384512 tool.cpp:1902] rocprofv3_error_signal_handler caught signal 11...
[m# ---- Run standalone_attn_prefill_and_decode_tp8_prefill_then_decode1_4096_32_8192160 ----
INFO 09-01 20:20:59 [__init__.py:244] Automatically detected platform rocm.
[0;31mE20250901 20:21:17.707650 140483866924800 output_stream.cpp:105] Opened result file: ./profiles/standalone_attn_prefill_and_decode_tp8_prefill_then_decode1_4096_32_8192160_kernel_trace.csv
[m[0;31mE20250901 20:21:17.713993 140483866924800 output_stream.cpp:105] Opened result file: ./profiles/standalone_attn_prefill_and_decode_tp8_prefill_then_decode1_4096_32_8192160_agent_info.csv
[m[0;33mW20250901 20:21:26.601243 140483866924800 tool.cpp:1902] rocprofv3_error_signal_handler caught signal 11...
[m# ---- Run standalone_attn_prefill_and_decode_tp8_prefill_then_decode1_4096_64_256160 ----
INFO 09-01 20:21:32 [__init__.py:244] Automatically detected platform rocm.
[0;31mE20250901 20:21:51.695566 140690794309376 output_stream.cpp:105] Opened result file: ./profiles/standalone_attn_prefill_and_decode_tp8_prefill_then_decode1_4096_64_256160_kernel_trace.csv
[m[0;31mE20250901 20:21:51.702614 140690794309376 output_stream.cpp:105] Opened result file: ./profiles/standalone_attn_prefill_and_decode_tp8_prefill_then_decode1_4096_64_256160_agent_info.csv
[m[0;33mW20250901 20:22:00.721048 140690794309376 tool.cpp:1902] rocprofv3_error_signal_handler caught signal 11...
[m# ---- Run standalone_attn_prefill_and_decode_tp8_prefill_then_decode1_4096_64_512160 ----
INFO 09-01 20:22:07 [__init__.py:244] Automatically detected platform rocm.
[0;31mE20250901 20:22:26.624567 140323765405440 output_stream.cpp:105] Opened result file: ./profiles/standalone_attn_prefill_and_decode_tp8_prefill_then_decode1_4096_64_512160_kernel_trace.csv
[m[0;31mE20250901 20:22:26.631567 140323765405440 output_stream.cpp:105] Opened result file: ./profiles/standalone_attn_prefill_and_decode_tp8_prefill_then_decode1_4096_64_512160_agent_info.csv
[m[0;33mW20250901 20:22:35.708141 140323765405440 tool.cpp:1902] rocprofv3_error_signal_handler caught signal 11...
[m# ---- Run standalone_attn_prefill_and_decode_tp8_prefill_then_decode1_4096_64_1024160 ----
INFO 09-01 20:22:42 [__init__.py:244] Automatically detected platform rocm.
[0;31mE20250901 20:23:01.413099 140098867898112 output_stream.cpp:105] Opened result file: ./profiles/standalone_attn_prefill_and_decode_tp8_prefill_then_decode1_4096_64_1024160_kernel_trace.csv
[m[0;31mE20250901 20:23:01.420033 140098867898112 output_stream.cpp:105] Opened result file: ./profiles/standalone_attn_prefill_and_decode_tp8_prefill_then_decode1_4096_64_1024160_agent_info.csv
[m[0;33mW20250901 20:23:10.818029 140098867898112 tool.cpp:1902] rocprofv3_error_signal_handler caught signal 11...
[m# ---- Run standalone_attn_prefill_and_decode_tp8_prefill_then_decode1_4096_64_2048160 ----
INFO 09-01 20:23:17 [__init__.py:244] Automatically detected platform rocm.
[0;31mE20250901 20:23:36.525868 139664257324800 output_stream.cpp:105] Opened result file: ./profiles/standalone_attn_prefill_and_decode_tp8_prefill_then_decode1_4096_64_2048160_kernel_trace.csv
[m[0;31mE20250901 20:23:36.532579 139664257324800 output_stream.cpp:105] Opened result file: ./profiles/standalone_attn_prefill_and_decode_tp8_prefill_then_decode1_4096_64_2048160_agent_info.csv
[m[0;33mW20250901 20:23:45.462682 139664257324800 tool.cpp:1902] rocprofv3_error_signal_handler caught signal 11...
[m# ---- Run standalone_attn_prefill_and_decode_tp8_prefill_then_decode1_4096_64_4096160 ----
INFO 09-01 20:23:52 [__init__.py:244] Automatically detected platform rocm.
[0;31mE20250901 20:24:11.306591 140580037023488 output_stream.cpp:105] Opened result file: ./profiles/standalone_attn_prefill_and_decode_tp8_prefill_then_decode1_4096_64_4096160_kernel_trace.csv
[m[0;31mE20250901 20:24:11.313209 140580037023488 output_stream.cpp:105] Opened result file: ./profiles/standalone_attn_prefill_and_decode_tp8_prefill_then_decode1_4096_64_4096160_agent_info.csv
[m[0;33mW20250901 20:24:20.414784 140580037023488 tool.cpp:1902] rocprofv3_error_signal_handler caught signal 11...
[m# ---- Run standalone_attn_prefill_and_decode_tp8_prefill_then_decode1_4096_64_8192160 ----
INFO 09-01 20:24:26 [__init__.py:244] Automatically detected platform rocm.
[0;31mE20250901 20:24:46.018442 139829421692672 output_stream.cpp:105] Opened result file: ./profiles/standalone_attn_prefill_and_decode_tp8_prefill_then_decode1_4096_64_8192160_kernel_trace.csv
[m[0;31mE20250901 20:24:46.026120 139829421692672 output_stream.cpp:105] Opened result file: ./profiles/standalone_attn_prefill_and_decode_tp8_prefill_then_decode1_4096_64_8192160_agent_info.csv
[m[0;33mW20250901 20:24:55.210392 139829421692672 tool.cpp:1902] rocprofv3_error_signal_handler caught signal 11...
[m# ---- Run standalone_attn_prefill_and_decode_tp8_prefill_then_decode1_4096_128_256160 ----
INFO 09-01 20:25:01 [__init__.py:244] Automatically detected platform rocm.
[0;31mE20250901 20:25:19.740507 140290014979840 output_stream.cpp:105] Opened result file: ./profiles/standalone_attn_prefill_and_decode_tp8_prefill_then_decode1_4096_128_256160_kernel_trace.csv
[m[0;31mE20250901 20:25:19.747228 140290014979840 output_stream.cpp:105] Opened result file: ./profiles/standalone_attn_prefill_and_decode_tp8_prefill_then_decode1_4096_128_256160_agent_info.csv
[m[0;33mW20250901 20:25:28.875851 140290014979840 tool.cpp:1902] rocprofv3_error_signal_handler caught signal 11...
[m# ---- Run standalone_attn_prefill_and_decode_tp8_prefill_then_decode1_4096_128_512160 ----
INFO 09-01 20:25:35 [__init__.py:244] Automatically detected platform rocm.
[0;31mE20250901 20:25:52.920568 139782916577024 output_stream.cpp:105] Opened result file: ./profiles/standalone_attn_prefill_and_decode_tp8_prefill_then_decode1_4096_128_512160_kernel_trace.csv
[m[0;31mE20250901 20:25:52.927629 139782916577024 output_stream.cpp:105] Opened result file: ./profiles/standalone_attn_prefill_and_decode_tp8_prefill_then_decode1_4096_128_512160_agent_info.csv
[m[0;33mW20250901 20:26:02.201714 139782916577024 tool.cpp:1902] rocprofv3_error_signal_handler caught signal 11...
[m# ---- Run standalone_attn_prefill_and_decode_tp8_prefill_then_decode1_4096_128_1024160 ----
INFO 09-01 20:26:08 [__init__.py:244] Automatically detected platform rocm.
[0;31mE20250901 20:26:26.266083 140273128232704 output_stream.cpp:105] Opened result file: ./profiles/standalone_attn_prefill_and_decode_tp8_prefill_then_decode1_4096_128_1024160_kernel_trace.csv
[m[0;31mE20250901 20:26:26.272873 140273128232704 output_stream.cpp:105] Opened result file: ./profiles/standalone_attn_prefill_and_decode_tp8_prefill_then_decode1_4096_128_1024160_agent_info.csv
[m[0;33mW20250901 20:26:35.783541 140273128232704 tool.cpp:1902] rocprofv3_error_signal_handler caught signal 11...
[m# ---- Run standalone_attn_prefill_and_decode_tp8_prefill_then_decode1_4096_128_2048160 ----
INFO 09-01 20:26:42 [__init__.py:244] Automatically detected platform rocm.
[0;31mE20250901 20:27:00.176678 139682021439232 output_stream.cpp:105] Opened result file: ./profiles/standalone_attn_prefill_and_decode_tp8_prefill_then_decode1_4096_128_2048160_kernel_trace.csv
[m[0;31mE20250901 20:27:00.183819 139682021439232 output_stream.cpp:105] Opened result file: ./profiles/standalone_attn_prefill_and_decode_tp8_prefill_then_decode1_4096_128_2048160_agent_info.csv
[m[0;33mW20250901 20:27:09.421740 139682021439232 tool.cpp:1902] rocprofv3_error_signal_handler caught signal 11...
[m# ---- Run standalone_attn_prefill_and_decode_tp8_prefill_then_decode1_4096_128_4096160 ----
INFO 09-01 20:27:15 [__init__.py:244] Automatically detected platform rocm.
[0;31mE20250901 20:27:33.773268 140584916207360 output_stream.cpp:105] Opened result file: ./profiles/standalone_attn_prefill_and_decode_tp8_prefill_then_decode1_4096_128_4096160_kernel_trace.csv
[m[0;31mE20250901 20:27:33.780233 140584916207360 output_stream.cpp:105] Opened result file: ./profiles/standalone_attn_prefill_and_decode_tp8_prefill_then_decode1_4096_128_4096160_agent_info.csv
[m[0;33mW20250901 20:27:42.709295 140584916207360 tool.cpp:1902] rocprofv3_error_signal_handler caught signal 11...
[m# ---- Run standalone_attn_prefill_and_decode_tp8_prefill_then_decode1_4096_128_8192160 ----
INFO 09-01 20:27:49 [__init__.py:244] Automatically detected platform rocm.
[0;31mE20250901 20:28:07.895093 140569255364352 output_stream.cpp:105] Opened result file: ./profiles/standalone_attn_prefill_and_decode_tp8_prefill_then_decode1_4096_128_8192160_kernel_trace.csv
[m[0;31mE20250901 20:28:07.902414 140569255364352 output_stream.cpp:105] Opened result file: ./profiles/standalone_attn_prefill_and_decode_tp8_prefill_then_decode1_4096_128_8192160_agent_info.csv
[m[0;33mW20250901 20:28:17.438458 140569255364352 tool.cpp:1902] rocprofv3_error_signal_handler caught signal 11...
[m# ---- Run standalone_attn_prefill_and_decode_tp8_prefill_then_decode1_8192_1_256160 ----
INFO 09-01 20:28:24 [__init__.py:244] Automatically detected platform rocm.
[0;31mE20250901 20:28:43.914480 139898664687360 output_stream.cpp:105] Opened result file: ./profiles/standalone_attn_prefill_and_decode_tp8_prefill_then_decode1_8192_1_256160_kernel_trace.csv
[m[0;31mE20250901 20:28:43.921671 139898664687360 output_stream.cpp:105] Opened result file: ./profiles/standalone_attn_prefill_and_decode_tp8_prefill_then_decode1_8192_1_256160_agent_info.csv
[m[0;33mW20250901 20:28:52.542622 139898664687360 tool.cpp:1902] rocprofv3_error_signal_handler caught signal 11...
[m# ---- Run standalone_attn_prefill_and_decode_tp8_prefill_then_decode1_8192_1_512160 ----
INFO 09-01 20:28:59 [__init__.py:244] Automatically detected platform rocm.
[0;31mE20250901 20:29:18.691628 140585268692736 output_stream.cpp:105] Opened result file: ./profiles/standalone_attn_prefill_and_decode_tp8_prefill_then_decode1_8192_1_512160_kernel_trace.csv
[m[0;31mE20250901 20:29:18.699462 140585268692736 output_stream.cpp:105] Opened result file: ./profiles/standalone_attn_prefill_and_decode_tp8_prefill_then_decode1_8192_1_512160_agent_info.csv
[m[0;33mW20250901 20:29:27.698873 140585268692736 tool.cpp:1902] rocprofv3_error_signal_handler caught signal 11...
[m# ---- Run standalone_attn_prefill_and_decode_tp8_prefill_then_decode1_8192_1_1024160 ----
INFO 09-01 20:29:34 [__init__.py:244] Automatically detected platform rocm.
[0;31mE20250901 20:29:53.532732 140399703348992 output_stream.cpp:105] Opened result file: ./profiles/standalone_attn_prefill_and_decode_tp8_prefill_then_decode1_8192_1_1024160_kernel_trace.csv
[m[0;31mE20250901 20:29:53.539366 140399703348992 output_stream.cpp:105] Opened result file: ./profiles/standalone_attn_prefill_and_decode_tp8_prefill_then_decode1_8192_1_1024160_agent_info.csv
[m[0;33mW20250901 20:30:02.600640 140399703348992 tool.cpp:1902] rocprofv3_error_signal_handler caught signal 11...
[m# ---- Run standalone_attn_prefill_and_decode_tp8_prefill_then_decode1_8192_1_2048160 ----
INFO 09-01 20:30:08 [__init__.py:244] Automatically detected platform rocm.
[0;31mE20250901 20:30:27.918327 139991017883392 output_stream.cpp:105] Opened result file: ./profiles/standalone_attn_prefill_and_decode_tp8_prefill_then_decode1_8192_1_2048160_kernel_trace.csv
[m[0;31mE20250901 20:30:27.925877 139991017883392 output_stream.cpp:105] Opened result file: ./profiles/standalone_attn_prefill_and_decode_tp8_prefill_then_decode1_8192_1_2048160_agent_info.csv
[m[0;33mW20250901 20:30:36.615567 139991017883392 tool.cpp:1902] rocprofv3_error_signal_handler caught signal 11...
[m# ---- Run standalone_attn_prefill_and_decode_tp8_prefill_then_decode1_8192_1_4096160 ----
INFO 09-01 20:30:43 [__init__.py:244] Automatically detected platform rocm.
[0;31mE20250901 20:31:01.388148 139737719232256 output_stream.cpp:105] Opened result file: ./profiles/standalone_attn_prefill_and_decode_tp8_prefill_then_decode1_8192_1_4096160_kernel_trace.csv
[m[0;31mE20250901 20:31:01.394458 139737719232256 output_stream.cpp:105] Opened result file: ./profiles/standalone_attn_prefill_and_decode_tp8_prefill_then_decode1_8192_1_4096160_agent_info.csv
[m[0;33mW20250901 20:31:09.870889 139737719232256 tool.cpp:1902] rocprofv3_error_signal_handler caught signal 11...
[m# ---- Run standalone_attn_prefill_and_decode_tp8_prefill_then_decode1_8192_1_8192160 ----
INFO 09-01 20:31:15 [__init__.py:244] Automatically detected platform rocm.
[0;31mE20250901 20:31:33.772102 140544946140928 output_stream.cpp:105] Opened result file: ./profiles/standalone_attn_prefill_and_decode_tp8_prefill_then_decode1_8192_1_8192160_kernel_trace.csv
[m[0;31mE20250901 20:31:33.778638 140544946140928 output_stream.cpp:105] Opened result file: ./profiles/standalone_attn_prefill_and_decode_tp8_prefill_then_decode1_8192_1_8192160_agent_info.csv
[m[0;33mW20250901 20:31:43.151212 140544946140928 tool.cpp:1902] rocprofv3_error_signal_handler caught signal 11...
[m# ---- Run standalone_attn_prefill_and_decode_tp8_prefill_then_decode1_8192_2_256160 ----
INFO 09-01 20:31:49 [__init__.py:244] Automatically detected platform rocm.
[0;31mE20250901 20:32:06.878233 140614870370048 output_stream.cpp:105] Opened result file: ./profiles/standalone_attn_prefill_and_decode_tp8_prefill_then_decode1_8192_2_256160_kernel_trace.csv
[m[0;31mE20250901 20:32:06.884887 140614870370048 output_stream.cpp:105] Opened result file: ./profiles/standalone_attn_prefill_and_decode_tp8_prefill_then_decode1_8192_2_256160_agent_info.csv
[m[0;33mW20250901 20:32:16.000723 140614870370048 tool.cpp:1902] rocprofv3_error_signal_handler caught signal 11...
[m# ---- Run standalone_attn_prefill_and_decode_tp8_prefill_then_decode1_8192_2_512160 ----
INFO 09-01 20:32:21 [__init__.py:244] Automatically detected platform rocm.
[0;31mE20250901 20:32:39.635763 139845717104384 output_stream.cpp:105] Opened result file: ./profiles/standalone_attn_prefill_and_decode_tp8_prefill_then_decode1_8192_2_512160_kernel_trace.csv
[m[0;31mE20250901 20:32:39.642475 139845717104384 output_stream.cpp:105] Opened result file: ./profiles/standalone_attn_prefill_and_decode_tp8_prefill_then_decode1_8192_2_512160_agent_info.csv
[m[0;33mW20250901 20:32:48.266895 139845717104384 tool.cpp:1902] rocprofv3_error_signal_handler caught signal 11...
[m# ---- Run standalone_attn_prefill_and_decode_tp8_prefill_then_decode1_8192_2_1024160 ----
INFO 09-01 20:32:54 [__init__.py:244] Automatically detected platform rocm.
[0;31mE20250901 20:33:12.201034 139764500539136 output_stream.cpp:105] Opened result file: ./profiles/standalone_attn_prefill_and_decode_tp8_prefill_then_decode1_8192_2_1024160_kernel_trace.csv
[m[0;31mE20250901 20:33:12.207041 139764500539136 output_stream.cpp:105] Opened result file: ./profiles/standalone_attn_prefill_and_decode_tp8_prefill_then_decode1_8192_2_1024160_agent_info.csv
[m[0;33mW20250901 20:33:20.997795 139764500539136 tool.cpp:1902] rocprofv3_error_signal_handler caught signal 11...
[m# ---- Run standalone_attn_prefill_and_decode_tp8_prefill_then_decode1_8192_2_2048160 ----
INFO 09-01 20:33:26 [__init__.py:244] Automatically detected platform rocm.
[0;31mE20250901 20:33:44.984971 140396441786112 output_stream.cpp:105] Opened result file: ./profiles/standalone_attn_prefill_and_decode_tp8_prefill_then_decode1_8192_2_2048160_kernel_trace.csv
[m[0;31mE20250901 20:33:44.992056 140396441786112 output_stream.cpp:105] Opened result file: ./profiles/standalone_attn_prefill_and_decode_tp8_prefill_then_decode1_8192_2_2048160_agent_info.csv
[m[0;33mW20250901 20:33:53.896334 140396441786112 tool.cpp:1902] rocprofv3_error_signal_handler caught signal 11...
[m# ---- Run standalone_attn_prefill_and_decode_tp8_prefill_then_decode1_8192_2_4096160 ----
INFO 09-01 20:33:59 [__init__.py:244] Automatically detected platform rocm.
[0;31mE20250901 20:34:17.245663 139918076421888 output_stream.cpp:105] Opened result file: ./profiles/standalone_attn_prefill_and_decode_tp8_prefill_then_decode1_8192_2_4096160_kernel_trace.csv
[m[0;31mE20250901 20:34:17.252669 139918076421888 output_stream.cpp:105] Opened result file: ./profiles/standalone_attn_prefill_and_decode_tp8_prefill_then_decode1_8192_2_4096160_agent_info.csv
[m[0;33mW20250901 20:34:25.641834 139918076421888 tool.cpp:1902] rocprofv3_error_signal_handler caught signal 11...
[m# ---- Run standalone_attn_prefill_and_decode_tp8_prefill_then_decode1_8192_2_8192160 ----
INFO 09-01 20:34:31 [__init__.py:244] Automatically detected platform rocm.
[0;31mE20250901 20:34:49.305177 139660317521664 output_stream.cpp:105] Opened result file: ./profiles/standalone_attn_prefill_and_decode_tp8_prefill_then_decode1_8192_2_8192160_kernel_trace.csv
[m[0;31mE20250901 20:34:49.311917 139660317521664 output_stream.cpp:105] Opened result file: ./profiles/standalone_attn_prefill_and_decode_tp8_prefill_then_decode1_8192_2_8192160_agent_info.csv
[m[0;33mW20250901 20:34:58.213444 139660317521664 tool.cpp:1902] rocprofv3_error_signal_handler caught signal 11...
[m# ---- Run standalone_attn_prefill_and_decode_tp8_prefill_then_decode1_8192_4_256160 ----
INFO 09-01 20:35:04 [__init__.py:244] Automatically detected platform rocm.
[0;31mE20250901 20:35:21.811663 140692218234624 output_stream.cpp:105] Opened result file: ./profiles/standalone_attn_prefill_and_decode_tp8_prefill_then_decode1_8192_4_256160_kernel_trace.csv
[m[0;31mE20250901 20:35:21.818860 140692218234624 output_stream.cpp:105] Opened result file: ./profiles/standalone_attn_prefill_and_decode_tp8_prefill_then_decode1_8192_4_256160_agent_info.csv
[m[0;33mW20250901 20:35:30.401524 140692218234624 tool.cpp:1902] rocprofv3_error_signal_handler caught signal 11...
[m# ---- Run standalone_attn_prefill_and_decode_tp8_prefill_then_decode1_8192_4_512160 ----
INFO 09-01 20:35:36 [__init__.py:244] Automatically detected platform rocm.
[0;31mE20250901 20:35:53.737257 140552277219072 output_stream.cpp:105] Opened result file: ./profiles/standalone_attn_prefill_and_decode_tp8_prefill_then_decode1_8192_4_512160_kernel_trace.csv
[m[0;31mE20250901 20:35:53.744208 140552277219072 output_stream.cpp:105] Opened result file: ./profiles/standalone_attn_prefill_and_decode_tp8_prefill_then_decode1_8192_4_512160_agent_info.csv
[m[0;33mW20250901 20:36:02.334781 140552277219072 tool.cpp:1902] rocprofv3_error_signal_handler caught signal 11...
[m# ---- Run standalone_attn_prefill_and_decode_tp8_prefill_then_decode1_8192_4_1024160 ----
INFO 09-01 20:36:07 [__init__.py:244] Automatically detected platform rocm.
[0;31mE20250901 20:36:25.427695 140656096380672 output_stream.cpp:105] Opened result file: ./profiles/standalone_attn_prefill_and_decode_tp8_prefill_then_decode1_8192_4_1024160_kernel_trace.csv
[m[0;31mE20250901 20:36:25.434194 140656096380672 output_stream.cpp:105] Opened result file: ./profiles/standalone_attn_prefill_and_decode_tp8_prefill_then_decode1_8192_4_1024160_agent_info.csv
[m[0;33mW20250901 20:36:34.057764 140656096380672 tool.cpp:1902] rocprofv3_error_signal_handler caught signal 11...
[m# ---- Run standalone_attn_prefill_and_decode_tp8_prefill_then_decode1_8192_4_2048160 ----
INFO 09-01 20:36:39 [__init__.py:244] Automatically detected platform rocm.
[0;31mE20250901 20:36:57.857827 140697721284352 output_stream.cpp:105] Opened result file: ./profiles/standalone_attn_prefill_and_decode_tp8_prefill_then_decode1_8192_4_2048160_kernel_trace.csv
[m[0;31mE20250901 20:36:57.864629 140697721284352 output_stream.cpp:105] Opened result file: ./profiles/standalone_attn_prefill_and_decode_tp8_prefill_then_decode1_8192_4_2048160_agent_info.csv
[m[0;33mW20250901 20:37:06.430905 140697721284352 tool.cpp:1902] rocprofv3_error_signal_handler caught signal 11...
[m# ---- Run standalone_attn_prefill_and_decode_tp8_prefill_then_decode1_8192_4_4096160 ----
INFO 09-01 20:37:12 [__init__.py:244] Automatically detected platform rocm.
[0;31mE20250901 20:37:30.600037 140712034965248 output_stream.cpp:105] Opened result file: ./profiles/standalone_attn_prefill_and_decode_tp8_prefill_then_decode1_8192_4_4096160_kernel_trace.csv
[m[0;31mE20250901 20:37:30.607011 140712034965248 output_stream.cpp:105] Opened result file: ./profiles/standalone_attn_prefill_and_decode_tp8_prefill_then_decode1_8192_4_4096160_agent_info.csv
[m[0;33mW20250901 20:37:39.661364 140712034965248 tool.cpp:1902] rocprofv3_error_signal_handler caught signal 11...
[m# ---- Run standalone_attn_prefill_and_decode_tp8_prefill_then_decode1_8192_4_8192160 ----
INFO 09-01 20:37:46 [__init__.py:244] Automatically detected platform rocm.
[0;31mE20250901 20:38:06.635193 140416480016128 output_stream.cpp:105] Opened result file: ./profiles/standalone_attn_prefill_and_decode_tp8_prefill_then_decode1_8192_4_8192160_kernel_trace.csv
[m[0;31mE20250901 20:38:06.641183 140416480016128 output_stream.cpp:105] Opened result file: ./profiles/standalone_attn_prefill_and_decode_tp8_prefill_then_decode1_8192_4_8192160_agent_info.csv
[m[0;33mW20250901 20:38:15.396945 140416480016128 tool.cpp:1902] rocprofv3_error_signal_handler caught signal 11...
[m# ---- Run standalone_attn_prefill_and_decode_tp8_prefill_then_decode1_8192_8_256160 ----
INFO 09-01 20:38:21 [__init__.py:244] Automatically detected platform rocm.
[0;31mE20250901 20:38:39.572198 140080262731520 output_stream.cpp:105] Opened result file: ./profiles/standalone_attn_prefill_and_decode_tp8_prefill_then_decode1_8192_8_256160_kernel_trace.csv
[m[0;31mE20250901 20:38:39.578687 140080262731520 output_stream.cpp:105] Opened result file: ./profiles/standalone_attn_prefill_and_decode_tp8_prefill_then_decode1_8192_8_256160_agent_info.csv
[m[0;33mW20250901 20:38:48.576100 140080262731520 tool.cpp:1902] rocprofv3_error_signal_handler caught signal 11...
[m# ---- Run standalone_attn_prefill_and_decode_tp8_prefill_then_decode1_8192_8_512160 ----
INFO 09-01 20:38:54 [__init__.py:244] Automatically detected platform rocm.
[0;31mE20250901 20:39:12.442793 140370079577856 output_stream.cpp:105] Opened result file: ./profiles/standalone_attn_prefill_and_decode_tp8_prefill_then_decode1_8192_8_512160_kernel_trace.csv
[m[0;31mE20250901 20:39:12.449722 140370079577856 output_stream.cpp:105] Opened result file: ./profiles/standalone_attn_prefill_and_decode_tp8_prefill_then_decode1_8192_8_512160_agent_info.csv
[m[0;33mW20250901 20:39:21.695051 140370079577856 tool.cpp:1902] rocprofv3_error_signal_handler caught signal 11...
[m# ---- Run standalone_attn_prefill_and_decode_tp8_prefill_then_decode1_8192_8_1024160 ----
INFO 09-01 20:39:27 [__init__.py:244] Automatically detected platform rocm.
[0;31mE20250901 20:39:45.688951 140673736361728 output_stream.cpp:105] Opened result file: ./profiles/standalone_attn_prefill_and_decode_tp8_prefill_then_decode1_8192_8_1024160_kernel_trace.csv
[m[0;31mE20250901 20:39:45.695463 140673736361728 output_stream.cpp:105] Opened result file: ./profiles/standalone_attn_prefill_and_decode_tp8_prefill_then_decode1_8192_8_1024160_agent_info.csv
[m[0;33mW20250901 20:39:54.407683 140673736361728 tool.cpp:1902] rocprofv3_error_signal_handler caught signal 11...
[m# ---- Run standalone_attn_prefill_and_decode_tp8_prefill_then_decode1_8192_8_2048160 ----
INFO 09-01 20:40:00 [__init__.py:244] Automatically detected platform rocm.
[0;31mE20250901 20:40:18.112800 140033829553920 output_stream.cpp:105] Opened result file: ./profiles/standalone_attn_prefill_and_decode_tp8_prefill_then_decode1_8192_8_2048160_kernel_trace.csv
[m[0;31mE20250901 20:40:18.119607 140033829553920 output_stream.cpp:105] Opened result file: ./profiles/standalone_attn_prefill_and_decode_tp8_prefill_then_decode1_8192_8_2048160_agent_info.csv
[m[0;33mW20250901 20:40:26.916916 140033829553920 tool.cpp:1902] rocprofv3_error_signal_handler caught signal 11...
[m# ---- Run standalone_attn_prefill_and_decode_tp8_prefill_then_decode1_8192_8_4096160 ----
INFO 09-01 20:40:33 [__init__.py:244] Automatically detected platform rocm.
[0;31mE20250901 20:40:50.907763 140453133051648 output_stream.cpp:105] Opened result file: ./profiles/standalone_attn_prefill_and_decode_tp8_prefill_then_decode1_8192_8_4096160_kernel_trace.csv
[m[0;31mE20250901 20:40:50.914007 140453133051648 output_stream.cpp:105] Opened result file: ./profiles/standalone_attn_prefill_and_decode_tp8_prefill_then_decode1_8192_8_4096160_agent_info.csv
[m[0;33mW20250901 20:40:59.455188 140453133051648 tool.cpp:1902] rocprofv3_error_signal_handler caught signal 11...
[m# ---- Run standalone_attn_prefill_and_decode_tp8_prefill_then_decode1_8192_8_8192160 ----
INFO 09-01 20:41:05 [__init__.py:244] Automatically detected platform rocm.
[0;31mE20250901 20:41:23.293910 140649752925952 output_stream.cpp:105] Opened result file: ./profiles/standalone_attn_prefill_and_decode_tp8_prefill_then_decode1_8192_8_8192160_kernel_trace.csv
[m[0;31mE20250901 20:41:23.300124 140649752925952 output_stream.cpp:105] Opened result file: ./profiles/standalone_attn_prefill_and_decode_tp8_prefill_then_decode1_8192_8_8192160_agent_info.csv
[m[0;33mW20250901 20:41:31.943312 140649752925952 tool.cpp:1902] rocprofv3_error_signal_handler caught signal 11...
[m# ---- Run standalone_attn_prefill_and_decode_tp8_prefill_then_decode1_8192_16_256160 ----
INFO 09-01 20:41:37 [__init__.py:244] Automatically detected platform rocm.
[0;31mE20250901 20:41:56.055162 140488180836096 output_stream.cpp:105] Opened result file: ./profiles/standalone_attn_prefill_and_decode_tp8_prefill_then_decode1_8192_16_256160_kernel_trace.csv
[m[0;31mE20250901 20:41:56.061662 140488180836096 output_stream.cpp:105] Opened result file: ./profiles/standalone_attn_prefill_and_decode_tp8_prefill_then_decode1_8192_16_256160_agent_info.csv
[m[0;33mW20250901 20:42:04.741542 140488180836096 tool.cpp:1902] rocprofv3_error_signal_handler caught signal 11...
[m# ---- Run standalone_attn_prefill_and_decode_tp8_prefill_then_decode1_8192_16_512160 ----
INFO 09-01 20:42:11 [__init__.py:244] Automatically detected platform rocm.
[0;31mE20250901 20:42:31.119511 139888848271104 output_stream.cpp:105] Opened result file: ./profiles/standalone_attn_prefill_and_decode_tp8_prefill_then_decode1_8192_16_512160_kernel_trace.csv
[m[0;31mE20250901 20:42:31.125626 139888848271104 output_stream.cpp:105] Opened result file: ./profiles/standalone_attn_prefill_and_decode_tp8_prefill_then_decode1_8192_16_512160_agent_info.csv
[m[0;33mW20250901 20:42:39.962581 139888848271104 tool.cpp:1902] rocprofv3_error_signal_handler caught signal 11...
[m# ---- Run standalone_attn_prefill_and_decode_tp8_prefill_then_decode1_8192_16_1024160 ----
INFO 09-01 20:42:46 [__init__.py:244] Automatically detected platform rocm.
[0;31mE20250901 20:43:03.753025 139843579389696 output_stream.cpp:105] Opened result file: ./profiles/standalone_attn_prefill_and_decode_tp8_prefill_then_decode1_8192_16_1024160_kernel_trace.csv
[m[0;31mE20250901 20:43:03.759530 139843579389696 output_stream.cpp:105] Opened result file: ./profiles/standalone_attn_prefill_and_decode_tp8_prefill_then_decode1_8192_16_1024160_agent_info.csv
[m[0;33mW20250901 20:43:12.610554 139843579389696 tool.cpp:1902] rocprofv3_error_signal_handler caught signal 11...
[m# ---- Run standalone_attn_prefill_and_decode_tp8_prefill_then_decode1_8192_16_2048160 ----
INFO 09-01 20:43:18 [__init__.py:244] Automatically detected platform rocm.
[0;31mE20250901 20:43:36.240580 139693312767744 output_stream.cpp:105] Opened result file: ./profiles/standalone_attn_prefill_and_decode_tp8_prefill_then_decode1_8192_16_2048160_kernel_trace.csv
[m[0;31mE20250901 20:43:36.247432 139693312767744 output_stream.cpp:105] Opened result file: ./profiles/standalone_attn_prefill_and_decode_tp8_prefill_then_decode1_8192_16_2048160_agent_info.csv
[m[0;33mW20250901 20:43:45.149034 139693312767744 tool.cpp:1902] rocprofv3_error_signal_handler caught signal 11...
[m# ---- Run standalone_attn_prefill_and_decode_tp8_prefill_then_decode1_8192_16_4096160 ----
INFO 09-01 20:43:51 [__init__.py:244] Automatically detected platform rocm.
[0;31mE20250901 20:44:09.006286 140270700922624 output_stream.cpp:105] Opened result file: ./profiles/standalone_attn_prefill_and_decode_tp8_prefill_then_decode1_8192_16_4096160_kernel_trace.csv
[m[0;31mE20250901 20:44:09.012409 140270700922624 output_stream.cpp:105] Opened result file: ./profiles/standalone_attn_prefill_and_decode_tp8_prefill_then_decode1_8192_16_4096160_agent_info.csv
[m[0;33mW20250901 20:44:17.547226 140270700922624 tool.cpp:1902] rocprofv3_error_signal_handler caught signal 11...
[m# ---- Run standalone_attn_prefill_and_decode_tp8_prefill_then_decode1_8192_16_8192160 ----
INFO 09-01 20:44:23 [__init__.py:244] Automatically detected platform rocm.
[0;31mE20250901 20:44:41.659936 139921668294400 output_stream.cpp:105] Opened result file: ./profiles/standalone_attn_prefill_and_decode_tp8_prefill_then_decode1_8192_16_8192160_kernel_trace.csv
[m[0;31mE20250901 20:44:41.666182 139921668294400 output_stream.cpp:105] Opened result file: ./profiles/standalone_attn_prefill_and_decode_tp8_prefill_then_decode1_8192_16_8192160_agent_info.csv
[m[0;33mW20250901 20:44:50.664317 139921668294400 tool.cpp:1902] rocprofv3_error_signal_handler caught signal 11...
[m# ---- Run standalone_attn_prefill_and_decode_tp8_prefill_then_decode1_8192_32_256160 ----
INFO 09-01 20:44:56 [__init__.py:244] Automatically detected platform rocm.
[0;31mE20250901 20:45:14.909407 140249069299456 output_stream.cpp:105] Opened result file: ./profiles/standalone_attn_prefill_and_decode_tp8_prefill_then_decode1_8192_32_256160_kernel_trace.csv
[m[0;31mE20250901 20:45:14.915673 140249069299456 output_stream.cpp:105] Opened result file: ./profiles/standalone_attn_prefill_and_decode_tp8_prefill_then_decode1_8192_32_256160_agent_info.csv
[m[0;33mW20250901 20:45:23.646891 140249069299456 tool.cpp:1902] rocprofv3_error_signal_handler caught signal 11...
[m# ---- Run standalone_attn_prefill_and_decode_tp8_prefill_then_decode1_8192_32_512160 ----
INFO 09-01 20:45:29 [__init__.py:244] Automatically detected platform rocm.
[0;31mE20250901 20:45:48.322595 140713827292928 output_stream.cpp:105] Opened result file: ./profiles/standalone_attn_prefill_and_decode_tp8_prefill_then_decode1_8192_32_512160_kernel_trace.csv
[m[0;31mE20250901 20:45:48.328757 140713827292928 output_stream.cpp:105] Opened result file: ./profiles/standalone_attn_prefill_and_decode_tp8_prefill_then_decode1_8192_32_512160_agent_info.csv
[m[0;33mW20250901 20:45:57.083024 140713827292928 tool.cpp:1902] rocprofv3_error_signal_handler caught signal 11...
[m# ---- Run standalone_attn_prefill_and_decode_tp8_prefill_then_decode1_8192_32_1024160 ----
INFO 09-01 20:46:03 [__init__.py:244] Automatically detected platform rocm.
[0;31mE20250901 20:46:21.288114 139848208107264 output_stream.cpp:105] Opened result file: ./profiles/standalone_attn_prefill_and_decode_tp8_prefill_then_decode1_8192_32_1024160_kernel_trace.csv
[m[0;31mE20250901 20:46:21.294093 139848208107264 output_stream.cpp:105] Opened result file: ./profiles/standalone_attn_prefill_and_decode_tp8_prefill_then_decode1_8192_32_1024160_agent_info.csv
[m[0;33mW20250901 20:46:30.151871 139848208107264 tool.cpp:1902] rocprofv3_error_signal_handler caught signal 11...
[m# ---- Run standalone_attn_prefill_and_decode_tp8_prefill_then_decode1_8192_32_2048160 ----
INFO 09-01 20:46:36 [__init__.py:244] Automatically detected platform rocm.
[0;31mE20250901 20:46:54.618506 140119427942144 output_stream.cpp:105] Opened result file: ./profiles/standalone_attn_prefill_and_decode_tp8_prefill_then_decode1_8192_32_2048160_kernel_trace.csv
[m[0;31mE20250901 20:46:54.624678 140119427942144 output_stream.cpp:105] Opened result file: ./profiles/standalone_attn_prefill_and_decode_tp8_prefill_then_decode1_8192_32_2048160_agent_info.csv
[m[0;33mW20250901 20:47:03.773662 140119427942144 tool.cpp:1902] rocprofv3_error_signal_handler caught signal 11...
[m# ---- Run standalone_attn_prefill_and_decode_tp8_prefill_then_decode1_8192_32_4096160 ----
INFO 09-01 20:47:09 [__init__.py:244] Automatically detected platform rocm.
[0;31mE20250901 20:47:28.937335 140057214428928 output_stream.cpp:105] Opened result file: ./profiles/standalone_attn_prefill_and_decode_tp8_prefill_then_decode1_8192_32_4096160_kernel_trace.csv
[m[0;31mE20250901 20:47:28.943638 140057214428928 output_stream.cpp:105] Opened result file: ./profiles/standalone_attn_prefill_and_decode_tp8_prefill_then_decode1_8192_32_4096160_agent_info.csv
[m[0;33mW20250901 20:47:38.750024 140057214428928 tool.cpp:1902] rocprofv3_error_signal_handler caught signal 11...
[m# ---- Run standalone_attn_prefill_and_decode_tp8_prefill_then_decode1_8192_32_8192160 ----
INFO 09-01 20:47:45 [__init__.py:244] Automatically detected platform rocm.
[0;31mE20250901 20:48:03.315225 140694180804352 output_stream.cpp:105] Opened result file: ./profiles/standalone_attn_prefill_and_decode_tp8_prefill_then_decode1_8192_32_8192160_kernel_trace.csv
[m[0;31mE20250901 20:48:03.321440 140694180804352 output_stream.cpp:105] Opened result file: ./profiles/standalone_attn_prefill_and_decode_tp8_prefill_then_decode1_8192_32_8192160_agent_info.csv
[m[0;33mW20250901 20:48:12.317793 140694180804352 tool.cpp:1902] rocprofv3_error_signal_handler caught signal 11...
[m# ---- Run standalone_attn_prefill_and_decode_tp8_prefill_then_decode1_8192_64_256160 ----
INFO 09-01 20:48:18 [__init__.py:244] Automatically detected platform rocm.
[0;31mE20250901 20:48:36.267122 140077393647360 output_stream.cpp:105] Opened result file: ./profiles/standalone_attn_prefill_and_decode_tp8_prefill_then_decode1_8192_64_256160_kernel_trace.csv
[m[0;31mE20250901 20:48:36.273421 140077393647360 output_stream.cpp:105] Opened result file: ./profiles/standalone_attn_prefill_and_decode_tp8_prefill_then_decode1_8192_64_256160_agent_info.csv
[m[0;33mW20250901 20:48:45.009925 140077393647360 tool.cpp:1902] rocprofv3_error_signal_handler caught signal 11...
[m# ---- Run standalone_attn_prefill_and_decode_tp8_prefill_then_decode1_8192_64_512160 ----
INFO 09-01 20:48:51 [__init__.py:244] Automatically detected platform rocm.
[0;31mE20250901 20:49:08.861008 139908835313408 output_stream.cpp:105] Opened result file: ./profiles/standalone_attn_prefill_and_decode_tp8_prefill_then_decode1_8192_64_512160_kernel_trace.csv
[m[0;31mE20250901 20:49:08.867269 139908835313408 output_stream.cpp:105] Opened result file: ./profiles/standalone_attn_prefill_and_decode_tp8_prefill_then_decode1_8192_64_512160_agent_info.csv
[m[0;33mW20250901 20:49:17.359076 139908835313408 tool.cpp:1902] rocprofv3_error_signal_handler caught signal 11...
[m# ---- Run standalone_attn_prefill_and_decode_tp8_prefill_then_decode1_8192_64_1024160 ----
INFO 09-01 20:49:23 [__init__.py:244] Automatically detected platform rocm.
[0;31mE20250901 20:49:43.823517 140143834064640 output_stream.cpp:105] Opened result file: ./profiles/standalone_attn_prefill_and_decode_tp8_prefill_then_decode1_8192_64_1024160_kernel_trace.csv
[m[0;31mE20250901 20:49:43.830378 140143834064640 output_stream.cpp:105] Opened result file: ./profiles/standalone_attn_prefill_and_decode_tp8_prefill_then_decode1_8192_64_1024160_agent_info.csv
[m[0;33mW20250901 20:49:53.139708 140143834064640 tool.cpp:1902] rocprofv3_error_signal_handler caught signal 11...
[m# ---- Run standalone_attn_prefill_and_decode_tp8_prefill_then_decode1_8192_64_2048160 ----
INFO 09-01 20:50:00 [__init__.py:244] Automatically detected platform rocm.
[0;31mE20250901 20:50:19.311841 140696419092224 output_stream.cpp:105] Opened result file: ./profiles/standalone_attn_prefill_and_decode_tp8_prefill_then_decode1_8192_64_2048160_kernel_trace.csv
[m[0;31mE20250901 20:50:19.318376 140696419092224 output_stream.cpp:105] Opened result file: ./profiles/standalone_attn_prefill_and_decode_tp8_prefill_then_decode1_8192_64_2048160_agent_info.csv
[m[0;33mW20250901 20:50:28.511830 140696419092224 tool.cpp:1902] rocprofv3_error_signal_handler caught signal 11...
[m# ---- Run standalone_attn_prefill_and_decode_tp8_prefill_then_decode1_8192_64_4096160 ----
INFO 09-01 20:50:34 [__init__.py:244] Automatically detected platform rocm.
[0;31mE20250901 20:50:53.833966 139651679057664 output_stream.cpp:105] Opened result file: ./profiles/standalone_attn_prefill_and_decode_tp8_prefill_then_decode1_8192_64_4096160_kernel_trace.csv
[m[0;31mE20250901 20:50:53.840469 139651679057664 output_stream.cpp:105] Opened result file: ./profiles/standalone_attn_prefill_and_decode_tp8_prefill_then_decode1_8192_64_4096160_agent_info.csv
[m[0;33mW20250901 20:51:03.483576 139651679057664 tool.cpp:1902] rocprofv3_error_signal_handler caught signal 11...
[m# ---- Run standalone_attn_prefill_and_decode_tp8_prefill_then_decode1_8192_64_8192160 ----
INFO 09-01 20:51:09 [__init__.py:244] Automatically detected platform rocm.
[0;31mE20250901 20:51:27.950468 139656230557440 output_stream.cpp:105] Opened result file: ./profiles/standalone_attn_prefill_and_decode_tp8_prefill_then_decode1_8192_64_8192160_kernel_trace.csv
[m[0;31mE20250901 20:51:27.957020 139656230557440 output_stream.cpp:105] Opened result file: ./profiles/standalone_attn_prefill_and_decode_tp8_prefill_then_decode1_8192_64_8192160_agent_info.csv
[m[0;33mW20250901 20:51:37.157716 139656230557440 tool.cpp:1902] rocprofv3_error_signal_handler caught signal 11...
[m# ---- Run standalone_attn_prefill_and_decode_tp8_prefill_then_decode1_8192_128_256160 ----
INFO 09-01 20:51:43 [__init__.py:244] Automatically detected platform rocm.
[0;31mE20250901 20:52:00.768662 139822018352896 output_stream.cpp:105] Opened result file: ./profiles/standalone_attn_prefill_and_decode_tp8_prefill_then_decode1_8192_128_256160_kernel_trace.csv
[m[0;31mE20250901 20:52:00.775666 139822018352896 output_stream.cpp:105] Opened result file: ./profiles/standalone_attn_prefill_and_decode_tp8_prefill_then_decode1_8192_128_256160_agent_info.csv
[m[0;33mW20250901 20:52:09.541690 139822018352896 tool.cpp:1902] rocprofv3_error_signal_handler caught signal 11...
[m# ---- Run standalone_attn_prefill_and_decode_tp8_prefill_then_decode1_8192_128_512160 ----
INFO 09-01 20:52:15 [__init__.py:244] Automatically detected platform rocm.
[0;31mE20250901 20:52:32.387335 140206402807552 output_stream.cpp:105] Opened result file: ./profiles/standalone_attn_prefill_and_decode_tp8_prefill_then_decode1_8192_128_512160_kernel_trace.csv
[m[0;31mE20250901 20:52:32.393622 140206402807552 output_stream.cpp:105] Opened result file: ./profiles/standalone_attn_prefill_and_decode_tp8_prefill_then_decode1_8192_128_512160_agent_info.csv
[m[0;33mW20250901 20:52:41.828248 140206402807552 tool.cpp:1902] rocprofv3_error_signal_handler caught signal 11...
[m# ---- Run standalone_attn_prefill_and_decode_tp8_prefill_then_decode1_8192_128_1024160 ----
INFO 09-01 20:52:47 [__init__.py:244] Automatically detected platform rocm.
[0;31mE20250901 20:53:04.715073 140008795571968 output_stream.cpp:105] Opened result file: ./profiles/standalone_attn_prefill_and_decode_tp8_prefill_then_decode1_8192_128_1024160_kernel_trace.csv
[m[0;31mE20250901 20:53:04.721136 140008795571968 output_stream.cpp:105] Opened result file: ./profiles/standalone_attn_prefill_and_decode_tp8_prefill_then_decode1_8192_128_1024160_agent_info.csv
[m[0;33mW20250901 20:53:14.064169 140008795571968 tool.cpp:1902] rocprofv3_error_signal_handler caught signal 11...
[m# ---- Run standalone_attn_prefill_and_decode_tp8_prefill_then_decode1_8192_128_2048160 ----
INFO 09-01 20:53:20 [__init__.py:244] Automatically detected platform rocm.
[0;31mE20250901 20:53:37.121145 140041850611456 output_stream.cpp:105] Opened result file: ./profiles/standalone_attn_prefill_and_decode_tp8_prefill_then_decode1_8192_128_2048160_kernel_trace.csv
[m[0;31mE20250901 20:53:37.127459 140041850611456 output_stream.cpp:105] Opened result file: ./profiles/standalone_attn_prefill_and_decode_tp8_prefill_then_decode1_8192_128_2048160_agent_info.csv
[m[0;33mW20250901 20:53:46.359656 140041850611456 tool.cpp:1902] rocprofv3_error_signal_handler caught signal 11...
[m# ---- Run standalone_attn_prefill_and_decode_tp8_prefill_then_decode1_8192_128_4096160 ----
INFO 09-01 20:53:53 [__init__.py:244] Automatically detected platform rocm.
[0;31mE20250901 20:54:12.011216 140016570365696 output_stream.cpp:105] Opened result file: ./profiles/standalone_attn_prefill_and_decode_tp8_prefill_then_decode1_8192_128_4096160_kernel_trace.csv
[m[0;31mE20250901 20:54:12.018951 140016570365696 output_stream.cpp:105] Opened result file: ./profiles/standalone_attn_prefill_and_decode_tp8_prefill_then_decode1_8192_128_4096160_agent_info.csv
[m[0;33mW20250901 20:54:21.170043 140016570365696 tool.cpp:1902] rocprofv3_error_signal_handler caught signal 11...
[m# ---- Run standalone_attn_prefill_and_decode_tp8_prefill_then_decode1_8192_128_8192160 ----
INFO 09-01 20:54:28 [__init__.py:244] Automatically detected platform rocm.
[0;31mE20250901 20:54:47.315166 139913055958784 output_stream.cpp:105] Opened result file: ./profiles/standalone_attn_prefill_and_decode_tp8_prefill_then_decode1_8192_128_8192160_kernel_trace.csv
[m[0;31mE20250901 20:54:47.321348 139913055958784 output_stream.cpp:105] Opened result file: ./profiles/standalone_attn_prefill_and_decode_tp8_prefill_then_decode1_8192_128_8192160_agent_info.csv
[m[0;33mW20250901 20:54:56.142360 139913055958784 tool.cpp:1902] rocprofv3_error_signal_handler caught signal 11...
[m# ---- Run standalone_attn_prefill_and_decode_tp8_prefill_then_decode4_256_1_256160 ----
INFO 09-01 20:55:02 [__init__.py:244] Automatically detected platform rocm.
[0;31mE20250901 20:55:20.670540 139686439597824 output_stream.cpp:105] Opened result file: ./profiles/standalone_attn_prefill_and_decode_tp8_prefill_then_decode4_256_1_256160_kernel_trace.csv
[m[0;31mE20250901 20:55:20.676983 139686439597824 output_stream.cpp:105] Opened result file: ./profiles/standalone_attn_prefill_and_decode_tp8_prefill_then_decode4_256_1_256160_agent_info.csv
[m[0;33mW20250901 20:55:29.489981 139686439597824 tool.cpp:1902] rocprofv3_error_signal_handler caught signal 11...
[m# ---- Run standalone_attn_prefill_and_decode_tp8_prefill_then_decode4_256_1_512160 ----
INFO 09-01 20:55:35 [__init__.py:244] Automatically detected platform rocm.
[0;31mE20250901 20:55:53.813239 140047161194240 output_stream.cpp:105] Opened result file: ./profiles/standalone_attn_prefill_and_decode_tp8_prefill_then_decode4_256_1_512160_kernel_trace.csv
[m[0;31mE20250901 20:55:53.819372 140047161194240 output_stream.cpp:105] Opened result file: ./profiles/standalone_attn_prefill_and_decode_tp8_prefill_then_decode4_256_1_512160_agent_info.csv
[m[0;33mW20250901 20:56:02.506715 140047161194240 tool.cpp:1902] rocprofv3_error_signal_handler caught signal 11...
[m# ---- Run standalone_attn_prefill_and_decode_tp8_prefill_then_decode4_256_1_1024160 ----
INFO 09-01 20:56:09 [__init__.py:244] Automatically detected platform rocm.
[0;31mE20250901 20:56:28.286582 140699967379200 output_stream.cpp:105] Opened result file: ./profiles/standalone_attn_prefill_and_decode_tp8_prefill_then_decode4_256_1_1024160_kernel_trace.csv
[m[0;31mE20250901 20:56:28.293084 140699967379200 output_stream.cpp:105] Opened result file: ./profiles/standalone_attn_prefill_and_decode_tp8_prefill_then_decode4_256_1_1024160_agent_info.csv
[m[0;33mW20250901 20:56:37.466428 140699967379200 tool.cpp:1902] rocprofv3_error_signal_handler caught signal 11...
[m# ---- Run standalone_attn_prefill_and_decode_tp8_prefill_then_decode4_256_1_2048160 ----
INFO 09-01 20:56:43 [__init__.py:244] Automatically detected platform rocm.
[0;31mE20250901 20:57:00.753201 140201549768448 output_stream.cpp:105] Opened result file: ./profiles/standalone_attn_prefill_and_decode_tp8_prefill_then_decode4_256_1_2048160_kernel_trace.csv
[m[0;31mE20250901 20:57:00.759544 140201549768448 output_stream.cpp:105] Opened result file: ./profiles/standalone_attn_prefill_and_decode_tp8_prefill_then_decode4_256_1_2048160_agent_info.csv
[m[0;33mW20250901 20:57:09.154802 140201549768448 tool.cpp:1902] rocprofv3_error_signal_handler caught signal 11...
[m# ---- Run standalone_attn_prefill_and_decode_tp8_prefill_then_decode4_256_1_4096160 ----
INFO 09-01 20:57:15 [__init__.py:244] Automatically detected platform rocm.
[0;31mE20250901 20:57:32.821924 140178492962560 output_stream.cpp:105] Opened result file: ./profiles/standalone_attn_prefill_and_decode_tp8_prefill_then_decode4_256_1_4096160_kernel_trace.csv
[m[0;31mE20250901 20:57:32.828094 140178492962560 output_stream.cpp:105] Opened result file: ./profiles/standalone_attn_prefill_and_decode_tp8_prefill_then_decode4_256_1_4096160_agent_info.csv
[m[0;33mW20250901 20:57:41.779085 140178492962560 tool.cpp:1902] rocprofv3_error_signal_handler caught signal 11...
[m# ---- Run standalone_attn_prefill_and_decode_tp8_prefill_then_decode4_256_1_8192160 ----
INFO 09-01 20:57:47 [__init__.py:244] Automatically detected platform rocm.
[0;31mE20250901 20:58:05.368210 140537947559680 output_stream.cpp:105] Opened result file: ./profiles/standalone_attn_prefill_and_decode_tp8_prefill_then_decode4_256_1_8192160_kernel_trace.csv
[m[0;31mE20250901 20:58:05.374416 140537947559680 output_stream.cpp:105] Opened result file: ./profiles/standalone_attn_prefill_and_decode_tp8_prefill_then_decode4_256_1_8192160_agent_info.csv
[m[0;33mW20250901 20:58:13.814343 140537947559680 tool.cpp:1902] rocprofv3_error_signal_handler caught signal 11...
[m# ---- Run standalone_attn_prefill_and_decode_tp8_prefill_then_decode4_256_2_256160 ----
INFO 09-01 20:58:19 [__init__.py:244] Automatically detected platform rocm.
[0;31mE20250901 20:58:37.380518 140516977526528 output_stream.cpp:105] Opened result file: ./profiles/standalone_attn_prefill_and_decode_tp8_prefill_then_decode4_256_2_256160_kernel_trace.csv
[m[0;31mE20250901 20:58:37.387240 140516977526528 output_stream.cpp:105] Opened result file: ./profiles/standalone_attn_prefill_and_decode_tp8_prefill_then_decode4_256_2_256160_agent_info.csv
[m[0;33mW20250901 20:58:46.553887 140516977526528 tool.cpp:1902] rocprofv3_error_signal_handler caught signal 11...
[m# ---- Run standalone_attn_prefill_and_decode_tp8_prefill_then_decode4_256_2_512160 ----
INFO 09-01 20:58:52 [__init__.py:244] Automatically detected platform rocm.
[0;31mE20250901 20:59:10.001241 140178736822016 output_stream.cpp:105] Opened result file: ./profiles/standalone_attn_prefill_and_decode_tp8_prefill_then_decode4_256_2_512160_kernel_trace.csv
[m[0;31mE20250901 20:59:10.007804 140178736822016 output_stream.cpp:105] Opened result file: ./profiles/standalone_attn_prefill_and_decode_tp8_prefill_then_decode4_256_2_512160_agent_info.csv
[m[0;33mW20250901 20:59:18.808486 140178736822016 tool.cpp:1902] rocprofv3_error_signal_handler caught signal 11...
[m# ---- Run standalone_attn_prefill_and_decode_tp8_prefill_then_decode4_256_2_1024160 ----
INFO 09-01 20:59:24 [__init__.py:244] Automatically detected platform rocm.
[0;31mE20250901 20:59:41.812995 139711323268864 output_stream.cpp:105] Opened result file: ./profiles/standalone_attn_prefill_and_decode_tp8_prefill_then_decode4_256_2_1024160_kernel_trace.csv
[m[0;31mE20250901 20:59:41.819225 139711323268864 output_stream.cpp:105] Opened result file: ./profiles/standalone_attn_prefill_and_decode_tp8_prefill_then_decode4_256_2_1024160_agent_info.csv
[m[0;33mW20250901 20:59:50.685551 139711323268864 tool.cpp:1902] rocprofv3_error_signal_handler caught signal 11...
[m# ---- Run standalone_attn_prefill_and_decode_tp8_prefill_then_decode4_256_2_2048160 ----
INFO 09-01 20:59:56 [__init__.py:244] Automatically detected platform rocm.
[0;31mE20250901 21:00:13.945268 140095642408704 output_stream.cpp:105] Opened result file: ./profiles/standalone_attn_prefill_and_decode_tp8_prefill_then_decode4_256_2_2048160_kernel_trace.csv
[m[0;31mE20250901 21:00:13.951473 140095642408704 output_stream.cpp:105] Opened result file: ./profiles/standalone_attn_prefill_and_decode_tp8_prefill_then_decode4_256_2_2048160_agent_info.csv
[m[0;33mW20250901 21:00:22.955345 140095642408704 tool.cpp:1902] rocprofv3_error_signal_handler caught signal 11...
[m# ---- Run standalone_attn_prefill_and_decode_tp8_prefill_then_decode4_256_2_4096160 ----
INFO 09-01 21:00:28 [__init__.py:244] Automatically detected platform rocm.
[0;31mE20250901 21:00:46.220580 140381197145856 output_stream.cpp:105] Opened result file: ./profiles/standalone_attn_prefill_and_decode_tp8_prefill_then_decode4_256_2_4096160_kernel_trace.csv
[m[0;31mE20250901 21:00:46.227178 140381197145856 output_stream.cpp:105] Opened result file: ./profiles/standalone_attn_prefill_and_decode_tp8_prefill_then_decode4_256_2_4096160_agent_info.csv
[m[0;33mW20250901 21:00:54.814879 140381197145856 tool.cpp:1902] rocprofv3_error_signal_handler caught signal 11...
[m# ---- Run standalone_attn_prefill_and_decode_tp8_prefill_then_decode4_256_2_8192160 ----
INFO 09-01 21:01:00 [__init__.py:244] Automatically detected platform rocm.
[0;31mE20250901 21:01:18.664228 139621686609664 output_stream.cpp:105] Opened result file: ./profiles/standalone_attn_prefill_and_decode_tp8_prefill_then_decode4_256_2_8192160_kernel_trace.csv
[m[0;31mE20250901 21:01:18.670729 139621686609664 output_stream.cpp:105] Opened result file: ./profiles/standalone_attn_prefill_and_decode_tp8_prefill_then_decode4_256_2_8192160_agent_info.csv
[m[0;33mW20250901 21:01:27.189861 139621686609664 tool.cpp:1902] rocprofv3_error_signal_handler caught signal 11...
[m# ---- Run standalone_attn_prefill_and_decode_tp8_prefill_then_decode4_256_4_256160 ----
INFO 09-01 21:01:33 [__init__.py:244] Automatically detected platform rocm.
[0;31mE20250901 21:01:51.714565 139728476194560 output_stream.cpp:105] Opened result file: ./profiles/standalone_attn_prefill_and_decode_tp8_prefill_then_decode4_256_4_256160_kernel_trace.csv
[m[0;31mE20250901 21:01:51.721246 139728476194560 output_stream.cpp:105] Opened result file: ./profiles/standalone_attn_prefill_and_decode_tp8_prefill_then_decode4_256_4_256160_agent_info.csv
[m[0;33mW20250901 21:02:00.534818 139728476194560 tool.cpp:1902] rocprofv3_error_signal_handler caught signal 11...
[m# ---- Run standalone_attn_prefill_and_decode_tp8_prefill_then_decode4_256_4_512160 ----
INFO 09-01 21:02:06 [__init__.py:244] Automatically detected platform rocm.
[0;31mE20250901 21:02:25.573080 140448546768640 output_stream.cpp:105] Opened result file: ./profiles/standalone_attn_prefill_and_decode_tp8_prefill_then_decode4_256_4_512160_kernel_trace.csv
[m[0;31mE20250901 21:02:25.579683 140448546768640 output_stream.cpp:105] Opened result file: ./profiles/standalone_attn_prefill_and_decode_tp8_prefill_then_decode4_256_4_512160_agent_info.csv
[m[0;33mW20250901 21:02:34.054928 140448546768640 tool.cpp:1902] rocprofv3_error_signal_handler caught signal 11...
[m# ---- Run standalone_attn_prefill_and_decode_tp8_prefill_then_decode4_256_4_1024160 ----
INFO 09-01 21:02:40 [__init__.py:244] Automatically detected platform rocm.
[0;31mE20250901 21:02:58.164922 140142884767488 output_stream.cpp:105] Opened result file: ./profiles/standalone_attn_prefill_and_decode_tp8_prefill_then_decode4_256_4_1024160_kernel_trace.csv
[m[0;31mE20250901 21:02:58.172014 140142884767488 output_stream.cpp:105] Opened result file: ./profiles/standalone_attn_prefill_and_decode_tp8_prefill_then_decode4_256_4_1024160_agent_info.csv
[m[0;33mW20250901 21:03:07.262678 140142884767488 tool.cpp:1902] rocprofv3_error_signal_handler caught signal 11...
[m# ---- Run standalone_attn_prefill_and_decode_tp8_prefill_then_decode4_256_4_2048160 ----
INFO 09-01 21:03:13 [__init__.py:244] Automatically detected platform rocm.
[0;31mE20250901 21:03:31.542502 139940853405440 output_stream.cpp:105] Opened result file: ./profiles/standalone_attn_prefill_and_decode_tp8_prefill_then_decode4_256_4_2048160_kernel_trace.csv
[m[0;31mE20250901 21:03:31.550334 139940853405440 output_stream.cpp:105] Opened result file: ./profiles/standalone_attn_prefill_and_decode_tp8_prefill_then_decode4_256_4_2048160_agent_info.csv
[m[0;33mW20250901 21:03:40.867079 139940853405440 tool.cpp:1902] rocprofv3_error_signal_handler caught signal 11...
[m# ---- Run standalone_attn_prefill_and_decode_tp8_prefill_then_decode4_256_4_4096160 ----
INFO 09-01 21:03:47 [__init__.py:244] Automatically detected platform rocm.
[0;31mE20250901 21:04:08.234193 140232366577408 output_stream.cpp:105] Opened result file: ./profiles/standalone_attn_prefill_and_decode_tp8_prefill_then_decode4_256_4_4096160_kernel_trace.csv
[m[0;31mE20250901 21:04:08.241967 140232366577408 output_stream.cpp:105] Opened result file: ./profiles/standalone_attn_prefill_and_decode_tp8_prefill_then_decode4_256_4_4096160_agent_info.csv
[m[0;33mW20250901 21:04:17.819755 140232366577408 tool.cpp:1902] rocprofv3_error_signal_handler caught signal 11...
[m# ---- Run standalone_attn_prefill_and_decode_tp8_prefill_then_decode4_256_4_8192160 ----
INFO 09-01 21:04:25 [__init__.py:244] Automatically detected platform rocm.
[0;31mE20250901 21:04:47.764474 140101714675456 output_stream.cpp:105] Opened result file: ./profiles/standalone_attn_prefill_and_decode_tp8_prefill_then_decode4_256_4_8192160_kernel_trace.csv
[m[0;31mE20250901 21:04:47.771565 140101714675456 output_stream.cpp:105] Opened result file: ./profiles/standalone_attn_prefill_and_decode_tp8_prefill_then_decode4_256_4_8192160_agent_info.csv
[m[0;33mW20250901 21:04:57.767389 140101714675456 tool.cpp:1902] rocprofv3_error_signal_handler caught signal 11...
[m# ---- Run standalone_attn_prefill_and_decode_tp8_prefill_then_decode4_256_8_256160 ----
INFO 09-01 21:05:05 [__init__.py:244] Automatically detected platform rocm.
[0;31mE20250901 21:05:24.682563 140625653896960 output_stream.cpp:105] Opened result file: ./profiles/standalone_attn_prefill_and_decode_tp8_prefill_then_decode4_256_8_256160_kernel_trace.csv
[m[0;31mE20250901 21:05:24.688667 140625653896960 output_stream.cpp:105] Opened result file: ./profiles/standalone_attn_prefill_and_decode_tp8_prefill_then_decode4_256_8_256160_agent_info.csv
[m[0;33mW20250901 21:05:33.390238 140625653896960 tool.cpp:1902] rocprofv3_error_signal_handler caught signal 11...
[m# ---- Run standalone_attn_prefill_and_decode_tp8_prefill_then_decode4_256_8_512160 ----
INFO 09-01 21:05:39 [__init__.py:244] Automatically detected platform rocm.
[0;31mE20250901 21:05:57.187414 140316018931456 output_stream.cpp:105] Opened result file: ./profiles/standalone_attn_prefill_and_decode_tp8_prefill_then_decode4_256_8_512160_kernel_trace.csv
[m[0;31mE20250901 21:05:57.193861 140316018931456 output_stream.cpp:105] Opened result file: ./profiles/standalone_attn_prefill_and_decode_tp8_prefill_then_decode4_256_8_512160_agent_info.csv
[m[0;33mW20250901 21:06:05.803021 140316018931456 tool.cpp:1902] rocprofv3_error_signal_handler caught signal 11...
[m# ---- Run standalone_attn_prefill_and_decode_tp8_prefill_then_decode4_256_8_1024160 ----
INFO 09-01 21:06:11 [__init__.py:244] Automatically detected platform rocm.
[0;31mE20250901 21:06:29.190938 139742183327488 output_stream.cpp:105] Opened result file: ./profiles/standalone_attn_prefill_and_decode_tp8_prefill_then_decode4_256_8_1024160_kernel_trace.csv
[m[0;31mE20250901 21:06:29.197496 139742183327488 output_stream.cpp:105] Opened result file: ./profiles/standalone_attn_prefill_and_decode_tp8_prefill_then_decode4_256_8_1024160_agent_info.csv
[m[0;33mW20250901 21:06:37.835672 139742183327488 tool.cpp:1902] rocprofv3_error_signal_handler caught signal 11...
[m# ---- Run standalone_attn_prefill_and_decode_tp8_prefill_then_decode4_256_8_2048160 ----
INFO 09-01 21:06:43 [__init__.py:244] Automatically detected platform rocm.
[0;31mE20250901 21:07:01.654397 139800237061888 output_stream.cpp:105] Opened result file: ./profiles/standalone_attn_prefill_and_decode_tp8_prefill_then_decode4_256_8_2048160_kernel_trace.csv
[m[0;31mE20250901 21:07:01.661012 139800237061888 output_stream.cpp:105] Opened result file: ./profiles/standalone_attn_prefill_and_decode_tp8_prefill_then_decode4_256_8_2048160_agent_info.csv
[m[0;33mW20250901 21:07:10.625588 139800237061888 tool.cpp:1902] rocprofv3_error_signal_handler caught signal 11...
[m# ---- Run standalone_attn_prefill_and_decode_tp8_prefill_then_decode4_256_8_4096160 ----
INFO 09-01 21:07:16 [__init__.py:244] Automatically detected platform rocm.
[0;31mE20250901 21:07:34.106287 139668366202624 output_stream.cpp:105] Opened result file: ./profiles/standalone_attn_prefill_and_decode_tp8_prefill_then_decode4_256_8_4096160_kernel_trace.csv
[m[0;31mE20250901 21:07:34.112835 139668366202624 output_stream.cpp:105] Opened result file: ./profiles/standalone_attn_prefill_and_decode_tp8_prefill_then_decode4_256_8_4096160_agent_info.csv
[m[0;33mW20250901 21:07:42.956147 139668366202624 tool.cpp:1902] rocprofv3_error_signal_handler caught signal 11...
[m# ---- Run standalone_attn_prefill_and_decode_tp8_prefill_then_decode4_256_8_8192160 ----
INFO 09-01 21:07:48 [__init__.py:244] Automatically detected platform rocm.
[0;31mE20250901 21:08:06.373161 139890178938624 output_stream.cpp:105] Opened result file: ./profiles/standalone_attn_prefill_and_decode_tp8_prefill_then_decode4_256_8_8192160_kernel_trace.csv
[m[0;31mE20250901 21:08:06.379887 139890178938624 output_stream.cpp:105] Opened result file: ./profiles/standalone_attn_prefill_and_decode_tp8_prefill_then_decode4_256_8_8192160_agent_info.csv
[m[0;33mW20250901 21:08:15.683838 139890178938624 tool.cpp:1902] rocprofv3_error_signal_handler caught signal 11...
[m# ---- Run standalone_attn_prefill_and_decode_tp8_prefill_then_decode4_256_16_256160 ----
INFO 09-01 21:08:21 [__init__.py:244] Automatically detected platform rocm.
[0;31mE20250901 21:08:40.698425 140456753645312 output_stream.cpp:105] Opened result file: ./profiles/standalone_attn_prefill_and_decode_tp8_prefill_then_decode4_256_16_256160_kernel_trace.csv
[m[0;31mE20250901 21:08:40.705614 140456753645312 output_stream.cpp:105] Opened result file: ./profiles/standalone_attn_prefill_and_decode_tp8_prefill_then_decode4_256_16_256160_agent_info.csv
[m[0;33mW20250901 21:08:49.678053 140456753645312 tool.cpp:1902] rocprofv3_error_signal_handler caught signal 11...
[m# ---- Run standalone_attn_prefill_and_decode_tp8_prefill_then_decode4_256_16_512160 ----
INFO 09-01 21:08:55 [__init__.py:244] Automatically detected platform rocm.
[0;31mE20250901 21:09:15.039505 140325074011904 output_stream.cpp:105] Opened result file: ./profiles/standalone_attn_prefill_and_decode_tp8_prefill_then_decode4_256_16_512160_kernel_trace.csv
[m[0;31mE20250901 21:09:15.046858 140325074011904 output_stream.cpp:105] Opened result file: ./profiles/standalone_attn_prefill_and_decode_tp8_prefill_then_decode4_256_16_512160_agent_info.csv
[m[0;33mW20250901 21:09:24.243880 140325074011904 tool.cpp:1902] rocprofv3_error_signal_handler caught signal 11...
[m# ---- Run standalone_attn_prefill_and_decode_tp8_prefill_then_decode4_256_16_1024160 ----
INFO 09-01 21:09:31 [__init__.py:244] Automatically detected platform rocm.
[0;31mE20250901 21:09:52.987349 140173627062016 output_stream.cpp:105] Opened result file: ./profiles/standalone_attn_prefill_and_decode_tp8_prefill_then_decode4_256_16_1024160_kernel_trace.csv
[m[0;31mE20250901 21:09:52.994274 140173627062016 output_stream.cpp:105] Opened result file: ./profiles/standalone_attn_prefill_and_decode_tp8_prefill_then_decode4_256_16_1024160_agent_info.csv
[m[0;33mW20250901 21:10:02.828533 140173627062016 tool.cpp:1902] rocprofv3_error_signal_handler caught signal 11...
[m# ---- Run standalone_attn_prefill_and_decode_tp8_prefill_then_decode4_256_16_2048160 ----
INFO 09-01 21:10:10 [__init__.py:244] Automatically detected platform rocm.
[0;31mE20250901 21:10:30.162838 139911501948672 output_stream.cpp:105] Opened result file: ./profiles/standalone_attn_prefill_and_decode_tp8_prefill_then_decode4_256_16_2048160_kernel_trace.csv
[m[0;31mE20250901 21:10:30.170374 139911501948672 output_stream.cpp:105] Opened result file: ./profiles/standalone_attn_prefill_and_decode_tp8_prefill_then_decode4_256_16_2048160_agent_info.csv
[m[0;33mW20250901 21:10:39.044582 139911501948672 tool.cpp:1902] rocprofv3_error_signal_handler caught signal 11...
[m# ---- Run standalone_attn_prefill_and_decode_tp8_prefill_then_decode4_256_16_4096160 ----
INFO 09-01 21:10:45 [__init__.py:244] Automatically detected platform rocm.
[0;31mE20250901 21:11:05.049578 140162300028672 output_stream.cpp:105] Opened result file: ./profiles/standalone_attn_prefill_and_decode_tp8_prefill_then_decode4_256_16_4096160_kernel_trace.csv
[m[0;31mE20250901 21:11:05.056059 140162300028672 output_stream.cpp:105] Opened result file: ./profiles/standalone_attn_prefill_and_decode_tp8_prefill_then_decode4_256_16_4096160_agent_info.csv
[m[0;33mW20250901 21:11:13.946901 140162300028672 tool.cpp:1902] rocprofv3_error_signal_handler caught signal 11...
[m# ---- Run standalone_attn_prefill_and_decode_tp8_prefill_then_decode4_256_16_8192160 ----
INFO 09-01 21:11:20 [__init__.py:244] Automatically detected platform rocm.
[0;31mE20250901 21:11:38.221420 139763229890304 output_stream.cpp:105] Opened result file: ./profiles/standalone_attn_prefill_and_decode_tp8_prefill_then_decode4_256_16_8192160_kernel_trace.csv
[m[0;31mE20250901 21:11:38.227881 139763229890304 output_stream.cpp:105] Opened result file: ./profiles/standalone_attn_prefill_and_decode_tp8_prefill_then_decode4_256_16_8192160_agent_info.csv
[m[0;33mW20250901 21:11:47.533014 139763229890304 tool.cpp:1902] rocprofv3_error_signal_handler caught signal 11...
[m# ---- Run standalone_attn_prefill_and_decode_tp8_prefill_then_decode4_256_32_256160 ----
INFO 09-01 21:11:53 [__init__.py:244] Automatically detected platform rocm.
[0;31mE20250901 21:12:11.488193 140615153739520 output_stream.cpp:105] Opened result file: ./profiles/standalone_attn_prefill_and_decode_tp8_prefill_then_decode4_256_32_256160_kernel_trace.csv
[m[0;31mE20250901 21:12:11.494671 140615153739520 output_stream.cpp:105] Opened result file: ./profiles/standalone_attn_prefill_and_decode_tp8_prefill_then_decode4_256_32_256160_agent_info.csv
[m[0;33mW20250901 21:12:19.966510 140615153739520 tool.cpp:1902] rocprofv3_error_signal_handler caught signal 11...
[m# ---- Run standalone_attn_prefill_and_decode_tp8_prefill_then_decode4_256_32_512160 ----
INFO 09-01 21:12:26 [__init__.py:244] Automatically detected platform rocm.
[0;31mE20250901 21:12:44.880839 139861460690688 output_stream.cpp:105] Opened result file: ./profiles/standalone_attn_prefill_and_decode_tp8_prefill_then_decode4_256_32_512160_kernel_trace.csv
[m[0;31mE20250901 21:12:44.888753 139861460690688 output_stream.cpp:105] Opened result file: ./profiles/standalone_attn_prefill_and_decode_tp8_prefill_then_decode4_256_32_512160_agent_info.csv
[m[0;33mW20250901 21:12:54.383817 139861460690688 tool.cpp:1902] rocprofv3_error_signal_handler caught signal 11...
[m# ---- Run standalone_attn_prefill_and_decode_tp8_prefill_then_decode4_256_32_1024160 ----
INFO 09-01 21:13:02 [__init__.py:244] Automatically detected platform rocm.
[0;31mE20250901 21:13:20.926930 140501336839936 output_stream.cpp:105] Opened result file: ./profiles/standalone_attn_prefill_and_decode_tp8_prefill_then_decode4_256_32_1024160_kernel_trace.csv
[m[0;31mE20250901 21:13:20.933887 140501336839936 output_stream.cpp:105] Opened result file: ./profiles/standalone_attn_prefill_and_decode_tp8_prefill_then_decode4_256_32_1024160_agent_info.csv
[m[0;33mW20250901 21:13:29.335038 140501336839936 tool.cpp:1902] rocprofv3_error_signal_handler caught signal 11...
[m# ---- Run standalone_attn_prefill_and_decode_tp8_prefill_then_decode4_256_32_2048160 ----
INFO 09-01 21:13:35 [__init__.py:244] Automatically detected platform rocm.
[0;31mE20250901 21:13:53.108946 140254660208384 output_stream.cpp:105] Opened result file: ./profiles/standalone_attn_prefill_and_decode_tp8_prefill_then_decode4_256_32_2048160_kernel_trace.csv
[m[0;31mE20250901 21:13:53.115141 140254660208384 output_stream.cpp:105] Opened result file: ./profiles/standalone_attn_prefill_and_decode_tp8_prefill_then_decode4_256_32_2048160_agent_info.csv
[m[0;33mW20250901 21:14:01.959556 140254660208384 tool.cpp:1902] rocprofv3_error_signal_handler caught signal 11...
[m# ---- Run standalone_attn_prefill_and_decode_tp8_prefill_then_decode4_256_32_4096160 ----
INFO 09-01 21:14:07 [__init__.py:244] Automatically detected platform rocm.
[0;31mE20250901 21:14:28.947827 140604298688256 output_stream.cpp:105] Opened result file: ./profiles/standalone_attn_prefill_and_decode_tp8_prefill_then_decode4_256_32_4096160_kernel_trace.csv
[m[0;31mE20250901 21:14:28.955659 140604298688256 output_stream.cpp:105] Opened result file: ./profiles/standalone_attn_prefill_and_decode_tp8_prefill_then_decode4_256_32_4096160_agent_info.csv
[m[0;33mW20250901 21:14:38.649329 140604298688256 tool.cpp:1902] rocprofv3_error_signal_handler caught signal 11...
[m# ---- Run standalone_attn_prefill_and_decode_tp8_prefill_then_decode4_256_32_8192160 ----
INFO 09-01 21:14:46 [__init__.py:244] Automatically detected platform rocm.
[0;31mE20250901 21:15:04.052388 140313480152832 output_stream.cpp:105] Opened result file: ./profiles/standalone_attn_prefill_and_decode_tp8_prefill_then_decode4_256_32_8192160_kernel_trace.csv
[m[0;31mE20250901 21:15:04.058575 140313480152832 output_stream.cpp:105] Opened result file: ./profiles/standalone_attn_prefill_and_decode_tp8_prefill_then_decode4_256_32_8192160_agent_info.csv
[m[0;33mW20250901 21:15:12.495935 140313480152832 tool.cpp:1902] rocprofv3_error_signal_handler caught signal 11...
[m# ---- Run standalone_attn_prefill_and_decode_tp8_prefill_then_decode4_256_64_256160 ----
INFO 09-01 21:15:18 [__init__.py:244] Automatically detected platform rocm.
[0;31mE20250901 21:15:35.716831 139788441110272 output_stream.cpp:105] Opened result file: ./profiles/standalone_attn_prefill_and_decode_tp8_prefill_then_decode4_256_64_256160_kernel_trace.csv
[m[0;31mE20250901 21:15:35.722963 139788441110272 output_stream.cpp:105] Opened result file: ./profiles/standalone_attn_prefill_and_decode_tp8_prefill_then_decode4_256_64_256160_agent_info.csv
[m[0;33mW20250901 21:15:44.161317 139788441110272 tool.cpp:1902] rocprofv3_error_signal_handler caught signal 11...
[m# ---- Run standalone_attn_prefill_and_decode_tp8_prefill_then_decode4_256_64_512160 ----
INFO 09-01 21:15:50 [__init__.py:244] Automatically detected platform rocm.
[0;31mE20250901 21:16:07.604401 139817255896832 output_stream.cpp:105] Opened result file: ./profiles/standalone_attn_prefill_and_decode_tp8_prefill_then_decode4_256_64_512160_kernel_trace.csv
[m[0;31mE20250901 21:16:07.610356 139817255896832 output_stream.cpp:105] Opened result file: ./profiles/standalone_attn_prefill_and_decode_tp8_prefill_then_decode4_256_64_512160_agent_info.csv
[m[0;33mW20250901 21:16:15.997720 139817255896832 tool.cpp:1902] rocprofv3_error_signal_handler caught signal 11...
[m# ---- Run standalone_attn_prefill_and_decode_tp8_prefill_then_decode4_256_64_1024160 ----
INFO 09-01 21:16:21 [__init__.py:244] Automatically detected platform rocm.
[0;31mE20250901 21:16:38.992617 139923716716288 output_stream.cpp:105] Opened result file: ./profiles/standalone_attn_prefill_and_decode_tp8_prefill_then_decode4_256_64_1024160_kernel_trace.csv
[m[0;31mE20250901 21:16:38.998927 139923716716288 output_stream.cpp:105] Opened result file: ./profiles/standalone_attn_prefill_and_decode_tp8_prefill_then_decode4_256_64_1024160_agent_info.csv
[m[0;33mW20250901 21:16:47.439365 139923716716288 tool.cpp:1902] rocprofv3_error_signal_handler caught signal 11...
[m# ---- Run standalone_attn_prefill_and_decode_tp8_prefill_then_decode4_256_64_2048160 ----
INFO 09-01 21:16:53 [__init__.py:244] Automatically detected platform rocm.
[0;31mE20250901 21:17:10.108433 139809086363392 output_stream.cpp:105] Opened result file: ./profiles/standalone_attn_prefill_and_decode_tp8_prefill_then_decode4_256_64_2048160_kernel_trace.csv
[m[0;31mE20250901 21:17:10.114898 139809086363392 output_stream.cpp:105] Opened result file: ./profiles/standalone_attn_prefill_and_decode_tp8_prefill_then_decode4_256_64_2048160_agent_info.csv
[m[0;33mW20250901 21:17:19.012262 139809086363392 tool.cpp:1902] rocprofv3_error_signal_handler caught signal 11...
[m# ---- Run standalone_attn_prefill_and_decode_tp8_prefill_then_decode4_256_64_4096160 ----
INFO 09-01 21:17:24 [__init__.py:244] Automatically detected platform rocm.
[0;31mE20250901 21:17:41.683021 140216179357440 output_stream.cpp:105] Opened result file: ./profiles/standalone_attn_prefill_and_decode_tp8_prefill_then_decode4_256_64_4096160_kernel_trace.csv
[m[0;31mE20250901 21:17:41.690197 140216179357440 output_stream.cpp:105] Opened result file: ./profiles/standalone_attn_prefill_and_decode_tp8_prefill_then_decode4_256_64_4096160_agent_info.csv
[m[0;33mW20250901 21:17:50.148405 140216179357440 tool.cpp:1902] rocprofv3_error_signal_handler caught signal 11...
[m# ---- Run standalone_attn_prefill_and_decode_tp8_prefill_then_decode4_256_64_8192160 ----
INFO 09-01 21:17:55 [__init__.py:244] Automatically detected platform rocm.
[0;31mE20250901 21:18:10.590170 140011587729152 output_stream.cpp:105] Opened result file: ./profiles/standalone_attn_prefill_and_decode_tp8_prefill_then_decode4_256_64_8192160_kernel_trace.csv
[m[0;31mE20250901 21:18:10.596216 140011587729152 output_stream.cpp:105] Opened result file: ./profiles/standalone_attn_prefill_and_decode_tp8_prefill_then_decode4_256_64_8192160_agent_info.csv
[m[0;33mW20250901 21:18:19.336104 140011587729152 tool.cpp:1902] rocprofv3_error_signal_handler caught signal 11...
[m# ---- Run standalone_attn_prefill_and_decode_tp8_prefill_then_decode4_256_128_256160 ----
INFO 09-01 21:18:24 [__init__.py:244] Automatically detected platform rocm.
[0;31mE20250901 21:18:38.749897 140152701871872 output_stream.cpp:105] Opened result file: ./profiles/standalone_attn_prefill_and_decode_tp8_prefill_then_decode4_256_128_256160_kernel_trace.csv
[m[0;31mE20250901 21:18:38.755776 140152701871872 output_stream.cpp:105] Opened result file: ./profiles/standalone_attn_prefill_and_decode_tp8_prefill_then_decode4_256_128_256160_agent_info.csv
[m[0;33mW20250901 21:18:47.404781 140152701871872 tool.cpp:1902] rocprofv3_error_signal_handler caught signal 11...
[m# ---- Run standalone_attn_prefill_and_decode_tp8_prefill_then_decode4_256_128_512160 ----
INFO 09-01 21:18:52 [__init__.py:244] Automatically detected platform rocm.
[0;31mE20250901 21:19:06.843759 139683439847168 output_stream.cpp:105] Opened result file: ./profiles/standalone_attn_prefill_and_decode_tp8_prefill_then_decode4_256_128_512160_kernel_trace.csv
[m[0;31mE20250901 21:19:06.849725 139683439847168 output_stream.cpp:105] Opened result file: ./profiles/standalone_attn_prefill_and_decode_tp8_prefill_then_decode4_256_128_512160_agent_info.csv
[m[0;33mW20250901 21:19:15.036749 139683439847168 tool.cpp:1902] rocprofv3_error_signal_handler caught signal 11...
[m# ---- Run standalone_attn_prefill_and_decode_tp8_prefill_then_decode4_256_128_1024160 ----
INFO 09-01 21:19:19 [__init__.py:244] Automatically detected platform rocm.
[0;31mE20250901 21:19:34.494479 140194945750784 output_stream.cpp:105] Opened result file: ./profiles/standalone_attn_prefill_and_decode_tp8_prefill_then_decode4_256_128_1024160_kernel_trace.csv
[m[0;31mE20250901 21:19:34.500522 140194945750784 output_stream.cpp:105] Opened result file: ./profiles/standalone_attn_prefill_and_decode_tp8_prefill_then_decode4_256_128_1024160_agent_info.csv
[m[0;33mW20250901 21:19:42.932160 140194945750784 tool.cpp:1902] rocprofv3_error_signal_handler caught signal 11...
[m# ---- Run standalone_attn_prefill_and_decode_tp8_prefill_then_decode4_256_128_2048160 ----
INFO 09-01 21:19:47 [__init__.py:244] Automatically detected platform rocm.
[0;31mE20250901 21:20:02.402772 139941939201792 output_stream.cpp:105] Opened result file: ./profiles/standalone_attn_prefill_and_decode_tp8_prefill_then_decode4_256_128_2048160_kernel_trace.csv
[m[0;31mE20250901 21:20:02.408738 139941939201792 output_stream.cpp:105] Opened result file: ./profiles/standalone_attn_prefill_and_decode_tp8_prefill_then_decode4_256_128_2048160_agent_info.csv
[m[0;33mW20250901 21:20:10.774518 139941939201792 tool.cpp:1902] rocprofv3_error_signal_handler caught signal 11...
[m# ---- Run standalone_attn_prefill_and_decode_tp8_prefill_then_decode4_256_128_4096160 ----
INFO 09-01 21:20:15 [__init__.py:244] Automatically detected platform rocm.
[0;31mE20250901 21:20:30.145784 139622165403392 output_stream.cpp:105] Opened result file: ./profiles/standalone_attn_prefill_and_decode_tp8_prefill_then_decode4_256_128_4096160_kernel_trace.csv
[m[0;31mE20250901 21:20:30.151846 139622165403392 output_stream.cpp:105] Opened result file: ./profiles/standalone_attn_prefill_and_decode_tp8_prefill_then_decode4_256_128_4096160_agent_info.csv
[m[0;33mW20250901 21:20:38.852993 139622165403392 tool.cpp:1902] rocprofv3_error_signal_handler caught signal 11...
[m# ---- Run standalone_attn_prefill_and_decode_tp8_prefill_then_decode4_256_128_8192160 ----
INFO 09-01 21:20:43 [__init__.py:244] Automatically detected platform rocm.
[0;31mE20250901 21:20:58.418500 140034186901248 output_stream.cpp:105] Opened result file: ./profiles/standalone_attn_prefill_and_decode_tp8_prefill_then_decode4_256_128_8192160_kernel_trace.csv
[m[0;31mE20250901 21:20:58.424540 140034186901248 output_stream.cpp:105] Opened result file: ./profiles/standalone_attn_prefill_and_decode_tp8_prefill_then_decode4_256_128_8192160_agent_info.csv
[m[0;33mW20250901 21:21:07.227638 140034186901248 tool.cpp:1902] rocprofv3_error_signal_handler caught signal 11...
[m# ---- Run standalone_attn_prefill_and_decode_tp8_prefill_then_decode4_512_1_256160 ----
INFO 09-01 21:21:11 [__init__.py:244] Automatically detected platform rocm.
[0;31mE20250901 21:21:27.252894 139986655893248 output_stream.cpp:105] Opened result file: ./profiles/standalone_attn_prefill_and_decode_tp8_prefill_then_decode4_512_1_256160_kernel_trace.csv
[m[0;31mE20250901 21:21:27.258963 139986655893248 output_stream.cpp:105] Opened result file: ./profiles/standalone_attn_prefill_and_decode_tp8_prefill_then_decode4_512_1_256160_agent_info.csv
[m[0;33mW20250901 21:21:36.130462 139986655893248 tool.cpp:1902] rocprofv3_error_signal_handler caught signal 11...
[m# ---- Run standalone_attn_prefill_and_decode_tp8_prefill_then_decode4_512_1_512160 ----
INFO 09-01 21:21:40 [__init__.py:244] Automatically detected platform rocm.
[0;31mE20250901 21:21:56.096424 139946440054528 output_stream.cpp:105] Opened result file: ./profiles/standalone_attn_prefill_and_decode_tp8_prefill_then_decode4_512_1_512160_kernel_trace.csv
[m[0;31mE20250901 21:21:56.102353 139946440054528 output_stream.cpp:105] Opened result file: ./profiles/standalone_attn_prefill_and_decode_tp8_prefill_then_decode4_512_1_512160_agent_info.csv
[m[0;33mW20250901 21:22:04.444452 139946440054528 tool.cpp:1902] rocprofv3_error_signal_handler caught signal 11...
[m# ---- Run standalone_attn_prefill_and_decode_tp8_prefill_then_decode4_512_1_1024160 ----
INFO 09-01 21:22:09 [__init__.py:244] Automatically detected platform rocm.
[0;31mE20250901 21:22:24.419382 140685211281152 output_stream.cpp:105] Opened result file: ./profiles/standalone_attn_prefill_and_decode_tp8_prefill_then_decode4_512_1_1024160_kernel_trace.csv
[m[0;31mE20250901 21:22:24.425483 140685211281152 output_stream.cpp:105] Opened result file: ./profiles/standalone_attn_prefill_and_decode_tp8_prefill_then_decode4_512_1_1024160_agent_info.csv
[m[0;33mW20250901 21:22:33.362617 140685211281152 tool.cpp:1902] rocprofv3_error_signal_handler caught signal 11...
[m# ---- Run standalone_attn_prefill_and_decode_tp8_prefill_then_decode4_512_1_2048160 ----
INFO 09-01 21:22:38 [__init__.py:244] Automatically detected platform rocm.
[0;31mE20250901 21:22:53.617469 140521742448384 output_stream.cpp:105] Opened result file: ./profiles/standalone_attn_prefill_and_decode_tp8_prefill_then_decode4_512_1_2048160_kernel_trace.csv
[m[0;31mE20250901 21:22:53.623534 140521742448384 output_stream.cpp:105] Opened result file: ./profiles/standalone_attn_prefill_and_decode_tp8_prefill_then_decode4_512_1_2048160_agent_info.csv
[m[0;33mW20250901 21:23:02.163398 140521742448384 tool.cpp:1902] rocprofv3_error_signal_handler caught signal 11...
[m# ---- Run standalone_attn_prefill_and_decode_tp8_prefill_then_decode4_512_1_4096160 ----
INFO 09-01 21:23:06 [__init__.py:244] Automatically detected platform rocm.
[0;31mE20250901 21:23:22.324198 140644900329216 output_stream.cpp:105] Opened result file: ./profiles/standalone_attn_prefill_and_decode_tp8_prefill_then_decode4_512_1_4096160_kernel_trace.csv
[m[0;31mE20250901 21:23:22.330148 140644900329216 output_stream.cpp:105] Opened result file: ./profiles/standalone_attn_prefill_and_decode_tp8_prefill_then_decode4_512_1_4096160_agent_info.csv
[m[0;33mW20250901 21:23:31.248395 140644900329216 tool.cpp:1902] rocprofv3_error_signal_handler caught signal 11...
[m# ---- Run standalone_attn_prefill_and_decode_tp8_prefill_then_decode4_512_1_8192160 ----
INFO 09-01 21:23:36 [__init__.py:244] Automatically detected platform rocm.
[0;31mE20250901 21:23:51.472565 139916503107328 output_stream.cpp:105] Opened result file: ./profiles/standalone_attn_prefill_and_decode_tp8_prefill_then_decode4_512_1_8192160_kernel_trace.csv
[m[0;31mE20250901 21:23:51.478583 139916503107328 output_stream.cpp:105] Opened result file: ./profiles/standalone_attn_prefill_and_decode_tp8_prefill_then_decode4_512_1_8192160_agent_info.csv
[m[0;33mW20250901 21:24:00.260992 139916503107328 tool.cpp:1902] rocprofv3_error_signal_handler caught signal 11...
[m# ---- Run standalone_attn_prefill_and_decode_tp8_prefill_then_decode4_512_2_256160 ----
INFO 09-01 21:24:05 [__init__.py:244] Automatically detected platform rocm.
[0;31mE20250901 21:24:20.412298 140011927865088 output_stream.cpp:105] Opened result file: ./profiles/standalone_attn_prefill_and_decode_tp8_prefill_then_decode4_512_2_256160_kernel_trace.csv
[m[0;31mE20250901 21:24:20.418148 140011927865088 output_stream.cpp:105] Opened result file: ./profiles/standalone_attn_prefill_and_decode_tp8_prefill_then_decode4_512_2_256160_agent_info.csv
[m[0;33mW20250901 21:24:28.804785 140011927865088 tool.cpp:1902] rocprofv3_error_signal_handler caught signal 11...
[m# ---- Run standalone_attn_prefill_and_decode_tp8_prefill_then_decode4_512_2_512160 ----
INFO 09-01 21:24:33 [__init__.py:244] Automatically detected platform rocm.
[0;31mE20250901 21:24:48.934428 140479615596288 output_stream.cpp:105] Opened result file: ./profiles/standalone_attn_prefill_and_decode_tp8_prefill_then_decode4_512_2_512160_kernel_trace.csv
[m[0;31mE20250901 21:24:48.940367 140479615596288 output_stream.cpp:105] Opened result file: ./profiles/standalone_attn_prefill_and_decode_tp8_prefill_then_decode4_512_2_512160_agent_info.csv
[m[0;33mW20250901 21:24:57.763334 140479615596288 tool.cpp:1902] rocprofv3_error_signal_handler caught signal 11...
[m# ---- Run standalone_attn_prefill_and_decode_tp8_prefill_then_decode4_512_2_1024160 ----
INFO 09-01 21:25:02 [__init__.py:244] Automatically detected platform rocm.
[0;31mE20250901 21:25:17.879058 140699360352000 output_stream.cpp:105] Opened result file: ./profiles/standalone_attn_prefill_and_decode_tp8_prefill_then_decode4_512_2_1024160_kernel_trace.csv
[m[0;31mE20250901 21:25:17.884915 140699360352000 output_stream.cpp:105] Opened result file: ./profiles/standalone_attn_prefill_and_decode_tp8_prefill_then_decode4_512_2_1024160_agent_info.csv
[m[0;33mW20250901 21:25:26.312698 140699360352000 tool.cpp:1902] rocprofv3_error_signal_handler caught signal 11...
[m# ---- Run standalone_attn_prefill_and_decode_tp8_prefill_then_decode4_512_2_2048160 ----
INFO 09-01 21:25:31 [__init__.py:244] Automatically detected platform rocm.
[0;31mE20250901 21:25:46.654709 140252574861056 output_stream.cpp:105] Opened result file: ./profiles/standalone_attn_prefill_and_decode_tp8_prefill_then_decode4_512_2_2048160_kernel_trace.csv
[m[0;31mE20250901 21:25:46.660855 140252574861056 output_stream.cpp:105] Opened result file: ./profiles/standalone_attn_prefill_and_decode_tp8_prefill_then_decode4_512_2_2048160_agent_info.csv
[m[0;33mW20250901 21:25:55.896779 140252574861056 tool.cpp:1902] rocprofv3_error_signal_handler caught signal 11...
[m# ---- Run standalone_attn_prefill_and_decode_tp8_prefill_then_decode4_512_2_4096160 ----
INFO 09-01 21:26:00 [__init__.py:244] Automatically detected platform rocm.
[0;31mE20250901 21:26:16.221989 140663074768640 output_stream.cpp:105] Opened result file: ./profiles/standalone_attn_prefill_and_decode_tp8_prefill_then_decode4_512_2_4096160_kernel_trace.csv
[m[0;31mE20250901 21:26:16.228021 140663074768640 output_stream.cpp:105] Opened result file: ./profiles/standalone_attn_prefill_and_decode_tp8_prefill_then_decode4_512_2_4096160_agent_info.csv
[m[0;33mW20250901 21:26:25.190593 140663074768640 tool.cpp:1902] rocprofv3_error_signal_handler caught signal 11...
[m# ---- Run standalone_attn_prefill_and_decode_tp8_prefill_then_decode4_512_2_8192160 ----
INFO 09-01 21:26:30 [__init__.py:244] Automatically detected platform rocm.
[0;31mE20250901 21:26:45.329029 140072869463808 output_stream.cpp:105] Opened result file: ./profiles/standalone_attn_prefill_and_decode_tp8_prefill_then_decode4_512_2_8192160_kernel_trace.csv
[m[0;31mE20250901 21:26:45.334873 140072869463808 output_stream.cpp:105] Opened result file: ./profiles/standalone_attn_prefill_and_decode_tp8_prefill_then_decode4_512_2_8192160_agent_info.csv
[m[0;33mW20250901 21:26:54.069714 140072869463808 tool.cpp:1902] rocprofv3_error_signal_handler caught signal 11...
[m# ---- Run standalone_attn_prefill_and_decode_tp8_prefill_then_decode4_512_4_256160 ----
INFO 09-01 21:26:59 [__init__.py:244] Automatically detected platform rocm.
[0;31mE20250901 21:27:14.350583 139937135888128 output_stream.cpp:105] Opened result file: ./profiles/standalone_attn_prefill_and_decode_tp8_prefill_then_decode4_512_4_256160_kernel_trace.csv
[m[0;31mE20250901 21:27:14.356566 139937135888128 output_stream.cpp:105] Opened result file: ./profiles/standalone_attn_prefill_and_decode_tp8_prefill_then_decode4_512_4_256160_agent_info.csv
[m[0;33mW20250901 21:27:23.218210 139937135888128 tool.cpp:1902] rocprofv3_error_signal_handler caught signal 11...
[m# ---- Run standalone_attn_prefill_and_decode_tp8_prefill_then_decode4_512_4_512160 ----
INFO 09-01 21:27:28 [__init__.py:244] Automatically detected platform rocm.
[0;31mE20250901 21:27:43.485282 139819794409216 output_stream.cpp:105] Opened result file: ./profiles/standalone_attn_prefill_and_decode_tp8_prefill_then_decode4_512_4_512160_kernel_trace.csv
[m[0;31mE20250901 21:27:43.490786 139819794409216 output_stream.cpp:105] Opened result file: ./profiles/standalone_attn_prefill_and_decode_tp8_prefill_then_decode4_512_4_512160_agent_info.csv
[m[0;33mW20250901 21:27:52.212287 139819794409216 tool.cpp:1902] rocprofv3_error_signal_handler caught signal 11...
[m# ---- Run standalone_attn_prefill_and_decode_tp8_prefill_then_decode4_512_4_1024160 ----
INFO 09-01 21:27:57 [__init__.py:244] Automatically detected platform rocm.
[0;31mE20250901 21:28:12.403543 140115772237568 output_stream.cpp:105] Opened result file: ./profiles/standalone_attn_prefill_and_decode_tp8_prefill_then_decode4_512_4_1024160_kernel_trace.csv
[m[0;31mE20250901 21:28:12.409437 140115772237568 output_stream.cpp:105] Opened result file: ./profiles/standalone_attn_prefill_and_decode_tp8_prefill_then_decode4_512_4_1024160_agent_info.csv
[m[0;33mW20250901 21:28:21.128324 140115772237568 tool.cpp:1902] rocprofv3_error_signal_handler caught signal 11...
[m# ---- Run standalone_attn_prefill_and_decode_tp8_prefill_then_decode4_512_4_2048160 ----
INFO 09-01 21:28:25 [__init__.py:244] Automatically detected platform rocm.
[0;31mE20250901 21:28:41.227461 140291780335360 output_stream.cpp:105] Opened result file: ./profiles/standalone_attn_prefill_and_decode_tp8_prefill_then_decode4_512_4_2048160_kernel_trace.csv
[m[0;31mE20250901 21:28:41.234092 140291780335360 output_stream.cpp:105] Opened result file: ./profiles/standalone_attn_prefill_and_decode_tp8_prefill_then_decode4_512_4_2048160_agent_info.csv
[m[0;33mW20250901 21:28:49.421599 140291780335360 tool.cpp:1902] rocprofv3_error_signal_handler caught signal 11...
[m# ---- Run standalone_attn_prefill_and_decode_tp8_prefill_then_decode4_512_4_4096160 ----
INFO 09-01 21:28:54 [__init__.py:244] Automatically detected platform rocm.
[0;31mE20250901 21:29:09.553208 140296700487424 output_stream.cpp:105] Opened result file: ./profiles/standalone_attn_prefill_and_decode_tp8_prefill_then_decode4_512_4_4096160_kernel_trace.csv
[m[0;31mE20250901 21:29:09.559125 140296700487424 output_stream.cpp:105] Opened result file: ./profiles/standalone_attn_prefill_and_decode_tp8_prefill_then_decode4_512_4_4096160_agent_info.csv
[m[0;33mW20250901 21:29:18.447698 140296700487424 tool.cpp:1902] rocprofv3_error_signal_handler caught signal 11...
[m# ---- Run standalone_attn_prefill_and_decode_tp8_prefill_then_decode4_512_4_8192160 ----
INFO 09-01 21:29:23 [__init__.py:244] Automatically detected platform rocm.
[0;31mE20250901 21:29:38.376715 139865047275264 output_stream.cpp:105] Opened result file: ./profiles/standalone_attn_prefill_and_decode_tp8_prefill_then_decode4_512_4_8192160_kernel_trace.csv
[m[0;31mE20250901 21:29:38.383678 139865047275264 output_stream.cpp:105] Opened result file: ./profiles/standalone_attn_prefill_and_decode_tp8_prefill_then_decode4_512_4_8192160_agent_info.csv
[m[0;33mW20250901 21:29:46.828269 139865047275264 tool.cpp:1902] rocprofv3_error_signal_handler caught signal 11...
[m# ---- Run standalone_attn_prefill_and_decode_tp8_prefill_then_decode4_512_8_256160 ----
INFO 09-01 21:29:51 [__init__.py:244] Automatically detected platform rocm.
[0;31mE20250901 21:30:07.048667 139942761113344 output_stream.cpp:105] Opened result file: ./profiles/standalone_attn_prefill_and_decode_tp8_prefill_then_decode4_512_8_256160_kernel_trace.csv
[m[0;31mE20250901 21:30:07.055939 139942761113344 output_stream.cpp:105] Opened result file: ./profiles/standalone_attn_prefill_and_decode_tp8_prefill_then_decode4_512_8_256160_agent_info.csv
[m[0;33mW20250901 21:30:15.602639 139942761113344 tool.cpp:1902] rocprofv3_error_signal_handler caught signal 11...
[m# ---- Run standalone_attn_prefill_and_decode_tp8_prefill_then_decode4_512_8_512160 ----
INFO 09-01 21:30:20 [__init__.py:244] Automatically detected platform rocm.
[0;31mE20250901 21:30:35.683827 140351330989824 output_stream.cpp:105] Opened result file: ./profiles/standalone_attn_prefill_and_decode_tp8_prefill_then_decode4_512_8_512160_kernel_trace.csv
[m[0;31mE20250901 21:30:35.690598 140351330989824 output_stream.cpp:105] Opened result file: ./profiles/standalone_attn_prefill_and_decode_tp8_prefill_then_decode4_512_8_512160_agent_info.csv
[m[0;33mW20250901 21:30:44.137738 140351330989824 tool.cpp:1902] rocprofv3_error_signal_handler caught signal 11...
[m# ---- Run standalone_attn_prefill_and_decode_tp8_prefill_then_decode4_512_8_1024160 ----
INFO 09-01 21:30:49 [__init__.py:244] Automatically detected platform rocm.
[0;31mE20250901 21:31:04.049980 139671731357440 output_stream.cpp:105] Opened result file: ./profiles/standalone_attn_prefill_and_decode_tp8_prefill_then_decode4_512_8_1024160_kernel_trace.csv
[m[0;31mE20250901 21:31:04.056684 139671731357440 output_stream.cpp:105] Opened result file: ./profiles/standalone_attn_prefill_and_decode_tp8_prefill_then_decode4_512_8_1024160_agent_info.csv
[m[0;33mW20250901 21:31:12.466420 139671731357440 tool.cpp:1902] rocprofv3_error_signal_handler caught signal 11...
[m# ---- Run standalone_attn_prefill_and_decode_tp8_prefill_then_decode4_512_8_2048160 ----
INFO 09-01 21:31:17 [__init__.py:244] Automatically detected platform rocm.
[0;31mE20250901 21:31:32.608904 140275911718656 output_stream.cpp:105] Opened result file: ./profiles/standalone_attn_prefill_and_decode_tp8_prefill_then_decode4_512_8_2048160_kernel_trace.csv
[m[0;31mE20250901 21:31:32.614816 140275911718656 output_stream.cpp:105] Opened result file: ./profiles/standalone_attn_prefill_and_decode_tp8_prefill_then_decode4_512_8_2048160_agent_info.csv
[m[0;33mW20250901 21:31:41.500140 140275911718656 tool.cpp:1902] rocprofv3_error_signal_handler caught signal 11...
[m# ---- Run standalone_attn_prefill_and_decode_tp8_prefill_then_decode4_512_8_4096160 ----
INFO 09-01 21:31:46 [__init__.py:244] Automatically detected platform rocm.
[0;31mE20250901 21:32:01.575344 140705702876928 output_stream.cpp:105] Opened result file: ./profiles/standalone_attn_prefill_and_decode_tp8_prefill_then_decode4_512_8_4096160_kernel_trace.csv
[m[0;31mE20250901 21:32:01.582463 140705702876928 output_stream.cpp:105] Opened result file: ./profiles/standalone_attn_prefill_and_decode_tp8_prefill_then_decode4_512_8_4096160_agent_info.csv
[m[0;33mW20250901 21:32:10.364668 140705702876928 tool.cpp:1902] rocprofv3_error_signal_handler caught signal 11...
[m# ---- Run standalone_attn_prefill_and_decode_tp8_prefill_then_decode4_512_8_8192160 ----
INFO 09-01 21:32:15 [__init__.py:244] Automatically detected platform rocm.
[0;31mE20250901 21:32:30.578924 140669928281856 output_stream.cpp:105] Opened result file: ./profiles/standalone_attn_prefill_and_decode_tp8_prefill_then_decode4_512_8_8192160_kernel_trace.csv
[m[0;31mE20250901 21:32:30.586204 140669928281856 output_stream.cpp:105] Opened result file: ./profiles/standalone_attn_prefill_and_decode_tp8_prefill_then_decode4_512_8_8192160_agent_info.csv
[m[0;33mW20250901 21:32:39.275436 140669928281856 tool.cpp:1902] rocprofv3_error_signal_handler caught signal 11...
[m# ---- Run standalone_attn_prefill_and_decode_tp8_prefill_then_decode4_512_16_256160 ----
INFO 09-01 21:32:44 [__init__.py:244] Automatically detected platform rocm.
[0;31mE20250901 21:32:59.421602 139835360732928 output_stream.cpp:105] Opened result file: ./profiles/standalone_attn_prefill_and_decode_tp8_prefill_then_decode4_512_16_256160_kernel_trace.csv
[m[0;31mE20250901 21:32:59.427725 139835360732928 output_stream.cpp:105] Opened result file: ./profiles/standalone_attn_prefill_and_decode_tp8_prefill_then_decode4_512_16_256160_agent_info.csv
[m[0;33mW20250901 21:33:08.501371 139835360732928 tool.cpp:1902] rocprofv3_error_signal_handler caught signal 11...
[m# ---- Run standalone_attn_prefill_and_decode_tp8_prefill_then_decode4_512_16_512160 ----
INFO 09-01 21:33:13 [__init__.py:244] Automatically detected platform rocm.
[0;31mE20250901 21:33:28.703586 139877942060800 output_stream.cpp:105] Opened result file: ./profiles/standalone_attn_prefill_and_decode_tp8_prefill_then_decode4_512_16_512160_kernel_trace.csv
[m[0;31mE20250901 21:33:28.709363 139877942060800 output_stream.cpp:105] Opened result file: ./profiles/standalone_attn_prefill_and_decode_tp8_prefill_then_decode4_512_16_512160_agent_info.csv
[m[0;33mW20250901 21:33:37.044896 139877942060800 tool.cpp:1902] rocprofv3_error_signal_handler caught signal 11...
[m# ---- Run standalone_attn_prefill_and_decode_tp8_prefill_then_decode4_512_16_1024160 ----
INFO 09-01 21:33:42 [__init__.py:244] Automatically detected platform rocm.
[0;31mE20250901 21:33:57.405461 139909053937408 output_stream.cpp:105] Opened result file: ./profiles/standalone_attn_prefill_and_decode_tp8_prefill_then_decode4_512_16_1024160_kernel_trace.csv
[m[0;31mE20250901 21:33:57.411483 139909053937408 output_stream.cpp:105] Opened result file: ./profiles/standalone_attn_prefill_and_decode_tp8_prefill_then_decode4_512_16_1024160_agent_info.csv
[m[0;33mW20250901 21:34:06.143657 139909053937408 tool.cpp:1902] rocprofv3_error_signal_handler caught signal 11...
[m# ---- Run standalone_attn_prefill_and_decode_tp8_prefill_then_decode4_512_16_2048160 ----
INFO 09-01 21:34:11 [__init__.py:244] Automatically detected platform rocm.
[0;31mE20250901 21:34:26.268809 140428508165888 output_stream.cpp:105] Opened result file: ./profiles/standalone_attn_prefill_and_decode_tp8_prefill_then_decode4_512_16_2048160_kernel_trace.csv
[m[0;31mE20250901 21:34:26.274636 140428508165888 output_stream.cpp:105] Opened result file: ./profiles/standalone_attn_prefill_and_decode_tp8_prefill_then_decode4_512_16_2048160_agent_info.csv
[m[0;33mW20250901 21:34:35.235350 140428508165888 tool.cpp:1902] rocprofv3_error_signal_handler caught signal 11...
[m# ---- Run standalone_attn_prefill_and_decode_tp8_prefill_then_decode4_512_16_4096160 ----
INFO 09-01 21:34:40 [__init__.py:244] Automatically detected platform rocm.
[0;31mE20250901 21:34:55.431135 140296624494336 output_stream.cpp:105] Opened result file: ./profiles/standalone_attn_prefill_and_decode_tp8_prefill_then_decode4_512_16_4096160_kernel_trace.csv
[m[0;31mE20250901 21:34:55.437112 140296624494336 output_stream.cpp:105] Opened result file: ./profiles/standalone_attn_prefill_and_decode_tp8_prefill_then_decode4_512_16_4096160_agent_info.csv
[m[0;33mW20250901 21:35:04.240185 140296624494336 tool.cpp:1902] rocprofv3_error_signal_handler caught signal 11...
[m# ---- Run standalone_attn_prefill_and_decode_tp8_prefill_then_decode4_512_16_8192160 ----
INFO 09-01 21:35:09 [__init__.py:244] Automatically detected platform rocm.
[0;31mE20250901 21:35:24.541317 140234823866112 output_stream.cpp:105] Opened result file: ./profiles/standalone_attn_prefill_and_decode_tp8_prefill_then_decode4_512_16_8192160_kernel_trace.csv
[m[0;31mE20250901 21:35:24.547085 140234823866112 output_stream.cpp:105] Opened result file: ./profiles/standalone_attn_prefill_and_decode_tp8_prefill_then_decode4_512_16_8192160_agent_info.csv
[m[0;33mW20250901 21:35:33.240445 140234823866112 tool.cpp:1902] rocprofv3_error_signal_handler caught signal 11...
[m# ---- Run standalone_attn_prefill_and_decode_tp8_prefill_then_decode4_512_32_256160 ----
INFO 09-01 21:35:38 [__init__.py:244] Automatically detected platform rocm.
[0;31mE20250901 21:35:53.642878 140488056383232 output_stream.cpp:105] Opened result file: ./profiles/standalone_attn_prefill_and_decode_tp8_prefill_then_decode4_512_32_256160_kernel_trace.csv
[m[0;31mE20250901 21:35:53.649680 140488056383232 output_stream.cpp:105] Opened result file: ./profiles/standalone_attn_prefill_and_decode_tp8_prefill_then_decode4_512_32_256160_agent_info.csv
[m[0;33mW20250901 21:36:02.744508 140488056383232 tool.cpp:1902] rocprofv3_error_signal_handler caught signal 11...
[m# ---- Run standalone_attn_prefill_and_decode_tp8_prefill_then_decode4_512_32_512160 ----
INFO 09-01 21:36:07 [__init__.py:244] Automatically detected platform rocm.
[0;31mE20250901 21:36:22.854919 139853837477632 output_stream.cpp:105] Opened result file: ./profiles/standalone_attn_prefill_and_decode_tp8_prefill_then_decode4_512_32_512160_kernel_trace.csv
[m[0;31mE20250901 21:36:22.861361 139853837477632 output_stream.cpp:105] Opened result file: ./profiles/standalone_attn_prefill_and_decode_tp8_prefill_then_decode4_512_32_512160_agent_info.csv
[m[0;33mW20250901 21:36:31.523177 139853837477632 tool.cpp:1902] rocprofv3_error_signal_handler caught signal 11...
[m# ---- Run standalone_attn_prefill_and_decode_tp8_prefill_then_decode4_512_32_1024160 ----
INFO 09-01 21:36:36 [__init__.py:244] Automatically detected platform rocm.
[0;31mE20250901 21:36:51.809040 140532394657536 output_stream.cpp:105] Opened result file: ./profiles/standalone_attn_prefill_and_decode_tp8_prefill_then_decode4_512_32_1024160_kernel_trace.csv
[m[0;31mE20250901 21:36:51.815633 140532394657536 output_stream.cpp:105] Opened result file: ./profiles/standalone_attn_prefill_and_decode_tp8_prefill_then_decode4_512_32_1024160_agent_info.csv
[m[0;33mW20250901 21:37:00.572848 140532394657536 tool.cpp:1902] rocprofv3_error_signal_handler caught signal 11...
[m# ---- Run standalone_attn_prefill_and_decode_tp8_prefill_then_decode4_512_32_2048160 ----
INFO 09-01 21:37:05 [__init__.py:244] Automatically detected platform rocm.
[0;31mE20250901 21:37:20.556529 140088252630784 output_stream.cpp:105] Opened result file: ./profiles/standalone_attn_prefill_and_decode_tp8_prefill_then_decode4_512_32_2048160_kernel_trace.csv
[m[0;31mE20250901 21:37:20.563095 140088252630784 output_stream.cpp:105] Opened result file: ./profiles/standalone_attn_prefill_and_decode_tp8_prefill_then_decode4_512_32_2048160_agent_info.csv
[m[0;33mW20250901 21:37:29.061543 140088252630784 tool.cpp:1902] rocprofv3_error_signal_handler caught signal 11...
[m# ---- Run standalone_attn_prefill_and_decode_tp8_prefill_then_decode4_512_32_4096160 ----
INFO 09-01 21:37:34 [__init__.py:244] Automatically detected platform rocm.
[0;31mE20250901 21:37:49.477014 140527934568192 output_stream.cpp:105] Opened result file: ./profiles/standalone_attn_prefill_and_decode_tp8_prefill_then_decode4_512_32_4096160_kernel_trace.csv
[m[0;31mE20250901 21:37:49.482973 140527934568192 output_stream.cpp:105] Opened result file: ./profiles/standalone_attn_prefill_and_decode_tp8_prefill_then_decode4_512_32_4096160_agent_info.csv
[m[0;33mW20250901 21:37:58.352575 140527934568192 tool.cpp:1902] rocprofv3_error_signal_handler caught signal 11...
[m# ---- Run standalone_attn_prefill_and_decode_tp8_prefill_then_decode4_512_32_8192160 ----
INFO 09-01 21:38:03 [__init__.py:244] Automatically detected platform rocm.
[0;31mE20250901 21:38:18.459942 140313038825216 output_stream.cpp:105] Opened result file: ./profiles/standalone_attn_prefill_and_decode_tp8_prefill_then_decode4_512_32_8192160_kernel_trace.csv
[m[0;31mE20250901 21:38:18.465873 140313038825216 output_stream.cpp:105] Opened result file: ./profiles/standalone_attn_prefill_and_decode_tp8_prefill_then_decode4_512_32_8192160_agent_info.csv
[m[0;33mW20250901 21:38:27.345892 140313038825216 tool.cpp:1902] rocprofv3_error_signal_handler caught signal 11...
[m# ---- Run standalone_attn_prefill_and_decode_tp8_prefill_then_decode4_512_64_256160 ----
INFO 09-01 21:38:32 [__init__.py:244] Automatically detected platform rocm.
[0;31mE20250901 21:38:47.326926 140589820217088 output_stream.cpp:105] Opened result file: ./profiles/standalone_attn_prefill_and_decode_tp8_prefill_then_decode4_512_64_256160_kernel_trace.csv
[m[0;31mE20250901 21:38:47.332959 140589820217088 output_stream.cpp:105] Opened result file: ./profiles/standalone_attn_prefill_and_decode_tp8_prefill_then_decode4_512_64_256160_agent_info.csv
[m[0;33mW20250901 21:38:55.797751 140589820217088 tool.cpp:1902] rocprofv3_error_signal_handler caught signal 11...
[m# ---- Run standalone_attn_prefill_and_decode_tp8_prefill_then_decode4_512_64_512160 ----
INFO 09-01 21:39:00 [__init__.py:244] Automatically detected platform rocm.
[0;31mE20250901 21:39:16.308389 140534695192320 output_stream.cpp:105] Opened result file: ./profiles/standalone_attn_prefill_and_decode_tp8_prefill_then_decode4_512_64_512160_kernel_trace.csv
[m[0;31mE20250901 21:39:16.314509 140534695192320 output_stream.cpp:105] Opened result file: ./profiles/standalone_attn_prefill_and_decode_tp8_prefill_then_decode4_512_64_512160_agent_info.csv
[m[0;33mW20250901 21:39:25.253470 140534695192320 tool.cpp:1902] rocprofv3_error_signal_handler caught signal 11...
[m# ---- Run standalone_attn_prefill_and_decode_tp8_prefill_then_decode4_512_64_1024160 ----
INFO 09-01 21:39:30 [__init__.py:244] Automatically detected platform rocm.
[0;31mE20250901 21:39:45.437251 140285077210880 output_stream.cpp:105] Opened result file: ./profiles/standalone_attn_prefill_and_decode_tp8_prefill_then_decode4_512_64_1024160_kernel_trace.csv
[m[0;31mE20250901 21:39:45.443179 140285077210880 output_stream.cpp:105] Opened result file: ./profiles/standalone_attn_prefill_and_decode_tp8_prefill_then_decode4_512_64_1024160_agent_info.csv
[m[0;33mW20250901 21:39:54.059619 140285077210880 tool.cpp:1902] rocprofv3_error_signal_handler caught signal 11...
[m# ---- Run standalone_attn_prefill_and_decode_tp8_prefill_then_decode4_512_64_2048160 ----
INFO 09-01 21:39:58 [__init__.py:244] Automatically detected platform rocm.
[0;31mE20250901 21:40:14.160296 139675460974336 output_stream.cpp:105] Opened result file: ./profiles/standalone_attn_prefill_and_decode_tp8_prefill_then_decode4_512_64_2048160_kernel_trace.csv
[m[0;31mE20250901 21:40:14.166757 139675460974336 output_stream.cpp:105] Opened result file: ./profiles/standalone_attn_prefill_and_decode_tp8_prefill_then_decode4_512_64_2048160_agent_info.csv
[m[0;33mW20250901 21:40:22.989715 139675460974336 tool.cpp:1902] rocprofv3_error_signal_handler caught signal 11...
[m# ---- Run standalone_attn_prefill_and_decode_tp8_prefill_then_decode4_512_64_4096160 ----
INFO 09-01 21:40:27 [__init__.py:244] Automatically detected platform rocm.
[0;31mE20250901 21:40:43.389910 140332494456576 output_stream.cpp:105] Opened result file: ./profiles/standalone_attn_prefill_and_decode_tp8_prefill_then_decode4_512_64_4096160_kernel_trace.csv
[m[0;31mE20250901 21:40:43.396338 140332494456576 output_stream.cpp:105] Opened result file: ./profiles/standalone_attn_prefill_and_decode_tp8_prefill_then_decode4_512_64_4096160_agent_info.csv
[m[0;33mW20250901 21:40:52.663023 140332494456576 tool.cpp:1902] rocprofv3_error_signal_handler caught signal 11...
[m# ---- Run standalone_attn_prefill_and_decode_tp8_prefill_then_decode4_512_64_8192160 ----
INFO 09-01 21:40:57 [__init__.py:244] Automatically detected platform rocm.
[0;31mE20250901 21:41:12.885217 140626261354240 output_stream.cpp:105] Opened result file: ./profiles/standalone_attn_prefill_and_decode_tp8_prefill_then_decode4_512_64_8192160_kernel_trace.csv
[m[0;31mE20250901 21:41:12.891491 140626261354240 output_stream.cpp:105] Opened result file: ./profiles/standalone_attn_prefill_and_decode_tp8_prefill_then_decode4_512_64_8192160_agent_info.csv
[m[0;33mW20250901 21:41:21.705122 140626261354240 tool.cpp:1902] rocprofv3_error_signal_handler caught signal 11...
[m# ---- Run standalone_attn_prefill_and_decode_tp8_prefill_then_decode4_512_128_256160 ----
INFO 09-01 21:41:26 [__init__.py:244] Automatically detected platform rocm.
[0;31mE20250901 21:41:41.428885 140350135506688 output_stream.cpp:105] Opened result file: ./profiles/standalone_attn_prefill_and_decode_tp8_prefill_then_decode4_512_128_256160_kernel_trace.csv
[m[0;31mE20250901 21:41:41.434960 140350135506688 output_stream.cpp:105] Opened result file: ./profiles/standalone_attn_prefill_and_decode_tp8_prefill_then_decode4_512_128_256160_agent_info.csv
[m[0;33mW20250901 21:41:49.918526 140350135506688 tool.cpp:1902] rocprofv3_error_signal_handler caught signal 11...
[m# ---- Run standalone_attn_prefill_and_decode_tp8_prefill_then_decode4_512_128_512160 ----
INFO 09-01 21:41:54 [__init__.py:244] Automatically detected platform rocm.
[0;31mE20250901 21:42:09.512250 140415188997888 output_stream.cpp:105] Opened result file: ./profiles/standalone_attn_prefill_and_decode_tp8_prefill_then_decode4_512_128_512160_kernel_trace.csv
[m[0;31mE20250901 21:42:09.518592 140415188997888 output_stream.cpp:105] Opened result file: ./profiles/standalone_attn_prefill_and_decode_tp8_prefill_then_decode4_512_128_512160_agent_info.csv
[m[0;33mW20250901 21:42:17.962492 140415188997888 tool.cpp:1902] rocprofv3_error_signal_handler caught signal 11...
[m# ---- Run standalone_attn_prefill_and_decode_tp8_prefill_then_decode4_512_128_1024160 ----
INFO 09-01 21:42:22 [__init__.py:244] Automatically detected platform rocm.
[0;31mE20250901 21:42:37.610452 140274793674496 output_stream.cpp:105] Opened result file: ./profiles/standalone_attn_prefill_and_decode_tp8_prefill_then_decode4_512_128_1024160_kernel_trace.csv
[m[0;31mE20250901 21:42:37.617246 140274793674496 output_stream.cpp:105] Opened result file: ./profiles/standalone_attn_prefill_and_decode_tp8_prefill_then_decode4_512_128_1024160_agent_info.csv
[m[0;33mW20250901 21:42:46.071144 140274793674496 tool.cpp:1902] rocprofv3_error_signal_handler caught signal 11...
[m# ---- Run standalone_attn_prefill_and_decode_tp8_prefill_then_decode4_512_128_2048160 ----
INFO 09-01 21:42:50 [__init__.py:244] Automatically detected platform rocm.
[0;31mE20250901 21:43:05.391852 140427890624256 output_stream.cpp:105] Opened result file: ./profiles/standalone_attn_prefill_and_decode_tp8_prefill_then_decode4_512_128_2048160_kernel_trace.csv
[m[0;31mE20250901 21:43:05.398333 140427890624256 output_stream.cpp:105] Opened result file: ./profiles/standalone_attn_prefill_and_decode_tp8_prefill_then_decode4_512_128_2048160_agent_info.csv
[m[0;33mW20250901 21:43:13.829465 140427890624256 tool.cpp:1902] rocprofv3_error_signal_handler caught signal 11...
[m# ---- Run standalone_attn_prefill_and_decode_tp8_prefill_then_decode4_512_128_4096160 ----
INFO 09-01 21:43:18 [__init__.py:244] Automatically detected platform rocm.
[0;31mE20250901 21:43:33.580246 140091074819840 output_stream.cpp:105] Opened result file: ./profiles/standalone_attn_prefill_and_decode_tp8_prefill_then_decode4_512_128_4096160_kernel_trace.csv
[m[0;31mE20250901 21:43:33.586754 140091074819840 output_stream.cpp:105] Opened result file: ./profiles/standalone_attn_prefill_and_decode_tp8_prefill_then_decode4_512_128_4096160_agent_info.csv
[m[0;33mW20250901 21:43:42.387422 140091074819840 tool.cpp:1902] rocprofv3_error_signal_handler caught signal 11...
[m# ---- Run standalone_attn_prefill_and_decode_tp8_prefill_then_decode4_512_128_8192160 ----
INFO 09-01 21:43:47 [__init__.py:244] Automatically detected platform rocm.
[0;31mE20250901 21:44:02.253754 140322118084352 output_stream.cpp:105] Opened result file: ./profiles/standalone_attn_prefill_and_decode_tp8_prefill_then_decode4_512_128_8192160_kernel_trace.csv
[m[0;31mE20250901 21:44:02.259943 140322118084352 output_stream.cpp:105] Opened result file: ./profiles/standalone_attn_prefill_and_decode_tp8_prefill_then_decode4_512_128_8192160_agent_info.csv
[m[0;33mW20250901 21:44:10.792983 140322118084352 tool.cpp:1902] rocprofv3_error_signal_handler caught signal 11...
[m# ---- Run standalone_attn_prefill_and_decode_tp8_prefill_then_decode4_1024_1_256160 ----
INFO 09-01 21:44:15 [__init__.py:244] Automatically detected platform rocm.
[0;31mE20250901 21:44:31.168737 140527362860800 output_stream.cpp:105] Opened result file: ./profiles/standalone_attn_prefill_and_decode_tp8_prefill_then_decode4_1024_1_256160_kernel_trace.csv
[m[0;31mE20250901 21:44:31.174858 140527362860800 output_stream.cpp:105] Opened result file: ./profiles/standalone_attn_prefill_and_decode_tp8_prefill_then_decode4_1024_1_256160_agent_info.csv
[m[0;33mW20250901 21:44:40.151139 140527362860800 tool.cpp:1902] rocprofv3_error_signal_handler caught signal 11...
[m# ---- Run standalone_attn_prefill_and_decode_tp8_prefill_then_decode4_1024_1_512160 ----
INFO 09-01 21:44:45 [__init__.py:244] Automatically detected platform rocm.
[0;31mE20250901 21:45:00.155949 140604522161920 output_stream.cpp:105] Opened result file: ./profiles/standalone_attn_prefill_and_decode_tp8_prefill_then_decode4_1024_1_512160_kernel_trace.csv
[m[0;31mE20250901 21:45:00.162120 140604522161920 output_stream.cpp:105] Opened result file: ./profiles/standalone_attn_prefill_and_decode_tp8_prefill_then_decode4_1024_1_512160_agent_info.csv
[m[0;33mW20250901 21:45:08.612885 140604522161920 tool.cpp:1902] rocprofv3_error_signal_handler caught signal 11...
[m# ---- Run standalone_attn_prefill_and_decode_tp8_prefill_then_decode4_1024_1_1024160 ----
INFO 09-01 21:45:13 [__init__.py:244] Automatically detected platform rocm.
[0;31mE20250901 21:45:28.492116 140372892432128 output_stream.cpp:105] Opened result file: ./profiles/standalone_attn_prefill_and_decode_tp8_prefill_then_decode4_1024_1_1024160_kernel_trace.csv
[m[0;31mE20250901 21:45:28.498144 140372892432128 output_stream.cpp:105] Opened result file: ./profiles/standalone_attn_prefill_and_decode_tp8_prefill_then_decode4_1024_1_1024160_agent_info.csv
[m[0;33mW20250901 21:45:37.047775 140372892432128 tool.cpp:1902] rocprofv3_error_signal_handler caught signal 11...
[m# ---- Run standalone_attn_prefill_and_decode_tp8_prefill_then_decode4_1024_1_2048160 ----
INFO 09-01 21:45:42 [__init__.py:244] Automatically detected platform rocm.
[0;31mE20250901 21:45:57.155164 140652042020608 output_stream.cpp:105] Opened result file: ./profiles/standalone_attn_prefill_and_decode_tp8_prefill_then_decode4_1024_1_2048160_kernel_trace.csv
[m[0;31mE20250901 21:45:57.161154 140652042020608 output_stream.cpp:105] Opened result file: ./profiles/standalone_attn_prefill_and_decode_tp8_prefill_then_decode4_1024_1_2048160_agent_info.csv
[m[0;33mW20250901 21:46:05.612547 140652042020608 tool.cpp:1902] rocprofv3_error_signal_handler caught signal 11...
[m# ---- Run standalone_attn_prefill_and_decode_tp8_prefill_then_decode4_1024_1_4096160 ----
INFO 09-01 21:46:10 [__init__.py:244] Automatically detected platform rocm.
[0;31mE20250901 21:46:25.662544 139987624851200 output_stream.cpp:105] Opened result file: ./profiles/standalone_attn_prefill_and_decode_tp8_prefill_then_decode4_1024_1_4096160_kernel_trace.csv
[m[0;31mE20250901 21:46:25.668558 139987624851200 output_stream.cpp:105] Opened result file: ./profiles/standalone_attn_prefill_and_decode_tp8_prefill_then_decode4_1024_1_4096160_agent_info.csv
[m[0;33mW20250901 21:46:34.228285 139987624851200 tool.cpp:1902] rocprofv3_error_signal_handler caught signal 11...
[m# ---- Run standalone_attn_prefill_and_decode_tp8_prefill_then_decode4_1024_1_8192160 ----
INFO 09-01 21:46:39 [__init__.py:244] Automatically detected platform rocm.
[0;31mE20250901 21:46:54.467167 139995082352384 output_stream.cpp:105] Opened result file: ./profiles/standalone_attn_prefill_and_decode_tp8_prefill_then_decode4_1024_1_8192160_kernel_trace.csv
[m[0;31mE20250901 21:46:54.473028 139995082352384 output_stream.cpp:105] Opened result file: ./profiles/standalone_attn_prefill_and_decode_tp8_prefill_then_decode4_1024_1_8192160_agent_info.csv
[m[0;33mW20250901 21:47:03.228637 139995082352384 tool.cpp:1902] rocprofv3_error_signal_handler caught signal 11...
[m# ---- Run standalone_attn_prefill_and_decode_tp8_prefill_then_decode4_1024_2_256160 ----
INFO 09-01 21:47:08 [__init__.py:244] Automatically detected platform rocm.
[0;31mE20250901 21:47:23.301267 140188502980352 output_stream.cpp:105] Opened result file: ./profiles/standalone_attn_prefill_and_decode_tp8_prefill_then_decode4_1024_2_256160_kernel_trace.csv
[m[0;31mE20250901 21:47:23.307312 140188502980352 output_stream.cpp:105] Opened result file: ./profiles/standalone_attn_prefill_and_decode_tp8_prefill_then_decode4_1024_2_256160_agent_info.csv
[m[0;33mW20250901 21:47:31.425656 140188502980352 tool.cpp:1902] rocprofv3_error_signal_handler caught signal 11...
[m# ---- Run standalone_attn_prefill_and_decode_tp8_prefill_then_decode4_1024_2_512160 ----
INFO 09-01 21:47:36 [__init__.py:244] Automatically detected platform rocm.
[0;31mE20250901 21:47:51.473668 140123146295040 output_stream.cpp:105] Opened result file: ./profiles/standalone_attn_prefill_and_decode_tp8_prefill_then_decode4_1024_2_512160_kernel_trace.csv
[m[0;31mE20250901 21:47:51.479644 140123146295040 output_stream.cpp:105] Opened result file: ./profiles/standalone_attn_prefill_and_decode_tp8_prefill_then_decode4_1024_2_512160_agent_info.csv
[m[0;33mW20250901 21:48:00.261977 140123146295040 tool.cpp:1902] rocprofv3_error_signal_handler caught signal 11...
[m# ---- Run standalone_attn_prefill_and_decode_tp8_prefill_then_decode4_1024_2_1024160 ----
INFO 09-01 21:48:05 [__init__.py:244] Automatically detected platform rocm.
[0;31mE20250901 21:48:20.230223 140019079096064 output_stream.cpp:105] Opened result file: ./profiles/standalone_attn_prefill_and_decode_tp8_prefill_then_decode4_1024_2_1024160_kernel_trace.csv
[m[0;31mE20250901 21:48:20.236223 140019079096064 output_stream.cpp:105] Opened result file: ./profiles/standalone_attn_prefill_and_decode_tp8_prefill_then_decode4_1024_2_1024160_agent_info.csv
[m[0;33mW20250901 21:48:29.004870 140019079096064 tool.cpp:1902] rocprofv3_error_signal_handler caught signal 11...
[m# ---- Run standalone_attn_prefill_and_decode_tp8_prefill_then_decode4_1024_2_2048160 ----
INFO 09-01 21:48:33 [__init__.py:244] Automatically detected platform rocm.
[0;31mE20250901 21:48:48.837653 140353258915584 output_stream.cpp:105] Opened result file: ./profiles/standalone_attn_prefill_and_decode_tp8_prefill_then_decode4_1024_2_2048160_kernel_trace.csv
[m[0;31mE20250901 21:48:48.843536 140353258915584 output_stream.cpp:105] Opened result file: ./profiles/standalone_attn_prefill_and_decode_tp8_prefill_then_decode4_1024_2_2048160_agent_info.csv
[m[0;33mW20250901 21:48:57.147226 140353258915584 tool.cpp:1902] rocprofv3_error_signal_handler caught signal 11...
[m# ---- Run standalone_attn_prefill_and_decode_tp8_prefill_then_decode4_1024_2_4096160 ----
INFO 09-01 21:49:01 [__init__.py:244] Automatically detected platform rocm.
[0;31mE20250901 21:49:17.253448 139686946735872 output_stream.cpp:105] Opened result file: ./profiles/standalone_attn_prefill_and_decode_tp8_prefill_then_decode4_1024_2_4096160_kernel_trace.csv
[m[0;31mE20250901 21:49:17.259225 139686946735872 output_stream.cpp:105] Opened result file: ./profiles/standalone_attn_prefill_and_decode_tp8_prefill_then_decode4_1024_2_4096160_agent_info.csv
[m[0;33mW20250901 21:49:25.727155 139686946735872 tool.cpp:1902] rocprofv3_error_signal_handler caught signal 11...
[m# ---- Run standalone_attn_prefill_and_decode_tp8_prefill_then_decode4_1024_2_8192160 ----
INFO 09-01 21:49:30 [__init__.py:244] Automatically detected platform rocm.
[0;31mE20250901 21:49:45.853414 140262453049088 output_stream.cpp:105] Opened result file: ./profiles/standalone_attn_prefill_and_decode_tp8_prefill_then_decode4_1024_2_8192160_kernel_trace.csv
[m[0;31mE20250901 21:49:45.859185 140262453049088 output_stream.cpp:105] Opened result file: ./profiles/standalone_attn_prefill_and_decode_tp8_prefill_then_decode4_1024_2_8192160_agent_info.csv
[m[0;33mW20250901 21:49:54.581215 140262453049088 tool.cpp:1902] rocprofv3_error_signal_handler caught signal 11...
[m# ---- Run standalone_attn_prefill_and_decode_tp8_prefill_then_decode4_1024_4_256160 ----
INFO 09-01 21:49:59 [__init__.py:244] Automatically detected platform rocm.
[0;31mE20250901 21:50:14.824177 140146323953408 output_stream.cpp:105] Opened result file: ./profiles/standalone_attn_prefill_and_decode_tp8_prefill_then_decode4_1024_4_256160_kernel_trace.csv
[m[0;31mE20250901 21:50:14.830887 140146323953408 output_stream.cpp:105] Opened result file: ./profiles/standalone_attn_prefill_and_decode_tp8_prefill_then_decode4_1024_4_256160_agent_info.csv
[m[0;33mW20250901 21:50:23.547409 140146323953408 tool.cpp:1902] rocprofv3_error_signal_handler caught signal 11...
[m# ---- Run standalone_attn_prefill_and_decode_tp8_prefill_then_decode4_1024_4_512160 ----
INFO 09-01 21:50:28 [__init__.py:244] Automatically detected platform rocm.
[0;31mE20250901 21:50:43.838802 140433172403968 output_stream.cpp:105] Opened result file: ./profiles/standalone_attn_prefill_and_decode_tp8_prefill_then_decode4_1024_4_512160_kernel_trace.csv
[m[0;31mE20250901 21:50:43.845347 140433172403968 output_stream.cpp:105] Opened result file: ./profiles/standalone_attn_prefill_and_decode_tp8_prefill_then_decode4_1024_4_512160_agent_info.csv
[m[0;33mW20250901 21:50:52.796756 140433172403968 tool.cpp:1902] rocprofv3_error_signal_handler caught signal 11...
[m# ---- Run standalone_attn_prefill_and_decode_tp8_prefill_then_decode4_1024_4_1024160 ----
INFO 09-01 21:50:57 [__init__.py:244] Automatically detected platform rocm.
[0;31mE20250901 21:51:12.779779 139672946231040 output_stream.cpp:105] Opened result file: ./profiles/standalone_attn_prefill_and_decode_tp8_prefill_then_decode4_1024_4_1024160_kernel_trace.csv
[m[0;31mE20250901 21:51:12.786571 139672946231040 output_stream.cpp:105] Opened result file: ./profiles/standalone_attn_prefill_and_decode_tp8_prefill_then_decode4_1024_4_1024160_agent_info.csv
[m[0;33mW20250901 21:51:21.668298 139672946231040 tool.cpp:1902] rocprofv3_error_signal_handler caught signal 11...
[m# ---- Run standalone_attn_prefill_and_decode_tp8_prefill_then_decode4_1024_4_2048160 ----
INFO 09-01 21:51:26 [__init__.py:244] Automatically detected platform rocm.
[0;31mE20250901 21:51:41.644299 139999223191296 output_stream.cpp:105] Opened result file: ./profiles/standalone_attn_prefill_and_decode_tp8_prefill_then_decode4_1024_4_2048160_kernel_trace.csv
[m[0;31mE20250901 21:51:41.650336 139999223191296 output_stream.cpp:105] Opened result file: ./profiles/standalone_attn_prefill_and_decode_tp8_prefill_then_decode4_1024_4_2048160_agent_info.csv
[m[0;33mW20250901 21:51:50.476439 139999223191296 tool.cpp:1902] rocprofv3_error_signal_handler caught signal 11...
[m# ---- Run standalone_attn_prefill_and_decode_tp8_prefill_then_decode4_1024_4_4096160 ----
INFO 09-01 21:51:55 [__init__.py:244] Automatically detected platform rocm.
[0;31mE20250901 21:52:10.355824 139971971692288 output_stream.cpp:105] Opened result file: ./profiles/standalone_attn_prefill_and_decode_tp8_prefill_then_decode4_1024_4_4096160_kernel_trace.csv
[m[0;31mE20250901 21:52:10.361997 139971971692288 output_stream.cpp:105] Opened result file: ./profiles/standalone_attn_prefill_and_decode_tp8_prefill_then_decode4_1024_4_4096160_agent_info.csv
[m[0;33mW20250901 21:52:19.228772 139971971692288 tool.cpp:1902] rocprofv3_error_signal_handler caught signal 11...
[m# ---- Run standalone_attn_prefill_and_decode_tp8_prefill_then_decode4_1024_4_8192160 ----
INFO 09-01 21:52:24 [__init__.py:244] Automatically detected platform rocm.
[0;31mE20250901 21:52:39.035676 140495079741184 output_stream.cpp:105] Opened result file: ./profiles/standalone_attn_prefill_and_decode_tp8_prefill_then_decode4_1024_4_8192160_kernel_trace.csv
[m[0;31mE20250901 21:52:39.041578 140495079741184 output_stream.cpp:105] Opened result file: ./profiles/standalone_attn_prefill_and_decode_tp8_prefill_then_decode4_1024_4_8192160_agent_info.csv
[m[0;33mW20250901 21:52:47.436860 140495079741184 tool.cpp:1902] rocprofv3_error_signal_handler caught signal 11...
[m# ---- Run standalone_attn_prefill_and_decode_tp8_prefill_then_decode4_1024_8_256160 ----
INFO 09-01 21:52:52 [__init__.py:244] Automatically detected platform rocm.
[0;31mE20250901 21:53:07.679509 139857350489856 output_stream.cpp:105] Opened result file: ./profiles/standalone_attn_prefill_and_decode_tp8_prefill_then_decode4_1024_8_256160_kernel_trace.csv
[m[0;31mE20250901 21:53:07.685290 139857350489856 output_stream.cpp:105] Opened result file: ./profiles/standalone_attn_prefill_and_decode_tp8_prefill_then_decode4_1024_8_256160_agent_info.csv
[m[0;33mW20250901 21:53:16.570178 139857350489856 tool.cpp:1902] rocprofv3_error_signal_handler caught signal 11...
[m# ---- Run standalone_attn_prefill_and_decode_tp8_prefill_then_decode4_1024_8_512160 ----
INFO 09-01 21:53:21 [__init__.py:244] Automatically detected platform rocm.
[0;31mE20250901 21:53:36.663617 140718002378496 output_stream.cpp:105] Opened result file: ./profiles/standalone_attn_prefill_and_decode_tp8_prefill_then_decode4_1024_8_512160_kernel_trace.csv
[m[0;31mE20250901 21:53:36.670290 140718002378496 output_stream.cpp:105] Opened result file: ./profiles/standalone_attn_prefill_and_decode_tp8_prefill_then_decode4_1024_8_512160_agent_info.csv
[m[0;33mW20250901 21:53:45.648443 140718002378496 tool.cpp:1902] rocprofv3_error_signal_handler caught signal 11...
[m# ---- Run standalone_attn_prefill_and_decode_tp8_prefill_then_decode4_1024_8_1024160 ----
INFO 09-01 21:53:50 [__init__.py:244] Automatically detected platform rocm.
[0;31mE20250901 21:54:05.762409 139968130852608 output_stream.cpp:105] Opened result file: ./profiles/standalone_attn_prefill_and_decode_tp8_prefill_then_decode4_1024_8_1024160_kernel_trace.csv
[m[0;31mE20250901 21:54:05.770019 139968130852608 output_stream.cpp:105] Opened result file: ./profiles/standalone_attn_prefill_and_decode_tp8_prefill_then_decode4_1024_8_1024160_agent_info.csv
[m[0;33mW20250901 21:54:14.150438 139968130852608 tool.cpp:1902] rocprofv3_error_signal_handler caught signal 11...
[m# ---- Run standalone_attn_prefill_and_decode_tp8_prefill_then_decode4_1024_8_2048160 ----
INFO 09-01 21:54:19 [__init__.py:244] Automatically detected platform rocm.
[0;31mE20250901 21:54:34.347054 139709786031872 output_stream.cpp:105] Opened result file: ./profiles/standalone_attn_prefill_and_decode_tp8_prefill_then_decode4_1024_8_2048160_kernel_trace.csv
[m[0;31mE20250901 21:54:34.352944 139709786031872 output_stream.cpp:105] Opened result file: ./profiles/standalone_attn_prefill_and_decode_tp8_prefill_then_decode4_1024_8_2048160_agent_info.csv
[m[0;33mW20250901 21:54:42.960170 139709786031872 tool.cpp:1902] rocprofv3_error_signal_handler caught signal 11...
[m# ---- Run standalone_attn_prefill_and_decode_tp8_prefill_then_decode4_1024_8_4096160 ----
INFO 09-01 21:54:47 [__init__.py:244] Automatically detected platform rocm.
[0;31mE20250901 21:55:03.178257 140008375199488 output_stream.cpp:105] Opened result file: ./profiles/standalone_attn_prefill_and_decode_tp8_prefill_then_decode4_1024_8_4096160_kernel_trace.csv
[m[0;31mE20250901 21:55:03.185143 140008375199488 output_stream.cpp:105] Opened result file: ./profiles/standalone_attn_prefill_and_decode_tp8_prefill_then_decode4_1024_8_4096160_agent_info.csv
[m[0;33mW20250901 21:55:12.163211 140008375199488 tool.cpp:1902] rocprofv3_error_signal_handler caught signal 11...
[m# ---- Run standalone_attn_prefill_and_decode_tp8_prefill_then_decode4_1024_8_8192160 ----
INFO 09-01 21:55:17 [__init__.py:244] Automatically detected platform rocm.
[0;31mE20250901 21:55:32.479857 140042075870976 output_stream.cpp:105] Opened result file: ./profiles/standalone_attn_prefill_and_decode_tp8_prefill_then_decode4_1024_8_8192160_kernel_trace.csv
[m[0;31mE20250901 21:55:32.486740 140042075870976 output_stream.cpp:105] Opened result file: ./profiles/standalone_attn_prefill_and_decode_tp8_prefill_then_decode4_1024_8_8192160_agent_info.csv
[m[0;33mW20250901 21:55:40.926355 140042075870976 tool.cpp:1902] rocprofv3_error_signal_handler caught signal 11...
[m# ---- Run standalone_attn_prefill_and_decode_tp8_prefill_then_decode4_1024_16_256160 ----
INFO 09-01 21:55:45 [__init__.py:244] Automatically detected platform rocm.
[0;31mE20250901 21:56:01.061787 139803829225216 output_stream.cpp:105] Opened result file: ./profiles/standalone_attn_prefill_and_decode_tp8_prefill_then_decode4_1024_16_256160_kernel_trace.csv
[m[0;31mE20250901 21:56:01.068755 139803829225216 output_stream.cpp:105] Opened result file: ./profiles/standalone_attn_prefill_and_decode_tp8_prefill_then_decode4_1024_16_256160_agent_info.csv
[m[0;33mW20250901 21:56:10.189505 139803829225216 tool.cpp:1902] rocprofv3_error_signal_handler caught signal 11...
[m# ---- Run standalone_attn_prefill_and_decode_tp8_prefill_then_decode4_1024_16_512160 ----
INFO 09-01 21:56:14 [__init__.py:244] Automatically detected platform rocm.
[0;31mE20250901 21:56:29.943163 139981134157568 output_stream.cpp:105] Opened result file: ./profiles/standalone_attn_prefill_and_decode_tp8_prefill_then_decode4_1024_16_512160_kernel_trace.csv
[m[0;31mE20250901 21:56:29.949489 139981134157568 output_stream.cpp:105] Opened result file: ./profiles/standalone_attn_prefill_and_decode_tp8_prefill_then_decode4_1024_16_512160_agent_info.csv
[m[0;33mW20250901 21:56:38.745447 139981134157568 tool.cpp:1902] rocprofv3_error_signal_handler caught signal 11...
[m# ---- Run standalone_attn_prefill_and_decode_tp8_prefill_then_decode4_1024_16_1024160 ----
INFO 09-01 21:56:43 [__init__.py:244] Automatically detected platform rocm.
[0;31mE20250901 21:56:59.015732 140395053758208 output_stream.cpp:105] Opened result file: ./profiles/standalone_attn_prefill_and_decode_tp8_prefill_then_decode4_1024_16_1024160_kernel_trace.csv
[m[0;31mE20250901 21:56:59.021599 140395053758208 output_stream.cpp:105] Opened result file: ./profiles/standalone_attn_prefill_and_decode_tp8_prefill_then_decode4_1024_16_1024160_agent_info.csv
[m[0;33mW20250901 21:57:07.999903 140395053758208 tool.cpp:1902] rocprofv3_error_signal_handler caught signal 11...
[m# ---- Run standalone_attn_prefill_and_decode_tp8_prefill_then_decode4_1024_16_2048160 ----
INFO 09-01 21:57:12 [__init__.py:244] Automatically detected platform rocm.
[0;31mE20250901 21:57:28.349615 139772758112000 output_stream.cpp:105] Opened result file: ./profiles/standalone_attn_prefill_and_decode_tp8_prefill_then_decode4_1024_16_2048160_kernel_trace.csv
[m[0;31mE20250901 21:57:28.355783 139772758112000 output_stream.cpp:105] Opened result file: ./profiles/standalone_attn_prefill_and_decode_tp8_prefill_then_decode4_1024_16_2048160_agent_info.csv
[m[0;33mW20250901 21:57:37.587270 139772758112000 tool.cpp:1902] rocprofv3_error_signal_handler caught signal 11...
[m# ---- Run standalone_attn_prefill_and_decode_tp8_prefill_then_decode4_1024_16_4096160 ----
INFO 09-01 21:57:42 [__init__.py:244] Automatically detected platform rocm.
[0;31mE20250901 21:57:58.271758 140490201691904 output_stream.cpp:105] Opened result file: ./profiles/standalone_attn_prefill_and_decode_tp8_prefill_then_decode4_1024_16_4096160_kernel_trace.csv
[m[0;31mE20250901 21:57:58.278656 140490201691904 output_stream.cpp:105] Opened result file: ./profiles/standalone_attn_prefill_and_decode_tp8_prefill_then_decode4_1024_16_4096160_agent_info.csv
[m[0;33mW20250901 21:58:07.788134 140490201691904 tool.cpp:1902] rocprofv3_error_signal_handler caught signal 11...
[m# ---- Run standalone_attn_prefill_and_decode_tp8_prefill_then_decode4_1024_16_8192160 ----
INFO 09-01 21:58:12 [__init__.py:244] Automatically detected platform rocm.
[0;31mE20250901 21:58:27.985472 140506316556032 output_stream.cpp:105] Opened result file: ./profiles/standalone_attn_prefill_and_decode_tp8_prefill_then_decode4_1024_16_8192160_kernel_trace.csv
[m[0;31mE20250901 21:58:27.992286 140506316556032 output_stream.cpp:105] Opened result file: ./profiles/standalone_attn_prefill_and_decode_tp8_prefill_then_decode4_1024_16_8192160_agent_info.csv
[m[0;33mW20250901 21:58:36.710018 140506316556032 tool.cpp:1902] rocprofv3_error_signal_handler caught signal 11...
[m# ---- Run standalone_attn_prefill_and_decode_tp8_prefill_then_decode4_1024_32_256160 ----
INFO 09-01 21:58:41 [__init__.py:244] Automatically detected platform rocm.
[0;31mE20250901 21:58:56.796651 139805681215232 output_stream.cpp:105] Opened result file: ./profiles/standalone_attn_prefill_and_decode_tp8_prefill_then_decode4_1024_32_256160_kernel_trace.csv
[m[0;31mE20250901 21:58:56.802627 139805681215232 output_stream.cpp:105] Opened result file: ./profiles/standalone_attn_prefill_and_decode_tp8_prefill_then_decode4_1024_32_256160_agent_info.csv
[m[0;33mW20250901 21:59:06.007503 139805681215232 tool.cpp:1902] rocprofv3_error_signal_handler caught signal 11...
[m# ---- Run standalone_attn_prefill_and_decode_tp8_prefill_then_decode4_1024_32_512160 ----
INFO 09-01 21:59:10 [__init__.py:244] Automatically detected platform rocm.
[0;31mE20250901 21:59:26.098814 140094524921600 output_stream.cpp:105] Opened result file: ./profiles/standalone_attn_prefill_and_decode_tp8_prefill_then_decode4_1024_32_512160_kernel_trace.csv
[m[0;31mE20250901 21:59:26.105149 140094524921600 output_stream.cpp:105] Opened result file: ./profiles/standalone_attn_prefill_and_decode_tp8_prefill_then_decode4_1024_32_512160_agent_info.csv
[m[0;33mW20250901 21:59:35.057480 140094524921600 tool.cpp:1902] rocprofv3_error_signal_handler caught signal 11...
[m# ---- Run standalone_attn_prefill_and_decode_tp8_prefill_then_decode4_1024_32_1024160 ----
INFO 09-01 21:59:39 [__init__.py:244] Automatically detected platform rocm.
[0;31mE20250901 21:59:55.060089 140648611485440 output_stream.cpp:105] Opened result file: ./profiles/standalone_attn_prefill_and_decode_tp8_prefill_then_decode4_1024_32_1024160_kernel_trace.csv
[m[0;31mE20250901 21:59:55.066072 140648611485440 output_stream.cpp:105] Opened result file: ./profiles/standalone_attn_prefill_and_decode_tp8_prefill_then_decode4_1024_32_1024160_agent_info.csv
[m[0;33mW20250901 22:00:03.975548 140648611485440 tool.cpp:1902] rocprofv3_error_signal_handler caught signal 11...
[m# ---- Run standalone_attn_prefill_and_decode_tp8_prefill_then_decode4_1024_32_2048160 ----
INFO 09-01 22:00:08 [__init__.py:244] Automatically detected platform rocm.
[0;31mE20250901 22:00:24.257092 139776670369536 output_stream.cpp:105] Opened result file: ./profiles/standalone_attn_prefill_and_decode_tp8_prefill_then_decode4_1024_32_2048160_kernel_trace.csv
[m[0;31mE20250901 22:00:24.263256 139776670369536 output_stream.cpp:105] Opened result file: ./profiles/standalone_attn_prefill_and_decode_tp8_prefill_then_decode4_1024_32_2048160_agent_info.csv
[m[0;33mW20250901 22:00:33.419393 139776670369536 tool.cpp:1902] rocprofv3_error_signal_handler caught signal 11...
[m# ---- Run standalone_attn_prefill_and_decode_tp8_prefill_then_decode4_1024_32_4096160 ----
INFO 09-01 22:00:38 [__init__.py:244] Automatically detected platform rocm.
[0;31mE20250901 22:00:53.556047 139756613719808 output_stream.cpp:105] Opened result file: ./profiles/standalone_attn_prefill_and_decode_tp8_prefill_then_decode4_1024_32_4096160_kernel_trace.csv
[m[0;31mE20250901 22:00:53.562000 139756613719808 output_stream.cpp:105] Opened result file: ./profiles/standalone_attn_prefill_and_decode_tp8_prefill_then_decode4_1024_32_4096160_agent_info.csv
[m[0;33mW20250901 22:01:02.451310 139756613719808 tool.cpp:1902] rocprofv3_error_signal_handler caught signal 11...
[m# ---- Run standalone_attn_prefill_and_decode_tp8_prefill_then_decode4_1024_32_8192160 ----
INFO 09-01 22:01:07 [__init__.py:244] Automatically detected platform rocm.
[0;31mE20250901 22:01:22.650329 140200978663168 output_stream.cpp:105] Opened result file: ./profiles/standalone_attn_prefill_and_decode_tp8_prefill_then_decode4_1024_32_8192160_kernel_trace.csv
[m[0;31mE20250901 22:01:22.656440 140200978663168 output_stream.cpp:105] Opened result file: ./profiles/standalone_attn_prefill_and_decode_tp8_prefill_then_decode4_1024_32_8192160_agent_info.csv
[m[0;33mW20250901 22:01:31.026901 140200978663168 tool.cpp:1902] rocprofv3_error_signal_handler caught signal 11...
[m# ---- Run standalone_attn_prefill_and_decode_tp8_prefill_then_decode4_1024_64_256160 ----
INFO 09-01 22:01:35 [__init__.py:244] Automatically detected platform rocm.
[0;31mE20250901 22:01:51.297931 139771706402560 output_stream.cpp:105] Opened result file: ./profiles/standalone_attn_prefill_and_decode_tp8_prefill_then_decode4_1024_64_256160_kernel_trace.csv
[m[0;31mE20250901 22:01:51.303976 139771706402560 output_stream.cpp:105] Opened result file: ./profiles/standalone_attn_prefill_and_decode_tp8_prefill_then_decode4_1024_64_256160_agent_info.csv
[m[0;33mW20250901 22:01:59.815222 139771706402560 tool.cpp:1902] rocprofv3_error_signal_handler caught signal 11...
[m# ---- Run standalone_attn_prefill_and_decode_tp8_prefill_then_decode4_1024_64_512160 ----
INFO 09-01 22:02:04 [__init__.py:244] Automatically detected platform rocm.
[0;31mE20250901 22:02:20.017490 140454999193344 output_stream.cpp:105] Opened result file: ./profiles/standalone_attn_prefill_and_decode_tp8_prefill_then_decode4_1024_64_512160_kernel_trace.csv
[m[0;31mE20250901 22:02:20.023592 140454999193344 output_stream.cpp:105] Opened result file: ./profiles/standalone_attn_prefill_and_decode_tp8_prefill_then_decode4_1024_64_512160_agent_info.csv
[m[0;33mW20250901 22:02:29.095951 140454999193344 tool.cpp:1902] rocprofv3_error_signal_handler caught signal 11...
[m# ---- Run standalone_attn_prefill_and_decode_tp8_prefill_then_decode4_1024_64_1024160 ----
INFO 09-01 22:02:34 [__init__.py:244] Automatically detected platform rocm.
[0;31mE20250901 22:02:49.062760 140329465812736 output_stream.cpp:105] Opened result file: ./profiles/standalone_attn_prefill_and_decode_tp8_prefill_then_decode4_1024_64_1024160_kernel_trace.csv
[m[0;31mE20250901 22:02:49.068722 140329465812736 output_stream.cpp:105] Opened result file: ./profiles/standalone_attn_prefill_and_decode_tp8_prefill_then_decode4_1024_64_1024160_agent_info.csv
[m[0;33mW20250901 22:02:57.927567 140329465812736 tool.cpp:1902] rocprofv3_error_signal_handler caught signal 11...
[m# ---- Run standalone_attn_prefill_and_decode_tp8_prefill_then_decode4_1024_64_2048160 ----
INFO 09-01 22:03:02 [__init__.py:244] Automatically detected platform rocm.
[0;31mE20250901 22:03:17.877285 139954455516928 output_stream.cpp:105] Opened result file: ./profiles/standalone_attn_prefill_and_decode_tp8_prefill_then_decode4_1024_64_2048160_kernel_trace.csv
[m[0;31mE20250901 22:03:17.883035 139954455516928 output_stream.cpp:105] Opened result file: ./profiles/standalone_attn_prefill_and_decode_tp8_prefill_then_decode4_1024_64_2048160_agent_info.csv
[m[0;33mW20250901 22:03:26.277073 139954455516928 tool.cpp:1902] rocprofv3_error_signal_handler caught signal 11...
[m# ---- Run standalone_attn_prefill_and_decode_tp8_prefill_then_decode4_1024_64_4096160 ----
INFO 09-01 22:03:31 [__init__.py:244] Automatically detected platform rocm.
[0;31mE20250901 22:03:46.544805 140688667072256 output_stream.cpp:105] Opened result file: ./profiles/standalone_attn_prefill_and_decode_tp8_prefill_then_decode4_1024_64_4096160_kernel_trace.csv
[m[0;31mE20250901 22:03:46.550996 140688667072256 output_stream.cpp:105] Opened result file: ./profiles/standalone_attn_prefill_and_decode_tp8_prefill_then_decode4_1024_64_4096160_agent_info.csv
[m[0;33mW20250901 22:03:55.319608 140688667072256 tool.cpp:1902] rocprofv3_error_signal_handler caught signal 11...
[m# ---- Run standalone_attn_prefill_and_decode_tp8_prefill_then_decode4_1024_64_8192160 ----
INFO 09-01 22:04:00 [__init__.py:244] Automatically detected platform rocm.
[0;31mE20250901 22:04:15.731289 140393301251840 output_stream.cpp:105] Opened result file: ./profiles/standalone_attn_prefill_and_decode_tp8_prefill_then_decode4_1024_64_8192160_kernel_trace.csv
[m[0;31mE20250901 22:04:15.737308 140393301251840 output_stream.cpp:105] Opened result file: ./profiles/standalone_attn_prefill_and_decode_tp8_prefill_then_decode4_1024_64_8192160_agent_info.csv
[m[0;33mW20250901 22:04:25.031374 140393301251840 tool.cpp:1902] rocprofv3_error_signal_handler caught signal 11...
[m# ---- Run standalone_attn_prefill_and_decode_tp8_prefill_then_decode4_1024_128_256160 ----
INFO 09-01 22:04:29 [__init__.py:244] Automatically detected platform rocm.
[0;31mE20250901 22:04:45.074619 139758200141568 output_stream.cpp:105] Opened result file: ./profiles/standalone_attn_prefill_and_decode_tp8_prefill_then_decode4_1024_128_256160_kernel_trace.csv
[m[0;31mE20250901 22:04:45.080737 139758200141568 output_stream.cpp:105] Opened result file: ./profiles/standalone_attn_prefill_and_decode_tp8_prefill_then_decode4_1024_128_256160_agent_info.csv
[m[0;33mW20250901 22:04:53.899785 139758200141568 tool.cpp:1902] rocprofv3_error_signal_handler caught signal 11...
[m# ---- Run standalone_attn_prefill_and_decode_tp8_prefill_then_decode4_1024_128_512160 ----
INFO 09-01 22:04:58 [__init__.py:244] Automatically detected platform rocm.
[0;31mE20250901 22:05:13.685122 139761002317568 output_stream.cpp:105] Opened result file: ./profiles/standalone_attn_prefill_and_decode_tp8_prefill_then_decode4_1024_128_512160_kernel_trace.csv
[m[0;31mE20250901 22:05:13.691075 139761002317568 output_stream.cpp:105] Opened result file: ./profiles/standalone_attn_prefill_and_decode_tp8_prefill_then_decode4_1024_128_512160_agent_info.csv
[m[0;33mW20250901 22:05:22.687918 139761002317568 tool.cpp:1902] rocprofv3_error_signal_handler caught signal 11...
[m# ---- Run standalone_attn_prefill_and_decode_tp8_prefill_then_decode4_1024_128_1024160 ----
INFO 09-01 22:05:27 [__init__.py:244] Automatically detected platform rocm.
[0;31mE20250901 22:05:42.223096 140718357452544 output_stream.cpp:105] Opened result file: ./profiles/standalone_attn_prefill_and_decode_tp8_prefill_then_decode4_1024_128_1024160_kernel_trace.csv
[m[0;31mE20250901 22:05:42.229118 140718357452544 output_stream.cpp:105] Opened result file: ./profiles/standalone_attn_prefill_and_decode_tp8_prefill_then_decode4_1024_128_1024160_agent_info.csv
[m[0;33mW20250901 22:05:50.827735 140718357452544 tool.cpp:1902] rocprofv3_error_signal_handler caught signal 11...
[m# ---- Run standalone_attn_prefill_and_decode_tp8_prefill_then_decode4_1024_128_2048160 ----
INFO 09-01 22:05:55 [__init__.py:244] Automatically detected platform rocm.
[0;31mE20250901 22:06:10.333738 139883891894016 output_stream.cpp:105] Opened result file: ./profiles/standalone_attn_prefill_and_decode_tp8_prefill_then_decode4_1024_128_2048160_kernel_trace.csv
[m[0;31mE20250901 22:06:10.339812 139883891894016 output_stream.cpp:105] Opened result file: ./profiles/standalone_attn_prefill_and_decode_tp8_prefill_then_decode4_1024_128_2048160_agent_info.csv
[m[0;33mW20250901 22:06:19.324492 139883891894016 tool.cpp:1902] rocprofv3_error_signal_handler caught signal 11...
[m# ---- Run standalone_attn_prefill_and_decode_tp8_prefill_then_decode4_1024_128_4096160 ----
INFO 09-01 22:06:24 [__init__.py:244] Automatically detected platform rocm.
[0;31mE20250901 22:06:38.825753 140184256005888 output_stream.cpp:105] Opened result file: ./profiles/standalone_attn_prefill_and_decode_tp8_prefill_then_decode4_1024_128_4096160_kernel_trace.csv
[m[0;31mE20250901 22:06:38.831823 140184256005888 output_stream.cpp:105] Opened result file: ./profiles/standalone_attn_prefill_and_decode_tp8_prefill_then_decode4_1024_128_4096160_agent_info.csv
[m[0;33mW20250901 22:06:47.899467 140184256005888 tool.cpp:1902] rocprofv3_error_signal_handler caught signal 11...
[m# ---- Run standalone_attn_prefill_and_decode_tp8_prefill_then_decode4_1024_128_8192160 ----
INFO 09-01 22:06:52 [__init__.py:244] Automatically detected platform rocm.
[0;31mE20250901 22:07:07.361475 140060349409024 output_stream.cpp:105] Opened result file: ./profiles/standalone_attn_prefill_and_decode_tp8_prefill_then_decode4_1024_128_8192160_kernel_trace.csv
[m[0;31mE20250901 22:07:07.367536 140060349409024 output_stream.cpp:105] Opened result file: ./profiles/standalone_attn_prefill_and_decode_tp8_prefill_then_decode4_1024_128_8192160_agent_info.csv
[m[0;33mW20250901 22:07:16.279471 140060349409024 tool.cpp:1902] rocprofv3_error_signal_handler caught signal 11...
[m# ---- Run standalone_attn_prefill_and_decode_tp8_prefill_then_decode4_2048_1_256160 ----
INFO 09-01 22:07:21 [__init__.py:244] Automatically detected platform rocm.
[0;31mE20250901 22:07:36.241469 140458985662208 output_stream.cpp:105] Opened result file: ./profiles/standalone_attn_prefill_and_decode_tp8_prefill_then_decode4_2048_1_256160_kernel_trace.csv
[m[0;31mE20250901 22:07:36.247500 140458985662208 output_stream.cpp:105] Opened result file: ./profiles/standalone_attn_prefill_and_decode_tp8_prefill_then_decode4_2048_1_256160_agent_info.csv
[m[0;33mW20250901 22:07:45.182271 140458985662208 tool.cpp:1902] rocprofv3_error_signal_handler caught signal 11...
[m# ---- Run standalone_attn_prefill_and_decode_tp8_prefill_then_decode4_2048_1_512160 ----
INFO 09-01 22:07:50 [__init__.py:244] Automatically detected platform rocm.
[0;31mE20250901 22:08:05.094813 139738602551040 output_stream.cpp:105] Opened result file: ./profiles/standalone_attn_prefill_and_decode_tp8_prefill_then_decode4_2048_1_512160_kernel_trace.csv
[m[0;31mE20250901 22:08:05.100541 139738602551040 output_stream.cpp:105] Opened result file: ./profiles/standalone_attn_prefill_and_decode_tp8_prefill_then_decode4_2048_1_512160_agent_info.csv
[m[0;33mW20250901 22:08:13.640933 139738602551040 tool.cpp:1902] rocprofv3_error_signal_handler caught signal 11...
[m# ---- Run standalone_attn_prefill_and_decode_tp8_prefill_then_decode4_2048_1_1024160 ----
INFO 09-01 22:08:18 [__init__.py:244] Automatically detected platform rocm.
[0;31mE20250901 22:08:33.654115 140173729093376 output_stream.cpp:105] Opened result file: ./profiles/standalone_attn_prefill_and_decode_tp8_prefill_then_decode4_2048_1_1024160_kernel_trace.csv
[m[0;31mE20250901 22:08:33.660181 140173729093376 output_stream.cpp:105] Opened result file: ./profiles/standalone_attn_prefill_and_decode_tp8_prefill_then_decode4_2048_1_1024160_agent_info.csv
[m[0;33mW20250901 22:08:42.520877 140173729093376 tool.cpp:1902] rocprofv3_error_signal_handler caught signal 11...
[m# ---- Run standalone_attn_prefill_and_decode_tp8_prefill_then_decode4_2048_1_2048160 ----
INFO 09-01 22:08:47 [__init__.py:244] Automatically detected platform rocm.
[0;31mE20250901 22:09:02.375952 140057327011584 output_stream.cpp:105] Opened result file: ./profiles/standalone_attn_prefill_and_decode_tp8_prefill_then_decode4_2048_1_2048160_kernel_trace.csv
[m[0;31mE20250901 22:09:02.382011 140057327011584 output_stream.cpp:105] Opened result file: ./profiles/standalone_attn_prefill_and_decode_tp8_prefill_then_decode4_2048_1_2048160_agent_info.csv
[m[0;33mW20250901 22:09:11.057283 140057327011584 tool.cpp:1902] rocprofv3_error_signal_handler caught signal 11...
[m# ---- Run standalone_attn_prefill_and_decode_tp8_prefill_then_decode4_2048_1_4096160 ----
INFO 09-01 22:09:15 [__init__.py:244] Automatically detected platform rocm.
[0;31mE20250901 22:09:30.942981 140716994123520 output_stream.cpp:105] Opened result file: ./profiles/standalone_attn_prefill_and_decode_tp8_prefill_then_decode4_2048_1_4096160_kernel_trace.csv
[m[0;31mE20250901 22:09:30.948989 140716994123520 output_stream.cpp:105] Opened result file: ./profiles/standalone_attn_prefill_and_decode_tp8_prefill_then_decode4_2048_1_4096160_agent_info.csv
[m[0;33mW20250901 22:09:39.547029 140716994123520 tool.cpp:1902] rocprofv3_error_signal_handler caught signal 11...
[m# ---- Run standalone_attn_prefill_and_decode_tp8_prefill_then_decode4_2048_1_8192160 ----
INFO 09-01 22:09:44 [__init__.py:244] Automatically detected platform rocm.
[0;31mE20250901 22:09:59.567307 140100371494656 output_stream.cpp:105] Opened result file: ./profiles/standalone_attn_prefill_and_decode_tp8_prefill_then_decode4_2048_1_8192160_kernel_trace.csv
[m[0;31mE20250901 22:09:59.573362 140100371494656 output_stream.cpp:105] Opened result file: ./profiles/standalone_attn_prefill_and_decode_tp8_prefill_then_decode4_2048_1_8192160_agent_info.csv
[m[0;33mW20250901 22:10:08.836788 140100371494656 tool.cpp:1902] rocprofv3_error_signal_handler caught signal 11...
[m# ---- Run standalone_attn_prefill_and_decode_tp8_prefill_then_decode4_2048_2_256160 ----
INFO 09-01 22:10:13 [__init__.py:244] Automatically detected platform rocm.
[0;31mE20250901 22:10:28.908927 139995920033536 output_stream.cpp:105] Opened result file: ./profiles/standalone_attn_prefill_and_decode_tp8_prefill_then_decode4_2048_2_256160_kernel_trace.csv
[m[0;31mE20250901 22:10:28.914840 139995920033536 output_stream.cpp:105] Opened result file: ./profiles/standalone_attn_prefill_and_decode_tp8_prefill_then_decode4_2048_2_256160_agent_info.csv
[m[0;33mW20250901 22:10:37.480414 139995920033536 tool.cpp:1902] rocprofv3_error_signal_handler caught signal 11...
[m# ---- Run standalone_attn_prefill_and_decode_tp8_prefill_then_decode4_2048_2_512160 ----
INFO 09-01 22:10:42 [__init__.py:244] Automatically detected platform rocm.
[0;31mE20250901 22:10:57.581261 140135751919360 output_stream.cpp:105] Opened result file: ./profiles/standalone_attn_prefill_and_decode_tp8_prefill_then_decode4_2048_2_512160_kernel_trace.csv
[m[0;31mE20250901 22:10:57.587278 140135751919360 output_stream.cpp:105] Opened result file: ./profiles/standalone_attn_prefill_and_decode_tp8_prefill_then_decode4_2048_2_512160_agent_info.csv
[m[0;33mW20250901 22:11:06.599487 140135751919360 tool.cpp:1902] rocprofv3_error_signal_handler caught signal 11...
[m# ---- Run standalone_attn_prefill_and_decode_tp8_prefill_then_decode4_2048_2_1024160 ----
INFO 09-01 22:11:11 [__init__.py:244] Automatically detected platform rocm.
[0;31mE20250901 22:11:26.755205 139864291649280 output_stream.cpp:105] Opened result file: ./profiles/standalone_attn_prefill_and_decode_tp8_prefill_then_decode4_2048_2_1024160_kernel_trace.csv
[m[0;31mE20250901 22:11:26.761299 139864291649280 output_stream.cpp:105] Opened result file: ./profiles/standalone_attn_prefill_and_decode_tp8_prefill_then_decode4_2048_2_1024160_agent_info.csv
[m[0;33mW20250901 22:11:35.564603 139864291649280 tool.cpp:1902] rocprofv3_error_signal_handler caught signal 11...
[m# ---- Run standalone_attn_prefill_and_decode_tp8_prefill_then_decode4_2048_2_2048160 ----
INFO 09-01 22:11:40 [__init__.py:244] Automatically detected platform rocm.
[0;31mE20250901 22:11:55.660191 140398731241216 output_stream.cpp:105] Opened result file: ./profiles/standalone_attn_prefill_and_decode_tp8_prefill_then_decode4_2048_2_2048160_kernel_trace.csv
[m[0;31mE20250901 22:11:55.666221 140398731241216 output_stream.cpp:105] Opened result file: ./profiles/standalone_attn_prefill_and_decode_tp8_prefill_then_decode4_2048_2_2048160_agent_info.csv
[m[0;33mW20250901 22:12:04.386692 140398731241216 tool.cpp:1902] rocprofv3_error_signal_handler caught signal 11...
[m# ---- Run standalone_attn_prefill_and_decode_tp8_prefill_then_decode4_2048_2_4096160 ----
INFO 09-01 22:12:09 [__init__.py:244] Automatically detected platform rocm.
[0;31mE20250901 22:12:24.131272 140694648981248 output_stream.cpp:105] Opened result file: ./profiles/standalone_attn_prefill_and_decode_tp8_prefill_then_decode4_2048_2_4096160_kernel_trace.csv
[m[0;31mE20250901 22:12:24.137317 140694648981248 output_stream.cpp:105] Opened result file: ./profiles/standalone_attn_prefill_and_decode_tp8_prefill_then_decode4_2048_2_4096160_agent_info.csv
[m[0;33mW20250901 22:12:32.690359 140694648981248 tool.cpp:1902] rocprofv3_error_signal_handler caught signal 11...
[m# ---- Run standalone_attn_prefill_and_decode_tp8_prefill_then_decode4_2048_2_8192160 ----
INFO 09-01 22:12:37 [__init__.py:244] Automatically detected platform rocm.
[0;31mE20250901 22:12:52.760387 139646816995072 output_stream.cpp:105] Opened result file: ./profiles/standalone_attn_prefill_and_decode_tp8_prefill_then_decode4_2048_2_8192160_kernel_trace.csv
[m[0;31mE20250901 22:12:52.766490 139646816995072 output_stream.cpp:105] Opened result file: ./profiles/standalone_attn_prefill_and_decode_tp8_prefill_then_decode4_2048_2_8192160_agent_info.csv
[m[0;33mW20250901 22:13:01.630199 139646816995072 tool.cpp:1902] rocprofv3_error_signal_handler caught signal 11...
[m# ---- Run standalone_attn_prefill_and_decode_tp8_prefill_then_decode4_2048_4_256160 ----
INFO 09-01 22:13:06 [__init__.py:244] Automatically detected platform rocm.
[0;31mE20250901 22:13:21.482157 140034251802368 output_stream.cpp:105] Opened result file: ./profiles/standalone_attn_prefill_and_decode_tp8_prefill_then_decode4_2048_4_256160_kernel_trace.csv
[m[0;31mE20250901 22:13:21.488170 140034251802368 output_stream.cpp:105] Opened result file: ./profiles/standalone_attn_prefill_and_decode_tp8_prefill_then_decode4_2048_4_256160_agent_info.csv
[m[0;33mW20250901 22:13:30.088877 140034251802368 tool.cpp:1902] rocprofv3_error_signal_handler caught signal 11...
[m# ---- Run standalone_attn_prefill_and_decode_tp8_prefill_then_decode4_2048_4_512160 ----
INFO 09-01 22:13:34 [__init__.py:244] Automatically detected platform rocm.
[0;31mE20250901 22:13:50.187039 140425647179520 output_stream.cpp:105] Opened result file: ./profiles/standalone_attn_prefill_and_decode_tp8_prefill_then_decode4_2048_4_512160_kernel_trace.csv
[m[0;31mE20250901 22:13:50.192979 140425647179520 output_stream.cpp:105] Opened result file: ./profiles/standalone_attn_prefill_and_decode_tp8_prefill_then_decode4_2048_4_512160_agent_info.csv
[m[0;33mW20250901 22:13:59.127492 140425647179520 tool.cpp:1902] rocprofv3_error_signal_handler caught signal 11...
[m# ---- Run standalone_attn_prefill_and_decode_tp8_prefill_then_decode4_2048_4_1024160 ----
INFO 09-01 22:14:04 [__init__.py:244] Automatically detected platform rocm.
[0;31mE20250901 22:14:19.188921 139691265013504 output_stream.cpp:105] Opened result file: ./profiles/standalone_attn_prefill_and_decode_tp8_prefill_then_decode4_2048_4_1024160_kernel_trace.csv
[m[0;31mE20250901 22:14:19.194915 139691265013504 output_stream.cpp:105] Opened result file: ./profiles/standalone_attn_prefill_and_decode_tp8_prefill_then_decode4_2048_4_1024160_agent_info.csv
[m[0;33mW20250901 22:14:27.807886 139691265013504 tool.cpp:1902] rocprofv3_error_signal_handler caught signal 11...
[m# ---- Run standalone_attn_prefill_and_decode_tp8_prefill_then_decode4_2048_4_2048160 ----
INFO 09-01 22:14:32 [__init__.py:244] Automatically detected platform rocm.
[0;31mE20250901 22:14:48.063718 140019233531648 output_stream.cpp:105] Opened result file: ./profiles/standalone_attn_prefill_and_decode_tp8_prefill_then_decode4_2048_4_2048160_kernel_trace.csv
[m[0;31mE20250901 22:14:48.069787 140019233531648 output_stream.cpp:105] Opened result file: ./profiles/standalone_attn_prefill_and_decode_tp8_prefill_then_decode4_2048_4_2048160_agent_info.csv
[m[0;33mW20250901 22:14:56.963631 140019233531648 tool.cpp:1902] rocprofv3_error_signal_handler caught signal 11...
[m# ---- Run standalone_attn_prefill_and_decode_tp8_prefill_then_decode4_2048_4_4096160 ----
INFO 09-01 22:15:01 [__init__.py:244] Automatically detected platform rocm.
[0;31mE20250901 22:15:16.990796 140245100381952 output_stream.cpp:105] Opened result file: ./profiles/standalone_attn_prefill_and_decode_tp8_prefill_then_decode4_2048_4_4096160_kernel_trace.csv
[m[0;31mE20250901 22:15:16.996799 140245100381952 output_stream.cpp:105] Opened result file: ./profiles/standalone_attn_prefill_and_decode_tp8_prefill_then_decode4_2048_4_4096160_agent_info.csv
[m[0;33mW20250901 22:15:25.361700 140245100381952 tool.cpp:1902] rocprofv3_error_signal_handler caught signal 11...
[m# ---- Run standalone_attn_prefill_and_decode_tp8_prefill_then_decode4_2048_4_8192160 ----
INFO 09-01 22:15:30 [__init__.py:244] Automatically detected platform rocm.
[0;31mE20250901 22:15:45.383828 140100345964288 output_stream.cpp:105] Opened result file: ./profiles/standalone_attn_prefill_and_decode_tp8_prefill_then_decode4_2048_4_8192160_kernel_trace.csv
[m[0;31mE20250901 22:15:45.389803 140100345964288 output_stream.cpp:105] Opened result file: ./profiles/standalone_attn_prefill_and_decode_tp8_prefill_then_decode4_2048_4_8192160_agent_info.csv
[m[0;33mW20250901 22:15:53.967658 140100345964288 tool.cpp:1902] rocprofv3_error_signal_handler caught signal 11...
[m# ---- Run standalone_attn_prefill_and_decode_tp8_prefill_then_decode4_2048_8_256160 ----
INFO 09-01 22:15:58 [__init__.py:244] Automatically detected platform rocm.
[0;31mE20250901 22:16:13.911562 140350535681792 output_stream.cpp:105] Opened result file: ./profiles/standalone_attn_prefill_and_decode_tp8_prefill_then_decode4_2048_8_256160_kernel_trace.csv
[m[0;31mE20250901 22:16:13.917819 140350535681792 output_stream.cpp:105] Opened result file: ./profiles/standalone_attn_prefill_and_decode_tp8_prefill_then_decode4_2048_8_256160_agent_info.csv
[m[0;33mW20250901 22:16:22.527722 140350535681792 tool.cpp:1902] rocprofv3_error_signal_handler caught signal 11...
[m# ---- Run standalone_attn_prefill_and_decode_tp8_prefill_then_decode4_2048_8_512160 ----
INFO 09-01 22:16:27 [__init__.py:244] Automatically detected platform rocm.
[0;31mE20250901 22:16:42.621241 139630730635008 output_stream.cpp:105] Opened result file: ./profiles/standalone_attn_prefill_and_decode_tp8_prefill_then_decode4_2048_8_512160_kernel_trace.csv
[m[0;31mE20250901 22:16:42.627702 139630730635008 output_stream.cpp:105] Opened result file: ./profiles/standalone_attn_prefill_and_decode_tp8_prefill_then_decode4_2048_8_512160_agent_info.csv
[m[0;33mW20250901 22:16:51.317529 139630730635008 tool.cpp:1902] rocprofv3_error_signal_handler caught signal 11...
[m# ---- Run standalone_attn_prefill_and_decode_tp8_prefill_then_decode4_2048_8_1024160 ----
INFO 09-01 22:16:56 [__init__.py:244] Automatically detected platform rocm.
[0;31mE20250901 22:17:11.743987 139791333975808 output_stream.cpp:105] Opened result file: ./profiles/standalone_attn_prefill_and_decode_tp8_prefill_then_decode4_2048_8_1024160_kernel_trace.csv
[m[0;31mE20250901 22:17:11.749760 139791333975808 output_stream.cpp:105] Opened result file: ./profiles/standalone_attn_prefill_and_decode_tp8_prefill_then_decode4_2048_8_1024160_agent_info.csv
[m[0;33mW20250901 22:17:20.582429 139791333975808 tool.cpp:1902] rocprofv3_error_signal_handler caught signal 11...
[m# ---- Run standalone_attn_prefill_and_decode_tp8_prefill_then_decode4_2048_8_2048160 ----
INFO 09-01 22:17:25 [__init__.py:244] Automatically detected platform rocm.
[0;31mE20250901 22:17:40.751004 140521587386112 output_stream.cpp:105] Opened result file: ./profiles/standalone_attn_prefill_and_decode_tp8_prefill_then_decode4_2048_8_2048160_kernel_trace.csv
[m[0;31mE20250901 22:17:40.757374 140521587386112 output_stream.cpp:105] Opened result file: ./profiles/standalone_attn_prefill_and_decode_tp8_prefill_then_decode4_2048_8_2048160_agent_info.csv
[m[0;33mW20250901 22:17:49.292320 140521587386112 tool.cpp:1902] rocprofv3_error_signal_handler caught signal 11...
[m# ---- Run standalone_attn_prefill_and_decode_tp8_prefill_then_decode4_2048_8_4096160 ----
INFO 09-01 22:17:54 [__init__.py:244] Automatically detected platform rocm.
[0;31mE20250901 22:18:09.256431 139790511093504 output_stream.cpp:105] Opened result file: ./profiles/standalone_attn_prefill_and_decode_tp8_prefill_then_decode4_2048_8_4096160_kernel_trace.csv
[m[0;31mE20250901 22:18:09.262254 139790511093504 output_stream.cpp:105] Opened result file: ./profiles/standalone_attn_prefill_and_decode_tp8_prefill_then_decode4_2048_8_4096160_agent_info.csv
[m[0;33mW20250901 22:18:17.860407 139790511093504 tool.cpp:1902] rocprofv3_error_signal_handler caught signal 11...
[m# ---- Run standalone_attn_prefill_and_decode_tp8_prefill_then_decode4_2048_8_8192160 ----
INFO 09-01 22:18:22 [__init__.py:244] Automatically detected platform rocm.
[0;31mE20250901 22:18:37.980531 140113168168704 output_stream.cpp:105] Opened result file: ./profiles/standalone_attn_prefill_and_decode_tp8_prefill_then_decode4_2048_8_8192160_kernel_trace.csv
[m[0;31mE20250901 22:18:37.986448 140113168168704 output_stream.cpp:105] Opened result file: ./profiles/standalone_attn_prefill_and_decode_tp8_prefill_then_decode4_2048_8_8192160_agent_info.csv
[m[0;33mW20250901 22:18:46.806208 140113168168704 tool.cpp:1902] rocprofv3_error_signal_handler caught signal 11...
[m# ---- Run standalone_attn_prefill_and_decode_tp8_prefill_then_decode4_2048_16_256160 ----
INFO 09-01 22:18:51 [__init__.py:244] Automatically detected platform rocm.
[0;31mE20250901 22:19:07.047798 140560132806400 output_stream.cpp:105] Opened result file: ./profiles/standalone_attn_prefill_and_decode_tp8_prefill_then_decode4_2048_16_256160_kernel_trace.csv
[m[0;31mE20250901 22:19:07.053600 140560132806400 output_stream.cpp:105] Opened result file: ./profiles/standalone_attn_prefill_and_decode_tp8_prefill_then_decode4_2048_16_256160_agent_info.csv
[m[0;33mW20250901 22:19:15.873219 140560132806400 tool.cpp:1902] rocprofv3_error_signal_handler caught signal 11...
[m# ---- Run standalone_attn_prefill_and_decode_tp8_prefill_then_decode4_2048_16_512160 ----
INFO 09-01 22:19:20 [__init__.py:244] Automatically detected platform rocm.
[0;31mE20250901 22:19:36.104688 140619818809088 output_stream.cpp:105] Opened result file: ./profiles/standalone_attn_prefill_and_decode_tp8_prefill_then_decode4_2048_16_512160_kernel_trace.csv
[m[0;31mE20250901 22:19:36.110477 140619818809088 output_stream.cpp:105] Opened result file: ./profiles/standalone_attn_prefill_and_decode_tp8_prefill_then_decode4_2048_16_512160_agent_info.csv
[m[0;33mW20250901 22:19:44.957964 140619818809088 tool.cpp:1902] rocprofv3_error_signal_handler caught signal 11...
[m# ---- Run standalone_attn_prefill_and_decode_tp8_prefill_then_decode4_2048_16_1024160 ----
INFO 09-01 22:19:49 [__init__.py:244] Automatically detected platform rocm.
[0;31mE20250901 22:20:05.185891 140369886123776 output_stream.cpp:105] Opened result file: ./profiles/standalone_attn_prefill_and_decode_tp8_prefill_then_decode4_2048_16_1024160_kernel_trace.csv
[m[0;31mE20250901 22:20:05.191750 140369886123776 output_stream.cpp:105] Opened result file: ./profiles/standalone_attn_prefill_and_decode_tp8_prefill_then_decode4_2048_16_1024160_agent_info.csv
[m[0;33mW20250901 22:20:13.783308 140369886123776 tool.cpp:1902] rocprofv3_error_signal_handler caught signal 11...
[m# ---- Run standalone_attn_prefill_and_decode_tp8_prefill_then_decode4_2048_16_2048160 ----
INFO 09-01 22:20:18 [__init__.py:244] Automatically detected platform rocm.
[0;31mE20250901 22:20:34.159075 140279009183488 output_stream.cpp:105] Opened result file: ./profiles/standalone_attn_prefill_and_decode_tp8_prefill_then_decode4_2048_16_2048160_kernel_trace.csv
[m[0;31mE20250901 22:20:34.164989 140279009183488 output_stream.cpp:105] Opened result file: ./profiles/standalone_attn_prefill_and_decode_tp8_prefill_then_decode4_2048_16_2048160_agent_info.csv
[m[0;33mW20250901 22:20:43.397888 140279009183488 tool.cpp:1902] rocprofv3_error_signal_handler caught signal 11...
[m# ---- Run standalone_attn_prefill_and_decode_tp8_prefill_then_decode4_2048_16_4096160 ----
INFO 09-01 22:20:48 [__init__.py:244] Automatically detected platform rocm.
[0;31mE20250901 22:21:03.584236 139955749070592 output_stream.cpp:105] Opened result file: ./profiles/standalone_attn_prefill_and_decode_tp8_prefill_then_decode4_2048_16_4096160_kernel_trace.csv
[m[0;31mE20250901 22:21:03.590172 139955749070592 output_stream.cpp:105] Opened result file: ./profiles/standalone_attn_prefill_and_decode_tp8_prefill_then_decode4_2048_16_4096160_agent_info.csv
[m[0;33mW20250901 22:21:12.499774 139955749070592 tool.cpp:1902] rocprofv3_error_signal_handler caught signal 11...
[m# ---- Run standalone_attn_prefill_and_decode_tp8_prefill_then_decode4_2048_16_8192160 ----
INFO 09-01 22:21:17 [__init__.py:244] Automatically detected platform rocm.
[0;31mE20250901 22:21:32.998488 139998651201280 output_stream.cpp:105] Opened result file: ./profiles/standalone_attn_prefill_and_decode_tp8_prefill_then_decode4_2048_16_8192160_kernel_trace.csv
[m[0;31mE20250901 22:21:33.004403 139998651201280 output_stream.cpp:105] Opened result file: ./profiles/standalone_attn_prefill_and_decode_tp8_prefill_then_decode4_2048_16_8192160_agent_info.csv
[m[0;33mW20250901 22:21:41.581263 139998651201280 tool.cpp:1902] rocprofv3_error_signal_handler caught signal 11...
[m# ---- Run standalone_attn_prefill_and_decode_tp8_prefill_then_decode4_2048_32_256160 ----
INFO 09-01 22:21:46 [__init__.py:244] Automatically detected platform rocm.
[0;31mE20250901 22:22:01.638942 140582287517440 output_stream.cpp:105] Opened result file: ./profiles/standalone_attn_prefill_and_decode_tp8_prefill_then_decode4_2048_32_256160_kernel_trace.csv
[m[0;31mE20250901 22:22:01.644856 140582287517440 output_stream.cpp:105] Opened result file: ./profiles/standalone_attn_prefill_and_decode_tp8_prefill_then_decode4_2048_32_256160_agent_info.csv
[m[0;33mW20250901 22:22:10.460825 140582287517440 tool.cpp:1902] rocprofv3_error_signal_handler caught signal 11...
[m# ---- Run standalone_attn_prefill_and_decode_tp8_prefill_then_decode4_2048_32_512160 ----
INFO 09-01 22:22:15 [__init__.py:244] Automatically detected platform rocm.
[0;31mE20250901 22:22:30.464206 140245142501120 output_stream.cpp:105] Opened result file: ./profiles/standalone_attn_prefill_and_decode_tp8_prefill_then_decode4_2048_32_512160_kernel_trace.csv
[m[0;31mE20250901 22:22:30.470065 140245142501120 output_stream.cpp:105] Opened result file: ./profiles/standalone_attn_prefill_and_decode_tp8_prefill_then_decode4_2048_32_512160_agent_info.csv
[m[0;33mW20250901 22:22:39.000674 140245142501120 tool.cpp:1902] rocprofv3_error_signal_handler caught signal 11...
[m# ---- Run standalone_attn_prefill_and_decode_tp8_prefill_then_decode4_2048_32_1024160 ----
INFO 09-01 22:22:43 [__init__.py:244] Automatically detected platform rocm.
[0;31mE20250901 22:22:59.069518 139681767192320 output_stream.cpp:105] Opened result file: ./profiles/standalone_attn_prefill_and_decode_tp8_prefill_then_decode4_2048_32_1024160_kernel_trace.csv
[m[0;31mE20250901 22:22:59.075490 139681767192320 output_stream.cpp:105] Opened result file: ./profiles/standalone_attn_prefill_and_decode_tp8_prefill_then_decode4_2048_32_1024160_agent_info.csv
[m[0;33mW20250901 22:23:07.758861 139681767192320 tool.cpp:1902] rocprofv3_error_signal_handler caught signal 11...
[m# ---- Run standalone_attn_prefill_and_decode_tp8_prefill_then_decode4_2048_32_2048160 ----
INFO 09-01 22:23:12 [__init__.py:244] Automatically detected platform rocm.
[0;31mE20250901 22:23:28.023789 140370147084032 output_stream.cpp:105] Opened result file: ./profiles/standalone_attn_prefill_and_decode_tp8_prefill_then_decode4_2048_32_2048160_kernel_trace.csv
[m[0;31mE20250901 22:23:28.029800 140370147084032 output_stream.cpp:105] Opened result file: ./profiles/standalone_attn_prefill_and_decode_tp8_prefill_then_decode4_2048_32_2048160_agent_info.csv
[m[0;33mW20250901 22:23:36.987368 140370147084032 tool.cpp:1902] rocprofv3_error_signal_handler caught signal 11...
[m# ---- Run standalone_attn_prefill_and_decode_tp8_prefill_then_decode4_2048_32_4096160 ----
INFO 09-01 22:23:42 [__init__.py:244] Automatically detected platform rocm.
[0;31mE20250901 22:23:57.443021 139788928292608 output_stream.cpp:105] Opened result file: ./profiles/standalone_attn_prefill_and_decode_tp8_prefill_then_decode4_2048_32_4096160_kernel_trace.csv
[m[0;31mE20250901 22:23:57.449066 139788928292608 output_stream.cpp:105] Opened result file: ./profiles/standalone_attn_prefill_and_decode_tp8_prefill_then_decode4_2048_32_4096160_agent_info.csv
[m[0;33mW20250901 22:24:06.278990 139788928292608 tool.cpp:1902] rocprofv3_error_signal_handler caught signal 11...
[m# ---- Run standalone_attn_prefill_and_decode_tp8_prefill_then_decode4_2048_32_8192160 ----
INFO 09-01 22:24:11 [__init__.py:244] Automatically detected platform rocm.
[0;31mE20250901 22:24:26.657296 139922796676864 output_stream.cpp:105] Opened result file: ./profiles/standalone_attn_prefill_and_decode_tp8_prefill_then_decode4_2048_32_8192160_kernel_trace.csv
[m[0;31mE20250901 22:24:26.664123 139922796676864 output_stream.cpp:105] Opened result file: ./profiles/standalone_attn_prefill_and_decode_tp8_prefill_then_decode4_2048_32_8192160_agent_info.csv
[m[0;33mW20250901 22:24:35.050968 139922796676864 tool.cpp:1902] rocprofv3_error_signal_handler caught signal 11...
[m# ---- Run standalone_attn_prefill_and_decode_tp8_prefill_then_decode4_2048_64_256160 ----
INFO 09-01 22:24:39 [__init__.py:244] Automatically detected platform rocm.
[0;31mE20250901 22:24:55.360971 140368626898688 output_stream.cpp:105] Opened result file: ./profiles/standalone_attn_prefill_and_decode_tp8_prefill_then_decode4_2048_64_256160_kernel_trace.csv
[m[0;31mE20250901 22:24:55.367731 140368626898688 output_stream.cpp:105] Opened result file: ./profiles/standalone_attn_prefill_and_decode_tp8_prefill_then_decode4_2048_64_256160_agent_info.csv
[m[0;33mW20250901 22:25:04.204674 140368626898688 tool.cpp:1902] rocprofv3_error_signal_handler caught signal 11...
[m# ---- Run standalone_attn_prefill_and_decode_tp8_prefill_then_decode4_2048_64_512160 ----
INFO 09-01 22:25:09 [__init__.py:244] Automatically detected platform rocm.
[0;31mE20250901 22:25:24.591659 139678736246528 output_stream.cpp:105] Opened result file: ./profiles/standalone_attn_prefill_and_decode_tp8_prefill_then_decode4_2048_64_512160_kernel_trace.csv
[m[0;31mE20250901 22:25:24.598544 139678736246528 output_stream.cpp:105] Opened result file: ./profiles/standalone_attn_prefill_and_decode_tp8_prefill_then_decode4_2048_64_512160_agent_info.csv
[m[0;33mW20250901 22:25:33.050538 139678736246528 tool.cpp:1902] rocprofv3_error_signal_handler caught signal 11...
[m# ---- Run standalone_attn_prefill_and_decode_tp8_prefill_then_decode4_2048_64_1024160 ----
INFO 09-01 22:25:37 [__init__.py:244] Automatically detected platform rocm.
[0;31mE20250901 22:25:53.196591 139806799951616 output_stream.cpp:105] Opened result file: ./profiles/standalone_attn_prefill_and_decode_tp8_prefill_then_decode4_2048_64_1024160_kernel_trace.csv
[m[0;31mE20250901 22:25:53.202475 139806799951616 output_stream.cpp:105] Opened result file: ./profiles/standalone_attn_prefill_and_decode_tp8_prefill_then_decode4_2048_64_1024160_agent_info.csv
[m[0;33mW20250901 22:26:02.053762 139806799951616 tool.cpp:1902] rocprofv3_error_signal_handler caught signal 11...
[m# ---- Run standalone_attn_prefill_and_decode_tp8_prefill_then_decode4_2048_64_2048160 ----
INFO 09-01 22:26:06 [__init__.py:244] Automatically detected platform rocm.
[0;31mE20250901 22:26:22.160512 140657300006656 output_stream.cpp:105] Opened result file: ./profiles/standalone_attn_prefill_and_decode_tp8_prefill_then_decode4_2048_64_2048160_kernel_trace.csv
[m[0;31mE20250901 22:26:22.167076 140657300006656 output_stream.cpp:105] Opened result file: ./profiles/standalone_attn_prefill_and_decode_tp8_prefill_then_decode4_2048_64_2048160_agent_info.csv
[m[0;33mW20250901 22:26:30.705303 140657300006656 tool.cpp:1902] rocprofv3_error_signal_handler caught signal 11...
[m# ---- Run standalone_attn_prefill_and_decode_tp8_prefill_then_decode4_2048_64_4096160 ----
INFO 09-01 22:26:35 [__init__.py:244] Automatically detected platform rocm.
[0;31mE20250901 22:26:50.939956 139721606395648 output_stream.cpp:105] Opened result file: ./profiles/standalone_attn_prefill_and_decode_tp8_prefill_then_decode4_2048_64_4096160_kernel_trace.csv
[m[0;31mE20250901 22:26:50.945782 139721606395648 output_stream.cpp:105] Opened result file: ./profiles/standalone_attn_prefill_and_decode_tp8_prefill_then_decode4_2048_64_4096160_agent_info.csv
[m[0;33mW20250901 22:26:59.831610 139721606395648 tool.cpp:1902] rocprofv3_error_signal_handler caught signal 11...
[m# ---- Run standalone_attn_prefill_and_decode_tp8_prefill_then_decode4_2048_64_8192160 ----
INFO 09-01 22:27:04 [__init__.py:244] Automatically detected platform rocm.
[0;31mE20250901 22:27:20.184801 139911144552192 output_stream.cpp:105] Opened result file: ./profiles/standalone_attn_prefill_and_decode_tp8_prefill_then_decode4_2048_64_8192160_kernel_trace.csv
[m[0;31mE20250901 22:27:20.190747 139911144552192 output_stream.cpp:105] Opened result file: ./profiles/standalone_attn_prefill_and_decode_tp8_prefill_then_decode4_2048_64_8192160_agent_info.csv
[m[0;33mW20250901 22:27:29.040460 139911144552192 tool.cpp:1902] rocprofv3_error_signal_handler caught signal 11...
[m# ---- Run standalone_attn_prefill_and_decode_tp8_prefill_then_decode4_2048_128_256160 ----
INFO 09-01 22:27:33 [__init__.py:244] Automatically detected platform rocm.
[0;31mE20250901 22:27:48.867519 140062923892480 output_stream.cpp:105] Opened result file: ./profiles/standalone_attn_prefill_and_decode_tp8_prefill_then_decode4_2048_128_256160_kernel_trace.csv
[m[0;31mE20250901 22:27:48.873439 140062923892480 output_stream.cpp:105] Opened result file: ./profiles/standalone_attn_prefill_and_decode_tp8_prefill_then_decode4_2048_128_256160_agent_info.csv
[m[0;33mW20250901 22:27:57.873703 140062923892480 tool.cpp:1902] rocprofv3_error_signal_handler caught signal 11...
[m# ---- Run standalone_attn_prefill_and_decode_tp8_prefill_then_decode4_2048_128_512160 ----
INFO 09-01 22:28:02 [__init__.py:244] Automatically detected platform rocm.
[0;31mE20250901 22:28:17.467499 140242490451712 output_stream.cpp:105] Opened result file: ./profiles/standalone_attn_prefill_and_decode_tp8_prefill_then_decode4_2048_128_512160_kernel_trace.csv
[m[0;31mE20250901 22:28:17.473326 140242490451712 output_stream.cpp:105] Opened result file: ./profiles/standalone_attn_prefill_and_decode_tp8_prefill_then_decode4_2048_128_512160_agent_info.csv
[m[0;33mW20250901 22:28:26.296515 140242490451712 tool.cpp:1902] rocprofv3_error_signal_handler caught signal 11...
[m# ---- Run standalone_attn_prefill_and_decode_tp8_prefill_then_decode4_2048_128_1024160 ----
INFO 09-01 22:28:31 [__init__.py:244] Automatically detected platform rocm.
[0;31mE20250901 22:28:46.126624 140063107151616 output_stream.cpp:105] Opened result file: ./profiles/standalone_attn_prefill_and_decode_tp8_prefill_then_decode4_2048_128_1024160_kernel_trace.csv
[m[0;31mE20250901 22:28:46.133030 140063107151616 output_stream.cpp:105] Opened result file: ./profiles/standalone_attn_prefill_and_decode_tp8_prefill_then_decode4_2048_128_1024160_agent_info.csv
[m[0;33mW20250901 22:28:55.120606 140063107151616 tool.cpp:1902] rocprofv3_error_signal_handler caught signal 11...
[m# ---- Run standalone_attn_prefill_and_decode_tp8_prefill_then_decode4_2048_128_2048160 ----
INFO 09-01 22:29:00 [__init__.py:244] Automatically detected platform rocm.
[0;31mE20250901 22:29:14.934976 139882194843392 output_stream.cpp:105] Opened result file: ./profiles/standalone_attn_prefill_and_decode_tp8_prefill_then_decode4_2048_128_2048160_kernel_trace.csv
[m[0;31mE20250901 22:29:14.941009 139882194843392 output_stream.cpp:105] Opened result file: ./profiles/standalone_attn_prefill_and_decode_tp8_prefill_then_decode4_2048_128_2048160_agent_info.csv
[m[0;33mW20250901 22:29:23.737697 139882194843392 tool.cpp:1902] rocprofv3_error_signal_handler caught signal 11...
[m# ---- Run standalone_attn_prefill_and_decode_tp8_prefill_then_decode4_2048_128_4096160 ----
INFO 09-01 22:29:28 [__init__.py:244] Automatically detected platform rocm.
[0;31mE20250901 22:29:43.198698 139716122638080 output_stream.cpp:105] Opened result file: ./profiles/standalone_attn_prefill_and_decode_tp8_prefill_then_decode4_2048_128_4096160_kernel_trace.csv
[m[0;31mE20250901 22:29:43.204815 139716122638080 output_stream.cpp:105] Opened result file: ./profiles/standalone_attn_prefill_and_decode_tp8_prefill_then_decode4_2048_128_4096160_agent_info.csv
[m[0;33mW20250901 22:29:52.111339 139716122638080 tool.cpp:1902] rocprofv3_error_signal_handler caught signal 11...
[m# ---- Run standalone_attn_prefill_and_decode_tp8_prefill_then_decode4_2048_128_8192160 ----
INFO 09-01 22:29:56 [__init__.py:244] Automatically detected platform rocm.
[0;31mE20250901 22:30:11.571731 140328727508736 output_stream.cpp:105] Opened result file: ./profiles/standalone_attn_prefill_and_decode_tp8_prefill_then_decode4_2048_128_8192160_kernel_trace.csv
[m[0;31mE20250901 22:30:11.577757 140328727508736 output_stream.cpp:105] Opened result file: ./profiles/standalone_attn_prefill_and_decode_tp8_prefill_then_decode4_2048_128_8192160_agent_info.csv
[m[0;33mW20250901 22:30:20.305859 140328727508736 tool.cpp:1902] rocprofv3_error_signal_handler caught signal 11...
[m# ---- Run standalone_attn_prefill_and_decode_tp8_prefill_then_decode4_4096_1_256160 ----
INFO 09-01 22:30:25 [__init__.py:244] Automatically detected platform rocm.
[0;31mE20250901 22:30:40.755896 140622341588736 output_stream.cpp:105] Opened result file: ./profiles/standalone_attn_prefill_and_decode_tp8_prefill_then_decode4_4096_1_256160_kernel_trace.csv
[m[0;31mE20250901 22:30:40.762854 140622341588736 output_stream.cpp:105] Opened result file: ./profiles/standalone_attn_prefill_and_decode_tp8_prefill_then_decode4_4096_1_256160_agent_info.csv
[m[0;33mW20250901 22:30:49.899360 140622341588736 tool.cpp:1902] rocprofv3_error_signal_handler caught signal 11...
[m# ---- Run standalone_attn_prefill_and_decode_tp8_prefill_then_decode4_4096_1_512160 ----
INFO 09-01 22:30:54 [__init__.py:244] Automatically detected platform rocm.
[0;31mE20250901 22:31:10.256069 139851898894080 output_stream.cpp:105] Opened result file: ./profiles/standalone_attn_prefill_and_decode_tp8_prefill_then_decode4_4096_1_512160_kernel_trace.csv
[m[0;31mE20250901 22:31:10.262150 139851898894080 output_stream.cpp:105] Opened result file: ./profiles/standalone_attn_prefill_and_decode_tp8_prefill_then_decode4_4096_1_512160_agent_info.csv
[m[0;33mW20250901 22:31:18.647619 139851898894080 tool.cpp:1902] rocprofv3_error_signal_handler caught signal 11...
[m# ---- Run standalone_attn_prefill_and_decode_tp8_prefill_then_decode4_4096_1_1024160 ----
INFO 09-01 22:31:23 [__init__.py:244] Automatically detected platform rocm.
[0;31mE20250901 22:31:38.910490 140574083856128 output_stream.cpp:105] Opened result file: ./profiles/standalone_attn_prefill_and_decode_tp8_prefill_then_decode4_4096_1_1024160_kernel_trace.csv
[m[0;31mE20250901 22:31:38.916752 140574083856128 output_stream.cpp:105] Opened result file: ./profiles/standalone_attn_prefill_and_decode_tp8_prefill_then_decode4_4096_1_1024160_agent_info.csv
[m[0;33mW20250901 22:31:47.451038 140574083856128 tool.cpp:1902] rocprofv3_error_signal_handler caught signal 11...
[m# ---- Run standalone_attn_prefill_and_decode_tp8_prefill_then_decode4_4096_1_2048160 ----
INFO 09-01 22:31:52 [__init__.py:244] Automatically detected platform rocm.
[0;31mE20250901 22:32:07.569674 140702104119040 output_stream.cpp:105] Opened result file: ./profiles/standalone_attn_prefill_and_decode_tp8_prefill_then_decode4_4096_1_2048160_kernel_trace.csv
[m[0;31mE20250901 22:32:07.576451 140702104119040 output_stream.cpp:105] Opened result file: ./profiles/standalone_attn_prefill_and_decode_tp8_prefill_then_decode4_4096_1_2048160_agent_info.csv
[m[0;33mW20250901 22:32:16.393827 140702104119040 tool.cpp:1902] rocprofv3_error_signal_handler caught signal 11...
[m# ---- Run standalone_attn_prefill_and_decode_tp8_prefill_then_decode4_4096_1_4096160 ----
INFO 09-01 22:32:21 [__init__.py:244] Automatically detected platform rocm.
[0;31mE20250901 22:32:36.598705 139785064732416 output_stream.cpp:105] Opened result file: ./profiles/standalone_attn_prefill_and_decode_tp8_prefill_then_decode4_4096_1_4096160_kernel_trace.csv
[m[0;31mE20250901 22:32:36.605480 139785064732416 output_stream.cpp:105] Opened result file: ./profiles/standalone_attn_prefill_and_decode_tp8_prefill_then_decode4_4096_1_4096160_agent_info.csv
[m[0;33mW20250901 22:32:45.195111 139785064732416 tool.cpp:1902] rocprofv3_error_signal_handler caught signal 11...
[m# ---- Run standalone_attn_prefill_and_decode_tp8_prefill_then_decode4_4096_1_8192160 ----
INFO 09-01 22:32:50 [__init__.py:244] Automatically detected platform rocm.
[0;31mE20250901 22:33:05.218794 140068472329984 output_stream.cpp:105] Opened result file: ./profiles/standalone_attn_prefill_and_decode_tp8_prefill_then_decode4_4096_1_8192160_kernel_trace.csv
[m[0;31mE20250901 22:33:05.225258 140068472329984 output_stream.cpp:105] Opened result file: ./profiles/standalone_attn_prefill_and_decode_tp8_prefill_then_decode4_4096_1_8192160_agent_info.csv
[m[0;33mW20250901 22:33:13.669218 140068472329984 tool.cpp:1902] rocprofv3_error_signal_handler caught signal 11...
[m# ---- Run standalone_attn_prefill_and_decode_tp8_prefill_then_decode4_4096_2_256160 ----
INFO 09-01 22:33:18 [__init__.py:244] Automatically detected platform rocm.
[0;31mE20250901 22:33:33.789949 139732588988160 output_stream.cpp:105] Opened result file: ./profiles/standalone_attn_prefill_and_decode_tp8_prefill_then_decode4_4096_2_256160_kernel_trace.csv
[m[0;31mE20250901 22:33:33.795824 139732588988160 output_stream.cpp:105] Opened result file: ./profiles/standalone_attn_prefill_and_decode_tp8_prefill_then_decode4_4096_2_256160_agent_info.csv
[m[0;33mW20250901 22:33:42.667970 139732588988160 tool.cpp:1902] rocprofv3_error_signal_handler caught signal 11...
[m# ---- Run standalone_attn_prefill_and_decode_tp8_prefill_then_decode4_4096_2_512160 ----
INFO 09-01 22:33:47 [__init__.py:244] Automatically detected platform rocm.
[0;31mE20250901 22:34:02.797897 139826614564608 output_stream.cpp:105] Opened result file: ./profiles/standalone_attn_prefill_and_decode_tp8_prefill_then_decode4_4096_2_512160_kernel_trace.csv
[m[0;31mE20250901 22:34:02.804295 139826614564608 output_stream.cpp:105] Opened result file: ./profiles/standalone_attn_prefill_and_decode_tp8_prefill_then_decode4_4096_2_512160_agent_info.csv
[m[0;33mW20250901 22:34:11.729660 139826614564608 tool.cpp:1902] rocprofv3_error_signal_handler caught signal 11...
[m# ---- Run standalone_attn_prefill_and_decode_tp8_prefill_then_decode4_4096_2_1024160 ----
INFO 09-01 22:34:16 [__init__.py:244] Automatically detected platform rocm.
[0;31mE20250901 22:34:31.913870 140336452376320 output_stream.cpp:105] Opened result file: ./profiles/standalone_attn_prefill_and_decode_tp8_prefill_then_decode4_4096_2_1024160_kernel_trace.csv
[m[0;31mE20250901 22:34:31.920738 140336452376320 output_stream.cpp:105] Opened result file: ./profiles/standalone_attn_prefill_and_decode_tp8_prefill_then_decode4_4096_2_1024160_agent_info.csv
[m[0;33mW20250901 22:34:40.508402 140336452376320 tool.cpp:1902] rocprofv3_error_signal_handler caught signal 11...
[m# ---- Run standalone_attn_prefill_and_decode_tp8_prefill_then_decode4_4096_2_2048160 ----
INFO 09-01 22:34:45 [__init__.py:244] Automatically detected platform rocm.
[0;31mE20250901 22:35:00.789334 140289893869312 output_stream.cpp:105] Opened result file: ./profiles/standalone_attn_prefill_and_decode_tp8_prefill_then_decode4_4096_2_2048160_kernel_trace.csv
[m[0;31mE20250901 22:35:00.795985 140289893869312 output_stream.cpp:105] Opened result file: ./profiles/standalone_attn_prefill_and_decode_tp8_prefill_then_decode4_4096_2_2048160_agent_info.csv
[m[0;33mW20250901 22:35:09.173940 140289893869312 tool.cpp:1902] rocprofv3_error_signal_handler caught signal 11...
[m# ---- Run standalone_attn_prefill_and_decode_tp8_prefill_then_decode4_4096_2_4096160 ----
INFO 09-01 22:35:14 [__init__.py:244] Automatically detected platform rocm.
[0;31mE20250901 22:35:29.513177 140629469755136 output_stream.cpp:105] Opened result file: ./profiles/standalone_attn_prefill_and_decode_tp8_prefill_then_decode4_4096_2_4096160_kernel_trace.csv
[m[0;31mE20250901 22:35:29.519371 140629469755136 output_stream.cpp:105] Opened result file: ./profiles/standalone_attn_prefill_and_decode_tp8_prefill_then_decode4_4096_2_4096160_agent_info.csv
[m[0;33mW20250901 22:35:38.475664 140629469755136 tool.cpp:1902] rocprofv3_error_signal_handler caught signal 11...
[m# ---- Run standalone_attn_prefill_and_decode_tp8_prefill_then_decode4_4096_2_8192160 ----
INFO 09-01 22:35:43 [__init__.py:244] Automatically detected platform rocm.
[0;31mE20250901 22:35:58.477708 140589950756608 output_stream.cpp:105] Opened result file: ./profiles/standalone_attn_prefill_and_decode_tp8_prefill_then_decode4_4096_2_8192160_kernel_trace.csv
[m[0;31mE20250901 22:35:58.483779 140589950756608 output_stream.cpp:105] Opened result file: ./profiles/standalone_attn_prefill_and_decode_tp8_prefill_then_decode4_4096_2_8192160_agent_info.csv
[m[0;33mW20250901 22:36:06.938361 140589950756608 tool.cpp:1902] rocprofv3_error_signal_handler caught signal 11...
[m# ---- Run standalone_attn_prefill_and_decode_tp8_prefill_then_decode4_4096_4_256160 ----
INFO 09-01 22:36:11 [__init__.py:244] Automatically detected platform rocm.
[0;31mE20250901 22:36:27.008285 140168982107904 output_stream.cpp:105] Opened result file: ./profiles/standalone_attn_prefill_and_decode_tp8_prefill_then_decode4_4096_4_256160_kernel_trace.csv
[m[0;31mE20250901 22:36:27.015076 140168982107904 output_stream.cpp:105] Opened result file: ./profiles/standalone_attn_prefill_and_decode_tp8_prefill_then_decode4_4096_4_256160_agent_info.csv
[m[0;33mW20250901 22:36:35.412746 140168982107904 tool.cpp:1902] rocprofv3_error_signal_handler caught signal 11...
[m# ---- Run standalone_attn_prefill_and_decode_tp8_prefill_then_decode4_4096_4_512160 ----
INFO 09-01 22:36:40 [__init__.py:244] Automatically detected platform rocm.
[0;31mE20250901 22:36:55.896383 139667462936320 output_stream.cpp:105] Opened result file: ./profiles/standalone_attn_prefill_and_decode_tp8_prefill_then_decode4_4096_4_512160_kernel_trace.csv
[m[0;31mE20250901 22:36:55.902694 139667462936320 output_stream.cpp:105] Opened result file: ./profiles/standalone_attn_prefill_and_decode_tp8_prefill_then_decode4_4096_4_512160_agent_info.csv
[m[0;33mW20250901 22:37:04.331951 139667462936320 tool.cpp:1902] rocprofv3_error_signal_handler caught signal 11...
[m# ---- Run standalone_attn_prefill_and_decode_tp8_prefill_then_decode4_4096_4_1024160 ----
INFO 09-01 22:37:09 [__init__.py:244] Automatically detected platform rocm.
[0;31mE20250901 22:37:24.578408 139800352868096 output_stream.cpp:105] Opened result file: ./profiles/standalone_attn_prefill_and_decode_tp8_prefill_then_decode4_4096_4_1024160_kernel_trace.csv
[m[0;31mE20250901 22:37:24.584397 139800352868096 output_stream.cpp:105] Opened result file: ./profiles/standalone_attn_prefill_and_decode_tp8_prefill_then_decode4_4096_4_1024160_agent_info.csv
[m[0;33mW20250901 22:37:33.052095 139800352868096 tool.cpp:1902] rocprofv3_error_signal_handler caught signal 11...
[m# ---- Run standalone_attn_prefill_and_decode_tp8_prefill_then_decode4_4096_4_2048160 ----
INFO 09-01 22:37:38 [__init__.py:244] Automatically detected platform rocm.
[0;31mE20250901 22:37:53.312904 139670527473408 output_stream.cpp:105] Opened result file: ./profiles/standalone_attn_prefill_and_decode_tp8_prefill_then_decode4_4096_4_2048160_kernel_trace.csv
[m[0;31mE20250901 22:37:53.318918 139670527473408 output_stream.cpp:105] Opened result file: ./profiles/standalone_attn_prefill_and_decode_tp8_prefill_then_decode4_4096_4_2048160_agent_info.csv
[m[0;33mW20250901 22:38:01.692495 139670527473408 tool.cpp:1902] rocprofv3_error_signal_handler caught signal 11...
[m# ---- Run standalone_attn_prefill_and_decode_tp8_prefill_then_decode4_4096_4_4096160 ----
INFO 09-01 22:38:06 [__init__.py:244] Automatically detected platform rocm.
[0;31mE20250901 22:38:21.743970 140623341008640 output_stream.cpp:105] Opened result file: ./profiles/standalone_attn_prefill_and_decode_tp8_prefill_then_decode4_4096_4_4096160_kernel_trace.csv
[m[0;31mE20250901 22:38:21.749975 140623341008640 output_stream.cpp:105] Opened result file: ./profiles/standalone_attn_prefill_and_decode_tp8_prefill_then_decode4_4096_4_4096160_agent_info.csv
[m[0;33mW20250901 22:38:30.545785 140623341008640 tool.cpp:1902] rocprofv3_error_signal_handler caught signal 11...
[m# ---- Run standalone_attn_prefill_and_decode_tp8_prefill_then_decode4_4096_4_8192160 ----
INFO 09-01 22:38:35 [__init__.py:244] Automatically detected platform rocm.
[0;31mE20250901 22:38:50.771537 139931624638208 output_stream.cpp:105] Opened result file: ./profiles/standalone_attn_prefill_and_decode_tp8_prefill_then_decode4_4096_4_8192160_kernel_trace.csv
[m[0;31mE20250901 22:38:50.777536 139931624638208 output_stream.cpp:105] Opened result file: ./profiles/standalone_attn_prefill_and_decode_tp8_prefill_then_decode4_4096_4_8192160_agent_info.csv
[m[0;33mW20250901 22:38:59.485769 139931624638208 tool.cpp:1902] rocprofv3_error_signal_handler caught signal 11...
[m# ---- Run standalone_attn_prefill_and_decode_tp8_prefill_then_decode4_4096_8_256160 ----
INFO 09-01 22:39:04 [__init__.py:244] Automatically detected platform rocm.
[0;31mE20250901 22:39:19.626698 140509157816064 output_stream.cpp:105] Opened result file: ./profiles/standalone_attn_prefill_and_decode_tp8_prefill_then_decode4_4096_8_256160_kernel_trace.csv
[m[0;31mE20250901 22:39:19.632705 140509157816064 output_stream.cpp:105] Opened result file: ./profiles/standalone_attn_prefill_and_decode_tp8_prefill_then_decode4_4096_8_256160_agent_info.csv
[m[0;33mW20250901 22:39:28.158317 140509157816064 tool.cpp:1902] rocprofv3_error_signal_handler caught signal 11...
[m# ---- Run standalone_attn_prefill_and_decode_tp8_prefill_then_decode4_4096_8_512160 ----
INFO 09-01 22:39:33 [__init__.py:244] Automatically detected platform rocm.
[0;31mE20250901 22:39:48.397698 140628157134592 output_stream.cpp:105] Opened result file: ./profiles/standalone_attn_prefill_and_decode_tp8_prefill_then_decode4_4096_8_512160_kernel_trace.csv
[m[0;31mE20250901 22:39:48.404478 140628157134592 output_stream.cpp:105] Opened result file: ./profiles/standalone_attn_prefill_and_decode_tp8_prefill_then_decode4_4096_8_512160_agent_info.csv
[m[0;33mW20250901 22:39:57.228961 140628157134592 tool.cpp:1902] rocprofv3_error_signal_handler caught signal 11...
[m# ---- Run standalone_attn_prefill_and_decode_tp8_prefill_then_decode4_4096_8_1024160 ----
INFO 09-01 22:40:02 [__init__.py:244] Automatically detected platform rocm.
[0;31mE20250901 22:40:17.340031 139759464556288 output_stream.cpp:105] Opened result file: ./profiles/standalone_attn_prefill_and_decode_tp8_prefill_then_decode4_4096_8_1024160_kernel_trace.csv
[m[0;31mE20250901 22:40:17.346769 139759464556288 output_stream.cpp:105] Opened result file: ./profiles/standalone_attn_prefill_and_decode_tp8_prefill_then_decode4_4096_8_1024160_agent_info.csv
[m[0;33mW20250901 22:40:25.805891 139759464556288 tool.cpp:1902] rocprofv3_error_signal_handler caught signal 11...
[m# ---- Run standalone_attn_prefill_and_decode_tp8_prefill_then_decode4_4096_8_2048160 ----
INFO 09-01 22:40:30 [__init__.py:244] Automatically detected platform rocm.
[0;31mE20250901 22:40:45.730451 140658944239360 output_stream.cpp:105] Opened result file: ./profiles/standalone_attn_prefill_and_decode_tp8_prefill_then_decode4_4096_8_2048160_kernel_trace.csv
[m[0;31mE20250901 22:40:45.737209 140658944239360 output_stream.cpp:105] Opened result file: ./profiles/standalone_attn_prefill_and_decode_tp8_prefill_then_decode4_4096_8_2048160_agent_info.csv
[m[0;33mW20250901 22:40:54.164042 140658944239360 tool.cpp:1902] rocprofv3_error_signal_handler caught signal 11...
[m# ---- Run standalone_attn_prefill_and_decode_tp8_prefill_then_decode4_4096_8_4096160 ----
INFO 09-01 22:40:59 [__init__.py:244] Automatically detected platform rocm.
[0;31mE20250901 22:41:14.220590 139630658635520 output_stream.cpp:105] Opened result file: ./profiles/standalone_attn_prefill_and_decode_tp8_prefill_then_decode4_4096_8_4096160_kernel_trace.csv
[m[0;31mE20250901 22:41:14.227594 139630658635520 output_stream.cpp:105] Opened result file: ./profiles/standalone_attn_prefill_and_decode_tp8_prefill_then_decode4_4096_8_4096160_agent_info.csv
[m[0;33mW20250901 22:41:23.114943 139630658635520 tool.cpp:1902] rocprofv3_error_signal_handler caught signal 11...
[m# ---- Run standalone_attn_prefill_and_decode_tp8_prefill_then_decode4_4096_8_8192160 ----
INFO 09-01 22:41:27 [__init__.py:244] Automatically detected platform rocm.
[0;31mE20250901 22:41:43.216659 140653417162496 output_stream.cpp:105] Opened result file: ./profiles/standalone_attn_prefill_and_decode_tp8_prefill_then_decode4_4096_8_8192160_kernel_trace.csv
[m[0;31mE20250901 22:41:43.223587 140653417162496 output_stream.cpp:105] Opened result file: ./profiles/standalone_attn_prefill_and_decode_tp8_prefill_then_decode4_4096_8_8192160_agent_info.csv
[m[0;33mW20250901 22:41:52.391125 140653417162496 tool.cpp:1902] rocprofv3_error_signal_handler caught signal 11...
[m# ---- Run standalone_attn_prefill_and_decode_tp8_prefill_then_decode4_4096_16_256160 ----
INFO 09-01 22:41:57 [__init__.py:244] Automatically detected platform rocm.
[0;31mE20250901 22:42:12.407483 140466297952000 output_stream.cpp:105] Opened result file: ./profiles/standalone_attn_prefill_and_decode_tp8_prefill_then_decode4_4096_16_256160_kernel_trace.csv
[m[0;31mE20250901 22:42:12.414285 140466297952000 output_stream.cpp:105] Opened result file: ./profiles/standalone_attn_prefill_and_decode_tp8_prefill_then_decode4_4096_16_256160_agent_info.csv
[m[0;33mW20250901 22:42:20.795147 140466297952000 tool.cpp:1902] rocprofv3_error_signal_handler caught signal 11...
[m# ---- Run standalone_attn_prefill_and_decode_tp8_prefill_then_decode4_4096_16_512160 ----
INFO 09-01 22:42:25 [__init__.py:244] Automatically detected platform rocm.
[0;31mE20250901 22:42:40.963548 140187006908160 output_stream.cpp:105] Opened result file: ./profiles/standalone_attn_prefill_and_decode_tp8_prefill_then_decode4_4096_16_512160_kernel_trace.csv
[m[0;31mE20250901 22:42:40.970430 140187006908160 output_stream.cpp:105] Opened result file: ./profiles/standalone_attn_prefill_and_decode_tp8_prefill_then_decode4_4096_16_512160_agent_info.csv
[m[0;33mW20250901 22:42:50.151045 140187006908160 tool.cpp:1902] rocprofv3_error_signal_handler caught signal 11...
[m# ---- Run standalone_attn_prefill_and_decode_tp8_prefill_then_decode4_4096_16_1024160 ----
INFO 09-01 22:42:54 [__init__.py:244] Automatically detected platform rocm.
[0;31mE20250901 22:43:10.032732 140647240357632 output_stream.cpp:105] Opened result file: ./profiles/standalone_attn_prefill_and_decode_tp8_prefill_then_decode4_4096_16_1024160_kernel_trace.csv
[m[0;31mE20250901 22:43:10.038699 140647240357632 output_stream.cpp:105] Opened result file: ./profiles/standalone_attn_prefill_and_decode_tp8_prefill_then_decode4_4096_16_1024160_agent_info.csv
[m[0;33mW20250901 22:43:18.742566 140647240357632 tool.cpp:1902] rocprofv3_error_signal_handler caught signal 11...
[m# ---- Run standalone_attn_prefill_and_decode_tp8_prefill_then_decode4_4096_16_2048160 ----
INFO 09-01 22:43:23 [__init__.py:244] Automatically detected platform rocm.
[0;31mE20250901 22:43:38.792678 139805405112064 output_stream.cpp:105] Opened result file: ./profiles/standalone_attn_prefill_and_decode_tp8_prefill_then_decode4_4096_16_2048160_kernel_trace.csv
[m[0;31mE20250901 22:43:38.798688 139805405112064 output_stream.cpp:105] Opened result file: ./profiles/standalone_attn_prefill_and_decode_tp8_prefill_then_decode4_4096_16_2048160_agent_info.csv
[m[0;33mW20250901 22:43:47.612786 139805405112064 tool.cpp:1902] rocprofv3_error_signal_handler caught signal 11...
[m# ---- Run standalone_attn_prefill_and_decode_tp8_prefill_then_decode4_4096_16_4096160 ----
INFO 09-01 22:43:52 [__init__.py:244] Automatically detected platform rocm.
[0;31mE20250901 22:44:07.512396 139782356625152 output_stream.cpp:105] Opened result file: ./profiles/standalone_attn_prefill_and_decode_tp8_prefill_then_decode4_4096_16_4096160_kernel_trace.csv
[m[0;31mE20250901 22:44:07.518238 139782356625152 output_stream.cpp:105] Opened result file: ./profiles/standalone_attn_prefill_and_decode_tp8_prefill_then_decode4_4096_16_4096160_agent_info.csv
[m[0;33mW20250901 22:44:15.966192 139782356625152 tool.cpp:1902] rocprofv3_error_signal_handler caught signal 11...
[m# ---- Run standalone_attn_prefill_and_decode_tp8_prefill_then_decode4_4096_16_8192160 ----
INFO 09-01 22:44:20 [__init__.py:244] Automatically detected platform rocm.
[0;31mE20250901 22:44:36.436549 140168429713152 output_stream.cpp:105] Opened result file: ./profiles/standalone_attn_prefill_and_decode_tp8_prefill_then_decode4_4096_16_8192160_kernel_trace.csv
[m[0;31mE20250901 22:44:36.442793 140168429713152 output_stream.cpp:105] Opened result file: ./profiles/standalone_attn_prefill_and_decode_tp8_prefill_then_decode4_4096_16_8192160_agent_info.csv
[m[0;33mW20250901 22:44:44.925835 140168429713152 tool.cpp:1902] rocprofv3_error_signal_handler caught signal 11...
[m# ---- Run standalone_attn_prefill_and_decode_tp8_prefill_then_decode4_4096_32_256160 ----
INFO 09-01 22:44:49 [__init__.py:244] Automatically detected platform rocm.
[0;31mE20250901 22:45:04.941064 140672795285248 output_stream.cpp:105] Opened result file: ./profiles/standalone_attn_prefill_and_decode_tp8_prefill_then_decode4_4096_32_256160_kernel_trace.csv
[m[0;31mE20250901 22:45:04.947960 140672795285248 output_stream.cpp:105] Opened result file: ./profiles/standalone_attn_prefill_and_decode_tp8_prefill_then_decode4_4096_32_256160_agent_info.csv
[m[0;33mW20250901 22:45:13.683900 140672795285248 tool.cpp:1902] rocprofv3_error_signal_handler caught signal 11...
[m# ---- Run standalone_attn_prefill_and_decode_tp8_prefill_then_decode4_4096_32_512160 ----
INFO 09-01 22:45:18 [__init__.py:244] Automatically detected platform rocm.
[0;31mE20250901 22:45:33.789388 140532323821312 output_stream.cpp:105] Opened result file: ./profiles/standalone_attn_prefill_and_decode_tp8_prefill_then_decode4_4096_32_512160_kernel_trace.csv
[m[0;31mE20250901 22:45:33.795891 140532323821312 output_stream.cpp:105] Opened result file: ./profiles/standalone_attn_prefill_and_decode_tp8_prefill_then_decode4_4096_32_512160_agent_info.csv
[m[0;33mW20250901 22:45:42.930362 140532323821312 tool.cpp:1902] rocprofv3_error_signal_handler caught signal 11...
[m# ---- Run standalone_attn_prefill_and_decode_tp8_prefill_then_decode4_4096_32_1024160 ----
INFO 09-01 22:45:47 [__init__.py:244] Automatically detected platform rocm.
[0;31mE20250901 22:46:03.046781 140645046171392 output_stream.cpp:105] Opened result file: ./profiles/standalone_attn_prefill_and_decode_tp8_prefill_then_decode4_4096_32_1024160_kernel_trace.csv
[m[0;31mE20250901 22:46:03.052770 140645046171392 output_stream.cpp:105] Opened result file: ./profiles/standalone_attn_prefill_and_decode_tp8_prefill_then_decode4_4096_32_1024160_agent_info.csv
[m[0;33mW20250901 22:46:11.354375 140645046171392 tool.cpp:1902] rocprofv3_error_signal_handler caught signal 11...
[m# ---- Run standalone_attn_prefill_and_decode_tp8_prefill_then_decode4_4096_32_2048160 ----
INFO 09-01 22:46:16 [__init__.py:244] Automatically detected platform rocm.
[0;31mE20250901 22:46:31.818030 140050457827072 output_stream.cpp:105] Opened result file: ./profiles/standalone_attn_prefill_and_decode_tp8_prefill_then_decode4_4096_32_2048160_kernel_trace.csv
[m[0;31mE20250901 22:46:31.824610 140050457827072 output_stream.cpp:105] Opened result file: ./profiles/standalone_attn_prefill_and_decode_tp8_prefill_then_decode4_4096_32_2048160_agent_info.csv
[m[0;33mW20250901 22:46:40.566906 140050457827072 tool.cpp:1902] rocprofv3_error_signal_handler caught signal 11...
[m# ---- Run standalone_attn_prefill_and_decode_tp8_prefill_then_decode4_4096_32_4096160 ----
INFO 09-01 22:46:45 [__init__.py:244] Automatically detected platform rocm.
[0;31mE20250901 22:47:00.602840 140131072325376 output_stream.cpp:105] Opened result file: ./profiles/standalone_attn_prefill_and_decode_tp8_prefill_then_decode4_4096_32_4096160_kernel_trace.csv
[m[0;31mE20250901 22:47:00.609966 140131072325376 output_stream.cpp:105] Opened result file: ./profiles/standalone_attn_prefill_and_decode_tp8_prefill_then_decode4_4096_32_4096160_agent_info.csv
[m[0;33mW20250901 22:47:09.055850 140131072325376 tool.cpp:1902] rocprofv3_error_signal_handler caught signal 11...
[m# ---- Run standalone_attn_prefill_and_decode_tp8_prefill_then_decode4_4096_32_8192160 ----
INFO 09-01 22:47:13 [__init__.py:244] Automatically detected platform rocm.
[0;31mE20250901 22:47:29.182186 140189365225216 output_stream.cpp:105] Opened result file: ./profiles/standalone_attn_prefill_and_decode_tp8_prefill_then_decode4_4096_32_8192160_kernel_trace.csv
[m[0;31mE20250901 22:47:29.189073 140189365225216 output_stream.cpp:105] Opened result file: ./profiles/standalone_attn_prefill_and_decode_tp8_prefill_then_decode4_4096_32_8192160_agent_info.csv
[m[0;33mW20250901 22:47:37.700258 140189365225216 tool.cpp:1902] rocprofv3_error_signal_handler caught signal 11...
[m# ---- Run standalone_attn_prefill_and_decode_tp8_prefill_then_decode4_4096_64_256160 ----
INFO 09-01 22:47:42 [__init__.py:244] Automatically detected platform rocm.
[0;31mE20250901 22:47:58.145603 139825704761088 output_stream.cpp:105] Opened result file: ./profiles/standalone_attn_prefill_and_decode_tp8_prefill_then_decode4_4096_64_256160_kernel_trace.csv
[m[0;31mE20250901 22:47:58.151462 139825704761088 output_stream.cpp:105] Opened result file: ./profiles/standalone_attn_prefill_and_decode_tp8_prefill_then_decode4_4096_64_256160_agent_info.csv
[m[0;33mW20250901 22:48:06.588417 139825704761088 tool.cpp:1902] rocprofv3_error_signal_handler caught signal 11...
[m# ---- Run standalone_attn_prefill_and_decode_tp8_prefill_then_decode4_4096_64_512160 ----
INFO 09-01 22:48:11 [__init__.py:244] Automatically detected platform rocm.
[0;31mE20250901 22:48:27.078369 139802483582720 output_stream.cpp:105] Opened result file: ./profiles/standalone_attn_prefill_and_decode_tp8_prefill_then_decode4_4096_64_512160_kernel_trace.csv
[m[0;31mE20250901 22:48:27.084537 139802483582720 output_stream.cpp:105] Opened result file: ./profiles/standalone_attn_prefill_and_decode_tp8_prefill_then_decode4_4096_64_512160_agent_info.csv
[m[0;33mW20250901 22:48:35.751959 139802483582720 tool.cpp:1902] rocprofv3_error_signal_handler caught signal 11...
[m# ---- Run standalone_attn_prefill_and_decode_tp8_prefill_then_decode4_4096_64_1024160 ----
INFO 09-01 22:48:40 [__init__.py:244] Automatically detected platform rocm.
[0;31mE20250901 22:48:55.964048 140349780498176 output_stream.cpp:105] Opened result file: ./profiles/standalone_attn_prefill_and_decode_tp8_prefill_then_decode4_4096_64_1024160_kernel_trace.csv
[m[0;31mE20250901 22:48:55.970763 140349780498176 output_stream.cpp:105] Opened result file: ./profiles/standalone_attn_prefill_and_decode_tp8_prefill_then_decode4_4096_64_1024160_agent_info.csv
[m[0;33mW20250901 22:49:04.634745 140349780498176 tool.cpp:1902] rocprofv3_error_signal_handler caught signal 11...
[m# ---- Run standalone_attn_prefill_and_decode_tp8_prefill_then_decode4_4096_64_2048160 ----
INFO 09-01 22:49:09 [__init__.py:244] Automatically detected platform rocm.
[0;31mE20250901 22:49:24.790029 140382631700224 output_stream.cpp:105] Opened result file: ./profiles/standalone_attn_prefill_and_decode_tp8_prefill_then_decode4_4096_64_2048160_kernel_trace.csv
[m[0;31mE20250901 22:49:24.796828 140382631700224 output_stream.cpp:105] Opened result file: ./profiles/standalone_attn_prefill_and_decode_tp8_prefill_then_decode4_4096_64_2048160_agent_info.csv
[m[0;33mW20250901 22:49:33.978857 140382631700224 tool.cpp:1902] rocprofv3_error_signal_handler caught signal 11...
[m# ---- Run standalone_attn_prefill_and_decode_tp8_prefill_then_decode4_4096_64_4096160 ----
INFO 09-01 22:49:38 [__init__.py:244] Automatically detected platform rocm.
[0;31mE20250901 22:49:54.149102 139808796227328 output_stream.cpp:105] Opened result file: ./profiles/standalone_attn_prefill_and_decode_tp8_prefill_then_decode4_4096_64_4096160_kernel_trace.csv
[m[0;31mE20250901 22:49:54.155728 139808796227328 output_stream.cpp:105] Opened result file: ./profiles/standalone_attn_prefill_and_decode_tp8_prefill_then_decode4_4096_64_4096160_agent_info.csv
[m[0;33mW20250901 22:50:02.482324 139808796227328 tool.cpp:1902] rocprofv3_error_signal_handler caught signal 11...
[m# ---- Run standalone_attn_prefill_and_decode_tp8_prefill_then_decode4_4096_64_8192160 ----
INFO 09-01 22:50:07 [__init__.py:244] Automatically detected platform rocm.
[0;31mE20250901 22:50:23.003788 140699869865728 output_stream.cpp:105] Opened result file: ./profiles/standalone_attn_prefill_and_decode_tp8_prefill_then_decode4_4096_64_8192160_kernel_trace.csv
[m[0;31mE20250901 22:50:23.010578 140699869865728 output_stream.cpp:105] Opened result file: ./profiles/standalone_attn_prefill_and_decode_tp8_prefill_then_decode4_4096_64_8192160_agent_info.csv
[m[0;33mW20250901 22:50:31.663914 140699869865728 tool.cpp:1902] rocprofv3_error_signal_handler caught signal 11...
[m# ---- Run standalone_attn_prefill_and_decode_tp8_prefill_then_decode4_4096_128_256160 ----
INFO 09-01 22:50:36 [__init__.py:244] Automatically detected platform rocm.
[0;31mE20250901 22:50:51.477084 139712199788288 output_stream.cpp:105] Opened result file: ./profiles/standalone_attn_prefill_and_decode_tp8_prefill_then_decode4_4096_128_256160_kernel_trace.csv
[m[0;31mE20250901 22:50:51.483695 139712199788288 output_stream.cpp:105] Opened result file: ./profiles/standalone_attn_prefill_and_decode_tp8_prefill_then_decode4_4096_128_256160_agent_info.csv
[m[0;33mW20250901 22:50:59.974734 139712199788288 tool.cpp:1902] rocprofv3_error_signal_handler caught signal 11...
[m# ---- Run standalone_attn_prefill_and_decode_tp8_prefill_then_decode4_4096_128_512160 ----
INFO 09-01 22:51:04 [__init__.py:244] Automatically detected platform rocm.
[0;31mE20250901 22:51:19.940874 139837045987072 output_stream.cpp:105] Opened result file: ./profiles/standalone_attn_prefill_and_decode_tp8_prefill_then_decode4_4096_128_512160_kernel_trace.csv
[m[0;31mE20250901 22:51:19.947654 139837045987072 output_stream.cpp:105] Opened result file: ./profiles/standalone_attn_prefill_and_decode_tp8_prefill_then_decode4_4096_128_512160_agent_info.csv
[m[0;33mW20250901 22:51:28.393431 139837045987072 tool.cpp:1902] rocprofv3_error_signal_handler caught signal 11...
[m# ---- Run standalone_attn_prefill_and_decode_tp8_prefill_then_decode4_4096_128_1024160 ----
INFO 09-01 22:51:33 [__init__.py:244] Automatically detected platform rocm.
[0;31mE20250901 22:51:48.172977 140158126036736 output_stream.cpp:105] Opened result file: ./profiles/standalone_attn_prefill_and_decode_tp8_prefill_then_decode4_4096_128_1024160_kernel_trace.csv
[m[0;31mE20250901 22:51:48.179582 140158126036736 output_stream.cpp:105] Opened result file: ./profiles/standalone_attn_prefill_and_decode_tp8_prefill_then_decode4_4096_128_1024160_agent_info.csv
[m[0;33mW20250901 22:51:57.125358 140158126036736 tool.cpp:1902] rocprofv3_error_signal_handler caught signal 11...
[m# ---- Run standalone_attn_prefill_and_decode_tp8_prefill_then_decode4_4096_128_2048160 ----
INFO 09-01 22:52:01 [__init__.py:244] Automatically detected platform rocm.
[0;31mE20250901 22:52:16.807483 140390763906816 output_stream.cpp:105] Opened result file: ./profiles/standalone_attn_prefill_and_decode_tp8_prefill_then_decode4_4096_128_2048160_kernel_trace.csv
[m[0;31mE20250901 22:52:16.814431 140390763906816 output_stream.cpp:105] Opened result file: ./profiles/standalone_attn_prefill_and_decode_tp8_prefill_then_decode4_4096_128_2048160_agent_info.csv
[m[0;33mW20250901 22:52:25.309658 140390763906816 tool.cpp:1902] rocprofv3_error_signal_handler caught signal 11...
[m# ---- Run standalone_attn_prefill_and_decode_tp8_prefill_then_decode4_4096_128_4096160 ----
INFO 09-01 22:52:30 [__init__.py:244] Automatically detected platform rocm.
[0;31mE20250901 22:52:45.066256 139782081492736 output_stream.cpp:105] Opened result file: ./profiles/standalone_attn_prefill_and_decode_tp8_prefill_then_decode4_4096_128_4096160_kernel_trace.csv
[m[0;31mE20250901 22:52:45.072967 139782081492736 output_stream.cpp:105] Opened result file: ./profiles/standalone_attn_prefill_and_decode_tp8_prefill_then_decode4_4096_128_4096160_agent_info.csv
[m[0;33mW20250901 22:52:53.876094 139782081492736 tool.cpp:1902] rocprofv3_error_signal_handler caught signal 11...
[m# ---- Run standalone_attn_prefill_and_decode_tp8_prefill_then_decode4_4096_128_8192160 ----
INFO 09-01 22:52:58 [__init__.py:244] Automatically detected platform rocm.
[0;31mE20250901 22:53:13.418081 139821417338624 output_stream.cpp:105] Opened result file: ./profiles/standalone_attn_prefill_and_decode_tp8_prefill_then_decode4_4096_128_8192160_kernel_trace.csv
[m[0;31mE20250901 22:53:13.423952 139821417338624 output_stream.cpp:105] Opened result file: ./profiles/standalone_attn_prefill_and_decode_tp8_prefill_then_decode4_4096_128_8192160_agent_info.csv
[m[0;33mW20250901 22:53:22.047168 139821417338624 tool.cpp:1902] rocprofv3_error_signal_handler caught signal 11...
[m# ---- Run standalone_attn_prefill_and_decode_tp8_prefill_then_decode4_8192_1_256160 ----
INFO 09-01 22:53:26 [__init__.py:244] Automatically detected platform rocm.
[0;31mE20250901 22:53:42.358545 140212563281664 output_stream.cpp:105] Opened result file: ./profiles/standalone_attn_prefill_and_decode_tp8_prefill_then_decode4_8192_1_256160_kernel_trace.csv
[m[0;31mE20250901 22:53:42.364684 140212563281664 output_stream.cpp:105] Opened result file: ./profiles/standalone_attn_prefill_and_decode_tp8_prefill_then_decode4_8192_1_256160_agent_info.csv
[m[0;33mW20250901 22:53:51.222169 140212563281664 tool.cpp:1902] rocprofv3_error_signal_handler caught signal 11...
[m# ---- Run standalone_attn_prefill_and_decode_tp8_prefill_then_decode4_8192_1_512160 ----
INFO 09-01 22:53:56 [__init__.py:244] Automatically detected platform rocm.
[0;31mE20250901 22:54:11.410435 139720543057664 output_stream.cpp:105] Opened result file: ./profiles/standalone_attn_prefill_and_decode_tp8_prefill_then_decode4_8192_1_512160_kernel_trace.csv
[m[0;31mE20250901 22:54:11.416380 139720543057664 output_stream.cpp:105] Opened result file: ./profiles/standalone_attn_prefill_and_decode_tp8_prefill_then_decode4_8192_1_512160_agent_info.csv
[m[0;33mW20250901 22:54:20.158541 139720543057664 tool.cpp:1902] rocprofv3_error_signal_handler caught signal 11...
[m# ---- Run standalone_attn_prefill_and_decode_tp8_prefill_then_decode4_8192_1_1024160 ----
INFO 09-01 22:54:25 [__init__.py:244] Automatically detected platform rocm.
[0;31mE20250901 22:54:40.696356 140170884994816 output_stream.cpp:105] Opened result file: ./profiles/standalone_attn_prefill_and_decode_tp8_prefill_then_decode4_8192_1_1024160_kernel_trace.csv
[m[0;31mE20250901 22:54:40.702849 140170884994816 output_stream.cpp:105] Opened result file: ./profiles/standalone_attn_prefill_and_decode_tp8_prefill_then_decode4_8192_1_1024160_agent_info.csv
[m[0;33mW20250901 22:54:49.559424 140170884994816 tool.cpp:1902] rocprofv3_error_signal_handler caught signal 11...
[m# ---- Run standalone_attn_prefill_and_decode_tp8_prefill_then_decode4_8192_1_2048160 ----
INFO 09-01 22:54:54 [__init__.py:244] Automatically detected platform rocm.
[0;31mE20250901 22:55:09.901499 140621317519104 output_stream.cpp:105] Opened result file: ./profiles/standalone_attn_prefill_and_decode_tp8_prefill_then_decode4_8192_1_2048160_kernel_trace.csv
[m[0;31mE20250901 22:55:09.907447 140621317519104 output_stream.cpp:105] Opened result file: ./profiles/standalone_attn_prefill_and_decode_tp8_prefill_then_decode4_8192_1_2048160_agent_info.csv
[m[0;33mW20250901 22:55:18.583987 140621317519104 tool.cpp:1902] rocprofv3_error_signal_handler caught signal 11...
[m# ---- Run standalone_attn_prefill_and_decode_tp8_prefill_then_decode4_8192_1_4096160 ----
INFO 09-01 22:55:23 [__init__.py:244] Automatically detected platform rocm.
[0;31mE20250901 22:55:38.931699 140687913309952 output_stream.cpp:105] Opened result file: ./profiles/standalone_attn_prefill_and_decode_tp8_prefill_then_decode4_8192_1_4096160_kernel_trace.csv
[m[0;31mE20250901 22:55:38.937910 140687913309952 output_stream.cpp:105] Opened result file: ./profiles/standalone_attn_prefill_and_decode_tp8_prefill_then_decode4_8192_1_4096160_agent_info.csv
[m[0;33mW20250901 22:55:47.918752 140687913309952 tool.cpp:1902] rocprofv3_error_signal_handler caught signal 11...
[m# ---- Run standalone_attn_prefill_and_decode_tp8_prefill_then_decode4_8192_1_8192160 ----
INFO 09-01 22:55:52 [__init__.py:244] Automatically detected platform rocm.
[0;31mE20250901 22:56:08.167372 140205051787008 output_stream.cpp:105] Opened result file: ./profiles/standalone_attn_prefill_and_decode_tp8_prefill_then_decode4_8192_1_8192160_kernel_trace.csv
[m[0;31mE20250901 22:56:08.173704 140205051787008 output_stream.cpp:105] Opened result file: ./profiles/standalone_attn_prefill_and_decode_tp8_prefill_then_decode4_8192_1_8192160_agent_info.csv
[m[0;33mW20250901 22:56:17.055608 140205051787008 tool.cpp:1902] rocprofv3_error_signal_handler caught signal 11...
[m# ---- Run standalone_attn_prefill_and_decode_tp8_prefill_then_decode4_8192_2_256160 ----
INFO 09-01 22:56:21 [__init__.py:244] Automatically detected platform rocm.
[0;31mE20250901 22:56:37.233088 139799043225344 output_stream.cpp:105] Opened result file: ./profiles/standalone_attn_prefill_and_decode_tp8_prefill_then_decode4_8192_2_256160_kernel_trace.csv
[m[0;31mE20250901 22:56:37.239172 139799043225344 output_stream.cpp:105] Opened result file: ./profiles/standalone_attn_prefill_and_decode_tp8_prefill_then_decode4_8192_2_256160_agent_info.csv
[m[0;33mW20250901 22:56:46.244595 139799043225344 tool.cpp:1902] rocprofv3_error_signal_handler caught signal 11...
[m# ---- Run standalone_attn_prefill_and_decode_tp8_prefill_then_decode4_8192_2_512160 ----
INFO 09-01 22:56:51 [__init__.py:244] Automatically detected platform rocm.
[0;31mE20250901 22:57:06.507068 139699193767680 output_stream.cpp:105] Opened result file: ./profiles/standalone_attn_prefill_and_decode_tp8_prefill_then_decode4_8192_2_512160_kernel_trace.csv
[m[0;31mE20250901 22:57:06.513085 139699193767680 output_stream.cpp:105] Opened result file: ./profiles/standalone_attn_prefill_and_decode_tp8_prefill_then_decode4_8192_2_512160_agent_info.csv
[m[0;33mW20250901 22:57:15.258740 139699193767680 tool.cpp:1902] rocprofv3_error_signal_handler caught signal 11...
[m# ---- Run standalone_attn_prefill_and_decode_tp8_prefill_then_decode4_8192_2_1024160 ----
INFO 09-01 22:57:20 [__init__.py:244] Automatically detected platform rocm.
[0;31mE20250901 22:57:35.637516 140642969442048 output_stream.cpp:105] Opened result file: ./profiles/standalone_attn_prefill_and_decode_tp8_prefill_then_decode4_8192_2_1024160_kernel_trace.csv
[m[0;31mE20250901 22:57:35.643524 140642969442048 output_stream.cpp:105] Opened result file: ./profiles/standalone_attn_prefill_and_decode_tp8_prefill_then_decode4_8192_2_1024160_agent_info.csv
[m[0;33mW20250901 22:57:44.377195 140642969442048 tool.cpp:1902] rocprofv3_error_signal_handler caught signal 11...
[m# ---- Run standalone_attn_prefill_and_decode_tp8_prefill_then_decode4_8192_2_2048160 ----
INFO 09-01 22:57:49 [__init__.py:244] Automatically detected platform rocm.
[0;31mE20250901 22:58:04.633083 140298600494848 output_stream.cpp:105] Opened result file: ./profiles/standalone_attn_prefill_and_decode_tp8_prefill_then_decode4_8192_2_2048160_kernel_trace.csv
[m[0;31mE20250901 22:58:04.639026 140298600494848 output_stream.cpp:105] Opened result file: ./profiles/standalone_attn_prefill_and_decode_tp8_prefill_then_decode4_8192_2_2048160_agent_info.csv
[m[0;33mW20250901 22:58:13.184008 140298600494848 tool.cpp:1902] rocprofv3_error_signal_handler caught signal 11...
[m# ---- Run standalone_attn_prefill_and_decode_tp8_prefill_then_decode4_8192_2_4096160 ----
INFO 09-01 22:58:18 [__init__.py:244] Automatically detected platform rocm.
[0;31mE20250901 22:58:33.270309 140127805380352 output_stream.cpp:105] Opened result file: ./profiles/standalone_attn_prefill_and_decode_tp8_prefill_then_decode4_8192_2_4096160_kernel_trace.csv
[m[0;31mE20250901 22:58:33.276190 140127805380352 output_stream.cpp:105] Opened result file: ./profiles/standalone_attn_prefill_and_decode_tp8_prefill_then_decode4_8192_2_4096160_agent_info.csv
[m[0;33mW20250901 22:58:41.936591 140127805380352 tool.cpp:1902] rocprofv3_error_signal_handler caught signal 11...
[m# ---- Run standalone_attn_prefill_and_decode_tp8_prefill_then_decode4_8192_2_8192160 ----
INFO 09-01 22:58:46 [__init__.py:244] Automatically detected platform rocm.
[0;31mE20250901 22:59:01.826415 139884454553344 output_stream.cpp:105] Opened result file: ./profiles/standalone_attn_prefill_and_decode_tp8_prefill_then_decode4_8192_2_8192160_kernel_trace.csv
[m[0;31mE20250901 22:59:01.832512 139884454553344 output_stream.cpp:105] Opened result file: ./profiles/standalone_attn_prefill_and_decode_tp8_prefill_then_decode4_8192_2_8192160_agent_info.csv
[m[0;33mW20250901 22:59:10.754819 139884454553344 tool.cpp:1902] rocprofv3_error_signal_handler caught signal 11...
[m# ---- Run standalone_attn_prefill_and_decode_tp8_prefill_then_decode4_8192_4_256160 ----
INFO 09-01 22:59:15 [__init__.py:244] Automatically detected platform rocm.
[0;31mE20250901 22:59:30.850127 140482224310016 output_stream.cpp:105] Opened result file: ./profiles/standalone_attn_prefill_and_decode_tp8_prefill_then_decode4_8192_4_256160_kernel_trace.csv
[m[0;31mE20250901 22:59:30.855989 140482224310016 output_stream.cpp:105] Opened result file: ./profiles/standalone_attn_prefill_and_decode_tp8_prefill_then_decode4_8192_4_256160_agent_info.csv
[m[0;33mW20250901 22:59:39.200837 140482224310016 tool.cpp:1902] rocprofv3_error_signal_handler caught signal 11...
[m# ---- Run standalone_attn_prefill_and_decode_tp8_prefill_then_decode4_8192_4_512160 ----
INFO 09-01 22:59:44 [__init__.py:244] Automatically detected platform rocm.
[0;31mE20250901 23:00:00.035324 140657844209408 output_stream.cpp:105] Opened result file: ./profiles/standalone_attn_prefill_and_decode_tp8_prefill_then_decode4_8192_4_512160_kernel_trace.csv
[m[0;31mE20250901 23:00:00.041350 140657844209408 output_stream.cpp:105] Opened result file: ./profiles/standalone_attn_prefill_and_decode_tp8_prefill_then_decode4_8192_4_512160_agent_info.csv
[m[0;33mW20250901 23:00:09.089214 140657844209408 tool.cpp:1902] rocprofv3_error_signal_handler caught signal 11...
[m# ---- Run standalone_attn_prefill_and_decode_tp8_prefill_then_decode4_8192_4_1024160 ----
INFO 09-01 23:00:13 [__init__.py:244] Automatically detected platform rocm.
[0;31mE20250901 23:00:29.544611 140015810553600 output_stream.cpp:105] Opened result file: ./profiles/standalone_attn_prefill_and_decode_tp8_prefill_then_decode4_8192_4_1024160_kernel_trace.csv
[m[0;31mE20250901 23:00:29.550992 140015810553600 output_stream.cpp:105] Opened result file: ./profiles/standalone_attn_prefill_and_decode_tp8_prefill_then_decode4_8192_4_1024160_agent_info.csv
[m[0;33mW20250901 23:00:38.682647 140015810553600 tool.cpp:1902] rocprofv3_error_signal_handler caught signal 11...
[m# ---- Run standalone_attn_prefill_and_decode_tp8_prefill_then_decode4_8192_4_2048160 ----
INFO 09-01 23:00:43 [__init__.py:244] Automatically detected platform rocm.
[0;31mE20250901 23:00:59.281836 140165710579456 output_stream.cpp:105] Opened result file: ./profiles/standalone_attn_prefill_and_decode_tp8_prefill_then_decode4_8192_4_2048160_kernel_trace.csv
[m[0;31mE20250901 23:00:59.288642 140165710579456 output_stream.cpp:105] Opened result file: ./profiles/standalone_attn_prefill_and_decode_tp8_prefill_then_decode4_8192_4_2048160_agent_info.csv
[m[0;33mW20250901 23:01:08.203793 140165710579456 tool.cpp:1902] rocprofv3_error_signal_handler caught signal 11...
[m# ---- Run standalone_attn_prefill_and_decode_tp8_prefill_then_decode4_8192_4_4096160 ----
INFO 09-01 23:01:13 [__init__.py:244] Automatically detected platform rocm.
[0;31mE20250901 23:01:28.569836 139646268090112 output_stream.cpp:105] Opened result file: ./profiles/standalone_attn_prefill_and_decode_tp8_prefill_then_decode4_8192_4_4096160_kernel_trace.csv
[m[0;31mE20250901 23:01:28.575842 139646268090112 output_stream.cpp:105] Opened result file: ./profiles/standalone_attn_prefill_and_decode_tp8_prefill_then_decode4_8192_4_4096160_agent_info.csv
[m[0;33mW20250901 23:01:37.483402 139646268090112 tool.cpp:1902] rocprofv3_error_signal_handler caught signal 11...
[m# ---- Run standalone_attn_prefill_and_decode_tp8_prefill_then_decode4_8192_4_8192160 ----
INFO 09-01 23:01:42 [__init__.py:244] Automatically detected platform rocm.
[0;31mE20250901 23:01:57.595971 139781968951040 output_stream.cpp:105] Opened result file: ./profiles/standalone_attn_prefill_and_decode_tp8_prefill_then_decode4_8192_4_8192160_kernel_trace.csv
[m[0;31mE20250901 23:01:57.602291 139781968951040 output_stream.cpp:105] Opened result file: ./profiles/standalone_attn_prefill_and_decode_tp8_prefill_then_decode4_8192_4_8192160_agent_info.csv
[m[0;33mW20250901 23:02:06.344115 139781968951040 tool.cpp:1902] rocprofv3_error_signal_handler caught signal 11...
[m# ---- Run standalone_attn_prefill_and_decode_tp8_prefill_then_decode4_8192_8_256160 ----
INFO 09-01 23:02:11 [__init__.py:244] Automatically detected platform rocm.
[0;31mE20250901 23:02:27.074693 140638615795456 output_stream.cpp:105] Opened result file: ./profiles/standalone_attn_prefill_and_decode_tp8_prefill_then_decode4_8192_8_256160_kernel_trace.csv
[m[0;31mE20250901 23:02:27.080815 140638615795456 output_stream.cpp:105] Opened result file: ./profiles/standalone_attn_prefill_and_decode_tp8_prefill_then_decode4_8192_8_256160_agent_info.csv
[m[0;33mW20250901 23:02:35.807302 140638615795456 tool.cpp:1902] rocprofv3_error_signal_handler caught signal 11...
[m# ---- Run standalone_attn_prefill_and_decode_tp8_prefill_then_decode4_8192_8_512160 ----
INFO 09-01 23:02:40 [__init__.py:244] Automatically detected platform rocm.
[0;31mE20250901 23:02:56.355484 140120461354752 output_stream.cpp:105] Opened result file: ./profiles/standalone_attn_prefill_and_decode_tp8_prefill_then_decode4_8192_8_512160_kernel_trace.csv
[m[0;31mE20250901 23:02:56.361173 140120461354752 output_stream.cpp:105] Opened result file: ./profiles/standalone_attn_prefill_and_decode_tp8_prefill_then_decode4_8192_8_512160_agent_info.csv
[m[0;33mW20250901 23:03:05.090964 140120461354752 tool.cpp:1902] rocprofv3_error_signal_handler caught signal 11...
[m# ---- Run standalone_attn_prefill_and_decode_tp8_prefill_then_decode4_8192_8_1024160 ----
INFO 09-01 23:03:09 [__init__.py:244] Automatically detected platform rocm.
[0;31mE20250901 23:03:25.257402 140184786888448 output_stream.cpp:105] Opened result file: ./profiles/standalone_attn_prefill_and_decode_tp8_prefill_then_decode4_8192_8_1024160_kernel_trace.csv
[m[0;31mE20250901 23:03:25.264118 140184786888448 output_stream.cpp:105] Opened result file: ./profiles/standalone_attn_prefill_and_decode_tp8_prefill_then_decode4_8192_8_1024160_agent_info.csv
[m[0;33mW20250901 23:03:33.700831 140184786888448 tool.cpp:1902] rocprofv3_error_signal_handler caught signal 11...
[m# ---- Run standalone_attn_prefill_and_decode_tp8_prefill_then_decode4_8192_8_2048160 ----
INFO 09-01 23:03:38 [__init__.py:244] Automatically detected platform rocm.
[0;31mE20250901 23:03:54.152853 139689553839872 output_stream.cpp:105] Opened result file: ./profiles/standalone_attn_prefill_and_decode_tp8_prefill_then_decode4_8192_8_2048160_kernel_trace.csv
[m[0;31mE20250901 23:03:54.159066 139689553839872 output_stream.cpp:105] Opened result file: ./profiles/standalone_attn_prefill_and_decode_tp8_prefill_then_decode4_8192_8_2048160_agent_info.csv
[m[0;33mW20250901 23:04:02.868116 139689553839872 tool.cpp:1902] rocprofv3_error_signal_handler caught signal 11...
[m# ---- Run standalone_attn_prefill_and_decode_tp8_prefill_then_decode4_8192_8_4096160 ----
INFO 09-01 23:04:07 [__init__.py:244] Automatically detected platform rocm.
[0;31mE20250901 23:04:22.957236 140519103633152 output_stream.cpp:105] Opened result file: ./profiles/standalone_attn_prefill_and_decode_tp8_prefill_then_decode4_8192_8_4096160_kernel_trace.csv
[m[0;31mE20250901 23:04:22.963467 140519103633152 output_stream.cpp:105] Opened result file: ./profiles/standalone_attn_prefill_and_decode_tp8_prefill_then_decode4_8192_8_4096160_agent_info.csv
[m[0;33mW20250901 23:04:31.549486 140519103633152 tool.cpp:1902] rocprofv3_error_signal_handler caught signal 11...
[m# ---- Run standalone_attn_prefill_and_decode_tp8_prefill_then_decode4_8192_8_8192160 ----
INFO 09-01 23:04:36 [__init__.py:244] Automatically detected platform rocm.
[0;31mE20250901 23:04:51.658527 139747279697664 output_stream.cpp:105] Opened result file: ./profiles/standalone_attn_prefill_and_decode_tp8_prefill_then_decode4_8192_8_8192160_kernel_trace.csv
[m[0;31mE20250901 23:04:51.664458 139747279697664 output_stream.cpp:105] Opened result file: ./profiles/standalone_attn_prefill_and_decode_tp8_prefill_then_decode4_8192_8_8192160_agent_info.csv
[m[0;33mW20250901 23:05:00.100274 139747279697664 tool.cpp:1902] rocprofv3_error_signal_handler caught signal 11...
[m# ---- Run standalone_attn_prefill_and_decode_tp8_prefill_then_decode4_8192_16_256160 ----
INFO 09-01 23:05:04 [__init__.py:244] Automatically detected platform rocm.
[0;31mE20250901 23:05:20.399045 139979971233536 output_stream.cpp:105] Opened result file: ./profiles/standalone_attn_prefill_and_decode_tp8_prefill_then_decode4_8192_16_256160_kernel_trace.csv
[m[0;31mE20250901 23:05:20.405846 139979971233536 output_stream.cpp:105] Opened result file: ./profiles/standalone_attn_prefill_and_decode_tp8_prefill_then_decode4_8192_16_256160_agent_info.csv
[m[0;33mW20250901 23:05:29.566443 139979971233536 tool.cpp:1902] rocprofv3_error_signal_handler caught signal 11...
[m# ---- Run standalone_attn_prefill_and_decode_tp8_prefill_then_decode4_8192_16_512160 ----
INFO 09-01 23:05:34 [__init__.py:244] Automatically detected platform rocm.
[0;31mE20250901 23:05:49.803353 139706534905600 output_stream.cpp:105] Opened result file: ./profiles/standalone_attn_prefill_and_decode_tp8_prefill_then_decode4_8192_16_512160_kernel_trace.csv
[m[0;31mE20250901 23:05:49.809193 139706534905600 output_stream.cpp:105] Opened result file: ./profiles/standalone_attn_prefill_and_decode_tp8_prefill_then_decode4_8192_16_512160_agent_info.csv
[m[0;33mW20250901 23:05:58.337179 139706534905600 tool.cpp:1902] rocprofv3_error_signal_handler caught signal 11...
[m# ---- Run standalone_attn_prefill_and_decode_tp8_prefill_then_decode4_8192_16_1024160 ----
INFO 09-01 23:06:03 [__init__.py:244] Automatically detected platform rocm.
[0;31mE20250901 23:06:18.570603 140610822260480 output_stream.cpp:105] Opened result file: ./profiles/standalone_attn_prefill_and_decode_tp8_prefill_then_decode4_8192_16_1024160_kernel_trace.csv
[m[0;31mE20250901 23:06:18.576500 140610822260480 output_stream.cpp:105] Opened result file: ./profiles/standalone_attn_prefill_and_decode_tp8_prefill_then_decode4_8192_16_1024160_agent_info.csv
[m[0;33mW20250901 23:06:27.160029 140610822260480 tool.cpp:1902] rocprofv3_error_signal_handler caught signal 11...
[m# ---- Run standalone_attn_prefill_and_decode_tp8_prefill_then_decode4_8192_16_2048160 ----
INFO 09-01 23:06:31 [__init__.py:244] Automatically detected platform rocm.
[0;31mE20250901 23:06:47.340214 140275023984384 output_stream.cpp:105] Opened result file: ./profiles/standalone_attn_prefill_and_decode_tp8_prefill_then_decode4_8192_16_2048160_kernel_trace.csv
[m[0;31mE20250901 23:06:47.346163 140275023984384 output_stream.cpp:105] Opened result file: ./profiles/standalone_attn_prefill_and_decode_tp8_prefill_then_decode4_8192_16_2048160_agent_info.csv
[m[0;33mW20250901 23:06:56.308016 140275023984384 tool.cpp:1902] rocprofv3_error_signal_handler caught signal 11...
[m# ---- Run standalone_attn_prefill_and_decode_tp8_prefill_then_decode4_8192_16_4096160 ----
INFO 09-01 23:07:01 [__init__.py:244] Automatically detected platform rocm.
[0;31mE20250901 23:07:16.371037 140454213957376 output_stream.cpp:105] Opened result file: ./profiles/standalone_attn_prefill_and_decode_tp8_prefill_then_decode4_8192_16_4096160_kernel_trace.csv
[m[0;31mE20250901 23:07:16.377018 140454213957376 output_stream.cpp:105] Opened result file: ./profiles/standalone_attn_prefill_and_decode_tp8_prefill_then_decode4_8192_16_4096160_agent_info.csv
[m[0;33mW20250901 23:07:25.253161 140454213957376 tool.cpp:1902] rocprofv3_error_signal_handler caught signal 11...
[m# ---- Run standalone_attn_prefill_and_decode_tp8_prefill_then_decode4_8192_16_8192160 ----
INFO 09-01 23:07:30 [__init__.py:244] Automatically detected platform rocm.
[0;31mE20250901 23:07:46.027065 140260117628672 output_stream.cpp:105] Opened result file: ./profiles/standalone_attn_prefill_and_decode_tp8_prefill_then_decode4_8192_16_8192160_kernel_trace.csv
[m[0;31mE20250901 23:07:46.033293 140260117628672 output_stream.cpp:105] Opened result file: ./profiles/standalone_attn_prefill_and_decode_tp8_prefill_then_decode4_8192_16_8192160_agent_info.csv
[m[0;33mW20250901 23:07:54.966215 140260117628672 tool.cpp:1902] rocprofv3_error_signal_handler caught signal 11...
[m# ---- Run standalone_attn_prefill_and_decode_tp8_prefill_then_decode4_8192_32_256160 ----
INFO 09-01 23:07:59 [__init__.py:244] Automatically detected platform rocm.
[0;31mE20250901 23:08:14.937923 139628946585344 output_stream.cpp:105] Opened result file: ./profiles/standalone_attn_prefill_and_decode_tp8_prefill_then_decode4_8192_32_256160_kernel_trace.csv
[m[0;31mE20250901 23:08:14.944294 139628946585344 output_stream.cpp:105] Opened result file: ./profiles/standalone_attn_prefill_and_decode_tp8_prefill_then_decode4_8192_32_256160_agent_info.csv
[m[0;33mW20250901 23:08:23.335987 139628946585344 tool.cpp:1902] rocprofv3_error_signal_handler caught signal 11...
[m# ---- Run standalone_attn_prefill_and_decode_tp8_prefill_then_decode4_8192_32_512160 ----
INFO 09-01 23:08:28 [__init__.py:244] Automatically detected platform rocm.
[0;31mE20250901 23:08:43.419743 140512243701504 output_stream.cpp:105] Opened result file: ./profiles/standalone_attn_prefill_and_decode_tp8_prefill_then_decode4_8192_32_512160_kernel_trace.csv
[m[0;31mE20250901 23:08:43.426174 140512243701504 output_stream.cpp:105] Opened result file: ./profiles/standalone_attn_prefill_and_decode_tp8_prefill_then_decode4_8192_32_512160_agent_info.csv
[m[0;33mW20250901 23:08:51.894760 140512243701504 tool.cpp:1902] rocprofv3_error_signal_handler caught signal 11...
[m# ---- Run standalone_attn_prefill_and_decode_tp8_prefill_then_decode4_8192_32_1024160 ----
INFO 09-01 23:08:56 [__init__.py:244] Automatically detected platform rocm.
[0;31mE20250901 23:09:12.318243 140138329552640 output_stream.cpp:105] Opened result file: ./profiles/standalone_attn_prefill_and_decode_tp8_prefill_then_decode4_8192_32_1024160_kernel_trace.csv
[m[0;31mE20250901 23:09:12.324123 140138329552640 output_stream.cpp:105] Opened result file: ./profiles/standalone_attn_prefill_and_decode_tp8_prefill_then_decode4_8192_32_1024160_agent_info.csv
[m[0;33mW20250901 23:09:21.344689 140138329552640 tool.cpp:1902] rocprofv3_error_signal_handler caught signal 11...
[m# ---- Run standalone_attn_prefill_and_decode_tp8_prefill_then_decode4_8192_32_2048160 ----
INFO 09-01 23:09:26 [__init__.py:244] Automatically detected platform rocm.
[0;31mE20250901 23:09:41.850322 140241745778432 output_stream.cpp:105] Opened result file: ./profiles/standalone_attn_prefill_and_decode_tp8_prefill_then_decode4_8192_32_2048160_kernel_trace.csv
[m[0;31mE20250901 23:09:41.856091 140241745778432 output_stream.cpp:105] Opened result file: ./profiles/standalone_attn_prefill_and_decode_tp8_prefill_then_decode4_8192_32_2048160_agent_info.csv
[m[0;33mW20250901 23:09:50.687888 140241745778432 tool.cpp:1902] rocprofv3_error_signal_handler caught signal 11...
[m# ---- Run standalone_attn_prefill_and_decode_tp8_prefill_then_decode4_8192_32_4096160 ----
INFO 09-01 23:09:55 [__init__.py:244] Automatically detected platform rocm.
[0;31mE20250901 23:10:10.912498 140138135037696 output_stream.cpp:105] Opened result file: ./profiles/standalone_attn_prefill_and_decode_tp8_prefill_then_decode4_8192_32_4096160_kernel_trace.csv
[m[0;31mE20250901 23:10:10.918341 140138135037696 output_stream.cpp:105] Opened result file: ./profiles/standalone_attn_prefill_and_decode_tp8_prefill_then_decode4_8192_32_4096160_agent_info.csv
[m[0;33mW20250901 23:10:19.660298 140138135037696 tool.cpp:1902] rocprofv3_error_signal_handler caught signal 11...
[m# ---- Run standalone_attn_prefill_and_decode_tp8_prefill_then_decode4_8192_32_8192160 ----
INFO 09-01 23:10:24 [__init__.py:244] Automatically detected platform rocm.
[0;31mE20250901 23:10:40.297842 140221786175232 output_stream.cpp:105] Opened result file: ./profiles/standalone_attn_prefill_and_decode_tp8_prefill_then_decode4_8192_32_8192160_kernel_trace.csv
[m[0;31mE20250901 23:10:40.303818 140221786175232 output_stream.cpp:105] Opened result file: ./profiles/standalone_attn_prefill_and_decode_tp8_prefill_then_decode4_8192_32_8192160_agent_info.csv
[m[0;33mW20250901 23:10:48.945176 140221786175232 tool.cpp:1902] rocprofv3_error_signal_handler caught signal 11...
[m# ---- Run standalone_attn_prefill_and_decode_tp8_prefill_then_decode4_8192_64_256160 ----
INFO 09-01 23:10:53 [__init__.py:244] Automatically detected platform rocm.
[0;31mE20250901 23:11:09.210345 140353092663040 output_stream.cpp:105] Opened result file: ./profiles/standalone_attn_prefill_and_decode_tp8_prefill_then_decode4_8192_64_256160_kernel_trace.csv
[m[0;31mE20250901 23:11:09.216168 140353092663040 output_stream.cpp:105] Opened result file: ./profiles/standalone_attn_prefill_and_decode_tp8_prefill_then_decode4_8192_64_256160_agent_info.csv
[m[0;33mW20250901 23:11:18.022094 140353092663040 tool.cpp:1902] rocprofv3_error_signal_handler caught signal 11...
[m# ---- Run standalone_attn_prefill_and_decode_tp8_prefill_then_decode4_8192_64_512160 ----
INFO 09-01 23:11:22 [__init__.py:244] Automatically detected platform rocm.
[0;31mE20250901 23:11:38.386562 140084054300416 output_stream.cpp:105] Opened result file: ./profiles/standalone_attn_prefill_and_decode_tp8_prefill_then_decode4_8192_64_512160_kernel_trace.csv
[m[0;31mE20250901 23:11:38.392788 140084054300416 output_stream.cpp:105] Opened result file: ./profiles/standalone_attn_prefill_and_decode_tp8_prefill_then_decode4_8192_64_512160_agent_info.csv
[m[0;33mW20250901 23:11:46.991486 140084054300416 tool.cpp:1902] rocprofv3_error_signal_handler caught signal 11...
[m# ---- Run standalone_attn_prefill_and_decode_tp8_prefill_then_decode4_8192_64_1024160 ----
INFO 09-01 23:11:51 [__init__.py:244] Automatically detected platform rocm.
[0;31mE20250901 23:12:07.213526 140158126315264 output_stream.cpp:105] Opened result file: ./profiles/standalone_attn_prefill_and_decode_tp8_prefill_then_decode4_8192_64_1024160_kernel_trace.csv
[m[0;31mE20250901 23:12:07.219427 140158126315264 output_stream.cpp:105] Opened result file: ./profiles/standalone_attn_prefill_and_decode_tp8_prefill_then_decode4_8192_64_1024160_agent_info.csv
[m[0;33mW20250901 23:12:15.811336 140158126315264 tool.cpp:1902] rocprofv3_error_signal_handler caught signal 11...
[m# ---- Run standalone_attn_prefill_and_decode_tp8_prefill_then_decode4_8192_64_2048160 ----
INFO 09-01 23:12:20 [__init__.py:244] Automatically detected platform rocm.
[0;31mE20250901 23:12:36.395244 140616112330496 output_stream.cpp:105] Opened result file: ./profiles/standalone_attn_prefill_and_decode_tp8_prefill_then_decode4_8192_64_2048160_kernel_trace.csv
[m[0;31mE20250901 23:12:36.401063 140616112330496 output_stream.cpp:105] Opened result file: ./profiles/standalone_attn_prefill_and_decode_tp8_prefill_then_decode4_8192_64_2048160_agent_info.csv
[m[0;33mW20250901 23:12:45.080557 140616112330496 tool.cpp:1902] rocprofv3_error_signal_handler caught signal 11...
[m# ---- Run standalone_attn_prefill_and_decode_tp8_prefill_then_decode4_8192_64_4096160 ----
INFO 09-01 23:12:49 [__init__.py:244] Automatically detected platform rocm.
[0;31mE20250901 23:13:05.450025 140018603050752 output_stream.cpp:105] Opened result file: ./profiles/standalone_attn_prefill_and_decode_tp8_prefill_then_decode4_8192_64_4096160_kernel_trace.csv
[m[0;31mE20250901 23:13:05.456819 140018603050752 output_stream.cpp:105] Opened result file: ./profiles/standalone_attn_prefill_and_decode_tp8_prefill_then_decode4_8192_64_4096160_agent_info.csv
[m[0;33mW20250901 23:13:14.177304 140018603050752 tool.cpp:1902] rocprofv3_error_signal_handler caught signal 11...
[m# ---- Run standalone_attn_prefill_and_decode_tp8_prefill_then_decode4_8192_64_8192160 ----
INFO 09-01 23:13:18 [__init__.py:244] Automatically detected platform rocm.
[0;31mE20250901 23:13:34.413287 140088757282560 output_stream.cpp:105] Opened result file: ./profiles/standalone_attn_prefill_and_decode_tp8_prefill_then_decode4_8192_64_8192160_kernel_trace.csv
[m[0;31mE20250901 23:13:34.419489 140088757282560 output_stream.cpp:105] Opened result file: ./profiles/standalone_attn_prefill_and_decode_tp8_prefill_then_decode4_8192_64_8192160_agent_info.csv
[m[0;33mW20250901 23:13:43.125788 140088757282560 tool.cpp:1902] rocprofv3_error_signal_handler caught signal 11...
[m# ---- Run standalone_attn_prefill_and_decode_tp8_prefill_then_decode4_8192_128_256160 ----
INFO 09-01 23:13:48 [__init__.py:244] Automatically detected platform rocm.
[0;31mE20250901 23:14:02.886557 140318292707072 output_stream.cpp:105] Opened result file: ./profiles/standalone_attn_prefill_and_decode_tp8_prefill_then_decode4_8192_128_256160_kernel_trace.csv
[m[0;31mE20250901 23:14:02.892619 140318292707072 output_stream.cpp:105] Opened result file: ./profiles/standalone_attn_prefill_and_decode_tp8_prefill_then_decode4_8192_128_256160_agent_info.csv
[m[0;33mW20250901 23:14:11.623040 140318292707072 tool.cpp:1902] rocprofv3_error_signal_handler caught signal 11...
[m# ---- Run standalone_attn_prefill_and_decode_tp8_prefill_then_decode4_8192_128_512160 ----
INFO 09-01 23:14:16 [__init__.py:244] Automatically detected platform rocm.
[0;31mE20250901 23:14:31.505633 140488564107008 output_stream.cpp:105] Opened result file: ./profiles/standalone_attn_prefill_and_decode_tp8_prefill_then_decode4_8192_128_512160_kernel_trace.csv
[m[0;31mE20250901 23:14:31.511876 140488564107008 output_stream.cpp:105] Opened result file: ./profiles/standalone_attn_prefill_and_decode_tp8_prefill_then_decode4_8192_128_512160_agent_info.csv
[m[0;33mW20250901 23:14:40.312202 140488564107008 tool.cpp:1902] rocprofv3_error_signal_handler caught signal 11...
[m# ---- Run standalone_attn_prefill_and_decode_tp8_prefill_then_decode4_8192_128_1024160 ----
INFO 09-01 23:14:45 [__init__.py:244] Automatically detected platform rocm.
[0;31mE20250901 23:15:00.314598 140609354090240 output_stream.cpp:105] Opened result file: ./profiles/standalone_attn_prefill_and_decode_tp8_prefill_then_decode4_8192_128_1024160_kernel_trace.csv
[m[0;31mE20250901 23:15:00.320448 140609354090240 output_stream.cpp:105] Opened result file: ./profiles/standalone_attn_prefill_and_decode_tp8_prefill_then_decode4_8192_128_1024160_agent_info.csv
[m[0;33mW20250901 23:15:09.044348 140609354090240 tool.cpp:1902] rocprofv3_error_signal_handler caught signal 11...
[m# ---- Run standalone_attn_prefill_and_decode_tp8_prefill_then_decode4_8192_128_2048160 ----
INFO 09-01 23:15:13 [__init__.py:244] Automatically detected platform rocm.
[0;31mE20250901 23:15:29.028613 139839188715264 output_stream.cpp:105] Opened result file: ./profiles/standalone_attn_prefill_and_decode_tp8_prefill_then_decode4_8192_128_2048160_kernel_trace.csv
[m[0;31mE20250901 23:15:29.034686 139839188715264 output_stream.cpp:105] Opened result file: ./profiles/standalone_attn_prefill_and_decode_tp8_prefill_then_decode4_8192_128_2048160_agent_info.csv
[m[0;33mW20250901 23:15:37.896972 139839188715264 tool.cpp:1902] rocprofv3_error_signal_handler caught signal 11...
[m# ---- Run standalone_attn_prefill_and_decode_tp8_prefill_then_decode4_8192_128_4096160 ----
INFO 09-01 23:15:42 [__init__.py:244] Automatically detected platform rocm.
[0;31mE20250901 23:15:57.821917 140702902810368 output_stream.cpp:105] Opened result file: ./profiles/standalone_attn_prefill_and_decode_tp8_prefill_then_decode4_8192_128_4096160_kernel_trace.csv
[m[0;31mE20250901 23:15:57.827982 140702902810368 output_stream.cpp:105] Opened result file: ./profiles/standalone_attn_prefill_and_decode_tp8_prefill_then_decode4_8192_128_4096160_agent_info.csv
[m[0;33mW20250901 23:16:06.728588 140702902810368 tool.cpp:1902] rocprofv3_error_signal_handler caught signal 11...
[m# ---- Run standalone_attn_prefill_and_decode_tp8_prefill_then_decode4_8192_128_8192160 ----
INFO 09-01 23:16:11 [__init__.py:244] Automatically detected platform rocm.
[0;31mE20250901 23:16:26.527546 140593854236416 output_stream.cpp:105] Opened result file: ./profiles/standalone_attn_prefill_and_decode_tp8_prefill_then_decode4_8192_128_8192160_kernel_trace.csv
[m[0;31mE20250901 23:16:26.534056 140593854236416 output_stream.cpp:105] Opened result file: ./profiles/standalone_attn_prefill_and_decode_tp8_prefill_then_decode4_8192_128_8192160_agent_info.csv
[m[0;33mW20250901 23:16:35.687092 140593854236416 tool.cpp:1902] rocprofv3_error_signal_handler caught signal 11...
[m# ---- Run standalone_attn_prefill_and_decode_tp8_prefill_then_decode8_256_1_256160 ----
INFO 09-01 23:16:40 [__init__.py:244] Automatically detected platform rocm.
[0;31mE20250901 23:16:56.001861 140526859454208 output_stream.cpp:105] Opened result file: ./profiles/standalone_attn_prefill_and_decode_tp8_prefill_then_decode8_256_1_256160_kernel_trace.csv
[m[0;31mE20250901 23:16:56.008948 140526859454208 output_stream.cpp:105] Opened result file: ./profiles/standalone_attn_prefill_and_decode_tp8_prefill_then_decode8_256_1_256160_agent_info.csv
[m[0;33mW20250901 23:17:04.839100 140526859454208 tool.cpp:1902] rocprofv3_error_signal_handler caught signal 11...
[m# ---- Run standalone_attn_prefill_and_decode_tp8_prefill_then_decode8_256_1_512160 ----
INFO 09-01 23:17:09 [__init__.py:244] Automatically detected platform rocm.
[0;31mE20250901 23:17:24.943402 140344196642560 output_stream.cpp:105] Opened result file: ./profiles/standalone_attn_prefill_and_decode_tp8_prefill_then_decode8_256_1_512160_kernel_trace.csv
[m[0;31mE20250901 23:17:24.950022 140344196642560 output_stream.cpp:105] Opened result file: ./profiles/standalone_attn_prefill_and_decode_tp8_prefill_then_decode8_256_1_512160_agent_info.csv
[m[0;33mW20250901 23:17:33.657680 140344196642560 tool.cpp:1902] rocprofv3_error_signal_handler caught signal 11...
[m# ---- Run standalone_attn_prefill_and_decode_tp8_prefill_then_decode8_256_1_1024160 ----
INFO 09-01 23:17:38 [__init__.py:244] Automatically detected platform rocm.
[0;31mE20250901 23:17:54.006584 140229372225280 output_stream.cpp:105] Opened result file: ./profiles/standalone_attn_prefill_and_decode_tp8_prefill_then_decode8_256_1_1024160_kernel_trace.csv
[m[0;31mE20250901 23:17:54.012634 140229372225280 output_stream.cpp:105] Opened result file: ./profiles/standalone_attn_prefill_and_decode_tp8_prefill_then_decode8_256_1_1024160_agent_info.csv
[m[0;33mW20250901 23:18:02.832148 140229372225280 tool.cpp:1902] rocprofv3_error_signal_handler caught signal 11...
[m# ---- Run standalone_attn_prefill_and_decode_tp8_prefill_then_decode8_256_1_2048160 ----
INFO 09-01 23:18:07 [__init__.py:244] Automatically detected platform rocm.
[0;31mE20250901 23:18:23.021671 139991468033792 output_stream.cpp:105] Opened result file: ./profiles/standalone_attn_prefill_and_decode_tp8_prefill_then_decode8_256_1_2048160_kernel_trace.csv
[m[0;31mE20250901 23:18:23.027650 139991468033792 output_stream.cpp:105] Opened result file: ./profiles/standalone_attn_prefill_and_decode_tp8_prefill_then_decode8_256_1_2048160_agent_info.csv
[m[0;33mW20250901 23:18:31.890182 139991468033792 tool.cpp:1902] rocprofv3_error_signal_handler caught signal 11...
[m# ---- Run standalone_attn_prefill_and_decode_tp8_prefill_then_decode8_256_1_4096160 ----
INFO 09-01 23:18:36 [__init__.py:244] Automatically detected platform rocm.
[0;31mE20250901 23:18:51.898558 140224956135168 output_stream.cpp:105] Opened result file: ./profiles/standalone_attn_prefill_and_decode_tp8_prefill_then_decode8_256_1_4096160_kernel_trace.csv
[m[0;31mE20250901 23:18:51.904417 140224956135168 output_stream.cpp:105] Opened result file: ./profiles/standalone_attn_prefill_and_decode_tp8_prefill_then_decode8_256_1_4096160_agent_info.csv
[m[0;33mW20250901 23:19:00.468788 140224956135168 tool.cpp:1902] rocprofv3_error_signal_handler caught signal 11...
[m# ---- Run standalone_attn_prefill_and_decode_tp8_prefill_then_decode8_256_1_8192160 ----
INFO 09-01 23:19:05 [__init__.py:244] Automatically detected platform rocm.
[0;31mE20250901 23:19:20.226654 140536302806784 output_stream.cpp:105] Opened result file: ./profiles/standalone_attn_prefill_and_decode_tp8_prefill_then_decode8_256_1_8192160_kernel_trace.csv
[m[0;31mE20250901 23:19:20.232826 140536302806784 output_stream.cpp:105] Opened result file: ./profiles/standalone_attn_prefill_and_decode_tp8_prefill_then_decode8_256_1_8192160_agent_info.csv
[m[0;33mW20250901 23:19:29.105622 140536302806784 tool.cpp:1902] rocprofv3_error_signal_handler caught signal 11...
[m# ---- Run standalone_attn_prefill_and_decode_tp8_prefill_then_decode8_256_2_256160 ----
INFO 09-01 23:19:34 [__init__.py:244] Automatically detected platform rocm.
[0;31mE20250901 23:19:49.217959 139694453765888 output_stream.cpp:105] Opened result file: ./profiles/standalone_attn_prefill_and_decode_tp8_prefill_then_decode8_256_2_256160_kernel_trace.csv
[m[0;31mE20250901 23:19:49.223841 139694453765888 output_stream.cpp:105] Opened result file: ./profiles/standalone_attn_prefill_and_decode_tp8_prefill_then_decode8_256_2_256160_agent_info.csv
[m[0;33mW20250901 23:19:57.809258 139694453765888 tool.cpp:1902] rocprofv3_error_signal_handler caught signal 11...
[m# ---- Run standalone_attn_prefill_and_decode_tp8_prefill_then_decode8_256_2_512160 ----
INFO 09-01 23:20:02 [__init__.py:244] Automatically detected platform rocm.
[0;31mE20250901 23:20:17.878540 140031553443584 output_stream.cpp:105] Opened result file: ./profiles/standalone_attn_prefill_and_decode_tp8_prefill_then_decode8_256_2_512160_kernel_trace.csv
[m[0;31mE20250901 23:20:17.884419 140031553443584 output_stream.cpp:105] Opened result file: ./profiles/standalone_attn_prefill_and_decode_tp8_prefill_then_decode8_256_2_512160_agent_info.csv
[m[0;33mW20250901 23:20:26.260082 140031553443584 tool.cpp:1902] rocprofv3_error_signal_handler caught signal 11...
[m# ---- Run standalone_attn_prefill_and_decode_tp8_prefill_then_decode8_256_2_1024160 ----
INFO 09-01 23:20:31 [__init__.py:244] Automatically detected platform rocm.
[0;31mE20250901 23:20:46.189272 140362468685568 output_stream.cpp:105] Opened result file: ./profiles/standalone_attn_prefill_and_decode_tp8_prefill_then_decode8_256_2_1024160_kernel_trace.csv
[m[0;31mE20250901 23:20:46.195240 140362468685568 output_stream.cpp:105] Opened result file: ./profiles/standalone_attn_prefill_and_decode_tp8_prefill_then_decode8_256_2_1024160_agent_info.csv
[m[0;33mW20250901 23:20:55.139481 140362468685568 tool.cpp:1902] rocprofv3_error_signal_handler caught signal 11...
[m# ---- Run standalone_attn_prefill_and_decode_tp8_prefill_then_decode8_256_2_2048160 ----
INFO 09-01 23:21:00 [__init__.py:244] Automatically detected platform rocm.
[0;31mE20250901 23:21:15.279679 140353281275648 output_stream.cpp:105] Opened result file: ./profiles/standalone_attn_prefill_and_decode_tp8_prefill_then_decode8_256_2_2048160_kernel_trace.csv
[m[0;31mE20250901 23:21:15.286537 140353281275648 output_stream.cpp:105] Opened result file: ./profiles/standalone_attn_prefill_and_decode_tp8_prefill_then_decode8_256_2_2048160_agent_info.csv
[m[0;33mW20250901 23:21:24.322721 140353281275648 tool.cpp:1902] rocprofv3_error_signal_handler caught signal 11...
[m# ---- Run standalone_attn_prefill_and_decode_tp8_prefill_then_decode8_256_2_4096160 ----
INFO 09-01 23:21:29 [__init__.py:244] Automatically detected platform rocm.
[0;31mE20250901 23:21:44.472081 140320770103040 output_stream.cpp:105] Opened result file: ./profiles/standalone_attn_prefill_and_decode_tp8_prefill_then_decode8_256_2_4096160_kernel_trace.csv
[m[0;31mE20250901 23:21:44.478927 140320770103040 output_stream.cpp:105] Opened result file: ./profiles/standalone_attn_prefill_and_decode_tp8_prefill_then_decode8_256_2_4096160_agent_info.csv
[m[0;33mW20250901 23:21:52.796804 140320770103040 tool.cpp:1902] rocprofv3_error_signal_handler caught signal 11...
[m# ---- Run standalone_attn_prefill_and_decode_tp8_prefill_then_decode8_256_2_8192160 ----
INFO 09-01 23:21:57 [__init__.py:244] Automatically detected platform rocm.
[0;31mE20250901 23:22:13.083223 140661163632384 output_stream.cpp:105] Opened result file: ./profiles/standalone_attn_prefill_and_decode_tp8_prefill_then_decode8_256_2_8192160_kernel_trace.csv
[m[0;31mE20250901 23:22:13.088992 140661163632384 output_stream.cpp:105] Opened result file: ./profiles/standalone_attn_prefill_and_decode_tp8_prefill_then_decode8_256_2_8192160_agent_info.csv
[m[0;33mW20250901 23:22:21.532240 140661163632384 tool.cpp:1902] rocprofv3_error_signal_handler caught signal 11...
[m# ---- Run standalone_attn_prefill_and_decode_tp8_prefill_then_decode8_256_4_256160 ----
INFO 09-01 23:22:26 [__init__.py:244] Automatically detected platform rocm.
[0;31mE20250901 23:22:41.568879 140052244530944 output_stream.cpp:105] Opened result file: ./profiles/standalone_attn_prefill_and_decode_tp8_prefill_then_decode8_256_4_256160_kernel_trace.csv
[m[0;31mE20250901 23:22:41.574842 140052244530944 output_stream.cpp:105] Opened result file: ./profiles/standalone_attn_prefill_and_decode_tp8_prefill_then_decode8_256_4_256160_agent_info.csv
[m[0;33mW20250901 23:22:50.562740 140052244530944 tool.cpp:1902] rocprofv3_error_signal_handler caught signal 11...
[m# ---- Run standalone_attn_prefill_and_decode_tp8_prefill_then_decode8_256_4_512160 ----
INFO 09-01 23:22:55 [__init__.py:244] Automatically detected platform rocm.
[0;31mE20250901 23:23:10.587058 139805475907328 output_stream.cpp:105] Opened result file: ./profiles/standalone_attn_prefill_and_decode_tp8_prefill_then_decode8_256_4_512160_kernel_trace.csv
[m[0;31mE20250901 23:23:10.593642 139805475907328 output_stream.cpp:105] Opened result file: ./profiles/standalone_attn_prefill_and_decode_tp8_prefill_then_decode8_256_4_512160_agent_info.csv
[m[0;33mW20250901 23:23:19.486184 139805475907328 tool.cpp:1902] rocprofv3_error_signal_handler caught signal 11...
[m# ---- Run standalone_attn_prefill_and_decode_tp8_prefill_then_decode8_256_4_1024160 ----
INFO 09-01 23:23:24 [__init__.py:244] Automatically detected platform rocm.
[0;31mE20250901 23:23:39.517345 140211137468160 output_stream.cpp:105] Opened result file: ./profiles/standalone_attn_prefill_and_decode_tp8_prefill_then_decode8_256_4_1024160_kernel_trace.csv
[m[0;31mE20250901 23:23:39.524005 140211137468160 output_stream.cpp:105] Opened result file: ./profiles/standalone_attn_prefill_and_decode_tp8_prefill_then_decode8_256_4_1024160_agent_info.csv
[m[0;33mW20250901 23:23:48.050694 140211137468160 tool.cpp:1902] rocprofv3_error_signal_handler caught signal 11...
[m# ---- Run standalone_attn_prefill_and_decode_tp8_prefill_then_decode8_256_4_2048160 ----
INFO 09-01 23:23:52 [__init__.py:244] Automatically detected platform rocm.
[0;31mE20250901 23:24:08.207038 140014670710528 output_stream.cpp:105] Opened result file: ./profiles/standalone_attn_prefill_and_decode_tp8_prefill_then_decode8_256_4_2048160_kernel_trace.csv
[m[0;31mE20250901 23:24:08.212811 140014670710528 output_stream.cpp:105] Opened result file: ./profiles/standalone_attn_prefill_and_decode_tp8_prefill_then_decode8_256_4_2048160_agent_info.csv
[m[0;33mW20250901 23:24:17.041367 140014670710528 tool.cpp:1902] rocprofv3_error_signal_handler caught signal 11...
[m# ---- Run standalone_attn_prefill_and_decode_tp8_prefill_then_decode8_256_4_4096160 ----
INFO 09-01 23:24:21 [__init__.py:244] Automatically detected platform rocm.
[0;31mE20250901 23:24:37.276998 139973374633728 output_stream.cpp:105] Opened result file: ./profiles/standalone_attn_prefill_and_decode_tp8_prefill_then_decode8_256_4_4096160_kernel_trace.csv
[m[0;31mE20250901 23:24:37.283364 139973374633728 output_stream.cpp:105] Opened result file: ./profiles/standalone_attn_prefill_and_decode_tp8_prefill_then_decode8_256_4_4096160_agent_info.csv
[m[0;33mW20250901 23:24:45.757868 139973374633728 tool.cpp:1902] rocprofv3_error_signal_handler caught signal 11...
[m# ---- Run standalone_attn_prefill_and_decode_tp8_prefill_then_decode8_256_4_8192160 ----
INFO 09-01 23:24:50 [__init__.py:244] Automatically detected platform rocm.
[0;31mE20250901 23:25:05.426178 140364165580544 output_stream.cpp:105] Opened result file: ./profiles/standalone_attn_prefill_and_decode_tp8_prefill_then_decode8_256_4_8192160_kernel_trace.csv
[m[0;31mE20250901 23:25:05.432521 140364165580544 output_stream.cpp:105] Opened result file: ./profiles/standalone_attn_prefill_and_decode_tp8_prefill_then_decode8_256_4_8192160_agent_info.csv
[m[0;33mW20250901 23:25:13.744531 140364165580544 tool.cpp:1902] rocprofv3_error_signal_handler caught signal 11...
[m# ---- Run standalone_attn_prefill_and_decode_tp8_prefill_then_decode8_256_8_256160 ----
INFO 09-01 23:25:18 [__init__.py:244] Automatically detected platform rocm.
[0;31mE20250901 23:25:33.680525 140526665783040 output_stream.cpp:105] Opened result file: ./profiles/standalone_attn_prefill_and_decode_tp8_prefill_then_decode8_256_8_256160_kernel_trace.csv
[m[0;31mE20250901 23:25:33.686631 140526665783040 output_stream.cpp:105] Opened result file: ./profiles/standalone_attn_prefill_and_decode_tp8_prefill_then_decode8_256_8_256160_agent_info.csv
[m[0;33mW20250901 23:25:42.517125 140526665783040 tool.cpp:1902] rocprofv3_error_signal_handler caught signal 11...
[m# ---- Run standalone_attn_prefill_and_decode_tp8_prefill_then_decode8_256_8_512160 ----
INFO 09-01 23:25:47 [__init__.py:244] Automatically detected platform rocm.
[0;31mE20250901 23:26:02.645739 139633654732544 output_stream.cpp:105] Opened result file: ./profiles/standalone_attn_prefill_and_decode_tp8_prefill_then_decode8_256_8_512160_kernel_trace.csv
[m[0;31mE20250901 23:26:02.651803 139633654732544 output_stream.cpp:105] Opened result file: ./profiles/standalone_attn_prefill_and_decode_tp8_prefill_then_decode8_256_8_512160_agent_info.csv
[m[0;33mW20250901 23:26:11.455996 139633654732544 tool.cpp:1902] rocprofv3_error_signal_handler caught signal 11...
[m# ---- Run standalone_attn_prefill_and_decode_tp8_prefill_then_decode8_256_8_1024160 ----
INFO 09-01 23:26:16 [__init__.py:244] Automatically detected platform rocm.
[0;31mE20250901 23:26:31.572618 140245545928448 output_stream.cpp:105] Opened result file: ./profiles/standalone_attn_prefill_and_decode_tp8_prefill_then_decode8_256_8_1024160_kernel_trace.csv
[m[0;31mE20250901 23:26:31.578564 140245545928448 output_stream.cpp:105] Opened result file: ./profiles/standalone_attn_prefill_and_decode_tp8_prefill_then_decode8_256_8_1024160_agent_info.csv
[m[0;33mW20250901 23:26:39.902082 140245545928448 tool.cpp:1902] rocprofv3_error_signal_handler caught signal 11...
[m# ---- Run standalone_attn_prefill_and_decode_tp8_prefill_then_decode8_256_8_2048160 ----
INFO 09-01 23:26:44 [__init__.py:244] Automatically detected platform rocm.
[0;31mE20250901 23:27:00.248985 140150980966144 output_stream.cpp:105] Opened result file: ./profiles/standalone_attn_prefill_and_decode_tp8_prefill_then_decode8_256_8_2048160_kernel_trace.csv
[m[0;31mE20250901 23:27:00.254849 140150980966144 output_stream.cpp:105] Opened result file: ./profiles/standalone_attn_prefill_and_decode_tp8_prefill_then_decode8_256_8_2048160_agent_info.csv
[m[0;33mW20250901 23:27:08.783572 140150980966144 tool.cpp:1902] rocprofv3_error_signal_handler caught signal 11...
[m# ---- Run standalone_attn_prefill_and_decode_tp8_prefill_then_decode8_256_8_4096160 ----
INFO 09-01 23:27:13 [__init__.py:244] Automatically detected platform rocm.
[0;31mE20250901 23:27:28.839575 140289540359936 output_stream.cpp:105] Opened result file: ./profiles/standalone_attn_prefill_and_decode_tp8_prefill_then_decode8_256_8_4096160_kernel_trace.csv
[m[0;31mE20250901 23:27:28.845405 140289540359936 output_stream.cpp:105] Opened result file: ./profiles/standalone_attn_prefill_and_decode_tp8_prefill_then_decode8_256_8_4096160_agent_info.csv
[m[0;33mW20250901 23:27:37.365064 140289540359936 tool.cpp:1902] rocprofv3_error_signal_handler caught signal 11...
[m# ---- Run standalone_attn_prefill_and_decode_tp8_prefill_then_decode8_256_8_8192160 ----
INFO 09-01 23:27:42 [__init__.py:244] Automatically detected platform rocm.
[0;31mE20250901 23:27:57.467454 139959140493056 output_stream.cpp:105] Opened result file: ./profiles/standalone_attn_prefill_and_decode_tp8_prefill_then_decode8_256_8_8192160_kernel_trace.csv
[m[0;31mE20250901 23:27:57.473211 139959140493056 output_stream.cpp:105] Opened result file: ./profiles/standalone_attn_prefill_and_decode_tp8_prefill_then_decode8_256_8_8192160_agent_info.csv
[m[0;33mW20250901 23:28:05.891620 139959140493056 tool.cpp:1902] rocprofv3_error_signal_handler caught signal 11...
[m# ---- Run standalone_attn_prefill_and_decode_tp8_prefill_then_decode8_256_16_256160 ----
INFO 09-01 23:28:10 [__init__.py:244] Automatically detected platform rocm.
[0;31mE20250901 23:28:26.164813 139977987925760 output_stream.cpp:105] Opened result file: ./profiles/standalone_attn_prefill_and_decode_tp8_prefill_then_decode8_256_16_256160_kernel_trace.csv
[m[0;31mE20250901 23:28:26.170601 139977987925760 output_stream.cpp:105] Opened result file: ./profiles/standalone_attn_prefill_and_decode_tp8_prefill_then_decode8_256_16_256160_agent_info.csv
[m[0;33mW20250901 23:28:35.133065 139977987925760 tool.cpp:1902] rocprofv3_error_signal_handler caught signal 11...
[m# ---- Run standalone_attn_prefill_and_decode_tp8_prefill_then_decode8_256_16_512160 ----
INFO 09-01 23:28:40 [__init__.py:244] Automatically detected platform rocm.
[0;31mE20250901 23:28:55.335526 140397661067008 output_stream.cpp:105] Opened result file: ./profiles/standalone_attn_prefill_and_decode_tp8_prefill_then_decode8_256_16_512160_kernel_trace.csv
[m[0;31mE20250901 23:28:55.341485 140397661067008 output_stream.cpp:105] Opened result file: ./profiles/standalone_attn_prefill_and_decode_tp8_prefill_then_decode8_256_16_512160_agent_info.csv
[m[0;33mW20250901 23:29:04.412077 140397661067008 tool.cpp:1902] rocprofv3_error_signal_handler caught signal 11...
[m# ---- Run standalone_attn_prefill_and_decode_tp8_prefill_then_decode8_256_16_1024160 ----
INFO 09-01 23:29:09 [__init__.py:244] Automatically detected platform rocm.
[0;31mE20250901 23:29:24.465708 140706455320320 output_stream.cpp:105] Opened result file: ./profiles/standalone_attn_prefill_and_decode_tp8_prefill_then_decode8_256_16_1024160_kernel_trace.csv
[m[0;31mE20250901 23:29:24.471506 140706455320320 output_stream.cpp:105] Opened result file: ./profiles/standalone_attn_prefill_and_decode_tp8_prefill_then_decode8_256_16_1024160_agent_info.csv
[m[0;33mW20250901 23:29:33.299003 140706455320320 tool.cpp:1902] rocprofv3_error_signal_handler caught signal 11...
[m# ---- Run standalone_attn_prefill_and_decode_tp8_prefill_then_decode8_256_16_2048160 ----
INFO 09-01 23:29:38 [__init__.py:244] Automatically detected platform rocm.
[0;31mE20250901 23:29:53.520834 140678838179584 output_stream.cpp:105] Opened result file: ./profiles/standalone_attn_prefill_and_decode_tp8_prefill_then_decode8_256_16_2048160_kernel_trace.csv
[m[0;31mE20250901 23:29:53.526729 140678838179584 output_stream.cpp:105] Opened result file: ./profiles/standalone_attn_prefill_and_decode_tp8_prefill_then_decode8_256_16_2048160_agent_info.csv
[m[0;33mW20250901 23:30:01.923270 140678838179584 tool.cpp:1902] rocprofv3_error_signal_handler caught signal 11...
[m# ---- Run standalone_attn_prefill_and_decode_tp8_prefill_then_decode8_256_16_4096160 ----
INFO 09-01 23:30:06 [__init__.py:244] Automatically detected platform rocm.
[0;31mE20250901 23:30:22.147803 139902766462720 output_stream.cpp:105] Opened result file: ./profiles/standalone_attn_prefill_and_decode_tp8_prefill_then_decode8_256_16_4096160_kernel_trace.csv
[m[0;31mE20250901 23:30:22.153797 139902766462720 output_stream.cpp:105] Opened result file: ./profiles/standalone_attn_prefill_and_decode_tp8_prefill_then_decode8_256_16_4096160_agent_info.csv
[m[0;33mW20250901 23:30:30.879723 139902766462720 tool.cpp:1902] rocprofv3_error_signal_handler caught signal 11...
[m# ---- Run standalone_attn_prefill_and_decode_tp8_prefill_then_decode8_256_16_8192160 ----
INFO 09-01 23:30:35 [__init__.py:244] Automatically detected platform rocm.
[0;31mE20250901 23:30:51.170981 140014983325440 output_stream.cpp:105] Opened result file: ./profiles/standalone_attn_prefill_and_decode_tp8_prefill_then_decode8_256_16_8192160_kernel_trace.csv
[m[0;31mE20250901 23:30:51.176916 140014983325440 output_stream.cpp:105] Opened result file: ./profiles/standalone_attn_prefill_and_decode_tp8_prefill_then_decode8_256_16_8192160_agent_info.csv
[m[0;33mW20250901 23:30:59.523778 140014983325440 tool.cpp:1902] rocprofv3_error_signal_handler caught signal 11...
[m# ---- Run standalone_attn_prefill_and_decode_tp8_prefill_then_decode8_256_32_256160 ----
INFO 09-01 23:31:04 [__init__.py:244] Automatically detected platform rocm.
[0;31mE20250901 23:31:19.689404 139860277712640 output_stream.cpp:105] Opened result file: ./profiles/standalone_attn_prefill_and_decode_tp8_prefill_then_decode8_256_32_256160_kernel_trace.csv
[m[0;31mE20250901 23:31:19.695216 139860277712640 output_stream.cpp:105] Opened result file: ./profiles/standalone_attn_prefill_and_decode_tp8_prefill_then_decode8_256_32_256160_agent_info.csv
[m[0;33mW20250901 23:31:28.472423 139860277712640 tool.cpp:1902] rocprofv3_error_signal_handler caught signal 11...
[m# ---- Run standalone_attn_prefill_and_decode_tp8_prefill_then_decode8_256_32_512160 ----
INFO 09-01 23:31:33 [__init__.py:244] Automatically detected platform rocm.
[0;31mE20250901 23:31:48.491955 140295969195776 output_stream.cpp:105] Opened result file: ./profiles/standalone_attn_prefill_and_decode_tp8_prefill_then_decode8_256_32_512160_kernel_trace.csv
[m[0;31mE20250901 23:31:48.497803 140295969195776 output_stream.cpp:105] Opened result file: ./profiles/standalone_attn_prefill_and_decode_tp8_prefill_then_decode8_256_32_512160_agent_info.csv
[m[0;33mW20250901 23:31:56.965393 140295969195776 tool.cpp:1902] rocprofv3_error_signal_handler caught signal 11...
[m# ---- Run standalone_attn_prefill_and_decode_tp8_prefill_then_decode8_256_32_1024160 ----
INFO 09-01 23:32:01 [__init__.py:244] Automatically detected platform rocm.
[0;31mE20250901 23:32:17.032969 140498427623168 output_stream.cpp:105] Opened result file: ./profiles/standalone_attn_prefill_and_decode_tp8_prefill_then_decode8_256_32_1024160_kernel_trace.csv
[m[0;31mE20250901 23:32:17.038611 140498427623168 output_stream.cpp:105] Opened result file: ./profiles/standalone_attn_prefill_and_decode_tp8_prefill_then_decode8_256_32_1024160_agent_info.csv
[m[0;33mW20250901 23:32:25.572784 140498427623168 tool.cpp:1902] rocprofv3_error_signal_handler caught signal 11...
[m# ---- Run standalone_attn_prefill_and_decode_tp8_prefill_then_decode8_256_32_2048160 ----
INFO 09-01 23:32:30 [__init__.py:244] Automatically detected platform rocm.
[0;31mE20250901 23:32:45.650213 140108256757504 output_stream.cpp:105] Opened result file: ./profiles/standalone_attn_prefill_and_decode_tp8_prefill_then_decode8_256_32_2048160_kernel_trace.csv
[m[0;31mE20250901 23:32:45.656252 140108256757504 output_stream.cpp:105] Opened result file: ./profiles/standalone_attn_prefill_and_decode_tp8_prefill_then_decode8_256_32_2048160_agent_info.csv
[m[0;33mW20250901 23:32:54.332337 140108256757504 tool.cpp:1902] rocprofv3_error_signal_handler caught signal 11...
[m# ---- Run standalone_attn_prefill_and_decode_tp8_prefill_then_decode8_256_32_4096160 ----
INFO 09-01 23:32:59 [__init__.py:244] Automatically detected platform rocm.
[0;31mE20250901 23:33:14.511157 140644711872256 output_stream.cpp:105] Opened result file: ./profiles/standalone_attn_prefill_and_decode_tp8_prefill_then_decode8_256_32_4096160_kernel_trace.csv
[m[0;31mE20250901 23:33:14.517203 140644711872256 output_stream.cpp:105] Opened result file: ./profiles/standalone_attn_prefill_and_decode_tp8_prefill_then_decode8_256_32_4096160_agent_info.csv
[m[0;33mW20250901 23:33:23.018500 140644711872256 tool.cpp:1902] rocprofv3_error_signal_handler caught signal 11...
[m# ---- Run standalone_attn_prefill_and_decode_tp8_prefill_then_decode8_256_32_8192160 ----
INFO 09-01 23:33:27 [__init__.py:244] Automatically detected platform rocm.
[0;31mE20250901 23:33:43.370627 140570545813248 output_stream.cpp:105] Opened result file: ./profiles/standalone_attn_prefill_and_decode_tp8_prefill_then_decode8_256_32_8192160_kernel_trace.csv
[m[0;31mE20250901 23:33:43.376547 140570545813248 output_stream.cpp:105] Opened result file: ./profiles/standalone_attn_prefill_and_decode_tp8_prefill_then_decode8_256_32_8192160_agent_info.csv
[m[0;33mW20250901 23:33:52.085211 140570545813248 tool.cpp:1902] rocprofv3_error_signal_handler caught signal 11...
[m# ---- Run standalone_attn_prefill_and_decode_tp8_prefill_then_decode8_256_64_256160 ----
INFO 09-01 23:33:56 [__init__.py:244] Automatically detected platform rocm.
[0;31mE20250901 23:34:12.588066 140129371875072 output_stream.cpp:105] Opened result file: ./profiles/standalone_attn_prefill_and_decode_tp8_prefill_then_decode8_256_64_256160_kernel_trace.csv
[m[0;31mE20250901 23:34:12.593849 140129371875072 output_stream.cpp:105] Opened result file: ./profiles/standalone_attn_prefill_and_decode_tp8_prefill_then_decode8_256_64_256160_agent_info.csv
[m[0;33mW20250901 23:34:21.155131 140129371875072 tool.cpp:1902] rocprofv3_error_signal_handler caught signal 11...
[m# ---- Run standalone_attn_prefill_and_decode_tp8_prefill_then_decode8_256_64_512160 ----
INFO 09-01 23:34:26 [__init__.py:244] Automatically detected platform rocm.
[0;31mE20250901 23:34:41.374969 140234683098880 output_stream.cpp:105] Opened result file: ./profiles/standalone_attn_prefill_and_decode_tp8_prefill_then_decode8_256_64_512160_kernel_trace.csv
[m[0;31mE20250901 23:34:41.380916 140234683098880 output_stream.cpp:105] Opened result file: ./profiles/standalone_attn_prefill_and_decode_tp8_prefill_then_decode8_256_64_512160_agent_info.csv
[m[0;33mW20250901 23:34:50.431963 140234683098880 tool.cpp:1902] rocprofv3_error_signal_handler caught signal 11...
[m# ---- Run standalone_attn_prefill_and_decode_tp8_prefill_then_decode8_256_64_1024160 ----
INFO 09-01 23:34:55 [__init__.py:244] Automatically detected platform rocm.
[0;31mE20250901 23:35:10.571802 140694646556416 output_stream.cpp:105] Opened result file: ./profiles/standalone_attn_prefill_and_decode_tp8_prefill_then_decode8_256_64_1024160_kernel_trace.csv
[m[0;31mE20250901 23:35:10.577753 140694646556416 output_stream.cpp:105] Opened result file: ./profiles/standalone_attn_prefill_and_decode_tp8_prefill_then_decode8_256_64_1024160_agent_info.csv
[m[0;33mW20250901 23:35:19.257055 140694646556416 tool.cpp:1902] rocprofv3_error_signal_handler caught signal 11...
[m# ---- Run standalone_attn_prefill_and_decode_tp8_prefill_then_decode8_256_64_2048160 ----
INFO 09-01 23:35:24 [__init__.py:244] Automatically detected platform rocm.
[0;31mE20250901 23:35:39.248440 140352618583808 output_stream.cpp:105] Opened result file: ./profiles/standalone_attn_prefill_and_decode_tp8_prefill_then_decode8_256_64_2048160_kernel_trace.csv
[m[0;31mE20250901 23:35:39.254413 140352618583808 output_stream.cpp:105] Opened result file: ./profiles/standalone_attn_prefill_and_decode_tp8_prefill_then_decode8_256_64_2048160_agent_info.csv
[m[0;33mW20250901 23:35:47.715382 140352618583808 tool.cpp:1902] rocprofv3_error_signal_handler caught signal 11...
[m# ---- Run standalone_attn_prefill_and_decode_tp8_prefill_then_decode8_256_64_4096160 ----
INFO 09-01 23:35:52 [__init__.py:244] Automatically detected platform rocm.
[0;31mE20250901 23:36:07.682919 140307173062400 output_stream.cpp:105] Opened result file: ./profiles/standalone_attn_prefill_and_decode_tp8_prefill_then_decode8_256_64_4096160_kernel_trace.csv
[m[0;31mE20250901 23:36:07.689523 140307173062400 output_stream.cpp:105] Opened result file: ./profiles/standalone_attn_prefill_and_decode_tp8_prefill_then_decode8_256_64_4096160_agent_info.csv
[m[0;33mW20250901 23:36:16.161276 140307173062400 tool.cpp:1902] rocprofv3_error_signal_handler caught signal 11...
[m# ---- Run standalone_attn_prefill_and_decode_tp8_prefill_then_decode8_256_64_8192160 ----
INFO 09-01 23:36:21 [__init__.py:244] Automatically detected platform rocm.
[0;31mE20250901 23:36:36.167630 140072497026816 output_stream.cpp:105] Opened result file: ./profiles/standalone_attn_prefill_and_decode_tp8_prefill_then_decode8_256_64_8192160_kernel_trace.csv
[m[0;31mE20250901 23:36:36.173913 140072497026816 output_stream.cpp:105] Opened result file: ./profiles/standalone_attn_prefill_and_decode_tp8_prefill_then_decode8_256_64_8192160_agent_info.csv
[m[0;33mW20250901 23:36:45.043862 140072497026816 tool.cpp:1902] rocprofv3_error_signal_handler caught signal 11...
[m# ---- Run standalone_attn_prefill_and_decode_tp8_prefill_then_decode8_256_128_256160 ----
INFO 09-01 23:36:49 [__init__.py:244] Automatically detected platform rocm.
[0;31mE20250901 23:37:04.655970 140210060011264 output_stream.cpp:105] Opened result file: ./profiles/standalone_attn_prefill_and_decode_tp8_prefill_then_decode8_256_128_256160_kernel_trace.csv
[m[0;31mE20250901 23:37:04.661799 140210060011264 output_stream.cpp:105] Opened result file: ./profiles/standalone_attn_prefill_and_decode_tp8_prefill_then_decode8_256_128_256160_agent_info.csv
[m[0;33mW20250901 23:37:13.274273 140210060011264 tool.cpp:1902] rocprofv3_error_signal_handler caught signal 11...
[m# ---- Run standalone_attn_prefill_and_decode_tp8_prefill_then_decode8_256_128_512160 ----
INFO 09-01 23:37:18 [__init__.py:244] Automatically detected platform rocm.
[0;31mE20250901 23:37:32.681310 140188467762944 output_stream.cpp:105] Opened result file: ./profiles/standalone_attn_prefill_and_decode_tp8_prefill_then_decode8_256_128_512160_kernel_trace.csv
[m[0;31mE20250901 23:37:32.687257 140188467762944 output_stream.cpp:105] Opened result file: ./profiles/standalone_attn_prefill_and_decode_tp8_prefill_then_decode8_256_128_512160_agent_info.csv
[m[0;33mW20250901 23:37:41.273165 140188467762944 tool.cpp:1902] rocprofv3_error_signal_handler caught signal 11...
[m# ---- Run standalone_attn_prefill_and_decode_tp8_prefill_then_decode8_256_128_1024160 ----
INFO 09-01 23:37:46 [__init__.py:244] Automatically detected platform rocm.
[0;31mE20250901 23:38:00.941242 140555566343936 output_stream.cpp:105] Opened result file: ./profiles/standalone_attn_prefill_and_decode_tp8_prefill_then_decode8_256_128_1024160_kernel_trace.csv
[m[0;31mE20250901 23:38:00.947169 140555566343936 output_stream.cpp:105] Opened result file: ./profiles/standalone_attn_prefill_and_decode_tp8_prefill_then_decode8_256_128_1024160_agent_info.csv
[m[0;33mW20250901 23:38:10.020647 140555566343936 tool.cpp:1902] rocprofv3_error_signal_handler caught signal 11...
[m# ---- Run standalone_attn_prefill_and_decode_tp8_prefill_then_decode8_256_128_2048160 ----
INFO 09-01 23:38:14 [__init__.py:244] Automatically detected platform rocm.
[0;31mE20250901 23:38:29.902121 140256865015552 output_stream.cpp:105] Opened result file: ./profiles/standalone_attn_prefill_and_decode_tp8_prefill_then_decode8_256_128_2048160_kernel_trace.csv
[m[0;31mE20250901 23:38:29.908111 140256865015552 output_stream.cpp:105] Opened result file: ./profiles/standalone_attn_prefill_and_decode_tp8_prefill_then_decode8_256_128_2048160_agent_info.csv
[m[0;33mW20250901 23:38:38.564096 140256865015552 tool.cpp:1902] rocprofv3_error_signal_handler caught signal 11...
[m# ---- Run standalone_attn_prefill_and_decode_tp8_prefill_then_decode8_256_128_4096160 ----
INFO 09-01 23:38:43 [__init__.py:244] Automatically detected platform rocm.
[0;31mE20250901 23:38:58.222342 140356617717504 output_stream.cpp:105] Opened result file: ./profiles/standalone_attn_prefill_and_decode_tp8_prefill_then_decode8_256_128_4096160_kernel_trace.csv
[m[0;31mE20250901 23:38:58.228241 140356617717504 output_stream.cpp:105] Opened result file: ./profiles/standalone_attn_prefill_and_decode_tp8_prefill_then_decode8_256_128_4096160_agent_info.csv
[m[0;33mW20250901 23:39:07.063350 140356617717504 tool.cpp:1902] rocprofv3_error_signal_handler caught signal 11...
[m# ---- Run standalone_attn_prefill_and_decode_tp8_prefill_then_decode8_256_128_8192160 ----
INFO 09-01 23:39:11 [__init__.py:244] Automatically detected platform rocm.
[0;31mE20250901 23:39:26.581045 139956394030848 output_stream.cpp:105] Opened result file: ./profiles/standalone_attn_prefill_and_decode_tp8_prefill_then_decode8_256_128_8192160_kernel_trace.csv
[m[0;31mE20250901 23:39:26.587171 139956394030848 output_stream.cpp:105] Opened result file: ./profiles/standalone_attn_prefill_and_decode_tp8_prefill_then_decode8_256_128_8192160_agent_info.csv
[m[0;33mW20250901 23:39:35.595748 139956394030848 tool.cpp:1902] rocprofv3_error_signal_handler caught signal 11...
[m# ---- Run standalone_attn_prefill_and_decode_tp8_prefill_then_decode8_512_1_256160 ----
INFO 09-01 23:39:40 [__init__.py:244] Automatically detected platform rocm.
[0;31mE20250901 23:39:55.555199 140384498665216 output_stream.cpp:105] Opened result file: ./profiles/standalone_attn_prefill_and_decode_tp8_prefill_then_decode8_512_1_256160_kernel_trace.csv
[m[0;31mE20250901 23:39:55.561232 140384498665216 output_stream.cpp:105] Opened result file: ./profiles/standalone_attn_prefill_and_decode_tp8_prefill_then_decode8_512_1_256160_agent_info.csv
[m[0;33mW20250901 23:40:03.933893 140384498665216 tool.cpp:1902] rocprofv3_error_signal_handler caught signal 11...
[m# ---- Run standalone_attn_prefill_and_decode_tp8_prefill_then_decode8_512_1_512160 ----
INFO 09-01 23:40:08 [__init__.py:244] Automatically detected platform rocm.
[0;31mE20250901 23:40:24.208598 140640482875136 output_stream.cpp:105] Opened result file: ./profiles/standalone_attn_prefill_and_decode_tp8_prefill_then_decode8_512_1_512160_kernel_trace.csv
[m[0;31mE20250901 23:40:24.214607 140640482875136 output_stream.cpp:105] Opened result file: ./profiles/standalone_attn_prefill_and_decode_tp8_prefill_then_decode8_512_1_512160_agent_info.csv
[m[0;33mW20250901 23:40:32.737912 140640482875136 tool.cpp:1902] rocprofv3_error_signal_handler caught signal 11...
[m# ---- Run standalone_attn_prefill_and_decode_tp8_prefill_then_decode8_512_1_1024160 ----
INFO 09-01 23:40:37 [__init__.py:244] Automatically detected platform rocm.
[0;31mE20250901 23:40:52.904624 139971574376192 output_stream.cpp:105] Opened result file: ./profiles/standalone_attn_prefill_and_decode_tp8_prefill_then_decode8_512_1_1024160_kernel_trace.csv
[m[0;31mE20250901 23:40:52.910592 139971574376192 output_stream.cpp:105] Opened result file: ./profiles/standalone_attn_prefill_and_decode_tp8_prefill_then_decode8_512_1_1024160_agent_info.csv
[m[0;33mW20250901 23:41:01.361883 139971574376192 tool.cpp:1902] rocprofv3_error_signal_handler caught signal 11...
[m# ---- Run standalone_attn_prefill_and_decode_tp8_prefill_then_decode8_512_1_2048160 ----
INFO 09-01 23:41:06 [__init__.py:244] Automatically detected platform rocm.
[0;31mE20250901 23:41:21.307219 140409254790912 output_stream.cpp:105] Opened result file: ./profiles/standalone_attn_prefill_and_decode_tp8_prefill_then_decode8_512_1_2048160_kernel_trace.csv
[m[0;31mE20250901 23:41:21.313237 140409254790912 output_stream.cpp:105] Opened result file: ./profiles/standalone_attn_prefill_and_decode_tp8_prefill_then_decode8_512_1_2048160_agent_info.csv
[m[0;33mW20250901 23:41:29.808564 140409254790912 tool.cpp:1902] rocprofv3_error_signal_handler caught signal 11...
[m# ---- Run standalone_attn_prefill_and_decode_tp8_prefill_then_decode8_512_1_4096160 ----
INFO 09-01 23:41:34 [__init__.py:244] Automatically detected platform rocm.
[0;31mE20250901 23:41:49.936546 140273352025856 output_stream.cpp:105] Opened result file: ./profiles/standalone_attn_prefill_and_decode_tp8_prefill_then_decode8_512_1_4096160_kernel_trace.csv
[m[0;31mE20250901 23:41:49.942161 140273352025856 output_stream.cpp:105] Opened result file: ./profiles/standalone_attn_prefill_and_decode_tp8_prefill_then_decode8_512_1_4096160_agent_info.csv
[m[0;33mW20250901 23:41:58.665087 140273352025856 tool.cpp:1902] rocprofv3_error_signal_handler caught signal 11...
[m# ---- Run standalone_attn_prefill_and_decode_tp8_prefill_then_decode8_512_1_8192160 ----
INFO 09-01 23:42:03 [__init__.py:244] Automatically detected platform rocm.
[0;31mE20250901 23:42:18.819346 140437031663360 output_stream.cpp:105] Opened result file: ./profiles/standalone_attn_prefill_and_decode_tp8_prefill_then_decode8_512_1_8192160_kernel_trace.csv
[m[0;31mE20250901 23:42:18.825303 140437031663360 output_stream.cpp:105] Opened result file: ./profiles/standalone_attn_prefill_and_decode_tp8_prefill_then_decode8_512_1_8192160_agent_info.csv
[m[0;33mW20250901 23:42:27.164863 140437031663360 tool.cpp:1902] rocprofv3_error_signal_handler caught signal 11...
[m# ---- Run standalone_attn_prefill_and_decode_tp8_prefill_then_decode8_512_2_256160 ----
INFO 09-01 23:42:32 [__init__.py:244] Automatically detected platform rocm.
[0;31mE20250901 23:42:47.304241 140207389169408 output_stream.cpp:105] Opened result file: ./profiles/standalone_attn_prefill_and_decode_tp8_prefill_then_decode8_512_2_256160_kernel_trace.csv
[m[0;31mE20250901 23:42:47.310289 140207389169408 output_stream.cpp:105] Opened result file: ./profiles/standalone_attn_prefill_and_decode_tp8_prefill_then_decode8_512_2_256160_agent_info.csv
[m[0;33mW20250901 23:42:55.833994 140207389169408 tool.cpp:1902] rocprofv3_error_signal_handler caught signal 11...
[m# ---- Run standalone_attn_prefill_and_decode_tp8_prefill_then_decode8_512_2_512160 ----
INFO 09-01 23:43:00 [__init__.py:244] Automatically detected platform rocm.
[0;31mE20250901 23:43:15.979438 140710809937664 output_stream.cpp:105] Opened result file: ./profiles/standalone_attn_prefill_and_decode_tp8_prefill_then_decode8_512_2_512160_kernel_trace.csv
[m[0;31mE20250901 23:43:15.985475 140710809937664 output_stream.cpp:105] Opened result file: ./profiles/standalone_attn_prefill_and_decode_tp8_prefill_then_decode8_512_2_512160_agent_info.csv
[m[0;33mW20250901 23:43:24.384352 140710809937664 tool.cpp:1902] rocprofv3_error_signal_handler caught signal 11...
[m# ---- Run standalone_attn_prefill_and_decode_tp8_prefill_then_decode8_512_2_1024160 ----
INFO 09-01 23:43:29 [__init__.py:244] Automatically detected platform rocm.
[0;31mE20250901 23:43:44.659335 139799931033344 output_stream.cpp:105] Opened result file: ./profiles/standalone_attn_prefill_and_decode_tp8_prefill_then_decode8_512_2_1024160_kernel_trace.csv
[m[0;31mE20250901 23:43:44.665341 139799931033344 output_stream.cpp:105] Opened result file: ./profiles/standalone_attn_prefill_and_decode_tp8_prefill_then_decode8_512_2_1024160_agent_info.csv
[m[0;33mW20250901 23:43:53.088675 139799931033344 tool.cpp:1902] rocprofv3_error_signal_handler caught signal 11...
[m# ---- Run standalone_attn_prefill_and_decode_tp8_prefill_then_decode8_512_2_2048160 ----
INFO 09-01 23:43:57 [__init__.py:244] Automatically detected platform rocm.
[0;31mE20250901 23:44:13.136019 140693831706368 output_stream.cpp:105] Opened result file: ./profiles/standalone_attn_prefill_and_decode_tp8_prefill_then_decode8_512_2_2048160_kernel_trace.csv
[m[0;31mE20250901 23:44:13.142113 140693831706368 output_stream.cpp:105] Opened result file: ./profiles/standalone_attn_prefill_and_decode_tp8_prefill_then_decode8_512_2_2048160_agent_info.csv
[m[0;33mW20250901 23:44:21.667179 140693831706368 tool.cpp:1902] rocprofv3_error_signal_handler caught signal 11...
[m# ---- Run standalone_attn_prefill_and_decode_tp8_prefill_then_decode8_512_2_4096160 ----
INFO 09-01 23:44:26 [__init__.py:244] Automatically detected platform rocm.
[0;31mE20250901 23:44:42.652625 139943893128960 output_stream.cpp:105] Opened result file: ./profiles/standalone_attn_prefill_and_decode_tp8_prefill_then_decode8_512_2_4096160_kernel_trace.csv
[m[0;31mE20250901 23:44:42.658628 139943893128960 output_stream.cpp:105] Opened result file: ./profiles/standalone_attn_prefill_and_decode_tp8_prefill_then_decode8_512_2_4096160_agent_info.csv
[m[0;33mW20250901 23:44:51.454145 139943893128960 tool.cpp:1902] rocprofv3_error_signal_handler caught signal 11...
[m# ---- Run standalone_attn_prefill_and_decode_tp8_prefill_then_decode8_512_2_8192160 ----
INFO 09-01 23:44:56 [__init__.py:244] Automatically detected platform rocm.
[0;31mE20250901 23:45:11.541699 139705856890624 output_stream.cpp:105] Opened result file: ./profiles/standalone_attn_prefill_and_decode_tp8_prefill_then_decode8_512_2_8192160_kernel_trace.csv
[m[0;31mE20250901 23:45:11.547623 139705856890624 output_stream.cpp:105] Opened result file: ./profiles/standalone_attn_prefill_and_decode_tp8_prefill_then_decode8_512_2_8192160_agent_info.csv
[m[0;33mW20250901 23:45:20.530211 139705856890624 tool.cpp:1902] rocprofv3_error_signal_handler caught signal 11...
[m# ---- Run standalone_attn_prefill_and_decode_tp8_prefill_then_decode8_512_4_256160 ----
INFO 09-01 23:45:25 [__init__.py:244] Automatically detected platform rocm.
[0;31mE20250901 23:45:40.516913 139882015811328 output_stream.cpp:105] Opened result file: ./profiles/standalone_attn_prefill_and_decode_tp8_prefill_then_decode8_512_4_256160_kernel_trace.csv
[m[0;31mE20250901 23:45:40.523097 139882015811328 output_stream.cpp:105] Opened result file: ./profiles/standalone_attn_prefill_and_decode_tp8_prefill_then_decode8_512_4_256160_agent_info.csv
[m[0;33mW20250901 23:45:49.099415 139882015811328 tool.cpp:1902] rocprofv3_error_signal_handler caught signal 11...
[m# ---- Run standalone_attn_prefill_and_decode_tp8_prefill_then_decode8_512_4_512160 ----
INFO 09-01 23:45:53 [__init__.py:244] Automatically detected platform rocm.
[0;31mE20250901 23:46:09.334724 140714788960000 output_stream.cpp:105] Opened result file: ./profiles/standalone_attn_prefill_and_decode_tp8_prefill_then_decode8_512_4_512160_kernel_trace.csv
[m[0;31mE20250901 23:46:09.340819 140714788960000 output_stream.cpp:105] Opened result file: ./profiles/standalone_attn_prefill_and_decode_tp8_prefill_then_decode8_512_4_512160_agent_info.csv
[m[0;33mW20250901 23:46:18.286033 140714788960000 tool.cpp:1902] rocprofv3_error_signal_handler caught signal 11...
[m# ---- Run standalone_attn_prefill_and_decode_tp8_prefill_then_decode8_512_4_1024160 ----
INFO 09-01 23:46:23 [__init__.py:244] Automatically detected platform rocm.
[0;31mE20250901 23:46:38.264344 139766197741312 output_stream.cpp:105] Opened result file: ./profiles/standalone_attn_prefill_and_decode_tp8_prefill_then_decode8_512_4_1024160_kernel_trace.csv
[m[0;31mE20250901 23:46:38.270333 139766197741312 output_stream.cpp:105] Opened result file: ./profiles/standalone_attn_prefill_and_decode_tp8_prefill_then_decode8_512_4_1024160_agent_info.csv
[m[0;33mW20250901 23:46:47.078657 139766197741312 tool.cpp:1902] rocprofv3_error_signal_handler caught signal 11...
[m# ---- Run standalone_attn_prefill_and_decode_tp8_prefill_then_decode8_512_4_2048160 ----
INFO 09-01 23:46:51 [__init__.py:244] Automatically detected platform rocm.
[0;31mE20250901 23:47:07.085003 140601479038720 output_stream.cpp:105] Opened result file: ./profiles/standalone_attn_prefill_and_decode_tp8_prefill_then_decode8_512_4_2048160_kernel_trace.csv
[m[0;31mE20250901 23:47:07.091094 140601479038720 output_stream.cpp:105] Opened result file: ./profiles/standalone_attn_prefill_and_decode_tp8_prefill_then_decode8_512_4_2048160_agent_info.csv
[m[0;33mW20250901 23:47:15.879604 140601479038720 tool.cpp:1902] rocprofv3_error_signal_handler caught signal 11...
[m# ---- Run standalone_attn_prefill_and_decode_tp8_prefill_then_decode8_512_4_4096160 ----
INFO 09-01 23:47:20 [__init__.py:244] Automatically detected platform rocm.
[0;31mE20250901 23:47:35.639993 140328176510720 output_stream.cpp:105] Opened result file: ./profiles/standalone_attn_prefill_and_decode_tp8_prefill_then_decode8_512_4_4096160_kernel_trace.csv
[m[0;31mE20250901 23:47:35.645946 140328176510720 output_stream.cpp:105] Opened result file: ./profiles/standalone_attn_prefill_and_decode_tp8_prefill_then_decode8_512_4_4096160_agent_info.csv
[m[0;33mW20250901 23:47:44.284116 140328176510720 tool.cpp:1902] rocprofv3_error_signal_handler caught signal 11...
[m# ---- Run standalone_attn_prefill_and_decode_tp8_prefill_then_decode8_512_4_8192160 ----
INFO 09-01 23:47:49 [__init__.py:244] Automatically detected platform rocm.
[0;31mE20250901 23:48:04.451266 139679053084416 output_stream.cpp:105] Opened result file: ./profiles/standalone_attn_prefill_and_decode_tp8_prefill_then_decode8_512_4_8192160_kernel_trace.csv
[m[0;31mE20250901 23:48:04.457147 139679053084416 output_stream.cpp:105] Opened result file: ./profiles/standalone_attn_prefill_and_decode_tp8_prefill_then_decode8_512_4_8192160_agent_info.csv
[m[0;33mW20250901 23:48:12.815444 139679053084416 tool.cpp:1902] rocprofv3_error_signal_handler caught signal 11...
[m# ---- Run standalone_attn_prefill_and_decode_tp8_prefill_then_decode8_512_8_256160 ----
INFO 09-01 23:48:17 [__init__.py:244] Automatically detected platform rocm.
[0;31mE20250901 23:48:32.865159 140303633356544 output_stream.cpp:105] Opened result file: ./profiles/standalone_attn_prefill_and_decode_tp8_prefill_then_decode8_512_8_256160_kernel_trace.csv
[m[0;31mE20250901 23:48:32.871305 140303633356544 output_stream.cpp:105] Opened result file: ./profiles/standalone_attn_prefill_and_decode_tp8_prefill_then_decode8_512_8_256160_agent_info.csv
[m[0;33mW20250901 23:48:41.803674 140303633356544 tool.cpp:1902] rocprofv3_error_signal_handler caught signal 11...
[m# ---- Run standalone_attn_prefill_and_decode_tp8_prefill_then_decode8_512_8_512160 ----
INFO 09-01 23:48:46 [__init__.py:244] Automatically detected platform rocm.
[0;31mE20250901 23:49:01.949760 140407507928832 output_stream.cpp:105] Opened result file: ./profiles/standalone_attn_prefill_and_decode_tp8_prefill_then_decode8_512_8_512160_kernel_trace.csv
[m[0;31mE20250901 23:49:01.955691 140407507928832 output_stream.cpp:105] Opened result file: ./profiles/standalone_attn_prefill_and_decode_tp8_prefill_then_decode8_512_8_512160_agent_info.csv
[m[0;33mW20250901 23:49:10.314053 140407507928832 tool.cpp:1902] rocprofv3_error_signal_handler caught signal 11...
[m# ---- Run standalone_attn_prefill_and_decode_tp8_prefill_then_decode8_512_8_1024160 ----
INFO 09-01 23:49:15 [__init__.py:244] Automatically detected platform rocm.
[0;31mE20250901 23:49:30.663138 139898545460992 output_stream.cpp:105] Opened result file: ./profiles/standalone_attn_prefill_and_decode_tp8_prefill_then_decode8_512_8_1024160_kernel_trace.csv
[m[0;31mE20250901 23:49:30.669944 139898545460992 output_stream.cpp:105] Opened result file: ./profiles/standalone_attn_prefill_and_decode_tp8_prefill_then_decode8_512_8_1024160_agent_info.csv
[m[0;33mW20250901 23:49:39.074224 139898545460992 tool.cpp:1902] rocprofv3_error_signal_handler caught signal 11...
[m# ---- Run standalone_attn_prefill_and_decode_tp8_prefill_then_decode8_512_8_2048160 ----
INFO 09-01 23:49:43 [__init__.py:244] Automatically detected platform rocm.
[0;31mE20250901 23:49:59.124289 139632932615936 output_stream.cpp:105] Opened result file: ./profiles/standalone_attn_prefill_and_decode_tp8_prefill_then_decode8_512_8_2048160_kernel_trace.csv
[m[0;31mE20250901 23:49:59.131201 139632932615936 output_stream.cpp:105] Opened result file: ./profiles/standalone_attn_prefill_and_decode_tp8_prefill_then_decode8_512_8_2048160_agent_info.csv
[m[0;33mW20250901 23:50:07.726291 139632932615936 tool.cpp:1902] rocprofv3_error_signal_handler caught signal 11...
[m# ---- Run standalone_attn_prefill_and_decode_tp8_prefill_then_decode8_512_8_4096160 ----
INFO 09-01 23:50:12 [__init__.py:244] Automatically detected platform rocm.
[0;31mE20250901 23:50:27.977244 139782707115776 output_stream.cpp:105] Opened result file: ./profiles/standalone_attn_prefill_and_decode_tp8_prefill_then_decode8_512_8_4096160_kernel_trace.csv
[m[0;31mE20250901 23:50:27.983225 139782707115776 output_stream.cpp:105] Opened result file: ./profiles/standalone_attn_prefill_and_decode_tp8_prefill_then_decode8_512_8_4096160_agent_info.csv
[m[0;33mW20250901 23:50:36.950293 139782707115776 tool.cpp:1902] rocprofv3_error_signal_handler caught signal 11...
[m# ---- Run standalone_attn_prefill_and_decode_tp8_prefill_then_decode8_512_8_8192160 ----
INFO 09-01 23:50:41 [__init__.py:244] Automatically detected platform rocm.
[0;31mE20250901 23:50:56.866867 139654002050816 output_stream.cpp:105] Opened result file: ./profiles/standalone_attn_prefill_and_decode_tp8_prefill_then_decode8_512_8_8192160_kernel_trace.csv
[m[0;31mE20250901 23:50:56.872987 139654002050816 output_stream.cpp:105] Opened result file: ./profiles/standalone_attn_prefill_and_decode_tp8_prefill_then_decode8_512_8_8192160_agent_info.csv
[m[0;33mW20250901 23:51:05.409587 139654002050816 tool.cpp:1902] rocprofv3_error_signal_handler caught signal 11...
[m# ---- Run standalone_attn_prefill_and_decode_tp8_prefill_then_decode8_512_16_256160 ----
INFO 09-01 23:51:10 [__init__.py:244] Automatically detected platform rocm.
[0;31mE20250901 23:51:25.492892 140380534552320 output_stream.cpp:105] Opened result file: ./profiles/standalone_attn_prefill_and_decode_tp8_prefill_then_decode8_512_16_256160_kernel_trace.csv
[m[0;31mE20250901 23:51:25.498771 140380534552320 output_stream.cpp:105] Opened result file: ./profiles/standalone_attn_prefill_and_decode_tp8_prefill_then_decode8_512_16_256160_agent_info.csv
[m[0;33mW20250901 23:51:34.070585 140380534552320 tool.cpp:1902] rocprofv3_error_signal_handler caught signal 11...
[m# ---- Run standalone_attn_prefill_and_decode_tp8_prefill_then_decode8_512_16_512160 ----
INFO 09-01 23:51:38 [__init__.py:244] Automatically detected platform rocm.
[0;31mE20250901 23:51:54.433497 140328898066176 output_stream.cpp:105] Opened result file: ./profiles/standalone_attn_prefill_and_decode_tp8_prefill_then_decode8_512_16_512160_kernel_trace.csv
[m[0;31mE20250901 23:51:54.439850 140328898066176 output_stream.cpp:105] Opened result file: ./profiles/standalone_attn_prefill_and_decode_tp8_prefill_then_decode8_512_16_512160_agent_info.csv
[m[0;33mW20250901 23:52:03.259446 140328898066176 tool.cpp:1902] rocprofv3_error_signal_handler caught signal 11...
[m# ---- Run standalone_attn_prefill_and_decode_tp8_prefill_then_decode8_512_16_1024160 ----
INFO 09-01 23:52:08 [__init__.py:244] Automatically detected platform rocm.
[0;31mE20250901 23:52:23.602570 140604491028224 output_stream.cpp:105] Opened result file: ./profiles/standalone_attn_prefill_and_decode_tp8_prefill_then_decode8_512_16_1024160_kernel_trace.csv
[m[0;31mE20250901 23:52:23.608815 140604491028224 output_stream.cpp:105] Opened result file: ./profiles/standalone_attn_prefill_and_decode_tp8_prefill_then_decode8_512_16_1024160_agent_info.csv
[m[0;33mW20250901 23:52:32.519303 140604491028224 tool.cpp:1902] rocprofv3_error_signal_handler caught signal 11...
[m# ---- Run standalone_attn_prefill_and_decode_tp8_prefill_then_decode8_512_16_2048160 ----
INFO 09-01 23:52:37 [__init__.py:244] Automatically detected platform rocm.
[0;31mE20250901 23:52:52.524207 139789247383296 output_stream.cpp:105] Opened result file: ./profiles/standalone_attn_prefill_and_decode_tp8_prefill_then_decode8_512_16_2048160_kernel_trace.csv
[m[0;31mE20250901 23:52:52.530643 139789247383296 output_stream.cpp:105] Opened result file: ./profiles/standalone_attn_prefill_and_decode_tp8_prefill_then_decode8_512_16_2048160_agent_info.csv
[m[0;33mW20250901 23:53:01.802042 139789247383296 tool.cpp:1902] rocprofv3_error_signal_handler caught signal 11...
[m# ---- Run standalone_attn_prefill_and_decode_tp8_prefill_then_decode8_512_16_4096160 ----
INFO 09-01 23:53:06 [__init__.py:244] Automatically detected platform rocm.
[0;31mE20250901 23:53:21.579779 139820554082048 output_stream.cpp:105] Opened result file: ./profiles/standalone_attn_prefill_and_decode_tp8_prefill_then_decode8_512_16_4096160_kernel_trace.csv
[m[0;31mE20250901 23:53:21.585734 139820554082048 output_stream.cpp:105] Opened result file: ./profiles/standalone_attn_prefill_and_decode_tp8_prefill_then_decode8_512_16_4096160_agent_info.csv
[m[0;33mW20250901 23:53:30.586372 139820554082048 tool.cpp:1902] rocprofv3_error_signal_handler caught signal 11...
[m# ---- Run standalone_attn_prefill_and_decode_tp8_prefill_then_decode8_512_16_8192160 ----
INFO 09-01 23:53:35 [__init__.py:244] Automatically detected platform rocm.
[0;31mE20250901 23:53:50.454608 140015784228608 output_stream.cpp:105] Opened result file: ./profiles/standalone_attn_prefill_and_decode_tp8_prefill_then_decode8_512_16_8192160_kernel_trace.csv
[m[0;31mE20250901 23:53:50.460640 140015784228608 output_stream.cpp:105] Opened result file: ./profiles/standalone_attn_prefill_and_decode_tp8_prefill_then_decode8_512_16_8192160_agent_info.csv
[m[0;33mW20250901 23:53:59.126583 140015784228608 tool.cpp:1902] rocprofv3_error_signal_handler caught signal 11...
[m# ---- Run standalone_attn_prefill_and_decode_tp8_prefill_then_decode8_512_32_256160 ----
INFO 09-01 23:54:03 [__init__.py:244] Automatically detected platform rocm.
[0;31mE20250901 23:54:19.464673 140371082708736 output_stream.cpp:105] Opened result file: ./profiles/standalone_attn_prefill_and_decode_tp8_prefill_then_decode8_512_32_256160_kernel_trace.csv
[m[0;31mE20250901 23:54:19.470638 140371082708736 output_stream.cpp:105] Opened result file: ./profiles/standalone_attn_prefill_and_decode_tp8_prefill_then_decode8_512_32_256160_agent_info.csv
[m[0;33mW20250901 23:54:28.711890 140371082708736 tool.cpp:1902] rocprofv3_error_signal_handler caught signal 11...
[m# ---- Run standalone_attn_prefill_and_decode_tp8_prefill_then_decode8_512_32_512160 ----
INFO 09-01 23:54:33 [__init__.py:244] Automatically detected platform rocm.
[0;31mE20250901 23:54:48.773519 139823601788672 output_stream.cpp:105] Opened result file: ./profiles/standalone_attn_prefill_and_decode_tp8_prefill_then_decode8_512_32_512160_kernel_trace.csv
[m[0;31mE20250901 23:54:48.779569 139823601788672 output_stream.cpp:105] Opened result file: ./profiles/standalone_attn_prefill_and_decode_tp8_prefill_then_decode8_512_32_512160_agent_info.csv
[m[0;33mW20250901 23:54:57.445845 139823601788672 tool.cpp:1902] rocprofv3_error_signal_handler caught signal 11...
[m# ---- Run standalone_attn_prefill_and_decode_tp8_prefill_then_decode8_512_32_1024160 ----
INFO 09-01 23:55:02 [__init__.py:244] Automatically detected platform rocm.
[0;31mE20250901 23:55:17.300825 139710118229760 output_stream.cpp:105] Opened result file: ./profiles/standalone_attn_prefill_and_decode_tp8_prefill_then_decode8_512_32_1024160_kernel_trace.csv
[m[0;31mE20250901 23:55:17.306745 139710118229760 output_stream.cpp:105] Opened result file: ./profiles/standalone_attn_prefill_and_decode_tp8_prefill_then_decode8_512_32_1024160_agent_info.csv
[m[0;33mW20250901 23:55:26.243866 139710118229760 tool.cpp:1902] rocprofv3_error_signal_handler caught signal 11...
[m# ---- Run standalone_attn_prefill_and_decode_tp8_prefill_then_decode8_512_32_2048160 ----
INFO 09-01 23:55:31 [__init__.py:244] Automatically detected platform rocm.
[0;31mE20250901 23:55:46.407380 140264978134784 output_stream.cpp:105] Opened result file: ./profiles/standalone_attn_prefill_and_decode_tp8_prefill_then_decode8_512_32_2048160_kernel_trace.csv
[m[0;31mE20250901 23:55:46.413415 140264978134784 output_stream.cpp:105] Opened result file: ./profiles/standalone_attn_prefill_and_decode_tp8_prefill_then_decode8_512_32_2048160_agent_info.csv
[m[0;33mW20250901 23:55:55.138263 140264978134784 tool.cpp:1902] rocprofv3_error_signal_handler caught signal 11...
[m# ---- Run standalone_attn_prefill_and_decode_tp8_prefill_then_decode8_512_32_4096160 ----
INFO 09-01 23:55:59 [__init__.py:244] Automatically detected platform rocm.
[0;31mE20250901 23:56:15.069336 139818995091200 output_stream.cpp:105] Opened result file: ./profiles/standalone_attn_prefill_and_decode_tp8_prefill_then_decode8_512_32_4096160_kernel_trace.csv
[m[0;31mE20250901 23:56:15.075511 139818995091200 output_stream.cpp:105] Opened result file: ./profiles/standalone_attn_prefill_and_decode_tp8_prefill_then_decode8_512_32_4096160_agent_info.csv
[m[0;33mW20250901 23:56:23.707150 139818995091200 tool.cpp:1902] rocprofv3_error_signal_handler caught signal 11...
[m# ---- Run standalone_attn_prefill_and_decode_tp8_prefill_then_decode8_512_32_8192160 ----
INFO 09-01 23:56:28 [__init__.py:244] Automatically detected platform rocm.
[0;31mE20250901 23:56:43.849267 140197801981696 output_stream.cpp:105] Opened result file: ./profiles/standalone_attn_prefill_and_decode_tp8_prefill_then_decode8_512_32_8192160_kernel_trace.csv
[m[0;31mE20250901 23:56:43.855377 140197801981696 output_stream.cpp:105] Opened result file: ./profiles/standalone_attn_prefill_and_decode_tp8_prefill_then_decode8_512_32_8192160_agent_info.csv
[m[0;33mW20250901 23:56:52.567064 140197801981696 tool.cpp:1902] rocprofv3_error_signal_handler caught signal 11...
[m# ---- Run standalone_attn_prefill_and_decode_tp8_prefill_then_decode8_512_64_256160 ----
INFO 09-01 23:56:57 [__init__.py:244] Automatically detected platform rocm.
[0;31mE20250901 23:57:12.265226 140573811750656 output_stream.cpp:105] Opened result file: ./profiles/standalone_attn_prefill_and_decode_tp8_prefill_then_decode8_512_64_256160_kernel_trace.csv
[m[0;31mE20250901 23:57:12.271068 140573811750656 output_stream.cpp:105] Opened result file: ./profiles/standalone_attn_prefill_and_decode_tp8_prefill_then_decode8_512_64_256160_agent_info.csv
[m[0;33mW20250901 23:57:20.971407 140573811750656 tool.cpp:1902] rocprofv3_error_signal_handler caught signal 11...
[m# ---- Run standalone_attn_prefill_and_decode_tp8_prefill_then_decode8_512_64_512160 ----
INFO 09-01 23:57:25 [__init__.py:244] Automatically detected platform rocm.
[0;31mE20250901 23:57:41.049075 140046832604928 output_stream.cpp:105] Opened result file: ./profiles/standalone_attn_prefill_and_decode_tp8_prefill_then_decode8_512_64_512160_kernel_trace.csv
[m[0;31mE20250901 23:57:41.055118 140046832604928 output_stream.cpp:105] Opened result file: ./profiles/standalone_attn_prefill_and_decode_tp8_prefill_then_decode8_512_64_512160_agent_info.csv
[m[0;33mW20250901 23:57:49.832692 140046832604928 tool.cpp:1902] rocprofv3_error_signal_handler caught signal 11...
[m# ---- Run standalone_attn_prefill_and_decode_tp8_prefill_then_decode8_512_64_1024160 ----
INFO 09-01 23:57:54 [__init__.py:244] Automatically detected platform rocm.
[0;31mE20250901 23:58:10.222816 140414101325568 output_stream.cpp:105] Opened result file: ./profiles/standalone_attn_prefill_and_decode_tp8_prefill_then_decode8_512_64_1024160_kernel_trace.csv
[m[0;31mE20250901 23:58:10.228718 140414101325568 output_stream.cpp:105] Opened result file: ./profiles/standalone_attn_prefill_and_decode_tp8_prefill_then_decode8_512_64_1024160_agent_info.csv
[m[0;33mW20250901 23:58:19.278215 140414101325568 tool.cpp:1902] rocprofv3_error_signal_handler caught signal 11...
[m# ---- Run standalone_attn_prefill_and_decode_tp8_prefill_then_decode8_512_64_2048160 ----
INFO 09-01 23:58:24 [__init__.py:244] Automatically detected platform rocm.
[0;31mE20250901 23:58:39.277368 140672254609152 output_stream.cpp:105] Opened result file: ./profiles/standalone_attn_prefill_and_decode_tp8_prefill_then_decode8_512_64_2048160_kernel_trace.csv
[m[0;31mE20250901 23:58:39.283390 140672254609152 output_stream.cpp:105] Opened result file: ./profiles/standalone_attn_prefill_and_decode_tp8_prefill_then_decode8_512_64_2048160_agent_info.csv
[m[0;33mW20250901 23:58:47.845330 140672254609152 tool.cpp:1902] rocprofv3_error_signal_handler caught signal 11...
[m# ---- Run standalone_attn_prefill_and_decode_tp8_prefill_then_decode8_512_64_4096160 ----
INFO 09-01 23:58:52 [__init__.py:244] Automatically detected platform rocm.
[0;31mE20250901 23:59:08.293631 140334462318336 output_stream.cpp:105] Opened result file: ./profiles/standalone_attn_prefill_and_decode_tp8_prefill_then_decode8_512_64_4096160_kernel_trace.csv
[m[0;31mE20250901 23:59:08.299857 140334462318336 output_stream.cpp:105] Opened result file: ./profiles/standalone_attn_prefill_and_decode_tp8_prefill_then_decode8_512_64_4096160_agent_info.csv
[m[0;33mW20250901 23:59:16.865380 140334462318336 tool.cpp:1902] rocprofv3_error_signal_handler caught signal 11...
[m# ---- Run standalone_attn_prefill_and_decode_tp8_prefill_then_decode8_512_64_8192160 ----
INFO 09-01 23:59:21 [__init__.py:244] Automatically detected platform rocm.
[0;31mE20250901 23:59:36.910314 140519043684096 output_stream.cpp:105] Opened result file: ./profiles/standalone_attn_prefill_and_decode_tp8_prefill_then_decode8_512_64_8192160_kernel_trace.csv
[m[0;31mE20250901 23:59:36.916266 140519043684096 output_stream.cpp:105] Opened result file: ./profiles/standalone_attn_prefill_and_decode_tp8_prefill_then_decode8_512_64_8192160_agent_info.csv
[m[0;33mW20250901 23:59:45.498916 140519043684096 tool.cpp:1902] rocprofv3_error_signal_handler caught signal 11...
[m# ---- Run standalone_attn_prefill_and_decode_tp8_prefill_then_decode8_512_128_256160 ----
INFO 09-01 23:59:50 [__init__.py:244] Automatically detected platform rocm.
[0;31mE20250902 00:00:05.494395 140349291939584 output_stream.cpp:105] Opened result file: ./profiles/standalone_attn_prefill_and_decode_tp8_prefill_then_decode8_512_128_256160_kernel_trace.csv
[m[0;31mE20250902 00:00:05.500536 140349291939584 output_stream.cpp:105] Opened result file: ./profiles/standalone_attn_prefill_and_decode_tp8_prefill_then_decode8_512_128_256160_agent_info.csv
[m[0;33mW20250902 00:00:14.134450 140349291939584 tool.cpp:1902] rocprofv3_error_signal_handler caught signal 11...
[m# ---- Run standalone_attn_prefill_and_decode_tp8_prefill_then_decode8_512_128_512160 ----
INFO 09-02 00:00:18 [__init__.py:244] Automatically detected platform rocm.
[0;31mE20250902 00:00:34.247989 140637279721216 output_stream.cpp:105] Opened result file: ./profiles/standalone_attn_prefill_and_decode_tp8_prefill_then_decode8_512_128_512160_kernel_trace.csv
[m[0;31mE20250902 00:00:34.254932 140637279721216 output_stream.cpp:105] Opened result file: ./profiles/standalone_attn_prefill_and_decode_tp8_prefill_then_decode8_512_128_512160_agent_info.csv
[m[0;33mW20250902 00:00:43.210153 140637279721216 tool.cpp:1902] rocprofv3_error_signal_handler caught signal 11...
[m# ---- Run standalone_attn_prefill_and_decode_tp8_prefill_then_decode8_512_128_1024160 ----
INFO 09-02 00:00:48 [__init__.py:244] Automatically detected platform rocm.
[0;31mE20250902 00:01:02.671498 140403539818240 output_stream.cpp:105] Opened result file: ./profiles/standalone_attn_prefill_and_decode_tp8_prefill_then_decode8_512_128_1024160_kernel_trace.csv
[m[0;31mE20250902 00:01:02.677621 140403539818240 output_stream.cpp:105] Opened result file: ./profiles/standalone_attn_prefill_and_decode_tp8_prefill_then_decode8_512_128_1024160_agent_info.csv
[m[0;33mW20250902 00:01:11.253076 140403539818240 tool.cpp:1902] rocprofv3_error_signal_handler caught signal 11...
[m# ---- Run standalone_attn_prefill_and_decode_tp8_prefill_then_decode8_512_128_2048160 ----
INFO 09-02 00:01:16 [__init__.py:244] Automatically detected platform rocm.
[0;31mE20250902 00:01:31.232886 139892086871808 output_stream.cpp:105] Opened result file: ./profiles/standalone_attn_prefill_and_decode_tp8_prefill_then_decode8_512_128_2048160_kernel_trace.csv
[m[0;31mE20250902 00:01:31.238904 139892086871808 output_stream.cpp:105] Opened result file: ./profiles/standalone_attn_prefill_and_decode_tp8_prefill_then_decode8_512_128_2048160_agent_info.csv
[m[0;33mW20250902 00:01:39.868954 139892086871808 tool.cpp:1902] rocprofv3_error_signal_handler caught signal 11...
[m# ---- Run standalone_attn_prefill_and_decode_tp8_prefill_then_decode8_512_128_4096160 ----
INFO 09-02 00:01:44 [__init__.py:244] Automatically detected platform rocm.
[0;31mE20250902 00:01:59.737183 140535286482688 output_stream.cpp:105] Opened result file: ./profiles/standalone_attn_prefill_and_decode_tp8_prefill_then_decode8_512_128_4096160_kernel_trace.csv
[m[0;31mE20250902 00:01:59.742950 140535286482688 output_stream.cpp:105] Opened result file: ./profiles/standalone_attn_prefill_and_decode_tp8_prefill_then_decode8_512_128_4096160_agent_info.csv
[m[0;33mW20250902 00:02:08.396700 140535286482688 tool.cpp:1902] rocprofv3_error_signal_handler caught signal 11...
[m# ---- Run standalone_attn_prefill_and_decode_tp8_prefill_then_decode8_512_128_8192160 ----
INFO 09-02 00:02:13 [__init__.py:244] Automatically detected platform rocm.
[0;31mE20250902 00:02:28.025047 140622080427776 output_stream.cpp:105] Opened result file: ./profiles/standalone_attn_prefill_and_decode_tp8_prefill_then_decode8_512_128_8192160_kernel_trace.csv
[m[0;31mE20250902 00:02:28.031093 140622080427776 output_stream.cpp:105] Opened result file: ./profiles/standalone_attn_prefill_and_decode_tp8_prefill_then_decode8_512_128_8192160_agent_info.csv
[m[0;33mW20250902 00:02:36.652582 140622080427776 tool.cpp:1902] rocprofv3_error_signal_handler caught signal 11...
[m# ---- Run standalone_attn_prefill_and_decode_tp8_prefill_then_decode8_1024_1_256160 ----
INFO 09-02 00:02:41 [__init__.py:244] Automatically detected platform rocm.
[0;31mE20250902 00:02:57.203828 140402176964352 output_stream.cpp:105] Opened result file: ./profiles/standalone_attn_prefill_and_decode_tp8_prefill_then_decode8_1024_1_256160_kernel_trace.csv
[m[0;31mE20250902 00:02:57.209907 140402176964352 output_stream.cpp:105] Opened result file: ./profiles/standalone_attn_prefill_and_decode_tp8_prefill_then_decode8_1024_1_256160_agent_info.csv
[m[0;33mW20250902 00:03:06.216949 140402176964352 tool.cpp:1902] rocprofv3_error_signal_handler caught signal 11...
[m# ---- Run standalone_attn_prefill_and_decode_tp8_prefill_then_decode8_1024_1_512160 ----
INFO 09-02 00:03:11 [__init__.py:244] Automatically detected platform rocm.
[0;31mE20250902 00:03:26.526409 140523187238656 output_stream.cpp:105] Opened result file: ./profiles/standalone_attn_prefill_and_decode_tp8_prefill_then_decode8_1024_1_512160_kernel_trace.csv
[m[0;31mE20250902 00:03:26.532333 140523187238656 output_stream.cpp:105] Opened result file: ./profiles/standalone_attn_prefill_and_decode_tp8_prefill_then_decode8_1024_1_512160_agent_info.csv
[m[0;33mW20250902 00:03:35.423372 140523187238656 tool.cpp:1902] rocprofv3_error_signal_handler caught signal 11...
[m# ---- Run standalone_attn_prefill_and_decode_tp8_prefill_then_decode8_1024_1_1024160 ----
INFO 09-02 00:03:40 [__init__.py:244] Automatically detected platform rocm.
[0;31mE20250902 00:03:55.746516 140680566245120 output_stream.cpp:105] Opened result file: ./profiles/standalone_attn_prefill_and_decode_tp8_prefill_then_decode8_1024_1_1024160_kernel_trace.csv
[m[0;31mE20250902 00:03:55.752398 140680566245120 output_stream.cpp:105] Opened result file: ./profiles/standalone_attn_prefill_and_decode_tp8_prefill_then_decode8_1024_1_1024160_agent_info.csv
[m[0;33mW20250902 00:04:04.393203 140680566245120 tool.cpp:1902] rocprofv3_error_signal_handler caught signal 11...
[m# ---- Run standalone_attn_prefill_and_decode_tp8_prefill_then_decode8_1024_1_2048160 ----
INFO 09-02 00:04:09 [__init__.py:244] Automatically detected platform rocm.
[0;31mE20250902 00:04:24.386296 140331062376192 output_stream.cpp:105] Opened result file: ./profiles/standalone_attn_prefill_and_decode_tp8_prefill_then_decode8_1024_1_2048160_kernel_trace.csv
[m[0;31mE20250902 00:04:24.392272 140331062376192 output_stream.cpp:105] Opened result file: ./profiles/standalone_attn_prefill_and_decode_tp8_prefill_then_decode8_1024_1_2048160_agent_info.csv
[m[0;33mW20250902 00:04:33.409151 140331062376192 tool.cpp:1902] rocprofv3_error_signal_handler caught signal 11...
[m# ---- Run standalone_attn_prefill_and_decode_tp8_prefill_then_decode8_1024_1_4096160 ----
INFO 09-02 00:04:38 [__init__.py:244] Automatically detected platform rocm.
[0;31mE20250902 00:04:53.517494 140614180497152 output_stream.cpp:105] Opened result file: ./profiles/standalone_attn_prefill_and_decode_tp8_prefill_then_decode8_1024_1_4096160_kernel_trace.csv
[m[0;31mE20250902 00:04:53.523404 140614180497152 output_stream.cpp:105] Opened result file: ./profiles/standalone_attn_prefill_and_decode_tp8_prefill_then_decode8_1024_1_4096160_agent_info.csv
[m[0;33mW20250902 00:05:02.349232 140614180497152 tool.cpp:1902] rocprofv3_error_signal_handler caught signal 11...
[m# ---- Run standalone_attn_prefill_and_decode_tp8_prefill_then_decode8_1024_1_8192160 ----
INFO 09-02 00:05:07 [__init__.py:244] Automatically detected platform rocm.
[0;31mE20250902 00:05:22.955972 140271963318016 output_stream.cpp:105] Opened result file: ./profiles/standalone_attn_prefill_and_decode_tp8_prefill_then_decode8_1024_1_8192160_kernel_trace.csv
[m[0;31mE20250902 00:05:22.962021 140271963318016 output_stream.cpp:105] Opened result file: ./profiles/standalone_attn_prefill_and_decode_tp8_prefill_then_decode8_1024_1_8192160_agent_info.csv
[m[0;33mW20250902 00:05:32.176026 140271963318016 tool.cpp:1902] rocprofv3_error_signal_handler caught signal 11...
[m# ---- Run standalone_attn_prefill_and_decode_tp8_prefill_then_decode8_1024_2_256160 ----
INFO 09-02 00:05:37 [__init__.py:244] Automatically detected platform rocm.
[0;31mE20250902 00:05:52.185368 139794740799232 output_stream.cpp:105] Opened result file: ./profiles/standalone_attn_prefill_and_decode_tp8_prefill_then_decode8_1024_2_256160_kernel_trace.csv
[m[0;31mE20250902 00:05:52.191716 139794740799232 output_stream.cpp:105] Opened result file: ./profiles/standalone_attn_prefill_and_decode_tp8_prefill_then_decode8_1024_2_256160_agent_info.csv
[m[0;33mW20250902 00:06:00.944763 139794740799232 tool.cpp:1902] rocprofv3_error_signal_handler caught signal 11...
[m# ---- Run standalone_attn_prefill_and_decode_tp8_prefill_then_decode8_1024_2_512160 ----
INFO 09-02 00:06:05 [__init__.py:244] Automatically detected platform rocm.
[0;31mE20250902 00:06:21.031011 140234378020608 output_stream.cpp:105] Opened result file: ./profiles/standalone_attn_prefill_and_decode_tp8_prefill_then_decode8_1024_2_512160_kernel_trace.csv
[m[0;31mE20250902 00:06:21.037339 140234378020608 output_stream.cpp:105] Opened result file: ./profiles/standalone_attn_prefill_and_decode_tp8_prefill_then_decode8_1024_2_512160_agent_info.csv
[m[0;33mW20250902 00:06:29.913945 140234378020608 tool.cpp:1902] rocprofv3_error_signal_handler caught signal 11...
[m# ---- Run standalone_attn_prefill_and_decode_tp8_prefill_then_decode8_1024_2_1024160 ----
INFO 09-02 00:06:34 [__init__.py:244] Automatically detected platform rocm.
[0;31mE20250902 00:06:50.146527 139622178268928 output_stream.cpp:105] Opened result file: ./profiles/standalone_attn_prefill_and_decode_tp8_prefill_then_decode8_1024_2_1024160_kernel_trace.csv
[m[0;31mE20250902 00:06:50.152217 139622178268928 output_stream.cpp:105] Opened result file: ./profiles/standalone_attn_prefill_and_decode_tp8_prefill_then_decode8_1024_2_1024160_agent_info.csv
[m[0;33mW20250902 00:06:58.842015 139622178268928 tool.cpp:1902] rocprofv3_error_signal_handler caught signal 11...
[m# ---- Run standalone_attn_prefill_and_decode_tp8_prefill_then_decode8_1024_2_2048160 ----
INFO 09-02 00:07:03 [__init__.py:244] Automatically detected platform rocm.
[0;31mE20250902 00:07:18.654934 140020826384128 output_stream.cpp:105] Opened result file: ./profiles/standalone_attn_prefill_and_decode_tp8_prefill_then_decode8_1024_2_2048160_kernel_trace.csv
[m[0;31mE20250902 00:07:18.661081 140020826384128 output_stream.cpp:105] Opened result file: ./profiles/standalone_attn_prefill_and_decode_tp8_prefill_then_decode8_1024_2_2048160_agent_info.csv
[m[0;33mW20250902 00:07:27.179448 140020826384128 tool.cpp:1902] rocprofv3_error_signal_handler caught signal 11...
[m# ---- Run standalone_attn_prefill_and_decode_tp8_prefill_then_decode8_1024_2_4096160 ----
INFO 09-02 00:07:32 [__init__.py:244] Automatically detected platform rocm.
[0;31mE20250902 00:07:47.260650 140703058261760 output_stream.cpp:105] Opened result file: ./profiles/standalone_attn_prefill_and_decode_tp8_prefill_then_decode8_1024_2_4096160_kernel_trace.csv
[m[0;31mE20250902 00:07:47.266698 140703058261760 output_stream.cpp:105] Opened result file: ./profiles/standalone_attn_prefill_and_decode_tp8_prefill_then_decode8_1024_2_4096160_agent_info.csv
[m[0;33mW20250902 00:07:56.003171 140703058261760 tool.cpp:1902] rocprofv3_error_signal_handler caught signal 11...
[m# ---- Run standalone_attn_prefill_and_decode_tp8_prefill_then_decode8_1024_2_8192160 ----
INFO 09-02 00:08:00 [__init__.py:244] Automatically detected platform rocm.
[0;31mE20250902 00:08:16.129249 140423625709312 output_stream.cpp:105] Opened result file: ./profiles/standalone_attn_prefill_and_decode_tp8_prefill_then_decode8_1024_2_8192160_kernel_trace.csv
[m[0;31mE20250902 00:08:16.135190 140423625709312 output_stream.cpp:105] Opened result file: ./profiles/standalone_attn_prefill_and_decode_tp8_prefill_then_decode8_1024_2_8192160_agent_info.csv
[m[0;33mW20250902 00:08:24.556747 140423625709312 tool.cpp:1902] rocprofv3_error_signal_handler caught signal 11...
[m# ---- Run standalone_attn_prefill_and_decode_tp8_prefill_then_decode8_1024_4_256160 ----
INFO 09-02 00:08:29 [__init__.py:244] Automatically detected platform rocm.
[0;31mE20250902 00:08:44.633264 139974670010112 output_stream.cpp:105] Opened result file: ./profiles/standalone_attn_prefill_and_decode_tp8_prefill_then_decode8_1024_4_256160_kernel_trace.csv
[m[0;31mE20250902 00:08:44.639458 139974670010112 output_stream.cpp:105] Opened result file: ./profiles/standalone_attn_prefill_and_decode_tp8_prefill_then_decode8_1024_4_256160_agent_info.csv
[m[0;33mW20250902 00:08:53.038034 139974670010112 tool.cpp:1902] rocprofv3_error_signal_handler caught signal 11...
[m# ---- Run standalone_attn_prefill_and_decode_tp8_prefill_then_decode8_1024_4_512160 ----
INFO 09-02 00:08:57 [__init__.py:244] Automatically detected platform rocm.
[0;31mE20250902 00:09:13.102840 140246262834944 output_stream.cpp:105] Opened result file: ./profiles/standalone_attn_prefill_and_decode_tp8_prefill_then_decode8_1024_4_512160_kernel_trace.csv
[m[0;31mE20250902 00:09:13.108839 140246262834944 output_stream.cpp:105] Opened result file: ./profiles/standalone_attn_prefill_and_decode_tp8_prefill_then_decode8_1024_4_512160_agent_info.csv
[m[0;33mW20250902 00:09:21.824180 140246262834944 tool.cpp:1902] rocprofv3_error_signal_handler caught signal 11...
[m# ---- Run standalone_attn_prefill_and_decode_tp8_prefill_then_decode8_1024_4_1024160 ----
INFO 09-02 00:09:26 [__init__.py:244] Automatically detected platform rocm.
[0;31mE20250902 00:09:41.836033 140075589445376 output_stream.cpp:105] Opened result file: ./profiles/standalone_attn_prefill_and_decode_tp8_prefill_then_decode8_1024_4_1024160_kernel_trace.csv
[m[0;31mE20250902 00:09:41.842332 140075589445376 output_stream.cpp:105] Opened result file: ./profiles/standalone_attn_prefill_and_decode_tp8_prefill_then_decode8_1024_4_1024160_agent_info.csv
[m[0;33mW20250902 00:09:50.242752 140075589445376 tool.cpp:1902] rocprofv3_error_signal_handler caught signal 11...
[m# ---- Run standalone_attn_prefill_and_decode_tp8_prefill_then_decode8_1024_4_2048160 ----
INFO 09-02 00:09:55 [__init__.py:244] Automatically detected platform rocm.
[0;31mE20250902 00:10:10.853235 140271964198656 output_stream.cpp:105] Opened result file: ./profiles/standalone_attn_prefill_and_decode_tp8_prefill_then_decode8_1024_4_2048160_kernel_trace.csv
[m[0;31mE20250902 00:10:10.859177 140271964198656 output_stream.cpp:105] Opened result file: ./profiles/standalone_attn_prefill_and_decode_tp8_prefill_then_decode8_1024_4_2048160_agent_info.csv
[m[0;33mW20250902 00:10:19.814597 140271964198656 tool.cpp:1902] rocprofv3_error_signal_handler caught signal 11...
[m# ---- Run standalone_attn_prefill_and_decode_tp8_prefill_then_decode8_1024_4_4096160 ----
INFO 09-02 00:10:24 [__init__.py:244] Automatically detected platform rocm.
[0;31mE20250902 00:10:40.042388 139925532083968 output_stream.cpp:105] Opened result file: ./profiles/standalone_attn_prefill_and_decode_tp8_prefill_then_decode8_1024_4_4096160_kernel_trace.csv
[m[0;31mE20250902 00:10:40.048171 139925532083968 output_stream.cpp:105] Opened result file: ./profiles/standalone_attn_prefill_and_decode_tp8_prefill_then_decode8_1024_4_4096160_agent_info.csv
[m[0;33mW20250902 00:10:48.484148 139925532083968 tool.cpp:1902] rocprofv3_error_signal_handler caught signal 11...
[m# ---- Run standalone_attn_prefill_and_decode_tp8_prefill_then_decode8_1024_4_8192160 ----
INFO 09-02 00:10:53 [__init__.py:244] Automatically detected platform rocm.
[0;31mE20250902 00:11:08.451038 139709652526848 output_stream.cpp:105] Opened result file: ./profiles/standalone_attn_prefill_and_decode_tp8_prefill_then_decode8_1024_4_8192160_kernel_trace.csv
[m[0;31mE20250902 00:11:08.456925 139709652526848 output_stream.cpp:105] Opened result file: ./profiles/standalone_attn_prefill_and_decode_tp8_prefill_then_decode8_1024_4_8192160_agent_info.csv
[m[0;33mW20250902 00:11:16.881880 139709652526848 tool.cpp:1902] rocprofv3_error_signal_handler caught signal 11...
[m# ---- Run standalone_attn_prefill_and_decode_tp8_prefill_then_decode8_1024_8_256160 ----
INFO 09-02 00:11:21 [__init__.py:244] Automatically detected platform rocm.
[0;31mE20250902 00:11:36.894552 140063843202816 output_stream.cpp:105] Opened result file: ./profiles/standalone_attn_prefill_and_decode_tp8_prefill_then_decode8_1024_8_256160_kernel_trace.csv
[m[0;31mE20250902 00:11:36.900491 140063843202816 output_stream.cpp:105] Opened result file: ./profiles/standalone_attn_prefill_and_decode_tp8_prefill_then_decode8_1024_8_256160_agent_info.csv
[m[0;33mW20250902 00:11:45.352039 140063843202816 tool.cpp:1902] rocprofv3_error_signal_handler caught signal 11...
[m# ---- Run standalone_attn_prefill_and_decode_tp8_prefill_then_decode8_1024_8_512160 ----
INFO 09-02 00:11:50 [__init__.py:244] Automatically detected platform rocm.
[0;31mE20250902 00:12:05.363108 139978214057728 output_stream.cpp:105] Opened result file: ./profiles/standalone_attn_prefill_and_decode_tp8_prefill_then_decode8_1024_8_512160_kernel_trace.csv
[m[0;31mE20250902 00:12:05.369194 139978214057728 output_stream.cpp:105] Opened result file: ./profiles/standalone_attn_prefill_and_decode_tp8_prefill_then_decode8_1024_8_512160_agent_info.csv
[m[0;33mW20250902 00:12:14.067991 139978214057728 tool.cpp:1902] rocprofv3_error_signal_handler caught signal 11...
[m# ---- Run standalone_attn_prefill_and_decode_tp8_prefill_then_decode8_1024_8_1024160 ----
INFO 09-02 00:12:18 [__init__.py:244] Automatically detected platform rocm.
[0;31mE20250902 00:12:33.976169 139698021938944 output_stream.cpp:105] Opened result file: ./profiles/standalone_attn_prefill_and_decode_tp8_prefill_then_decode8_1024_8_1024160_kernel_trace.csv
[m[0;31mE20250902 00:12:33.982474 139698021938944 output_stream.cpp:105] Opened result file: ./profiles/standalone_attn_prefill_and_decode_tp8_prefill_then_decode8_1024_8_1024160_agent_info.csv
[m[0;33mW20250902 00:12:42.554559 139698021938944 tool.cpp:1902] rocprofv3_error_signal_handler caught signal 11...
[m# ---- Run standalone_attn_prefill_and_decode_tp8_prefill_then_decode8_1024_8_2048160 ----
INFO 09-02 00:12:47 [__init__.py:244] Automatically detected platform rocm.
[0;31mE20250902 00:13:02.481362 139758623500032 output_stream.cpp:105] Opened result file: ./profiles/standalone_attn_prefill_and_decode_tp8_prefill_then_decode8_1024_8_2048160_kernel_trace.csv
[m[0;31mE20250902 00:13:02.487322 139758623500032 output_stream.cpp:105] Opened result file: ./profiles/standalone_attn_prefill_and_decode_tp8_prefill_then_decode8_1024_8_2048160_agent_info.csv
[m[0;33mW20250902 00:13:10.852521 139758623500032 tool.cpp:1902] rocprofv3_error_signal_handler caught signal 11...
[m# ---- Run standalone_attn_prefill_and_decode_tp8_prefill_then_decode8_1024_8_4096160 ----
INFO 09-02 00:13:15 [__init__.py:244] Automatically detected platform rocm.
[0;31mE20250902 00:13:30.693474 140010960873216 output_stream.cpp:105] Opened result file: ./profiles/standalone_attn_prefill_and_decode_tp8_prefill_then_decode8_1024_8_4096160_kernel_trace.csv
[m[0;31mE20250902 00:13:30.699419 140010960873216 output_stream.cpp:105] Opened result file: ./profiles/standalone_attn_prefill_and_decode_tp8_prefill_then_decode8_1024_8_4096160_agent_info.csv
[m[0;33mW20250902 00:13:39.126266 140010960873216 tool.cpp:1902] rocprofv3_error_signal_handler caught signal 11...
[m# ---- Run standalone_attn_prefill_and_decode_tp8_prefill_then_decode8_1024_8_8192160 ----
INFO 09-02 00:13:43 [__init__.py:244] Automatically detected platform rocm.
[0;31mE20250902 00:13:59.177083 139973226198784 output_stream.cpp:105] Opened result file: ./profiles/standalone_attn_prefill_and_decode_tp8_prefill_then_decode8_1024_8_8192160_kernel_trace.csv
[m[0;31mE20250902 00:13:59.183305 139973226198784 output_stream.cpp:105] Opened result file: ./profiles/standalone_attn_prefill_and_decode_tp8_prefill_then_decode8_1024_8_8192160_agent_info.csv
[m[0;33mW20250902 00:14:07.978798 139973226198784 tool.cpp:1902] rocprofv3_error_signal_handler caught signal 11...
[m# ---- Run standalone_attn_prefill_and_decode_tp8_prefill_then_decode8_1024_16_256160 ----
INFO 09-02 00:14:12 [__init__.py:244] Automatically detected platform rocm.
[0;31mE20250902 00:14:28.080310 140058578867968 output_stream.cpp:105] Opened result file: ./profiles/standalone_attn_prefill_and_decode_tp8_prefill_then_decode8_1024_16_256160_kernel_trace.csv
[m[0;31mE20250902 00:14:28.086238 140058578867968 output_stream.cpp:105] Opened result file: ./profiles/standalone_attn_prefill_and_decode_tp8_prefill_then_decode8_1024_16_256160_agent_info.csv
[m[0;33mW20250902 00:14:36.514840 140058578867968 tool.cpp:1902] rocprofv3_error_signal_handler caught signal 11...
[m# ---- Run standalone_attn_prefill_and_decode_tp8_prefill_then_decode8_1024_16_512160 ----
INFO 09-02 00:14:41 [__init__.py:244] Automatically detected platform rocm.
[0;31mE20250902 00:14:56.981131 140445983434496 output_stream.cpp:105] Opened result file: ./profiles/standalone_attn_prefill_and_decode_tp8_prefill_then_decode8_1024_16_512160_kernel_trace.csv
[m[0;31mE20250902 00:14:56.987136 140445983434496 output_stream.cpp:105] Opened result file: ./profiles/standalone_attn_prefill_and_decode_tp8_prefill_then_decode8_1024_16_512160_agent_info.csv
[m[0;33mW20250902 00:15:05.947919 140445983434496 tool.cpp:1902] rocprofv3_error_signal_handler caught signal 11...
[m# ---- Run standalone_attn_prefill_and_decode_tp8_prefill_then_decode8_1024_16_1024160 ----
INFO 09-02 00:15:10 [__init__.py:244] Automatically detected platform rocm.
[0;31mE20250902 00:15:26.016824 140666589595392 output_stream.cpp:105] Opened result file: ./profiles/standalone_attn_prefill_and_decode_tp8_prefill_then_decode8_1024_16_1024160_kernel_trace.csv
[m[0;31mE20250902 00:15:26.022729 140666589595392 output_stream.cpp:105] Opened result file: ./profiles/standalone_attn_prefill_and_decode_tp8_prefill_then_decode8_1024_16_1024160_agent_info.csv
[m[0;33mW20250902 00:15:34.803319 140666589595392 tool.cpp:1902] rocprofv3_error_signal_handler caught signal 11...
[m# ---- Run standalone_attn_prefill_and_decode_tp8_prefill_then_decode8_1024_16_2048160 ----
INFO 09-02 00:15:39 [__init__.py:244] Automatically detected platform rocm.
[0;31mE20250902 00:15:55.260961 140677250127616 output_stream.cpp:105] Opened result file: ./profiles/standalone_attn_prefill_and_decode_tp8_prefill_then_decode8_1024_16_2048160_kernel_trace.csv
[m[0;31mE20250902 00:15:55.267075 140677250127616 output_stream.cpp:105] Opened result file: ./profiles/standalone_attn_prefill_and_decode_tp8_prefill_then_decode8_1024_16_2048160_agent_info.csv
[m[0;33mW20250902 00:16:03.921438 140677250127616 tool.cpp:1902] rocprofv3_error_signal_handler caught signal 11...
[m# ---- Run standalone_attn_prefill_and_decode_tp8_prefill_then_decode8_1024_16_4096160 ----
INFO 09-02 00:16:09 [__init__.py:244] Automatically detected platform rocm.
[0;31mE20250902 00:16:26.167393 140059768178432 output_stream.cpp:105] Opened result file: ./profiles/standalone_attn_prefill_and_decode_tp8_prefill_then_decode8_1024_16_4096160_kernel_trace.csv
[m[0;31mE20250902 00:16:26.173495 140059768178432 output_stream.cpp:105] Opened result file: ./profiles/standalone_attn_prefill_and_decode_tp8_prefill_then_decode8_1024_16_4096160_agent_info.csv
[m[0;33mW20250902 00:16:35.207392 140059768178432 tool.cpp:1902] rocprofv3_error_signal_handler caught signal 11...
[m# ---- Run standalone_attn_prefill_and_decode_tp8_prefill_then_decode8_1024_16_8192160 ----
INFO 09-02 00:16:40 [__init__.py:244] Automatically detected platform rocm.
[0;31mE20250902 00:16:57.976363 139990820562688 output_stream.cpp:105] Opened result file: ./profiles/standalone_attn_prefill_and_decode_tp8_prefill_then_decode8_1024_16_8192160_kernel_trace.csv
[m[0;31mE20250902 00:16:57.982363 139990820562688 output_stream.cpp:105] Opened result file: ./profiles/standalone_attn_prefill_and_decode_tp8_prefill_then_decode8_1024_16_8192160_agent_info.csv
[m[0;33mW20250902 00:17:06.687497 139990820562688 tool.cpp:1902] rocprofv3_error_signal_handler caught signal 11...
[m# ---- Run standalone_attn_prefill_and_decode_tp8_prefill_then_decode8_1024_32_256160 ----
INFO 09-02 00:17:12 [__init__.py:244] Automatically detected platform rocm.
[0;31mE20250902 00:17:29.578722 140634353379072 output_stream.cpp:105] Opened result file: ./profiles/standalone_attn_prefill_and_decode_tp8_prefill_then_decode8_1024_32_256160_kernel_trace.csv
[m[0;31mE20250902 00:17:29.584889 140634353379072 output_stream.cpp:105] Opened result file: ./profiles/standalone_attn_prefill_and_decode_tp8_prefill_then_decode8_1024_32_256160_agent_info.csv
[m[0;33mW20250902 00:17:38.459411 140634353379072 tool.cpp:1902] rocprofv3_error_signal_handler caught signal 11...
[m# ---- Run standalone_attn_prefill_and_decode_tp8_prefill_then_decode8_1024_32_512160 ----
INFO 09-02 00:17:45 [__init__.py:244] Automatically detected platform rocm.
[0;31mE20250902 00:18:04.357888 140666164012800 output_stream.cpp:105] Opened result file: ./profiles/standalone_attn_prefill_and_decode_tp8_prefill_then_decode8_1024_32_512160_kernel_trace.csv
[m[0;31mE20250902 00:18:04.363863 140666164012800 output_stream.cpp:105] Opened result file: ./profiles/standalone_attn_prefill_and_decode_tp8_prefill_then_decode8_1024_32_512160_agent_info.csv
[m[0;33mW20250902 00:18:13.584308 140666164012800 tool.cpp:1902] rocprofv3_error_signal_handler caught signal 11...
[m# ---- Run standalone_attn_prefill_and_decode_tp8_prefill_then_decode8_1024_32_1024160 ----
INFO 09-02 00:18:19 [__init__.py:244] Automatically detected platform rocm.
[0;31mE20250902 00:18:36.536822 140239004874496 output_stream.cpp:105] Opened result file: ./profiles/standalone_attn_prefill_and_decode_tp8_prefill_then_decode8_1024_32_1024160_kernel_trace.csv
[m[0;31mE20250902 00:18:36.542843 140239004874496 output_stream.cpp:105] Opened result file: ./profiles/standalone_attn_prefill_and_decode_tp8_prefill_then_decode8_1024_32_1024160_agent_info.csv
[m[0;33mW20250902 00:18:44.977281 140239004874496 tool.cpp:1902] rocprofv3_error_signal_handler caught signal 11...
[m# ---- Run standalone_attn_prefill_and_decode_tp8_prefill_then_decode8_1024_32_2048160 ----
INFO 09-02 00:18:50 [__init__.py:244] Automatically detected platform rocm.
[0;31mE20250902 00:19:07.848684 140409139754752 output_stream.cpp:105] Opened result file: ./profiles/standalone_attn_prefill_and_decode_tp8_prefill_then_decode8_1024_32_2048160_kernel_trace.csv
[m[0;31mE20250902 00:19:07.854572 140409139754752 output_stream.cpp:105] Opened result file: ./profiles/standalone_attn_prefill_and_decode_tp8_prefill_then_decode8_1024_32_2048160_agent_info.csv
[m[0;33mW20250902 00:19:16.696613 140409139754752 tool.cpp:1902] rocprofv3_error_signal_handler caught signal 11...
[m# ---- Run standalone_attn_prefill_and_decode_tp8_prefill_then_decode8_1024_32_4096160 ----
INFO 09-02 00:19:22 [__init__.py:244] Automatically detected platform rocm.
[0;31mE20250902 00:19:39.686747 139995373049600 output_stream.cpp:105] Opened result file: ./profiles/standalone_attn_prefill_and_decode_tp8_prefill_then_decode8_1024_32_4096160_kernel_trace.csv
[m[0;31mE20250902 00:19:39.692869 139995373049600 output_stream.cpp:105] Opened result file: ./profiles/standalone_attn_prefill_and_decode_tp8_prefill_then_decode8_1024_32_4096160_agent_info.csv
[m[0;33mW20250902 00:19:48.520118 139995373049600 tool.cpp:1902] rocprofv3_error_signal_handler caught signal 11...
[m# ---- Run standalone_attn_prefill_and_decode_tp8_prefill_then_decode8_1024_32_8192160 ----
INFO 09-02 00:19:54 [__init__.py:244] Automatically detected platform rocm.
[0;31mE20250902 00:20:11.267036 140680739452672 output_stream.cpp:105] Opened result file: ./profiles/standalone_attn_prefill_and_decode_tp8_prefill_then_decode8_1024_32_8192160_kernel_trace.csv
[m[0;31mE20250902 00:20:11.273259 140680739452672 output_stream.cpp:105] Opened result file: ./profiles/standalone_attn_prefill_and_decode_tp8_prefill_then_decode8_1024_32_8192160_agent_info.csv
[m[0;33mW20250902 00:20:20.274550 140680739452672 tool.cpp:1902] rocprofv3_error_signal_handler caught signal 11...
[m# ---- Run standalone_attn_prefill_and_decode_tp8_prefill_then_decode8_1024_64_256160 ----
INFO 09-02 00:20:25 [__init__.py:244] Automatically detected platform rocm.
[0;31mE20250902 00:20:43.585988 140705092441856 output_stream.cpp:105] Opened result file: ./profiles/standalone_attn_prefill_and_decode_tp8_prefill_then_decode8_1024_64_256160_kernel_trace.csv
[m[0;31mE20250902 00:20:43.592059 140705092441856 output_stream.cpp:105] Opened result file: ./profiles/standalone_attn_prefill_and_decode_tp8_prefill_then_decode8_1024_64_256160_agent_info.csv
[m[0;33mW20250902 00:20:52.296633 140705092441856 tool.cpp:1902] rocprofv3_error_signal_handler caught signal 11...
[m# ---- Run standalone_attn_prefill_and_decode_tp8_prefill_then_decode8_1024_64_512160 ----
INFO 09-02 00:20:58 [__init__.py:244] Automatically detected platform rocm.
[0;31mE20250902 00:21:15.444402 139805016573696 output_stream.cpp:105] Opened result file: ./profiles/standalone_attn_prefill_and_decode_tp8_prefill_then_decode8_1024_64_512160_kernel_trace.csv
[m[0;31mE20250902 00:21:15.450552 139805016573696 output_stream.cpp:105] Opened result file: ./profiles/standalone_attn_prefill_and_decode_tp8_prefill_then_decode8_1024_64_512160_agent_info.csv
[m[0;33mW20250902 00:21:24.128621 139805016573696 tool.cpp:1902] rocprofv3_error_signal_handler caught signal 11...
[m# ---- Run standalone_attn_prefill_and_decode_tp8_prefill_then_decode8_1024_64_1024160 ----
INFO 09-02 00:21:29 [__init__.py:244] Automatically detected platform rocm.
[0;31mE20250902 00:21:47.676392 140370624296704 output_stream.cpp:105] Opened result file: ./profiles/standalone_attn_prefill_and_decode_tp8_prefill_then_decode8_1024_64_1024160_kernel_trace.csv
[m[0;31mE20250902 00:21:47.683329 140370624296704 output_stream.cpp:105] Opened result file: ./profiles/standalone_attn_prefill_and_decode_tp8_prefill_then_decode8_1024_64_1024160_agent_info.csv
[m[0;33mW20250902 00:21:56.363376 140370624296704 tool.cpp:1902] rocprofv3_error_signal_handler caught signal 11...
[m# ---- Run standalone_attn_prefill_and_decode_tp8_prefill_then_decode8_1024_64_2048160 ----
INFO 09-02 00:22:02 [__init__.py:244] Automatically detected platform rocm.
[0;31mE20250902 00:22:22.146351 139690673153792 output_stream.cpp:105] Opened result file: ./profiles/standalone_attn_prefill_and_decode_tp8_prefill_then_decode8_1024_64_2048160_kernel_trace.csv
[m[0;31mE20250902 00:22:22.154234 139690673153792 output_stream.cpp:105] Opened result file: ./profiles/standalone_attn_prefill_and_decode_tp8_prefill_then_decode8_1024_64_2048160_agent_info.csv
[m[0;33mW20250902 00:22:31.635154 139690673153792 tool.cpp:1902] rocprofv3_error_signal_handler caught signal 11...
[m# ---- Run standalone_attn_prefill_and_decode_tp8_prefill_then_decode8_1024_64_4096160 ----
INFO 09-02 00:22:39 [__init__.py:244] Automatically detected platform rocm.
[0;31mE20250902 00:22:57.166391 140530865014528 output_stream.cpp:105] Opened result file: ./profiles/standalone_attn_prefill_and_decode_tp8_prefill_then_decode8_1024_64_4096160_kernel_trace.csv
[m[0;31mE20250902 00:22:57.173376 140530865014528 output_stream.cpp:105] Opened result file: ./profiles/standalone_attn_prefill_and_decode_tp8_prefill_then_decode8_1024_64_4096160_agent_info.csv
[m[0;33mW20250902 00:23:05.896320 140530865014528 tool.cpp:1902] rocprofv3_error_signal_handler caught signal 11...
[m# ---- Run standalone_attn_prefill_and_decode_tp8_prefill_then_decode8_1024_64_8192160 ----
INFO 09-02 00:23:11 [__init__.py:244] Automatically detected platform rocm.
[0;31mE20250902 00:23:29.640244 139698014361344 output_stream.cpp:105] Opened result file: ./profiles/standalone_attn_prefill_and_decode_tp8_prefill_then_decode8_1024_64_8192160_kernel_trace.csv
[m[0;31mE20250902 00:23:29.647052 139698014361344 output_stream.cpp:105] Opened result file: ./profiles/standalone_attn_prefill_and_decode_tp8_prefill_then_decode8_1024_64_8192160_agent_info.csv
[m[0;33mW20250902 00:23:38.322048 139698014361344 tool.cpp:1902] rocprofv3_error_signal_handler caught signal 11...
[m# ---- Run standalone_attn_prefill_and_decode_tp8_prefill_then_decode8_1024_128_256160 ----
INFO 09-02 00:23:44 [__init__.py:244] Automatically detected platform rocm.
[0;31mE20250902 00:24:01.260285 139992962201344 output_stream.cpp:105] Opened result file: ./profiles/standalone_attn_prefill_and_decode_tp8_prefill_then_decode8_1024_128_256160_kernel_trace.csv
[m[0;31mE20250902 00:24:01.266379 139992962201344 output_stream.cpp:105] Opened result file: ./profiles/standalone_attn_prefill_and_decode_tp8_prefill_then_decode8_1024_128_256160_agent_info.csv
[m[0;33mW20250902 00:24:10.545317 139992962201344 tool.cpp:1902] rocprofv3_error_signal_handler caught signal 11...
[m# ---- Run standalone_attn_prefill_and_decode_tp8_prefill_then_decode8_1024_128_512160 ----
INFO 09-02 00:24:16 [__init__.py:244] Automatically detected platform rocm.
[0;31mE20250902 00:24:33.619000 140700741359360 output_stream.cpp:105] Opened result file: ./profiles/standalone_attn_prefill_and_decode_tp8_prefill_then_decode8_1024_128_512160_kernel_trace.csv
[m[0;31mE20250902 00:24:33.625168 140700741359360 output_stream.cpp:105] Opened result file: ./profiles/standalone_attn_prefill_and_decode_tp8_prefill_then_decode8_1024_128_512160_agent_info.csv
[m[0;33mW20250902 00:24:42.491191 140700741359360 tool.cpp:1902] rocprofv3_error_signal_handler caught signal 11...
[m# ---- Run standalone_attn_prefill_and_decode_tp8_prefill_then_decode8_1024_128_1024160 ----
INFO 09-02 00:24:48 [__init__.py:244] Automatically detected platform rocm.
[0;31mE20250902 00:25:05.558521 140032877467392 output_stream.cpp:105] Opened result file: ./profiles/standalone_attn_prefill_and_decode_tp8_prefill_then_decode8_1024_128_1024160_kernel_trace.csv
[m[0;31mE20250902 00:25:05.564642 140032877467392 output_stream.cpp:105] Opened result file: ./profiles/standalone_attn_prefill_and_decode_tp8_prefill_then_decode8_1024_128_1024160_agent_info.csv
[m[0;33mW20250902 00:25:14.429491 140032877467392 tool.cpp:1902] rocprofv3_error_signal_handler caught signal 11...
[m# ---- Run standalone_attn_prefill_and_decode_tp8_prefill_then_decode8_1024_128_2048160 ----
INFO 09-02 00:25:20 [__init__.py:244] Automatically detected platform rocm.
[0;31mE20250902 00:25:37.508972 140128539338496 output_stream.cpp:105] Opened result file: ./profiles/standalone_attn_prefill_and_decode_tp8_prefill_then_decode8_1024_128_2048160_kernel_trace.csv
[m[0;31mE20250902 00:25:37.515105 140128539338496 output_stream.cpp:105] Opened result file: ./profiles/standalone_attn_prefill_and_decode_tp8_prefill_then_decode8_1024_128_2048160_agent_info.csv
[m[0;33mW20250902 00:25:46.502444 140128539338496 tool.cpp:1902] rocprofv3_error_signal_handler caught signal 11...
[m# ---- Run standalone_attn_prefill_and_decode_tp8_prefill_then_decode8_1024_128_4096160 ----
INFO 09-02 00:25:52 [__init__.py:244] Automatically detected platform rocm.
[0;31mE20250902 00:26:09.479638 140157654136576 output_stream.cpp:105] Opened result file: ./profiles/standalone_attn_prefill_and_decode_tp8_prefill_then_decode8_1024_128_4096160_kernel_trace.csv
[m[0;31mE20250902 00:26:09.485750 140157654136576 output_stream.cpp:105] Opened result file: ./profiles/standalone_attn_prefill_and_decode_tp8_prefill_then_decode8_1024_128_4096160_agent_info.csv
[m[0;33mW20250902 00:26:18.300803 140157654136576 tool.cpp:1902] rocprofv3_error_signal_handler caught signal 11...
[m# ---- Run standalone_attn_prefill_and_decode_tp8_prefill_then_decode8_1024_128_8192160 ----
INFO 09-02 00:26:24 [__init__.py:244] Automatically detected platform rocm.
[0;31mE20250902 00:26:41.510157 139773722175232 output_stream.cpp:105] Opened result file: ./profiles/standalone_attn_prefill_and_decode_tp8_prefill_then_decode8_1024_128_8192160_kernel_trace.csv
[m[0;31mE20250902 00:26:41.516277 139773722175232 output_stream.cpp:105] Opened result file: ./profiles/standalone_attn_prefill_and_decode_tp8_prefill_then_decode8_1024_128_8192160_agent_info.csv
[m[0;33mW20250902 00:26:50.566692 139773722175232 tool.cpp:1902] rocprofv3_error_signal_handler caught signal 11...
[m# ---- Run standalone_attn_prefill_and_decode_tp8_prefill_then_decode8_2048_1_256160 ----
INFO 09-02 00:26:56 [__init__.py:244] Automatically detected platform rocm.
[0;31mE20250902 00:27:14.776422 140011571517184 output_stream.cpp:105] Opened result file: ./profiles/standalone_attn_prefill_and_decode_tp8_prefill_then_decode8_2048_1_256160_kernel_trace.csv
[m[0;31mE20250902 00:27:14.782396 140011571517184 output_stream.cpp:105] Opened result file: ./profiles/standalone_attn_prefill_and_decode_tp8_prefill_then_decode8_2048_1_256160_agent_info.csv
[m[0;33mW20250902 00:27:23.251158 140011571517184 tool.cpp:1902] rocprofv3_error_signal_handler caught signal 11...
[m# ---- Run standalone_attn_prefill_and_decode_tp8_prefill_then_decode8_2048_1_512160 ----
INFO 09-02 00:27:29 [__init__.py:244] Automatically detected platform rocm.
[0;31mE20250902 00:27:47.082168 140005261907712 output_stream.cpp:105] Opened result file: ./profiles/standalone_attn_prefill_and_decode_tp8_prefill_then_decode8_2048_1_512160_kernel_trace.csv
[m[0;31mE20250902 00:27:47.089022 140005261907712 output_stream.cpp:105] Opened result file: ./profiles/standalone_attn_prefill_and_decode_tp8_prefill_then_decode8_2048_1_512160_agent_info.csv
[m[0;33mW20250902 00:27:55.515051 140005261907712 tool.cpp:1902] rocprofv3_error_signal_handler caught signal 11...
[m# ---- Run standalone_attn_prefill_and_decode_tp8_prefill_then_decode8_2048_1_1024160 ----
INFO 09-02 00:28:01 [__init__.py:244] Automatically detected platform rocm.
[0;31mE20250902 00:28:18.993262 140704524154624 output_stream.cpp:105] Opened result file: ./profiles/standalone_attn_prefill_and_decode_tp8_prefill_then_decode8_2048_1_1024160_kernel_trace.csv
[m[0;31mE20250902 00:28:19.000147 140704524154624 output_stream.cpp:105] Opened result file: ./profiles/standalone_attn_prefill_and_decode_tp8_prefill_then_decode8_2048_1_1024160_agent_info.csv
[m[0;33mW20250902 00:28:27.516059 140704524154624 tool.cpp:1902] rocprofv3_error_signal_handler caught signal 11...
[m# ---- Run standalone_attn_prefill_and_decode_tp8_prefill_then_decode8_2048_1_2048160 ----
INFO 09-02 00:28:33 [__init__.py:244] Automatically detected platform rocm.
[0;31mE20250902 00:28:51.992593 140264188659456 output_stream.cpp:105] Opened result file: ./profiles/standalone_attn_prefill_and_decode_tp8_prefill_then_decode8_2048_1_2048160_kernel_trace.csv
[m[0;31mE20250902 00:28:51.999417 140264188659456 output_stream.cpp:105] Opened result file: ./profiles/standalone_attn_prefill_and_decode_tp8_prefill_then_decode8_2048_1_2048160_agent_info.csv
[m[0;33mW20250902 00:29:00.418557 140264188659456 tool.cpp:1902] rocprofv3_error_signal_handler caught signal 11...
[m# ---- Run standalone_attn_prefill_and_decode_tp8_prefill_then_decode8_2048_1_4096160 ----
INFO 09-02 00:29:07 [__init__.py:244] Automatically detected platform rocm.
[0;31mE20250902 00:29:28.293699 140015352682240 output_stream.cpp:105] Opened result file: ./profiles/standalone_attn_prefill_and_decode_tp8_prefill_then_decode8_2048_1_4096160_kernel_trace.csv
[m[0;31mE20250902 00:29:28.300527 140015352682240 output_stream.cpp:105] Opened result file: ./profiles/standalone_attn_prefill_and_decode_tp8_prefill_then_decode8_2048_1_4096160_agent_info.csv
[m[0;33mW20250902 00:29:37.357778 140015352682240 tool.cpp:1902] rocprofv3_error_signal_handler caught signal 11...
[m# ---- Run standalone_attn_prefill_and_decode_tp8_prefill_then_decode8_2048_1_8192160 ----
INFO 09-02 00:29:44 [__init__.py:244] Automatically detected platform rocm.
[0;31mE20250902 00:30:05.570904 140447474571008 output_stream.cpp:105] Opened result file: ./profiles/standalone_attn_prefill_and_decode_tp8_prefill_then_decode8_2048_1_8192160_kernel_trace.csv
[m[0;31mE20250902 00:30:05.577856 140447474571008 output_stream.cpp:105] Opened result file: ./profiles/standalone_attn_prefill_and_decode_tp8_prefill_then_decode8_2048_1_8192160_agent_info.csv
[m[0;33mW20250902 00:30:15.458555 140447474571008 tool.cpp:1902] rocprofv3_error_signal_handler caught signal 11...
[m# ---- Run standalone_attn_prefill_and_decode_tp8_prefill_then_decode8_2048_2_256160 ----
INFO 09-02 00:30:22 [__init__.py:244] Automatically detected platform rocm.
[0;31mE20250902 00:30:44.907013 140482336331520 output_stream.cpp:105] Opened result file: ./profiles/standalone_attn_prefill_and_decode_tp8_prefill_then_decode8_2048_2_256160_kernel_trace.csv
[m[0;31mE20250902 00:30:44.913930 140482336331520 output_stream.cpp:105] Opened result file: ./profiles/standalone_attn_prefill_and_decode_tp8_prefill_then_decode8_2048_2_256160_agent_info.csv
[m[0;33mW20250902 00:30:53.983606 140482336331520 tool.cpp:1902] rocprofv3_error_signal_handler caught signal 11...
[m# ---- Run standalone_attn_prefill_and_decode_tp8_prefill_then_decode8_2048_2_512160 ----
INFO 09-02 00:31:01 [__init__.py:244] Automatically detected platform rocm.
[0;31mE20250902 00:31:20.917995 139863814330112 output_stream.cpp:105] Opened result file: ./profiles/standalone_attn_prefill_and_decode_tp8_prefill_then_decode8_2048_2_512160_kernel_trace.csv
[m[0;31mE20250902 00:31:20.924077 139863814330112 output_stream.cpp:105] Opened result file: ./profiles/standalone_attn_prefill_and_decode_tp8_prefill_then_decode8_2048_2_512160_agent_info.csv
[m[0;33mW20250902 00:31:29.805619 139863814330112 tool.cpp:1902] rocprofv3_error_signal_handler caught signal 11...
[m# ---- Run standalone_attn_prefill_and_decode_tp8_prefill_then_decode8_2048_2_1024160 ----
INFO 09-02 00:31:35 [__init__.py:244] Automatically detected platform rocm.
[0;31mE20250902 00:31:54.149376 140504838641408 output_stream.cpp:105] Opened result file: ./profiles/standalone_attn_prefill_and_decode_tp8_prefill_then_decode8_2048_2_1024160_kernel_trace.csv
[m[0;31mE20250902 00:31:54.155608 140504838641408 output_stream.cpp:105] Opened result file: ./profiles/standalone_attn_prefill_and_decode_tp8_prefill_then_decode8_2048_2_1024160_agent_info.csv
[m[0;33mW20250902 00:32:03.411198 140504838641408 tool.cpp:1902] rocprofv3_error_signal_handler caught signal 11...
[m# ---- Run standalone_attn_prefill_and_decode_tp8_prefill_then_decode8_2048_2_2048160 ----
INFO 09-02 00:32:09 [__init__.py:244] Automatically detected platform rocm.
[0;31mE20250902 00:32:29.143251 140487348643584 output_stream.cpp:105] Opened result file: ./profiles/standalone_attn_prefill_and_decode_tp8_prefill_then_decode8_2048_2_2048160_kernel_trace.csv
[m[0;31mE20250902 00:32:29.150629 140487348643584 output_stream.cpp:105] Opened result file: ./profiles/standalone_attn_prefill_and_decode_tp8_prefill_then_decode8_2048_2_2048160_agent_info.csv
[m[0;33mW20250902 00:32:38.254820 140487348643584 tool.cpp:1902] rocprofv3_error_signal_handler caught signal 11...
[m# ---- Run standalone_attn_prefill_and_decode_tp8_prefill_then_decode8_2048_2_4096160 ----
INFO 09-02 00:32:45 [__init__.py:244] Automatically detected platform rocm.
[0;31mE20250902 00:33:06.734463 140178474788608 output_stream.cpp:105] Opened result file: ./profiles/standalone_attn_prefill_and_decode_tp8_prefill_then_decode8_2048_2_4096160_kernel_trace.csv
[m[0;31mE20250902 00:33:06.742017 140178474788608 output_stream.cpp:105] Opened result file: ./profiles/standalone_attn_prefill_and_decode_tp8_prefill_then_decode8_2048_2_4096160_agent_info.csv
[m[0;33mW20250902 00:33:16.193045 140178474788608 tool.cpp:1902] rocprofv3_error_signal_handler caught signal 11...
[m# ---- Run standalone_attn_prefill_and_decode_tp8_prefill_then_decode8_2048_2_8192160 ----
INFO 09-02 00:33:23 [__init__.py:244] Automatically detected platform rocm.
[0;31mE20250902 00:33:44.575655 140228903065344 output_stream.cpp:105] Opened result file: ./profiles/standalone_attn_prefill_and_decode_tp8_prefill_then_decode8_2048_2_8192160_kernel_trace.csv
[m[0;31mE20250902 00:33:44.582567 140228903065344 output_stream.cpp:105] Opened result file: ./profiles/standalone_attn_prefill_and_decode_tp8_prefill_then_decode8_2048_2_8192160_agent_info.csv
[m[0;33mW20250902 00:33:53.793745 140228903065344 tool.cpp:1902] rocprofv3_error_signal_handler caught signal 11...
[m# ---- Run standalone_attn_prefill_and_decode_tp8_prefill_then_decode8_2048_4_256160 ----
INFO 09-02 00:34:00 [__init__.py:244] Automatically detected platform rocm.
[0;31mE20250902 00:34:20.009642 140700018427648 output_stream.cpp:105] Opened result file: ./profiles/standalone_attn_prefill_and_decode_tp8_prefill_then_decode8_2048_4_256160_kernel_trace.csv
[m[0;31mE20250902 00:34:20.015633 140700018427648 output_stream.cpp:105] Opened result file: ./profiles/standalone_attn_prefill_and_decode_tp8_prefill_then_decode8_2048_4_256160_agent_info.csv
[m[0;33mW20250902 00:34:28.395339 140700018427648 tool.cpp:1902] rocprofv3_error_signal_handler caught signal 11...
[m# ---- Run standalone_attn_prefill_and_decode_tp8_prefill_then_decode8_2048_4_512160 ----
INFO 09-02 00:34:34 [__init__.py:244] Automatically detected platform rocm.
[0;31mE20250902 00:34:53.349044 140103191271168 output_stream.cpp:105] Opened result file: ./profiles/standalone_attn_prefill_and_decode_tp8_prefill_then_decode8_2048_4_512160_kernel_trace.csv
[m[0;31mE20250902 00:34:53.355231 140103191271168 output_stream.cpp:105] Opened result file: ./profiles/standalone_attn_prefill_and_decode_tp8_prefill_then_decode8_2048_4_512160_agent_info.csv
[m[0;33mW20250902 00:35:02.547072 140103191271168 tool.cpp:1902] rocprofv3_error_signal_handler caught signal 11...
[m# ---- Run standalone_attn_prefill_and_decode_tp8_prefill_then_decode8_2048_4_1024160 ----
INFO 09-02 00:35:08 [__init__.py:244] Automatically detected platform rocm.
[0;31mE20250902 00:35:26.407718 140401094641408 output_stream.cpp:105] Opened result file: ./profiles/standalone_attn_prefill_and_decode_tp8_prefill_then_decode8_2048_4_1024160_kernel_trace.csv
[m[0;31mE20250902 00:35:26.413617 140401094641408 output_stream.cpp:105] Opened result file: ./profiles/standalone_attn_prefill_and_decode_tp8_prefill_then_decode8_2048_4_1024160_agent_info.csv
[m[0;33mW20250902 00:35:34.813335 140401094641408 tool.cpp:1902] rocprofv3_error_signal_handler caught signal 11...
[m# ---- Run standalone_attn_prefill_and_decode_tp8_prefill_then_decode8_2048_4_2048160 ----
INFO 09-02 00:35:40 [__init__.py:244] Automatically detected platform rocm.
[0;31mE20250902 00:35:58.184092 139769046767360 output_stream.cpp:105] Opened result file: ./profiles/standalone_attn_prefill_and_decode_tp8_prefill_then_decode8_2048_4_2048160_kernel_trace.csv
[m[0;31mE20250902 00:35:58.190270 139769046767360 output_stream.cpp:105] Opened result file: ./profiles/standalone_attn_prefill_and_decode_tp8_prefill_then_decode8_2048_4_2048160_agent_info.csv
[m[0;33mW20250902 00:36:07.025679 139769046767360 tool.cpp:1902] rocprofv3_error_signal_handler caught signal 11...
[m# ---- Run standalone_attn_prefill_and_decode_tp8_prefill_then_decode8_2048_4_4096160 ----
INFO 09-02 00:36:12 [__init__.py:244] Automatically detected platform rocm.
[0;31mE20250902 00:36:30.693069 140267074541312 output_stream.cpp:105] Opened result file: ./profiles/standalone_attn_prefill_and_decode_tp8_prefill_then_decode8_2048_4_4096160_kernel_trace.csv
[m[0;31mE20250902 00:36:30.699112 140267074541312 output_stream.cpp:105] Opened result file: ./profiles/standalone_attn_prefill_and_decode_tp8_prefill_then_decode8_2048_4_4096160_agent_info.csv
[m[0;33mW20250902 00:36:39.553344 140267074541312 tool.cpp:1902] rocprofv3_error_signal_handler caught signal 11...
[m# ---- Run standalone_attn_prefill_and_decode_tp8_prefill_then_decode8_2048_4_8192160 ----
INFO 09-02 00:36:45 [__init__.py:244] Automatically detected platform rocm.
[0;31mE20250902 00:37:03.062973 139989892814592 output_stream.cpp:105] Opened result file: ./profiles/standalone_attn_prefill_and_decode_tp8_prefill_then_decode8_2048_4_8192160_kernel_trace.csv
[m[0;31mE20250902 00:37:03.069092 139989892814592 output_stream.cpp:105] Opened result file: ./profiles/standalone_attn_prefill_and_decode_tp8_prefill_then_decode8_2048_4_8192160_agent_info.csv
[m[0;33mW20250902 00:37:12.141653 139989892814592 tool.cpp:1902] rocprofv3_error_signal_handler caught signal 11...
[m# ---- Run standalone_attn_prefill_and_decode_tp8_prefill_then_decode8_2048_8_256160 ----
INFO 09-02 00:37:18 [__init__.py:244] Automatically detected platform rocm.
[0;31mE20250902 00:37:35.600426 139686763882240 output_stream.cpp:105] Opened result file: ./profiles/standalone_attn_prefill_and_decode_tp8_prefill_then_decode8_2048_8_256160_kernel_trace.csv
[m[0;31mE20250902 00:37:35.606759 139686763882240 output_stream.cpp:105] Opened result file: ./profiles/standalone_attn_prefill_and_decode_tp8_prefill_then_decode8_2048_8_256160_agent_info.csv
[m[0;33mW20250902 00:37:44.663412 139686763882240 tool.cpp:1902] rocprofv3_error_signal_handler caught signal 11...
[m# ---- Run standalone_attn_prefill_and_decode_tp8_prefill_then_decode8_2048_8_512160 ----
INFO 09-02 00:37:50 [__init__.py:244] Automatically detected platform rocm.
[0;31mE20250902 00:38:08.438377 140506978801408 output_stream.cpp:105] Opened result file: ./profiles/standalone_attn_prefill_and_decode_tp8_prefill_then_decode8_2048_8_512160_kernel_trace.csv
[m[0;31mE20250902 00:38:08.445221 140506978801408 output_stream.cpp:105] Opened result file: ./profiles/standalone_attn_prefill_and_decode_tp8_prefill_then_decode8_2048_8_512160_agent_info.csv
[m[0;33mW20250902 00:38:17.590065 140506978801408 tool.cpp:1902] rocprofv3_error_signal_handler caught signal 11...
[m# ---- Run standalone_attn_prefill_and_decode_tp8_prefill_then_decode8_2048_8_1024160 ----
INFO 09-02 00:38:23 [__init__.py:244] Automatically detected platform rocm.
[0;31mE20250902 00:38:43.760876 140569987729152 output_stream.cpp:105] Opened result file: ./profiles/standalone_attn_prefill_and_decode_tp8_prefill_then_decode8_2048_8_1024160_kernel_trace.csv
[m[0;31mE20250902 00:38:43.767872 140569987729152 output_stream.cpp:105] Opened result file: ./profiles/standalone_attn_prefill_and_decode_tp8_prefill_then_decode8_2048_8_1024160_agent_info.csv
[m[0;33mW20250902 00:38:52.425721 140569987729152 tool.cpp:1902] rocprofv3_error_signal_handler caught signal 11...
[m# ---- Run standalone_attn_prefill_and_decode_tp8_prefill_then_decode8_2048_8_2048160 ----
INFO 09-02 00:38:58 [__init__.py:244] Automatically detected platform rocm.
[0;31mE20250902 00:39:15.582739 139964361721600 output_stream.cpp:105] Opened result file: ./profiles/standalone_attn_prefill_and_decode_tp8_prefill_then_decode8_2048_8_2048160_kernel_trace.csv
[m[0;31mE20250902 00:39:15.589441 139964361721600 output_stream.cpp:105] Opened result file: ./profiles/standalone_attn_prefill_and_decode_tp8_prefill_then_decode8_2048_8_2048160_agent_info.csv
[m[0;33mW20250902 00:39:24.252106 139964361721600 tool.cpp:1902] rocprofv3_error_signal_handler caught signal 11...
[m# ---- Run standalone_attn_prefill_and_decode_tp8_prefill_then_decode8_2048_8_4096160 ----
INFO 09-02 00:39:30 [__init__.py:244] Automatically detected platform rocm.
[0;31mE20250902 00:39:47.589885 139622040471296 output_stream.cpp:105] Opened result file: ./profiles/standalone_attn_prefill_and_decode_tp8_prefill_then_decode8_2048_8_4096160_kernel_trace.csv
[m[0;31mE20250902 00:39:47.597003 139622040471296 output_stream.cpp:105] Opened result file: ./profiles/standalone_attn_prefill_and_decode_tp8_prefill_then_decode8_2048_8_4096160_agent_info.csv
[m[0;33mW20250902 00:39:56.043809 139622040471296 tool.cpp:1902] rocprofv3_error_signal_handler caught signal 11...
[m# ---- Run standalone_attn_prefill_and_decode_tp8_prefill_then_decode8_2048_8_8192160 ----
INFO 09-02 00:40:01 [__init__.py:244] Automatically detected platform rocm.
[0;31mE20250902 00:40:18.896694 140159943640832 output_stream.cpp:105] Opened result file: ./profiles/standalone_attn_prefill_and_decode_tp8_prefill_then_decode8_2048_8_8192160_kernel_trace.csv
[m[0;31mE20250902 00:40:18.903179 140159943640832 output_stream.cpp:105] Opened result file: ./profiles/standalone_attn_prefill_and_decode_tp8_prefill_then_decode8_2048_8_8192160_agent_info.csv
[m[0;33mW20250902 00:40:27.688474 140159943640832 tool.cpp:1902] rocprofv3_error_signal_handler caught signal 11...
[m# ---- Run standalone_attn_prefill_and_decode_tp8_prefill_then_decode8_2048_16_256160 ----
INFO 09-02 00:40:33 [__init__.py:244] Automatically detected platform rocm.
[0;31mE20250902 00:40:50.940845 140302923761408 output_stream.cpp:105] Opened result file: ./profiles/standalone_attn_prefill_and_decode_tp8_prefill_then_decode8_2048_16_256160_kernel_trace.csv
[m[0;31mE20250902 00:40:50.947692 140302923761408 output_stream.cpp:105] Opened result file: ./profiles/standalone_attn_prefill_and_decode_tp8_prefill_then_decode8_2048_16_256160_agent_info.csv
[m[0;33mW20250902 00:40:59.914448 140302923761408 tool.cpp:1902] rocprofv3_error_signal_handler caught signal 11...
[m# ---- Run standalone_attn_prefill_and_decode_tp8_prefill_then_decode8_2048_16_512160 ----
INFO 09-02 00:41:05 [__init__.py:244] Automatically detected platform rocm.
[0;31mE20250902 00:41:23.498438 140709938165504 output_stream.cpp:105] Opened result file: ./profiles/standalone_attn_prefill_and_decode_tp8_prefill_then_decode8_2048_16_512160_kernel_trace.csv
[m[0;31mE20250902 00:41:23.505283 140709938165504 output_stream.cpp:105] Opened result file: ./profiles/standalone_attn_prefill_and_decode_tp8_prefill_then_decode8_2048_16_512160_agent_info.csv
[m[0;33mW20250902 00:41:32.013953 140709938165504 tool.cpp:1902] rocprofv3_error_signal_handler caught signal 11...
[m# ---- Run standalone_attn_prefill_and_decode_tp8_prefill_then_decode8_2048_16_1024160 ----
INFO 09-02 00:41:37 [__init__.py:244] Automatically detected platform rocm.
[0;31mE20250902 00:41:55.373188 140707809294080 output_stream.cpp:105] Opened result file: ./profiles/standalone_attn_prefill_and_decode_tp8_prefill_then_decode8_2048_16_1024160_kernel_trace.csv
[m[0;31mE20250902 00:41:55.380167 140707809294080 output_stream.cpp:105] Opened result file: ./profiles/standalone_attn_prefill_and_decode_tp8_prefill_then_decode8_2048_16_1024160_agent_info.csv
[m[0;33mW20250902 00:42:04.539266 140707809294080 tool.cpp:1902] rocprofv3_error_signal_handler caught signal 11...
[m# ---- Run standalone_attn_prefill_and_decode_tp8_prefill_then_decode8_2048_16_2048160 ----
INFO 09-02 00:42:10 [__init__.py:244] Automatically detected platform rocm.
[0;31mE20250902 00:42:27.825794 140575824054016 output_stream.cpp:105] Opened result file: ./profiles/standalone_attn_prefill_and_decode_tp8_prefill_then_decode8_2048_16_2048160_kernel_trace.csv
[m[0;31mE20250902 00:42:27.832875 140575824054016 output_stream.cpp:105] Opened result file: ./profiles/standalone_attn_prefill_and_decode_tp8_prefill_then_decode8_2048_16_2048160_agent_info.csv
[m[0;33mW20250902 00:42:36.426467 140575824054016 tool.cpp:1902] rocprofv3_error_signal_handler caught signal 11...
[m# ---- Run standalone_attn_prefill_and_decode_tp8_prefill_then_decode8_2048_16_4096160 ----
INFO 09-02 00:42:42 [__init__.py:244] Automatically detected platform rocm.
[0;31mE20250902 00:43:02.587125 140066297939712 output_stream.cpp:105] Opened result file: ./profiles/standalone_attn_prefill_and_decode_tp8_prefill_then_decode8_2048_16_4096160_kernel_trace.csv
[m[0;31mE20250902 00:43:02.594126 140066297939712 output_stream.cpp:105] Opened result file: ./profiles/standalone_attn_prefill_and_decode_tp8_prefill_then_decode8_2048_16_4096160_agent_info.csv
[m[0;33mW20250902 00:43:12.204853 140066297939712 tool.cpp:1902] rocprofv3_error_signal_handler caught signal 11...
[m# ---- Run standalone_attn_prefill_and_decode_tp8_prefill_then_decode8_2048_16_8192160 ----
INFO 09-02 00:43:19 [__init__.py:244] Automatically detected platform rocm.
[0;31mE20250902 00:43:38.680291 139937907349248 output_stream.cpp:105] Opened result file: ./profiles/standalone_attn_prefill_and_decode_tp8_prefill_then_decode8_2048_16_8192160_kernel_trace.csv
[m[0;31mE20250902 00:43:38.687215 139937907349248 output_stream.cpp:105] Opened result file: ./profiles/standalone_attn_prefill_and_decode_tp8_prefill_then_decode8_2048_16_8192160_agent_info.csv
[m[0;33mW20250902 00:43:47.181874 139937907349248 tool.cpp:1902] rocprofv3_error_signal_handler caught signal 11...
[m# ---- Run standalone_attn_prefill_and_decode_tp8_prefill_then_decode8_2048_32_256160 ----
INFO 09-02 00:43:52 [__init__.py:244] Automatically detected platform rocm.
[0;31mE20250902 00:44:10.304940 140571178678016 output_stream.cpp:105] Opened result file: ./profiles/standalone_attn_prefill_and_decode_tp8_prefill_then_decode8_2048_32_256160_kernel_trace.csv
[m[0;31mE20250902 00:44:10.311394 140571178678016 output_stream.cpp:105] Opened result file: ./profiles/standalone_attn_prefill_and_decode_tp8_prefill_then_decode8_2048_32_256160_agent_info.csv
[m[0;33mW20250902 00:44:19.288667 140571178678016 tool.cpp:1902] rocprofv3_error_signal_handler caught signal 11...
[m# ---- Run standalone_attn_prefill_and_decode_tp8_prefill_then_decode8_2048_32_512160 ----
INFO 09-02 00:44:24 [__init__.py:244] Automatically detected platform rocm.
[0;31mE20250902 00:44:42.746272 140521187952384 output_stream.cpp:105] Opened result file: ./profiles/standalone_attn_prefill_and_decode_tp8_prefill_then_decode8_2048_32_512160_kernel_trace.csv
[m[0;31mE20250902 00:44:42.753102 140521187952384 output_stream.cpp:105] Opened result file: ./profiles/standalone_attn_prefill_and_decode_tp8_prefill_then_decode8_2048_32_512160_agent_info.csv
[m[0;33mW20250902 00:44:51.670836 140521187952384 tool.cpp:1902] rocprofv3_error_signal_handler caught signal 11...
[m# ---- Run standalone_attn_prefill_and_decode_tp8_prefill_then_decode8_2048_32_1024160 ----
INFO 09-02 00:44:57 [__init__.py:244] Automatically detected platform rocm.
[0;31mE20250902 00:45:14.997216 139857201968896 output_stream.cpp:105] Opened result file: ./profiles/standalone_attn_prefill_and_decode_tp8_prefill_then_decode8_2048_32_1024160_kernel_trace.csv
[m[0;31mE20250902 00:45:15.003308 139857201968896 output_stream.cpp:105] Opened result file: ./profiles/standalone_attn_prefill_and_decode_tp8_prefill_then_decode8_2048_32_1024160_agent_info.csv
[m[0;33mW20250902 00:45:23.742941 139857201968896 tool.cpp:1902] rocprofv3_error_signal_handler caught signal 11...
[m# ---- Run standalone_attn_prefill_and_decode_tp8_prefill_then_decode8_2048_32_2048160 ----
INFO 09-02 00:45:29 [__init__.py:244] Automatically detected platform rocm.
[0;31mE20250902 00:45:47.448896 140587244975872 output_stream.cpp:105] Opened result file: ./profiles/standalone_attn_prefill_and_decode_tp8_prefill_then_decode8_2048_32_2048160_kernel_trace.csv
[m[0;31mE20250902 00:45:47.455128 140587244975872 output_stream.cpp:105] Opened result file: ./profiles/standalone_attn_prefill_and_decode_tp8_prefill_then_decode8_2048_32_2048160_agent_info.csv
[m[0;33mW20250902 00:45:56.854463 140587244975872 tool.cpp:1902] rocprofv3_error_signal_handler caught signal 11...
[m# ---- Run standalone_attn_prefill_and_decode_tp8_prefill_then_decode8_2048_32_4096160 ----
INFO 09-02 00:46:02 [__init__.py:244] Automatically detected platform rocm.
[0;31mE20250902 00:46:20.935242 140684630464256 output_stream.cpp:105] Opened result file: ./profiles/standalone_attn_prefill_and_decode_tp8_prefill_then_decode8_2048_32_4096160_kernel_trace.csv
[m[0;31mE20250902 00:46:20.941361 140684630464256 output_stream.cpp:105] Opened result file: ./profiles/standalone_attn_prefill_and_decode_tp8_prefill_then_decode8_2048_32_4096160_agent_info.csv
[m[0;33mW20250902 00:46:29.986301 140684630464256 tool.cpp:1902] rocprofv3_error_signal_handler caught signal 11...
[m# ---- Run standalone_attn_prefill_and_decode_tp8_prefill_then_decode8_2048_32_8192160 ----
INFO 09-02 00:46:35 [__init__.py:244] Automatically detected platform rocm.
[0;31mE20250902 00:46:54.280581 140539579832064 output_stream.cpp:105] Opened result file: ./profiles/standalone_attn_prefill_and_decode_tp8_prefill_then_decode8_2048_32_8192160_kernel_trace.csv
[m[0;31mE20250902 00:46:54.286810 140539579832064 output_stream.cpp:105] Opened result file: ./profiles/standalone_attn_prefill_and_decode_tp8_prefill_then_decode8_2048_32_8192160_agent_info.csv
[m[0;33mW20250902 00:47:03.114403 140539579832064 tool.cpp:1902] rocprofv3_error_signal_handler caught signal 11...
[m# ---- Run standalone_attn_prefill_and_decode_tp8_prefill_then_decode8_2048_64_256160 ----
INFO 09-02 00:47:09 [__init__.py:244] Automatically detected platform rocm.
[0;31mE20250902 00:47:27.305362 140059926759168 output_stream.cpp:105] Opened result file: ./profiles/standalone_attn_prefill_and_decode_tp8_prefill_then_decode8_2048_64_256160_kernel_trace.csv
[m[0;31mE20250902 00:47:27.311401 140059926759168 output_stream.cpp:105] Opened result file: ./profiles/standalone_attn_prefill_and_decode_tp8_prefill_then_decode8_2048_64_256160_agent_info.csv
[m[0;33mW20250902 00:47:35.500994 140059926759168 tool.cpp:1902] rocprofv3_error_signal_handler caught signal 11...
[m# ---- Run standalone_attn_prefill_and_decode_tp8_prefill_then_decode8_2048_64_512160 ----
INFO 09-02 00:47:41 [__init__.py:244] Automatically detected platform rocm.
[0;31mE20250902 00:47:59.793223 140503687964416 output_stream.cpp:105] Opened result file: ./profiles/standalone_attn_prefill_and_decode_tp8_prefill_then_decode8_2048_64_512160_kernel_trace.csv
[m[0;31mE20250902 00:47:59.799292 140503687964416 output_stream.cpp:105] Opened result file: ./profiles/standalone_attn_prefill_and_decode_tp8_prefill_then_decode8_2048_64_512160_agent_info.csv
[m[0;33mW20250902 00:48:08.284255 140503687964416 tool.cpp:1902] rocprofv3_error_signal_handler caught signal 11...
[m# ---- Run standalone_attn_prefill_and_decode_tp8_prefill_then_decode8_2048_64_1024160 ----
INFO 09-02 00:48:14 [__init__.py:244] Automatically detected platform rocm.
[0;31mE20250902 00:48:32.580249 140296212154112 output_stream.cpp:105] Opened result file: ./profiles/standalone_attn_prefill_and_decode_tp8_prefill_then_decode8_2048_64_1024160_kernel_trace.csv
[m[0;31mE20250902 00:48:32.586625 140296212154112 output_stream.cpp:105] Opened result file: ./profiles/standalone_attn_prefill_and_decode_tp8_prefill_then_decode8_2048_64_1024160_agent_info.csv
[m[0;33mW20250902 00:48:41.183362 140296212154112 tool.cpp:1902] rocprofv3_error_signal_handler caught signal 11...
[m# ---- Run standalone_attn_prefill_and_decode_tp8_prefill_then_decode8_2048_64_2048160 ----
INFO 09-02 00:48:47 [__init__.py:244] Automatically detected platform rocm.
[0;31mE20250902 00:49:05.781570 139653691102976 output_stream.cpp:105] Opened result file: ./profiles/standalone_attn_prefill_and_decode_tp8_prefill_then_decode8_2048_64_2048160_kernel_trace.csv
[m[0;31mE20250902 00:49:05.787747 139653691102976 output_stream.cpp:105] Opened result file: ./profiles/standalone_attn_prefill_and_decode_tp8_prefill_then_decode8_2048_64_2048160_agent_info.csv
[m[0;33mW20250902 00:49:14.702965 139653691102976 tool.cpp:1902] rocprofv3_error_signal_handler caught signal 11...
[m# ---- Run standalone_attn_prefill_and_decode_tp8_prefill_then_decode8_2048_64_4096160 ----
INFO 09-02 00:49:20 [__init__.py:244] Automatically detected platform rocm.
[0;31mE20250902 00:49:38.726080 139975480788736 output_stream.cpp:105] Opened result file: ./profiles/standalone_attn_prefill_and_decode_tp8_prefill_then_decode8_2048_64_4096160_kernel_trace.csv
[m[0;31mE20250902 00:49:38.732181 139975480788736 output_stream.cpp:105] Opened result file: ./profiles/standalone_attn_prefill_and_decode_tp8_prefill_then_decode8_2048_64_4096160_agent_info.csv
[m[0;33mW20250902 00:49:47.604891 139975480788736 tool.cpp:1902] rocprofv3_error_signal_handler caught signal 11...
[m# ---- Run standalone_attn_prefill_and_decode_tp8_prefill_then_decode8_2048_64_8192160 ----
INFO 09-02 00:49:53 [__init__.py:244] Automatically detected platform rocm.
[0;31mE20250902 00:50:11.364552 140175684224768 output_stream.cpp:105] Opened result file: ./profiles/standalone_attn_prefill_and_decode_tp8_prefill_then_decode8_2048_64_8192160_kernel_trace.csv
[m[0;31mE20250902 00:50:11.370838 140175684224768 output_stream.cpp:105] Opened result file: ./profiles/standalone_attn_prefill_and_decode_tp8_prefill_then_decode8_2048_64_8192160_agent_info.csv
[m[0;33mW20250902 00:50:20.137533 140175684224768 tool.cpp:1902] rocprofv3_error_signal_handler caught signal 11...
[m# ---- Run standalone_attn_prefill_and_decode_tp8_prefill_then_decode8_2048_128_256160 ----
INFO 09-02 00:50:26 [__init__.py:244] Automatically detected platform rocm.
[0;31mE20250902 00:50:43.093867 140156254562048 output_stream.cpp:105] Opened result file: ./profiles/standalone_attn_prefill_and_decode_tp8_prefill_then_decode8_2048_128_256160_kernel_trace.csv
[m[0;31mE20250902 00:50:43.100123 140156254562048 output_stream.cpp:105] Opened result file: ./profiles/standalone_attn_prefill_and_decode_tp8_prefill_then_decode8_2048_128_256160_agent_info.csv
[m[0;33mW20250902 00:50:51.465376 140156254562048 tool.cpp:1902] rocprofv3_error_signal_handler caught signal 11...
[m# ---- Run standalone_attn_prefill_and_decode_tp8_prefill_then_decode8_2048_128_512160 ----
INFO 09-02 00:50:57 [__init__.py:244] Automatically detected platform rocm.
[0;31mE20250902 00:51:14.353590 140027429754624 output_stream.cpp:105] Opened result file: ./profiles/standalone_attn_prefill_and_decode_tp8_prefill_then_decode8_2048_128_512160_kernel_trace.csv
[m[0;31mE20250902 00:51:14.360647 140027429754624 output_stream.cpp:105] Opened result file: ./profiles/standalone_attn_prefill_and_decode_tp8_prefill_then_decode8_2048_128_512160_agent_info.csv
[m[0;33mW20250902 00:51:22.767357 140027429754624 tool.cpp:1902] rocprofv3_error_signal_handler caught signal 11...
[m# ---- Run standalone_attn_prefill_and_decode_tp8_prefill_then_decode8_2048_128_1024160 ----
INFO 09-02 00:51:28 [__init__.py:244] Automatically detected platform rocm.
[0;31mE20250902 00:51:45.715868 140222870034176 output_stream.cpp:105] Opened result file: ./profiles/standalone_attn_prefill_and_decode_tp8_prefill_then_decode8_2048_128_1024160_kernel_trace.csv
[m[0;31mE20250902 00:51:45.722408 140222870034176 output_stream.cpp:105] Opened result file: ./profiles/standalone_attn_prefill_and_decode_tp8_prefill_then_decode8_2048_128_1024160_agent_info.csv
[m[0;33mW20250902 00:51:54.506071 140222870034176 tool.cpp:1902] rocprofv3_error_signal_handler caught signal 11...
[m# ---- Run standalone_attn_prefill_and_decode_tp8_prefill_then_decode8_2048_128_2048160 ----
INFO 09-02 00:52:00 [__init__.py:244] Automatically detected platform rocm.
[0;31mE20250902 00:52:17.261530 139848637134592 output_stream.cpp:105] Opened result file: ./profiles/standalone_attn_prefill_and_decode_tp8_prefill_then_decode8_2048_128_2048160_kernel_trace.csv
[m[0;31mE20250902 00:52:17.267569 139848637134592 output_stream.cpp:105] Opened result file: ./profiles/standalone_attn_prefill_and_decode_tp8_prefill_then_decode8_2048_128_2048160_agent_info.csv
[m[0;33mW20250902 00:52:25.983964 139848637134592 tool.cpp:1902] rocprofv3_error_signal_handler caught signal 11...
[m# ---- Run standalone_attn_prefill_and_decode_tp8_prefill_then_decode8_2048_128_4096160 ----
INFO 09-02 00:52:31 [__init__.py:244] Automatically detected platform rocm.
[0;31mE20250902 00:52:49.150548 139652194969344 output_stream.cpp:105] Opened result file: ./profiles/standalone_attn_prefill_and_decode_tp8_prefill_then_decode8_2048_128_4096160_kernel_trace.csv
[m[0;31mE20250902 00:52:49.156575 139652194969344 output_stream.cpp:105] Opened result file: ./profiles/standalone_attn_prefill_and_decode_tp8_prefill_then_decode8_2048_128_4096160_agent_info.csv
[m[0;33mW20250902 00:52:57.566964 139652194969344 tool.cpp:1902] rocprofv3_error_signal_handler caught signal 11...
[m# ---- Run standalone_attn_prefill_and_decode_tp8_prefill_then_decode8_2048_128_8192160 ----
INFO 09-02 00:53:03 [__init__.py:244] Automatically detected platform rocm.
[0;31mE20250902 00:53:21.109039 139779159897856 output_stream.cpp:105] Opened result file: ./profiles/standalone_attn_prefill_and_decode_tp8_prefill_then_decode8_2048_128_8192160_kernel_trace.csv
[m[0;31mE20250902 00:53:21.115264 139779159897856 output_stream.cpp:105] Opened result file: ./profiles/standalone_attn_prefill_and_decode_tp8_prefill_then_decode8_2048_128_8192160_agent_info.csv
[m[0;33mW20250902 00:53:29.945838 139779159897856 tool.cpp:1902] rocprofv3_error_signal_handler caught signal 11...
[m# ---- Run standalone_attn_prefill_and_decode_tp8_prefill_then_decode8_4096_1_256160 ----
INFO 09-02 00:53:36 [__init__.py:244] Automatically detected platform rocm.
[0;31mE20250902 00:53:56.836607 140547428349696 output_stream.cpp:105] Opened result file: ./profiles/standalone_attn_prefill_and_decode_tp8_prefill_then_decode8_4096_1_256160_kernel_trace.csv
[m[0;31mE20250902 00:53:56.843627 140547428349696 output_stream.cpp:105] Opened result file: ./profiles/standalone_attn_prefill_and_decode_tp8_prefill_then_decode8_4096_1_256160_agent_info.csv
[m[0;33mW20250902 00:54:06.542071 140547428349696 tool.cpp:1902] rocprofv3_error_signal_handler caught signal 11...
[m# ---- Run standalone_attn_prefill_and_decode_tp8_prefill_then_decode8_4096_1_512160 ----
INFO 09-02 00:54:13 [__init__.py:244] Automatically detected platform rocm.
[0;31mE20250902 00:54:32.825438 140426516678400 output_stream.cpp:105] Opened result file: ./profiles/standalone_attn_prefill_and_decode_tp8_prefill_then_decode8_4096_1_512160_kernel_trace.csv
[m[0;31mE20250902 00:54:32.831730 140426516678400 output_stream.cpp:105] Opened result file: ./profiles/standalone_attn_prefill_and_decode_tp8_prefill_then_decode8_4096_1_512160_agent_info.csv
[m[0;33mW20250902 00:54:41.806492 140426516678400 tool.cpp:1902] rocprofv3_error_signal_handler caught signal 11...
[m# ---- Run standalone_attn_prefill_and_decode_tp8_prefill_then_decode8_4096_1_1024160 ----
INFO 09-02 00:54:48 [__init__.py:244] Automatically detected platform rocm.
[0;31mE20250902 00:55:08.162021 140196392249088 output_stream.cpp:105] Opened result file: ./profiles/standalone_attn_prefill_and_decode_tp8_prefill_then_decode8_4096_1_1024160_kernel_trace.csv
[m[0;31mE20250902 00:55:08.169172 140196392249088 output_stream.cpp:105] Opened result file: ./profiles/standalone_attn_prefill_and_decode_tp8_prefill_then_decode8_4096_1_1024160_agent_info.csv
[m[0;33mW20250902 00:55:17.678957 140196392249088 tool.cpp:1902] rocprofv3_error_signal_handler caught signal 11...
[m# ---- Run standalone_attn_prefill_and_decode_tp8_prefill_then_decode8_4096_1_2048160 ----
INFO 09-02 00:55:25 [__init__.py:244] Automatically detected platform rocm.
[0;31mE20250902 00:55:43.737585 140572044011264 output_stream.cpp:105] Opened result file: ./profiles/standalone_attn_prefill_and_decode_tp8_prefill_then_decode8_4096_1_2048160_kernel_trace.csv
[m[0;31mE20250902 00:55:43.744976 140572044011264 output_stream.cpp:105] Opened result file: ./profiles/standalone_attn_prefill_and_decode_tp8_prefill_then_decode8_4096_1_2048160_agent_info.csv
[m[0;33mW20250902 00:55:52.791318 140572044011264 tool.cpp:1902] rocprofv3_error_signal_handler caught signal 11...
[m# ---- Run standalone_attn_prefill_and_decode_tp8_prefill_then_decode8_4096_1_4096160 ----
INFO 09-02 00:55:58 [__init__.py:244] Automatically detected platform rocm.
[0;31mE20250902 00:56:16.612122 140437277992704 output_stream.cpp:105] Opened result file: ./profiles/standalone_attn_prefill_and_decode_tp8_prefill_then_decode8_4096_1_4096160_kernel_trace.csv
[m[0;31mE20250902 00:56:16.619075 140437277992704 output_stream.cpp:105] Opened result file: ./profiles/standalone_attn_prefill_and_decode_tp8_prefill_then_decode8_4096_1_4096160_agent_info.csv
[m[0;33mW20250902 00:56:25.320701 140437277992704 tool.cpp:1902] rocprofv3_error_signal_handler caught signal 11...
[m# ---- Run standalone_attn_prefill_and_decode_tp8_prefill_then_decode8_4096_1_8192160 ----
INFO 09-02 00:56:31 [__init__.py:244] Automatically detected platform rocm.
[0;31mE20250902 00:56:49.471475 139752509990656 output_stream.cpp:105] Opened result file: ./profiles/standalone_attn_prefill_and_decode_tp8_prefill_then_decode8_4096_1_8192160_kernel_trace.csv
[m[0;31mE20250902 00:56:49.478538 139752509990656 output_stream.cpp:105] Opened result file: ./profiles/standalone_attn_prefill_and_decode_tp8_prefill_then_decode8_4096_1_8192160_agent_info.csv
[m[0;33mW20250902 00:56:58.469435 139752509990656 tool.cpp:1902] rocprofv3_error_signal_handler caught signal 11...
[m# ---- Run standalone_attn_prefill_and_decode_tp8_prefill_then_decode8_4096_2_256160 ----
INFO 09-02 00:57:04 [__init__.py:244] Automatically detected platform rocm.
[0;31mE20250902 00:57:22.339593 140556097402624 output_stream.cpp:105] Opened result file: ./profiles/standalone_attn_prefill_and_decode_tp8_prefill_then_decode8_4096_2_256160_kernel_trace.csv
[m[0;31mE20250902 00:57:22.346958 140556097402624 output_stream.cpp:105] Opened result file: ./profiles/standalone_attn_prefill_and_decode_tp8_prefill_then_decode8_4096_2_256160_agent_info.csv
[m[0;33mW20250902 00:57:31.082058 140556097402624 tool.cpp:1902] rocprofv3_error_signal_handler caught signal 11...
[m# ---- Run standalone_attn_prefill_and_decode_tp8_prefill_then_decode8_4096_2_512160 ----
INFO 09-02 00:57:37 [__init__.py:244] Automatically detected platform rocm.
[0;31mE20250902 00:57:55.318773 140114409654016 output_stream.cpp:105] Opened result file: ./profiles/standalone_attn_prefill_and_decode_tp8_prefill_then_decode8_4096_2_512160_kernel_trace.csv
[m[0;31mE20250902 00:57:55.324636 140114409654016 output_stream.cpp:105] Opened result file: ./profiles/standalone_attn_prefill_and_decode_tp8_prefill_then_decode8_4096_2_512160_agent_info.csv
[m[0;33mW20250902 00:58:03.986590 140114409654016 tool.cpp:1902] rocprofv3_error_signal_handler caught signal 11...
[m# ---- Run standalone_attn_prefill_and_decode_tp8_prefill_then_decode8_4096_2_1024160 ----
INFO 09-02 00:58:10 [__init__.py:244] Automatically detected platform rocm.
[0;31mE20250902 00:58:28.554853 139750806902528 output_stream.cpp:105] Opened result file: ./profiles/standalone_attn_prefill_and_decode_tp8_prefill_then_decode8_4096_2_1024160_kernel_trace.csv
[m[0;31mE20250902 00:58:28.560947 139750806902528 output_stream.cpp:105] Opened result file: ./profiles/standalone_attn_prefill_and_decode_tp8_prefill_then_decode8_4096_2_1024160_agent_info.csv
[m[0;33mW20250902 00:58:37.531636 139750806902528 tool.cpp:1902] rocprofv3_error_signal_handler caught signal 11...
[m# ---- Run standalone_attn_prefill_and_decode_tp8_prefill_then_decode8_4096_2_2048160 ----
INFO 09-02 00:58:43 [__init__.py:244] Automatically detected platform rocm.
[0;31mE20250902 00:59:02.209856 140303745795840 output_stream.cpp:105] Opened result file: ./profiles/standalone_attn_prefill_and_decode_tp8_prefill_then_decode8_4096_2_2048160_kernel_trace.csv
[m[0;31mE20250902 00:59:02.216143 140303745795840 output_stream.cpp:105] Opened result file: ./profiles/standalone_attn_prefill_and_decode_tp8_prefill_then_decode8_4096_2_2048160_agent_info.csv
[m[0;33mW20250902 00:59:11.037404 140303745795840 tool.cpp:1902] rocprofv3_error_signal_handler caught signal 11...
[m# ---- Run standalone_attn_prefill_and_decode_tp8_prefill_then_decode8_4096_2_4096160 ----
INFO 09-02 00:59:17 [__init__.py:244] Automatically detected platform rocm.
[0;31mE20250902 00:59:35.813782 140476999522048 output_stream.cpp:105] Opened result file: ./profiles/standalone_attn_prefill_and_decode_tp8_prefill_then_decode8_4096_2_4096160_kernel_trace.csv
[m[0;31mE20250902 00:59:35.819907 140476999522048 output_stream.cpp:105] Opened result file: ./profiles/standalone_attn_prefill_and_decode_tp8_prefill_then_decode8_4096_2_4096160_agent_info.csv
[m[0;33mW20250902 00:59:44.525890 140476999522048 tool.cpp:1902] rocprofv3_error_signal_handler caught signal 11...
[m# ---- Run standalone_attn_prefill_and_decode_tp8_prefill_then_decode8_4096_2_8192160 ----
INFO 09-02 00:59:50 [__init__.py:244] Automatically detected platform rocm.
[0;31mE20250902 01:00:09.745420 140475602016000 output_stream.cpp:105] Opened result file: ./profiles/standalone_attn_prefill_and_decode_tp8_prefill_then_decode8_4096_2_8192160_kernel_trace.csv
[m[0;31mE20250902 01:00:09.751521 140475602016000 output_stream.cpp:105] Opened result file: ./profiles/standalone_attn_prefill_and_decode_tp8_prefill_then_decode8_4096_2_8192160_agent_info.csv
[m[0;33mW20250902 01:00:18.887045 140475602016000 tool.cpp:1902] rocprofv3_error_signal_handler caught signal 11...
[m# ---- Run standalone_attn_prefill_and_decode_tp8_prefill_then_decode8_4096_4_256160 ----
INFO 09-02 01:00:24 [__init__.py:244] Automatically detected platform rocm.
[0;31mE20250902 01:00:43.044219 139881411684096 output_stream.cpp:105] Opened result file: ./profiles/standalone_attn_prefill_and_decode_tp8_prefill_then_decode8_4096_4_256160_kernel_trace.csv
[m[0;31mE20250902 01:00:43.051639 139881411684096 output_stream.cpp:105] Opened result file: ./profiles/standalone_attn_prefill_and_decode_tp8_prefill_then_decode8_4096_4_256160_agent_info.csv
[m[0;33mW20250902 01:00:51.822962 139881411684096 tool.cpp:1902] rocprofv3_error_signal_handler caught signal 11...
[m# ---- Run standalone_attn_prefill_and_decode_tp8_prefill_then_decode8_4096_4_512160 ----
INFO 09-02 01:00:57 [__init__.py:244] Automatically detected platform rocm.
[0;31mE20250902 01:01:16.962486 140617649391360 output_stream.cpp:105] Opened result file: ./profiles/standalone_attn_prefill_and_decode_tp8_prefill_then_decode8_4096_4_512160_kernel_trace.csv
[m[0;31mE20250902 01:01:16.969515 140617649391360 output_stream.cpp:105] Opened result file: ./profiles/standalone_attn_prefill_and_decode_tp8_prefill_then_decode8_4096_4_512160_agent_info.csv
[m[0;33mW20250902 01:01:25.429371 140617649391360 tool.cpp:1902] rocprofv3_error_signal_handler caught signal 11...
[m# ---- Run standalone_attn_prefill_and_decode_tp8_prefill_then_decode8_4096_4_1024160 ----
INFO 09-02 01:01:31 [__init__.py:244] Automatically detected platform rocm.
[0;31mE20250902 01:01:51.967417 140475495884544 output_stream.cpp:105] Opened result file: ./profiles/standalone_attn_prefill_and_decode_tp8_prefill_then_decode8_4096_4_1024160_kernel_trace.csv
[m[0;31mE20250902 01:01:51.974638 140475495884544 output_stream.cpp:105] Opened result file: ./profiles/standalone_attn_prefill_and_decode_tp8_prefill_then_decode8_4096_4_1024160_agent_info.csv
[m[0;33mW20250902 01:02:01.282056 140475495884544 tool.cpp:1902] rocprofv3_error_signal_handler caught signal 11...
[m# ---- Run standalone_attn_prefill_and_decode_tp8_prefill_then_decode8_4096_4_2048160 ----
INFO 09-02 01:02:08 [__init__.py:244] Automatically detected platform rocm.
[0;31mE20250902 01:02:28.934013 140064009869056 output_stream.cpp:105] Opened result file: ./profiles/standalone_attn_prefill_and_decode_tp8_prefill_then_decode8_4096_4_2048160_kernel_trace.csv
[m[0;31mE20250902 01:02:28.940881 140064009869056 output_stream.cpp:105] Opened result file: ./profiles/standalone_attn_prefill_and_decode_tp8_prefill_then_decode8_4096_4_2048160_agent_info.csv
[m[0;33mW20250902 01:02:38.291313 140064009869056 tool.cpp:1902] rocprofv3_error_signal_handler caught signal 11...
[m# ---- Run standalone_attn_prefill_and_decode_tp8_prefill_then_decode8_4096_4_4096160 ----
INFO 09-02 01:02:45 [__init__.py:244] Automatically detected platform rocm.
[0;31mE20250902 01:03:05.196355 139957234149120 output_stream.cpp:105] Opened result file: ./profiles/standalone_attn_prefill_and_decode_tp8_prefill_then_decode8_4096_4_4096160_kernel_trace.csv
[m[0;31mE20250902 01:03:05.203325 139957234149120 output_stream.cpp:105] Opened result file: ./profiles/standalone_attn_prefill_and_decode_tp8_prefill_then_decode8_4096_4_4096160_agent_info.csv
[m[0;33mW20250902 01:03:14.551998 139957234149120 tool.cpp:1902] rocprofv3_error_signal_handler caught signal 11...
[m# ---- Run standalone_attn_prefill_and_decode_tp8_prefill_then_decode8_4096_4_8192160 ----
INFO 09-02 01:03:21 [__init__.py:244] Automatically detected platform rocm.
[0;31mE20250902 01:03:42.061203 139693326599936 output_stream.cpp:105] Opened result file: ./profiles/standalone_attn_prefill_and_decode_tp8_prefill_then_decode8_4096_4_8192160_kernel_trace.csv
[m[0;31mE20250902 01:03:42.068273 139693326599936 output_stream.cpp:105] Opened result file: ./profiles/standalone_attn_prefill_and_decode_tp8_prefill_then_decode8_4096_4_8192160_agent_info.csv
[m[0;33mW20250902 01:03:50.769039 139693326599936 tool.cpp:1902] rocprofv3_error_signal_handler caught signal 11...
[m# ---- Run standalone_attn_prefill_and_decode_tp8_prefill_then_decode8_4096_8_256160 ----
INFO 09-02 01:03:56 [__init__.py:244] Automatically detected platform rocm.
[0;31mE20250902 01:04:15.353176 140276387268352 output_stream.cpp:105] Opened result file: ./profiles/standalone_attn_prefill_and_decode_tp8_prefill_then_decode8_4096_8_256160_kernel_trace.csv
[m[0;31mE20250902 01:04:15.360787 140276387268352 output_stream.cpp:105] Opened result file: ./profiles/standalone_attn_prefill_and_decode_tp8_prefill_then_decode8_4096_8_256160_agent_info.csv
[m[0;33mW20250902 01:04:23.851021 140276387268352 tool.cpp:1902] rocprofv3_error_signal_handler caught signal 11...
[m# ---- Run standalone_attn_prefill_and_decode_tp8_prefill_then_decode8_4096_8_512160 ----
INFO 09-02 01:04:30 [__init__.py:244] Automatically detected platform rocm.
[0;31mE20250902 01:04:48.354569 140233834448640 output_stream.cpp:105] Opened result file: ./profiles/standalone_attn_prefill_and_decode_tp8_prefill_then_decode8_4096_8_512160_kernel_trace.csv
[m[0;31mE20250902 01:04:48.362355 140233834448640 output_stream.cpp:105] Opened result file: ./profiles/standalone_attn_prefill_and_decode_tp8_prefill_then_decode8_4096_8_512160_agent_info.csv
[m[0;33mW20250902 01:04:56.992717 140233834448640 tool.cpp:1902] rocprofv3_error_signal_handler caught signal 11...
[m# ---- Run standalone_attn_prefill_and_decode_tp8_prefill_then_decode8_4096_8_1024160 ----
INFO 09-02 01:05:03 [__init__.py:244] Automatically detected platform rocm.
[0;31mE20250902 01:05:21.447908 140467522348800 output_stream.cpp:105] Opened result file: ./profiles/standalone_attn_prefill_and_decode_tp8_prefill_then_decode8_4096_8_1024160_kernel_trace.csv
[m[0;31mE20250902 01:05:21.454919 140467522348800 output_stream.cpp:105] Opened result file: ./profiles/standalone_attn_prefill_and_decode_tp8_prefill_then_decode8_4096_8_1024160_agent_info.csv
[m[0;33mW20250902 01:05:30.761344 140467522348800 tool.cpp:1902] rocprofv3_error_signal_handler caught signal 11...
[m# ---- Run standalone_attn_prefill_and_decode_tp8_prefill_then_decode8_4096_8_2048160 ----
INFO 09-02 01:05:36 [__init__.py:244] Automatically detected platform rocm.
[0;31mE20250902 01:05:55.435325 140244950640384 output_stream.cpp:105] Opened result file: ./profiles/standalone_attn_prefill_and_decode_tp8_prefill_then_decode8_4096_8_2048160_kernel_trace.csv
[m[0;31mE20250902 01:05:55.442948 140244950640384 output_stream.cpp:105] Opened result file: ./profiles/standalone_attn_prefill_and_decode_tp8_prefill_then_decode8_4096_8_2048160_agent_info.csv
[m[0;33mW20250902 01:06:04.512410 140244950640384 tool.cpp:1902] rocprofv3_error_signal_handler caught signal 11...
[m# ---- Run standalone_attn_prefill_and_decode_tp8_prefill_then_decode8_4096_8_4096160 ----
INFO 09-02 01:06:10 [__init__.py:244] Automatically detected platform rocm.
[0;31mE20250902 01:06:29.151534 139759217530624 output_stream.cpp:105] Opened result file: ./profiles/standalone_attn_prefill_and_decode_tp8_prefill_then_decode8_4096_8_4096160_kernel_trace.csv
[m[0;31mE20250902 01:06:29.159408 139759217530624 output_stream.cpp:105] Opened result file: ./profiles/standalone_attn_prefill_and_decode_tp8_prefill_then_decode8_4096_8_4096160_agent_info.csv
[m[0;33mW20250902 01:06:37.822975 139759217530624 tool.cpp:1902] rocprofv3_error_signal_handler caught signal 11...
[m# ---- Run standalone_attn_prefill_and_decode_tp8_prefill_then_decode8_4096_8_8192160 ----
INFO 09-02 01:06:44 [__init__.py:244] Automatically detected platform rocm.
[0;31mE20250902 01:07:02.756358 140356278859520 output_stream.cpp:105] Opened result file: ./profiles/standalone_attn_prefill_and_decode_tp8_prefill_then_decode8_4096_8_8192160_kernel_trace.csv
[m[0;31mE20250902 01:07:02.762387 140356278859520 output_stream.cpp:105] Opened result file: ./profiles/standalone_attn_prefill_and_decode_tp8_prefill_then_decode8_4096_8_8192160_agent_info.csv
[m[0;33mW20250902 01:07:11.521466 140356278859520 tool.cpp:1902] rocprofv3_error_signal_handler caught signal 11...
[m# ---- Run standalone_attn_prefill_and_decode_tp8_prefill_then_decode8_4096_16_256160 ----
INFO 09-02 01:07:17 [__init__.py:244] Automatically detected platform rocm.
[0;31mE20250902 01:07:38.523453 140397763127040 output_stream.cpp:105] Opened result file: ./profiles/standalone_attn_prefill_and_decode_tp8_prefill_then_decode8_4096_16_256160_kernel_trace.csv
[m[0;31mE20250902 01:07:38.530236 140397763127040 output_stream.cpp:105] Opened result file: ./profiles/standalone_attn_prefill_and_decode_tp8_prefill_then_decode8_4096_16_256160_agent_info.csv
[m[0;33mW20250902 01:07:48.198295 140397763127040 tool.cpp:1902] rocprofv3_error_signal_handler caught signal 11...
[m# ---- Run standalone_attn_prefill_and_decode_tp8_prefill_then_decode8_4096_16_512160 ----
INFO 09-02 01:07:55 [__init__.py:244] Automatically detected platform rocm.
[0;31mE20250902 01:08:14.822053 140647952361216 output_stream.cpp:105] Opened result file: ./profiles/standalone_attn_prefill_and_decode_tp8_prefill_then_decode8_4096_16_512160_kernel_trace.csv
[m[0;31mE20250902 01:08:14.828705 140647952361216 output_stream.cpp:105] Opened result file: ./profiles/standalone_attn_prefill_and_decode_tp8_prefill_then_decode8_4096_16_512160_agent_info.csv
[m[0;33mW20250902 01:08:23.712972 140647952361216 tool.cpp:1902] rocprofv3_error_signal_handler caught signal 11...
[m# ---- Run standalone_attn_prefill_and_decode_tp8_prefill_then_decode8_4096_16_1024160 ----
INFO 09-02 01:08:29 [__init__.py:244] Automatically detected platform rocm.
[0;31mE20250902 01:08:47.727900 140175039231744 output_stream.cpp:105] Opened result file: ./profiles/standalone_attn_prefill_and_decode_tp8_prefill_then_decode8_4096_16_1024160_kernel_trace.csv
[m[0;31mE20250902 01:08:47.734087 140175039231744 output_stream.cpp:105] Opened result file: ./profiles/standalone_attn_prefill_and_decode_tp8_prefill_then_decode8_4096_16_1024160_agent_info.csv
[m[0;33mW20250902 01:08:56.646253 140175039231744 tool.cpp:1902] rocprofv3_error_signal_handler caught signal 11...
[m# ---- Run standalone_attn_prefill_and_decode_tp8_prefill_then_decode8_4096_16_2048160 ----
INFO 09-02 01:09:02 [__init__.py:244] Automatically detected platform rocm.
[0;31mE20250902 01:09:20.523176 139630424135424 output_stream.cpp:105] Opened result file: ./profiles/standalone_attn_prefill_and_decode_tp8_prefill_then_decode8_4096_16_2048160_kernel_trace.csv
[m[0;31mE20250902 01:09:20.529866 139630424135424 output_stream.cpp:105] Opened result file: ./profiles/standalone_attn_prefill_and_decode_tp8_prefill_then_decode8_4096_16_2048160_agent_info.csv
[m[0;33mW20250902 01:09:29.182726 139630424135424 tool.cpp:1902] rocprofv3_error_signal_handler caught signal 11...
[m# ---- Run standalone_attn_prefill_and_decode_tp8_prefill_then_decode8_4096_16_4096160 ----
INFO 09-02 01:09:35 [__init__.py:244] Automatically detected platform rocm.
[0;31mE20250902 01:09:55.505576 139663192504064 output_stream.cpp:105] Opened result file: ./profiles/standalone_attn_prefill_and_decode_tp8_prefill_then_decode8_4096_16_4096160_kernel_trace.csv
[m[0;31mE20250902 01:09:55.513074 139663192504064 output_stream.cpp:105] Opened result file: ./profiles/standalone_attn_prefill_and_decode_tp8_prefill_then_decode8_4096_16_4096160_agent_info.csv
[m[0;33mW20250902 01:10:04.696242 139663192504064 tool.cpp:1902] rocprofv3_error_signal_handler caught signal 11...
[m# ---- Run standalone_attn_prefill_and_decode_tp8_prefill_then_decode8_4096_16_8192160 ----
INFO 09-02 01:10:11 [__init__.py:244] Automatically detected platform rocm.
[0;31mE20250902 01:10:32.406833 140139987547904 output_stream.cpp:105] Opened result file: ./profiles/standalone_attn_prefill_and_decode_tp8_prefill_then_decode8_4096_16_8192160_kernel_trace.csv
[m[0;31mE20250902 01:10:32.413185 140139987547904 output_stream.cpp:105] Opened result file: ./profiles/standalone_attn_prefill_and_decode_tp8_prefill_then_decode8_4096_16_8192160_agent_info.csv
[m[0;33mW20250902 01:10:41.378106 140139987547904 tool.cpp:1902] rocprofv3_error_signal_handler caught signal 11...
[m# ---- Run standalone_attn_prefill_and_decode_tp8_prefill_then_decode8_4096_32_256160 ----
INFO 09-02 01:10:47 [__init__.py:244] Automatically detected platform rocm.
[0;31mE20250902 01:11:05.520290 140176769025792 output_stream.cpp:105] Opened result file: ./profiles/standalone_attn_prefill_and_decode_tp8_prefill_then_decode8_4096_32_256160_kernel_trace.csv
[m[0;31mE20250902 01:11:05.526330 140176769025792 output_stream.cpp:105] Opened result file: ./profiles/standalone_attn_prefill_and_decode_tp8_prefill_then_decode8_4096_32_256160_agent_info.csv
[m[0;33mW20250902 01:11:14.523389 140176769025792 tool.cpp:1902] rocprofv3_error_signal_handler caught signal 11...
[m# ---- Run standalone_attn_prefill_and_decode_tp8_prefill_then_decode8_4096_32_512160 ----
INFO 09-02 01:11:20 [__init__.py:244] Automatically detected platform rocm.
[0;31mE20250902 01:11:41.064859 139923595691776 output_stream.cpp:105] Opened result file: ./profiles/standalone_attn_prefill_and_decode_tp8_prefill_then_decode8_4096_32_512160_kernel_trace.csv
[m[0;31mE20250902 01:11:41.072312 139923595691776 output_stream.cpp:105] Opened result file: ./profiles/standalone_attn_prefill_and_decode_tp8_prefill_then_decode8_4096_32_512160_agent_info.csv
[m[0;33mW20250902 01:11:50.427867 139923595691776 tool.cpp:1902] rocprofv3_error_signal_handler caught signal 11...
[m# ---- Run standalone_attn_prefill_and_decode_tp8_prefill_then_decode8_4096_32_1024160 ----
INFO 09-02 01:11:57 [__init__.py:244] Automatically detected platform rocm.
[0;31mE20250902 01:12:18.524413 140195780974336 output_stream.cpp:105] Opened result file: ./profiles/standalone_attn_prefill_and_decode_tp8_prefill_then_decode8_4096_32_1024160_kernel_trace.csv
[m[0;31mE20250902 01:12:18.531461 140195780974336 output_stream.cpp:105] Opened result file: ./profiles/standalone_attn_prefill_and_decode_tp8_prefill_then_decode8_4096_32_1024160_agent_info.csv
[m[0;33mW20250902 01:12:27.850054 140195780974336 tool.cpp:1902] rocprofv3_error_signal_handler caught signal 11...
[m# ---- Run standalone_attn_prefill_and_decode_tp8_prefill_then_decode8_4096_32_2048160 ----
INFO 09-02 01:12:35 [__init__.py:244] Automatically detected platform rocm.
[0;31mE20250902 01:12:54.256416 140486846424832 output_stream.cpp:105] Opened result file: ./profiles/standalone_attn_prefill_and_decode_tp8_prefill_then_decode8_4096_32_2048160_kernel_trace.csv
[m[0;31mE20250902 01:12:54.262593 140486846424832 output_stream.cpp:105] Opened result file: ./profiles/standalone_attn_prefill_and_decode_tp8_prefill_then_decode8_4096_32_2048160_agent_info.csv
[m[0;33mW20250902 01:13:03.209249 140486846424832 tool.cpp:1902] rocprofv3_error_signal_handler caught signal 11...
[m# ---- Run standalone_attn_prefill_and_decode_tp8_prefill_then_decode8_4096_32_4096160 ----
INFO 09-02 01:13:09 [__init__.py:244] Automatically detected platform rocm.
[0;31mE20250902 01:13:26.904784 139752436451072 output_stream.cpp:105] Opened result file: ./profiles/standalone_attn_prefill_and_decode_tp8_prefill_then_decode8_4096_32_4096160_kernel_trace.csv
[m[0;31mE20250902 01:13:26.911775 139752436451072 output_stream.cpp:105] Opened result file: ./profiles/standalone_attn_prefill_and_decode_tp8_prefill_then_decode8_4096_32_4096160_agent_info.csv
[m[0;33mW20250902 01:13:36.040462 139752436451072 tool.cpp:1902] rocprofv3_error_signal_handler caught signal 11...
[m# ---- Run standalone_attn_prefill_and_decode_tp8_prefill_then_decode8_4096_32_8192160 ----
INFO 09-02 01:13:42 [__init__.py:244] Automatically detected platform rocm.
[0;31mE20250902 01:13:59.643443 140597744363264 output_stream.cpp:105] Opened result file: ./profiles/standalone_attn_prefill_and_decode_tp8_prefill_then_decode8_4096_32_8192160_kernel_trace.csv
[m[0;31mE20250902 01:13:59.649966 140597744363264 output_stream.cpp:105] Opened result file: ./profiles/standalone_attn_prefill_and_decode_tp8_prefill_then_decode8_4096_32_8192160_agent_info.csv
[m[0;33mW20250902 01:14:08.041775 140597744363264 tool.cpp:1902] rocprofv3_error_signal_handler caught signal 11...
[m# ---- Run standalone_attn_prefill_and_decode_tp8_prefill_then_decode8_4096_64_256160 ----
INFO 09-02 01:14:14 [__init__.py:244] Automatically detected platform rocm.
[0;31mE20250902 01:14:32.044316 140163516765952 output_stream.cpp:105] Opened result file: ./profiles/standalone_attn_prefill_and_decode_tp8_prefill_then_decode8_4096_64_256160_kernel_trace.csv
[m[0;31mE20250902 01:14:32.051034 140163516765952 output_stream.cpp:105] Opened result file: ./profiles/standalone_attn_prefill_and_decode_tp8_prefill_then_decode8_4096_64_256160_agent_info.csv
[m[0;33mW20250902 01:14:41.149048 140163516765952 tool.cpp:1902] rocprofv3_error_signal_handler caught signal 11...
[m# ---- Run standalone_attn_prefill_and_decode_tp8_prefill_then_decode8_4096_64_512160 ----
INFO 09-02 01:14:47 [__init__.py:244] Automatically detected platform rocm.
[0;31mE20250902 01:15:05.076314 139697264989952 output_stream.cpp:105] Opened result file: ./profiles/standalone_attn_prefill_and_decode_tp8_prefill_then_decode8_4096_64_512160_kernel_trace.csv
[m[0;31mE20250902 01:15:05.083268 139697264989952 output_stream.cpp:105] Opened result file: ./profiles/standalone_attn_prefill_and_decode_tp8_prefill_then_decode8_4096_64_512160_agent_info.csv
[m[0;33mW20250902 01:15:13.577752 139697264989952 tool.cpp:1902] rocprofv3_error_signal_handler caught signal 11...
[m# ---- Run standalone_attn_prefill_and_decode_tp8_prefill_then_decode8_4096_64_1024160 ----
INFO 09-02 01:15:19 [__init__.py:244] Automatically detected platform rocm.
[0;31mE20250902 01:15:37.279772 140621450581760 output_stream.cpp:105] Opened result file: ./profiles/standalone_attn_prefill_and_decode_tp8_prefill_then_decode8_4096_64_1024160_kernel_trace.csv
[m[0;31mE20250902 01:15:37.286687 140621450581760 output_stream.cpp:105] Opened result file: ./profiles/standalone_attn_prefill_and_decode_tp8_prefill_then_decode8_4096_64_1024160_agent_info.csv
[m[0;33mW20250902 01:15:46.065903 140621450581760 tool.cpp:1902] rocprofv3_error_signal_handler caught signal 11...
[m# ---- Run standalone_attn_prefill_and_decode_tp8_prefill_then_decode8_4096_64_2048160 ----
INFO 09-02 01:15:52 [__init__.py:244] Automatically detected platform rocm.
[0;31mE20250902 01:16:09.495004 140279206536960 output_stream.cpp:105] Opened result file: ./profiles/standalone_attn_prefill_and_decode_tp8_prefill_then_decode8_4096_64_2048160_kernel_trace.csv
[m[0;31mE20250902 01:16:09.501859 140279206536960 output_stream.cpp:105] Opened result file: ./profiles/standalone_attn_prefill_and_decode_tp8_prefill_then_decode8_4096_64_2048160_agent_info.csv
[m[0;33mW20250902 01:16:18.719860 140279206536960 tool.cpp:1902] rocprofv3_error_signal_handler caught signal 11...
[m# ---- Run standalone_attn_prefill_and_decode_tp8_prefill_then_decode8_4096_64_4096160 ----
INFO 09-02 01:16:24 [__init__.py:244] Automatically detected platform rocm.
[0;31mE20250902 01:16:42.098388 140301370877696 output_stream.cpp:105] Opened result file: ./profiles/standalone_attn_prefill_and_decode_tp8_prefill_then_decode8_4096_64_4096160_kernel_trace.csv
[m[0;31mE20250902 01:16:42.104776 140301370877696 output_stream.cpp:105] Opened result file: ./profiles/standalone_attn_prefill_and_decode_tp8_prefill_then_decode8_4096_64_4096160_agent_info.csv
[m[0;33mW20250902 01:16:50.927114 140301370877696 tool.cpp:1902] rocprofv3_error_signal_handler caught signal 11...
[m# ---- Run standalone_attn_prefill_and_decode_tp8_prefill_then_decode8_4096_64_8192160 ----
INFO 09-02 01:16:56 [__init__.py:244] Automatically detected platform rocm.
[0;31mE20250902 01:17:14.339000 140219064047360 output_stream.cpp:105] Opened result file: ./profiles/standalone_attn_prefill_and_decode_tp8_prefill_then_decode8_4096_64_8192160_kernel_trace.csv
[m[0;31mE20250902 01:17:14.345978 140219064047360 output_stream.cpp:105] Opened result file: ./profiles/standalone_attn_prefill_and_decode_tp8_prefill_then_decode8_4096_64_8192160_agent_info.csv
[m[0;33mW20250902 01:17:23.181418 140219064047360 tool.cpp:1902] rocprofv3_error_signal_handler caught signal 11...
[m# ---- Run standalone_attn_prefill_and_decode_tp8_prefill_then_decode8_4096_128_256160 ----
INFO 09-02 01:17:28 [__init__.py:244] Automatically detected platform rocm.
[0;31mE20250902 01:17:45.315304 140590117635840 output_stream.cpp:105] Opened result file: ./profiles/standalone_attn_prefill_and_decode_tp8_prefill_then_decode8_4096_128_256160_kernel_trace.csv
[m[0;31mE20250902 01:17:45.322521 140590117635840 output_stream.cpp:105] Opened result file: ./profiles/standalone_attn_prefill_and_decode_tp8_prefill_then_decode8_4096_128_256160_agent_info.csv
[m[0;33mW20250902 01:17:53.717533 140590117635840 tool.cpp:1902] rocprofv3_error_signal_handler caught signal 11...
[m# ---- Run standalone_attn_prefill_and_decode_tp8_prefill_then_decode8_4096_128_512160 ----
INFO 09-02 01:17:59 [__init__.py:244] Automatically detected platform rocm.
[0;31mE20250902 01:18:16.455220 139678150825728 output_stream.cpp:105] Opened result file: ./profiles/standalone_attn_prefill_and_decode_tp8_prefill_then_decode8_4096_128_512160_kernel_trace.csv
[m[0;31mE20250902 01:18:16.461369 139678150825728 output_stream.cpp:105] Opened result file: ./profiles/standalone_attn_prefill_and_decode_tp8_prefill_then_decode8_4096_128_512160_agent_info.csv
[m[0;33mW20250902 01:18:25.645891 139678150825728 tool.cpp:1902] rocprofv3_error_signal_handler caught signal 11...
[m# ---- Run standalone_attn_prefill_and_decode_tp8_prefill_then_decode8_4096_128_1024160 ----
INFO 09-02 01:18:32 [__init__.py:244] Automatically detected platform rocm.
[0;31mE20250902 01:18:52.085062 139739641689856 output_stream.cpp:105] Opened result file: ./profiles/standalone_attn_prefill_and_decode_tp8_prefill_then_decode8_4096_128_1024160_kernel_trace.csv
[m[0;31mE20250902 01:18:52.092355 139739641689856 output_stream.cpp:105] Opened result file: ./profiles/standalone_attn_prefill_and_decode_tp8_prefill_then_decode8_4096_128_1024160_agent_info.csv
[m[0;33mW20250902 01:19:01.793848 139739641689856 tool.cpp:1902] rocprofv3_error_signal_handler caught signal 11...
[m# ---- Run standalone_attn_prefill_and_decode_tp8_prefill_then_decode8_4096_128_2048160 ----
INFO 09-02 01:19:08 [__init__.py:244] Automatically detected platform rocm.
[0;31mE20250902 01:19:27.975334 140701570250496 output_stream.cpp:105] Opened result file: ./profiles/standalone_attn_prefill_and_decode_tp8_prefill_then_decode8_4096_128_2048160_kernel_trace.csv
[m[0;31mE20250902 01:19:27.982332 140701570250496 output_stream.cpp:105] Opened result file: ./profiles/standalone_attn_prefill_and_decode_tp8_prefill_then_decode8_4096_128_2048160_agent_info.csv
[m[0;33mW20250902 01:19:37.249560 140701570250496 tool.cpp:1902] rocprofv3_error_signal_handler caught signal 11...
[m# ---- Run standalone_attn_prefill_and_decode_tp8_prefill_then_decode8_4096_128_4096160 ----
INFO 09-02 01:19:44 [__init__.py:244] Automatically detected platform rocm.
[0;31mE20250902 01:20:03.050724 139636094772992 output_stream.cpp:105] Opened result file: ./profiles/standalone_attn_prefill_and_decode_tp8_prefill_then_decode8_4096_128_4096160_kernel_trace.csv
[m[0;31mE20250902 01:20:03.056910 139636094772992 output_stream.cpp:105] Opened result file: ./profiles/standalone_attn_prefill_and_decode_tp8_prefill_then_decode8_4096_128_4096160_agent_info.csv
[m[0;33mW20250902 01:20:11.938895 139636094772992 tool.cpp:1902] rocprofv3_error_signal_handler caught signal 11...
[m# ---- Run standalone_attn_prefill_and_decode_tp8_prefill_then_decode8_4096_128_8192160 ----
INFO 09-02 01:20:17 [__init__.py:244] Automatically detected platform rocm.
[0;31mE20250902 01:20:34.081032 140603237603072 output_stream.cpp:105] Opened result file: ./profiles/standalone_attn_prefill_and_decode_tp8_prefill_then_decode8_4096_128_8192160_kernel_trace.csv
[m[0;31mE20250902 01:20:34.087073 140603237603072 output_stream.cpp:105] Opened result file: ./profiles/standalone_attn_prefill_and_decode_tp8_prefill_then_decode8_4096_128_8192160_agent_info.csv
[m[0;33mW20250902 01:20:43.021731 140603237603072 tool.cpp:1902] rocprofv3_error_signal_handler caught signal 11...
[m# ---- Run standalone_attn_prefill_and_decode_tp8_prefill_then_decode8_8192_1_256160 ----
INFO 09-02 01:20:48 [__init__.py:244] Automatically detected platform rocm.
[0;31mE20250902 01:21:07.131121 139663642781440 output_stream.cpp:105] Opened result file: ./profiles/standalone_attn_prefill_and_decode_tp8_prefill_then_decode8_8192_1_256160_kernel_trace.csv
[m[0;31mE20250902 01:21:07.137400 139663642781440 output_stream.cpp:105] Opened result file: ./profiles/standalone_attn_prefill_and_decode_tp8_prefill_then_decode8_8192_1_256160_agent_info.csv
[m[0;33mW20250902 01:21:15.374999 139663642781440 tool.cpp:1902] rocprofv3_error_signal_handler caught signal 11...
[m# ---- Run standalone_attn_prefill_and_decode_tp8_prefill_then_decode8_8192_1_512160 ----
INFO 09-02 01:21:21 [__init__.py:244] Automatically detected platform rocm.
[0;31mE20250902 01:21:38.756720 140382268606208 output_stream.cpp:105] Opened result file: ./profiles/standalone_attn_prefill_and_decode_tp8_prefill_then_decode8_8192_1_512160_kernel_trace.csv
[m[0;31mE20250902 01:21:38.763025 140382268606208 output_stream.cpp:105] Opened result file: ./profiles/standalone_attn_prefill_and_decode_tp8_prefill_then_decode8_8192_1_512160_agent_info.csv
[m[0;33mW20250902 01:21:47.520987 140382268606208 tool.cpp:1902] rocprofv3_error_signal_handler caught signal 11...
[m# ---- Run standalone_attn_prefill_and_decode_tp8_prefill_then_decode8_8192_1_1024160 ----
INFO 09-02 01:21:53 [__init__.py:244] Automatically detected platform rocm.
[0;31mE20250902 01:22:11.109754 140069658670848 output_stream.cpp:105] Opened result file: ./profiles/standalone_attn_prefill_and_decode_tp8_prefill_then_decode8_8192_1_1024160_kernel_trace.csv
[m[0;31mE20250902 01:22:11.115903 140069658670848 output_stream.cpp:105] Opened result file: ./profiles/standalone_attn_prefill_and_decode_tp8_prefill_then_decode8_8192_1_1024160_agent_info.csv
[m[0;33mW20250902 01:22:19.829079 140069658670848 tool.cpp:1902] rocprofv3_error_signal_handler caught signal 11...
[m# ---- Run standalone_attn_prefill_and_decode_tp8_prefill_then_decode8_8192_1_2048160 ----
INFO 09-02 01:22:25 [__init__.py:244] Automatically detected platform rocm.
[0;31mE20250902 01:22:45.102000 139891523913472 output_stream.cpp:105] Opened result file: ./profiles/standalone_attn_prefill_and_decode_tp8_prefill_then_decode8_8192_1_2048160_kernel_trace.csv
[m[0;31mE20250902 01:22:45.108383 139891523913472 output_stream.cpp:105] Opened result file: ./profiles/standalone_attn_prefill_and_decode_tp8_prefill_then_decode8_8192_1_2048160_agent_info.csv
[m[0;33mW20250902 01:22:54.656163 139891523913472 tool.cpp:1902] rocprofv3_error_signal_handler caught signal 11...
[m# ---- Run standalone_attn_prefill_and_decode_tp8_prefill_then_decode8_8192_1_4096160 ----
INFO 09-02 01:23:00 [__init__.py:244] Automatically detected platform rocm.
[0;31mE20250902 01:23:18.845899 140166887585536 output_stream.cpp:105] Opened result file: ./profiles/standalone_attn_prefill_and_decode_tp8_prefill_then_decode8_8192_1_4096160_kernel_trace.csv
[m[0;31mE20250902 01:23:18.851941 140166887585536 output_stream.cpp:105] Opened result file: ./profiles/standalone_attn_prefill_and_decode_tp8_prefill_then_decode8_8192_1_4096160_agent_info.csv
[m[0;33mW20250902 01:23:27.709476 140166887585536 tool.cpp:1902] rocprofv3_error_signal_handler caught signal 11...
[m# ---- Run standalone_attn_prefill_and_decode_tp8_prefill_then_decode8_8192_1_8192160 ----
INFO 09-02 01:23:33 [__init__.py:244] Automatically detected platform rocm.
[0;31mE20250902 01:23:51.899673 140074654955264 output_stream.cpp:105] Opened result file: ./profiles/standalone_attn_prefill_and_decode_tp8_prefill_then_decode8_8192_1_8192160_kernel_trace.csv
[m[0;31mE20250902 01:23:51.906162 140074654955264 output_stream.cpp:105] Opened result file: ./profiles/standalone_attn_prefill_and_decode_tp8_prefill_then_decode8_8192_1_8192160_agent_info.csv
[m[0;33mW20250902 01:24:01.005122 140074654955264 tool.cpp:1902] rocprofv3_error_signal_handler caught signal 11...
[m# ---- Run standalone_attn_prefill_and_decode_tp8_prefill_then_decode8_8192_2_256160 ----
INFO 09-02 01:24:06 [__init__.py:244] Automatically detected platform rocm.
[0;31mE20250902 01:24:25.340136 140087391725312 output_stream.cpp:105] Opened result file: ./profiles/standalone_attn_prefill_and_decode_tp8_prefill_then_decode8_8192_2_256160_kernel_trace.csv
[m[0;31mE20250902 01:24:25.346446 140087391725312 output_stream.cpp:105] Opened result file: ./profiles/standalone_attn_prefill_and_decode_tp8_prefill_then_decode8_8192_2_256160_agent_info.csv
[m[0;33mW20250902 01:24:33.811758 140087391725312 tool.cpp:1902] rocprofv3_error_signal_handler caught signal 11...
[m# ---- Run standalone_attn_prefill_and_decode_tp8_prefill_then_decode8_8192_2_512160 ----
INFO 09-02 01:24:40 [__init__.py:244] Automatically detected platform rocm.
[0;31mE20250902 01:24:59.148187 139806010672896 output_stream.cpp:105] Opened result file: ./profiles/standalone_attn_prefill_and_decode_tp8_prefill_then_decode8_8192_2_512160_kernel_trace.csv
[m[0;31mE20250902 01:24:59.154275 139806010672896 output_stream.cpp:105] Opened result file: ./profiles/standalone_attn_prefill_and_decode_tp8_prefill_then_decode8_8192_2_512160_agent_info.csv
[m[0;33mW20250902 01:25:07.950731 139806010672896 tool.cpp:1902] rocprofv3_error_signal_handler caught signal 11...
[m# ---- Run standalone_attn_prefill_and_decode_tp8_prefill_then_decode8_8192_2_1024160 ----
INFO 09-02 01:25:14 [__init__.py:244] Automatically detected platform rocm.
[0;31mE20250902 01:25:33.260188 140569242543872 output_stream.cpp:105] Opened result file: ./profiles/standalone_attn_prefill_and_decode_tp8_prefill_then_decode8_8192_2_1024160_kernel_trace.csv
[m[0;31mE20250902 01:25:33.266155 140569242543872 output_stream.cpp:105] Opened result file: ./profiles/standalone_attn_prefill_and_decode_tp8_prefill_then_decode8_8192_2_1024160_agent_info.csv
[m[0;33mW20250902 01:25:42.114192 140569242543872 tool.cpp:1902] rocprofv3_error_signal_handler caught signal 11...
[m# ---- Run standalone_attn_prefill_and_decode_tp8_prefill_then_decode8_8192_2_2048160 ----
INFO 09-02 01:25:48 [__init__.py:244] Automatically detected platform rocm.
[0;31mE20250902 01:26:06.538448 140450457401088 output_stream.cpp:105] Opened result file: ./profiles/standalone_attn_prefill_and_decode_tp8_prefill_then_decode8_8192_2_2048160_kernel_trace.csv
[m[0;31mE20250902 01:26:06.544673 140450457401088 output_stream.cpp:105] Opened result file: ./profiles/standalone_attn_prefill_and_decode_tp8_prefill_then_decode8_8192_2_2048160_agent_info.csv
[m[0;33mW20250902 01:26:15.277834 140450457401088 tool.cpp:1902] rocprofv3_error_signal_handler caught signal 11...
[m# ---- Run standalone_attn_prefill_and_decode_tp8_prefill_then_decode8_8192_2_4096160 ----
INFO 09-02 01:26:21 [__init__.py:244] Automatically detected platform rocm.
[0;31mE20250902 01:26:40.407116 139746347542272 output_stream.cpp:105] Opened result file: ./profiles/standalone_attn_prefill_and_decode_tp8_prefill_then_decode8_8192_2_4096160_kernel_trace.csv
[m[0;31mE20250902 01:26:40.413551 139746347542272 output_stream.cpp:105] Opened result file: ./profiles/standalone_attn_prefill_and_decode_tp8_prefill_then_decode8_8192_2_4096160_agent_info.csv
[m[0;33mW20250902 01:26:49.521085 139746347542272 tool.cpp:1902] rocprofv3_error_signal_handler caught signal 11...
[m# ---- Run standalone_attn_prefill_and_decode_tp8_prefill_then_decode8_8192_2_8192160 ----
INFO 09-02 01:26:55 [__init__.py:244] Automatically detected platform rocm.
[0;31mE20250902 01:27:14.853019 140527468148480 output_stream.cpp:105] Opened result file: ./profiles/standalone_attn_prefill_and_decode_tp8_prefill_then_decode8_8192_2_8192160_kernel_trace.csv
[m[0;31mE20250902 01:27:14.859195 140527468148480 output_stream.cpp:105] Opened result file: ./profiles/standalone_attn_prefill_and_decode_tp8_prefill_then_decode8_8192_2_8192160_agent_info.csv
[m[0;33mW20250902 01:27:23.274202 140527468148480 tool.cpp:1902] rocprofv3_error_signal_handler caught signal 11...
[m# ---- Run standalone_attn_prefill_and_decode_tp8_prefill_then_decode8_8192_4_256160 ----
INFO 09-02 01:27:29 [__init__.py:244] Automatically detected platform rocm.
[0;31mE20250902 01:27:47.797760 140679830767360 output_stream.cpp:105] Opened result file: ./profiles/standalone_attn_prefill_and_decode_tp8_prefill_then_decode8_8192_4_256160_kernel_trace.csv
[m[0;31mE20250902 01:27:47.804810 140679830767360 output_stream.cpp:105] Opened result file: ./profiles/standalone_attn_prefill_and_decode_tp8_prefill_then_decode8_8192_4_256160_agent_info.csv
[m[0;33mW20250902 01:27:56.679648 140679830767360 tool.cpp:1902] rocprofv3_error_signal_handler caught signal 11...
[m# ---- Run standalone_attn_prefill_and_decode_tp8_prefill_then_decode8_8192_4_512160 ----
INFO 09-02 01:28:02 [__init__.py:244] Automatically detected platform rocm.
[0;31mE20250902 01:28:21.505171 140053269501696 output_stream.cpp:105] Opened result file: ./profiles/standalone_attn_prefill_and_decode_tp8_prefill_then_decode8_8192_4_512160_kernel_trace.csv
[m[0;31mE20250902 01:28:21.512356 140053269501696 output_stream.cpp:105] Opened result file: ./profiles/standalone_attn_prefill_and_decode_tp8_prefill_then_decode8_8192_4_512160_agent_info.csv
[m[0;33mW20250902 01:28:30.213224 140053269501696 tool.cpp:1902] rocprofv3_error_signal_handler caught signal 11...
[m# ---- Run standalone_attn_prefill_and_decode_tp8_prefill_then_decode8_8192_4_1024160 ----
INFO 09-02 01:28:36 [__init__.py:244] Automatically detected platform rocm.
[0;31mE20250902 01:28:55.102074 140423290504960 output_stream.cpp:105] Opened result file: ./profiles/standalone_attn_prefill_and_decode_tp8_prefill_then_decode8_8192_4_1024160_kernel_trace.csv
[m[0;31mE20250902 01:28:55.108604 140423290504960 output_stream.cpp:105] Opened result file: ./profiles/standalone_attn_prefill_and_decode_tp8_prefill_then_decode8_8192_4_1024160_agent_info.csv
[m[0;33mW20250902 01:29:04.002442 140423290504960 tool.cpp:1902] rocprofv3_error_signal_handler caught signal 11...
[m# ---- Run standalone_attn_prefill_and_decode_tp8_prefill_then_decode8_8192_4_2048160 ----
INFO 09-02 01:29:10 [__init__.py:244] Automatically detected platform rocm.
[0;31mE20250902 01:29:29.661550 140201222092544 output_stream.cpp:105] Opened result file: ./profiles/standalone_attn_prefill_and_decode_tp8_prefill_then_decode8_8192_4_2048160_kernel_trace.csv
[m[0;31mE20250902 01:29:29.668671 140201222092544 output_stream.cpp:105] Opened result file: ./profiles/standalone_attn_prefill_and_decode_tp8_prefill_then_decode8_8192_4_2048160_agent_info.csv
[m[0;33mW20250902 01:29:38.250749 140201222092544 tool.cpp:1902] rocprofv3_error_signal_handler caught signal 11...
[m# ---- Run standalone_attn_prefill_and_decode_tp8_prefill_then_decode8_8192_4_4096160 ----
INFO 09-02 01:29:44 [__init__.py:244] Automatically detected platform rocm.
[0;31mE20250902 01:30:04.597967 140199770650368 output_stream.cpp:105] Opened result file: ./profiles/standalone_attn_prefill_and_decode_tp8_prefill_then_decode8_8192_4_4096160_kernel_trace.csv
[m[0;31mE20250902 01:30:04.604804 140199770650368 output_stream.cpp:105] Opened result file: ./profiles/standalone_attn_prefill_and_decode_tp8_prefill_then_decode8_8192_4_4096160_agent_info.csv
[m[0;33mW20250902 01:30:14.088170 140199770650368 tool.cpp:1902] rocprofv3_error_signal_handler caught signal 11...
[m# ---- Run standalone_attn_prefill_and_decode_tp8_prefill_then_decode8_8192_4_8192160 ----
INFO 09-02 01:30:21 [__init__.py:244] Automatically detected platform rocm.
[0;31mE20250902 01:30:41.848887 140103939626752 output_stream.cpp:105] Opened result file: ./profiles/standalone_attn_prefill_and_decode_tp8_prefill_then_decode8_8192_4_8192160_kernel_trace.csv
[m[0;31mE20250902 01:30:41.856910 140103939626752 output_stream.cpp:105] Opened result file: ./profiles/standalone_attn_prefill_and_decode_tp8_prefill_then_decode8_8192_4_8192160_agent_info.csv
[m[0;33mW20250902 01:30:51.440256 140103939626752 tool.cpp:1902] rocprofv3_error_signal_handler caught signal 11...
[m# ---- Run standalone_attn_prefill_and_decode_tp8_prefill_then_decode8_8192_8_256160 ----
INFO 09-02 01:30:58 [__init__.py:244] Automatically detected platform rocm.
[0;31mE20250902 01:31:18.940688 140370975987456 output_stream.cpp:105] Opened result file: ./profiles/standalone_attn_prefill_and_decode_tp8_prefill_then_decode8_8192_8_256160_kernel_trace.csv
[m[0;31mE20250902 01:31:18.947625 140370975987456 output_stream.cpp:105] Opened result file: ./profiles/standalone_attn_prefill_and_decode_tp8_prefill_then_decode8_8192_8_256160_agent_info.csv
[m[0;33mW20250902 01:31:27.610632 140370975987456 tool.cpp:1902] rocprofv3_error_signal_handler caught signal 11...
[m# ---- Run standalone_attn_prefill_and_decode_tp8_prefill_then_decode8_8192_8_512160 ----
INFO 09-02 01:31:33 [__init__.py:244] Automatically detected platform rocm.
[0;31mE20250902 01:31:52.729642 140006390486784 output_stream.cpp:105] Opened result file: ./profiles/standalone_attn_prefill_and_decode_tp8_prefill_then_decode8_8192_8_512160_kernel_trace.csv
[m[0;31mE20250902 01:31:52.736503 140006390486784 output_stream.cpp:105] Opened result file: ./profiles/standalone_attn_prefill_and_decode_tp8_prefill_then_decode8_8192_8_512160_agent_info.csv
[m[0;33mW20250902 01:32:01.804276 140006390486784 tool.cpp:1902] rocprofv3_error_signal_handler caught signal 11...
[m# ---- Run standalone_attn_prefill_and_decode_tp8_prefill_then_decode8_8192_8_1024160 ----
INFO 09-02 01:32:08 [__init__.py:244] Automatically detected platform rocm.
[0;31mE20250902 01:32:27.505446 140147573462784 output_stream.cpp:105] Opened result file: ./profiles/standalone_attn_prefill_and_decode_tp8_prefill_then_decode8_8192_8_1024160_kernel_trace.csv
[m[0;31mE20250902 01:32:27.512539 140147573462784 output_stream.cpp:105] Opened result file: ./profiles/standalone_attn_prefill_and_decode_tp8_prefill_then_decode8_8192_8_1024160_agent_info.csv
[m[0;33mW20250902 01:32:36.341982 140147573462784 tool.cpp:1902] rocprofv3_error_signal_handler caught signal 11...
[m# ---- Run standalone_attn_prefill_and_decode_tp8_prefill_then_decode8_8192_8_2048160 ----
INFO 09-02 01:32:42 [__init__.py:244] Automatically detected platform rocm.
[0;31mE20250902 01:33:02.007260 140613107205888 output_stream.cpp:105] Opened result file: ./profiles/standalone_attn_prefill_and_decode_tp8_prefill_then_decode8_8192_8_2048160_kernel_trace.csv
[m[0;31mE20250902 01:33:02.014045 140613107205888 output_stream.cpp:105] Opened result file: ./profiles/standalone_attn_prefill_and_decode_tp8_prefill_then_decode8_8192_8_2048160_agent_info.csv
[m[0;33mW20250902 01:33:10.547125 140613107205888 tool.cpp:1902] rocprofv3_error_signal_handler caught signal 11...
[m# ---- Run standalone_attn_prefill_and_decode_tp8_prefill_then_decode8_8192_8_4096160 ----
INFO 09-02 01:33:17 [__init__.py:244] Automatically detected platform rocm.
[0;31mE20250902 01:33:36.248402 140398832215808 output_stream.cpp:105] Opened result file: ./profiles/standalone_attn_prefill_and_decode_tp8_prefill_then_decode8_8192_8_4096160_kernel_trace.csv
[m[0;31mE20250902 01:33:36.254942 140398832215808 output_stream.cpp:105] Opened result file: ./profiles/standalone_attn_prefill_and_decode_tp8_prefill_then_decode8_8192_8_4096160_agent_info.csv
[m[0;33mW20250902 01:33:45.302273 140398832215808 tool.cpp:1902] rocprofv3_error_signal_handler caught signal 11...
[m# ---- Run standalone_attn_prefill_and_decode_tp8_prefill_then_decode8_8192_8_8192160 ----
INFO 09-02 01:33:51 [__init__.py:244] Automatically detected platform rocm.
[0;31mE20250902 01:34:10.238567 139901818382080 output_stream.cpp:105] Opened result file: ./profiles/standalone_attn_prefill_and_decode_tp8_prefill_then_decode8_8192_8_8192160_kernel_trace.csv
[m[0;31mE20250902 01:34:10.245497 139901818382080 output_stream.cpp:105] Opened result file: ./profiles/standalone_attn_prefill_and_decode_tp8_prefill_then_decode8_8192_8_8192160_agent_info.csv
[m[0;33mW20250902 01:34:19.118830 139901818382080 tool.cpp:1902] rocprofv3_error_signal_handler caught signal 11...
[m# ---- Run standalone_attn_prefill_and_decode_tp8_prefill_then_decode8_8192_16_256160 ----
INFO 09-02 01:34:25 [__init__.py:244] Automatically detected platform rocm.
[0;31mE20250902 01:34:46.507119 140303753504512 output_stream.cpp:105] Opened result file: ./profiles/standalone_attn_prefill_and_decode_tp8_prefill_then_decode8_8192_16_256160_kernel_trace.csv
[m[0;31mE20250902 01:34:46.514594 140303753504512 output_stream.cpp:105] Opened result file: ./profiles/standalone_attn_prefill_and_decode_tp8_prefill_then_decode8_8192_16_256160_agent_info.csv
[m[0;33mW20250902 01:34:56.097826 140303753504512 tool.cpp:1902] rocprofv3_error_signal_handler caught signal 11...
[m# ---- Run standalone_attn_prefill_and_decode_tp8_prefill_then_decode8_8192_16_512160 ----
INFO 09-02 01:35:03 [__init__.py:244] Automatically detected platform rocm.
[0;31mE20250902 01:35:23.034260 140462983173888 output_stream.cpp:105] Opened result file: ./profiles/standalone_attn_prefill_and_decode_tp8_prefill_then_decode8_8192_16_512160_kernel_trace.csv
[m[0;31mE20250902 01:35:23.040723 140462983173888 output_stream.cpp:105] Opened result file: ./profiles/standalone_attn_prefill_and_decode_tp8_prefill_then_decode8_8192_16_512160_agent_info.csv
[m[0;33mW20250902 01:35:32.507693 140462983173888 tool.cpp:1902] rocprofv3_error_signal_handler caught signal 11...
[m# ---- Run standalone_attn_prefill_and_decode_tp8_prefill_then_decode8_8192_16_1024160 ----
INFO 09-02 01:35:38 [__init__.py:244] Automatically detected platform rocm.
[0;31mE20250902 01:35:57.003388 140155255572224 output_stream.cpp:105] Opened result file: ./profiles/standalone_attn_prefill_and_decode_tp8_prefill_then_decode8_8192_16_1024160_kernel_trace.csv
[m[0;31mE20250902 01:35:57.011000 140155255572224 output_stream.cpp:105] Opened result file: ./profiles/standalone_attn_prefill_and_decode_tp8_prefill_then_decode8_8192_16_1024160_agent_info.csv
[m[0;33mW20250902 01:36:06.164268 140155255572224 tool.cpp:1902] rocprofv3_error_signal_handler caught signal 11...
[m# ---- Run standalone_attn_prefill_and_decode_tp8_prefill_then_decode8_8192_16_2048160 ----
INFO 09-02 01:36:12 [__init__.py:244] Automatically detected platform rocm.
[0;31mE20250902 01:36:32.567445 140322256410368 output_stream.cpp:105] Opened result file: ./profiles/standalone_attn_prefill_and_decode_tp8_prefill_then_decode8_8192_16_2048160_kernel_trace.csv
[m[0;31mE20250902 01:36:32.574759 140322256410368 output_stream.cpp:105] Opened result file: ./profiles/standalone_attn_prefill_and_decode_tp8_prefill_then_decode8_8192_16_2048160_agent_info.csv
[m[0;33mW20250902 01:36:41.683079 140322256410368 tool.cpp:1902] rocprofv3_error_signal_handler caught signal 11...
[m# ---- Run standalone_attn_prefill_and_decode_tp8_prefill_then_decode8_8192_16_4096160 ----
INFO 09-02 01:36:48 [__init__.py:244] Automatically detected platform rocm.
[0;31mE20250902 01:37:08.942957 139746870380288 output_stream.cpp:105] Opened result file: ./profiles/standalone_attn_prefill_and_decode_tp8_prefill_then_decode8_8192_16_4096160_kernel_trace.csv
[m[0;31mE20250902 01:37:08.951092 139746870380288 output_stream.cpp:105] Opened result file: ./profiles/standalone_attn_prefill_and_decode_tp8_prefill_then_decode8_8192_16_4096160_agent_info.csv
[m[0;33mW20250902 01:37:18.068397 139746870380288 tool.cpp:1902] rocprofv3_error_signal_handler caught signal 11...
[m# ---- Run standalone_attn_prefill_and_decode_tp8_prefill_then_decode8_8192_16_8192160 ----
INFO 09-02 01:37:24 [__init__.py:244] Automatically detected platform rocm.
[0;31mE20250902 01:37:45.630479 140258380568320 output_stream.cpp:105] Opened result file: ./profiles/standalone_attn_prefill_and_decode_tp8_prefill_then_decode8_8192_16_8192160_kernel_trace.csv
[m[0;31mE20250902 01:37:45.637371 140258380568320 output_stream.cpp:105] Opened result file: ./profiles/standalone_attn_prefill_and_decode_tp8_prefill_then_decode8_8192_16_8192160_agent_info.csv
[m[0;33mW20250902 01:37:55.345316 140258380568320 tool.cpp:1902] rocprofv3_error_signal_handler caught signal 11...
[m# ---- Run standalone_attn_prefill_and_decode_tp8_prefill_then_decode8_8192_32_256160 ----
INFO 09-02 01:38:02 [__init__.py:244] Automatically detected platform rocm.
[0;31mE20250902 01:38:22.969805 139718029256448 output_stream.cpp:105] Opened result file: ./profiles/standalone_attn_prefill_and_decode_tp8_prefill_then_decode8_8192_32_256160_kernel_trace.csv
[m[0;31mE20250902 01:38:22.976735 139718029256448 output_stream.cpp:105] Opened result file: ./profiles/standalone_attn_prefill_and_decode_tp8_prefill_then_decode8_8192_32_256160_agent_info.csv
[m[0;33mW20250902 01:38:31.973798 139718029256448 tool.cpp:1902] rocprofv3_error_signal_handler caught signal 11...
[m# ---- Run standalone_attn_prefill_and_decode_tp8_prefill_then_decode8_8192_32_512160 ----
INFO 09-02 01:38:38 [__init__.py:244] Automatically detected platform rocm.
[0;31mE20250902 01:39:00.293173 140189966042880 output_stream.cpp:105] Opened result file: ./profiles/standalone_attn_prefill_and_decode_tp8_prefill_then_decode8_8192_32_512160_kernel_trace.csv
[m[0;31mE20250902 01:39:00.299922 140189966042880 output_stream.cpp:105] Opened result file: ./profiles/standalone_attn_prefill_and_decode_tp8_prefill_then_decode8_8192_32_512160_agent_info.csv
[m[0;33mW20250902 01:39:09.433031 140189966042880 tool.cpp:1902] rocprofv3_error_signal_handler caught signal 11...
[m# ---- Run standalone_attn_prefill_and_decode_tp8_prefill_then_decode8_8192_32_1024160 ----
INFO 09-02 01:39:16 [__init__.py:244] Automatically detected platform rocm.
[0;31mE20250902 01:39:37.808433 139768518543104 output_stream.cpp:105] Opened result file: ./profiles/standalone_attn_prefill_and_decode_tp8_prefill_then_decode8_8192_32_1024160_kernel_trace.csv
[m[0;31mE20250902 01:39:37.816391 139768518543104 output_stream.cpp:105] Opened result file: ./profiles/standalone_attn_prefill_and_decode_tp8_prefill_then_decode8_8192_32_1024160_agent_info.csv
[m[0;33mW20250902 01:39:47.437864 139768518543104 tool.cpp:1902] rocprofv3_error_signal_handler caught signal 11...
[m# ---- Run standalone_attn_prefill_and_decode_tp8_prefill_then_decode8_8192_32_2048160 ----
INFO 09-02 01:39:54 [__init__.py:244] Automatically detected platform rocm.
[0;31mE20250902 01:40:15.252748 140659386439424 output_stream.cpp:105] Opened result file: ./profiles/standalone_attn_prefill_and_decode_tp8_prefill_then_decode8_8192_32_2048160_kernel_trace.csv
[m[0;31mE20250902 01:40:15.259446 140659386439424 output_stream.cpp:105] Opened result file: ./profiles/standalone_attn_prefill_and_decode_tp8_prefill_then_decode8_8192_32_2048160_agent_info.csv
[m[0;33mW20250902 01:40:24.988382 140659386439424 tool.cpp:1902] rocprofv3_error_signal_handler caught signal 11...
[m# ---- Run standalone_attn_prefill_and_decode_tp8_prefill_then_decode8_8192_32_4096160 ----
INFO 09-02 01:40:32 [__init__.py:244] Automatically detected platform rocm.
[0;31mE20250902 01:40:53.653088 140179722942208 output_stream.cpp:105] Opened result file: ./profiles/standalone_attn_prefill_and_decode_tp8_prefill_then_decode8_8192_32_4096160_kernel_trace.csv
[m[0;31mE20250902 01:40:53.659843 140179722942208 output_stream.cpp:105] Opened result file: ./profiles/standalone_attn_prefill_and_decode_tp8_prefill_then_decode8_8192_32_4096160_agent_info.csv
[m[0;33mW20250902 01:41:02.722308 140179722942208 tool.cpp:1902] rocprofv3_error_signal_handler caught signal 11...
[m# ---- Run standalone_attn_prefill_and_decode_tp8_prefill_then_decode8_8192_32_8192160 ----
INFO 09-02 01:41:10 [__init__.py:244] Automatically detected platform rocm.
[0;31mE20250902 01:41:31.567597 140037559539456 output_stream.cpp:105] Opened result file: ./profiles/standalone_attn_prefill_and_decode_tp8_prefill_then_decode8_8192_32_8192160_kernel_trace.csv
[m[0;31mE20250902 01:41:31.574641 140037559539456 output_stream.cpp:105] Opened result file: ./profiles/standalone_attn_prefill_and_decode_tp8_prefill_then_decode8_8192_32_8192160_agent_info.csv
[m[0;33mW20250902 01:41:41.504617 140037559539456 tool.cpp:1902] rocprofv3_error_signal_handler caught signal 11...
[m# ---- Run standalone_attn_prefill_and_decode_tp8_prefill_then_decode8_8192_64_256160 ----
INFO 09-02 01:41:48 [__init__.py:244] Automatically detected platform rocm.
[0;31mE20250902 01:42:08.967632 139865708640000 output_stream.cpp:105] Opened result file: ./profiles/standalone_attn_prefill_and_decode_tp8_prefill_then_decode8_8192_64_256160_kernel_trace.csv
[m[0;31mE20250902 01:42:08.974167 139865708640000 output_stream.cpp:105] Opened result file: ./profiles/standalone_attn_prefill_and_decode_tp8_prefill_then_decode8_8192_64_256160_agent_info.csv
[m[0;33mW20250902 01:42:18.022617 139865708640000 tool.cpp:1902] rocprofv3_error_signal_handler caught signal 11...
[m# ---- Run standalone_attn_prefill_and_decode_tp8_prefill_then_decode8_8192_64_512160 ----
INFO 09-02 01:42:24 [__init__.py:244] Automatically detected platform rocm.
[0;31mE20250902 01:42:44.102921 140191942354688 output_stream.cpp:105] Opened result file: ./profiles/standalone_attn_prefill_and_decode_tp8_prefill_then_decode8_8192_64_512160_kernel_trace.csv
[m[0;31mE20250902 01:42:44.110406 140191942354688 output_stream.cpp:105] Opened result file: ./profiles/standalone_attn_prefill_and_decode_tp8_prefill_then_decode8_8192_64_512160_agent_info.csv
[m[0;33mW20250902 01:42:53.388752 140191942354688 tool.cpp:1902] rocprofv3_error_signal_handler caught signal 11...
[m# ---- Run standalone_attn_prefill_and_decode_tp8_prefill_then_decode8_8192_64_1024160 ----
INFO 09-02 01:42:59 [__init__.py:244] Automatically detected platform rocm.
[0;31mE20250902 01:43:20.737077 139943058827008 output_stream.cpp:105] Opened result file: ./profiles/standalone_attn_prefill_and_decode_tp8_prefill_then_decode8_8192_64_1024160_kernel_trace.csv
[m[0;31mE20250902 01:43:20.744776 139943058827008 output_stream.cpp:105] Opened result file: ./profiles/standalone_attn_prefill_and_decode_tp8_prefill_then_decode8_8192_64_1024160_agent_info.csv
[m[0;33mW20250902 01:43:29.446464 139943058827008 tool.cpp:1902] rocprofv3_error_signal_handler caught signal 11...
[m# ---- Run standalone_attn_prefill_and_decode_tp8_prefill_then_decode8_8192_64_2048160 ----
INFO 09-02 01:43:36 [__init__.py:244] Automatically detected platform rocm.
[0;31mE20250902 01:43:56.219863 139930704852736 output_stream.cpp:105] Opened result file: ./profiles/standalone_attn_prefill_and_decode_tp8_prefill_then_decode8_8192_64_2048160_kernel_trace.csv
[m[0;31mE20250902 01:43:56.229079 139930704852736 output_stream.cpp:105] Opened result file: ./profiles/standalone_attn_prefill_and_decode_tp8_prefill_then_decode8_8192_64_2048160_agent_info.csv
[m[0;33mW20250902 01:44:05.277603 139930704852736 tool.cpp:1902] rocprofv3_error_signal_handler caught signal 11...
[m# ---- Run standalone_attn_prefill_and_decode_tp8_prefill_then_decode8_8192_64_4096160 ----
INFO 09-02 01:44:11 [__init__.py:244] Automatically detected platform rocm.
[0;31mE20250902 01:44:32.067149 140469513942784 output_stream.cpp:105] Opened result file: ./profiles/standalone_attn_prefill_and_decode_tp8_prefill_then_decode8_8192_64_4096160_kernel_trace.csv
[m[0;31mE20250902 01:44:32.074238 140469513942784 output_stream.cpp:105] Opened result file: ./profiles/standalone_attn_prefill_and_decode_tp8_prefill_then_decode8_8192_64_4096160_agent_info.csv
[m[0;33mW20250902 01:44:41.296556 140469513942784 tool.cpp:1902] rocprofv3_error_signal_handler caught signal 11...
[m# ---- Run standalone_attn_prefill_and_decode_tp8_prefill_then_decode8_8192_64_8192160 ----
INFO 09-02 01:44:48 [__init__.py:244] Automatically detected platform rocm.
[0;31mE20250902 01:45:07.936695 140322195711744 output_stream.cpp:105] Opened result file: ./profiles/standalone_attn_prefill_and_decode_tp8_prefill_then_decode8_8192_64_8192160_kernel_trace.csv
[m[0;31mE20250902 01:45:07.944542 140322195711744 output_stream.cpp:105] Opened result file: ./profiles/standalone_attn_prefill_and_decode_tp8_prefill_then_decode8_8192_64_8192160_agent_info.csv
[m[0;33mW20250902 01:45:16.904965 140322195711744 tool.cpp:1902] rocprofv3_error_signal_handler caught signal 11...
[m# ---- Run standalone_attn_prefill_and_decode_tp8_prefill_then_decode8_8192_128_256160 ----
INFO 09-02 01:45:23 [__init__.py:244] Automatically detected platform rocm.
[0;31mE20250902 01:45:42.823840 140490990642944 output_stream.cpp:105] Opened result file: ./profiles/standalone_attn_prefill_and_decode_tp8_prefill_then_decode8_8192_128_256160_kernel_trace.csv
[m[0;31mE20250902 01:45:42.831353 140490990642944 output_stream.cpp:105] Opened result file: ./profiles/standalone_attn_prefill_and_decode_tp8_prefill_then_decode8_8192_128_256160_agent_info.csv
[m[0;33mW20250902 01:45:52.806913 140490990642944 tool.cpp:1902] rocprofv3_error_signal_handler caught signal 11...
[m# ---- Run standalone_attn_prefill_and_decode_tp8_prefill_then_decode8_8192_128_512160 ----
INFO 09-02 01:45:59 [__init__.py:244] Automatically detected platform rocm.
[0;31mE20250902 01:46:17.837892 140070937253632 output_stream.cpp:105] Opened result file: ./profiles/standalone_attn_prefill_and_decode_tp8_prefill_then_decode8_8192_128_512160_kernel_trace.csv
[m[0;31mE20250902 01:46:17.844852 140070937253632 output_stream.cpp:105] Opened result file: ./profiles/standalone_attn_prefill_and_decode_tp8_prefill_then_decode8_8192_128_512160_agent_info.csv
[m[0;33mW20250902 01:46:26.805763 140070937253632 tool.cpp:1902] rocprofv3_error_signal_handler caught signal 11...
[m# ---- Run standalone_attn_prefill_and_decode_tp8_prefill_then_decode8_8192_128_1024160 ----
INFO 09-02 01:46:33 [__init__.py:244] Automatically detected platform rocm.
[0;31mE20250902 01:46:51.990161 140366911670016 output_stream.cpp:105] Opened result file: ./profiles/standalone_attn_prefill_and_decode_tp8_prefill_then_decode8_8192_128_1024160_kernel_trace.csv
[m[0;31mE20250902 01:46:51.997173 140366911670016 output_stream.cpp:105] Opened result file: ./profiles/standalone_attn_prefill_and_decode_tp8_prefill_then_decode8_8192_128_1024160_agent_info.csv
[m[0;33mW20250902 01:47:01.770855 140366911670016 tool.cpp:1902] rocprofv3_error_signal_handler caught signal 11...
[m# ---- Run standalone_attn_prefill_and_decode_tp8_prefill_then_decode8_8192_128_2048160 ----
INFO 09-02 01:47:08 [__init__.py:244] Automatically detected platform rocm.
[0;31mE20250902 01:47:26.732055 139887106524928 output_stream.cpp:105] Opened result file: ./profiles/standalone_attn_prefill_and_decode_tp8_prefill_then_decode8_8192_128_2048160_kernel_trace.csv
[m[0;31mE20250902 01:47:26.740026 139887106524928 output_stream.cpp:105] Opened result file: ./profiles/standalone_attn_prefill_and_decode_tp8_prefill_then_decode8_8192_128_2048160_agent_info.csv
[m[0;33mW20250902 01:47:36.047917 139887106524928 tool.cpp:1902] rocprofv3_error_signal_handler caught signal 11...
[m# ---- Run standalone_attn_prefill_and_decode_tp8_prefill_then_decode8_8192_128_4096160 ----
INFO 09-02 01:47:42 [__init__.py:244] Automatically detected platform rocm.
[0;31mE20250902 01:48:01.207815 140251999459072 output_stream.cpp:105] Opened result file: ./profiles/standalone_attn_prefill_and_decode_tp8_prefill_then_decode8_8192_128_4096160_kernel_trace.csv
[m[0;31mE20250902 01:48:01.214834 140251999459072 output_stream.cpp:105] Opened result file: ./profiles/standalone_attn_prefill_and_decode_tp8_prefill_then_decode8_8192_128_4096160_agent_info.csv
[m[0;33mW20250902 01:48:10.182541 140251999459072 tool.cpp:1902] rocprofv3_error_signal_handler caught signal 11...
[m# ---- Run standalone_attn_prefill_and_decode_tp8_prefill_then_decode8_8192_128_8192160 ----
INFO 09-02 01:48:16 [__init__.py:244] Automatically detected platform rocm.
[0;31mE20250902 01:48:34.661920 140233157166848 output_stream.cpp:105] Opened result file: ./profiles/standalone_attn_prefill_and_decode_tp8_prefill_then_decode8_8192_128_8192160_kernel_trace.csv
[m[0;31mE20250902 01:48:34.668828 140233157166848 output_stream.cpp:105] Opened result file: ./profiles/standalone_attn_prefill_and_decode_tp8_prefill_then_decode8_8192_128_8192160_agent_info.csv
[m[0;33mW20250902 01:48:43.699545 140233157166848 tool.cpp:1902] rocprofv3_error_signal_handler caught signal 11...
[m# ---- Run standalone_attn_prefill_and_decode_tp8_prefill_then_decode16_256_1_256160 ----
INFO 09-02 01:48:50 [__init__.py:244] Automatically detected platform rocm.
[0;31mE20250902 01:49:09.449714 140536854259456 output_stream.cpp:105] Opened result file: ./profiles/standalone_attn_prefill_and_decode_tp8_prefill_then_decode16_256_1_256160_kernel_trace.csv
[m[0;31mE20250902 01:49:09.457664 140536854259456 output_stream.cpp:105] Opened result file: ./profiles/standalone_attn_prefill_and_decode_tp8_prefill_then_decode16_256_1_256160_agent_info.csv
[m[0;33mW20250902 01:49:18.781539 140536854259456 tool.cpp:1902] rocprofv3_error_signal_handler caught signal 11...
[m# ---- Run standalone_attn_prefill_and_decode_tp8_prefill_then_decode16_256_1_512160 ----
INFO 09-02 01:49:25 [__init__.py:244] Automatically detected platform rocm.
[0;31mE20250902 01:49:44.358221 139620669773568 output_stream.cpp:105] Opened result file: ./profiles/standalone_attn_prefill_and_decode_tp8_prefill_then_decode16_256_1_512160_kernel_trace.csv
[m[0;31mE20250902 01:49:44.365693 139620669773568 output_stream.cpp:105] Opened result file: ./profiles/standalone_attn_prefill_and_decode_tp8_prefill_then_decode16_256_1_512160_agent_info.csv
[m[0;33mW20250902 01:49:53.309605 139620669773568 tool.cpp:1902] rocprofv3_error_signal_handler caught signal 11...
[m# ---- Run standalone_attn_prefill_and_decode_tp8_prefill_then_decode16_256_1_1024160 ----
INFO 09-02 01:49:59 [__init__.py:244] Automatically detected platform rocm.
[0;31mE20250902 01:50:19.131938 140088991889152 output_stream.cpp:105] Opened result file: ./profiles/standalone_attn_prefill_and_decode_tp8_prefill_then_decode16_256_1_1024160_kernel_trace.csv
[m[0;31mE20250902 01:50:19.139941 140088991889152 output_stream.cpp:105] Opened result file: ./profiles/standalone_attn_prefill_and_decode_tp8_prefill_then_decode16_256_1_1024160_agent_info.csv
[m[0;33mW20250902 01:50:28.202087 140088991889152 tool.cpp:1902] rocprofv3_error_signal_handler caught signal 11...
[m# ---- Run standalone_attn_prefill_and_decode_tp8_prefill_then_decode16_256_1_2048160 ----
INFO 09-02 01:50:34 [__init__.py:244] Automatically detected platform rocm.
[0;31mE20250902 01:50:54.602995 140516147160832 output_stream.cpp:105] Opened result file: ./profiles/standalone_attn_prefill_and_decode_tp8_prefill_then_decode16_256_1_2048160_kernel_trace.csv
[m[0;31mE20250902 01:50:54.610285 140516147160832 output_stream.cpp:105] Opened result file: ./profiles/standalone_attn_prefill_and_decode_tp8_prefill_then_decode16_256_1_2048160_agent_info.csv
[m[0;33mW20250902 01:51:04.342126 140516147160832 tool.cpp:1902] rocprofv3_error_signal_handler caught signal 11...
[m# ---- Run standalone_attn_prefill_and_decode_tp8_prefill_then_decode16_256_1_4096160 ----
INFO 09-02 01:51:11 [__init__.py:244] Automatically detected platform rocm.
[0;31mE20250902 01:51:30.054689 140169684682496 output_stream.cpp:105] Opened result file: ./profiles/standalone_attn_prefill_and_decode_tp8_prefill_then_decode16_256_1_4096160_kernel_trace.csv
[m[0;31mE20250902 01:51:30.060470 140169684682496 output_stream.cpp:105] Opened result file: ./profiles/standalone_attn_prefill_and_decode_tp8_prefill_then_decode16_256_1_4096160_agent_info.csv
[m[0;33mW20250902 01:51:38.561383 140169684682496 tool.cpp:1902] rocprofv3_error_signal_handler caught signal 11...
[m# ---- Run standalone_attn_prefill_and_decode_tp8_prefill_then_decode16_256_1_8192160 ----
INFO 09-02 01:51:44 [__init__.py:244] Automatically detected platform rocm.
[0;31mE20250902 01:52:02.691660 140153859516160 output_stream.cpp:105] Opened result file: ./profiles/standalone_attn_prefill_and_decode_tp8_prefill_then_decode16_256_1_8192160_kernel_trace.csv
[m[0;31mE20250902 01:52:02.698457 140153859516160 output_stream.cpp:105] Opened result file: ./profiles/standalone_attn_prefill_and_decode_tp8_prefill_then_decode16_256_1_8192160_agent_info.csv
[m[0;33mW20250902 01:52:11.266815 140153859516160 tool.cpp:1902] rocprofv3_error_signal_handler caught signal 11...
[m# ---- Run standalone_attn_prefill_and_decode_tp8_prefill_then_decode16_256_2_256160 ----
INFO 09-02 01:52:17 [__init__.py:244] Automatically detected platform rocm.
[0;31mE20250902 01:52:34.869876 139953315055360 output_stream.cpp:105] Opened result file: ./profiles/standalone_attn_prefill_and_decode_tp8_prefill_then_decode16_256_2_256160_kernel_trace.csv
[m[0;31mE20250902 01:52:34.876766 139953315055360 output_stream.cpp:105] Opened result file: ./profiles/standalone_attn_prefill_and_decode_tp8_prefill_then_decode16_256_2_256160_agent_info.csv
[m[0;33mW20250902 01:52:43.413829 139953315055360 tool.cpp:1902] rocprofv3_error_signal_handler caught signal 11...
[m# ---- Run standalone_attn_prefill_and_decode_tp8_prefill_then_decode16_256_2_512160 ----
INFO 09-02 01:52:49 [__init__.py:244] Automatically detected platform rocm.
[0;31mE20250902 01:53:07.516283 140448584296192 output_stream.cpp:105] Opened result file: ./profiles/standalone_attn_prefill_and_decode_tp8_prefill_then_decode16_256_2_512160_kernel_trace.csv
[m[0;31mE20250902 01:53:07.522259 140448584296192 output_stream.cpp:105] Opened result file: ./profiles/standalone_attn_prefill_and_decode_tp8_prefill_then_decode16_256_2_512160_agent_info.csv
[m[0;33mW20250902 01:53:16.091888 140448584296192 tool.cpp:1902] rocprofv3_error_signal_handler caught signal 11...
[m# ---- Run standalone_attn_prefill_and_decode_tp8_prefill_then_decode16_256_2_1024160 ----
INFO 09-02 01:53:22 [__init__.py:244] Automatically detected platform rocm.
[0;31mE20250902 01:53:39.568327 139846625482496 output_stream.cpp:105] Opened result file: ./profiles/standalone_attn_prefill_and_decode_tp8_prefill_then_decode16_256_2_1024160_kernel_trace.csv
[m[0;31mE20250902 01:53:39.574705 139846625482496 output_stream.cpp:105] Opened result file: ./profiles/standalone_attn_prefill_and_decode_tp8_prefill_then_decode16_256_2_1024160_agent_info.csv
[m[0;33mW20250902 01:53:48.102414 139846625482496 tool.cpp:1902] rocprofv3_error_signal_handler caught signal 11...
[m# ---- Run standalone_attn_prefill_and_decode_tp8_prefill_then_decode16_256_2_2048160 ----
INFO 09-02 01:53:54 [__init__.py:244] Automatically detected platform rocm.
[0;31mE20250902 01:54:12.242135 140088144406272 output_stream.cpp:105] Opened result file: ./profiles/standalone_attn_prefill_and_decode_tp8_prefill_then_decode16_256_2_2048160_kernel_trace.csv
[m[0;31mE20250902 01:54:12.248696 140088144406272 output_stream.cpp:105] Opened result file: ./profiles/standalone_attn_prefill_and_decode_tp8_prefill_then_decode16_256_2_2048160_agent_info.csv
[m[0;33mW20250902 01:54:21.488918 140088144406272 tool.cpp:1902] rocprofv3_error_signal_handler caught signal 11...
[m# ---- Run standalone_attn_prefill_and_decode_tp8_prefill_then_decode16_256_2_4096160 ----
INFO 09-02 01:54:27 [__init__.py:244] Automatically detected platform rocm.
[0;31mE20250902 01:54:46.457538 140627417417472 output_stream.cpp:105] Opened result file: ./profiles/standalone_attn_prefill_and_decode_tp8_prefill_then_decode16_256_2_4096160_kernel_trace.csv
[m[0;31mE20250902 01:54:46.463736 140627417417472 output_stream.cpp:105] Opened result file: ./profiles/standalone_attn_prefill_and_decode_tp8_prefill_then_decode16_256_2_4096160_agent_info.csv
[m[0;33mW20250902 01:54:55.293920 140627417417472 tool.cpp:1902] rocprofv3_error_signal_handler caught signal 11...
[m# ---- Run standalone_attn_prefill_and_decode_tp8_prefill_then_decode16_256_2_8192160 ----
INFO 09-02 01:55:01 [__init__.py:244] Automatically detected platform rocm.
[0;31mE20250902 01:55:19.623004 139639190492928 output_stream.cpp:105] Opened result file: ./profiles/standalone_attn_prefill_and_decode_tp8_prefill_then_decode16_256_2_8192160_kernel_trace.csv
[m[0;31mE20250902 01:55:19.629205 139639190492928 output_stream.cpp:105] Opened result file: ./profiles/standalone_attn_prefill_and_decode_tp8_prefill_then_decode16_256_2_8192160_agent_info.csv
[m[0;33mW20250902 01:55:28.286316 139639190492928 tool.cpp:1902] rocprofv3_error_signal_handler caught signal 11...
[m# ---- Run standalone_attn_prefill_and_decode_tp8_prefill_then_decode16_256_4_256160 ----
INFO 09-02 01:55:34 [__init__.py:244] Automatically detected platform rocm.
[0;31mE20250902 01:55:52.071925 139681156257536 output_stream.cpp:105] Opened result file: ./profiles/standalone_attn_prefill_and_decode_tp8_prefill_then_decode16_256_4_256160_kernel_trace.csv
[m[0;31mE20250902 01:55:52.078049 139681156257536 output_stream.cpp:105] Opened result file: ./profiles/standalone_attn_prefill_and_decode_tp8_prefill_then_decode16_256_4_256160_agent_info.csv
[m[0;33mW20250902 01:56:00.656212 139681156257536 tool.cpp:1902] rocprofv3_error_signal_handler caught signal 11...
[m# ---- Run standalone_attn_prefill_and_decode_tp8_prefill_then_decode16_256_4_512160 ----
INFO 09-02 01:56:06 [__init__.py:244] Automatically detected platform rocm.
[0;31mE20250902 01:56:24.112990 140379126957824 output_stream.cpp:105] Opened result file: ./profiles/standalone_attn_prefill_and_decode_tp8_prefill_then_decode16_256_4_512160_kernel_trace.csv
[m[0;31mE20250902 01:56:24.119133 140379126957824 output_stream.cpp:105] Opened result file: ./profiles/standalone_attn_prefill_and_decode_tp8_prefill_then_decode16_256_4_512160_agent_info.csv
[m[0;33mW20250902 01:56:33.072849 140379126957824 tool.cpp:1902] rocprofv3_error_signal_handler caught signal 11...
[m# ---- Run standalone_attn_prefill_and_decode_tp8_prefill_then_decode16_256_4_1024160 ----
INFO 09-02 01:56:38 [__init__.py:244] Automatically detected platform rocm.
[0;31mE20250902 01:56:56.902848 140326591858432 output_stream.cpp:105] Opened result file: ./profiles/standalone_attn_prefill_and_decode_tp8_prefill_then_decode16_256_4_1024160_kernel_trace.csv
[m[0;31mE20250902 01:56:56.909045 140326591858432 output_stream.cpp:105] Opened result file: ./profiles/standalone_attn_prefill_and_decode_tp8_prefill_then_decode16_256_4_1024160_agent_info.csv
[m[0;33mW20250902 01:57:05.307528 140326591858432 tool.cpp:1902] rocprofv3_error_signal_handler caught signal 11...
[m# ---- Run standalone_attn_prefill_and_decode_tp8_prefill_then_decode16_256_4_2048160 ----
INFO 09-02 01:57:11 [__init__.py:244] Automatically detected platform rocm.
[0;31mE20250902 01:57:29.002546 139658264614656 output_stream.cpp:105] Opened result file: ./profiles/standalone_attn_prefill_and_decode_tp8_prefill_then_decode16_256_4_2048160_kernel_trace.csv
[m[0;31mE20250902 01:57:29.009088 139658264614656 output_stream.cpp:105] Opened result file: ./profiles/standalone_attn_prefill_and_decode_tp8_prefill_then_decode16_256_4_2048160_agent_info.csv
[m[0;33mW20250902 01:57:37.864781 139658264614656 tool.cpp:1902] rocprofv3_error_signal_handler caught signal 11...
[m# ---- Run standalone_attn_prefill_and_decode_tp8_prefill_then_decode16_256_4_4096160 ----
INFO 09-02 01:57:44 [__init__.py:244] Automatically detected platform rocm.
[0;31mE20250902 01:58:03.739724 140506877929216 output_stream.cpp:105] Opened result file: ./profiles/standalone_attn_prefill_and_decode_tp8_prefill_then_decode16_256_4_4096160_kernel_trace.csv
[m[0;31mE20250902 01:58:03.746921 140506877929216 output_stream.cpp:105] Opened result file: ./profiles/standalone_attn_prefill_and_decode_tp8_prefill_then_decode16_256_4_4096160_agent_info.csv
[m[0;33mW20250902 01:58:12.968061 140506877929216 tool.cpp:1902] rocprofv3_error_signal_handler caught signal 11...
[m# ---- Run standalone_attn_prefill_and_decode_tp8_prefill_then_decode16_256_4_8192160 ----
INFO 09-02 01:58:20 [__init__.py:244] Automatically detected platform rocm.
[0;31mE20250902 01:58:42.137015 140011471775488 output_stream.cpp:105] Opened result file: ./profiles/standalone_attn_prefill_and_decode_tp8_prefill_then_decode16_256_4_8192160_kernel_trace.csv
[m[0;31mE20250902 01:58:42.143943 140011471775488 output_stream.cpp:105] Opened result file: ./profiles/standalone_attn_prefill_and_decode_tp8_prefill_then_decode16_256_4_8192160_agent_info.csv
[m[0;33mW20250902 01:58:51.120926 140011471775488 tool.cpp:1902] rocprofv3_error_signal_handler caught signal 11...
[m# ---- Run standalone_attn_prefill_and_decode_tp8_prefill_then_decode16_256_8_256160 ----
INFO 09-02 01:58:58 [__init__.py:244] Automatically detected platform rocm.
[0;31mE20250902 01:59:19.878509 140018133255936 output_stream.cpp:105] Opened result file: ./profiles/standalone_attn_prefill_and_decode_tp8_prefill_then_decode16_256_8_256160_kernel_trace.csv
[m[0;31mE20250902 01:59:19.885484 140018133255936 output_stream.cpp:105] Opened result file: ./profiles/standalone_attn_prefill_and_decode_tp8_prefill_then_decode16_256_8_256160_agent_info.csv
[m[0;33mW20250902 01:59:29.615148 140018133255936 tool.cpp:1902] rocprofv3_error_signal_handler caught signal 11...
[m# ---- Run standalone_attn_prefill_and_decode_tp8_prefill_then_decode16_256_8_512160 ----
INFO 09-02 01:59:37 [__init__.py:244] Automatically detected platform rocm.
[0;31mE20250902 01:59:56.553066 139973209523968 output_stream.cpp:105] Opened result file: ./profiles/standalone_attn_prefill_and_decode_tp8_prefill_then_decode16_256_8_512160_kernel_trace.csv
[m[0;31mE20250902 01:59:56.560120 139973209523968 output_stream.cpp:105] Opened result file: ./profiles/standalone_attn_prefill_and_decode_tp8_prefill_then_decode16_256_8_512160_agent_info.csv
[m[0;33mW20250902 02:00:05.106091 139973209523968 tool.cpp:1902] rocprofv3_error_signal_handler caught signal 11...
[m# ---- Run standalone_attn_prefill_and_decode_tp8_prefill_then_decode16_256_8_1024160 ----
INFO 09-02 02:00:11 [__init__.py:244] Automatically detected platform rocm.
[0;31mE20250902 02:00:29.387118 139862319929088 output_stream.cpp:105] Opened result file: ./profiles/standalone_attn_prefill_and_decode_tp8_prefill_then_decode16_256_8_1024160_kernel_trace.csv
[m[0;31mE20250902 02:00:29.393483 139862319929088 output_stream.cpp:105] Opened result file: ./profiles/standalone_attn_prefill_and_decode_tp8_prefill_then_decode16_256_8_1024160_agent_info.csv
[m[0;33mW20250902 02:00:38.365035 139862319929088 tool.cpp:1902] rocprofv3_error_signal_handler caught signal 11...
[m# ---- Run standalone_attn_prefill_and_decode_tp8_prefill_then_decode16_256_8_2048160 ----
INFO 09-02 02:00:44 [__init__.py:244] Automatically detected platform rocm.
[0;31mE20250902 02:01:02.332636 139807018174208 output_stream.cpp:105] Opened result file: ./profiles/standalone_attn_prefill_and_decode_tp8_prefill_then_decode16_256_8_2048160_kernel_trace.csv
[m[0;31mE20250902 02:01:02.338832 139807018174208 output_stream.cpp:105] Opened result file: ./profiles/standalone_attn_prefill_and_decode_tp8_prefill_then_decode16_256_8_2048160_agent_info.csv
[m[0;33mW20250902 02:01:10.901103 139807018174208 tool.cpp:1902] rocprofv3_error_signal_handler caught signal 11...
[m# ---- Run standalone_attn_prefill_and_decode_tp8_prefill_then_decode16_256_8_4096160 ----
INFO 09-02 02:01:16 [__init__.py:244] Automatically detected platform rocm.
[0;31mE20250902 02:01:34.847457 139673590265600 output_stream.cpp:105] Opened result file: ./profiles/standalone_attn_prefill_and_decode_tp8_prefill_then_decode16_256_8_4096160_kernel_trace.csv
[m[0;31mE20250902 02:01:34.853967 139673590265600 output_stream.cpp:105] Opened result file: ./profiles/standalone_attn_prefill_and_decode_tp8_prefill_then_decode16_256_8_4096160_agent_info.csv
[m[0;33mW20250902 02:01:43.777968 139673590265600 tool.cpp:1902] rocprofv3_error_signal_handler caught signal 11...
[m# ---- Run standalone_attn_prefill_and_decode_tp8_prefill_then_decode16_256_8_8192160 ----
INFO 09-02 02:01:49 [__init__.py:244] Automatically detected platform rocm.
[0;31mE20250902 02:02:07.868283 140302315243264 output_stream.cpp:105] Opened result file: ./profiles/standalone_attn_prefill_and_decode_tp8_prefill_then_decode16_256_8_8192160_kernel_trace.csv
[m[0;31mE20250902 02:02:07.874804 140302315243264 output_stream.cpp:105] Opened result file: ./profiles/standalone_attn_prefill_and_decode_tp8_prefill_then_decode16_256_8_8192160_agent_info.csv
[m[0;33mW20250902 02:02:16.750453 140302315243264 tool.cpp:1902] rocprofv3_error_signal_handler caught signal 11...
[m# ---- Run standalone_attn_prefill_and_decode_tp8_prefill_then_decode16_256_16_256160 ----
INFO 09-02 02:02:22 [__init__.py:244] Automatically detected platform rocm.
[0;31mE20250902 02:02:41.071277 140601488623360 output_stream.cpp:105] Opened result file: ./profiles/standalone_attn_prefill_and_decode_tp8_prefill_then_decode16_256_16_256160_kernel_trace.csv
[m[0;31mE20250902 02:02:41.077914 140601488623360 output_stream.cpp:105] Opened result file: ./profiles/standalone_attn_prefill_and_decode_tp8_prefill_then_decode16_256_16_256160_agent_info.csv
[m[0;33mW20250902 02:02:50.052412 140601488623360 tool.cpp:1902] rocprofv3_error_signal_handler caught signal 11...
[m# ---- Run standalone_attn_prefill_and_decode_tp8_prefill_then_decode16_256_16_512160 ----
INFO 09-02 02:02:57 [__init__.py:244] Automatically detected platform rocm.
[0;31mE20250902 02:03:17.239061 140497089373952 output_stream.cpp:105] Opened result file: ./profiles/standalone_attn_prefill_and_decode_tp8_prefill_then_decode16_256_16_512160_kernel_trace.csv
[m[0;31mE20250902 02:03:17.245344 140497089373952 output_stream.cpp:105] Opened result file: ./profiles/standalone_attn_prefill_and_decode_tp8_prefill_then_decode16_256_16_512160_agent_info.csv
[m[0;33mW20250902 02:03:26.121630 140497089373952 tool.cpp:1902] rocprofv3_error_signal_handler caught signal 11...
[m# ---- Run standalone_attn_prefill_and_decode_tp8_prefill_then_decode16_256_16_1024160 ----
INFO 09-02 02:03:32 [__init__.py:244] Automatically detected platform rocm.
[0;31mE20250902 02:03:50.128442 139895388247808 output_stream.cpp:105] Opened result file: ./profiles/standalone_attn_prefill_and_decode_tp8_prefill_then_decode16_256_16_1024160_kernel_trace.csv
[m[0;31mE20250902 02:03:50.134761 139895388247808 output_stream.cpp:105] Opened result file: ./profiles/standalone_attn_prefill_and_decode_tp8_prefill_then_decode16_256_16_1024160_agent_info.csv
[m[0;33mW20250902 02:03:58.680971 139895388247808 tool.cpp:1902] rocprofv3_error_signal_handler caught signal 11...
[m# ---- Run standalone_attn_prefill_and_decode_tp8_prefill_then_decode16_256_16_2048160 ----
INFO 09-02 02:04:04 [__init__.py:244] Automatically detected platform rocm.
[0;31mE20250902 02:04:22.355165 139704187078400 output_stream.cpp:105] Opened result file: ./profiles/standalone_attn_prefill_and_decode_tp8_prefill_then_decode16_256_16_2048160_kernel_trace.csv
[m[0;31mE20250902 02:04:22.361363 139704187078400 output_stream.cpp:105] Opened result file: ./profiles/standalone_attn_prefill_and_decode_tp8_prefill_then_decode16_256_16_2048160_agent_info.csv
[m[0;33mW20250902 02:04:30.765409 139704187078400 tool.cpp:1902] rocprofv3_error_signal_handler caught signal 11...
[m# ---- Run standalone_attn_prefill_and_decode_tp8_prefill_then_decode16_256_16_4096160 ----
INFO 09-02 02:04:36 [__init__.py:244] Automatically detected platform rocm.
[0;31mE20250902 02:04:54.686763 140712501896960 output_stream.cpp:105] Opened result file: ./profiles/standalone_attn_prefill_and_decode_tp8_prefill_then_decode16_256_16_4096160_kernel_trace.csv
[m[0;31mE20250902 02:04:54.693631 140712501896960 output_stream.cpp:105] Opened result file: ./profiles/standalone_attn_prefill_and_decode_tp8_prefill_then_decode16_256_16_4096160_agent_info.csv
[m[0;33mW20250902 02:05:03.222194 140712501896960 tool.cpp:1902] rocprofv3_error_signal_handler caught signal 11...
[m# ---- Run standalone_attn_prefill_and_decode_tp8_prefill_then_decode16_256_16_8192160 ----
INFO 09-02 02:05:09 [__init__.py:244] Automatically detected platform rocm.
[0;31mE20250902 02:05:27.368238 140428562290432 output_stream.cpp:105] Opened result file: ./profiles/standalone_attn_prefill_and_decode_tp8_prefill_then_decode16_256_16_8192160_kernel_trace.csv
[m[0;31mE20250902 02:05:27.374496 140428562290432 output_stream.cpp:105] Opened result file: ./profiles/standalone_attn_prefill_and_decode_tp8_prefill_then_decode16_256_16_8192160_agent_info.csv
[m[0;33mW20250902 02:05:35.894884 140428562290432 tool.cpp:1902] rocprofv3_error_signal_handler caught signal 11...
[m# ---- Run standalone_attn_prefill_and_decode_tp8_prefill_then_decode16_256_32_256160 ----
INFO 09-02 02:05:41 [__init__.py:244] Automatically detected platform rocm.
[0;31mE20250902 02:06:00.426037 140474381653760 output_stream.cpp:105] Opened result file: ./profiles/standalone_attn_prefill_and_decode_tp8_prefill_then_decode16_256_32_256160_kernel_trace.csv
[m[0;31mE20250902 02:06:00.433168 140474381653760 output_stream.cpp:105] Opened result file: ./profiles/standalone_attn_prefill_and_decode_tp8_prefill_then_decode16_256_32_256160_agent_info.csv
[m[0;33mW20250902 02:06:09.463865 140474381653760 tool.cpp:1902] rocprofv3_error_signal_handler caught signal 11...
[m# ---- Run standalone_attn_prefill_and_decode_tp8_prefill_then_decode16_256_32_512160 ----
INFO 09-02 02:06:15 [__init__.py:244] Automatically detected platform rocm.
[0;31mE20250902 02:06:35.698516 139848026593024 output_stream.cpp:105] Opened result file: ./profiles/standalone_attn_prefill_and_decode_tp8_prefill_then_decode16_256_32_512160_kernel_trace.csv
[m[0;31mE20250902 02:06:35.705763 139848026593024 output_stream.cpp:105] Opened result file: ./profiles/standalone_attn_prefill_and_decode_tp8_prefill_then_decode16_256_32_512160_agent_info.csv
[m[0;33mW20250902 02:06:44.905883 139848026593024 tool.cpp:1902] rocprofv3_error_signal_handler caught signal 11...
[m# ---- Run standalone_attn_prefill_and_decode_tp8_prefill_then_decode16_256_32_1024160 ----
INFO 09-02 02:06:51 [__init__.py:244] Automatically detected platform rocm.
[0;31mE20250902 02:07:12.510409 139963949041408 output_stream.cpp:105] Opened result file: ./profiles/standalone_attn_prefill_and_decode_tp8_prefill_then_decode16_256_32_1024160_kernel_trace.csv
[m[0;31mE20250902 02:07:12.517457 139963949041408 output_stream.cpp:105] Opened result file: ./profiles/standalone_attn_prefill_and_decode_tp8_prefill_then_decode16_256_32_1024160_agent_info.csv
[m[0;33mW20250902 02:07:21.466378 139963949041408 tool.cpp:1902] rocprofv3_error_signal_handler caught signal 11...
[m# ---- Run standalone_attn_prefill_and_decode_tp8_prefill_then_decode16_256_32_2048160 ----
INFO 09-02 02:07:28 [__init__.py:244] Automatically detected platform rocm.
[0;31mE20250902 02:07:48.580929 140626510964480 output_stream.cpp:105] Opened result file: ./profiles/standalone_attn_prefill_and_decode_tp8_prefill_then_decode16_256_32_2048160_kernel_trace.csv
[m[0;31mE20250902 02:07:48.587667 140626510964480 output_stream.cpp:105] Opened result file: ./profiles/standalone_attn_prefill_and_decode_tp8_prefill_then_decode16_256_32_2048160_agent_info.csv
[m[0;33mW20250902 02:07:57.577232 140626510964480 tool.cpp:1902] rocprofv3_error_signal_handler caught signal 11...
[m# ---- Run standalone_attn_prefill_and_decode_tp8_prefill_then_decode16_256_32_4096160 ----
INFO 09-02 02:08:04 [__init__.py:244] Automatically detected platform rocm.
[0;31mE20250902 02:08:25.042426 140019063920384 output_stream.cpp:105] Opened result file: ./profiles/standalone_attn_prefill_and_decode_tp8_prefill_then_decode16_256_32_4096160_kernel_trace.csv
[m[0;31mE20250902 02:08:25.049021 140019063920384 output_stream.cpp:105] Opened result file: ./profiles/standalone_attn_prefill_and_decode_tp8_prefill_then_decode16_256_32_4096160_agent_info.csv
[m[0;33mW20250902 02:08:33.622810 140019063920384 tool.cpp:1902] rocprofv3_error_signal_handler caught signal 11...
[m# ---- Run standalone_attn_prefill_and_decode_tp8_prefill_then_decode16_256_32_8192160 ----
INFO 09-02 02:08:39 [__init__.py:244] Automatically detected platform rocm.
[0;31mE20250902 02:08:57.868555 140592515421952 output_stream.cpp:105] Opened result file: ./profiles/standalone_attn_prefill_and_decode_tp8_prefill_then_decode16_256_32_8192160_kernel_trace.csv
[m[0;31mE20250902 02:08:57.874943 140592515421952 output_stream.cpp:105] Opened result file: ./profiles/standalone_attn_prefill_and_decode_tp8_prefill_then_decode16_256_32_8192160_agent_info.csv
[m[0;33mW20250902 02:09:06.301852 140592515421952 tool.cpp:1902] rocprofv3_error_signal_handler caught signal 11...
[m# ---- Run standalone_attn_prefill_and_decode_tp8_prefill_then_decode16_256_64_256160 ----
INFO 09-02 02:09:12 [__init__.py:244] Automatically detected platform rocm.
[0;31mE20250902 02:09:29.418609 140490410358528 output_stream.cpp:105] Opened result file: ./profiles/standalone_attn_prefill_and_decode_tp8_prefill_then_decode16_256_64_256160_kernel_trace.csv
[m[0;31mE20250902 02:09:29.424772 140490410358528 output_stream.cpp:105] Opened result file: ./profiles/standalone_attn_prefill_and_decode_tp8_prefill_then_decode16_256_64_256160_agent_info.csv
[m[0;33mW20250902 02:09:38.746039 140490410358528 tool.cpp:1902] rocprofv3_error_signal_handler caught signal 11...
[m# ---- Run standalone_attn_prefill_and_decode_tp8_prefill_then_decode16_256_64_512160 ----
INFO 09-02 02:09:44 [__init__.py:244] Automatically detected platform rocm.
[0;31mE20250902 02:10:02.029555 140126703216384 output_stream.cpp:105] Opened result file: ./profiles/standalone_attn_prefill_and_decode_tp8_prefill_then_decode16_256_64_512160_kernel_trace.csv
[m[0;31mE20250902 02:10:02.035749 140126703216384 output_stream.cpp:105] Opened result file: ./profiles/standalone_attn_prefill_and_decode_tp8_prefill_then_decode16_256_64_512160_agent_info.csv
[m[0;33mW20250902 02:10:10.952434 140126703216384 tool.cpp:1902] rocprofv3_error_signal_handler caught signal 11...
[m# ---- Run standalone_attn_prefill_and_decode_tp8_prefill_then_decode16_256_64_1024160 ----
INFO 09-02 02:10:16 [__init__.py:244] Automatically detected platform rocm.
[0;31mE20250902 02:10:34.068395 140430161573632 output_stream.cpp:105] Opened result file: ./profiles/standalone_attn_prefill_and_decode_tp8_prefill_then_decode16_256_64_1024160_kernel_trace.csv
[m[0;31mE20250902 02:10:34.074491 140430161573632 output_stream.cpp:105] Opened result file: ./profiles/standalone_attn_prefill_and_decode_tp8_prefill_then_decode16_256_64_1024160_agent_info.csv
[m[0;33mW20250902 02:10:42.282435 140430161573632 tool.cpp:1902] rocprofv3_error_signal_handler caught signal 11...
[m# ---- Run standalone_attn_prefill_and_decode_tp8_prefill_then_decode16_256_64_2048160 ----
INFO 09-02 02:10:48 [__init__.py:244] Automatically detected platform rocm.
[0;31mE20250902 02:11:05.557229 140601079572224 output_stream.cpp:105] Opened result file: ./profiles/standalone_attn_prefill_and_decode_tp8_prefill_then_decode16_256_64_2048160_kernel_trace.csv
[m[0;31mE20250902 02:11:05.563486 140601079572224 output_stream.cpp:105] Opened result file: ./profiles/standalone_attn_prefill_and_decode_tp8_prefill_then_decode16_256_64_2048160_agent_info.csv
[m[0;33mW20250902 02:11:14.237494 140601079572224 tool.cpp:1902] rocprofv3_error_signal_handler caught signal 11...
[m# ---- Run standalone_attn_prefill_and_decode_tp8_prefill_then_decode16_256_64_4096160 ----
INFO 09-02 02:11:19 [__init__.py:244] Automatically detected platform rocm.
[0;31mE20250902 02:11:37.581889 140439250085632 output_stream.cpp:105] Opened result file: ./profiles/standalone_attn_prefill_and_decode_tp8_prefill_then_decode16_256_64_4096160_kernel_trace.csv
[m[0;31mE20250902 02:11:37.588211 140439250085632 output_stream.cpp:105] Opened result file: ./profiles/standalone_attn_prefill_and_decode_tp8_prefill_then_decode16_256_64_4096160_agent_info.csv
[m[0;33mW20250902 02:11:46.172088 140439250085632 tool.cpp:1902] rocprofv3_error_signal_handler caught signal 11...
[m# ---- Run standalone_attn_prefill_and_decode_tp8_prefill_then_decode16_256_64_8192160 ----
INFO 09-02 02:11:52 [__init__.py:244] Automatically detected platform rocm.
[0;31mE20250902 02:12:09.341343 139658297566976 output_stream.cpp:105] Opened result file: ./profiles/standalone_attn_prefill_and_decode_tp8_prefill_then_decode16_256_64_8192160_kernel_trace.csv
[m[0;31mE20250902 02:12:09.347500 139658297566976 output_stream.cpp:105] Opened result file: ./profiles/standalone_attn_prefill_and_decode_tp8_prefill_then_decode16_256_64_8192160_agent_info.csv
[m[0;33mW20250902 02:12:18.031453 139658297566976 tool.cpp:1902] rocprofv3_error_signal_handler caught signal 11...
[m# ---- Run standalone_attn_prefill_and_decode_tp8_prefill_then_decode16_256_128_256160 ----
INFO 09-02 02:12:23 [__init__.py:244] Automatically detected platform rocm.
[0;31mE20250902 02:12:41.089490 140545197528832 output_stream.cpp:105] Opened result file: ./profiles/standalone_attn_prefill_and_decode_tp8_prefill_then_decode16_256_128_256160_kernel_trace.csv
[m[0;31mE20250902 02:12:41.096576 140545197528832 output_stream.cpp:105] Opened result file: ./profiles/standalone_attn_prefill_and_decode_tp8_prefill_then_decode16_256_128_256160_agent_info.csv
[m[0;33mW20250902 02:12:50.654986 140545197528832 tool.cpp:1902] rocprofv3_error_signal_handler caught signal 11...
[m# ---- Run standalone_attn_prefill_and_decode_tp8_prefill_then_decode16_256_128_512160 ----
INFO 09-02 02:12:57 [__init__.py:244] Automatically detected platform rocm.
[0;31mE20250902 02:13:15.829034 140521669445376 output_stream.cpp:105] Opened result file: ./profiles/standalone_attn_prefill_and_decode_tp8_prefill_then_decode16_256_128_512160_kernel_trace.csv
[m[0;31mE20250902 02:13:15.836367 140521669445376 output_stream.cpp:105] Opened result file: ./profiles/standalone_attn_prefill_and_decode_tp8_prefill_then_decode16_256_128_512160_agent_info.csv
[m[0;33mW20250902 02:13:24.966265 140521669445376 tool.cpp:1902] rocprofv3_error_signal_handler caught signal 11...
[m# ---- Run standalone_attn_prefill_and_decode_tp8_prefill_then_decode16_256_128_1024160 ----
INFO 09-02 02:13:30 [__init__.py:244] Automatically detected platform rocm.
[0;31mE20250902 02:13:46.671715 140555792062208 output_stream.cpp:105] Opened result file: ./profiles/standalone_attn_prefill_and_decode_tp8_prefill_then_decode16_256_128_1024160_kernel_trace.csv
[m[0;31mE20250902 02:13:46.677950 140555792062208 output_stream.cpp:105] Opened result file: ./profiles/standalone_attn_prefill_and_decode_tp8_prefill_then_decode16_256_128_1024160_agent_info.csv
[m[0;33mW20250902 02:13:55.238464 140555792062208 tool.cpp:1902] rocprofv3_error_signal_handler caught signal 11...
[m# ---- Run standalone_attn_prefill_and_decode_tp8_prefill_then_decode16_256_128_2048160 ----
INFO 09-02 02:14:00 [__init__.py:244] Automatically detected platform rocm.
[0;31mE20250902 02:14:16.622077 139699173041920 output_stream.cpp:105] Opened result file: ./profiles/standalone_attn_prefill_and_decode_tp8_prefill_then_decode16_256_128_2048160_kernel_trace.csv
[m[0;31mE20250902 02:14:16.627994 139699173041920 output_stream.cpp:105] Opened result file: ./profiles/standalone_attn_prefill_and_decode_tp8_prefill_then_decode16_256_128_2048160_agent_info.csv
[m[0;33mW20250902 02:14:25.121353 139699173041920 tool.cpp:1902] rocprofv3_error_signal_handler caught signal 11...
[m# ---- Run standalone_attn_prefill_and_decode_tp8_prefill_then_decode16_256_128_4096160 ----
INFO 09-02 02:14:30 [__init__.py:244] Automatically detected platform rocm.
[0;31mE20250902 02:14:46.927748 140020222637824 output_stream.cpp:105] Opened result file: ./profiles/standalone_attn_prefill_and_decode_tp8_prefill_then_decode16_256_128_4096160_kernel_trace.csv
[m[0;31mE20250902 02:14:46.935034 140020222637824 output_stream.cpp:105] Opened result file: ./profiles/standalone_attn_prefill_and_decode_tp8_prefill_then_decode16_256_128_4096160_agent_info.csv
[m[0;33mW20250902 02:14:56.356820 140020222637824 tool.cpp:1902] rocprofv3_error_signal_handler caught signal 11...
[m# ---- Run standalone_attn_prefill_and_decode_tp8_prefill_then_decode16_256_128_8192160 ----
INFO 09-02 02:15:03 [__init__.py:244] Automatically detected platform rocm.
[0;31mE20250902 02:15:21.816040 139713192957696 output_stream.cpp:105] Opened result file: ./profiles/standalone_attn_prefill_and_decode_tp8_prefill_then_decode16_256_128_8192160_kernel_trace.csv
[m[0;31mE20250902 02:15:21.823324 139713192957696 output_stream.cpp:105] Opened result file: ./profiles/standalone_attn_prefill_and_decode_tp8_prefill_then_decode16_256_128_8192160_agent_info.csv
[m[0;33mW20250902 02:15:31.413977 139713192957696 tool.cpp:1902] rocprofv3_error_signal_handler caught signal 11...
[m# ---- Run standalone_attn_prefill_and_decode_tp8_prefill_then_decode16_512_1_256160 ----
INFO 09-02 02:15:38 [__init__.py:244] Automatically detected platform rocm.
[0;31mE20250902 02:16:00.220627 140577784928000 output_stream.cpp:105] Opened result file: ./profiles/standalone_attn_prefill_and_decode_tp8_prefill_then_decode16_512_1_256160_kernel_trace.csv
[m[0;31mE20250902 02:16:00.227768 140577784928000 output_stream.cpp:105] Opened result file: ./profiles/standalone_attn_prefill_and_decode_tp8_prefill_then_decode16_512_1_256160_agent_info.csv
[m[0;33mW20250902 02:16:10.305389 140577784928000 tool.cpp:1902] rocprofv3_error_signal_handler caught signal 11...
[m# ---- Run standalone_attn_prefill_and_decode_tp8_prefill_then_decode16_512_1_512160 ----
INFO 09-02 02:16:17 [__init__.py:244] Automatically detected platform rocm.
[0;31mE20250902 02:16:39.782307 140342201935616 output_stream.cpp:105] Opened result file: ./profiles/standalone_attn_prefill_and_decode_tp8_prefill_then_decode16_512_1_512160_kernel_trace.csv
[m[0;31mE20250902 02:16:39.789488 140342201935616 output_stream.cpp:105] Opened result file: ./profiles/standalone_attn_prefill_and_decode_tp8_prefill_then_decode16_512_1_512160_agent_info.csv
[m[0;33mW20250902 02:16:49.417153 140342201935616 tool.cpp:1902] rocprofv3_error_signal_handler caught signal 11...
[m# ---- Run standalone_attn_prefill_and_decode_tp8_prefill_then_decode16_512_1_1024160 ----
INFO 09-02 02:16:56 [__init__.py:244] Automatically detected platform rocm.
[0;31mE20250902 02:17:17.562726 140651172022016 output_stream.cpp:105] Opened result file: ./profiles/standalone_attn_prefill_and_decode_tp8_prefill_then_decode16_512_1_1024160_kernel_trace.csv
[m[0;31mE20250902 02:17:17.569711 140651172022016 output_stream.cpp:105] Opened result file: ./profiles/standalone_attn_prefill_and_decode_tp8_prefill_then_decode16_512_1_1024160_agent_info.csv
[m[0;33mW20250902 02:17:26.925667 140651172022016 tool.cpp:1902] rocprofv3_error_signal_handler caught signal 11...
[m# ---- Run standalone_attn_prefill_and_decode_tp8_prefill_then_decode16_512_1_2048160 ----
INFO 09-02 02:17:34 [__init__.py:244] Automatically detected platform rocm.
[0;31mE20250902 02:17:55.022211 139852732319488 output_stream.cpp:105] Opened result file: ./profiles/standalone_attn_prefill_and_decode_tp8_prefill_then_decode16_512_1_2048160_kernel_trace.csv
[m[0;31mE20250902 02:17:55.029270 139852732319488 output_stream.cpp:105] Opened result file: ./profiles/standalone_attn_prefill_and_decode_tp8_prefill_then_decode16_512_1_2048160_agent_info.csv
[m[0;33mW20250902 02:18:04.266805 139852732319488 tool.cpp:1902] rocprofv3_error_signal_handler caught signal 11...
[m# ---- Run standalone_attn_prefill_and_decode_tp8_prefill_then_decode16_512_1_4096160 ----
INFO 09-02 02:18:11 [__init__.py:244] Automatically detected platform rocm.
[0;31mE20250902 02:18:31.068220 140046346962688 output_stream.cpp:105] Opened result file: ./profiles/standalone_attn_prefill_and_decode_tp8_prefill_then_decode16_512_1_4096160_kernel_trace.csv
[m[0;31mE20250902 02:18:31.075295 140046346962688 output_stream.cpp:105] Opened result file: ./profiles/standalone_attn_prefill_and_decode_tp8_prefill_then_decode16_512_1_4096160_agent_info.csv
[m[0;33mW20250902 02:18:40.345312 140046346962688 tool.cpp:1902] rocprofv3_error_signal_handler caught signal 11...
[m# ---- Run standalone_attn_prefill_and_decode_tp8_prefill_then_decode16_512_1_8192160 ----
INFO 09-02 02:18:46 [__init__.py:244] Automatically detected platform rocm.
[0;31mE20250902 02:19:04.998093 140148184270592 output_stream.cpp:105] Opened result file: ./profiles/standalone_attn_prefill_and_decode_tp8_prefill_then_decode16_512_1_8192160_kernel_trace.csv
[m[0;31mE20250902 02:19:05.004729 140148184270592 output_stream.cpp:105] Opened result file: ./profiles/standalone_attn_prefill_and_decode_tp8_prefill_then_decode16_512_1_8192160_agent_info.csv
[m[0;33mW20250902 02:19:13.857062 140148184270592 tool.cpp:1902] rocprofv3_error_signal_handler caught signal 11...
[m# ---- Run standalone_attn_prefill_and_decode_tp8_prefill_then_decode16_512_2_256160 ----
INFO 09-02 02:19:20 [__init__.py:244] Automatically detected platform rocm.
[0;31mE20250902 02:19:38.544892 139846980044544 output_stream.cpp:105] Opened result file: ./profiles/standalone_attn_prefill_and_decode_tp8_prefill_then_decode16_512_2_256160_kernel_trace.csv
[m[0;31mE20250902 02:19:38.551748 139846980044544 output_stream.cpp:105] Opened result file: ./profiles/standalone_attn_prefill_and_decode_tp8_prefill_then_decode16_512_2_256160_agent_info.csv
[m[0;33mW20250902 02:19:47.333773 139846980044544 tool.cpp:1902] rocprofv3_error_signal_handler caught signal 11...
[m# ---- Run standalone_attn_prefill_and_decode_tp8_prefill_then_decode16_512_2_512160 ----
INFO 09-02 02:19:53 [__init__.py:244] Automatically detected platform rocm.
[0;31mE20250902 02:20:11.618526 139638689445632 output_stream.cpp:105] Opened result file: ./profiles/standalone_attn_prefill_and_decode_tp8_prefill_then_decode16_512_2_512160_kernel_trace.csv
[m[0;31mE20250902 02:20:11.625839 139638689445632 output_stream.cpp:105] Opened result file: ./profiles/standalone_attn_prefill_and_decode_tp8_prefill_then_decode16_512_2_512160_agent_info.csv
[m[0;33mW20250902 02:20:20.502987 139638689445632 tool.cpp:1902] rocprofv3_error_signal_handler caught signal 11...
[m# ---- Run standalone_attn_prefill_and_decode_tp8_prefill_then_decode16_512_2_1024160 ----
INFO 09-02 02:20:26 [__init__.py:244] Automatically detected platform rocm.
[0;31mE20250902 02:20:45.266669 139689843291904 output_stream.cpp:105] Opened result file: ./profiles/standalone_attn_prefill_and_decode_tp8_prefill_then_decode16_512_2_1024160_kernel_trace.csv
[m[0;31mE20250902 02:20:45.274628 139689843291904 output_stream.cpp:105] Opened result file: ./profiles/standalone_attn_prefill_and_decode_tp8_prefill_then_decode16_512_2_1024160_agent_info.csv
[m[0;33mW20250902 02:20:54.317636 139689843291904 tool.cpp:1902] rocprofv3_error_signal_handler caught signal 11...
[m# ---- Run standalone_attn_prefill_and_decode_tp8_prefill_then_decode16_512_2_2048160 ----
INFO 09-02 02:21:00 [__init__.py:244] Automatically detected platform rocm.
[0;31mE20250902 02:21:18.499348 140614917703424 output_stream.cpp:105] Opened result file: ./profiles/standalone_attn_prefill_and_decode_tp8_prefill_then_decode16_512_2_2048160_kernel_trace.csv
[m[0;31mE20250902 02:21:18.506953 140614917703424 output_stream.cpp:105] Opened result file: ./profiles/standalone_attn_prefill_and_decode_tp8_prefill_then_decode16_512_2_2048160_agent_info.csv
[m[0;33mW20250902 02:21:27.764467 140614917703424 tool.cpp:1902] rocprofv3_error_signal_handler caught signal 11...
[m# ---- Run standalone_attn_prefill_and_decode_tp8_prefill_then_decode16_512_2_4096160 ----
INFO 09-02 02:21:33 [__init__.py:244] Automatically detected platform rocm.
[0;31mE20250902 02:21:51.918528 140141349848832 output_stream.cpp:105] Opened result file: ./profiles/standalone_attn_prefill_and_decode_tp8_prefill_then_decode16_512_2_4096160_kernel_trace.csv
[m[0;31mE20250902 02:21:51.926099 140141349848832 output_stream.cpp:105] Opened result file: ./profiles/standalone_attn_prefill_and_decode_tp8_prefill_then_decode16_512_2_4096160_agent_info.csv
[m[0;33mW20250902 02:22:00.948139 140141349848832 tool.cpp:1902] rocprofv3_error_signal_handler caught signal 11...
[m# ---- Run standalone_attn_prefill_and_decode_tp8_prefill_then_decode16_512_2_8192160 ----
INFO 09-02 02:22:07 [__init__.py:244] Automatically detected platform rocm.
[0;31mE20250902 02:22:25.206239 139995392120576 output_stream.cpp:105] Opened result file: ./profiles/standalone_attn_prefill_and_decode_tp8_prefill_then_decode16_512_2_8192160_kernel_trace.csv
[m[0;31mE20250902 02:22:25.213464 139995392120576 output_stream.cpp:105] Opened result file: ./profiles/standalone_attn_prefill_and_decode_tp8_prefill_then_decode16_512_2_8192160_agent_info.csv
[m[0;33mW20250902 02:22:33.843893 139995392120576 tool.cpp:1902] rocprofv3_error_signal_handler caught signal 11...
[m# ---- Run standalone_attn_prefill_and_decode_tp8_prefill_then_decode16_512_4_256160 ----
INFO 09-02 02:22:39 [__init__.py:244] Automatically detected platform rocm.
[0;31mE20250902 02:22:59.773582 139856016123648 output_stream.cpp:105] Opened result file: ./profiles/standalone_attn_prefill_and_decode_tp8_prefill_then_decode16_512_4_256160_kernel_trace.csv
[m[0;31mE20250902 02:22:59.781041 139856016123648 output_stream.cpp:105] Opened result file: ./profiles/standalone_attn_prefill_and_decode_tp8_prefill_then_decode16_512_4_256160_agent_info.csv
[m[0;33mW20250902 02:23:09.027750 139856016123648 tool.cpp:1902] rocprofv3_error_signal_handler caught signal 11...
[m# ---- Run standalone_attn_prefill_and_decode_tp8_prefill_then_decode16_512_4_512160 ----
INFO 09-02 02:23:16 [__init__.py:244] Automatically detected platform rocm.
[0;31mE20250902 02:23:36.081656 140650767386368 output_stream.cpp:105] Opened result file: ./profiles/standalone_attn_prefill_and_decode_tp8_prefill_then_decode16_512_4_512160_kernel_trace.csv
[m[0;31mE20250902 02:23:36.088742 140650767386368 output_stream.cpp:105] Opened result file: ./profiles/standalone_attn_prefill_and_decode_tp8_prefill_then_decode16_512_4_512160_agent_info.csv
[m[0;33mW20250902 02:23:45.429214 140650767386368 tool.cpp:1902] rocprofv3_error_signal_handler caught signal 11...
[m# ---- Run standalone_attn_prefill_and_decode_tp8_prefill_then_decode16_512_4_1024160 ----
INFO 09-02 02:23:51 [__init__.py:244] Automatically detected platform rocm.
[0;31mE20250902 02:24:09.879148 139897629177600 output_stream.cpp:105] Opened result file: ./profiles/standalone_attn_prefill_and_decode_tp8_prefill_then_decode16_512_4_1024160_kernel_trace.csv
[m[0;31mE20250902 02:24:09.885932 139897629177600 output_stream.cpp:105] Opened result file: ./profiles/standalone_attn_prefill_and_decode_tp8_prefill_then_decode16_512_4_1024160_agent_info.csv
[m[0;33mW20250902 02:24:18.343116 139897629177600 tool.cpp:1902] rocprofv3_error_signal_handler caught signal 11...
[m# ---- Run standalone_attn_prefill_and_decode_tp8_prefill_then_decode16_512_4_2048160 ----
INFO 09-02 02:24:24 [__init__.py:244] Automatically detected platform rocm.
[0;31mE20250902 02:24:45.632623 140025016342272 output_stream.cpp:105] Opened result file: ./profiles/standalone_attn_prefill_and_decode_tp8_prefill_then_decode16_512_4_2048160_kernel_trace.csv
[m[0;31mE20250902 02:24:45.640595 140025016342272 output_stream.cpp:105] Opened result file: ./profiles/standalone_attn_prefill_and_decode_tp8_prefill_then_decode16_512_4_2048160_agent_info.csv
[m[0;33mW20250902 02:24:54.725497 140025016342272 tool.cpp:1902] rocprofv3_error_signal_handler caught signal 11...
[m# ---- Run standalone_attn_prefill_and_decode_tp8_prefill_then_decode16_512_4_4096160 ----
INFO 09-02 02:25:02 [__init__.py:244] Automatically detected platform rocm.
[0;31mE20250902 02:25:21.794478 140192752334592 output_stream.cpp:105] Opened result file: ./profiles/standalone_attn_prefill_and_decode_tp8_prefill_then_decode16_512_4_4096160_kernel_trace.csv
[m[0;31mE20250902 02:25:21.800788 140192752334592 output_stream.cpp:105] Opened result file: ./profiles/standalone_attn_prefill_and_decode_tp8_prefill_then_decode16_512_4_4096160_agent_info.csv
[m[0;33mW20250902 02:25:31.174015 140192752334592 tool.cpp:1902] rocprofv3_error_signal_handler caught signal 11...
[m# ---- Run standalone_attn_prefill_and_decode_tp8_prefill_then_decode16_512_4_8192160 ----
INFO 09-02 02:25:37 [__init__.py:244] Automatically detected platform rocm.
[0;31mE20250902 02:25:58.212005 140523487229696 output_stream.cpp:105] Opened result file: ./profiles/standalone_attn_prefill_and_decode_tp8_prefill_then_decode16_512_4_8192160_kernel_trace.csv
[m[0;31mE20250902 02:25:58.218721 140523487229696 output_stream.cpp:105] Opened result file: ./profiles/standalone_attn_prefill_and_decode_tp8_prefill_then_decode16_512_4_8192160_agent_info.csv
[m[0;33mW20250902 02:26:07.518908 140523487229696 tool.cpp:1902] rocprofv3_error_signal_handler caught signal 11...
[m# ---- Run standalone_attn_prefill_and_decode_tp8_prefill_then_decode16_512_8_256160 ----
INFO 09-02 02:26:14 [__init__.py:244] Automatically detected platform rocm.
[0;31mE20250902 02:26:35.489785 140278177355520 output_stream.cpp:105] Opened result file: ./profiles/standalone_attn_prefill_and_decode_tp8_prefill_then_decode16_512_8_256160_kernel_trace.csv
[m[0;31mE20250902 02:26:35.496562 140278177355520 output_stream.cpp:105] Opened result file: ./profiles/standalone_attn_prefill_and_decode_tp8_prefill_then_decode16_512_8_256160_agent_info.csv
[m[0;33mW20250902 02:26:44.725669 140278177355520 tool.cpp:1902] rocprofv3_error_signal_handler caught signal 11...
[m# ---- Run standalone_attn_prefill_and_decode_tp8_prefill_then_decode16_512_8_512160 ----
INFO 09-02 02:26:51 [__init__.py:244] Automatically detected platform rocm.
[0;31mE20250902 02:27:14.094168 140576438662912 output_stream.cpp:105] Opened result file: ./profiles/standalone_attn_prefill_and_decode_tp8_prefill_then_decode16_512_8_512160_kernel_trace.csv
[m[0;31mE20250902 02:27:14.100781 140576438662912 output_stream.cpp:105] Opened result file: ./profiles/standalone_attn_prefill_and_decode_tp8_prefill_then_decode16_512_8_512160_agent_info.csv
[m[0;33mW20250902 02:27:23.296854 140576438662912 tool.cpp:1902] rocprofv3_error_signal_handler caught signal 11...
[m# ---- Run standalone_attn_prefill_and_decode_tp8_prefill_then_decode16_512_8_1024160 ----
INFO 09-02 02:27:30 [__init__.py:244] Automatically detected platform rocm.
[0;31mE20250902 02:27:51.177224 139765980018432 output_stream.cpp:105] Opened result file: ./profiles/standalone_attn_prefill_and_decode_tp8_prefill_then_decode16_512_8_1024160_kernel_trace.csv
[m[0;31mE20250902 02:27:51.183364 139765980018432 output_stream.cpp:105] Opened result file: ./profiles/standalone_attn_prefill_and_decode_tp8_prefill_then_decode16_512_8_1024160_agent_info.csv
[m[0;33mW20250902 02:28:00.159662 139765980018432 tool.cpp:1902] rocprofv3_error_signal_handler caught signal 11...
[m# ---- Run standalone_attn_prefill_and_decode_tp8_prefill_then_decode16_512_8_2048160 ----
INFO 09-02 02:28:07 [__init__.py:244] Automatically detected platform rocm.
[0;31mE20250902 02:28:26.997501 139710598108928 output_stream.cpp:105] Opened result file: ./profiles/standalone_attn_prefill_and_decode_tp8_prefill_then_decode16_512_8_2048160_kernel_trace.csv
[m[0;31mE20250902 02:28:27.004366 139710598108928 output_stream.cpp:105] Opened result file: ./profiles/standalone_attn_prefill_and_decode_tp8_prefill_then_decode16_512_8_2048160_agent_info.csv
[m[0;33mW20250902 02:28:36.357033 139710598108928 tool.cpp:1902] rocprofv3_error_signal_handler caught signal 11...
[m# ---- Run standalone_attn_prefill_and_decode_tp8_prefill_then_decode16_512_8_4096160 ----
INFO 09-02 02:28:43 [__init__.py:244] Automatically detected platform rocm.
[0;31mE20250902 02:29:02.534030 139920165164800 output_stream.cpp:105] Opened result file: ./profiles/standalone_attn_prefill_and_decode_tp8_prefill_then_decode16_512_8_4096160_kernel_trace.csv
[m[0;31mE20250902 02:29:02.541152 139920165164800 output_stream.cpp:105] Opened result file: ./profiles/standalone_attn_prefill_and_decode_tp8_prefill_then_decode16_512_8_4096160_agent_info.csv
[m[0;33mW20250902 02:29:11.534725 139920165164800 tool.cpp:1902] rocprofv3_error_signal_handler caught signal 11...
[m# ---- Run standalone_attn_prefill_and_decode_tp8_prefill_then_decode16_512_8_8192160 ----
INFO 09-02 02:29:17 [__init__.py:244] Automatically detected platform rocm.
[0;31mE20250902 02:29:36.391990 139842614707968 output_stream.cpp:105] Opened result file: ./profiles/standalone_attn_prefill_and_decode_tp8_prefill_then_decode16_512_8_8192160_kernel_trace.csv
[m[0;31mE20250902 02:29:36.398695 139842614707968 output_stream.cpp:105] Opened result file: ./profiles/standalone_attn_prefill_and_decode_tp8_prefill_then_decode16_512_8_8192160_agent_info.csv
[m[0;33mW20250902 02:29:45.255375 139842614707968 tool.cpp:1902] rocprofv3_error_signal_handler caught signal 11...
[m# ---- Run standalone_attn_prefill_and_decode_tp8_prefill_then_decode16_512_16_256160 ----
INFO 09-02 02:29:51 [__init__.py:244] Automatically detected platform rocm.
[0;31mE20250902 02:30:10.580924 140266707912448 output_stream.cpp:105] Opened result file: ./profiles/standalone_attn_prefill_and_decode_tp8_prefill_then_decode16_512_16_256160_kernel_trace.csv
[m[0;31mE20250902 02:30:10.588181 140266707912448 output_stream.cpp:105] Opened result file: ./profiles/standalone_attn_prefill_and_decode_tp8_prefill_then_decode16_512_16_256160_agent_info.csv
[m[0;33mW20250902 02:30:19.511337 140266707912448 tool.cpp:1902] rocprofv3_error_signal_handler caught signal 11...
[m# ---- Run standalone_attn_prefill_and_decode_tp8_prefill_then_decode16_512_16_512160 ----
INFO 09-02 02:30:26 [__init__.py:244] Automatically detected platform rocm.
[0;31mE20250902 02:30:45.674096 139967925196544 output_stream.cpp:105] Opened result file: ./profiles/standalone_attn_prefill_and_decode_tp8_prefill_then_decode16_512_16_512160_kernel_trace.csv
[m[0;31mE20250902 02:30:45.681844 139967925196544 output_stream.cpp:105] Opened result file: ./profiles/standalone_attn_prefill_and_decode_tp8_prefill_then_decode16_512_16_512160_agent_info.csv
[m[0;33mW20250902 02:30:54.795383 139967925196544 tool.cpp:1902] rocprofv3_error_signal_handler caught signal 11...
[m# ---- Run standalone_attn_prefill_and_decode_tp8_prefill_then_decode16_512_16_1024160 ----
INFO 09-02 02:31:01 [__init__.py:244] Automatically detected platform rocm.
[0;31mE20250902 02:31:19.854339 140420509697792 output_stream.cpp:105] Opened result file: ./profiles/standalone_attn_prefill_and_decode_tp8_prefill_then_decode16_512_16_1024160_kernel_trace.csv
[m[0;31mE20250902 02:31:19.861830 140420509697792 output_stream.cpp:105] Opened result file: ./profiles/standalone_attn_prefill_and_decode_tp8_prefill_then_decode16_512_16_1024160_agent_info.csv
[m[0;33mW20250902 02:31:29.183785 140420509697792 tool.cpp:1902] rocprofv3_error_signal_handler caught signal 11...
[m# ---- Run standalone_attn_prefill_and_decode_tp8_prefill_then_decode16_512_16_2048160 ----
INFO 09-02 02:31:35 [__init__.py:244] Automatically detected platform rocm.
[0;31mE20250902 02:31:54.474730 140439137568512 output_stream.cpp:105] Opened result file: ./profiles/standalone_attn_prefill_and_decode_tp8_prefill_then_decode16_512_16_2048160_kernel_trace.csv
[m[0;31mE20250902 02:31:54.482091 140439137568512 output_stream.cpp:105] Opened result file: ./profiles/standalone_attn_prefill_and_decode_tp8_prefill_then_decode16_512_16_2048160_agent_info.csv
[m[0;33mW20250902 02:32:03.560957 140439137568512 tool.cpp:1902] rocprofv3_error_signal_handler caught signal 11...
[m# ---- Run standalone_attn_prefill_and_decode_tp8_prefill_then_decode16_512_16_4096160 ----
INFO 09-02 02:32:09 [__init__.py:244] Automatically detected platform rocm.
[0;31mE20250902 02:32:28.809513 139852811114240 output_stream.cpp:105] Opened result file: ./profiles/standalone_attn_prefill_and_decode_tp8_prefill_then_decode16_512_16_4096160_kernel_trace.csv
[m[0;31mE20250902 02:32:28.816822 139852811114240 output_stream.cpp:105] Opened result file: ./profiles/standalone_attn_prefill_and_decode_tp8_prefill_then_decode16_512_16_4096160_agent_info.csv
[m[0;33mW20250902 02:32:37.957260 139852811114240 tool.cpp:1902] rocprofv3_error_signal_handler caught signal 11...
[m# ---- Run standalone_attn_prefill_and_decode_tp8_prefill_then_decode16_512_16_8192160 ----
INFO 09-02 02:32:44 [__init__.py:244] Automatically detected platform rocm.
[0;31mE20250902 02:33:03.486334 140624485721856 output_stream.cpp:105] Opened result file: ./profiles/standalone_attn_prefill_and_decode_tp8_prefill_then_decode16_512_16_8192160_kernel_trace.csv
[m[0;31mE20250902 02:33:03.493652 140624485721856 output_stream.cpp:105] Opened result file: ./profiles/standalone_attn_prefill_and_decode_tp8_prefill_then_decode16_512_16_8192160_agent_info.csv
[m[0;33mW20250902 02:33:12.845157 140624485721856 tool.cpp:1902] rocprofv3_error_signal_handler caught signal 11...
[m# ---- Run standalone_attn_prefill_and_decode_tp8_prefill_then_decode16_512_32_256160 ----
INFO 09-02 02:33:19 [__init__.py:244] Automatically detected platform rocm.
[0;31mE20250902 02:33:38.732843 140667236398848 output_stream.cpp:105] Opened result file: ./profiles/standalone_attn_prefill_and_decode_tp8_prefill_then_decode16_512_32_256160_kernel_trace.csv
[m[0;31mE20250902 02:33:38.739818 140667236398848 output_stream.cpp:105] Opened result file: ./profiles/standalone_attn_prefill_and_decode_tp8_prefill_then_decode16_512_32_256160_agent_info.csv
[m[0;33mW20250902 02:33:47.881048 140667236398848 tool.cpp:1902] rocprofv3_error_signal_handler caught signal 11...
[m# ---- Run standalone_attn_prefill_and_decode_tp8_prefill_then_decode16_512_32_512160 ----
INFO 09-02 02:33:54 [__init__.py:244] Automatically detected platform rocm.
[0;31mE20250902 02:34:13.440353 139706204358400 output_stream.cpp:105] Opened result file: ./profiles/standalone_attn_prefill_and_decode_tp8_prefill_then_decode16_512_32_512160_kernel_trace.csv
[m[0;31mE20250902 02:34:13.448237 139706204358400 output_stream.cpp:105] Opened result file: ./profiles/standalone_attn_prefill_and_decode_tp8_prefill_then_decode16_512_32_512160_agent_info.csv
[m[0;33mW20250902 02:34:22.704461 139706204358400 tool.cpp:1902] rocprofv3_error_signal_handler caught signal 11...
[m# ---- Run standalone_attn_prefill_and_decode_tp8_prefill_then_decode16_512_32_1024160 ----
INFO 09-02 02:34:29 [__init__.py:244] Automatically detected platform rocm.
[0;31mE20250902 02:34:49.487051 140502921938688 output_stream.cpp:105] Opened result file: ./profiles/standalone_attn_prefill_and_decode_tp8_prefill_then_decode16_512_32_1024160_kernel_trace.csv
[m[0;31mE20250902 02:34:49.495193 140502921938688 output_stream.cpp:105] Opened result file: ./profiles/standalone_attn_prefill_and_decode_tp8_prefill_then_decode16_512_32_1024160_agent_info.csv
[m[0;33mW20250902 02:34:58.991578 140502921938688 tool.cpp:1902] rocprofv3_error_signal_handler caught signal 11...
[m# ---- Run standalone_attn_prefill_and_decode_tp8_prefill_then_decode16_512_32_2048160 ----
INFO 09-02 02:35:06 [__init__.py:244] Automatically detected platform rocm.
[0;31mE20250902 02:35:27.156892 140205334640384 output_stream.cpp:105] Opened result file: ./profiles/standalone_attn_prefill_and_decode_tp8_prefill_then_decode16_512_32_2048160_kernel_trace.csv
[m[0;31mE20250902 02:35:27.164453 140205334640384 output_stream.cpp:105] Opened result file: ./profiles/standalone_attn_prefill_and_decode_tp8_prefill_then_decode16_512_32_2048160_agent_info.csv
[m[0;33mW20250902 02:35:36.070195 140205334640384 tool.cpp:1902] rocprofv3_error_signal_handler caught signal 11...
[m# ---- Run standalone_attn_prefill_and_decode_tp8_prefill_then_decode16_512_32_4096160 ----
INFO 09-02 02:35:43 [__init__.py:244] Automatically detected platform rocm.
[0;31mE20250902 02:36:02.813713 139687265199872 output_stream.cpp:105] Opened result file: ./profiles/standalone_attn_prefill_and_decode_tp8_prefill_then_decode16_512_32_4096160_kernel_trace.csv
[m[0;31mE20250902 02:36:02.821163 139687265199872 output_stream.cpp:105] Opened result file: ./profiles/standalone_attn_prefill_and_decode_tp8_prefill_then_decode16_512_32_4096160_agent_info.csv
[m[0;33mW20250902 02:36:11.948144 139687265199872 tool.cpp:1902] rocprofv3_error_signal_handler caught signal 11...
[m# ---- Run standalone_attn_prefill_and_decode_tp8_prefill_then_decode16_512_32_8192160 ----
INFO 09-02 02:36:18 [__init__.py:244] Automatically detected platform rocm.
[0;31mE20250902 02:36:37.229099 139987904849664 output_stream.cpp:105] Opened result file: ./profiles/standalone_attn_prefill_and_decode_tp8_prefill_then_decode16_512_32_8192160_kernel_trace.csv
[m[0;31mE20250902 02:36:37.235778 139987904849664 output_stream.cpp:105] Opened result file: ./profiles/standalone_attn_prefill_and_decode_tp8_prefill_then_decode16_512_32_8192160_agent_info.csv
[m[0;33mW20250902 02:36:46.634701 139987904849664 tool.cpp:1902] rocprofv3_error_signal_handler caught signal 11...
[m# ---- Run standalone_attn_prefill_and_decode_tp8_prefill_then_decode16_512_64_256160 ----
INFO 09-02 02:36:53 [__init__.py:244] Automatically detected platform rocm.
[0;31mE20250902 02:37:12.059595 139898952419072 output_stream.cpp:105] Opened result file: ./profiles/standalone_attn_prefill_and_decode_tp8_prefill_then_decode16_512_64_256160_kernel_trace.csv
[m[0;31mE20250902 02:37:12.067304 139898952419072 output_stream.cpp:105] Opened result file: ./profiles/standalone_attn_prefill_and_decode_tp8_prefill_then_decode16_512_64_256160_agent_info.csv
[m[0;33mW20250902 02:37:20.848505 139898952419072 tool.cpp:1902] rocprofv3_error_signal_handler caught signal 11...
[m# ---- Run standalone_attn_prefill_and_decode_tp8_prefill_then_decode16_512_64_512160 ----
INFO 09-02 02:37:26 [__init__.py:244] Automatically detected platform rocm.
[0;31mE20250902 02:37:46.056434 140632820659968 output_stream.cpp:105] Opened result file: ./profiles/standalone_attn_prefill_and_decode_tp8_prefill_then_decode16_512_64_512160_kernel_trace.csv
[m[0;31mE20250902 02:37:46.063446 140632820659968 output_stream.cpp:105] Opened result file: ./profiles/standalone_attn_prefill_and_decode_tp8_prefill_then_decode16_512_64_512160_agent_info.csv
[m[0;33mW20250902 02:37:55.084839 140632820659968 tool.cpp:1902] rocprofv3_error_signal_handler caught signal 11...
[m# ---- Run standalone_attn_prefill_and_decode_tp8_prefill_then_decode16_512_64_1024160 ----
INFO 09-02 02:38:02 [__init__.py:244] Automatically detected platform rocm.
[0;31mE20250902 02:38:22.682458 139682071983872 output_stream.cpp:105] Opened result file: ./profiles/standalone_attn_prefill_and_decode_tp8_prefill_then_decode16_512_64_1024160_kernel_trace.csv
[m[0;31mE20250902 02:38:22.689427 139682071983872 output_stream.cpp:105] Opened result file: ./profiles/standalone_attn_prefill_and_decode_tp8_prefill_then_decode16_512_64_1024160_agent_info.csv
[m[0;33mW20250902 02:38:32.202122 139682071983872 tool.cpp:1902] rocprofv3_error_signal_handler caught signal 11...
[m# ---- Run standalone_attn_prefill_and_decode_tp8_prefill_then_decode16_512_64_2048160 ----
INFO 09-02 02:38:39 [__init__.py:244] Automatically detected platform rocm.
[0;31mE20250902 02:39:00.350359 140607548004096 output_stream.cpp:105] Opened result file: ./profiles/standalone_attn_prefill_and_decode_tp8_prefill_then_decode16_512_64_2048160_kernel_trace.csv
[m[0;31mE20250902 02:39:00.357710 140607548004096 output_stream.cpp:105] Opened result file: ./profiles/standalone_attn_prefill_and_decode_tp8_prefill_then_decode16_512_64_2048160_agent_info.csv
[m[0;33mW20250902 02:39:09.270860 140607548004096 tool.cpp:1902] rocprofv3_error_signal_handler caught signal 11...
[m# ---- Run standalone_attn_prefill_and_decode_tp8_prefill_then_decode16_512_64_4096160 ----
INFO 09-02 02:39:16 [__init__.py:244] Automatically detected platform rocm.
[0;31mE20250902 02:39:37.433990 139849991390976 output_stream.cpp:105] Opened result file: ./profiles/standalone_attn_prefill_and_decode_tp8_prefill_then_decode16_512_64_4096160_kernel_trace.csv
[m[0;31mE20250902 02:39:37.440765 139849991390976 output_stream.cpp:105] Opened result file: ./profiles/standalone_attn_prefill_and_decode_tp8_prefill_then_decode16_512_64_4096160_agent_info.csv
[m[0;33mW20250902 02:39:47.125760 139849991390976 tool.cpp:1902] rocprofv3_error_signal_handler caught signal 11...
[m# ---- Run standalone_attn_prefill_and_decode_tp8_prefill_then_decode16_512_64_8192160 ----
INFO 09-02 02:39:54 [__init__.py:244] Automatically detected platform rocm.
[0;31mE20250902 02:40:15.608146 139941343172352 output_stream.cpp:105] Opened result file: ./profiles/standalone_attn_prefill_and_decode_tp8_prefill_then_decode16_512_64_8192160_kernel_trace.csv
[m[0;31mE20250902 02:40:15.614986 139941343172352 output_stream.cpp:105] Opened result file: ./profiles/standalone_attn_prefill_and_decode_tp8_prefill_then_decode16_512_64_8192160_agent_info.csv
[m[0;33mW20250902 02:40:24.666852 139941343172352 tool.cpp:1902] rocprofv3_error_signal_handler caught signal 11...
[m# ---- Run standalone_attn_prefill_and_decode_tp8_prefill_then_decode16_512_128_256160 ----
INFO 09-02 02:40:32 [__init__.py:244] Automatically detected platform rocm.
[0;31mE20250902 02:40:50.090006 140567836641024 output_stream.cpp:105] Opened result file: ./profiles/standalone_attn_prefill_and_decode_tp8_prefill_then_decode16_512_128_256160_kernel_trace.csv
[m[0;31mE20250902 02:40:50.096898 140567836641024 output_stream.cpp:105] Opened result file: ./profiles/standalone_attn_prefill_and_decode_tp8_prefill_then_decode16_512_128_256160_agent_info.csv
[m[0;33mW20250902 02:40:59.246985 140567836641024 tool.cpp:1902] rocprofv3_error_signal_handler caught signal 11...
[m# ---- Run standalone_attn_prefill_and_decode_tp8_prefill_then_decode16_512_128_512160 ----
INFO 09-02 02:41:06 [__init__.py:244] Automatically detected platform rocm.
[0;31mE20250902 02:41:24.075956 140179673257728 output_stream.cpp:105] Opened result file: ./profiles/standalone_attn_prefill_and_decode_tp8_prefill_then_decode16_512_128_512160_kernel_trace.csv
[m[0;31mE20250902 02:41:24.081903 140179673257728 output_stream.cpp:105] Opened result file: ./profiles/standalone_attn_prefill_and_decode_tp8_prefill_then_decode16_512_128_512160_agent_info.csv
[m[0;33mW20250902 02:41:32.913094 140179673257728 tool.cpp:1902] rocprofv3_error_signal_handler caught signal 11...
[m# ---- Run standalone_attn_prefill_and_decode_tp8_prefill_then_decode16_512_128_1024160 ----
INFO 09-02 02:41:38 [__init__.py:244] Automatically detected platform rocm.
[0;31mE20250902 02:41:55.107283 140621141051136 output_stream.cpp:105] Opened result file: ./profiles/standalone_attn_prefill_and_decode_tp8_prefill_then_decode16_512_128_1024160_kernel_trace.csv
[m[0;31mE20250902 02:41:55.113290 140621141051136 output_stream.cpp:105] Opened result file: ./profiles/standalone_attn_prefill_and_decode_tp8_prefill_then_decode16_512_128_1024160_agent_info.csv
[m[0;33mW20250902 02:42:04.028523 140621141051136 tool.cpp:1902] rocprofv3_error_signal_handler caught signal 11...
[m# ---- Run standalone_attn_prefill_and_decode_tp8_prefill_then_decode16_512_128_2048160 ----
INFO 09-02 02:42:09 [__init__.py:244] Automatically detected platform rocm.
[0;31mE20250902 02:42:25.961627 140553844516608 output_stream.cpp:105] Opened result file: ./profiles/standalone_attn_prefill_and_decode_tp8_prefill_then_decode16_512_128_2048160_kernel_trace.csv
[m[0;31mE20250902 02:42:25.967994 140553844516608 output_stream.cpp:105] Opened result file: ./profiles/standalone_attn_prefill_and_decode_tp8_prefill_then_decode16_512_128_2048160_agent_info.csv
[m[0;33mW20250902 02:42:34.449515 140553844516608 tool.cpp:1902] rocprofv3_error_signal_handler caught signal 11...
[m# ---- Run standalone_attn_prefill_and_decode_tp8_prefill_then_decode16_512_128_4096160 ----
INFO 09-02 02:42:40 [__init__.py:244] Automatically detected platform rocm.
[0;31mE20250902 02:42:56.347178 140099386746624 output_stream.cpp:105] Opened result file: ./profiles/standalone_attn_prefill_and_decode_tp8_prefill_then_decode16_512_128_4096160_kernel_trace.csv
[m[0;31mE20250902 02:42:56.353414 140099386746624 output_stream.cpp:105] Opened result file: ./profiles/standalone_attn_prefill_and_decode_tp8_prefill_then_decode16_512_128_4096160_agent_info.csv
[m[0;33mW20250902 02:43:04.556063 140099386746624 tool.cpp:1902] rocprofv3_error_signal_handler caught signal 11...
[m# ---- Run standalone_attn_prefill_and_decode_tp8_prefill_then_decode16_512_128_8192160 ----
INFO 09-02 02:43:10 [__init__.py:244] Automatically detected platform rocm.
[0;31mE20250902 02:43:26.249183 140559985985280 output_stream.cpp:105] Opened result file: ./profiles/standalone_attn_prefill_and_decode_tp8_prefill_then_decode16_512_128_8192160_kernel_trace.csv
[m[0;31mE20250902 02:43:26.255258 140559985985280 output_stream.cpp:105] Opened result file: ./profiles/standalone_attn_prefill_and_decode_tp8_prefill_then_decode16_512_128_8192160_agent_info.csv
[m[0;33mW20250902 02:43:34.851531 140559985985280 tool.cpp:1902] rocprofv3_error_signal_handler caught signal 11...
[m# ---- Run standalone_attn_prefill_and_decode_tp8_prefill_then_decode16_1024_1_256160 ----
INFO 09-02 02:43:40 [__init__.py:244] Automatically detected platform rocm.
[0;31mE20250902 02:43:58.918641 139975878383360 output_stream.cpp:105] Opened result file: ./profiles/standalone_attn_prefill_and_decode_tp8_prefill_then_decode16_1024_1_256160_kernel_trace.csv
[m[0;31mE20250902 02:43:58.924719 139975878383360 output_stream.cpp:105] Opened result file: ./profiles/standalone_attn_prefill_and_decode_tp8_prefill_then_decode16_1024_1_256160_agent_info.csv
[m[0;33mW20250902 02:44:08.551238 139975878383360 tool.cpp:1902] rocprofv3_error_signal_handler caught signal 11...
[m# ---- Run standalone_attn_prefill_and_decode_tp8_prefill_then_decode16_1024_1_512160 ----
INFO 09-02 02:44:14 [__init__.py:244] Automatically detected platform rocm.
[0;31mE20250902 02:44:34.431464 139772260419328 output_stream.cpp:105] Opened result file: ./profiles/standalone_attn_prefill_and_decode_tp8_prefill_then_decode16_1024_1_512160_kernel_trace.csv
[m[0;31mE20250902 02:44:34.439315 139772260419328 output_stream.cpp:105] Opened result file: ./profiles/standalone_attn_prefill_and_decode_tp8_prefill_then_decode16_1024_1_512160_agent_info.csv
[m[0;33mW20250902 02:44:43.858996 139772260419328 tool.cpp:1902] rocprofv3_error_signal_handler caught signal 11...
[m# ---- Run standalone_attn_prefill_and_decode_tp8_prefill_then_decode16_1024_1_1024160 ----
INFO 09-02 02:44:50 [__init__.py:244] Automatically detected platform rocm.
[0;31mE20250902 02:45:08.810902 140569711417088 output_stream.cpp:105] Opened result file: ./profiles/standalone_attn_prefill_and_decode_tp8_prefill_then_decode16_1024_1_1024160_kernel_trace.csv
[m[0;31mE20250902 02:45:08.817958 140569711417088 output_stream.cpp:105] Opened result file: ./profiles/standalone_attn_prefill_and_decode_tp8_prefill_then_decode16_1024_1_1024160_agent_info.csv
[m[0;33mW20250902 02:45:18.021185 140569711417088 tool.cpp:1902] rocprofv3_error_signal_handler caught signal 11...
[m# ---- Run standalone_attn_prefill_and_decode_tp8_prefill_then_decode16_1024_1_2048160 ----
INFO 09-02 02:45:23 [__init__.py:244] Automatically detected platform rocm.
[0;31mE20250902 02:45:41.883176 139927430256384 output_stream.cpp:105] Opened result file: ./profiles/standalone_attn_prefill_and_decode_tp8_prefill_then_decode16_1024_1_2048160_kernel_trace.csv
[m[0;31mE20250902 02:45:41.889875 139927430256384 output_stream.cpp:105] Opened result file: ./profiles/standalone_attn_prefill_and_decode_tp8_prefill_then_decode16_1024_1_2048160_agent_info.csv
[m[0;33mW20250902 02:45:51.231781 139927430256384 tool.cpp:1902] rocprofv3_error_signal_handler caught signal 11...
[m# ---- Run standalone_attn_prefill_and_decode_tp8_prefill_then_decode16_1024_1_4096160 ----
INFO 09-02 02:45:57 [__init__.py:244] Automatically detected platform rocm.
[0;31mE20250902 02:46:14.519961 140018450052864 output_stream.cpp:105] Opened result file: ./profiles/standalone_attn_prefill_and_decode_tp8_prefill_then_decode16_1024_1_4096160_kernel_trace.csv
[m[0;31mE20250902 02:46:14.527016 140018450052864 output_stream.cpp:105] Opened result file: ./profiles/standalone_attn_prefill_and_decode_tp8_prefill_then_decode16_1024_1_4096160_agent_info.csv
[m[0;33mW20250902 02:46:22.711682 140018450052864 tool.cpp:1902] rocprofv3_error_signal_handler caught signal 11...
[m# ---- Run standalone_attn_prefill_and_decode_tp8_prefill_then_decode16_1024_1_8192160 ----
INFO 09-02 02:46:28 [__init__.py:244] Automatically detected platform rocm.
[0;31mE20250902 02:46:46.738286 140304257726208 output_stream.cpp:105] Opened result file: ./profiles/standalone_attn_prefill_and_decode_tp8_prefill_then_decode16_1024_1_8192160_kernel_trace.csv
[m[0;31mE20250902 02:46:46.745217 140304257726208 output_stream.cpp:105] Opened result file: ./profiles/standalone_attn_prefill_and_decode_tp8_prefill_then_decode16_1024_1_8192160_agent_info.csv
[m[0;33mW20250902 02:46:55.631005 140304257726208 tool.cpp:1902] rocprofv3_error_signal_handler caught signal 11...
[m# ---- Run standalone_attn_prefill_and_decode_tp8_prefill_then_decode16_1024_2_256160 ----
INFO 09-02 02:47:01 [__init__.py:244] Automatically detected platform rocm.
[0;31mE20250902 02:47:20.380360 139886000023296 output_stream.cpp:105] Opened result file: ./profiles/standalone_attn_prefill_and_decode_tp8_prefill_then_decode16_1024_2_256160_kernel_trace.csv
[m[0;31mE20250902 02:47:20.386583 139886000023296 output_stream.cpp:105] Opened result file: ./profiles/standalone_attn_prefill_and_decode_tp8_prefill_then_decode16_1024_2_256160_agent_info.csv
[m[0;33mW20250902 02:47:29.106452 139886000023296 tool.cpp:1902] rocprofv3_error_signal_handler caught signal 11...
[m# ---- Run standalone_attn_prefill_and_decode_tp8_prefill_then_decode16_1024_2_512160 ----
INFO 09-02 02:47:35 [__init__.py:244] Automatically detected platform rocm.
[0;31mE20250902 02:47:52.661921 140235169879808 output_stream.cpp:105] Opened result file: ./profiles/standalone_attn_prefill_and_decode_tp8_prefill_then_decode16_1024_2_512160_kernel_trace.csv
[m[0;31mE20250902 02:47:52.668152 140235169879808 output_stream.cpp:105] Opened result file: ./profiles/standalone_attn_prefill_and_decode_tp8_prefill_then_decode16_1024_2_512160_agent_info.csv
[m[0;33mW20250902 02:48:01.565656 140235169879808 tool.cpp:1902] rocprofv3_error_signal_handler caught signal 11...
[m# ---- Run standalone_attn_prefill_and_decode_tp8_prefill_then_decode16_1024_2_1024160 ----
INFO 09-02 02:48:07 [__init__.py:244] Automatically detected platform rocm.
[0;31mE20250902 02:48:25.351606 139909505509120 output_stream.cpp:105] Opened result file: ./profiles/standalone_attn_prefill_and_decode_tp8_prefill_then_decode16_1024_2_1024160_kernel_trace.csv
[m[0;31mE20250902 02:48:25.357667 139909505509120 output_stream.cpp:105] Opened result file: ./profiles/standalone_attn_prefill_and_decode_tp8_prefill_then_decode16_1024_2_1024160_agent_info.csv
[m[0;33mW20250902 02:48:33.790942 139909505509120 tool.cpp:1902] rocprofv3_error_signal_handler caught signal 11...
[m# ---- Run standalone_attn_prefill_and_decode_tp8_prefill_then_decode16_1024_2_2048160 ----
INFO 09-02 02:48:39 [__init__.py:244] Automatically detected platform rocm.
[0;31mE20250902 02:48:58.205247 140091019241216 output_stream.cpp:105] Opened result file: ./profiles/standalone_attn_prefill_and_decode_tp8_prefill_then_decode16_1024_2_2048160_kernel_trace.csv
[m[0;31mE20250902 02:48:58.211524 140091019241216 output_stream.cpp:105] Opened result file: ./profiles/standalone_attn_prefill_and_decode_tp8_prefill_then_decode16_1024_2_2048160_agent_info.csv
[m[0;33mW20250902 02:49:06.930982 140091019241216 tool.cpp:1902] rocprofv3_error_signal_handler caught signal 11...
[m# ---- Run standalone_attn_prefill_and_decode_tp8_prefill_then_decode16_1024_2_4096160 ----
INFO 09-02 02:49:12 [__init__.py:244] Automatically detected platform rocm.
[0;31mE20250902 02:49:29.882493 139731368781568 output_stream.cpp:105] Opened result file: ./profiles/standalone_attn_prefill_and_decode_tp8_prefill_then_decode16_1024_2_4096160_kernel_trace.csv
[m[0;31mE20250902 02:49:29.888432 139731368781568 output_stream.cpp:105] Opened result file: ./profiles/standalone_attn_prefill_and_decode_tp8_prefill_then_decode16_1024_2_4096160_agent_info.csv
[m[0;33mW20250902 02:49:38.503038 139731368781568 tool.cpp:1902] rocprofv3_error_signal_handler caught signal 11...
[m# ---- Run standalone_attn_prefill_and_decode_tp8_prefill_then_decode16_1024_2_8192160 ----
INFO 09-02 02:49:44 [__init__.py:244] Automatically detected platform rocm.
[0;31mE20250902 02:50:01.560875 139816061486848 output_stream.cpp:105] Opened result file: ./profiles/standalone_attn_prefill_and_decode_tp8_prefill_then_decode16_1024_2_8192160_kernel_trace.csv
[m[0;31mE20250902 02:50:01.566999 139816061486848 output_stream.cpp:105] Opened result file: ./profiles/standalone_attn_prefill_and_decode_tp8_prefill_then_decode16_1024_2_8192160_agent_info.csv
[m[0;33mW20250902 02:50:10.576942 139816061486848 tool.cpp:1902] rocprofv3_error_signal_handler caught signal 11...
[m# ---- Run standalone_attn_prefill_and_decode_tp8_prefill_then_decode16_1024_4_256160 ----
INFO 09-02 02:50:16 [__init__.py:244] Automatically detected platform rocm.
[0;31mE20250902 02:50:33.858041 140621796267776 output_stream.cpp:105] Opened result file: ./profiles/standalone_attn_prefill_and_decode_tp8_prefill_then_decode16_1024_4_256160_kernel_trace.csv
[m[0;31mE20250902 02:50:33.863949 140621796267776 output_stream.cpp:105] Opened result file: ./profiles/standalone_attn_prefill_and_decode_tp8_prefill_then_decode16_1024_4_256160_agent_info.csv
[m[0;33mW20250902 02:50:42.606509 140621796267776 tool.cpp:1902] rocprofv3_error_signal_handler caught signal 11...
[m# ---- Run standalone_attn_prefill_and_decode_tp8_prefill_then_decode16_1024_4_512160 ----
INFO 09-02 02:50:48 [__init__.py:244] Automatically detected platform rocm.
[0;31mE20250902 02:51:09.078000 140441080981248 output_stream.cpp:105] Opened result file: ./profiles/standalone_attn_prefill_and_decode_tp8_prefill_then_decode16_1024_4_512160_kernel_trace.csv
[m[0;31mE20250902 02:51:09.085542 140441080981248 output_stream.cpp:105] Opened result file: ./profiles/standalone_attn_prefill_and_decode_tp8_prefill_then_decode16_1024_4_512160_agent_info.csv
[m[0;33mW20250902 02:51:18.659964 140441080981248 tool.cpp:1902] rocprofv3_error_signal_handler caught signal 11...
[m# ---- Run standalone_attn_prefill_and_decode_tp8_prefill_then_decode16_1024_4_1024160 ----
INFO 09-02 02:51:25 [__init__.py:244] Automatically detected platform rocm.
[0;31mE20250902 02:51:45.496964 140084299769600 output_stream.cpp:105] Opened result file: ./profiles/standalone_attn_prefill_and_decode_tp8_prefill_then_decode16_1024_4_1024160_kernel_trace.csv
[m[0;31mE20250902 02:51:45.503502 140084299769600 output_stream.cpp:105] Opened result file: ./profiles/standalone_attn_prefill_and_decode_tp8_prefill_then_decode16_1024_4_1024160_agent_info.csv
[m[0;33mW20250902 02:51:54.358473 140084299769600 tool.cpp:1902] rocprofv3_error_signal_handler caught signal 11...
[m# ---- Run standalone_attn_prefill_and_decode_tp8_prefill_then_decode16_1024_4_2048160 ----
INFO 09-02 02:52:00 [__init__.py:244] Automatically detected platform rocm.
[0;31mE20250902 02:52:19.360562 140146961708800 output_stream.cpp:105] Opened result file: ./profiles/standalone_attn_prefill_and_decode_tp8_prefill_then_decode16_1024_4_2048160_kernel_trace.csv
[m[0;31mE20250902 02:52:19.367706 140146961708800 output_stream.cpp:105] Opened result file: ./profiles/standalone_attn_prefill_and_decode_tp8_prefill_then_decode16_1024_4_2048160_agent_info.csv
[m[0;33mW20250902 02:52:28.278692 140146961708800 tool.cpp:1902] rocprofv3_error_signal_handler caught signal 11...
[m# ---- Run standalone_attn_prefill_and_decode_tp8_prefill_then_decode16_1024_4_4096160 ----
INFO 09-02 02:52:34 [__init__.py:244] Automatically detected platform rocm.
[0;31mE20250902 02:52:54.267069 139712357672704 output_stream.cpp:105] Opened result file: ./profiles/standalone_attn_prefill_and_decode_tp8_prefill_then_decode16_1024_4_4096160_kernel_trace.csv
[m[0;31mE20250902 02:52:54.274072 139712357672704 output_stream.cpp:105] Opened result file: ./profiles/standalone_attn_prefill_and_decode_tp8_prefill_then_decode16_1024_4_4096160_agent_info.csv
[m[0;33mW20250902 02:53:03.675359 139712357672704 tool.cpp:1902] rocprofv3_error_signal_handler caught signal 11...
[m# ---- Run standalone_attn_prefill_and_decode_tp8_prefill_then_decode16_1024_4_8192160 ----
INFO 09-02 02:53:10 [__init__.py:244] Automatically detected platform rocm.
[0;31mE20250902 02:53:28.860479 139828830734080 output_stream.cpp:105] Opened result file: ./profiles/standalone_attn_prefill_and_decode_tp8_prefill_then_decode16_1024_4_8192160_kernel_trace.csv
[m[0;31mE20250902 02:53:28.867031 139828830734080 output_stream.cpp:105] Opened result file: ./profiles/standalone_attn_prefill_and_decode_tp8_prefill_then_decode16_1024_4_8192160_agent_info.csv
[m[0;33mW20250902 02:53:38.195089 139828830734080 tool.cpp:1902] rocprofv3_error_signal_handler caught signal 11...
[m# ---- Run standalone_attn_prefill_and_decode_tp8_prefill_then_decode16_1024_8_256160 ----
INFO 09-02 02:53:44 [__init__.py:244] Automatically detected platform rocm.
[0;31mE20250902 02:54:03.033174 140632496703232 output_stream.cpp:105] Opened result file: ./profiles/standalone_attn_prefill_and_decode_tp8_prefill_then_decode16_1024_8_256160_kernel_trace.csv
[m[0;31mE20250902 02:54:03.039355 140632496703232 output_stream.cpp:105] Opened result file: ./profiles/standalone_attn_prefill_and_decode_tp8_prefill_then_decode16_1024_8_256160_agent_info.csv
[m[0;33mW20250902 02:54:11.920184 140632496703232 tool.cpp:1902] rocprofv3_error_signal_handler caught signal 11...
[m# ---- Run standalone_attn_prefill_and_decode_tp8_prefill_then_decode16_1024_8_512160 ----
INFO 09-02 02:54:18 [__init__.py:244] Automatically detected platform rocm.
[0;31mE20250902 02:54:36.738017 140059225466624 output_stream.cpp:105] Opened result file: ./profiles/standalone_attn_prefill_and_decode_tp8_prefill_then_decode16_1024_8_512160_kernel_trace.csv
[m[0;31mE20250902 02:54:36.744357 140059225466624 output_stream.cpp:105] Opened result file: ./profiles/standalone_attn_prefill_and_decode_tp8_prefill_then_decode16_1024_8_512160_agent_info.csv
[m[0;33mW20250902 02:54:46.130683 140059225466624 tool.cpp:1902] rocprofv3_error_signal_handler caught signal 11...
[m# ---- Run standalone_attn_prefill_and_decode_tp8_prefill_then_decode16_1024_8_1024160 ----
INFO 09-02 02:54:52 [__init__.py:244] Automatically detected platform rocm.
[0;31mE20250902 02:55:10.909825 140690113406720 output_stream.cpp:105] Opened result file: ./profiles/standalone_attn_prefill_and_decode_tp8_prefill_then_decode16_1024_8_1024160_kernel_trace.csv
[m[0;31mE20250902 02:55:10.916366 140690113406720 output_stream.cpp:105] Opened result file: ./profiles/standalone_attn_prefill_and_decode_tp8_prefill_then_decode16_1024_8_1024160_agent_info.csv
[m[0;33mW20250902 02:55:20.168180 140690113406720 tool.cpp:1902] rocprofv3_error_signal_handler caught signal 11...
[m# ---- Run standalone_attn_prefill_and_decode_tp8_prefill_then_decode16_1024_8_2048160 ----
INFO 09-02 02:55:26 [__init__.py:244] Automatically detected platform rocm.
[0;31mE20250902 02:55:46.774269 139907176736512 output_stream.cpp:105] Opened result file: ./profiles/standalone_attn_prefill_and_decode_tp8_prefill_then_decode16_1024_8_2048160_kernel_trace.csv
[m[0;31mE20250902 02:55:46.780924 139907176736512 output_stream.cpp:105] Opened result file: ./profiles/standalone_attn_prefill_and_decode_tp8_prefill_then_decode16_1024_8_2048160_agent_info.csv
[m[0;33mW20250902 02:55:55.698069 139907176736512 tool.cpp:1902] rocprofv3_error_signal_handler caught signal 11...
[m# ---- Run standalone_attn_prefill_and_decode_tp8_prefill_then_decode16_1024_8_4096160 ----
INFO 09-02 02:56:02 [__init__.py:244] Automatically detected platform rocm.
[0;31mE20250902 02:56:21.194597 139630281500416 output_stream.cpp:105] Opened result file: ./profiles/standalone_attn_prefill_and_decode_tp8_prefill_then_decode16_1024_8_4096160_kernel_trace.csv
[m[0;31mE20250902 02:56:21.201185 139630281500416 output_stream.cpp:105] Opened result file: ./profiles/standalone_attn_prefill_and_decode_tp8_prefill_then_decode16_1024_8_4096160_agent_info.csv
[m[0;33mW20250902 02:56:30.177748 139630281500416 tool.cpp:1902] rocprofv3_error_signal_handler caught signal 11...
[m# ---- Run standalone_attn_prefill_and_decode_tp8_prefill_then_decode16_1024_8_8192160 ----
INFO 09-02 02:56:36 [__init__.py:244] Automatically detected platform rocm.
[0;31mE20250902 02:56:55.848364 140018429286144 output_stream.cpp:105] Opened result file: ./profiles/standalone_attn_prefill_and_decode_tp8_prefill_then_decode16_1024_8_8192160_kernel_trace.csv
[m[0;31mE20250902 02:56:55.855149 140018429286144 output_stream.cpp:105] Opened result file: ./profiles/standalone_attn_prefill_and_decode_tp8_prefill_then_decode16_1024_8_8192160_agent_info.csv
[m[0;33mW20250902 02:57:05.047090 140018429286144 tool.cpp:1902] rocprofv3_error_signal_handler caught signal 11...
[m# ---- Run standalone_attn_prefill_and_decode_tp8_prefill_then_decode16_1024_16_256160 ----
INFO 09-02 02:57:11 [__init__.py:244] Automatically detected platform rocm.
[0;31mE20250902 02:57:29.966082 140042042816256 output_stream.cpp:105] Opened result file: ./profiles/standalone_attn_prefill_and_decode_tp8_prefill_then_decode16_1024_16_256160_kernel_trace.csv
[m[0;31mE20250902 02:57:29.973191 140042042816256 output_stream.cpp:105] Opened result file: ./profiles/standalone_attn_prefill_and_decode_tp8_prefill_then_decode16_1024_16_256160_agent_info.csv
[m[0;33mW20250902 02:57:38.996223 140042042816256 tool.cpp:1902] rocprofv3_error_signal_handler caught signal 11...
[m# ---- Run standalone_attn_prefill_and_decode_tp8_prefill_then_decode16_1024_16_512160 ----
INFO 09-02 02:57:45 [__init__.py:244] Automatically detected platform rocm.
[0;31mE20250902 02:58:04.802288 139834446624512 output_stream.cpp:105] Opened result file: ./profiles/standalone_attn_prefill_and_decode_tp8_prefill_then_decode16_1024_16_512160_kernel_trace.csv
[m[0;31mE20250902 02:58:04.808978 139834446624512 output_stream.cpp:105] Opened result file: ./profiles/standalone_attn_prefill_and_decode_tp8_prefill_then_decode16_1024_16_512160_agent_info.csv
[m[0;33mW20250902 02:58:13.882059 139834446624512 tool.cpp:1902] rocprofv3_error_signal_handler caught signal 11...
[m# ---- Run standalone_attn_prefill_and_decode_tp8_prefill_then_decode16_1024_16_1024160 ----
INFO 09-02 02:58:20 [__init__.py:244] Automatically detected platform rocm.
[0;31mE20250902 02:58:38.960845 140596202317568 output_stream.cpp:105] Opened result file: ./profiles/standalone_attn_prefill_and_decode_tp8_prefill_then_decode16_1024_16_1024160_kernel_trace.csv
[m[0;31mE20250902 02:58:38.967637 140596202317568 output_stream.cpp:105] Opened result file: ./profiles/standalone_attn_prefill_and_decode_tp8_prefill_then_decode16_1024_16_1024160_agent_info.csv
[m[0;33mW20250902 02:58:48.383300 140596202317568 tool.cpp:1902] rocprofv3_error_signal_handler caught signal 11...
[m# ---- Run standalone_attn_prefill_and_decode_tp8_prefill_then_decode16_1024_16_2048160 ----
INFO 09-02 02:58:54 [__init__.py:244] Automatically detected platform rocm.
[0;31mE20250902 02:59:14.198494 140697195288320 output_stream.cpp:105] Opened result file: ./profiles/standalone_attn_prefill_and_decode_tp8_prefill_then_decode16_1024_16_2048160_kernel_trace.csv
[m[0;31mE20250902 02:59:14.205721 140697195288320 output_stream.cpp:105] Opened result file: ./profiles/standalone_attn_prefill_and_decode_tp8_prefill_then_decode16_1024_16_2048160_agent_info.csv
[m[0;33mW20250902 02:59:23.551082 140697195288320 tool.cpp:1902] rocprofv3_error_signal_handler caught signal 11...
[m# ---- Run standalone_attn_prefill_and_decode_tp8_prefill_then_decode16_1024_16_4096160 ----
INFO 09-02 02:59:29 [__init__.py:244] Automatically detected platform rocm.
[0;31mE20250902 02:59:49.170884 140665435535104 output_stream.cpp:105] Opened result file: ./profiles/standalone_attn_prefill_and_decode_tp8_prefill_then_decode16_1024_16_4096160_kernel_trace.csv
[m[0;31mE20250902 02:59:49.177723 140665435535104 output_stream.cpp:105] Opened result file: ./profiles/standalone_attn_prefill_and_decode_tp8_prefill_then_decode16_1024_16_4096160_agent_info.csv
[m[0;33mW20250902 02:59:58.303828 140665435535104 tool.cpp:1902] rocprofv3_error_signal_handler caught signal 11...
[m# ---- Run standalone_attn_prefill_and_decode_tp8_prefill_then_decode16_1024_16_8192160 ----
INFO 09-02 03:00:04 [__init__.py:244] Automatically detected platform rocm.
[0;31mE20250902 03:00:23.774016 140548194166528 output_stream.cpp:105] Opened result file: ./profiles/standalone_attn_prefill_and_decode_tp8_prefill_then_decode16_1024_16_8192160_kernel_trace.csv
[m[0;31mE20250902 03:00:23.780274 140548194166528 output_stream.cpp:105] Opened result file: ./profiles/standalone_attn_prefill_and_decode_tp8_prefill_then_decode16_1024_16_8192160_agent_info.csv
[m[0;33mW20250902 03:00:32.447521 140548194166528 tool.cpp:1902] rocprofv3_error_signal_handler caught signal 11...
[m# ---- Run standalone_attn_prefill_and_decode_tp8_prefill_then_decode16_1024_32_256160 ----
INFO 09-02 03:00:38 [__init__.py:244] Automatically detected platform rocm.
[0;31mE20250902 03:00:58.172959 140575253112576 output_stream.cpp:105] Opened result file: ./profiles/standalone_attn_prefill_and_decode_tp8_prefill_then_decode16_1024_32_256160_kernel_trace.csv
[m[0;31mE20250902 03:00:58.180994 140575253112576 output_stream.cpp:105] Opened result file: ./profiles/standalone_attn_prefill_and_decode_tp8_prefill_then_decode16_1024_32_256160_agent_info.csv
[m[0;33mW20250902 03:01:07.745560 140575253112576 tool.cpp:1902] rocprofv3_error_signal_handler caught signal 11...
[m# ---- Run standalone_attn_prefill_and_decode_tp8_prefill_then_decode16_1024_32_512160 ----
INFO 09-02 03:01:14 [__init__.py:244] Automatically detected platform rocm.
[0;31mE20250902 03:01:34.205835 140061490693888 output_stream.cpp:105] Opened result file: ./profiles/standalone_attn_prefill_and_decode_tp8_prefill_then_decode16_1024_32_512160_kernel_trace.csv
[m[0;31mE20250902 03:01:34.212986 140061490693888 output_stream.cpp:105] Opened result file: ./profiles/standalone_attn_prefill_and_decode_tp8_prefill_then_decode16_1024_32_512160_agent_info.csv
[m[0;33mW20250902 03:01:43.415224 140061490693888 tool.cpp:1902] rocprofv3_error_signal_handler caught signal 11...
[m# ---- Run standalone_attn_prefill_and_decode_tp8_prefill_then_decode16_1024_32_1024160 ----
INFO 09-02 03:01:49 [__init__.py:244] Automatically detected platform rocm.
[0;31mE20250902 03:02:08.572618 140435605726976 output_stream.cpp:105] Opened result file: ./profiles/standalone_attn_prefill_and_decode_tp8_prefill_then_decode16_1024_32_1024160_kernel_trace.csv
[m[0;31mE20250902 03:02:08.578854 140435605726976 output_stream.cpp:105] Opened result file: ./profiles/standalone_attn_prefill_and_decode_tp8_prefill_then_decode16_1024_32_1024160_agent_info.csv
[m[0;33mW20250902 03:02:17.410491 140435605726976 tool.cpp:1902] rocprofv3_error_signal_handler caught signal 11...
[m# ---- Run standalone_attn_prefill_and_decode_tp8_prefill_then_decode16_1024_32_2048160 ----
INFO 09-02 03:02:23 [__init__.py:244] Automatically detected platform rocm.
[0;31mE20250902 03:02:44.380980 139943767807744 output_stream.cpp:105] Opened result file: ./profiles/standalone_attn_prefill_and_decode_tp8_prefill_then_decode16_1024_32_2048160_kernel_trace.csv
[m[0;31mE20250902 03:02:44.388120 139943767807744 output_stream.cpp:105] Opened result file: ./profiles/standalone_attn_prefill_and_decode_tp8_prefill_then_decode16_1024_32_2048160_agent_info.csv
[m[0;33mW20250902 03:02:53.863973 139943767807744 tool.cpp:1902] rocprofv3_error_signal_handler caught signal 11...
[m# ---- Run standalone_attn_prefill_and_decode_tp8_prefill_then_decode16_1024_32_4096160 ----
INFO 09-02 03:03:00 [__init__.py:244] Automatically detected platform rocm.
[0;31mE20250902 03:03:19.395994 140169584092928 output_stream.cpp:105] Opened result file: ./profiles/standalone_attn_prefill_and_decode_tp8_prefill_then_decode16_1024_32_4096160_kernel_trace.csv
[m[0;31mE20250902 03:03:19.403425 140169584092928 output_stream.cpp:105] Opened result file: ./profiles/standalone_attn_prefill_and_decode_tp8_prefill_then_decode16_1024_32_4096160_agent_info.csv
[m[0;33mW20250902 03:03:28.482658 140169584092928 tool.cpp:1902] rocprofv3_error_signal_handler caught signal 11...
[m# ---- Run standalone_attn_prefill_and_decode_tp8_prefill_then_decode16_1024_32_8192160 ----
INFO 09-02 03:03:34 [__init__.py:244] Automatically detected platform rocm.
[0;31mE20250902 03:03:53.974589 140451284035328 output_stream.cpp:105] Opened result file: ./profiles/standalone_attn_prefill_and_decode_tp8_prefill_then_decode16_1024_32_8192160_kernel_trace.csv
[m[0;31mE20250902 03:03:53.981591 140451284035328 output_stream.cpp:105] Opened result file: ./profiles/standalone_attn_prefill_and_decode_tp8_prefill_then_decode16_1024_32_8192160_agent_info.csv
[m[0;33mW20250902 03:04:03.629153 140451284035328 tool.cpp:1902] rocprofv3_error_signal_handler caught signal 11...
[m# ---- Run standalone_attn_prefill_and_decode_tp8_prefill_then_decode16_1024_64_256160 ----
INFO 09-02 03:04:09 [__init__.py:244] Automatically detected platform rocm.
[0;31mE20250902 03:04:29.374517 140446067660544 output_stream.cpp:105] Opened result file: ./profiles/standalone_attn_prefill_and_decode_tp8_prefill_then_decode16_1024_64_256160_kernel_trace.csv
[m[0;31mE20250902 03:04:29.381172 140446067660544 output_stream.cpp:105] Opened result file: ./profiles/standalone_attn_prefill_and_decode_tp8_prefill_then_decode16_1024_64_256160_agent_info.csv
[m[0;33mW20250902 03:04:38.323700 140446067660544 tool.cpp:1902] rocprofv3_error_signal_handler caught signal 11...
[m# ---- Run standalone_attn_prefill_and_decode_tp8_prefill_then_decode16_1024_64_512160 ----
INFO 09-02 03:04:45 [__init__.py:244] Automatically detected platform rocm.
[0;31mE20250902 03:05:05.449486 140702814017280 output_stream.cpp:105] Opened result file: ./profiles/standalone_attn_prefill_and_decode_tp8_prefill_then_decode16_1024_64_512160_kernel_trace.csv
[m[0;31mE20250902 03:05:05.456182 140702814017280 output_stream.cpp:105] Opened result file: ./profiles/standalone_attn_prefill_and_decode_tp8_prefill_then_decode16_1024_64_512160_agent_info.csv
[m[0;33mW20250902 03:05:14.639282 140702814017280 tool.cpp:1902] rocprofv3_error_signal_handler caught signal 11...
[m# ---- Run standalone_attn_prefill_and_decode_tp8_prefill_then_decode16_1024_64_1024160 ----
INFO 09-02 03:05:21 [__init__.py:244] Automatically detected platform rocm.
[0;31mE20250902 03:05:41.375646 139622619576064 output_stream.cpp:105] Opened result file: ./profiles/standalone_attn_prefill_and_decode_tp8_prefill_then_decode16_1024_64_1024160_kernel_trace.csv
[m[0;31mE20250902 03:05:41.381896 139622619576064 output_stream.cpp:105] Opened result file: ./profiles/standalone_attn_prefill_and_decode_tp8_prefill_then_decode16_1024_64_1024160_agent_info.csv
[m[0;33mW20250902 03:05:50.330884 139622619576064 tool.cpp:1902] rocprofv3_error_signal_handler caught signal 11...
[m# ---- Run standalone_attn_prefill_and_decode_tp8_prefill_then_decode16_1024_64_2048160 ----
INFO 09-02 03:05:56 [__init__.py:244] Automatically detected platform rocm.
[0;31mE20250902 03:06:15.978253 140313506461440 output_stream.cpp:105] Opened result file: ./profiles/standalone_attn_prefill_and_decode_tp8_prefill_then_decode16_1024_64_2048160_kernel_trace.csv
[m[0;31mE20250902 03:06:15.984939 140313506461440 output_stream.cpp:105] Opened result file: ./profiles/standalone_attn_prefill_and_decode_tp8_prefill_then_decode16_1024_64_2048160_agent_info.csv
[m[0;33mW20250902 03:06:25.321613 140313506461440 tool.cpp:1902] rocprofv3_error_signal_handler caught signal 11...
[m# ---- Run standalone_attn_prefill_and_decode_tp8_prefill_then_decode16_1024_64_4096160 ----
INFO 09-02 03:06:31 [__init__.py:244] Automatically detected platform rocm.
[0;31mE20250902 03:06:50.988373 140608882333440 output_stream.cpp:105] Opened result file: ./profiles/standalone_attn_prefill_and_decode_tp8_prefill_then_decode16_1024_64_4096160_kernel_trace.csv
[m[0;31mE20250902 03:06:50.995126 140608882333440 output_stream.cpp:105] Opened result file: ./profiles/standalone_attn_prefill_and_decode_tp8_prefill_then_decode16_1024_64_4096160_agent_info.csv
[m[0;33mW20250902 03:07:00.395439 140608882333440 tool.cpp:1902] rocprofv3_error_signal_handler caught signal 11...
[m# ---- Run standalone_attn_prefill_and_decode_tp8_prefill_then_decode16_1024_64_8192160 ----
INFO 09-02 03:07:06 [__init__.py:244] Automatically detected platform rocm.
[0;31mE20250902 03:07:26.004829 139914581882624 output_stream.cpp:105] Opened result file: ./profiles/standalone_attn_prefill_and_decode_tp8_prefill_then_decode16_1024_64_8192160_kernel_trace.csv
[m[0;31mE20250902 03:07:26.011574 139914581882624 output_stream.cpp:105] Opened result file: ./profiles/standalone_attn_prefill_and_decode_tp8_prefill_then_decode16_1024_64_8192160_agent_info.csv
[m[0;33mW20250902 03:07:34.865016 139914581882624 tool.cpp:1902] rocprofv3_error_signal_handler caught signal 11...
[m# ---- Run standalone_attn_prefill_and_decode_tp8_prefill_then_decode16_1024_128_256160 ----
INFO 09-02 03:07:42 [__init__.py:244] Automatically detected platform rocm.
[0;31mE20250902 03:08:00.019938 140370540943104 output_stream.cpp:105] Opened result file: ./profiles/standalone_attn_prefill_and_decode_tp8_prefill_then_decode16_1024_128_256160_kernel_trace.csv
[m[0;31mE20250902 03:08:00.026736 140370540943104 output_stream.cpp:105] Opened result file: ./profiles/standalone_attn_prefill_and_decode_tp8_prefill_then_decode16_1024_128_256160_agent_info.csv
[m[0;33mW20250902 03:08:09.118860 140370540943104 tool.cpp:1902] rocprofv3_error_signal_handler caught signal 11...
[m# ---- Run standalone_attn_prefill_and_decode_tp8_prefill_then_decode16_1024_128_512160 ----
INFO 09-02 03:08:16 [__init__.py:244] Automatically detected platform rocm.
[0;31mE20250902 03:08:34.114980 140358396696320 output_stream.cpp:105] Opened result file: ./profiles/standalone_attn_prefill_and_decode_tp8_prefill_then_decode16_1024_128_512160_kernel_trace.csv
[m[0;31mE20250902 03:08:34.122898 140358396696320 output_stream.cpp:105] Opened result file: ./profiles/standalone_attn_prefill_and_decode_tp8_prefill_then_decode16_1024_128_512160_agent_info.csv
[m[0;33mW20250902 03:08:43.334947 140358396696320 tool.cpp:1902] rocprofv3_error_signal_handler caught signal 11...
[m# ---- Run standalone_attn_prefill_and_decode_tp8_prefill_then_decode16_1024_128_1024160 ----
INFO 09-02 03:08:49 [__init__.py:244] Automatically detected platform rocm.
[0;31mE20250902 03:09:07.130955 140180815435520 output_stream.cpp:105] Opened result file: ./profiles/standalone_attn_prefill_and_decode_tp8_prefill_then_decode16_1024_128_1024160_kernel_trace.csv
[m[0;31mE20250902 03:09:07.139042 140180815435520 output_stream.cpp:105] Opened result file: ./profiles/standalone_attn_prefill_and_decode_tp8_prefill_then_decode16_1024_128_1024160_agent_info.csv
[m[0;33mW20250902 03:09:16.586803 140180815435520 tool.cpp:1902] rocprofv3_error_signal_handler caught signal 11...
[m# ---- Run standalone_attn_prefill_and_decode_tp8_prefill_then_decode16_1024_128_2048160 ----
INFO 09-02 03:09:23 [__init__.py:244] Automatically detected platform rocm.
[0;31mE20250902 03:09:40.951890 140100112746240 output_stream.cpp:105] Opened result file: ./profiles/standalone_attn_prefill_and_decode_tp8_prefill_then_decode16_1024_128_2048160_kernel_trace.csv
[m[0;31mE20250902 03:09:40.958577 140100112746240 output_stream.cpp:105] Opened result file: ./profiles/standalone_attn_prefill_and_decode_tp8_prefill_then_decode16_1024_128_2048160_agent_info.csv
[m[0;33mW20250902 03:09:50.017947 140100112746240 tool.cpp:1902] rocprofv3_error_signal_handler caught signal 11...
[m# ---- Run standalone_attn_prefill_and_decode_tp8_prefill_then_decode16_1024_128_4096160 ----
INFO 09-02 03:09:56 [__init__.py:244] Automatically detected platform rocm.
[0;31mE20250902 03:10:13.543551 140423871948544 output_stream.cpp:105] Opened result file: ./profiles/standalone_attn_prefill_and_decode_tp8_prefill_then_decode16_1024_128_4096160_kernel_trace.csv
[m[0;31mE20250902 03:10:13.550141 140423871948544 output_stream.cpp:105] Opened result file: ./profiles/standalone_attn_prefill_and_decode_tp8_prefill_then_decode16_1024_128_4096160_agent_info.csv
[m[0;33mW20250902 03:10:22.511864 140423871948544 tool.cpp:1902] rocprofv3_error_signal_handler caught signal 11...
[m# ---- Run standalone_attn_prefill_and_decode_tp8_prefill_then_decode16_1024_128_8192160 ----
INFO 09-02 03:10:28 [__init__.py:244] Automatically detected platform rocm.
[0;31mE20250902 03:10:45.704020 139745102731008 output_stream.cpp:105] Opened result file: ./profiles/standalone_attn_prefill_and_decode_tp8_prefill_then_decode16_1024_128_8192160_kernel_trace.csv
[m[0;31mE20250902 03:10:45.711030 139745102731008 output_stream.cpp:105] Opened result file: ./profiles/standalone_attn_prefill_and_decode_tp8_prefill_then_decode16_1024_128_8192160_agent_info.csv
[m[0;33mW20250902 03:10:54.248535 139745102731008 tool.cpp:1902] rocprofv3_error_signal_handler caught signal 11...
[m# ---- Run standalone_attn_prefill_and_decode_tp8_prefill_then_decode16_2048_1_256160 ----
INFO 09-02 03:11:00 [__init__.py:244] Automatically detected platform rocm.
[0;31mE20250902 03:11:19.282406 140674297100032 output_stream.cpp:105] Opened result file: ./profiles/standalone_attn_prefill_and_decode_tp8_prefill_then_decode16_2048_1_256160_kernel_trace.csv
[m[0;31mE20250902 03:11:19.288893 140674297100032 output_stream.cpp:105] Opened result file: ./profiles/standalone_attn_prefill_and_decode_tp8_prefill_then_decode16_2048_1_256160_agent_info.csv
[m[0;33mW20250902 03:11:27.753195 140674297100032 tool.cpp:1902] rocprofv3_error_signal_handler caught signal 11...
[m# ---- Run standalone_attn_prefill_and_decode_tp8_prefill_then_decode16_2048_1_512160 ----
INFO 09-02 03:11:34 [__init__.py:244] Automatically detected platform rocm.
[0;31mE20250902 03:11:52.947028 139941814707968 output_stream.cpp:105] Opened result file: ./profiles/standalone_attn_prefill_and_decode_tp8_prefill_then_decode16_2048_1_512160_kernel_trace.csv
[m[0;31mE20250902 03:11:52.953315 139941814707968 output_stream.cpp:105] Opened result file: ./profiles/standalone_attn_prefill_and_decode_tp8_prefill_then_decode16_2048_1_512160_agent_info.csv
[m[0;33mW20250902 03:12:01.840387 139941814707968 tool.cpp:1902] rocprofv3_error_signal_handler caught signal 11...
[m# ---- Run standalone_attn_prefill_and_decode_tp8_prefill_then_decode16_2048_1_1024160 ----
INFO 09-02 03:12:08 [__init__.py:244] Automatically detected platform rocm.
[0;31mE20250902 03:12:26.985223 140336947738368 output_stream.cpp:105] Opened result file: ./profiles/standalone_attn_prefill_and_decode_tp8_prefill_then_decode16_2048_1_1024160_kernel_trace.csv
[m[0;31mE20250902 03:12:26.991905 140336947738368 output_stream.cpp:105] Opened result file: ./profiles/standalone_attn_prefill_and_decode_tp8_prefill_then_decode16_2048_1_1024160_agent_info.csv
[m[0;33mW20250902 03:12:36.002504 140336947738368 tool.cpp:1902] rocprofv3_error_signal_handler caught signal 11...
[m# ---- Run standalone_attn_prefill_and_decode_tp8_prefill_then_decode16_2048_1_2048160 ----
INFO 09-02 03:12:42 [__init__.py:244] Automatically detected platform rocm.
[0;31mE20250902 03:13:01.637198 139682245031680 output_stream.cpp:105] Opened result file: ./profiles/standalone_attn_prefill_and_decode_tp8_prefill_then_decode16_2048_1_2048160_kernel_trace.csv
[m[0;31mE20250902 03:13:01.644174 139682245031680 output_stream.cpp:105] Opened result file: ./profiles/standalone_attn_prefill_and_decode_tp8_prefill_then_decode16_2048_1_2048160_agent_info.csv
[m[0;33mW20250902 03:13:10.683781 139682245031680 tool.cpp:1902] rocprofv3_error_signal_handler caught signal 11...
[m# ---- Run standalone_attn_prefill_and_decode_tp8_prefill_then_decode16_2048_1_4096160 ----
INFO 09-02 03:13:17 [__init__.py:244] Automatically detected platform rocm.
[0;31mE20250902 03:13:35.960838 140228438480640 output_stream.cpp:105] Opened result file: ./profiles/standalone_attn_prefill_and_decode_tp8_prefill_then_decode16_2048_1_4096160_kernel_trace.csv
[m[0;31mE20250902 03:13:35.967596 140228438480640 output_stream.cpp:105] Opened result file: ./profiles/standalone_attn_prefill_and_decode_tp8_prefill_then_decode16_2048_1_4096160_agent_info.csv
[m[0;33mW20250902 03:13:44.908276 140228438480640 tool.cpp:1902] rocprofv3_error_signal_handler caught signal 11...
[m# ---- Run standalone_attn_prefill_and_decode_tp8_prefill_then_decode16_2048_1_8192160 ----
INFO 09-02 03:13:51 [__init__.py:244] Automatically detected platform rocm.
[0;31mE20250902 03:14:10.571903 139652365072128 output_stream.cpp:105] Opened result file: ./profiles/standalone_attn_prefill_and_decode_tp8_prefill_then_decode16_2048_1_8192160_kernel_trace.csv
[m[0;31mE20250902 03:14:10.578326 139652365072128 output_stream.cpp:105] Opened result file: ./profiles/standalone_attn_prefill_and_decode_tp8_prefill_then_decode16_2048_1_8192160_agent_info.csv
[m[0;33mW20250902 03:14:19.506063 139652365072128 tool.cpp:1902] rocprofv3_error_signal_handler caught signal 11...
[m# ---- Run standalone_attn_prefill_and_decode_tp8_prefill_then_decode16_2048_2_256160 ----
INFO 09-02 03:14:25 [__init__.py:244] Automatically detected platform rocm.
[0;31mE20250902 03:14:44.975502 139690146739968 output_stream.cpp:105] Opened result file: ./profiles/standalone_attn_prefill_and_decode_tp8_prefill_then_decode16_2048_2_256160_kernel_trace.csv
[m[0;31mE20250902 03:14:44.982915 139690146739968 output_stream.cpp:105] Opened result file: ./profiles/standalone_attn_prefill_and_decode_tp8_prefill_then_decode16_2048_2_256160_agent_info.csv
[m[0;33mW20250902 03:14:53.659847 139690146739968 tool.cpp:1902] rocprofv3_error_signal_handler caught signal 11...
[m# ---- Run standalone_attn_prefill_and_decode_tp8_prefill_then_decode16_2048_2_512160 ----
INFO 09-02 03:15:00 [__init__.py:244] Automatically detected platform rocm.
[0;31mE20250902 03:15:18.992246 140558777931520 output_stream.cpp:105] Opened result file: ./profiles/standalone_attn_prefill_and_decode_tp8_prefill_then_decode16_2048_2_512160_kernel_trace.csv
[m[0;31mE20250902 03:15:18.998890 140558777931520 output_stream.cpp:105] Opened result file: ./profiles/standalone_attn_prefill_and_decode_tp8_prefill_then_decode16_2048_2_512160_agent_info.csv
[m[0;33mW20250902 03:15:28.324106 140558777931520 tool.cpp:1902] rocprofv3_error_signal_handler caught signal 11...
[m# ---- Run standalone_attn_prefill_and_decode_tp8_prefill_then_decode16_2048_2_1024160 ----
INFO 09-02 03:15:34 [__init__.py:244] Automatically detected platform rocm.
[0;31mE20250902 03:15:54.533372 139806225430272 output_stream.cpp:105] Opened result file: ./profiles/standalone_attn_prefill_and_decode_tp8_prefill_then_decode16_2048_2_1024160_kernel_trace.csv
[m[0;31mE20250902 03:15:54.540253 139806225430272 output_stream.cpp:105] Opened result file: ./profiles/standalone_attn_prefill_and_decode_tp8_prefill_then_decode16_2048_2_1024160_agent_info.csv
[m[0;33mW20250902 03:16:03.565161 139806225430272 tool.cpp:1902] rocprofv3_error_signal_handler caught signal 11...
[m# ---- Run standalone_attn_prefill_and_decode_tp8_prefill_then_decode16_2048_2_2048160 ----
INFO 09-02 03:16:10 [__init__.py:244] Automatically detected platform rocm.
[0;31mE20250902 03:16:29.403809 139741373970176 output_stream.cpp:105] Opened result file: ./profiles/standalone_attn_prefill_and_decode_tp8_prefill_then_decode16_2048_2_2048160_kernel_trace.csv
[m[0;31mE20250902 03:16:29.410764 139741373970176 output_stream.cpp:105] Opened result file: ./profiles/standalone_attn_prefill_and_decode_tp8_prefill_then_decode16_2048_2_2048160_agent_info.csv
[m[0;33mW20250902 03:16:38.493430 139741373970176 tool.cpp:1902] rocprofv3_error_signal_handler caught signal 11...
[m# ---- Run standalone_attn_prefill_and_decode_tp8_prefill_then_decode16_2048_2_4096160 ----
INFO 09-02 03:16:44 [__init__.py:244] Automatically detected platform rocm.
[0;31mE20250902 03:17:04.799803 140596435527424 output_stream.cpp:105] Opened result file: ./profiles/standalone_attn_prefill_and_decode_tp8_prefill_then_decode16_2048_2_4096160_kernel_trace.csv
[m[0;31mE20250902 03:17:04.807307 140596435527424 output_stream.cpp:105] Opened result file: ./profiles/standalone_attn_prefill_and_decode_tp8_prefill_then_decode16_2048_2_4096160_agent_info.csv
[m[0;33mW20250902 03:17:13.760358 140596435527424 tool.cpp:1902] rocprofv3_error_signal_handler caught signal 11...
[m# ---- Run standalone_attn_prefill_and_decode_tp8_prefill_then_decode16_2048_2_8192160 ----
INFO 09-02 03:17:20 [__init__.py:244] Automatically detected platform rocm.
[0;31mE20250902 03:17:39.586671 139880001230592 output_stream.cpp:105] Opened result file: ./profiles/standalone_attn_prefill_and_decode_tp8_prefill_then_decode16_2048_2_8192160_kernel_trace.csv
[m[0;31mE20250902 03:17:39.594093 139880001230592 output_stream.cpp:105] Opened result file: ./profiles/standalone_attn_prefill_and_decode_tp8_prefill_then_decode16_2048_2_8192160_agent_info.csv
[m[0;33mW20250902 03:17:48.625845 139880001230592 tool.cpp:1902] rocprofv3_error_signal_handler caught signal 11...
[m# ---- Run standalone_attn_prefill_and_decode_tp8_prefill_then_decode16_2048_4_256160 ----
INFO 09-02 03:17:55 [__init__.py:244] Automatically detected platform rocm.
[0;31mE20250902 03:18:14.546979 140382932915968 output_stream.cpp:105] Opened result file: ./profiles/standalone_attn_prefill_and_decode_tp8_prefill_then_decode16_2048_4_256160_kernel_trace.csv
[m[0;31mE20250902 03:18:14.554582 140382932915968 output_stream.cpp:105] Opened result file: ./profiles/standalone_attn_prefill_and_decode_tp8_prefill_then_decode16_2048_4_256160_agent_info.csv
[m[0;33mW20250902 03:18:23.878364 140382932915968 tool.cpp:1902] rocprofv3_error_signal_handler caught signal 11...
[m# ---- Run standalone_attn_prefill_and_decode_tp8_prefill_then_decode16_2048_4_512160 ----
INFO 09-02 03:18:30 [__init__.py:244] Automatically detected platform rocm.
[0;31mE20250902 03:18:50.058694 140412375549696 output_stream.cpp:105] Opened result file: ./profiles/standalone_attn_prefill_and_decode_tp8_prefill_then_decode16_2048_4_512160_kernel_trace.csv
[m[0;31mE20250902 03:18:50.066175 140412375549696 output_stream.cpp:105] Opened result file: ./profiles/standalone_attn_prefill_and_decode_tp8_prefill_then_decode16_2048_4_512160_agent_info.csv
[m[0;33mW20250902 03:18:59.407753 140412375549696 tool.cpp:1902] rocprofv3_error_signal_handler caught signal 11...
[m# ---- Run standalone_attn_prefill_and_decode_tp8_prefill_then_decode16_2048_4_1024160 ----
INFO 09-02 03:19:06 [__init__.py:244] Automatically detected platform rocm.
[0;31mE20250902 03:19:26.015186 140465483130624 output_stream.cpp:105] Opened result file: ./profiles/standalone_attn_prefill_and_decode_tp8_prefill_then_decode16_2048_4_1024160_kernel_trace.csv
[m[0;31mE20250902 03:19:26.022629 140465483130624 output_stream.cpp:105] Opened result file: ./profiles/standalone_attn_prefill_and_decode_tp8_prefill_then_decode16_2048_4_1024160_agent_info.csv
[m[0;33mW20250902 03:19:35.444461 140465483130624 tool.cpp:1902] rocprofv3_error_signal_handler caught signal 11...
[m# ---- Run standalone_attn_prefill_and_decode_tp8_prefill_then_decode16_2048_4_2048160 ----
INFO 09-02 03:19:42 [__init__.py:244] Automatically detected platform rocm.
[0;31mE20250902 03:20:02.470113 140677020595968 output_stream.cpp:105] Opened result file: ./profiles/standalone_attn_prefill_and_decode_tp8_prefill_then_decode16_2048_4_2048160_kernel_trace.csv
[m[0;31mE20250902 03:20:02.476537 140677020595968 output_stream.cpp:105] Opened result file: ./profiles/standalone_attn_prefill_and_decode_tp8_prefill_then_decode16_2048_4_2048160_agent_info.csv
[m[0;33mW20250902 03:20:11.174913 140677020595968 tool.cpp:1902] rocprofv3_error_signal_handler caught signal 11...
[m# ---- Run standalone_attn_prefill_and_decode_tp8_prefill_then_decode16_2048_4_4096160 ----
INFO 09-02 03:20:17 [__init__.py:244] Automatically detected platform rocm.
[0;31mE20250902 03:20:37.627352 139738915243776 output_stream.cpp:105] Opened result file: ./profiles/standalone_attn_prefill_and_decode_tp8_prefill_then_decode16_2048_4_4096160_kernel_trace.csv
[m[0;31mE20250902 03:20:37.634293 139738915243776 output_stream.cpp:105] Opened result file: ./profiles/standalone_attn_prefill_and_decode_tp8_prefill_then_decode16_2048_4_4096160_agent_info.csv
[m[0;33mW20250902 03:20:46.821778 139738915243776 tool.cpp:1902] rocprofv3_error_signal_handler caught signal 11...
[m# ---- Run standalone_attn_prefill_and_decode_tp8_prefill_then_decode16_2048_4_8192160 ----
INFO 09-02 03:20:53 [__init__.py:244] Automatically detected platform rocm.
[0;31mE20250902 03:21:13.010292 140209624549120 output_stream.cpp:105] Opened result file: ./profiles/standalone_attn_prefill_and_decode_tp8_prefill_then_decode16_2048_4_8192160_kernel_trace.csv
[m[0;31mE20250902 03:21:13.017835 140209624549120 output_stream.cpp:105] Opened result file: ./profiles/standalone_attn_prefill_and_decode_tp8_prefill_then_decode16_2048_4_8192160_agent_info.csv
[m[0;33mW20250902 03:21:23.199298 140209624549120 tool.cpp:1902] rocprofv3_error_signal_handler caught signal 11...
[m# ---- Run standalone_attn_prefill_and_decode_tp8_prefill_then_decode16_2048_8_256160 ----
INFO 09-02 03:21:29 [__init__.py:244] Automatically detected platform rocm.
[0;31mE20250902 03:21:49.579249 139867452348160 output_stream.cpp:105] Opened result file: ./profiles/standalone_attn_prefill_and_decode_tp8_prefill_then_decode16_2048_8_256160_kernel_trace.csv
[m[0;31mE20250902 03:21:49.586754 139867452348160 output_stream.cpp:105] Opened result file: ./profiles/standalone_attn_prefill_and_decode_tp8_prefill_then_decode16_2048_8_256160_agent_info.csv
[m[0;33mW20250902 03:21:58.840616 139867452348160 tool.cpp:1902] rocprofv3_error_signal_handler caught signal 11...
[m# ---- Run standalone_attn_prefill_and_decode_tp8_prefill_then_decode16_2048_8_512160 ----
INFO 09-02 03:22:05 [__init__.py:244] Automatically detected platform rocm.
[0;31mE20250902 03:22:23.975959 140138954454784 output_stream.cpp:105] Opened result file: ./profiles/standalone_attn_prefill_and_decode_tp8_prefill_then_decode16_2048_8_512160_kernel_trace.csv
[m[0;31mE20250902 03:22:23.982911 140138954454784 output_stream.cpp:105] Opened result file: ./profiles/standalone_attn_prefill_and_decode_tp8_prefill_then_decode16_2048_8_512160_agent_info.csv
[m[0;33mW20250902 03:22:33.445526 140138954454784 tool.cpp:1902] rocprofv3_error_signal_handler caught signal 11...
[m# ---- Run standalone_attn_prefill_and_decode_tp8_prefill_then_decode16_2048_8_1024160 ----
INFO 09-02 03:22:39 [__init__.py:244] Automatically detected platform rocm.
[0;31mE20250902 03:22:58.185364 140352139437824 output_stream.cpp:105] Opened result file: ./profiles/standalone_attn_prefill_and_decode_tp8_prefill_then_decode16_2048_8_1024160_kernel_trace.csv
[m[0;31mE20250902 03:22:58.193300 140352139437824 output_stream.cpp:105] Opened result file: ./profiles/standalone_attn_prefill_and_decode_tp8_prefill_then_decode16_2048_8_1024160_agent_info.csv
[m[0;33mW20250902 03:23:07.128089 140352139437824 tool.cpp:1902] rocprofv3_error_signal_handler caught signal 11...
[m# ---- Run standalone_attn_prefill_and_decode_tp8_prefill_then_decode16_2048_8_2048160 ----
INFO 09-02 03:23:13 [__init__.py:244] Automatically detected platform rocm.
[0;31mE20250902 03:23:31.641075 140428686354176 output_stream.cpp:105] Opened result file: ./profiles/standalone_attn_prefill_and_decode_tp8_prefill_then_decode16_2048_8_2048160_kernel_trace.csv
[m[0;31mE20250902 03:23:31.647261 140428686354176 output_stream.cpp:105] Opened result file: ./profiles/standalone_attn_prefill_and_decode_tp8_prefill_then_decode16_2048_8_2048160_agent_info.csv
[m[0;33mW20250902 03:23:40.986096 140428686354176 tool.cpp:1902] rocprofv3_error_signal_handler caught signal 11...
[m# ---- Run standalone_attn_prefill_and_decode_tp8_prefill_then_decode16_2048_8_4096160 ----
INFO 09-02 03:23:47 [__init__.py:244] Automatically detected platform rocm.
[0;31mE20250902 03:24:05.580058 140478916441856 output_stream.cpp:105] Opened result file: ./profiles/standalone_attn_prefill_and_decode_tp8_prefill_then_decode16_2048_8_4096160_kernel_trace.csv
[m[0;31mE20250902 03:24:05.586046 140478916441856 output_stream.cpp:105] Opened result file: ./profiles/standalone_attn_prefill_and_decode_tp8_prefill_then_decode16_2048_8_4096160_agent_info.csv
[m[0;33mW20250902 03:24:14.142831 140478916441856 tool.cpp:1902] rocprofv3_error_signal_handler caught signal 11...
[m# ---- Run standalone_attn_prefill_and_decode_tp8_prefill_then_decode16_2048_8_8192160 ----
INFO 09-02 03:24:20 [__init__.py:244] Automatically detected platform rocm.
[0;31mE20250902 03:24:38.518091 140143814969088 output_stream.cpp:105] Opened result file: ./profiles/standalone_attn_prefill_and_decode_tp8_prefill_then_decode16_2048_8_8192160_kernel_trace.csv
[m[0;31mE20250902 03:24:38.524023 140143814969088 output_stream.cpp:105] Opened result file: ./profiles/standalone_attn_prefill_and_decode_tp8_prefill_then_decode16_2048_8_8192160_agent_info.csv
[m[0;33mW20250902 03:24:47.653082 140143814969088 tool.cpp:1902] rocprofv3_error_signal_handler caught signal 11...
[m# ---- Run standalone_attn_prefill_and_decode_tp8_prefill_then_decode16_2048_16_256160 ----
INFO 09-02 03:24:53 [__init__.py:244] Automatically detected platform rocm.
[0;31mE20250902 03:25:12.131566 140426686666496 output_stream.cpp:105] Opened result file: ./profiles/standalone_attn_prefill_and_decode_tp8_prefill_then_decode16_2048_16_256160_kernel_trace.csv
[m[0;31mE20250902 03:25:12.139200 140426686666496 output_stream.cpp:105] Opened result file: ./profiles/standalone_attn_prefill_and_decode_tp8_prefill_then_decode16_2048_16_256160_agent_info.csv
[m[0;33mW20250902 03:25:20.997183 140426686666496 tool.cpp:1902] rocprofv3_error_signal_handler caught signal 11...
[m# ---- Run standalone_attn_prefill_and_decode_tp8_prefill_then_decode16_2048_16_512160 ----
INFO 09-02 03:25:27 [__init__.py:244] Automatically detected platform rocm.
[0;31mE20250902 03:25:45.913341 140163626923776 output_stream.cpp:105] Opened result file: ./profiles/standalone_attn_prefill_and_decode_tp8_prefill_then_decode16_2048_16_512160_kernel_trace.csv
[m[0;31mE20250902 03:25:45.919387 140163626923776 output_stream.cpp:105] Opened result file: ./profiles/standalone_attn_prefill_and_decode_tp8_prefill_then_decode16_2048_16_512160_agent_info.csv
[m[0;33mW20250902 03:25:54.561859 140163626923776 tool.cpp:1902] rocprofv3_error_signal_handler caught signal 11...
[m# ---- Run standalone_attn_prefill_and_decode_tp8_prefill_then_decode16_2048_16_1024160 ----
INFO 09-02 03:26:00 [__init__.py:244] Automatically detected platform rocm.
[0;31mE20250902 03:26:18.598696 139830795085568 output_stream.cpp:105] Opened result file: ./profiles/standalone_attn_prefill_and_decode_tp8_prefill_then_decode16_2048_16_1024160_kernel_trace.csv
[m[0;31mE20250902 03:26:18.604702 139830795085568 output_stream.cpp:105] Opened result file: ./profiles/standalone_attn_prefill_and_decode_tp8_prefill_then_decode16_2048_16_1024160_agent_info.csv
[m[0;33mW20250902 03:26:27.786187 139830795085568 tool.cpp:1902] rocprofv3_error_signal_handler caught signal 11...
[m# ---- Run standalone_attn_prefill_and_decode_tp8_prefill_then_decode16_2048_16_2048160 ----
INFO 09-02 03:26:33 [__init__.py:244] Automatically detected platform rocm.
[0;31mE20250902 03:26:52.132875 140347255830272 output_stream.cpp:105] Opened result file: ./profiles/standalone_attn_prefill_and_decode_tp8_prefill_then_decode16_2048_16_2048160_kernel_trace.csv
[m[0;31mE20250902 03:26:52.138824 140347255830272 output_stream.cpp:105] Opened result file: ./profiles/standalone_attn_prefill_and_decode_tp8_prefill_then_decode16_2048_16_2048160_agent_info.csv
[m[0;33mW20250902 03:27:01.050059 140347255830272 tool.cpp:1902] rocprofv3_error_signal_handler caught signal 11...
[m# ---- Run standalone_attn_prefill_and_decode_tp8_prefill_then_decode16_2048_16_4096160 ----
INFO 09-02 03:27:07 [__init__.py:244] Automatically detected platform rocm.
[0;31mE20250902 03:27:25.282817 140421629150976 output_stream.cpp:105] Opened result file: ./profiles/standalone_attn_prefill_and_decode_tp8_prefill_then_decode16_2048_16_4096160_kernel_trace.csv
[m[0;31mE20250902 03:27:25.288945 140421629150976 output_stream.cpp:105] Opened result file: ./profiles/standalone_attn_prefill_and_decode_tp8_prefill_then_decode16_2048_16_4096160_agent_info.csv
[m[0;33mW20250902 03:27:34.020198 140421629150976 tool.cpp:1902] rocprofv3_error_signal_handler caught signal 11...
[m# ---- Run standalone_attn_prefill_and_decode_tp8_prefill_then_decode16_2048_16_8192160 ----
INFO 09-02 03:27:40 [__init__.py:244] Automatically detected platform rocm.
[0;31mE20250902 03:27:57.742090 140022358456064 output_stream.cpp:105] Opened result file: ./profiles/standalone_attn_prefill_and_decode_tp8_prefill_then_decode16_2048_16_8192160_kernel_trace.csv
[m[0;31mE20250902 03:27:57.748100 140022358456064 output_stream.cpp:105] Opened result file: ./profiles/standalone_attn_prefill_and_decode_tp8_prefill_then_decode16_2048_16_8192160_agent_info.csv
[m[0;33mW20250902 03:28:06.186479 140022358456064 tool.cpp:1902] rocprofv3_error_signal_handler caught signal 11...
[m# ---- Run standalone_attn_prefill_and_decode_tp8_prefill_then_decode16_2048_32_256160 ----
INFO 09-02 03:28:12 [__init__.py:244] Automatically detected platform rocm.
[0;31mE20250902 03:28:32.068246 139954179557120 output_stream.cpp:105] Opened result file: ./profiles/standalone_attn_prefill_and_decode_tp8_prefill_then_decode16_2048_32_256160_kernel_trace.csv
[m[0;31mE20250902 03:28:32.076466 139954179557120 output_stream.cpp:105] Opened result file: ./profiles/standalone_attn_prefill_and_decode_tp8_prefill_then_decode16_2048_32_256160_agent_info.csv
[m[0;33mW20250902 03:28:41.321774 139954179557120 tool.cpp:1902] rocprofv3_error_signal_handler caught signal 11...
[m# ---- Run standalone_attn_prefill_and_decode_tp8_prefill_then_decode16_2048_32_512160 ----
INFO 09-02 03:28:48 [__init__.py:244] Automatically detected platform rocm.
[0;31mE20250902 03:29:09.189955 140626329216768 output_stream.cpp:105] Opened result file: ./profiles/standalone_attn_prefill_and_decode_tp8_prefill_then_decode16_2048_32_512160_kernel_trace.csv
[m[0;31mE20250902 03:29:09.197707 140626329216768 output_stream.cpp:105] Opened result file: ./profiles/standalone_attn_prefill_and_decode_tp8_prefill_then_decode16_2048_32_512160_agent_info.csv
[m[0;33mW20250902 03:29:18.410086 140626329216768 tool.cpp:1902] rocprofv3_error_signal_handler caught signal 11...
[m# ---- Run standalone_attn_prefill_and_decode_tp8_prefill_then_decode16_2048_32_1024160 ----
INFO 09-02 03:29:25 [__init__.py:244] Automatically detected platform rocm.
[0;31mE20250902 03:29:45.282832 140281774229248 output_stream.cpp:105] Opened result file: ./profiles/standalone_attn_prefill_and_decode_tp8_prefill_then_decode16_2048_32_1024160_kernel_trace.csv
[m[0;31mE20250902 03:29:45.289654 140281774229248 output_stream.cpp:105] Opened result file: ./profiles/standalone_attn_prefill_and_decode_tp8_prefill_then_decode16_2048_32_1024160_agent_info.csv
[m[0;33mW20250902 03:29:54.676262 140281774229248 tool.cpp:1902] rocprofv3_error_signal_handler caught signal 11...
[m# ---- Run standalone_attn_prefill_and_decode_tp8_prefill_then_decode16_2048_32_2048160 ----
INFO 09-02 03:30:02 [__init__.py:244] Automatically detected platform rocm.
[0;31mE20250902 03:30:23.885514 140404005418752 output_stream.cpp:105] Opened result file: ./profiles/standalone_attn_prefill_and_decode_tp8_prefill_then_decode16_2048_32_2048160_kernel_trace.csv
[m[0;31mE20250902 03:30:23.891803 140404005418752 output_stream.cpp:105] Opened result file: ./profiles/standalone_attn_prefill_and_decode_tp8_prefill_then_decode16_2048_32_2048160_agent_info.csv
[m[0;33mW20250902 03:30:32.525231 140404005418752 tool.cpp:1902] rocprofv3_error_signal_handler caught signal 11...
[m# ---- Run standalone_attn_prefill_and_decode_tp8_prefill_then_decode16_2048_32_4096160 ----
INFO 09-02 03:30:38 [__init__.py:244] Automatically detected platform rocm.
[0;31mE20250902 03:30:56.762498 139941229311744 output_stream.cpp:105] Opened result file: ./profiles/standalone_attn_prefill_and_decode_tp8_prefill_then_decode16_2048_32_4096160_kernel_trace.csv
[m[0;31mE20250902 03:30:56.768587 139941229311744 output_stream.cpp:105] Opened result file: ./profiles/standalone_attn_prefill_and_decode_tp8_prefill_then_decode16_2048_32_4096160_agent_info.csv
[m[0;33mW20250902 03:31:05.404172 139941229311744 tool.cpp:1902] rocprofv3_error_signal_handler caught signal 11...
[m# ---- Run standalone_attn_prefill_and_decode_tp8_prefill_then_decode16_2048_32_8192160 ----
INFO 09-02 03:31:11 [__init__.py:244] Automatically detected platform rocm.
[0;31mE20250902 03:31:31.701088 139910756038400 output_stream.cpp:105] Opened result file: ./profiles/standalone_attn_prefill_and_decode_tp8_prefill_then_decode16_2048_32_8192160_kernel_trace.csv
[m[0;31mE20250902 03:31:31.708198 139910756038400 output_stream.cpp:105] Opened result file: ./profiles/standalone_attn_prefill_and_decode_tp8_prefill_then_decode16_2048_32_8192160_agent_info.csv
[m[0;33mW20250902 03:31:40.979633 139910756038400 tool.cpp:1902] rocprofv3_error_signal_handler caught signal 11...
[m# ---- Run standalone_attn_prefill_and_decode_tp8_prefill_then_decode16_2048_64_256160 ----
INFO 09-02 03:31:48 [__init__.py:244] Automatically detected platform rocm.
[0;31mE20250902 03:32:07.517263 139961335990016 output_stream.cpp:105] Opened result file: ./profiles/standalone_attn_prefill_and_decode_tp8_prefill_then_decode16_2048_64_256160_kernel_trace.csv
[m[0;31mE20250902 03:32:07.523563 139961335990016 output_stream.cpp:105] Opened result file: ./profiles/standalone_attn_prefill_and_decode_tp8_prefill_then_decode16_2048_64_256160_agent_info.csv
[m[0;33mW20250902 03:32:16.763694 139961335990016 tool.cpp:1902] rocprofv3_error_signal_handler caught signal 11...
[m# ---- Run standalone_attn_prefill_and_decode_tp8_prefill_then_decode16_2048_64_512160 ----
INFO 09-02 03:32:22 [__init__.py:244] Automatically detected platform rocm.
[0;31mE20250902 03:32:39.767969 140281404675840 output_stream.cpp:105] Opened result file: ./profiles/standalone_attn_prefill_and_decode_tp8_prefill_then_decode16_2048_64_512160_kernel_trace.csv
[m[0;31mE20250902 03:32:39.774129 140281404675840 output_stream.cpp:105] Opened result file: ./profiles/standalone_attn_prefill_and_decode_tp8_prefill_then_decode16_2048_64_512160_agent_info.csv
[m[0;33mW20250902 03:32:48.218728 140281404675840 tool.cpp:1902] rocprofv3_error_signal_handler caught signal 11...
[m# ---- Run standalone_attn_prefill_and_decode_tp8_prefill_then_decode16_2048_64_1024160 ----
INFO 09-02 03:32:53 [__init__.py:244] Automatically detected platform rocm.
[0;31mE20250902 03:33:11.122406 140216273196800 output_stream.cpp:105] Opened result file: ./profiles/standalone_attn_prefill_and_decode_tp8_prefill_then_decode16_2048_64_1024160_kernel_trace.csv
[m[0;31mE20250902 03:33:11.128315 140216273196800 output_stream.cpp:105] Opened result file: ./profiles/standalone_attn_prefill_and_decode_tp8_prefill_then_decode16_2048_64_1024160_agent_info.csv
[m[0;33mW20250902 03:33:19.606713 140216273196800 tool.cpp:1902] rocprofv3_error_signal_handler caught signal 11...
[m# ---- Run standalone_attn_prefill_and_decode_tp8_prefill_then_decode16_2048_64_2048160 ----
INFO 09-02 03:33:25 [__init__.py:244] Automatically detected platform rocm.
[0;31mE20250902 03:33:43.249776 140140735751936 output_stream.cpp:105] Opened result file: ./profiles/standalone_attn_prefill_and_decode_tp8_prefill_then_decode16_2048_64_2048160_kernel_trace.csv
[m[0;31mE20250902 03:33:43.256015 140140735751936 output_stream.cpp:105] Opened result file: ./profiles/standalone_attn_prefill_and_decode_tp8_prefill_then_decode16_2048_64_2048160_agent_info.csv
[m[0;33mW20250902 03:33:51.701216 140140735751936 tool.cpp:1902] rocprofv3_error_signal_handler caught signal 11...
[m# ---- Run standalone_attn_prefill_and_decode_tp8_prefill_then_decode16_2048_64_4096160 ----
INFO 09-02 03:33:57 [__init__.py:244] Automatically detected platform rocm.
[0;31mE20250902 03:34:15.655148 140212028139264 output_stream.cpp:105] Opened result file: ./profiles/standalone_attn_prefill_and_decode_tp8_prefill_then_decode16_2048_64_4096160_kernel_trace.csv
[m[0;31mE20250902 03:34:15.662146 140212028139264 output_stream.cpp:105] Opened result file: ./profiles/standalone_attn_prefill_and_decode_tp8_prefill_then_decode16_2048_64_4096160_agent_info.csv
[m[0;33mW20250902 03:34:24.624696 140212028139264 tool.cpp:1902] rocprofv3_error_signal_handler caught signal 11...
[m# ---- Run standalone_attn_prefill_and_decode_tp8_prefill_then_decode16_2048_64_8192160 ----
INFO 09-02 03:34:30 [__init__.py:244] Automatically detected platform rocm.
[0;31mE20250902 03:34:48.558562 140447838447360 output_stream.cpp:105] Opened result file: ./profiles/standalone_attn_prefill_and_decode_tp8_prefill_then_decode16_2048_64_8192160_kernel_trace.csv
[m[0;31mE20250902 03:34:48.565383 140447838447360 output_stream.cpp:105] Opened result file: ./profiles/standalone_attn_prefill_and_decode_tp8_prefill_then_decode16_2048_64_8192160_agent_info.csv
[m[0;33mW20250902 03:34:57.663306 140447838447360 tool.cpp:1902] rocprofv3_error_signal_handler caught signal 11...
[m# ---- Run standalone_attn_prefill_and_decode_tp8_prefill_then_decode16_2048_128_256160 ----
INFO 09-02 03:35:03 [__init__.py:244] Automatically detected platform rocm.
[0;31mE20250902 03:35:19.986122 140265496143616 output_stream.cpp:105] Opened result file: ./profiles/standalone_attn_prefill_and_decode_tp8_prefill_then_decode16_2048_128_256160_kernel_trace.csv
[m[0;31mE20250902 03:35:19.993041 140265496143616 output_stream.cpp:105] Opened result file: ./profiles/standalone_attn_prefill_and_decode_tp8_prefill_then_decode16_2048_128_256160_agent_info.csv
[m[0;33mW20250902 03:35:28.661225 140265496143616 tool.cpp:1902] rocprofv3_error_signal_handler caught signal 11...
[m# ---- Run standalone_attn_prefill_and_decode_tp8_prefill_then_decode16_2048_128_512160 ----
INFO 09-02 03:35:34 [__init__.py:244] Automatically detected platform rocm.
[0;31mE20250902 03:35:51.663334 139953099503360 output_stream.cpp:105] Opened result file: ./profiles/standalone_attn_prefill_and_decode_tp8_prefill_then_decode16_2048_128_512160_kernel_trace.csv
[m[0;31mE20250902 03:35:51.670241 139953099503360 output_stream.cpp:105] Opened result file: ./profiles/standalone_attn_prefill_and_decode_tp8_prefill_then_decode16_2048_128_512160_agent_info.csv
[m[0;33mW20250902 03:36:00.353485 139953099503360 tool.cpp:1902] rocprofv3_error_signal_handler caught signal 11...
[m# ---- Run standalone_attn_prefill_and_decode_tp8_prefill_then_decode16_2048_128_1024160 ----
INFO 09-02 03:36:06 [__init__.py:244] Automatically detected platform rocm.
[0;31mE20250902 03:36:23.287569 140345928382208 output_stream.cpp:105] Opened result file: ./profiles/standalone_attn_prefill_and_decode_tp8_prefill_then_decode16_2048_128_1024160_kernel_trace.csv
[m[0;31mE20250902 03:36:23.294397 140345928382208 output_stream.cpp:105] Opened result file: ./profiles/standalone_attn_prefill_and_decode_tp8_prefill_then_decode16_2048_128_1024160_agent_info.csv
[m[0;33mW20250902 03:36:31.745602 140345928382208 tool.cpp:1902] rocprofv3_error_signal_handler caught signal 11...
[m# ---- Run standalone_attn_prefill_and_decode_tp8_prefill_then_decode16_2048_128_2048160 ----
INFO 09-02 03:36:37 [__init__.py:244] Automatically detected platform rocm.
[0;31mE20250902 03:36:53.908437 139930689455872 output_stream.cpp:105] Opened result file: ./profiles/standalone_attn_prefill_and_decode_tp8_prefill_then_decode16_2048_128_2048160_kernel_trace.csv
[m[0;31mE20250902 03:36:53.914382 139930689455872 output_stream.cpp:105] Opened result file: ./profiles/standalone_attn_prefill_and_decode_tp8_prefill_then_decode16_2048_128_2048160_agent_info.csv
[m[0;33mW20250902 03:37:02.858389 139930689455872 tool.cpp:1902] rocprofv3_error_signal_handler caught signal 11...
[m# ---- Run standalone_attn_prefill_and_decode_tp8_prefill_then_decode16_2048_128_4096160 ----
INFO 09-02 03:37:09 [__init__.py:244] Automatically detected platform rocm.
[0;31mE20250902 03:37:25.029265 140171563894528 output_stream.cpp:105] Opened result file: ./profiles/standalone_attn_prefill_and_decode_tp8_prefill_then_decode16_2048_128_4096160_kernel_trace.csv
[m[0;31mE20250902 03:37:25.035183 140171563894528 output_stream.cpp:105] Opened result file: ./profiles/standalone_attn_prefill_and_decode_tp8_prefill_then_decode16_2048_128_4096160_agent_info.csv
[m[0;33mW20250902 03:37:33.849675 140171563894528 tool.cpp:1902] rocprofv3_error_signal_handler caught signal 11...
[m# ---- Run standalone_attn_prefill_and_decode_tp8_prefill_then_decode16_2048_128_8192160 ----
INFO 09-02 03:37:38 [__init__.py:244] Automatically detected platform rocm.
[0;31mE20250902 03:37:53.294077 140090012415744 output_stream.cpp:105] Opened result file: ./profiles/standalone_attn_prefill_and_decode_tp8_prefill_then_decode16_2048_128_8192160_kernel_trace.csv
[m[0;31mE20250902 03:37:53.300369 140090012415744 output_stream.cpp:105] Opened result file: ./profiles/standalone_attn_prefill_and_decode_tp8_prefill_then_decode16_2048_128_8192160_agent_info.csv
[m[0;33mW20250902 03:38:01.743268 140090012415744 tool.cpp:1902] rocprofv3_error_signal_handler caught signal 11...
[m# ---- Run standalone_attn_prefill_and_decode_tp8_prefill_then_decode16_4096_1_256160 ----
INFO 09-02 03:38:06 [__init__.py:244] Automatically detected platform rocm.
[0;31mE20250902 03:38:22.116340 139953214191360 output_stream.cpp:105] Opened result file: ./profiles/standalone_attn_prefill_and_decode_tp8_prefill_then_decode16_4096_1_256160_kernel_trace.csv
[m[0;31mE20250902 03:38:22.122239 139953214191360 output_stream.cpp:105] Opened result file: ./profiles/standalone_attn_prefill_and_decode_tp8_prefill_then_decode16_4096_1_256160_agent_info.csv
[m[0;33mW20250902 03:38:30.557687 139953214191360 tool.cpp:1902] rocprofv3_error_signal_handler caught signal 11...
[m# ---- Run standalone_attn_prefill_and_decode_tp8_prefill_then_decode16_4096_1_512160 ----
INFO 09-02 03:38:35 [__init__.py:244] Automatically detected platform rocm.
[0;31mE20250902 03:38:50.972232 139867956594432 output_stream.cpp:105] Opened result file: ./profiles/standalone_attn_prefill_and_decode_tp8_prefill_then_decode16_4096_1_512160_kernel_trace.csv
[m[0;31mE20250902 03:38:50.978116 139867956594432 output_stream.cpp:105] Opened result file: ./profiles/standalone_attn_prefill_and_decode_tp8_prefill_then_decode16_4096_1_512160_agent_info.csv
[m[0;33mW20250902 03:38:59.840422 139867956594432 tool.cpp:1902] rocprofv3_error_signal_handler caught signal 11...
[m# ---- Run standalone_attn_prefill_and_decode_tp8_prefill_then_decode16_4096_1_1024160 ----
INFO 09-02 03:39:04 [__init__.py:244] Automatically detected platform rocm.
[0;31mE20250902 03:39:20.450860 140287541794560 output_stream.cpp:105] Opened result file: ./profiles/standalone_attn_prefill_and_decode_tp8_prefill_then_decode16_4096_1_1024160_kernel_trace.csv
[m[0;31mE20250902 03:39:20.456667 140287541794560 output_stream.cpp:105] Opened result file: ./profiles/standalone_attn_prefill_and_decode_tp8_prefill_then_decode16_4096_1_1024160_agent_info.csv
[m[0;33mW20250902 03:39:29.337877 140287541794560 tool.cpp:1902] rocprofv3_error_signal_handler caught signal 11...
[m# ---- Run standalone_attn_prefill_and_decode_tp8_prefill_then_decode16_4096_1_2048160 ----
INFO 09-02 03:39:34 [__init__.py:244] Automatically detected platform rocm.
[0;31mE20250902 03:39:49.880550 140659042404096 output_stream.cpp:105] Opened result file: ./profiles/standalone_attn_prefill_and_decode_tp8_prefill_then_decode16_4096_1_2048160_kernel_trace.csv
[m[0;31mE20250902 03:39:49.886304 140659042404096 output_stream.cpp:105] Opened result file: ./profiles/standalone_attn_prefill_and_decode_tp8_prefill_then_decode16_4096_1_2048160_agent_info.csv
[m[0;33mW20250902 03:39:58.291560 140659042404096 tool.cpp:1902] rocprofv3_error_signal_handler caught signal 11...
[m# ---- Run standalone_attn_prefill_and_decode_tp8_prefill_then_decode16_4096_1_4096160 ----
INFO 09-02 03:40:03 [__init__.py:244] Automatically detected platform rocm.
[0;31mE20250902 03:40:18.747479 140525594982144 output_stream.cpp:105] Opened result file: ./profiles/standalone_attn_prefill_and_decode_tp8_prefill_then_decode16_4096_1_4096160_kernel_trace.csv
[m[0;31mE20250902 03:40:18.753368 140525594982144 output_stream.cpp:105] Opened result file: ./profiles/standalone_attn_prefill_and_decode_tp8_prefill_then_decode16_4096_1_4096160_agent_info.csv
[m[0;33mW20250902 03:40:27.853503 140525594982144 tool.cpp:1902] rocprofv3_error_signal_handler caught signal 11...
[m# ---- Run standalone_attn_prefill_and_decode_tp8_prefill_then_decode16_4096_1_8192160 ----
INFO 09-02 03:40:32 [__init__.py:244] Automatically detected platform rocm.
[0;31mE20250902 03:40:48.269998 140254742923008 output_stream.cpp:105] Opened result file: ./profiles/standalone_attn_prefill_and_decode_tp8_prefill_then_decode16_4096_1_8192160_kernel_trace.csv
[m[0;31mE20250902 03:40:48.275864 140254742923008 output_stream.cpp:105] Opened result file: ./profiles/standalone_attn_prefill_and_decode_tp8_prefill_then_decode16_4096_1_8192160_agent_info.csv
[m[0;33mW20250902 03:40:56.885632 140254742923008 tool.cpp:1902] rocprofv3_error_signal_handler caught signal 11...
[m# ---- Run standalone_attn_prefill_and_decode_tp8_prefill_then_decode16_4096_2_256160 ----
INFO 09-02 03:41:01 [__init__.py:244] Automatically detected platform rocm.
[0;31mE20250902 03:41:17.525400 140456878974720 output_stream.cpp:105] Opened result file: ./profiles/standalone_attn_prefill_and_decode_tp8_prefill_then_decode16_4096_2_256160_kernel_trace.csv
[m[0;31mE20250902 03:41:17.531237 140456878974720 output_stream.cpp:105] Opened result file: ./profiles/standalone_attn_prefill_and_decode_tp8_prefill_then_decode16_4096_2_256160_agent_info.csv
[m[0;33mW20250902 03:41:26.430488 140456878974720 tool.cpp:1902] rocprofv3_error_signal_handler caught signal 11...
[m# ---- Run standalone_attn_prefill_and_decode_tp8_prefill_then_decode16_4096_2_512160 ----
INFO 09-02 03:41:31 [__init__.py:244] Automatically detected platform rocm.
[0;31mE20250902 03:41:46.758131 140520494634752 output_stream.cpp:105] Opened result file: ./profiles/standalone_attn_prefill_and_decode_tp8_prefill_then_decode16_4096_2_512160_kernel_trace.csv
[m[0;31mE20250902 03:41:46.763952 140520494634752 output_stream.cpp:105] Opened result file: ./profiles/standalone_attn_prefill_and_decode_tp8_prefill_then_decode16_4096_2_512160_agent_info.csv
[m[0;33mW20250902 03:41:55.730266 140520494634752 tool.cpp:1902] rocprofv3_error_signal_handler caught signal 11...
[m# ---- Run standalone_attn_prefill_and_decode_tp8_prefill_then_decode16_4096_2_1024160 ----
INFO 09-02 03:42:00 [__init__.py:244] Automatically detected platform rocm.
[0;31mE20250902 03:42:16.347744 140713944798976 output_stream.cpp:105] Opened result file: ./profiles/standalone_attn_prefill_and_decode_tp8_prefill_then_decode16_4096_2_1024160_kernel_trace.csv
[m[0;31mE20250902 03:42:16.354802 140713944798976 output_stream.cpp:105] Opened result file: ./profiles/standalone_attn_prefill_and_decode_tp8_prefill_then_decode16_4096_2_1024160_agent_info.csv
[m[0;33mW20250902 03:42:25.407052 140713944798976 tool.cpp:1902] rocprofv3_error_signal_handler caught signal 11...
[m# ---- Run standalone_attn_prefill_and_decode_tp8_prefill_then_decode16_4096_2_2048160 ----
INFO 09-02 03:42:30 [__init__.py:244] Automatically detected platform rocm.
[0;31mE20250902 03:42:45.683724 139946790176512 output_stream.cpp:105] Opened result file: ./profiles/standalone_attn_prefill_and_decode_tp8_prefill_then_decode16_4096_2_2048160_kernel_trace.csv
[m[0;31mE20250902 03:42:45.690423 139946790176512 output_stream.cpp:105] Opened result file: ./profiles/standalone_attn_prefill_and_decode_tp8_prefill_then_decode16_4096_2_2048160_agent_info.csv
[m[0;33mW20250902 03:42:54.154760 139946790176512 tool.cpp:1902] rocprofv3_error_signal_handler caught signal 11...
[m# ---- Run standalone_attn_prefill_and_decode_tp8_prefill_then_decode16_4096_2_4096160 ----
INFO 09-02 03:42:59 [__init__.py:244] Automatically detected platform rocm.
[0;31mE20250902 03:43:14.341977 140003391813376 output_stream.cpp:105] Opened result file: ./profiles/standalone_attn_prefill_and_decode_tp8_prefill_then_decode16_4096_2_4096160_kernel_trace.csv
[m[0;31mE20250902 03:43:14.347748 140003391813376 output_stream.cpp:105] Opened result file: ./profiles/standalone_attn_prefill_and_decode_tp8_prefill_then_decode16_4096_2_4096160_agent_info.csv
[m[0;33mW20250902 03:43:22.878463 140003391813376 tool.cpp:1902] rocprofv3_error_signal_handler caught signal 11...
[m# ---- Run standalone_attn_prefill_and_decode_tp8_prefill_then_decode16_4096_2_8192160 ----
INFO 09-02 03:43:27 [__init__.py:244] Automatically detected platform rocm.
[0;31mE20250902 03:43:43.255694 140014375196416 output_stream.cpp:105] Opened result file: ./profiles/standalone_attn_prefill_and_decode_tp8_prefill_then_decode16_4096_2_8192160_kernel_trace.csv
[m[0;31mE20250902 03:43:43.261486 140014375196416 output_stream.cpp:105] Opened result file: ./profiles/standalone_attn_prefill_and_decode_tp8_prefill_then_decode16_4096_2_8192160_agent_info.csv
[m[0;33mW20250902 03:43:52.100011 140014375196416 tool.cpp:1902] rocprofv3_error_signal_handler caught signal 11...
[m# ---- Run standalone_attn_prefill_and_decode_tp8_prefill_then_decode16_4096_4_256160 ----
INFO 09-02 03:43:57 [__init__.py:244] Automatically detected platform rocm.
[0;31mE20250902 03:44:12.358323 139758480004864 output_stream.cpp:105] Opened result file: ./profiles/standalone_attn_prefill_and_decode_tp8_prefill_then_decode16_4096_4_256160_kernel_trace.csv
[m[0;31mE20250902 03:44:12.364151 139758480004864 output_stream.cpp:105] Opened result file: ./profiles/standalone_attn_prefill_and_decode_tp8_prefill_then_decode16_4096_4_256160_agent_info.csv
[m[0;33mW20250902 03:44:20.825579 139758480004864 tool.cpp:1902] rocprofv3_error_signal_handler caught signal 11...
[m# ---- Run standalone_attn_prefill_and_decode_tp8_prefill_then_decode16_4096_4_512160 ----
INFO 09-02 03:44:25 [__init__.py:244] Automatically detected platform rocm.
[0;31mE20250902 03:44:41.277128 139922700801792 output_stream.cpp:105] Opened result file: ./profiles/standalone_attn_prefill_and_decode_tp8_prefill_then_decode16_4096_4_512160_kernel_trace.csv
[m[0;31mE20250902 03:44:41.283039 139922700801792 output_stream.cpp:105] Opened result file: ./profiles/standalone_attn_prefill_and_decode_tp8_prefill_then_decode16_4096_4_512160_agent_info.csv
[m[0;33mW20250902 03:44:49.801137 139922700801792 tool.cpp:1902] rocprofv3_error_signal_handler caught signal 11...
[m# ---- Run standalone_attn_prefill_and_decode_tp8_prefill_then_decode16_4096_4_1024160 ----
INFO 09-02 03:44:54 [__init__.py:244] Automatically detected platform rocm.
[0;31mE20250902 03:45:09.685474 140207048185600 output_stream.cpp:105] Opened result file: ./profiles/standalone_attn_prefill_and_decode_tp8_prefill_then_decode16_4096_4_1024160_kernel_trace.csv
[m[0;31mE20250902 03:45:09.691350 140207048185600 output_stream.cpp:105] Opened result file: ./profiles/standalone_attn_prefill_and_decode_tp8_prefill_then_decode16_4096_4_1024160_agent_info.csv
[m[0;33mW20250902 03:45:18.150755 140207048185600 tool.cpp:1902] rocprofv3_error_signal_handler caught signal 11...
[m# ---- Run standalone_attn_prefill_and_decode_tp8_prefill_then_decode16_4096_4_2048160 ----
INFO 09-02 03:45:23 [__init__.py:244] Automatically detected platform rocm.
[0;31mE20250902 03:45:38.613641 140618551207680 output_stream.cpp:105] Opened result file: ./profiles/standalone_attn_prefill_and_decode_tp8_prefill_then_decode16_4096_4_2048160_kernel_trace.csv
[m[0;31mE20250902 03:45:38.619560 140618551207680 output_stream.cpp:105] Opened result file: ./profiles/standalone_attn_prefill_and_decode_tp8_prefill_then_decode16_4096_4_2048160_agent_info.csv
[m[0;33mW20250902 03:45:47.146595 140618551207680 tool.cpp:1902] rocprofv3_error_signal_handler caught signal 11...
[m# ---- Run standalone_attn_prefill_and_decode_tp8_prefill_then_decode16_4096_4_4096160 ----
INFO 09-02 03:45:52 [__init__.py:244] Automatically detected platform rocm.
[0;31mE20250902 03:46:07.469024 139976257976064 output_stream.cpp:105] Opened result file: ./profiles/standalone_attn_prefill_and_decode_tp8_prefill_then_decode16_4096_4_4096160_kernel_trace.csv
[m[0;31mE20250902 03:46:07.474842 139976257976064 output_stream.cpp:105] Opened result file: ./profiles/standalone_attn_prefill_and_decode_tp8_prefill_then_decode16_4096_4_4096160_agent_info.csv
[m[0;33mW20250902 03:46:16.351203 139976257976064 tool.cpp:1902] rocprofv3_error_signal_handler caught signal 11...
[m# ---- Run standalone_attn_prefill_and_decode_tp8_prefill_then_decode16_4096_4_8192160 ----
INFO 09-02 03:46:21 [__init__.py:244] Automatically detected platform rocm.
[0;31mE20250902 03:46:36.729450 140078979843840 output_stream.cpp:105] Opened result file: ./profiles/standalone_attn_prefill_and_decode_tp8_prefill_then_decode16_4096_4_8192160_kernel_trace.csv
[m[0;31mE20250902 03:46:36.735317 140078979843840 output_stream.cpp:105] Opened result file: ./profiles/standalone_attn_prefill_and_decode_tp8_prefill_then_decode16_4096_4_8192160_agent_info.csv
[m[0;33mW20250902 03:46:45.267649 140078979843840 tool.cpp:1902] rocprofv3_error_signal_handler caught signal 11...
[m# ---- Run standalone_attn_prefill_and_decode_tp8_prefill_then_decode16_4096_8_256160 ----
INFO 09-02 03:46:50 [__init__.py:244] Automatically detected platform rocm.
[0;31mE20250902 03:47:05.769347 140522521433856 output_stream.cpp:105] Opened result file: ./profiles/standalone_attn_prefill_and_decode_tp8_prefill_then_decode16_4096_8_256160_kernel_trace.csv
[m[0;31mE20250902 03:47:05.775319 140522521433856 output_stream.cpp:105] Opened result file: ./profiles/standalone_attn_prefill_and_decode_tp8_prefill_then_decode16_4096_8_256160_agent_info.csv
[m[0;33mW20250902 03:47:14.772725 140522521433856 tool.cpp:1902] rocprofv3_error_signal_handler caught signal 11...
[m# ---- Run standalone_attn_prefill_and_decode_tp8_prefill_then_decode16_4096_8_512160 ----
INFO 09-02 03:47:19 [__init__.py:244] Automatically detected platform rocm.
[0;31mE20250902 03:47:35.211205 139965566740224 output_stream.cpp:105] Opened result file: ./profiles/standalone_attn_prefill_and_decode_tp8_prefill_then_decode16_4096_8_512160_kernel_trace.csv
[m[0;31mE20250902 03:47:35.217073 139965566740224 output_stream.cpp:105] Opened result file: ./profiles/standalone_attn_prefill_and_decode_tp8_prefill_then_decode16_4096_8_512160_agent_info.csv
[m[0;33mW20250902 03:47:43.929744 139965566740224 tool.cpp:1902] rocprofv3_error_signal_handler caught signal 11...
[m# ---- Run standalone_attn_prefill_and_decode_tp8_prefill_then_decode16_4096_8_1024160 ----
INFO 09-02 03:47:48 [__init__.py:244] Automatically detected platform rocm.
[0;31mE20250902 03:48:04.548019 140109106763520 output_stream.cpp:105] Opened result file: ./profiles/standalone_attn_prefill_and_decode_tp8_prefill_then_decode16_4096_8_1024160_kernel_trace.csv
[m[0;31mE20250902 03:48:04.553993 140109106763520 output_stream.cpp:105] Opened result file: ./profiles/standalone_attn_prefill_and_decode_tp8_prefill_then_decode16_4096_8_1024160_agent_info.csv
[m[0;33mW20250902 03:48:13.083918 140109106763520 tool.cpp:1902] rocprofv3_error_signal_handler caught signal 11...
[m# ---- Run standalone_attn_prefill_and_decode_tp8_prefill_then_decode16_4096_8_2048160 ----
INFO 09-02 03:48:17 [__init__.py:244] Automatically detected platform rocm.
[0;31mE20250902 03:48:33.294838 140522589841152 output_stream.cpp:105] Opened result file: ./profiles/standalone_attn_prefill_and_decode_tp8_prefill_then_decode16_4096_8_2048160_kernel_trace.csv
[m[0;31mE20250902 03:48:33.300749 140522589841152 output_stream.cpp:105] Opened result file: ./profiles/standalone_attn_prefill_and_decode_tp8_prefill_then_decode16_4096_8_2048160_agent_info.csv
[m[0;33mW20250902 03:48:41.806855 140522589841152 tool.cpp:1902] rocprofv3_error_signal_handler caught signal 11...
[m# ---- Run standalone_attn_prefill_and_decode_tp8_prefill_then_decode16_4096_8_4096160 ----
INFO 09-02 03:48:46 [__init__.py:244] Automatically detected platform rocm.
[0;31mE20250902 03:49:02.014112 139706224539392 output_stream.cpp:105] Opened result file: ./profiles/standalone_attn_prefill_and_decode_tp8_prefill_then_decode16_4096_8_4096160_kernel_trace.csv
[m[0;31mE20250902 03:49:02.019915 139706224539392 output_stream.cpp:105] Opened result file: ./profiles/standalone_attn_prefill_and_decode_tp8_prefill_then_decode16_4096_8_4096160_agent_info.csv
[m[0;33mW20250902 03:49:10.835791 139706224539392 tool.cpp:1902] rocprofv3_error_signal_handler caught signal 11...
[m# ---- Run standalone_attn_prefill_and_decode_tp8_prefill_then_decode16_4096_8_8192160 ----
INFO 09-02 03:49:15 [__init__.py:244] Automatically detected platform rocm.
[0;31mE20250902 03:49:31.192393 140020077573888 output_stream.cpp:105] Opened result file: ./profiles/standalone_attn_prefill_and_decode_tp8_prefill_then_decode16_4096_8_8192160_kernel_trace.csv
[m[0;31mE20250902 03:49:31.198255 140020077573888 output_stream.cpp:105] Opened result file: ./profiles/standalone_attn_prefill_and_decode_tp8_prefill_then_decode16_4096_8_8192160_agent_info.csv
[m[0;33mW20250902 03:49:39.784817 140020077573888 tool.cpp:1902] rocprofv3_error_signal_handler caught signal 11...
[m# ---- Run standalone_attn_prefill_and_decode_tp8_prefill_then_decode16_4096_16_256160 ----
INFO 09-02 03:49:44 [__init__.py:244] Automatically detected platform rocm.
[0;31mE20250902 03:50:00.413762 140384991237888 output_stream.cpp:105] Opened result file: ./profiles/standalone_attn_prefill_and_decode_tp8_prefill_then_decode16_4096_16_256160_kernel_trace.csv
[m[0;31mE20250902 03:50:00.419565 140384991237888 output_stream.cpp:105] Opened result file: ./profiles/standalone_attn_prefill_and_decode_tp8_prefill_then_decode16_4096_16_256160_agent_info.csv
[m[0;33mW20250902 03:50:09.182800 140384991237888 tool.cpp:1902] rocprofv3_error_signal_handler caught signal 11...
[m# ---- Run standalone_attn_prefill_and_decode_tp8_prefill_then_decode16_4096_16_512160 ----
INFO 09-02 03:50:14 [__init__.py:244] Automatically detected platform rocm.
[0;31mE20250902 03:50:29.577295 140334111471360 output_stream.cpp:105] Opened result file: ./profiles/standalone_attn_prefill_and_decode_tp8_prefill_then_decode16_4096_16_512160_kernel_trace.csv
[m[0;31mE20250902 03:50:29.583580 140334111471360 output_stream.cpp:105] Opened result file: ./profiles/standalone_attn_prefill_and_decode_tp8_prefill_then_decode16_4096_16_512160_agent_info.csv
[m[0;33mW20250902 03:50:38.400966 140334111471360 tool.cpp:1902] rocprofv3_error_signal_handler caught signal 11...
[m# ---- Run standalone_attn_prefill_and_decode_tp8_prefill_then_decode16_4096_16_1024160 ----
INFO 09-02 03:50:43 [__init__.py:244] Automatically detected platform rocm.
[0;31mE20250902 03:50:58.624476 140430111848192 output_stream.cpp:105] Opened result file: ./profiles/standalone_attn_prefill_and_decode_tp8_prefill_then_decode16_4096_16_1024160_kernel_trace.csv
[m[0;31mE20250902 03:50:58.630409 140430111848192 output_stream.cpp:105] Opened result file: ./profiles/standalone_attn_prefill_and_decode_tp8_prefill_then_decode16_4096_16_1024160_agent_info.csv
[m[0;33mW20250902 03:51:07.087311 140430111848192 tool.cpp:1902] rocprofv3_error_signal_handler caught signal 11...
[m# ---- Run standalone_attn_prefill_and_decode_tp8_prefill_then_decode16_4096_16_2048160 ----
INFO 09-02 03:51:11 [__init__.py:244] Automatically detected platform rocm.
[0;31mE20250902 03:51:27.316134 140046182967040 output_stream.cpp:105] Opened result file: ./profiles/standalone_attn_prefill_and_decode_tp8_prefill_then_decode16_4096_16_2048160_kernel_trace.csv
[m[0;31mE20250902 03:51:27.322103 140046182967040 output_stream.cpp:105] Opened result file: ./profiles/standalone_attn_prefill_and_decode_tp8_prefill_then_decode16_4096_16_2048160_agent_info.csv
[m[0;33mW20250902 03:51:36.295727 140046182967040 tool.cpp:1902] rocprofv3_error_signal_handler caught signal 11...
[m# ---- Run standalone_attn_prefill_and_decode_tp8_prefill_then_decode16_4096_16_4096160 ----
INFO 09-02 03:51:41 [__init__.py:244] Automatically detected platform rocm.
[0;31mE20250902 03:51:56.726126 140283885577984 output_stream.cpp:105] Opened result file: ./profiles/standalone_attn_prefill_and_decode_tp8_prefill_then_decode16_4096_16_4096160_kernel_trace.csv
[m[0;31mE20250902 03:51:56.732124 140283885577984 output_stream.cpp:105] Opened result file: ./profiles/standalone_attn_prefill_and_decode_tp8_prefill_then_decode16_4096_16_4096160_agent_info.csv
[m[0;33mW20250902 03:52:05.821474 140283885577984 tool.cpp:1902] rocprofv3_error_signal_handler caught signal 11...
[m# ---- Run standalone_attn_prefill_and_decode_tp8_prefill_then_decode16_4096_16_8192160 ----
INFO 09-02 03:52:10 [__init__.py:244] Automatically detected platform rocm.
[0;31mE20250902 03:52:26.535629 140427932768000 output_stream.cpp:105] Opened result file: ./profiles/standalone_attn_prefill_and_decode_tp8_prefill_then_decode16_4096_16_8192160_kernel_trace.csv
[m[0;31mE20250902 03:52:26.541511 140427932768000 output_stream.cpp:105] Opened result file: ./profiles/standalone_attn_prefill_and_decode_tp8_prefill_then_decode16_4096_16_8192160_agent_info.csv
[m[0;33mW20250902 03:52:35.732919 140427932768000 tool.cpp:1902] rocprofv3_error_signal_handler caught signal 11...
[m# ---- Run standalone_attn_prefill_and_decode_tp8_prefill_then_decode16_4096_32_256160 ----
INFO 09-02 03:52:40 [__init__.py:244] Automatically detected platform rocm.
[0;31mE20250902 03:52:56.215440 140441813829376 output_stream.cpp:105] Opened result file: ./profiles/standalone_attn_prefill_and_decode_tp8_prefill_then_decode16_4096_32_256160_kernel_trace.csv
[m[0;31mE20250902 03:52:56.221188 140441813829376 output_stream.cpp:105] Opened result file: ./profiles/standalone_attn_prefill_and_decode_tp8_prefill_then_decode16_4096_32_256160_agent_info.csv
[m[0;33mW20250902 03:53:05.154910 140441813829376 tool.cpp:1902] rocprofv3_error_signal_handler caught signal 11...
[m# ---- Run standalone_attn_prefill_and_decode_tp8_prefill_then_decode16_4096_32_512160 ----
INFO 09-02 03:53:10 [__init__.py:244] Automatically detected platform rocm.
[0;31mE20250902 03:53:25.448081 139722372249344 output_stream.cpp:105] Opened result file: ./profiles/standalone_attn_prefill_and_decode_tp8_prefill_then_decode16_4096_32_512160_kernel_trace.csv
[m[0;31mE20250902 03:53:25.454113 139722372249344 output_stream.cpp:105] Opened result file: ./profiles/standalone_attn_prefill_and_decode_tp8_prefill_then_decode16_4096_32_512160_agent_info.csv
[m[0;33mW20250902 03:53:34.276552 139722372249344 tool.cpp:1902] rocprofv3_error_signal_handler caught signal 11...
[m# ---- Run standalone_attn_prefill_and_decode_tp8_prefill_then_decode16_4096_32_1024160 ----
INFO 09-02 03:53:39 [__init__.py:244] Automatically detected platform rocm.
[0;31mE20250902 03:53:54.832428 140567865784064 output_stream.cpp:105] Opened result file: ./profiles/standalone_attn_prefill_and_decode_tp8_prefill_then_decode16_4096_32_1024160_kernel_trace.csv
[m[0;31mE20250902 03:53:54.838239 140567865784064 output_stream.cpp:105] Opened result file: ./profiles/standalone_attn_prefill_and_decode_tp8_prefill_then_decode16_4096_32_1024160_agent_info.csv
[m[0;33mW20250902 03:54:03.593252 140567865784064 tool.cpp:1902] rocprofv3_error_signal_handler caught signal 11...
[m# ---- Run standalone_attn_prefill_and_decode_tp8_prefill_then_decode16_4096_32_2048160 ----
INFO 09-02 03:54:08 [__init__.py:244] Automatically detected platform rocm.
[0;31mE20250902 03:54:23.919783 140528181589760 output_stream.cpp:105] Opened result file: ./profiles/standalone_attn_prefill_and_decode_tp8_prefill_then_decode16_4096_32_2048160_kernel_trace.csv
[m[0;31mE20250902 03:54:23.925588 140528181589760 output_stream.cpp:105] Opened result file: ./profiles/standalone_attn_prefill_and_decode_tp8_prefill_then_decode16_4096_32_2048160_agent_info.csv
[m[0;33mW20250902 03:54:32.369732 140528181589760 tool.cpp:1902] rocprofv3_error_signal_handler caught signal 11...
[m# ---- Run standalone_attn_prefill_and_decode_tp8_prefill_then_decode16_4096_32_4096160 ----
INFO 09-02 03:54:37 [__init__.py:244] Automatically detected platform rocm.
[0;31mE20250902 03:54:52.814478 140296650409728 output_stream.cpp:105] Opened result file: ./profiles/standalone_attn_prefill_and_decode_tp8_prefill_then_decode16_4096_32_4096160_kernel_trace.csv
[m[0;31mE20250902 03:54:52.820248 140296650409728 output_stream.cpp:105] Opened result file: ./profiles/standalone_attn_prefill_and_decode_tp8_prefill_then_decode16_4096_32_4096160_agent_info.csv
[m[0;33mW20250902 03:55:01.835291 140296650409728 tool.cpp:1902] rocprofv3_error_signal_handler caught signal 11...
[m# ---- Run standalone_attn_prefill_and_decode_tp8_prefill_then_decode16_4096_32_8192160 ----
INFO 09-02 03:55:06 [__init__.py:244] Automatically detected platform rocm.
[0;31mE20250902 03:55:22.661782 140452364646144 output_stream.cpp:105] Opened result file: ./profiles/standalone_attn_prefill_and_decode_tp8_prefill_then_decode16_4096_32_8192160_kernel_trace.csv
[m[0;31mE20250902 03:55:22.668747 140452364646144 output_stream.cpp:105] Opened result file: ./profiles/standalone_attn_prefill_and_decode_tp8_prefill_then_decode16_4096_32_8192160_agent_info.csv
[m[0;33mW20250902 03:55:31.819580 140452364646144 tool.cpp:1902] rocprofv3_error_signal_handler caught signal 11...
[m# ---- Run standalone_attn_prefill_and_decode_tp8_prefill_then_decode16_4096_64_256160 ----
INFO 09-02 03:55:36 [__init__.py:244] Automatically detected platform rocm.
[0;31mE20250902 03:55:52.181231 140325175949056 output_stream.cpp:105] Opened result file: ./profiles/standalone_attn_prefill_and_decode_tp8_prefill_then_decode16_4096_64_256160_kernel_trace.csv
[m[0;31mE20250902 03:55:52.188004 140325175949056 output_stream.cpp:105] Opened result file: ./profiles/standalone_attn_prefill_and_decode_tp8_prefill_then_decode16_4096_64_256160_agent_info.csv
[m[0;33mW20250902 03:56:01.026433 140325175949056 tool.cpp:1902] rocprofv3_error_signal_handler caught signal 11...
[m# ---- Run standalone_attn_prefill_and_decode_tp8_prefill_then_decode16_4096_64_512160 ----
INFO 09-02 03:56:05 [__init__.py:244] Automatically detected platform rocm.
[0;31mE20250902 03:56:21.244460 140339721025280 output_stream.cpp:105] Opened result file: ./profiles/standalone_attn_prefill_and_decode_tp8_prefill_then_decode16_4096_64_512160_kernel_trace.csv
[m[0;31mE20250902 03:56:21.250272 140339721025280 output_stream.cpp:105] Opened result file: ./profiles/standalone_attn_prefill_and_decode_tp8_prefill_then_decode16_4096_64_512160_agent_info.csv
[m[0;33mW20250902 03:56:30.019035 140339721025280 tool.cpp:1902] rocprofv3_error_signal_handler caught signal 11...
[m# ---- Run standalone_attn_prefill_and_decode_tp8_prefill_then_decode16_4096_64_1024160 ----
INFO 09-02 03:56:34 [__init__.py:244] Automatically detected platform rocm.
[0;31mE20250902 03:56:50.368100 140540880635648 output_stream.cpp:105] Opened result file: ./profiles/standalone_attn_prefill_and_decode_tp8_prefill_then_decode16_4096_64_1024160_kernel_trace.csv
[m[0;31mE20250902 03:56:50.373919 140540880635648 output_stream.cpp:105] Opened result file: ./profiles/standalone_attn_prefill_and_decode_tp8_prefill_then_decode16_4096_64_1024160_agent_info.csv
[m[0;33mW20250902 03:56:59.032461 140540880635648 tool.cpp:1902] rocprofv3_error_signal_handler caught signal 11...
[m# ---- Run standalone_attn_prefill_and_decode_tp8_prefill_then_decode16_4096_64_2048160 ----
INFO 09-02 03:57:03 [__init__.py:244] Automatically detected platform rocm.
[0;31mE20250902 03:57:19.124351 140138342926080 output_stream.cpp:105] Opened result file: ./profiles/standalone_attn_prefill_and_decode_tp8_prefill_then_decode16_4096_64_2048160_kernel_trace.csv
[m[0;31mE20250902 03:57:19.130386 140138342926080 output_stream.cpp:105] Opened result file: ./profiles/standalone_attn_prefill_and_decode_tp8_prefill_then_decode16_4096_64_2048160_agent_info.csv
[m[0;33mW20250902 03:57:27.639951 140138342926080 tool.cpp:1902] rocprofv3_error_signal_handler caught signal 11...
[m# ---- Run standalone_attn_prefill_and_decode_tp8_prefill_then_decode16_4096_64_4096160 ----
INFO 09-02 03:57:32 [__init__.py:244] Automatically detected platform rocm.
[0;31mE20250902 03:57:48.342814 140239300015872 output_stream.cpp:105] Opened result file: ./profiles/standalone_attn_prefill_and_decode_tp8_prefill_then_decode16_4096_64_4096160_kernel_trace.csv
[m[0;31mE20250902 03:57:48.348736 140239300015872 output_stream.cpp:105] Opened result file: ./profiles/standalone_attn_prefill_and_decode_tp8_prefill_then_decode16_4096_64_4096160_agent_info.csv
[m[0;33mW20250902 03:57:57.196545 140239300015872 tool.cpp:1902] rocprofv3_error_signal_handler caught signal 11...
[m# ---- Run standalone_attn_prefill_and_decode_tp8_prefill_then_decode16_4096_64_8192160 ----
INFO 09-02 03:58:02 [__init__.py:244] Automatically detected platform rocm.
[0;31mE20250902 03:58:17.379176 140381722908416 output_stream.cpp:105] Opened result file: ./profiles/standalone_attn_prefill_and_decode_tp8_prefill_then_decode16_4096_64_8192160_kernel_trace.csv
[m[0;31mE20250902 03:58:17.384948 140381722908416 output_stream.cpp:105] Opened result file: ./profiles/standalone_attn_prefill_and_decode_tp8_prefill_then_decode16_4096_64_8192160_agent_info.csv
[m[0;33mW20250902 03:58:25.890608 140381722908416 tool.cpp:1902] rocprofv3_error_signal_handler caught signal 11...
[m# ---- Run standalone_attn_prefill_and_decode_tp8_prefill_then_decode16_4096_128_256160 ----
INFO 09-02 03:58:30 [__init__.py:244] Automatically detected platform rocm.
[0;31mE20250902 03:58:45.196577 140469564610304 output_stream.cpp:105] Opened result file: ./profiles/standalone_attn_prefill_and_decode_tp8_prefill_then_decode16_4096_128_256160_kernel_trace.csv
[m[0;31mE20250902 03:58:45.202514 140469564610304 output_stream.cpp:105] Opened result file: ./profiles/standalone_attn_prefill_and_decode_tp8_prefill_then_decode16_4096_128_256160_agent_info.csv
[m[0;33mW20250902 03:58:53.618071 140469564610304 tool.cpp:1902] rocprofv3_error_signal_handler caught signal 11...
[m# ---- Run standalone_attn_prefill_and_decode_tp8_prefill_then_decode16_4096_128_512160 ----
INFO 09-02 03:58:58 [__init__.py:244] Automatically detected platform rocm.
[0;31mE20250902 03:59:13.153544 139996519851776 output_stream.cpp:105] Opened result file: ./profiles/standalone_attn_prefill_and_decode_tp8_prefill_then_decode16_4096_128_512160_kernel_trace.csv
[m[0;31mE20250902 03:59:13.159397 139996519851776 output_stream.cpp:105] Opened result file: ./profiles/standalone_attn_prefill_and_decode_tp8_prefill_then_decode16_4096_128_512160_agent_info.csv
[m[0;33mW20250902 03:59:22.094765 139996519851776 tool.cpp:1902] rocprofv3_error_signal_handler caught signal 11...
[m# ---- Run standalone_attn_prefill_and_decode_tp8_prefill_then_decode16_4096_128_1024160 ----
INFO 09-02 03:59:26 [__init__.py:244] Automatically detected platform rocm.
[0;31mE20250902 03:59:41.416073 139855317694208 output_stream.cpp:105] Opened result file: ./profiles/standalone_attn_prefill_and_decode_tp8_prefill_then_decode16_4096_128_1024160_kernel_trace.csv
[m[0;31mE20250902 03:59:41.421946 139855317694208 output_stream.cpp:105] Opened result file: ./profiles/standalone_attn_prefill_and_decode_tp8_prefill_then_decode16_4096_128_1024160_agent_info.csv
[m[0;33mW20250902 03:59:50.257542 139855317694208 tool.cpp:1902] rocprofv3_error_signal_handler caught signal 11...
[m# ---- Run standalone_attn_prefill_and_decode_tp8_prefill_then_decode16_4096_128_2048160 ----
INFO 09-02 03:59:55 [__init__.py:244] Automatically detected platform rocm.
[0;31mE20250902 04:00:09.345651 140280467465984 output_stream.cpp:105] Opened result file: ./profiles/standalone_attn_prefill_and_decode_tp8_prefill_then_decode16_4096_128_2048160_kernel_trace.csv
[m[0;31mE20250902 04:00:09.351372 140280467465984 output_stream.cpp:105] Opened result file: ./profiles/standalone_attn_prefill_and_decode_tp8_prefill_then_decode16_4096_128_2048160_agent_info.csv
[m[0;33mW20250902 04:00:17.701309 140280467465984 tool.cpp:1902] rocprofv3_error_signal_handler caught signal 11...
[m# ---- Run standalone_attn_prefill_and_decode_tp8_prefill_then_decode16_4096_128_4096160 ----
INFO 09-02 04:00:22 [__init__.py:244] Automatically detected platform rocm.
[0;31mE20250902 04:00:37.439658 140412033111808 output_stream.cpp:105] Opened result file: ./profiles/standalone_attn_prefill_and_decode_tp8_prefill_then_decode16_4096_128_4096160_kernel_trace.csv
[m[0;31mE20250902 04:00:37.446283 140412033111808 output_stream.cpp:105] Opened result file: ./profiles/standalone_attn_prefill_and_decode_tp8_prefill_then_decode16_4096_128_4096160_agent_info.csv
[m[0;33mW20250902 04:00:46.002428 140412033111808 tool.cpp:1902] rocprofv3_error_signal_handler caught signal 11...
[m# ---- Run standalone_attn_prefill_and_decode_tp8_prefill_then_decode16_4096_128_8192160 ----
INFO 09-02 04:00:50 [__init__.py:244] Automatically detected platform rocm.
[0;31mE20250902 04:01:05.471174 140277682788096 output_stream.cpp:105] Opened result file: ./profiles/standalone_attn_prefill_and_decode_tp8_prefill_then_decode16_4096_128_8192160_kernel_trace.csv
[m[0;31mE20250902 04:01:05.477744 140277682788096 output_stream.cpp:105] Opened result file: ./profiles/standalone_attn_prefill_and_decode_tp8_prefill_then_decode16_4096_128_8192160_agent_info.csv
[m[0;33mW20250902 04:01:14.247966 140277682788096 tool.cpp:1902] rocprofv3_error_signal_handler caught signal 11...
[m# ---- Run standalone_attn_prefill_and_decode_tp8_prefill_then_decode16_8192_1_256160 ----
INFO 09-02 04:01:19 [__init__.py:244] Automatically detected platform rocm.
[0;31mE20250902 04:01:35.266859 140275196339968 output_stream.cpp:105] Opened result file: ./profiles/standalone_attn_prefill_and_decode_tp8_prefill_then_decode16_8192_1_256160_kernel_trace.csv
[m[0;31mE20250902 04:01:35.272797 140275196339968 output_stream.cpp:105] Opened result file: ./profiles/standalone_attn_prefill_and_decode_tp8_prefill_then_decode16_8192_1_256160_agent_info.csv
[m[0;33mW20250902 04:01:43.837404 140275196339968 tool.cpp:1902] rocprofv3_error_signal_handler caught signal 11...
[m# ---- Run standalone_attn_prefill_and_decode_tp8_prefill_then_decode16_8192_1_512160 ----
INFO 09-02 04:01:48 [__init__.py:244] Automatically detected platform rocm.
[0;31mE20250902 04:02:04.757256 140366462748416 output_stream.cpp:105] Opened result file: ./profiles/standalone_attn_prefill_and_decode_tp8_prefill_then_decode16_8192_1_512160_kernel_trace.csv
[m[0;31mE20250902 04:02:04.764075 140366462748416 output_stream.cpp:105] Opened result file: ./profiles/standalone_attn_prefill_and_decode_tp8_prefill_then_decode16_8192_1_512160_agent_info.csv
[m[0;33mW20250902 04:02:13.699053 140366462748416 tool.cpp:1902] rocprofv3_error_signal_handler caught signal 11...
[m# ---- Run standalone_attn_prefill_and_decode_tp8_prefill_then_decode16_8192_1_1024160 ----
INFO 09-02 04:02:18 [__init__.py:244] Automatically detected platform rocm.
[0;31mE20250902 04:02:34.275275 140333954569984 output_stream.cpp:105] Opened result file: ./profiles/standalone_attn_prefill_and_decode_tp8_prefill_then_decode16_8192_1_1024160_kernel_trace.csv
[m[0;31mE20250902 04:02:34.282463 140333954569984 output_stream.cpp:105] Opened result file: ./profiles/standalone_attn_prefill_and_decode_tp8_prefill_then_decode16_8192_1_1024160_agent_info.csv
[m[0;33mW20250902 04:02:43.036967 140333954569984 tool.cpp:1902] rocprofv3_error_signal_handler caught signal 11...
[m# ---- Run standalone_attn_prefill_and_decode_tp8_prefill_then_decode16_8192_1_2048160 ----
INFO 09-02 04:02:47 [__init__.py:244] Automatically detected platform rocm.
[0;31mE20250902 04:03:03.972033 140450337105664 output_stream.cpp:105] Opened result file: ./profiles/standalone_attn_prefill_and_decode_tp8_prefill_then_decode16_8192_1_2048160_kernel_trace.csv
[m[0;31mE20250902 04:03:03.978685 140450337105664 output_stream.cpp:105] Opened result file: ./profiles/standalone_attn_prefill_and_decode_tp8_prefill_then_decode16_8192_1_2048160_agent_info.csv
[m[0;33mW20250902 04:03:13.030396 140450337105664 tool.cpp:1902] rocprofv3_error_signal_handler caught signal 11...
[m# ---- Run standalone_attn_prefill_and_decode_tp8_prefill_then_decode16_8192_1_4096160 ----
INFO 09-02 04:03:17 [__init__.py:244] Automatically detected platform rocm.
[0;31mE20250902 04:03:33.957450 140299324114688 output_stream.cpp:105] Opened result file: ./profiles/standalone_attn_prefill_and_decode_tp8_prefill_then_decode16_8192_1_4096160_kernel_trace.csv
[m[0;31mE20250902 04:03:33.964407 140299324114688 output_stream.cpp:105] Opened result file: ./profiles/standalone_attn_prefill_and_decode_tp8_prefill_then_decode16_8192_1_4096160_agent_info.csv
[m[0;33mW20250902 04:03:43.142776 140299324114688 tool.cpp:1902] rocprofv3_error_signal_handler caught signal 11...
[m# ---- Run standalone_attn_prefill_and_decode_tp8_prefill_then_decode16_8192_1_8192160 ----
INFO 09-02 04:03:48 [__init__.py:244] Automatically detected platform rocm.
[0;31mE20250902 04:04:04.203986 139804194236160 output_stream.cpp:105] Opened result file: ./profiles/standalone_attn_prefill_and_decode_tp8_prefill_then_decode16_8192_1_8192160_kernel_trace.csv
[m[0;31mE20250902 04:04:04.210723 139804194236160 output_stream.cpp:105] Opened result file: ./profiles/standalone_attn_prefill_and_decode_tp8_prefill_then_decode16_8192_1_8192160_agent_info.csv
[m[0;33mW20250902 04:04:13.220730 139804194236160 tool.cpp:1902] rocprofv3_error_signal_handler caught signal 11...
[m# ---- Run standalone_attn_prefill_and_decode_tp8_prefill_then_decode16_8192_2_256160 ----
INFO 09-02 04:04:18 [__init__.py:244] Automatically detected platform rocm.
[0;31mE20250902 04:04:34.090544 139786013312768 output_stream.cpp:105] Opened result file: ./profiles/standalone_attn_prefill_and_decode_tp8_prefill_then_decode16_8192_2_256160_kernel_trace.csv
[m[0;31mE20250902 04:04:34.097253 139786013312768 output_stream.cpp:105] Opened result file: ./profiles/standalone_attn_prefill_and_decode_tp8_prefill_then_decode16_8192_2_256160_agent_info.csv
[m[0;33mW20250902 04:04:42.539049 139786013312768 tool.cpp:1902] rocprofv3_error_signal_handler caught signal 11...
[m# ---- Run standalone_attn_prefill_and_decode_tp8_prefill_then_decode16_8192_2_512160 ----
INFO 09-02 04:04:47 [__init__.py:244] Automatically detected platform rocm.
[0;31mE20250902 04:05:03.393942 140458189207296 output_stream.cpp:105] Opened result file: ./profiles/standalone_attn_prefill_and_decode_tp8_prefill_then_decode16_8192_2_512160_kernel_trace.csv
[m[0;31mE20250902 04:05:03.400693 140458189207296 output_stream.cpp:105] Opened result file: ./profiles/standalone_attn_prefill_and_decode_tp8_prefill_then_decode16_8192_2_512160_agent_info.csv
[m[0;33mW20250902 04:05:12.051622 140458189207296 tool.cpp:1902] rocprofv3_error_signal_handler caught signal 11...
[m# ---- Run standalone_attn_prefill_and_decode_tp8_prefill_then_decode16_8192_2_1024160 ----
INFO 09-02 04:05:16 [__init__.py:244] Automatically detected platform rocm.
[0;31mE20250902 04:05:33.055241 140582184740608 output_stream.cpp:105] Opened result file: ./profiles/standalone_attn_prefill_and_decode_tp8_prefill_then_decode16_8192_2_1024160_kernel_trace.csv
[m[0;31mE20250902 04:05:33.061856 140582184740608 output_stream.cpp:105] Opened result file: ./profiles/standalone_attn_prefill_and_decode_tp8_prefill_then_decode16_8192_2_1024160_agent_info.csv
[m[0;33mW20250902 04:05:41.612210 140582184740608 tool.cpp:1902] rocprofv3_error_signal_handler caught signal 11...
[m# ---- Run standalone_attn_prefill_and_decode_tp8_prefill_then_decode16_8192_2_2048160 ----
INFO 09-02 04:05:46 [__init__.py:244] Automatically detected platform rocm.
[0;31mE20250902 04:06:02.321163 139679446427392 output_stream.cpp:105] Opened result file: ./profiles/standalone_attn_prefill_and_decode_tp8_prefill_then_decode16_8192_2_2048160_kernel_trace.csv
[m[0;31mE20250902 04:06:02.327099 139679446427392 output_stream.cpp:105] Opened result file: ./profiles/standalone_attn_prefill_and_decode_tp8_prefill_then_decode16_8192_2_2048160_agent_info.csv
[m[0;33mW20250902 04:06:11.273705 139679446427392 tool.cpp:1902] rocprofv3_error_signal_handler caught signal 11...
[m# ---- Run standalone_attn_prefill_and_decode_tp8_prefill_then_decode16_8192_2_4096160 ----
INFO 09-02 04:06:16 [__init__.py:244] Automatically detected platform rocm.
[0;31mE20250902 04:06:32.303130 140551897372416 output_stream.cpp:105] Opened result file: ./profiles/standalone_attn_prefill_and_decode_tp8_prefill_then_decode16_8192_2_4096160_kernel_trace.csv
[m[0;31mE20250902 04:06:32.309962 140551897372416 output_stream.cpp:105] Opened result file: ./profiles/standalone_attn_prefill_and_decode_tp8_prefill_then_decode16_8192_2_4096160_agent_info.csv
[m[0;33mW20250902 04:06:40.809599 140551897372416 tool.cpp:1902] rocprofv3_error_signal_handler caught signal 11...
[m# ---- Run standalone_attn_prefill_and_decode_tp8_prefill_then_decode16_8192_2_8192160 ----
INFO 09-02 04:06:45 [__init__.py:244] Automatically detected platform rocm.
[0;31mE20250902 04:07:01.518873 140511257073408 output_stream.cpp:105] Opened result file: ./profiles/standalone_attn_prefill_and_decode_tp8_prefill_then_decode16_8192_2_8192160_kernel_trace.csv
[m[0;31mE20250902 04:07:01.525478 140511257073408 output_stream.cpp:105] Opened result file: ./profiles/standalone_attn_prefill_and_decode_tp8_prefill_then_decode16_8192_2_8192160_agent_info.csv
[m[0;33mW20250902 04:07:09.988544 140511257073408 tool.cpp:1902] rocprofv3_error_signal_handler caught signal 11...
[m# ---- Run standalone_attn_prefill_and_decode_tp8_prefill_then_decode16_8192_4_256160 ----
INFO 09-02 04:07:14 [__init__.py:244] Automatically detected platform rocm.
[0;31mE20250902 04:07:30.949571 139844296754944 output_stream.cpp:105] Opened result file: ./profiles/standalone_attn_prefill_and_decode_tp8_prefill_then_decode16_8192_4_256160_kernel_trace.csv
[m[0;31mE20250902 04:07:30.956472 139844296754944 output_stream.cpp:105] Opened result file: ./profiles/standalone_attn_prefill_and_decode_tp8_prefill_then_decode16_8192_4_256160_agent_info.csv
[m[0;33mW20250902 04:07:39.452958 139844296754944 tool.cpp:1902] rocprofv3_error_signal_handler caught signal 11...
[m# ---- Run standalone_attn_prefill_and_decode_tp8_prefill_then_decode16_8192_4_512160 ----
INFO 09-02 04:07:44 [__init__.py:244] Automatically detected platform rocm.
[0;31mE20250902 04:08:00.332008 139632121157376 output_stream.cpp:105] Opened result file: ./profiles/standalone_attn_prefill_and_decode_tp8_prefill_then_decode16_8192_4_512160_kernel_trace.csv
[m[0;31mE20250902 04:08:00.338600 139632121157376 output_stream.cpp:105] Opened result file: ./profiles/standalone_attn_prefill_and_decode_tp8_prefill_then_decode16_8192_4_512160_agent_info.csv
[m[0;33mW20250902 04:08:09.257957 139632121157376 tool.cpp:1902] rocprofv3_error_signal_handler caught signal 11...
[m# ---- Run standalone_attn_prefill_and_decode_tp8_prefill_then_decode16_8192_4_1024160 ----
INFO 09-02 04:08:14 [__init__.py:244] Automatically detected platform rocm.
[0;31mE20250902 04:08:30.018855 139809069049600 output_stream.cpp:105] Opened result file: ./profiles/standalone_attn_prefill_and_decode_tp8_prefill_then_decode16_8192_4_1024160_kernel_trace.csv
[m[0;31mE20250902 04:08:30.025860 139809069049600 output_stream.cpp:105] Opened result file: ./profiles/standalone_attn_prefill_and_decode_tp8_prefill_then_decode16_8192_4_1024160_agent_info.csv
[m[0;33mW20250902 04:08:38.523342 139809069049600 tool.cpp:1902] rocprofv3_error_signal_handler caught signal 11...
[m# ---- Run standalone_attn_prefill_and_decode_tp8_prefill_then_decode16_8192_4_2048160 ----
INFO 09-02 04:08:43 [__init__.py:244] Automatically detected platform rocm.
[0;31mE20250902 04:09:00.025990 140524995131136 output_stream.cpp:105] Opened result file: ./profiles/standalone_attn_prefill_and_decode_tp8_prefill_then_decode16_8192_4_2048160_kernel_trace.csv
[m[0;31mE20250902 04:09:00.032332 140524995131136 output_stream.cpp:105] Opened result file: ./profiles/standalone_attn_prefill_and_decode_tp8_prefill_then_decode16_8192_4_2048160_agent_info.csv
[m[0;33mW20250902 04:09:08.823686 140524995131136 tool.cpp:1902] rocprofv3_error_signal_handler caught signal 11...
[m# ---- Run standalone_attn_prefill_and_decode_tp8_prefill_then_decode16_8192_4_4096160 ----
INFO 09-02 04:09:13 [__init__.py:244] Automatically detected platform rocm.
[0;31mE20250902 04:09:29.825969 140487935715072 output_stream.cpp:105] Opened result file: ./profiles/standalone_attn_prefill_and_decode_tp8_prefill_then_decode16_8192_4_4096160_kernel_trace.csv
[m[0;31mE20250902 04:09:29.831985 140487935715072 output_stream.cpp:105] Opened result file: ./profiles/standalone_attn_prefill_and_decode_tp8_prefill_then_decode16_8192_4_4096160_agent_info.csv
[m[0;33mW20250902 04:09:38.222114 140487935715072 tool.cpp:1902] rocprofv3_error_signal_handler caught signal 11...
[m# ---- Run standalone_attn_prefill_and_decode_tp8_prefill_then_decode16_8192_4_8192160 ----
INFO 09-02 04:09:43 [__init__.py:244] Automatically detected platform rocm.
[0;31mE20250902 04:09:58.896866 140676124518144 output_stream.cpp:105] Opened result file: ./profiles/standalone_attn_prefill_and_decode_tp8_prefill_then_decode16_8192_4_8192160_kernel_trace.csv
[m[0;31mE20250902 04:09:58.903735 140676124518144 output_stream.cpp:105] Opened result file: ./profiles/standalone_attn_prefill_and_decode_tp8_prefill_then_decode16_8192_4_8192160_agent_info.csv
[m[0;33mW20250902 04:10:07.734829 140676124518144 tool.cpp:1902] rocprofv3_error_signal_handler caught signal 11...
[m# ---- Run standalone_attn_prefill_and_decode_tp8_prefill_then_decode16_8192_8_256160 ----
INFO 09-02 04:10:12 [__init__.py:244] Automatically detected platform rocm.
[0;31mE20250902 04:10:28.791885 140637720553216 output_stream.cpp:105] Opened result file: ./profiles/standalone_attn_prefill_and_decode_tp8_prefill_then_decode16_8192_8_256160_kernel_trace.csv
[m[0;31mE20250902 04:10:28.798619 140637720553216 output_stream.cpp:105] Opened result file: ./profiles/standalone_attn_prefill_and_decode_tp8_prefill_then_decode16_8192_8_256160_agent_info.csv
[m[0;33mW20250902 04:10:37.287960 140637720553216 tool.cpp:1902] rocprofv3_error_signal_handler caught signal 11...
[m# ---- Run standalone_attn_prefill_and_decode_tp8_prefill_then_decode16_8192_8_512160 ----
INFO 09-02 04:10:42 [__init__.py:244] Automatically detected platform rocm.
[0;31mE20250902 04:10:57.920803 140103478241024 output_stream.cpp:105] Opened result file: ./profiles/standalone_attn_prefill_and_decode_tp8_prefill_then_decode16_8192_8_512160_kernel_trace.csv
[m[0;31mE20250902 04:10:57.927769 140103478241024 output_stream.cpp:105] Opened result file: ./profiles/standalone_attn_prefill_and_decode_tp8_prefill_then_decode16_8192_8_512160_agent_info.csv
[m[0;33mW20250902 04:11:06.513630 140103478241024 tool.cpp:1902] rocprofv3_error_signal_handler caught signal 11...
[m# ---- Run standalone_attn_prefill_and_decode_tp8_prefill_then_decode16_8192_8_1024160 ----
INFO 09-02 04:11:11 [__init__.py:244] Automatically detected platform rocm.
[0;31mE20250902 04:11:27.438046 140260254992128 output_stream.cpp:105] Opened result file: ./profiles/standalone_attn_prefill_and_decode_tp8_prefill_then_decode16_8192_8_1024160_kernel_trace.csv
[m[0;31mE20250902 04:11:27.444920 140260254992128 output_stream.cpp:105] Opened result file: ./profiles/standalone_attn_prefill_and_decode_tp8_prefill_then_decode16_8192_8_1024160_agent_info.csv
[m[0;33mW20250902 04:11:36.257742 140260254992128 tool.cpp:1902] rocprofv3_error_signal_handler caught signal 11...
[m# ---- Run standalone_attn_prefill_and_decode_tp8_prefill_then_decode16_8192_8_2048160 ----
INFO 09-02 04:11:41 [__init__.py:244] Automatically detected platform rocm.
[0;31mE20250902 04:11:56.925087 139933929666304 output_stream.cpp:105] Opened result file: ./profiles/standalone_attn_prefill_and_decode_tp8_prefill_then_decode16_8192_8_2048160_kernel_trace.csv
[m[0;31mE20250902 04:11:56.932028 139933929666304 output_stream.cpp:105] Opened result file: ./profiles/standalone_attn_prefill_and_decode_tp8_prefill_then_decode16_8192_8_2048160_agent_info.csv
[m[0;33mW20250902 04:12:05.386722 139933929666304 tool.cpp:1902] rocprofv3_error_signal_handler caught signal 11...
[m# ---- Run standalone_attn_prefill_and_decode_tp8_prefill_then_decode16_8192_8_4096160 ----
INFO 09-02 04:12:10 [__init__.py:244] Automatically detected platform rocm.
[0;31mE20250902 04:12:25.953364 139986207106816 output_stream.cpp:105] Opened result file: ./profiles/standalone_attn_prefill_and_decode_tp8_prefill_then_decode16_8192_8_4096160_kernel_trace.csv
[m[0;31mE20250902 04:12:25.959875 139986207106816 output_stream.cpp:105] Opened result file: ./profiles/standalone_attn_prefill_and_decode_tp8_prefill_then_decode16_8192_8_4096160_agent_info.csv
[m[0;33mW20250902 04:12:34.385594 139986207106816 tool.cpp:1902] rocprofv3_error_signal_handler caught signal 11...
[m# ---- Run standalone_attn_prefill_and_decode_tp8_prefill_then_decode16_8192_8_8192160 ----
INFO 09-02 04:12:39 [__init__.py:244] Automatically detected platform rocm.
[0;31mE20250902 04:12:55.322616 140649322284800 output_stream.cpp:105] Opened result file: ./profiles/standalone_attn_prefill_and_decode_tp8_prefill_then_decode16_8192_8_8192160_kernel_trace.csv
[m[0;31mE20250902 04:12:55.329426 140649322284800 output_stream.cpp:105] Opened result file: ./profiles/standalone_attn_prefill_and_decode_tp8_prefill_then_decode16_8192_8_8192160_agent_info.csv
[m[0;33mW20250902 04:13:04.116177 140649322284800 tool.cpp:1902] rocprofv3_error_signal_handler caught signal 11...
[m# ---- Run standalone_attn_prefill_and_decode_tp8_prefill_then_decode16_8192_16_256160 ----
INFO 09-02 04:13:08 [__init__.py:244] Automatically detected platform rocm.
[0;31mE20250902 04:13:24.793094 140541586188032 output_stream.cpp:105] Opened result file: ./profiles/standalone_attn_prefill_and_decode_tp8_prefill_then_decode16_8192_16_256160_kernel_trace.csv
[m[0;31mE20250902 04:13:24.799948 140541586188032 output_stream.cpp:105] Opened result file: ./profiles/standalone_attn_prefill_and_decode_tp8_prefill_then_decode16_8192_16_256160_agent_info.csv
[m[0;33mW20250902 04:13:33.289323 140541586188032 tool.cpp:1902] rocprofv3_error_signal_handler caught signal 11...
[m# ---- Run standalone_attn_prefill_and_decode_tp8_prefill_then_decode16_8192_16_512160 ----
INFO 09-02 04:13:38 [__init__.py:244] Automatically detected platform rocm.
[0;31mE20250902 04:13:54.091155 140587528300288 output_stream.cpp:105] Opened result file: ./profiles/standalone_attn_prefill_and_decode_tp8_prefill_then_decode16_8192_16_512160_kernel_trace.csv
[m[0;31mE20250902 04:13:54.098262 140587528300288 output_stream.cpp:105] Opened result file: ./profiles/standalone_attn_prefill_and_decode_tp8_prefill_then_decode16_8192_16_512160_agent_info.csv
[m[0;33mW20250902 04:14:02.422896 140587528300288 tool.cpp:1902] rocprofv3_error_signal_handler caught signal 11...
[m# ---- Run standalone_attn_prefill_and_decode_tp8_prefill_then_decode16_8192_16_1024160 ----
INFO 09-02 04:14:07 [__init__.py:244] Automatically detected platform rocm.
[0;31mE20250902 04:14:23.289742 139620872550144 output_stream.cpp:105] Opened result file: ./profiles/standalone_attn_prefill_and_decode_tp8_prefill_then_decode16_8192_16_1024160_kernel_trace.csv
[m[0;31mE20250902 04:14:23.295735 139620872550144 output_stream.cpp:105] Opened result file: ./profiles/standalone_attn_prefill_and_decode_tp8_prefill_then_decode16_8192_16_1024160_agent_info.csv
[m[0;33mW20250902 04:14:32.289401 139620872550144 tool.cpp:1902] rocprofv3_error_signal_handler caught signal 11...
[m# ---- Run standalone_attn_prefill_and_decode_tp8_prefill_then_decode16_8192_16_2048160 ----
INFO 09-02 04:14:37 [__init__.py:244] Automatically detected platform rocm.
[0;31mE20250902 04:14:53.341726 140188011669248 output_stream.cpp:105] Opened result file: ./profiles/standalone_attn_prefill_and_decode_tp8_prefill_then_decode16_8192_16_2048160_kernel_trace.csv
[m[0;31mE20250902 04:14:53.347725 140188011669248 output_stream.cpp:105] Opened result file: ./profiles/standalone_attn_prefill_and_decode_tp8_prefill_then_decode16_8192_16_2048160_agent_info.csv
[m[0;33mW20250902 04:15:02.287552 140188011669248 tool.cpp:1902] rocprofv3_error_signal_handler caught signal 11...
[m# ---- Run standalone_attn_prefill_and_decode_tp8_prefill_then_decode16_8192_16_4096160 ----
INFO 09-02 04:15:07 [__init__.py:244] Automatically detected platform rocm.
[0;31mE20250902 04:15:23.413683 140335467108096 output_stream.cpp:105] Opened result file: ./profiles/standalone_attn_prefill_and_decode_tp8_prefill_then_decode16_8192_16_4096160_kernel_trace.csv
[m[0;31mE20250902 04:15:23.419770 140335467108096 output_stream.cpp:105] Opened result file: ./profiles/standalone_attn_prefill_and_decode_tp8_prefill_then_decode16_8192_16_4096160_agent_info.csv
[m[0;33mW20250902 04:15:32.179071 140335467108096 tool.cpp:1902] rocprofv3_error_signal_handler caught signal 11...
[m# ---- Run standalone_attn_prefill_and_decode_tp8_prefill_then_decode16_8192_16_8192160 ----
INFO 09-02 04:15:37 [__init__.py:244] Automatically detected platform rocm.
[0;31mE20250902 04:15:52.988223 140160468772608 output_stream.cpp:105] Opened result file: ./profiles/standalone_attn_prefill_and_decode_tp8_prefill_then_decode16_8192_16_8192160_kernel_trace.csv
[m[0;31mE20250902 04:15:52.994348 140160468772608 output_stream.cpp:105] Opened result file: ./profiles/standalone_attn_prefill_and_decode_tp8_prefill_then_decode16_8192_16_8192160_agent_info.csv
[m[0;33mW20250902 04:16:01.695825 140160468772608 tool.cpp:1902] rocprofv3_error_signal_handler caught signal 11...
[m# ---- Run standalone_attn_prefill_and_decode_tp8_prefill_then_decode16_8192_32_256160 ----
INFO 09-02 04:16:06 [__init__.py:244] Automatically detected platform rocm.
[0;31mE20250902 04:16:22.578713 140229838636800 output_stream.cpp:105] Opened result file: ./profiles/standalone_attn_prefill_and_decode_tp8_prefill_then_decode16_8192_32_256160_kernel_trace.csv
[m[0;31mE20250902 04:16:22.584683 140229838636800 output_stream.cpp:105] Opened result file: ./profiles/standalone_attn_prefill_and_decode_tp8_prefill_then_decode16_8192_32_256160_agent_info.csv
[m[0;33mW20250902 04:16:31.257201 140229838636800 tool.cpp:1902] rocprofv3_error_signal_handler caught signal 11...
[m# ---- Run standalone_attn_prefill_and_decode_tp8_prefill_then_decode16_8192_32_512160 ----
INFO 09-02 04:16:36 [__init__.py:244] Automatically detected platform rocm.
[0;31mE20250902 04:16:52.284035 140642085713664 output_stream.cpp:105] Opened result file: ./profiles/standalone_attn_prefill_and_decode_tp8_prefill_then_decode16_8192_32_512160_kernel_trace.csv
[m[0;31mE20250902 04:16:52.290110 140642085713664 output_stream.cpp:105] Opened result file: ./profiles/standalone_attn_prefill_and_decode_tp8_prefill_then_decode16_8192_32_512160_agent_info.csv
[m[0;33mW20250902 04:17:00.712208 140642085713664 tool.cpp:1902] rocprofv3_error_signal_handler caught signal 11...
[m# ---- Run standalone_attn_prefill_and_decode_tp8_prefill_then_decode16_8192_32_1024160 ----
INFO 09-02 04:17:05 [__init__.py:244] Automatically detected platform rocm.
[0;31mE20250902 04:17:21.761691 139871455004416 output_stream.cpp:105] Opened result file: ./profiles/standalone_attn_prefill_and_decode_tp8_prefill_then_decode16_8192_32_1024160_kernel_trace.csv
[m[0;31mE20250902 04:17:21.767612 139871455004416 output_stream.cpp:105] Opened result file: ./profiles/standalone_attn_prefill_and_decode_tp8_prefill_then_decode16_8192_32_1024160_agent_info.csv
[m[0;33mW20250902 04:17:31.005632 139871455004416 tool.cpp:1902] rocprofv3_error_signal_handler caught signal 11...
[m# ---- Run standalone_attn_prefill_and_decode_tp8_prefill_then_decode16_8192_32_2048160 ----
INFO 09-02 04:17:35 [__init__.py:244] Automatically detected platform rocm.
[0;31mE20250902 04:17:51.819239 139788297049856 output_stream.cpp:105] Opened result file: ./profiles/standalone_attn_prefill_and_decode_tp8_prefill_then_decode16_8192_32_2048160_kernel_trace.csv
[m[0;31mE20250902 04:17:51.825130 139788297049856 output_stream.cpp:105] Opened result file: ./profiles/standalone_attn_prefill_and_decode_tp8_prefill_then_decode16_8192_32_2048160_agent_info.csv
[m[0;33mW20250902 04:18:00.718662 139788297049856 tool.cpp:1902] rocprofv3_error_signal_handler caught signal 11...
[m# ---- Run standalone_attn_prefill_and_decode_tp8_prefill_then_decode16_8192_32_4096160 ----
INFO 09-02 04:18:05 [__init__.py:244] Automatically detected platform rocm.
[0;31mE20250902 04:18:21.520099 140039986738944 output_stream.cpp:105] Opened result file: ./profiles/standalone_attn_prefill_and_decode_tp8_prefill_then_decode16_8192_32_4096160_kernel_trace.csv
[m[0;31mE20250902 04:18:21.526140 140039986738944 output_stream.cpp:105] Opened result file: ./profiles/standalone_attn_prefill_and_decode_tp8_prefill_then_decode16_8192_32_4096160_agent_info.csv
[m[0;33mW20250902 04:18:29.731610 140039986738944 tool.cpp:1902] rocprofv3_error_signal_handler caught signal 11...
[m# ---- Run standalone_attn_prefill_and_decode_tp8_prefill_then_decode16_8192_32_8192160 ----
INFO 09-02 04:18:34 [__init__.py:244] Automatically detected platform rocm.
[0;31mE20250902 04:18:50.549724 139787403466496 output_stream.cpp:105] Opened result file: ./profiles/standalone_attn_prefill_and_decode_tp8_prefill_then_decode16_8192_32_8192160_kernel_trace.csv
[m[0;31mE20250902 04:18:50.555616 139787403466496 output_stream.cpp:105] Opened result file: ./profiles/standalone_attn_prefill_and_decode_tp8_prefill_then_decode16_8192_32_8192160_agent_info.csv
[m[0;33mW20250902 04:18:59.421939 139787403466496 tool.cpp:1902] rocprofv3_error_signal_handler caught signal 11...
[m# ---- Run standalone_attn_prefill_and_decode_tp8_prefill_then_decode16_8192_64_256160 ----
INFO 09-02 04:19:04 [__init__.py:244] Automatically detected platform rocm.
[0;31mE20250902 04:19:20.324181 140228238391040 output_stream.cpp:105] Opened result file: ./profiles/standalone_attn_prefill_and_decode_tp8_prefill_then_decode16_8192_64_256160_kernel_trace.csv
[m[0;31mE20250902 04:19:20.330220 140228238391040 output_stream.cpp:105] Opened result file: ./profiles/standalone_attn_prefill_and_decode_tp8_prefill_then_decode16_8192_64_256160_agent_info.csv
[m[0;33mW20250902 04:19:28.834215 140228238391040 tool.cpp:1902] rocprofv3_error_signal_handler caught signal 11...
[m# ---- Run standalone_attn_prefill_and_decode_tp8_prefill_then_decode16_8192_64_512160 ----
INFO 09-02 04:19:33 [__init__.py:244] Automatically detected platform rocm.
[0;31mE20250902 04:19:50.091637 139690880554752 output_stream.cpp:105] Opened result file: ./profiles/standalone_attn_prefill_and_decode_tp8_prefill_then_decode16_8192_64_512160_kernel_trace.csv
[m[0;31mE20250902 04:19:50.097597 139690880554752 output_stream.cpp:105] Opened result file: ./profiles/standalone_attn_prefill_and_decode_tp8_prefill_then_decode16_8192_64_512160_agent_info.csv
[m[0;33mW20250902 04:19:58.505745 139690880554752 tool.cpp:1902] rocprofv3_error_signal_handler caught signal 11...
[m# ---- Run standalone_attn_prefill_and_decode_tp8_prefill_then_decode16_8192_64_1024160 ----
INFO 09-02 04:20:03 [__init__.py:244] Automatically detected platform rocm.
[0;31mE20250902 04:20:19.704534 139780677498624 output_stream.cpp:105] Opened result file: ./profiles/standalone_attn_prefill_and_decode_tp8_prefill_then_decode16_8192_64_1024160_kernel_trace.csv
[m[0;31mE20250902 04:20:19.710624 139780677498624 output_stream.cpp:105] Opened result file: ./profiles/standalone_attn_prefill_and_decode_tp8_prefill_then_decode16_8192_64_1024160_agent_info.csv
[m[0;33mW20250902 04:20:28.326997 139780677498624 tool.cpp:1902] rocprofv3_error_signal_handler caught signal 11...
[m# ---- Run standalone_attn_prefill_and_decode_tp8_prefill_then_decode16_8192_64_2048160 ----
INFO 09-02 04:20:33 [__init__.py:244] Automatically detected platform rocm.
[0;31mE20250902 04:20:49.341197 139645668062976 output_stream.cpp:105] Opened result file: ./profiles/standalone_attn_prefill_and_decode_tp8_prefill_then_decode16_8192_64_2048160_kernel_trace.csv
[m[0;31mE20250902 04:20:49.347375 139645668062976 output_stream.cpp:105] Opened result file: ./profiles/standalone_attn_prefill_and_decode_tp8_prefill_then_decode16_8192_64_2048160_agent_info.csv
[m[0;33mW20250902 04:20:58.493384 139645668062976 tool.cpp:1902] rocprofv3_error_signal_handler caught signal 11...
[m# ---- Run standalone_attn_prefill_and_decode_tp8_prefill_then_decode16_8192_64_4096160 ----
INFO 09-02 04:21:03 [__init__.py:244] Automatically detected platform rocm.
[0;31mE20250902 04:21:19.348104 139649225565952 output_stream.cpp:105] Opened result file: ./profiles/standalone_attn_prefill_and_decode_tp8_prefill_then_decode16_8192_64_4096160_kernel_trace.csv
[m[0;31mE20250902 04:21:19.354035 139649225565952 output_stream.cpp:105] Opened result file: ./profiles/standalone_attn_prefill_and_decode_tp8_prefill_then_decode16_8192_64_4096160_agent_info.csv
[m[0;33mW20250902 04:21:28.287954 139649225565952 tool.cpp:1902] rocprofv3_error_signal_handler caught signal 11...
[m# ---- Run standalone_attn_prefill_and_decode_tp8_prefill_then_decode16_8192_64_8192160 ----
INFO 09-02 04:21:33 [__init__.py:244] Automatically detected platform rocm.
[0;31mE20250902 04:21:49.273690 139651119617792 output_stream.cpp:105] Opened result file: ./profiles/standalone_attn_prefill_and_decode_tp8_prefill_then_decode16_8192_64_8192160_kernel_trace.csv
[m[0;31mE20250902 04:21:49.279775 139651119617792 output_stream.cpp:105] Opened result file: ./profiles/standalone_attn_prefill_and_decode_tp8_prefill_then_decode16_8192_64_8192160_agent_info.csv
[m[0;33mW20250902 04:21:57.738658 139651119617792 tool.cpp:1902] rocprofv3_error_signal_handler caught signal 11...
[m# ---- Run standalone_attn_prefill_and_decode_tp8_prefill_then_decode16_8192_128_256160 ----
INFO 09-02 04:22:02 [__init__.py:244] Automatically detected platform rocm.
[0;31mE20250902 04:22:17.793705 140558276597504 output_stream.cpp:105] Opened result file: ./profiles/standalone_attn_prefill_and_decode_tp8_prefill_then_decode16_8192_128_256160_kernel_trace.csv
[m[0;31mE20250902 04:22:17.799650 140558276597504 output_stream.cpp:105] Opened result file: ./profiles/standalone_attn_prefill_and_decode_tp8_prefill_then_decode16_8192_128_256160_agent_info.csv
[m[0;33mW20250902 04:22:26.257406 140558276597504 tool.cpp:1902] rocprofv3_error_signal_handler caught signal 11...
[m# ---- Run standalone_attn_prefill_and_decode_tp8_prefill_then_decode16_8192_128_512160 ----
INFO 09-02 04:22:31 [__init__.py:244] Automatically detected platform rocm.
[0;31mE20250902 04:22:46.258893 139765785868032 output_stream.cpp:105] Opened result file: ./profiles/standalone_attn_prefill_and_decode_tp8_prefill_then_decode16_8192_128_512160_kernel_trace.csv
[m[0;31mE20250902 04:22:46.264802 139765785868032 output_stream.cpp:105] Opened result file: ./profiles/standalone_attn_prefill_and_decode_tp8_prefill_then_decode16_8192_128_512160_agent_info.csv
[m[0;33mW20250902 04:22:54.743502 139765785868032 tool.cpp:1902] rocprofv3_error_signal_handler caught signal 11...
[m# ---- Run standalone_attn_prefill_and_decode_tp8_prefill_then_decode16_8192_128_1024160 ----
INFO 09-02 04:22:59 [__init__.py:244] Automatically detected platform rocm.
[0;31mE20250902 04:23:14.763476 140515731179264 output_stream.cpp:105] Opened result file: ./profiles/standalone_attn_prefill_and_decode_tp8_prefill_then_decode16_8192_128_1024160_kernel_trace.csv
[m[0;31mE20250902 04:23:14.769827 140515731179264 output_stream.cpp:105] Opened result file: ./profiles/standalone_attn_prefill_and_decode_tp8_prefill_then_decode16_8192_128_1024160_agent_info.csv
[m[0;33mW20250902 04:23:23.238832 140515731179264 tool.cpp:1902] rocprofv3_error_signal_handler caught signal 11...
[m# ---- Run standalone_attn_prefill_and_decode_tp8_prefill_then_decode16_8192_128_2048160 ----
INFO 09-02 04:23:27 [__init__.py:244] Automatically detected platform rocm.
[0;31mE20250902 04:23:43.080842 139700519782144 output_stream.cpp:105] Opened result file: ./profiles/standalone_attn_prefill_and_decode_tp8_prefill_then_decode16_8192_128_2048160_kernel_trace.csv
[m[0;31mE20250902 04:23:43.087019 139700519782144 output_stream.cpp:105] Opened result file: ./profiles/standalone_attn_prefill_and_decode_tp8_prefill_then_decode16_8192_128_2048160_agent_info.csv
[m[0;33mW20250902 04:23:51.503689 139700519782144 tool.cpp:1902] rocprofv3_error_signal_handler caught signal 11...
[m# ---- Run standalone_attn_prefill_and_decode_tp8_prefill_then_decode16_8192_128_4096160 ----
INFO 09-02 04:23:56 [__init__.py:244] Automatically detected platform rocm.
[0;31mE20250902 04:24:11.655173 139695446353664 output_stream.cpp:105] Opened result file: ./profiles/standalone_attn_prefill_and_decode_tp8_prefill_then_decode16_8192_128_4096160_kernel_trace.csv
[m[0;31mE20250902 04:24:11.661148 139695446353664 output_stream.cpp:105] Opened result file: ./profiles/standalone_attn_prefill_and_decode_tp8_prefill_then_decode16_8192_128_4096160_agent_info.csv
[m[0;33mW20250902 04:24:20.421404 139695446353664 tool.cpp:1902] rocprofv3_error_signal_handler caught signal 11...
[m# ---- Run standalone_attn_prefill_and_decode_tp8_prefill_then_decode16_8192_128_8192160 ----
INFO 09-02 04:24:25 [__init__.py:244] Automatically detected platform rocm.
[0;31mE20250902 04:24:40.677659 140507047913216 output_stream.cpp:105] Opened result file: ./profiles/standalone_attn_prefill_and_decode_tp8_prefill_then_decode16_8192_128_8192160_kernel_trace.csv
[m[0;31mE20250902 04:24:40.683612 140507047913216 output_stream.cpp:105] Opened result file: ./profiles/standalone_attn_prefill_and_decode_tp8_prefill_then_decode16_8192_128_8192160_agent_info.csv
[m[0;33mW20250902 04:24:49.420945 140507047913216 tool.cpp:1902] rocprofv3_error_signal_handler caught signal 11...
[m# ---- Run standalone_attn_decode_fetch_size_1_25632 ----
INFO 09-02 06:40:14 [__init__.py:244] Automatically detected platform rocm.
[0;31mE20250902 06:40:31.820407 140171169003264 output_stream.cpp:105] Opened result file: ./hwcount/pmc_1/standalone_attn_decode_fetch_size_1_25632_counter_collection.csv
[m[0;31mE20250902 06:40:31.828525 140171169003264 output_stream.cpp:105] Opened result file: ./hwcount/pmc_1/standalone_attn_decode_fetch_size_1_25632_agent_info.csv
[m[0;33mW20250902 06:40:41.071457 140171169003264 tool.cpp:1902] rocprofv3_error_signal_handler caught signal 11...
[mFatal error: Command '['python3', 'standalone_attn_decode.py', '--decode-batch', '1', '--decode-len', '256', '--iters', '5', '--decode-mask', '32']' died with <Signals.SIGSEGV: 11>.

# ---- Run standalone_attn_decode_fetch_size_1_256160 ----
INFO 09-02 06:40:47 [__init__.py:244] Automatically detected platform rocm.
[0;31mE20250902 06:41:03.245308 139665681164032 output_stream.cpp:105] Opened result file: ./hwcount/pmc_1/standalone_attn_decode_fetch_size_1_256160_counter_collection.csv
[m[0;31mE20250902 06:41:03.254437 139665681164032 output_stream.cpp:105] Opened result file: ./hwcount/pmc_1/standalone_attn_decode_fetch_size_1_256160_agent_info.csv
[m[0;33mW20250902 06:41:12.357033 139665681164032 tool.cpp:1902] rocprofv3_error_signal_handler caught signal 11...
[mFatal error: Command '['python3', 'standalone_attn_decode.py', '--decode-batch', '1', '--decode-len', '256', '--iters', '5', '--decode-mask', '160']' died with <Signals.SIGSEGV: 11>.

# ---- Run standalone_attn_decode_fetch_size_1_51232 ----
INFO 09-02 06:41:19 [__init__.py:244] Automatically detected platform rocm.
[0;31mE20250902 06:41:36.104440 139997136672512 output_stream.cpp:105] Opened result file: ./hwcount/pmc_1/standalone_attn_decode_fetch_size_1_51232_counter_collection.csv
[m[0;31mE20250902 06:41:36.113000 139997136672512 output_stream.cpp:105] Opened result file: ./hwcount/pmc_1/standalone_attn_decode_fetch_size_1_51232_agent_info.csv
[m[0;33mW20250902 06:41:45.531414 139997136672512 tool.cpp:1902] rocprofv3_error_signal_handler caught signal 11...
[mFatal error: Command '['python3', 'standalone_attn_decode.py', '--decode-batch', '1', '--decode-len', '512', '--iters', '5', '--decode-mask', '32']' died with <Signals.SIGSEGV: 11>.

# ---- Run standalone_attn_decode_fetch_size_1_256_32 ----
INFO 09-02 06:43:43 [__init__.py:244] Automatically detected platform rocm.
[0;31mE20250902 06:43:59.824393 140487863281408 output_stream.cpp:105] Opened result file: ./hwcount/pmc_1/standalone_attn_decode_fetch_size_1_256_32_counter_collection.csv
[m[0;31mE20250902 06:43:59.832579 140487863281408 output_stream.cpp:105] Opened result file: ./hwcount/pmc_1/standalone_attn_decode_fetch_size_1_256_32_agent_info.csv
[m[0;33mW20250902 06:44:08.219891 140487863281408 tool.cpp:1902] rocprofv3_error_signal_handler caught signal 11...
[m# ---- Run standalone_attn_decode_fetch_size_1_256_160 ----
INFO 09-02 06:44:13 [__init__.py:244] Automatically detected platform rocm.
[0;31mE20250902 06:44:30.040982 140235765868288 output_stream.cpp:105] Opened result file: ./hwcount/pmc_1/standalone_attn_decode_fetch_size_1_256_160_counter_collection.csv
[m[0;31mE20250902 06:44:30.051667 140235765868288 output_stream.cpp:105] Opened result file: ./hwcount/pmc_1/standalone_attn_decode_fetch_size_1_256_160_agent_info.csv
[m[0;33mW20250902 06:44:39.660358 140235765868288 tool.cpp:1902] rocprofv3_error_signal_handler caught signal 11...
[m# ---- Run standalone_attn_decode_fetch_size_1_512_32 ----
INFO 09-02 06:44:46 [__init__.py:244] Automatically detected platform rocm.
[0;31mE20250902 06:45:03.343324 139738993710848 output_stream.cpp:105] Opened result file: ./hwcount/pmc_1/standalone_attn_decode_fetch_size_1_512_32_counter_collection.csv
[m[0;31mE20250902 06:45:03.352118 139738993710848 output_stream.cpp:105] Opened result file: ./hwcount/pmc_1/standalone_attn_decode_fetch_size_1_512_32_agent_info.csv
[m[0;33mW20250902 06:45:12.817355 139738993710848 tool.cpp:1902] rocprofv3_error_signal_handler caught signal 11...
[m# ---- Run standalone_attn_decode_fetch_size_1_512_160 ----
INFO 09-02 06:45:18 [__init__.py:244] Automatically detected platform rocm.
[0;31mE20250902 06:45:35.112495 139824516339456 output_stream.cpp:105] Opened result file: ./hwcount/pmc_1/standalone_attn_decode_fetch_size_1_512_160_counter_collection.csv
[m[0;31mE20250902 06:45:35.120347 139824516339456 output_stream.cpp:105] Opened result file: ./hwcount/pmc_1/standalone_attn_decode_fetch_size_1_512_160_agent_info.csv
[m[0;33mW20250902 06:45:43.635520 139824516339456 tool.cpp:1902] rocprofv3_error_signal_handler caught signal 11...
[m# ---- Run standalone_attn_decode_fetch_size_1_1024_32 ----
INFO 09-02 06:45:49 [__init__.py:244] Automatically detected platform rocm.
[0;31mE20250902 06:46:05.325842 140068860770048 output_stream.cpp:105] Opened result file: ./hwcount/pmc_1/standalone_attn_decode_fetch_size_1_1024_32_counter_collection.csv
[m[0;31mE20250902 06:46:05.333690 140068860770048 output_stream.cpp:105] Opened result file: ./hwcount/pmc_1/standalone_attn_decode_fetch_size_1_1024_32_agent_info.csv
[m[0;33mW20250902 06:46:14.286750 140068860770048 tool.cpp:1902] rocprofv3_error_signal_handler caught signal 11...
[m# ---- Run standalone_attn_decode_fetch_size_1_1024_160 ----
INFO 09-02 06:46:19 [__init__.py:244] Automatically detected platform rocm.
[0;31mE20250902 06:46:35.753181 140453138749184 output_stream.cpp:105] Opened result file: ./hwcount/pmc_1/standalone_attn_decode_fetch_size_1_1024_160_counter_collection.csv
[m[0;31mE20250902 06:46:35.761014 140453138749184 output_stream.cpp:105] Opened result file: ./hwcount/pmc_1/standalone_attn_decode_fetch_size_1_1024_160_agent_info.csv
[m[0;33mW20250902 06:46:44.644704 140453138749184 tool.cpp:1902] rocprofv3_error_signal_handler caught signal 11...
[m# ---- Run standalone_attn_decode_fetch_size_1_2048_32 ----
INFO 09-02 06:46:50 [__init__.py:244] Automatically detected platform rocm.
[0;31mE20250902 06:47:08.044573 140231841335040 output_stream.cpp:105] Opened result file: ./hwcount/pmc_1/standalone_attn_decode_fetch_size_1_2048_32_counter_collection.csv
[m[0;31mE20250902 06:47:08.053450 140231841335040 output_stream.cpp:105] Opened result file: ./hwcount/pmc_1/standalone_attn_decode_fetch_size_1_2048_32_agent_info.csv
[m[0;33mW20250902 06:47:17.007665 140231841335040 tool.cpp:1902] rocprofv3_error_signal_handler caught signal 11...
[m# ---- Run standalone_attn_decode_fetch_size_1_2048_160 ----
INFO 09-02 06:47:23 [__init__.py:244] Automatically detected platform rocm.
[0;31mE20250902 06:47:39.829070 139886020286208 output_stream.cpp:105] Opened result file: ./hwcount/pmc_1/standalone_attn_decode_fetch_size_1_2048_160_counter_collection.csv
[m[0;31mE20250902 06:47:39.836983 139886020286208 output_stream.cpp:105] Opened result file: ./hwcount/pmc_1/standalone_attn_decode_fetch_size_1_2048_160_agent_info.csv
[m[0;33mW20250902 06:47:48.827097 139886020286208 tool.cpp:1902] rocprofv3_error_signal_handler caught signal 11...
[m# ---- Run standalone_attn_decode_fetch_size_1_4096_32 ----
INFO 09-02 06:47:54 [__init__.py:244] Automatically detected platform rocm.
[0;31mE20250902 06:48:10.779037 140173016545024 output_stream.cpp:105] Opened result file: ./hwcount/pmc_1/standalone_attn_decode_fetch_size_1_4096_32_counter_collection.csv
[m[0;31mE20250902 06:48:10.786800 140173016545024 output_stream.cpp:105] Opened result file: ./hwcount/pmc_1/standalone_attn_decode_fetch_size_1_4096_32_agent_info.csv
[m[0;33mW20250902 06:48:19.660848 140173016545024 tool.cpp:1902] rocprofv3_error_signal_handler caught signal 11...
[m# ---- Run standalone_attn_decode_fetch_size_1_4096_160 ----
INFO 09-02 06:48:25 [__init__.py:244] Automatically detected platform rocm.
[0;31mE20250902 06:48:41.755648 140374651250432 output_stream.cpp:105] Opened result file: ./hwcount/pmc_1/standalone_attn_decode_fetch_size_1_4096_160_counter_collection.csv
[m[0;31mE20250902 06:48:41.763837 140374651250432 output_stream.cpp:105] Opened result file: ./hwcount/pmc_1/standalone_attn_decode_fetch_size_1_4096_160_agent_info.csv
[m[0;33mW20250902 06:48:50.956375 140374651250432 tool.cpp:1902] rocprofv3_error_signal_handler caught signal 11...
[m# ---- Run standalone_attn_decode_fetch_size_1_8192_32 ----
INFO 09-02 06:48:56 [__init__.py:244] Automatically detected platform rocm.
[0;31mE20250902 06:49:12.529916 140495680268032 output_stream.cpp:105] Opened result file: ./hwcount/pmc_1/standalone_attn_decode_fetch_size_1_8192_32_counter_collection.csv
[m[0;31mE20250902 06:49:12.537916 140495680268032 output_stream.cpp:105] Opened result file: ./hwcount/pmc_1/standalone_attn_decode_fetch_size_1_8192_32_agent_info.csv
[m[0;33mW20250902 06:49:21.094114 140495680268032 tool.cpp:1902] rocprofv3_error_signal_handler caught signal 11...
[m# ---- Run standalone_attn_decode_fetch_size_1_8192_160 ----
INFO 09-02 06:49:26 [__init__.py:244] Automatically detected platform rocm.
[0;31mE20250902 06:49:43.477915 139836563052288 output_stream.cpp:105] Opened result file: ./hwcount/pmc_1/standalone_attn_decode_fetch_size_1_8192_160_counter_collection.csv
[m[0;31mE20250902 06:49:43.486629 139836563052288 output_stream.cpp:105] Opened result file: ./hwcount/pmc_1/standalone_attn_decode_fetch_size_1_8192_160_agent_info.csv
[m[0;33mW20250902 06:49:52.643137 139836563052288 tool.cpp:1902] rocprofv3_error_signal_handler caught signal 11...
[m# ---- Run standalone_attn_decode_fetch_size_2_256_32 ----
INFO 09-02 06:49:58 [__init__.py:244] Automatically detected platform rocm.
[0;31mE20250902 06:50:15.092238 140589541222144 output_stream.cpp:105] Opened result file: ./hwcount/pmc_1/standalone_attn_decode_fetch_size_2_256_32_counter_collection.csv
[m[0;31mE20250902 06:50:15.100303 140589541222144 output_stream.cpp:105] Opened result file: ./hwcount/pmc_1/standalone_attn_decode_fetch_size_2_256_32_agent_info.csv
[m[0;33mW20250902 06:50:23.975939 140589541222144 tool.cpp:1902] rocprofv3_error_signal_handler caught signal 11...
[m# ---- Run standalone_attn_decode_fetch_size_2_256_160 ----
INFO 09-02 06:50:29 [__init__.py:244] Automatically detected platform rocm.
[0;31mE20250902 06:50:45.719825 140551438472960 output_stream.cpp:105] Opened result file: ./hwcount/pmc_1/standalone_attn_decode_fetch_size_2_256_160_counter_collection.csv
[m[0;31mE20250902 06:50:45.727855 140551438472960 output_stream.cpp:105] Opened result file: ./hwcount/pmc_1/standalone_attn_decode_fetch_size_2_256_160_agent_info.csv
[m[0;33mW20250902 06:50:54.941137 140551438472960 tool.cpp:1902] rocprofv3_error_signal_handler caught signal 11...
[m# ---- Run standalone_attn_decode_fetch_size_2_512_32 ----
INFO 09-02 06:51:00 [__init__.py:244] Automatically detected platform rocm.
[0;31mE20250902 06:51:17.139563 140162677683968 output_stream.cpp:105] Opened result file: ./hwcount/pmc_1/standalone_attn_decode_fetch_size_2_512_32_counter_collection.csv
[m[0;31mE20250902 06:51:17.147500 140162677683968 output_stream.cpp:105] Opened result file: ./hwcount/pmc_1/standalone_attn_decode_fetch_size_2_512_32_agent_info.csv
[m[0;33mW20250902 06:51:26.103173 140162677683968 tool.cpp:1902] rocprofv3_error_signal_handler caught signal 11...
[m# ---- Run standalone_attn_decode_fetch_size_2_512_160 ----
INFO 09-02 06:51:31 [__init__.py:244] Automatically detected platform rocm.
[0;31mE20250902 06:51:48.472116 139857857771264 output_stream.cpp:105] Opened result file: ./hwcount/pmc_1/standalone_attn_decode_fetch_size_2_512_160_counter_collection.csv
[m[0;31mE20250902 06:51:48.480410 139857857771264 output_stream.cpp:105] Opened result file: ./hwcount/pmc_1/standalone_attn_decode_fetch_size_2_512_160_agent_info.csv
[m[0;33mW20250902 06:51:57.736348 139857857771264 tool.cpp:1902] rocprofv3_error_signal_handler caught signal 11...
[m# ---- Run standalone_attn_decode_fetch_size_2_1024_32 ----
INFO 09-02 06:52:03 [__init__.py:244] Automatically detected platform rocm.
[0;31mE20250902 06:52:19.800424 140009176516352 output_stream.cpp:105] Opened result file: ./hwcount/pmc_1/standalone_attn_decode_fetch_size_2_1024_32_counter_collection.csv
[m[0;31mE20250902 06:52:19.808568 140009176516352 output_stream.cpp:105] Opened result file: ./hwcount/pmc_1/standalone_attn_decode_fetch_size_2_1024_32_agent_info.csv
[m[0;33mW20250902 06:52:28.976158 140009176516352 tool.cpp:1902] rocprofv3_error_signal_handler caught signal 11...
[m# ---- Run standalone_attn_decode_fetch_size_2_1024_160 ----
INFO 09-02 06:52:34 [__init__.py:244] Automatically detected platform rocm.
[0;31mE20250902 06:52:50.641737 139905334601472 output_stream.cpp:105] Opened result file: ./hwcount/pmc_1/standalone_attn_decode_fetch_size_2_1024_160_counter_collection.csv
[m[0;31mE20250902 06:52:50.649781 139905334601472 output_stream.cpp:105] Opened result file: ./hwcount/pmc_1/standalone_attn_decode_fetch_size_2_1024_160_agent_info.csv
[m[0;33mW20250902 06:52:59.411209 139905334601472 tool.cpp:1902] rocprofv3_error_signal_handler caught signal 11...
[m# ---- Run standalone_attn_decode_fetch_size_2_2048_32 ----
INFO 09-02 06:53:05 [__init__.py:244] Automatically detected platform rocm.
[0;31mE20250902 06:53:21.274876 140608689067776 output_stream.cpp:105] Opened result file: ./hwcount/pmc_1/standalone_attn_decode_fetch_size_2_2048_32_counter_collection.csv
[m[0;31mE20250902 06:53:21.282972 140608689067776 output_stream.cpp:105] Opened result file: ./hwcount/pmc_1/standalone_attn_decode_fetch_size_2_2048_32_agent_info.csv
[m[0;33mW20250902 06:53:30.312711 140608689067776 tool.cpp:1902] rocprofv3_error_signal_handler caught signal 11...
[m# ---- Run standalone_attn_decode_fetch_size_2_2048_160 ----
INFO 09-02 06:53:35 [__init__.py:244] Automatically detected platform rocm.
[0;31mE20250902 06:53:52.894037 140033202394880 output_stream.cpp:105] Opened result file: ./hwcount/pmc_1/standalone_attn_decode_fetch_size_2_2048_160_counter_collection.csv
[m[0;31mE20250902 06:53:52.902088 140033202394880 output_stream.cpp:105] Opened result file: ./hwcount/pmc_1/standalone_attn_decode_fetch_size_2_2048_160_agent_info.csv
[m[0;33mW20250902 06:54:01.849976 140033202394880 tool.cpp:1902] rocprofv3_error_signal_handler caught signal 11...
[m# ---- Run standalone_attn_decode_fetch_size_2_4096_32 ----
INFO 09-02 06:54:07 [__init__.py:244] Automatically detected platform rocm.
[0;31mE20250902 06:54:25.813547 140121372047104 output_stream.cpp:105] Opened result file: ./hwcount/pmc_1/standalone_attn_decode_fetch_size_2_4096_32_counter_collection.csv
[m[0;31mE20250902 06:54:25.822026 140121372047104 output_stream.cpp:105] Opened result file: ./hwcount/pmc_1/standalone_attn_decode_fetch_size_2_4096_32_agent_info.csv
[m[0;33mW20250902 06:54:34.852531 140121372047104 tool.cpp:1902] rocprofv3_error_signal_handler caught signal 11...
[m# ---- Run standalone_attn_decode_fetch_size_2_4096_160 ----
INFO 09-02 06:54:40 [__init__.py:244] Automatically detected platform rocm.
[0;31mE20250902 06:54:57.513558 140196452185856 output_stream.cpp:105] Opened result file: ./hwcount/pmc_1/standalone_attn_decode_fetch_size_2_4096_160_counter_collection.csv
[m[0;31mE20250902 06:54:57.521564 140196452185856 output_stream.cpp:105] Opened result file: ./hwcount/pmc_1/standalone_attn_decode_fetch_size_2_4096_160_agent_info.csv
[m[0;33mW20250902 06:55:06.397934 140196452185856 tool.cpp:1902] rocprofv3_error_signal_handler caught signal 11...
[m# ---- Run standalone_attn_decode_fetch_size_2_8192_32 ----
INFO 09-02 06:55:12 [__init__.py:244] Automatically detected platform rocm.
[0;31mE20250902 06:55:28.786392 140200129689344 output_stream.cpp:105] Opened result file: ./hwcount/pmc_1/standalone_attn_decode_fetch_size_2_8192_32_counter_collection.csv
[m[0;31mE20250902 06:55:28.794395 140200129689344 output_stream.cpp:105] Opened result file: ./hwcount/pmc_1/standalone_attn_decode_fetch_size_2_8192_32_agent_info.csv
[m[0;33mW20250902 06:55:37.506921 140200129689344 tool.cpp:1902] rocprofv3_error_signal_handler caught signal 11...
[m# ---- Run standalone_attn_decode_fetch_size_2_8192_160 ----
INFO 09-02 06:55:43 [__init__.py:244] Automatically detected platform rocm.
[0;31mE20250902 06:55:59.523740 140047670654720 output_stream.cpp:105] Opened result file: ./hwcount/pmc_1/standalone_attn_decode_fetch_size_2_8192_160_counter_collection.csv
[m[0;31mE20250902 06:55:59.531779 140047670654720 output_stream.cpp:105] Opened result file: ./hwcount/pmc_1/standalone_attn_decode_fetch_size_2_8192_160_agent_info.csv
[m[0;33mW20250902 06:56:08.598565 140047670654720 tool.cpp:1902] rocprofv3_error_signal_handler caught signal 11...
[m# ---- Run standalone_attn_decode_fetch_size_4_256_32 ----
INFO 09-02 06:56:16 [__init__.py:244] Automatically detected platform rocm.
[0;31mE20250902 06:56:34.694607 139697187264256 output_stream.cpp:105] Opened result file: ./hwcount/pmc_1/standalone_attn_decode_fetch_size_4_256_32_counter_collection.csv
[m[0;31mE20250902 06:56:34.702791 139697187264256 output_stream.cpp:105] Opened result file: ./hwcount/pmc_1/standalone_attn_decode_fetch_size_4_256_32_agent_info.csv
[m[0;33mW20250902 06:56:43.498211 139697187264256 tool.cpp:1902] rocprofv3_error_signal_handler caught signal 11...
[m# ---- Run standalone_attn_decode_fetch_size_4_256_160 ----
INFO 09-02 06:56:49 [__init__.py:244] Automatically detected platform rocm.
[0;31mE20250902 06:57:06.456956 139966518015744 output_stream.cpp:105] Opened result file: ./hwcount/pmc_1/standalone_attn_decode_fetch_size_4_256_160_counter_collection.csv
[m[0;31mE20250902 06:57:06.465759 139966518015744 output_stream.cpp:105] Opened result file: ./hwcount/pmc_1/standalone_attn_decode_fetch_size_4_256_160_agent_info.csv
[m[0;33mW20250902 06:57:15.234677 139966518015744 tool.cpp:1902] rocprofv3_error_signal_handler caught signal 11...
[m# ---- Run standalone_attn_decode_fetch_size_4_512_32 ----
INFO 09-02 06:57:21 [__init__.py:244] Automatically detected platform rocm.
[0;31mE20250902 06:57:38.290218 139773347546880 output_stream.cpp:105] Opened result file: ./hwcount/pmc_1/standalone_attn_decode_fetch_size_4_512_32_counter_collection.csv
[m[0;31mE20250902 06:57:38.299115 139773347546880 output_stream.cpp:105] Opened result file: ./hwcount/pmc_1/standalone_attn_decode_fetch_size_4_512_32_agent_info.csv
[m[0;33mW20250902 06:57:47.366705 139773347546880 tool.cpp:1902] rocprofv3_error_signal_handler caught signal 11...
[m# ---- Run standalone_attn_decode_fetch_size_4_512_160 ----
INFO 09-02 06:57:53 [__init__.py:244] Automatically detected platform rocm.
[0;31mE20250902 06:58:10.605264 140606228715264 output_stream.cpp:105] Opened result file: ./hwcount/pmc_1/standalone_attn_decode_fetch_size_4_512_160_counter_collection.csv
[m[0;31mE20250902 06:58:10.613790 140606228715264 output_stream.cpp:105] Opened result file: ./hwcount/pmc_1/standalone_attn_decode_fetch_size_4_512_160_agent_info.csv
[m[0;33mW20250902 06:58:19.262907 140606228715264 tool.cpp:1902] rocprofv3_error_signal_handler caught signal 11...
[m# ---- Run standalone_attn_decode_fetch_size_4_1024_32 ----
INFO 09-02 06:58:24 [__init__.py:244] Automatically detected platform rocm.
[0;31mE20250902 06:58:41.383093 140707827738368 output_stream.cpp:105] Opened result file: ./hwcount/pmc_1/standalone_attn_decode_fetch_size_4_1024_32_counter_collection.csv
[m[0;31mE20250902 06:58:41.391243 140707827738368 output_stream.cpp:105] Opened result file: ./hwcount/pmc_1/standalone_attn_decode_fetch_size_4_1024_32_agent_info.csv
[m[0;33mW20250902 06:58:50.041493 140707827738368 tool.cpp:1902] rocprofv3_error_signal_handler caught signal 11...
[m# ---- Run standalone_attn_decode_fetch_size_4_1024_160 ----
INFO 09-02 06:58:55 [__init__.py:244] Automatically detected platform rocm.
[0;31mE20250902 06:59:11.795030 140606910977792 output_stream.cpp:105] Opened result file: ./hwcount/pmc_1/standalone_attn_decode_fetch_size_4_1024_160_counter_collection.csv
[m[0;31mE20250902 06:59:11.802969 140606910977792 output_stream.cpp:105] Opened result file: ./hwcount/pmc_1/standalone_attn_decode_fetch_size_4_1024_160_agent_info.csv
[m[0;33mW20250902 06:59:20.671836 140606910977792 tool.cpp:1902] rocprofv3_error_signal_handler caught signal 11...
[m# ---- Run standalone_attn_decode_fetch_size_4_2048_32 ----
INFO 09-02 06:59:26 [__init__.py:244] Automatically detected platform rocm.
[0;31mE20250902 06:59:43.748999 140524996441856 output_stream.cpp:105] Opened result file: ./hwcount/pmc_1/standalone_attn_decode_fetch_size_4_2048_32_counter_collection.csv
[m[0;31mE20250902 06:59:43.757341 140524996441856 output_stream.cpp:105] Opened result file: ./hwcount/pmc_1/standalone_attn_decode_fetch_size_4_2048_32_agent_info.csv
[m[0;33mW20250902 06:59:52.991095 140524996441856 tool.cpp:1902] rocprofv3_error_signal_handler caught signal 11...
[m# ---- Run standalone_attn_decode_fetch_size_4_2048_160 ----
INFO 09-02 06:59:58 [__init__.py:244] Automatically detected platform rocm.
[0;31mE20250902 07:00:16.464614 140704045704960 output_stream.cpp:105] Opened result file: ./hwcount/pmc_1/standalone_attn_decode_fetch_size_4_2048_160_counter_collection.csv
[m[0;31mE20250902 07:00:16.472976 140704045704960 output_stream.cpp:105] Opened result file: ./hwcount/pmc_1/standalone_attn_decode_fetch_size_4_2048_160_agent_info.csv
[m[0;33mW20250902 07:00:25.317644 140704045704960 tool.cpp:1902] rocprofv3_error_signal_handler caught signal 11...
[m# ---- Run standalone_attn_decode_fetch_size_4_4096_32 ----
INFO 09-02 07:00:31 [__init__.py:244] Automatically detected platform rocm.
[0;31mE20250902 07:00:49.276443 140683467921152 output_stream.cpp:105] Opened result file: ./hwcount/pmc_1/standalone_attn_decode_fetch_size_4_4096_32_counter_collection.csv
[m[0;31mE20250902 07:00:49.286079 140683467921152 output_stream.cpp:105] Opened result file: ./hwcount/pmc_1/standalone_attn_decode_fetch_size_4_4096_32_agent_info.csv
[m[0;33mW20250902 07:00:58.340139 140683467921152 tool.cpp:1902] rocprofv3_error_signal_handler caught signal 11...
[m# ---- Run standalone_attn_decode_fetch_size_4_4096_160 ----
INFO 09-02 07:01:04 [__init__.py:244] Automatically detected platform rocm.
[0;31mE20250902 07:01:23.494065 139817231267584 output_stream.cpp:105] Opened result file: ./hwcount/pmc_1/standalone_attn_decode_fetch_size_4_4096_160_counter_collection.csv
[m[0;31mE20250902 07:01:23.503522 139817231267584 output_stream.cpp:105] Opened result file: ./hwcount/pmc_1/standalone_attn_decode_fetch_size_4_4096_160_agent_info.csv
[m[0;33mW20250902 07:01:32.480961 139817231267584 tool.cpp:1902] rocprofv3_error_signal_handler caught signal 11...
[m# ---- Run standalone_attn_decode_fetch_size_4_8192_32 ----
INFO 09-02 07:01:39 [__init__.py:244] Automatically detected platform rocm.
[0;31mE20250902 07:01:58.980975 140544220112640 output_stream.cpp:105] Opened result file: ./hwcount/pmc_1/standalone_attn_decode_fetch_size_4_8192_32_counter_collection.csv
[m[0;31mE20250902 07:01:58.990638 140544220112640 output_stream.cpp:105] Opened result file: ./hwcount/pmc_1/standalone_attn_decode_fetch_size_4_8192_32_agent_info.csv
[m[0;33mW20250902 07:02:08.183774 140544220112640 tool.cpp:1902] rocprofv3_error_signal_handler caught signal 11...
[m# ---- Run standalone_attn_decode_fetch_size_4_8192_160 ----
INFO 09-02 07:02:15 [__init__.py:244] Automatically detected platform rocm.
[0;31mE20250902 07:02:34.521252 139721761707776 output_stream.cpp:105] Opened result file: ./hwcount/pmc_1/standalone_attn_decode_fetch_size_4_8192_160_counter_collection.csv
[m[0;31mE20250902 07:02:34.530173 139721761707776 output_stream.cpp:105] Opened result file: ./hwcount/pmc_1/standalone_attn_decode_fetch_size_4_8192_160_agent_info.csv
[m[0;33mW20250902 07:02:43.916484 139721761707776 tool.cpp:1902] rocprofv3_error_signal_handler caught signal 11...
[m# ---- Run standalone_attn_decode_fetch_size_8_256_32 ----
INFO 09-02 07:02:50 [__init__.py:244] Automatically detected platform rocm.
[0;31mE20250902 07:03:10.056879 139819503007488 output_stream.cpp:105] Opened result file: ./hwcount/pmc_1/standalone_attn_decode_fetch_size_8_256_32_counter_collection.csv
[m[0;31mE20250902 07:03:10.066620 139819503007488 output_stream.cpp:105] Opened result file: ./hwcount/pmc_1/standalone_attn_decode_fetch_size_8_256_32_agent_info.csv
[m[0;33mW20250902 07:03:19.682554 139819503007488 tool.cpp:1902] rocprofv3_error_signal_handler caught signal 11...
[m# ---- Run standalone_attn_decode_fetch_size_8_256_160 ----
INFO 09-02 07:03:26 [__init__.py:244] Automatically detected platform rocm.
[0;31mE20250902 07:03:45.979619 140237954516736 output_stream.cpp:105] Opened result file: ./hwcount/pmc_1/standalone_attn_decode_fetch_size_8_256_160_counter_collection.csv
[m[0;31mE20250902 07:03:45.988951 140237954516736 output_stream.cpp:105] Opened result file: ./hwcount/pmc_1/standalone_attn_decode_fetch_size_8_256_160_agent_info.csv
[m[0;33mW20250902 07:03:55.978109 140237954516736 tool.cpp:1902] rocprofv3_error_signal_handler caught signal 11...
[m# ---- Run standalone_attn_decode_fetch_size_8_512_32 ----
INFO 09-02 07:04:02 [__init__.py:244] Automatically detected platform rocm.
[0;31mE20250902 07:04:22.116147 140205995108096 output_stream.cpp:105] Opened result file: ./hwcount/pmc_1/standalone_attn_decode_fetch_size_8_512_32_counter_collection.csv
[m[0;31mE20250902 07:04:22.125006 140205995108096 output_stream.cpp:105] Opened result file: ./hwcount/pmc_1/standalone_attn_decode_fetch_size_8_512_32_agent_info.csv
[m[0;33mW20250902 07:04:31.629250 140205995108096 tool.cpp:1902] rocprofv3_error_signal_handler caught signal 11...
[m# ---- Run standalone_attn_decode_fetch_size_8_512_160 ----
INFO 09-02 07:04:38 [__init__.py:244] Automatically detected platform rocm.
[0;31mE20250902 07:04:58.798153 140357093766912 output_stream.cpp:105] Opened result file: ./hwcount/pmc_1/standalone_attn_decode_fetch_size_8_512_160_counter_collection.csv
[m[0;31mE20250902 07:04:58.808340 140357093766912 output_stream.cpp:105] Opened result file: ./hwcount/pmc_1/standalone_attn_decode_fetch_size_8_512_160_agent_info.csv
[m[0;33mW20250902 07:05:08.584450 140357093766912 tool.cpp:1902] rocprofv3_error_signal_handler caught signal 11...
[m# ---- Run standalone_attn_decode_fetch_size_8_1024_32 ----
INFO 09-02 07:05:15 [__init__.py:244] Automatically detected platform rocm.
[0;31mE20250902 07:05:35.788786 140198880294656 output_stream.cpp:105] Opened result file: ./hwcount/pmc_1/standalone_attn_decode_fetch_size_8_1024_32_counter_collection.csv
[m[0;31mE20250902 07:05:35.797391 140198880294656 output_stream.cpp:105] Opened result file: ./hwcount/pmc_1/standalone_attn_decode_fetch_size_8_1024_32_agent_info.csv
[m[0;33mW20250902 07:05:45.338781 140198880294656 tool.cpp:1902] rocprofv3_error_signal_handler caught signal 11...
[m# ---- Run standalone_attn_decode_fetch_size_8_1024_160 ----
INFO 09-02 07:05:52 [__init__.py:244] Automatically detected platform rocm.
[0;31mE20250902 07:06:12.443731 140675299055360 output_stream.cpp:105] Opened result file: ./hwcount/pmc_1/standalone_attn_decode_fetch_size_8_1024_160_counter_collection.csv
[m[0;31mE20250902 07:06:12.452961 140675299055360 output_stream.cpp:105] Opened result file: ./hwcount/pmc_1/standalone_attn_decode_fetch_size_8_1024_160_agent_info.csv
[m[0;33mW20250902 07:06:21.906925 140675299055360 tool.cpp:1902] rocprofv3_error_signal_handler caught signal 11...
[m# ---- Run standalone_attn_decode_fetch_size_8_2048_32 ----
INFO 09-02 07:06:29 [__init__.py:244] Automatically detected platform rocm.
[0;31mE20250902 07:06:49.150838 140049584592640 output_stream.cpp:105] Opened result file: ./hwcount/pmc_1/standalone_attn_decode_fetch_size_8_2048_32_counter_collection.csv
[m[0;31mE20250902 07:06:49.159501 140049584592640 output_stream.cpp:105] Opened result file: ./hwcount/pmc_1/standalone_attn_decode_fetch_size_8_2048_32_agent_info.csv
[m[0;33mW20250902 07:06:58.795446 140049584592640 tool.cpp:1902] rocprofv3_error_signal_handler caught signal 11...
[m# ---- Run standalone_attn_decode_fetch_size_8_2048_160 ----
INFO 09-02 07:07:06 [__init__.py:244] Automatically detected platform rocm.
[0;31mE20250902 07:07:28.823001 140017604146944 output_stream.cpp:105] Opened result file: ./hwcount/pmc_1/standalone_attn_decode_fetch_size_8_2048_160_counter_collection.csv
[m[0;31mE20250902 07:07:28.832510 140017604146944 output_stream.cpp:105] Opened result file: ./hwcount/pmc_1/standalone_attn_decode_fetch_size_8_2048_160_agent_info.csv
[m[0;33mW20250902 07:07:39.180085 140017604146944 tool.cpp:1902] rocprofv3_error_signal_handler caught signal 11...
[m# ---- Run standalone_attn_decode_fetch_size_8_4096_32 ----
INFO 09-02 07:07:49 [__init__.py:244] Automatically detected platform rocm.
[0;31mE20250902 07:08:11.429976 140430097536768 output_stream.cpp:105] Opened result file: ./hwcount/pmc_1/standalone_attn_decode_fetch_size_8_4096_32_counter_collection.csv
[m[0;31mE20250902 07:08:11.439607 140430097536768 output_stream.cpp:105] Opened result file: ./hwcount/pmc_1/standalone_attn_decode_fetch_size_8_4096_32_agent_info.csv
[m[0;33mW20250902 07:08:20.938036 140430097536768 tool.cpp:1902] rocprofv3_error_signal_handler caught signal 11...
[m# ---- Run standalone_attn_decode_fetch_size_8_4096_160 ----
INFO 09-02 07:08:28 [__init__.py:244] Automatically detected platform rocm.
[0;31mE20250902 07:08:49.287646 139912925980416 output_stream.cpp:105] Opened result file: ./hwcount/pmc_1/standalone_attn_decode_fetch_size_8_4096_160_counter_collection.csv
[m[0;31mE20250902 07:08:49.297565 139912925980416 output_stream.cpp:105] Opened result file: ./hwcount/pmc_1/standalone_attn_decode_fetch_size_8_4096_160_agent_info.csv
[m[0;33mW20250902 07:08:58.446228 139912925980416 tool.cpp:1902] rocprofv3_error_signal_handler caught signal 11...
[m# ---- Run standalone_attn_decode_fetch_size_8_8192_32 ----
INFO 09-02 07:09:08 [__init__.py:244] Automatically detected platform rocm.
[0;31mE20250902 07:09:30.658546 139967971739392 output_stream.cpp:105] Opened result file: ./hwcount/pmc_1/standalone_attn_decode_fetch_size_8_8192_32_counter_collection.csv
[m[0;31mE20250902 07:09:30.668123 139967971739392 output_stream.cpp:105] Opened result file: ./hwcount/pmc_1/standalone_attn_decode_fetch_size_8_8192_32_agent_info.csv
[m[0;33mW20250902 07:09:40.302248 139967971739392 tool.cpp:1902] rocprofv3_error_signal_handler caught signal 11...
[m# ---- Run standalone_attn_decode_fetch_size_8_8192_160 ----
INFO 09-02 07:09:47 [__init__.py:244] Automatically detected platform rocm.
[0;31mE20250902 07:10:07.350986 139791790782208 output_stream.cpp:105] Opened result file: ./hwcount/pmc_1/standalone_attn_decode_fetch_size_8_8192_160_counter_collection.csv
[m[0;31mE20250902 07:10:07.360505 139791790782208 output_stream.cpp:105] Opened result file: ./hwcount/pmc_1/standalone_attn_decode_fetch_size_8_8192_160_agent_info.csv
[m[0;33mW20250902 07:10:16.321085 139791790782208 tool.cpp:1902] rocprofv3_error_signal_handler caught signal 11...
[m# ---- Run standalone_attn_decode_fetch_size_16_256_32 ----
INFO 09-02 07:10:23 [__init__.py:244] Automatically detected platform rocm.
[0;31mE20250902 07:10:42.953502 140194040014592 output_stream.cpp:105] Opened result file: ./hwcount/pmc_1/standalone_attn_decode_fetch_size_16_256_32_counter_collection.csv
[m[0;31mE20250902 07:10:42.962577 140194040014592 output_stream.cpp:105] Opened result file: ./hwcount/pmc_1/standalone_attn_decode_fetch_size_16_256_32_agent_info.csv
[m[0;33mW20250902 07:10:51.954101 140194040014592 tool.cpp:1902] rocprofv3_error_signal_handler caught signal 11...
[m# ---- Run standalone_attn_decode_fetch_size_16_256_160 ----
INFO 09-02 07:10:58 [__init__.py:244] Automatically detected platform rocm.
[0;31mE20250902 07:11:21.522948 140486160590592 output_stream.cpp:105] Opened result file: ./hwcount/pmc_1/standalone_attn_decode_fetch_size_16_256_160_counter_collection.csv
[m[0;31mE20250902 07:11:21.532520 140486160590592 output_stream.cpp:105] Opened result file: ./hwcount/pmc_1/standalone_attn_decode_fetch_size_16_256_160_agent_info.csv
[m[0;33mW20250902 07:11:31.339304 140486160590592 tool.cpp:1902] rocprofv3_error_signal_handler caught signal 11...
[m# ---- Run standalone_attn_decode_fetch_size_16_512_32 ----
INFO 09-02 07:11:41 [__init__.py:244] Automatically detected platform rocm.
[0;31mE20250902 07:12:02.707036 139948221605632 output_stream.cpp:105] Opened result file: ./hwcount/pmc_1/standalone_attn_decode_fetch_size_16_512_32_counter_collection.csv
[m[0;31mE20250902 07:12:02.717525 139948221605632 output_stream.cpp:105] Opened result file: ./hwcount/pmc_1/standalone_attn_decode_fetch_size_16_512_32_agent_info.csv
[m[0;33mW20250902 07:12:12.260181 139948221605632 tool.cpp:1902] rocprofv3_error_signal_handler caught signal 11...
[m# ---- Run standalone_attn_decode_fetch_size_16_512_160 ----
INFO 09-02 07:12:19 [__init__.py:244] Automatically detected platform rocm.
[0;31mE20250902 07:12:38.654707 140311511422720 output_stream.cpp:105] Opened result file: ./hwcount/pmc_1/standalone_attn_decode_fetch_size_16_512_160_counter_collection.csv
[m[0;31mE20250902 07:12:38.663604 140311511422720 output_stream.cpp:105] Opened result file: ./hwcount/pmc_1/standalone_attn_decode_fetch_size_16_512_160_agent_info.csv
[m[0;33mW20250902 07:12:47.914580 140311511422720 tool.cpp:1902] rocprofv3_error_signal_handler caught signal 11...
[m# ---- Run standalone_attn_decode_fetch_size_16_1024_32 ----
INFO 09-02 07:12:55 [__init__.py:244] Automatically detected platform rocm.
[0;31mE20250902 07:13:14.915297 140443990267648 output_stream.cpp:105] Opened result file: ./hwcount/pmc_1/standalone_attn_decode_fetch_size_16_1024_32_counter_collection.csv
[m[0;31mE20250902 07:13:14.924269 140443990267648 output_stream.cpp:105] Opened result file: ./hwcount/pmc_1/standalone_attn_decode_fetch_size_16_1024_32_agent_info.csv
[m[0;33mW20250902 07:13:24.357100 140443990267648 tool.cpp:1902] rocprofv3_error_signal_handler caught signal 11...
[m# ---- Run standalone_attn_decode_fetch_size_16_1024_160 ----
INFO 09-02 07:13:31 [__init__.py:244] Automatically detected platform rocm.
[0;31mE20250902 07:13:54.743937 140388853765888 output_stream.cpp:105] Opened result file: ./hwcount/pmc_1/standalone_attn_decode_fetch_size_16_1024_160_counter_collection.csv
[m[0;31mE20250902 07:13:54.754760 140388853765888 output_stream.cpp:105] Opened result file: ./hwcount/pmc_1/standalone_attn_decode_fetch_size_16_1024_160_agent_info.csv
[m[0;33mW20250902 07:14:04.645620 140388853765888 tool.cpp:1902] rocprofv3_error_signal_handler caught signal 11...
[m# ---- Run standalone_attn_decode_fetch_size_16_2048_32 ----
INFO 09-02 07:14:14 [__init__.py:244] Automatically detected platform rocm.
[0;31mE20250902 07:14:35.811528 139696133543680 output_stream.cpp:105] Opened result file: ./hwcount/pmc_1/standalone_attn_decode_fetch_size_16_2048_32_counter_collection.csv
[m[0;31mE20250902 07:14:35.821433 139696133543680 output_stream.cpp:105] Opened result file: ./hwcount/pmc_1/standalone_attn_decode_fetch_size_16_2048_32_agent_info.csv
[m[0;33mW20250902 07:14:45.557747 139696133543680 tool.cpp:1902] rocprofv3_error_signal_handler caught signal 11...
[m# ---- Run standalone_attn_decode_fetch_size_16_2048_160 ----
INFO 09-02 07:14:52 [__init__.py:244] Automatically detected platform rocm.
[0;31mE20250902 07:15:14.640115 140272564037376 output_stream.cpp:105] Opened result file: ./hwcount/pmc_1/standalone_attn_decode_fetch_size_16_2048_160_counter_collection.csv
[m[0;31mE20250902 07:15:14.649771 140272564037376 output_stream.cpp:105] Opened result file: ./hwcount/pmc_1/standalone_attn_decode_fetch_size_16_2048_160_agent_info.csv
[m[0;33mW20250902 07:15:23.615630 140272564037376 tool.cpp:1902] rocprofv3_error_signal_handler caught signal 11...
[m# ---- Run standalone_attn_decode_fetch_size_16_4096_32 ----
INFO 09-02 07:15:33 [__init__.py:244] Automatically detected platform rocm.
[0;31mE20250902 07:15:55.243741 140020647794432 output_stream.cpp:105] Opened result file: ./hwcount/pmc_1/standalone_attn_decode_fetch_size_16_4096_32_counter_collection.csv
[m[0;31mE20250902 07:15:55.254286 140020647794432 output_stream.cpp:105] Opened result file: ./hwcount/pmc_1/standalone_attn_decode_fetch_size_16_4096_32_agent_info.csv
[m[0;33mW20250902 07:16:05.121934 140020647794432 tool.cpp:1902] rocprofv3_error_signal_handler caught signal 11...
[m# ---- Run standalone_attn_decode_fetch_size_16_4096_160 ----
INFO 09-02 07:16:12 [__init__.py:244] Automatically detected platform rocm.
[0;31mE20250902 07:16:32.559928 140588027250432 output_stream.cpp:105] Opened result file: ./hwcount/pmc_1/standalone_attn_decode_fetch_size_16_4096_160_counter_collection.csv
[m[0;31mE20250902 07:16:32.568667 140588027250432 output_stream.cpp:105] Opened result file: ./hwcount/pmc_1/standalone_attn_decode_fetch_size_16_4096_160_agent_info.csv
[m[0;33mW20250902 07:16:42.321423 140588027250432 tool.cpp:1902] rocprofv3_error_signal_handler caught signal 11...
[m# ---- Run standalone_attn_decode_fetch_size_16_8192_32 ----
INFO 09-02 07:16:49 [__init__.py:244] Automatically detected platform rocm.
[0;31mE20250902 07:17:10.216794 140199835920128 output_stream.cpp:105] Opened result file: ./hwcount/pmc_1/standalone_attn_decode_fetch_size_16_8192_32_counter_collection.csv
[m[0;31mE20250902 07:17:10.225548 140199835920128 output_stream.cpp:105] Opened result file: ./hwcount/pmc_1/standalone_attn_decode_fetch_size_16_8192_32_agent_info.csv
[m[0;33mW20250902 07:17:20.011472 140199835920128 tool.cpp:1902] rocprofv3_error_signal_handler caught signal 11...
[m# ---- Run standalone_attn_decode_fetch_size_16_8192_160 ----
INFO 09-02 07:17:27 [__init__.py:244] Automatically detected platform rocm.
[0;31mE20250902 07:17:47.646418 139810718959360 output_stream.cpp:105] Opened result file: ./hwcount/pmc_1/standalone_attn_decode_fetch_size_16_8192_160_counter_collection.csv
[m[0;31mE20250902 07:17:47.655483 139810718959360 output_stream.cpp:105] Opened result file: ./hwcount/pmc_1/standalone_attn_decode_fetch_size_16_8192_160_agent_info.csv
[m[0;33mW20250902 07:17:57.064882 139810718959360 tool.cpp:1902] rocprofv3_error_signal_handler caught signal 11...
[m# ---- Run standalone_attn_decode_fetch_size_32_256_32 ----
INFO 09-02 07:18:04 [__init__.py:244] Automatically detected platform rocm.
[0;31mE20250902 07:18:26.212036 140266102994688 output_stream.cpp:105] Opened result file: ./hwcount/pmc_1/standalone_attn_decode_fetch_size_32_256_32_counter_collection.csv
[m[0;31mE20250902 07:18:26.221336 140266102994688 output_stream.cpp:105] Opened result file: ./hwcount/pmc_1/standalone_attn_decode_fetch_size_32_256_32_agent_info.csv
[m[0;33mW20250902 07:18:35.562954 140266102994688 tool.cpp:1902] rocprofv3_error_signal_handler caught signal 11...
[m# ---- Run standalone_attn_decode_fetch_size_32_256_160 ----
INFO 09-02 07:18:44 [__init__.py:244] Automatically detected platform rocm.
[0;31mE20250902 07:19:07.548200 140428194031360 output_stream.cpp:105] Opened result file: ./hwcount/pmc_1/standalone_attn_decode_fetch_size_32_256_160_counter_collection.csv
[m[0;31mE20250902 07:19:07.557506 140428194031360 output_stream.cpp:105] Opened result file: ./hwcount/pmc_1/standalone_attn_decode_fetch_size_32_256_160_agent_info.csv
[m[0;33mW20250902 07:19:17.431000 140428194031360 tool.cpp:1902] rocprofv3_error_signal_handler caught signal 11...
[m# ---- Run standalone_attn_decode_fetch_size_32_512_32 ----
INFO 09-02 07:19:26 [__init__.py:244] Automatically detected platform rocm.
[0;31mE20250902 07:19:49.616373 140578718697216 output_stream.cpp:105] Opened result file: ./hwcount/pmc_1/standalone_attn_decode_fetch_size_32_512_32_counter_collection.csv
[m[0;31mE20250902 07:19:49.625674 140578718697216 output_stream.cpp:105] Opened result file: ./hwcount/pmc_1/standalone_attn_decode_fetch_size_32_512_32_agent_info.csv
[m[0;33mW20250902 07:19:58.948502 140578718697216 tool.cpp:1902] rocprofv3_error_signal_handler caught signal 11...
[m# ---- Run standalone_attn_decode_fetch_size_32_512_160 ----
INFO 09-02 07:20:08 [__init__.py:244] Automatically detected platform rocm.
[0;31mE20250902 07:20:32.231734 139679967065856 output_stream.cpp:105] Opened result file: ./hwcount/pmc_1/standalone_attn_decode_fetch_size_32_512_160_counter_collection.csv
[m[0;31mE20250902 07:20:32.240737 139679967065856 output_stream.cpp:105] Opened result file: ./hwcount/pmc_1/standalone_attn_decode_fetch_size_32_512_160_agent_info.csv
[m[0;33mW20250902 07:20:41.584010 139679967065856 tool.cpp:1902] rocprofv3_error_signal_handler caught signal 11...
[m# ---- Run standalone_attn_decode_fetch_size_32_1024_32 ----
INFO 09-02 07:20:51 [__init__.py:244] Automatically detected platform rocm.
[0;31mE20250902 07:21:15.133033 139857940260608 output_stream.cpp:105] Opened result file: ./hwcount/pmc_1/standalone_attn_decode_fetch_size_32_1024_32_counter_collection.csv
[m[0;31mE20250902 07:21:15.142275 139857940260608 output_stream.cpp:105] Opened result file: ./hwcount/pmc_1/standalone_attn_decode_fetch_size_32_1024_32_agent_info.csv
[m[0;33mW20250902 07:21:24.908043 139857940260608 tool.cpp:1902] rocprofv3_error_signal_handler caught signal 11...
[m# ---- Run standalone_attn_decode_fetch_size_32_1024_160 ----
INFO 09-02 07:21:34 [__init__.py:244] Automatically detected platform rocm.
[0;31mE20250902 07:21:56.079479 139930240431872 output_stream.cpp:105] Opened result file: ./hwcount/pmc_1/standalone_attn_decode_fetch_size_32_1024_160_counter_collection.csv
[m[0;31mE20250902 07:21:56.089422 139930240431872 output_stream.cpp:105] Opened result file: ./hwcount/pmc_1/standalone_attn_decode_fetch_size_32_1024_160_agent_info.csv
[m[0;33mW20250902 07:22:05.067485 139930240431872 tool.cpp:1902] rocprofv3_error_signal_handler caught signal 11...
[m# ---- Run standalone_attn_decode_fetch_size_32_2048_32 ----
INFO 09-02 07:22:12 [__init__.py:244] Automatically detected platform rocm.
[0;31mE20250902 07:22:31.855294 139918969927424 output_stream.cpp:105] Opened result file: ./hwcount/pmc_1/standalone_attn_decode_fetch_size_32_2048_32_counter_collection.csv
[m[0;31mE20250902 07:22:31.865563 139918969927424 output_stream.cpp:105] Opened result file: ./hwcount/pmc_1/standalone_attn_decode_fetch_size_32_2048_32_agent_info.csv
[m[0;33mW20250902 07:22:41.565552 139918969927424 tool.cpp:1902] rocprofv3_error_signal_handler caught signal 11...
[m# ---- Run standalone_attn_decode_fetch_size_32_2048_160 ----
INFO 09-02 07:22:48 [__init__.py:244] Automatically detected platform rocm.
[0;31mE20250902 07:23:08.063004 140118459352832 output_stream.cpp:105] Opened result file: ./hwcount/pmc_1/standalone_attn_decode_fetch_size_32_2048_160_counter_collection.csv
[m[0;31mE20250902 07:23:08.073028 140118459352832 output_stream.cpp:105] Opened result file: ./hwcount/pmc_1/standalone_attn_decode_fetch_size_32_2048_160_agent_info.csv
[m[0;33mW20250902 07:23:17.604374 140118459352832 tool.cpp:1902] rocprofv3_error_signal_handler caught signal 11...
[m# ---- Run standalone_attn_decode_fetch_size_32_4096_32 ----
INFO 09-02 07:23:24 [__init__.py:244] Automatically detected platform rocm.
[0;31mE20250902 07:23:44.156915 140093246699264 output_stream.cpp:105] Opened result file: ./hwcount/pmc_1/standalone_attn_decode_fetch_size_32_4096_32_counter_collection.csv
[m[0;31mE20250902 07:23:44.165858 140093246699264 output_stream.cpp:105] Opened result file: ./hwcount/pmc_1/standalone_attn_decode_fetch_size_32_4096_32_agent_info.csv
[m[0;33mW20250902 07:23:53.444434 140093246699264 tool.cpp:1902] rocprofv3_error_signal_handler caught signal 11...
[m# ---- Run standalone_attn_decode_fetch_size_32_4096_160 ----
INFO 09-02 07:24:00 [__init__.py:244] Automatically detected platform rocm.
[0;31mE20250902 07:24:19.905293 139839848810240 output_stream.cpp:105] Opened result file: ./hwcount/pmc_1/standalone_attn_decode_fetch_size_32_4096_160_counter_collection.csv
[m[0;31mE20250902 07:24:19.914200 139839848810240 output_stream.cpp:105] Opened result file: ./hwcount/pmc_1/standalone_attn_decode_fetch_size_32_4096_160_agent_info.csv
[m[0;33mW20250902 07:24:29.325419 139839848810240 tool.cpp:1902] rocprofv3_error_signal_handler caught signal 11...
[m# ---- Run standalone_attn_decode_fetch_size_32_8192_32 ----
INFO 09-02 07:24:36 [__init__.py:244] Automatically detected platform rocm.
[0;31mE20250902 07:24:56.009485 139757803337472 output_stream.cpp:105] Opened result file: ./hwcount/pmc_1/standalone_attn_decode_fetch_size_32_8192_32_counter_collection.csv
[m[0;31mE20250902 07:24:56.018986 139757803337472 output_stream.cpp:105] Opened result file: ./hwcount/pmc_1/standalone_attn_decode_fetch_size_32_8192_32_agent_info.csv
[m[0;33mW20250902 07:25:05.944301 139757803337472 tool.cpp:1902] rocprofv3_error_signal_handler caught signal 11...
[m# ---- Run standalone_attn_decode_fetch_size_32_8192_160 ----
INFO 09-02 07:25:12 [__init__.py:244] Automatically detected platform rocm.
[0;31mE20250902 07:25:32.294866 140228573353728 output_stream.cpp:105] Opened result file: ./hwcount/pmc_1/standalone_attn_decode_fetch_size_32_8192_160_counter_collection.csv
[m[0;31mE20250902 07:25:32.303814 140228573353728 output_stream.cpp:105] Opened result file: ./hwcount/pmc_1/standalone_attn_decode_fetch_size_32_8192_160_agent_info.csv
[m[0;33mW20250902 07:25:42.013237 140228573353728 tool.cpp:1902] rocprofv3_error_signal_handler caught signal 11...
[m# ---- Run standalone_attn_decode_fetch_size_64_256_32 ----
INFO 09-02 07:25:52 [__init__.py:244] Automatically detected platform rocm.
[0;31mE20250902 07:26:14.412647 139906493933312 output_stream.cpp:105] Opened result file: ./hwcount/pmc_1/standalone_attn_decode_fetch_size_64_256_32_counter_collection.csv
[m[0;31mE20250902 07:26:14.422651 139906493933312 output_stream.cpp:105] Opened result file: ./hwcount/pmc_1/standalone_attn_decode_fetch_size_64_256_32_agent_info.csv
[m[0;33mW20250902 07:26:23.941156 139906493933312 tool.cpp:1902] rocprofv3_error_signal_handler caught signal 11...
[m# ---- Run standalone_attn_decode_fetch_size_64_256_160 ----
INFO 09-02 07:26:31 [__init__.py:244] Automatically detected platform rocm.
[0;31mE20250902 07:26:51.026660 139821482071808 output_stream.cpp:105] Opened result file: ./hwcount/pmc_1/standalone_attn_decode_fetch_size_64_256_160_counter_collection.csv
[m[0;31mE20250902 07:26:51.036420 139821482071808 output_stream.cpp:105] Opened result file: ./hwcount/pmc_1/standalone_attn_decode_fetch_size_64_256_160_agent_info.csv
[m[0;33mW20250902 07:27:00.870435 139821482071808 tool.cpp:1902] rocprofv3_error_signal_handler caught signal 11...
[m# ---- Run standalone_attn_decode_fetch_size_64_512_32 ----
INFO 09-02 07:27:08 [__init__.py:244] Automatically detected platform rocm.
[0;31mE20250902 07:27:28.652239 140074795300608 output_stream.cpp:105] Opened result file: ./hwcount/pmc_1/standalone_attn_decode_fetch_size_64_512_32_counter_collection.csv
[m[0;31mE20250902 07:27:28.662722 140074795300608 output_stream.cpp:105] Opened result file: ./hwcount/pmc_1/standalone_attn_decode_fetch_size_64_512_32_agent_info.csv
[m[0;33mW20250902 07:27:37.858321 140074795300608 tool.cpp:1902] rocprofv3_error_signal_handler caught signal 11...
[m# ---- Run standalone_attn_decode_fetch_size_64_512_160 ----
INFO 09-02 07:27:45 [__init__.py:244] Automatically detected platform rocm.
[0;31mE20250902 07:28:08.566286 140365899953920 output_stream.cpp:105] Opened result file: ./hwcount/pmc_1/standalone_attn_decode_fetch_size_64_512_160_counter_collection.csv
[m[0;31mE20250902 07:28:08.575677 140365899953920 output_stream.cpp:105] Opened result file: ./hwcount/pmc_1/standalone_attn_decode_fetch_size_64_512_160_agent_info.csv
[m[0;33mW20250902 07:28:18.682898 140365899953920 tool.cpp:1902] rocprofv3_error_signal_handler caught signal 11...
[m# ---- Run standalone_attn_decode_fetch_size_64_1024_32 ----
INFO 09-02 07:28:28 [__init__.py:244] Automatically detected platform rocm.
[0;31mE20250902 07:28:51.884802 140186872563456 output_stream.cpp:105] Opened result file: ./hwcount/pmc_1/standalone_attn_decode_fetch_size_64_1024_32_counter_collection.csv
[m[0;31mE20250902 07:28:51.893893 140186872563456 output_stream.cpp:105] Opened result file: ./hwcount/pmc_1/standalone_attn_decode_fetch_size_64_1024_32_agent_info.csv
[m[0;33mW20250902 07:29:01.879837 140186872563456 tool.cpp:1902] rocprofv3_error_signal_handler caught signal 11...
[m# ---- Run standalone_attn_decode_fetch_size_64_1024_160 ----
INFO 09-02 07:29:11 [__init__.py:244] Automatically detected platform rocm.
[0;31mE20250902 07:29:34.636315 139967576033024 output_stream.cpp:105] Opened result file: ./hwcount/pmc_1/standalone_attn_decode_fetch_size_64_1024_160_counter_collection.csv
[m[0;31mE20250902 07:29:34.645456 139967576033024 output_stream.cpp:105] Opened result file: ./hwcount/pmc_1/standalone_attn_decode_fetch_size_64_1024_160_agent_info.csv
[m[0;33mW20250902 07:29:44.415129 139967576033024 tool.cpp:1902] rocprofv3_error_signal_handler caught signal 11...
[m# ---- Run standalone_attn_decode_fetch_size_64_2048_32 ----
INFO 09-02 07:29:53 [__init__.py:244] Automatically detected platform rocm.
[0;31mE20250902 07:30:16.195616 140473339459328 output_stream.cpp:105] Opened result file: ./hwcount/pmc_1/standalone_attn_decode_fetch_size_64_2048_32_counter_collection.csv
[m[0;31mE20250902 07:30:16.205176 140473339459328 output_stream.cpp:105] Opened result file: ./hwcount/pmc_1/standalone_attn_decode_fetch_size_64_2048_32_agent_info.csv
[m[0;33mW20250902 07:30:26.345335 140473339459328 tool.cpp:1902] rocprofv3_error_signal_handler caught signal 11...
[m# ---- Run standalone_attn_decode_fetch_size_64_2048_160 ----
INFO 09-02 07:30:35 [__init__.py:244] Automatically detected platform rocm.
[0;31mE20250902 07:30:57.335652 140495336589056 output_stream.cpp:105] Opened result file: ./hwcount/pmc_1/standalone_attn_decode_fetch_size_64_2048_160_counter_collection.csv
[m[0;31mE20250902 07:30:57.346278 140495336589056 output_stream.cpp:105] Opened result file: ./hwcount/pmc_1/standalone_attn_decode_fetch_size_64_2048_160_agent_info.csv
[m[0;33mW20250902 07:31:06.979305 140495336589056 tool.cpp:1902] rocprofv3_error_signal_handler caught signal 11...
[m# ---- Run standalone_attn_decode_fetch_size_64_4096_32 ----
INFO 09-02 07:31:15 [__init__.py:244] Automatically detected platform rocm.
[0;31mE20250902 07:31:35.693083 140000123488000 output_stream.cpp:105] Opened result file: ./hwcount/pmc_1/standalone_attn_decode_fetch_size_64_4096_32_counter_collection.csv
[m[0;31mE20250902 07:31:35.702723 140000123488000 output_stream.cpp:105] Opened result file: ./hwcount/pmc_1/standalone_attn_decode_fetch_size_64_4096_32_agent_info.csv
[m[0;33mW20250902 07:31:45.130437 140000123488000 tool.cpp:1902] rocprofv3_error_signal_handler caught signal 11...
[m# ---- Run standalone_attn_decode_fetch_size_64_4096_160 ----
INFO 09-02 07:31:52 [__init__.py:244] Automatically detected platform rocm.
[0;31mE20250902 07:32:14.540988 140416069990144 output_stream.cpp:105] Opened result file: ./hwcount/pmc_1/standalone_attn_decode_fetch_size_64_4096_160_counter_collection.csv
[m[0;31mE20250902 07:32:14.551387 140416069990144 output_stream.cpp:105] Opened result file: ./hwcount/pmc_1/standalone_attn_decode_fetch_size_64_4096_160_agent_info.csv
[m[0;33mW20250902 07:32:24.029795 140416069990144 tool.cpp:1902] rocprofv3_error_signal_handler caught signal 11...
[m# ---- Run standalone_attn_decode_fetch_size_64_8192_32 ----
INFO 09-02 07:32:33 [__init__.py:244] Automatically detected platform rocm.
[0;31mE20250902 07:32:55.646660 139932974237440 output_stream.cpp:105] Opened result file: ./hwcount/pmc_1/standalone_attn_decode_fetch_size_64_8192_32_counter_collection.csv
[m[0;31mE20250902 07:32:55.657497 139932974237440 output_stream.cpp:105] Opened result file: ./hwcount/pmc_1/standalone_attn_decode_fetch_size_64_8192_32_agent_info.csv
[m[0;33mW20250902 07:33:05.863833 139932974237440 tool.cpp:1902] rocprofv3_error_signal_handler caught signal 11...
[m# ---- Run standalone_attn_decode_fetch_size_64_8192_160 ----
INFO 09-02 07:33:14 [__init__.py:244] Automatically detected platform rocm.
[0;31mE20250902 07:33:37.170322 140288701118208 output_stream.cpp:105] Opened result file: ./hwcount/pmc_1/standalone_attn_decode_fetch_size_64_8192_160_counter_collection.csv
[m[0;31mE20250902 07:33:37.179595 140288701118208 output_stream.cpp:105] Opened result file: ./hwcount/pmc_1/standalone_attn_decode_fetch_size_64_8192_160_agent_info.csv
[m[0;33mW20250902 07:33:46.706375 140288701118208 tool.cpp:1902] rocprofv3_error_signal_handler caught signal 11...
[m# ---- Run standalone_attn_decode_fetch_size_128_256_32 ----
INFO 09-02 07:33:55 [__init__.py:244] Automatically detected platform rocm.
[0;31mE20250902 07:34:15.027366 139798063408896 output_stream.cpp:105] Opened result file: ./hwcount/pmc_1/standalone_attn_decode_fetch_size_128_256_32_counter_collection.csv
[m[0;31mE20250902 07:34:15.036593 139798063408896 output_stream.cpp:105] Opened result file: ./hwcount/pmc_1/standalone_attn_decode_fetch_size_128_256_32_agent_info.csv
[m[0;33mW20250902 07:34:24.803202 139798063408896 tool.cpp:1902] rocprofv3_error_signal_handler caught signal 11...
[m# ---- Run standalone_attn_decode_fetch_size_128_256_160 ----
INFO 09-02 07:34:33 [__init__.py:244] Automatically detected platform rocm.
[0;31mE20250902 07:34:53.060491 140129340438272 output_stream.cpp:105] Opened result file: ./hwcount/pmc_1/standalone_attn_decode_fetch_size_128_256_160_counter_collection.csv
[m[0;31mE20250902 07:34:53.069938 140129340438272 output_stream.cpp:105] Opened result file: ./hwcount/pmc_1/standalone_attn_decode_fetch_size_128_256_160_agent_info.csv
[m[0;33mW20250902 07:35:02.927684 140129340438272 tool.cpp:1902] rocprofv3_error_signal_handler caught signal 11...
[m# ---- Run standalone_attn_decode_fetch_size_128_512_32 ----
INFO 09-02 07:35:10 [__init__.py:244] Automatically detected platform rocm.
[0;31mE20250902 07:35:29.681681 139818487158528 output_stream.cpp:105] Opened result file: ./hwcount/pmc_1/standalone_attn_decode_fetch_size_128_512_32_counter_collection.csv
[m[0;31mE20250902 07:35:29.691129 139818487158528 output_stream.cpp:105] Opened result file: ./hwcount/pmc_1/standalone_attn_decode_fetch_size_128_512_32_agent_info.csv
[m[0;33mW20250902 07:35:39.199625 139818487158528 tool.cpp:1902] rocprofv3_error_signal_handler caught signal 11...
[m# ---- Run standalone_attn_decode_fetch_size_128_512_160 ----
INFO 09-02 07:35:46 [__init__.py:244] Automatically detected platform rocm.
[0;31mE20250902 07:36:05.626348 140006672508672 output_stream.cpp:105] Opened result file: ./hwcount/pmc_1/standalone_attn_decode_fetch_size_128_512_160_counter_collection.csv
[m[0;31mE20250902 07:36:05.635935 140006672508672 output_stream.cpp:105] Opened result file: ./hwcount/pmc_1/standalone_attn_decode_fetch_size_128_512_160_agent_info.csv
[m[0;33mW20250902 07:36:14.645063 140006672508672 tool.cpp:1902] rocprofv3_error_signal_handler caught signal 11...
[m# ---- Run standalone_attn_decode_fetch_size_128_1024_32 ----
INFO 09-02 07:36:22 [__init__.py:244] Automatically detected platform rocm.
[0;31mE20250902 07:36:41.767356 140340534454016 output_stream.cpp:105] Opened result file: ./hwcount/pmc_1/standalone_attn_decode_fetch_size_128_1024_32_counter_collection.csv
[m[0;31mE20250902 07:36:41.777124 140340534454016 output_stream.cpp:105] Opened result file: ./hwcount/pmc_1/standalone_attn_decode_fetch_size_128_1024_32_agent_info.csv
[m[0;33mW20250902 07:36:51.810610 140340534454016 tool.cpp:1902] rocprofv3_error_signal_handler caught signal 11...
[m# ---- Run standalone_attn_decode_fetch_size_128_1024_160 ----
INFO 09-02 07:36:59 [__init__.py:244] Automatically detected platform rocm.
[0;31mE20250902 07:37:19.050749 139632056334080 output_stream.cpp:105] Opened result file: ./hwcount/pmc_1/standalone_attn_decode_fetch_size_128_1024_160_counter_collection.csv
[m[0;31mE20250902 07:37:19.060698 139632056334080 output_stream.cpp:105] Opened result file: ./hwcount/pmc_1/standalone_attn_decode_fetch_size_128_1024_160_agent_info.csv
[m[0;33mW20250902 07:37:28.477335 139632056334080 tool.cpp:1902] rocprofv3_error_signal_handler caught signal 11...
[m# ---- Run standalone_attn_decode_fetch_size_128_2048_32 ----
INFO 09-02 07:37:35 [__init__.py:244] Automatically detected platform rocm.
[0;31mE20250902 07:37:55.148599 140690894165760 output_stream.cpp:105] Opened result file: ./hwcount/pmc_1/standalone_attn_decode_fetch_size_128_2048_32_counter_collection.csv
[m[0;31mE20250902 07:37:55.158680 140690894165760 output_stream.cpp:105] Opened result file: ./hwcount/pmc_1/standalone_attn_decode_fetch_size_128_2048_32_agent_info.csv
[m[0;33mW20250902 07:38:04.773072 140690894165760 tool.cpp:1902] rocprofv3_error_signal_handler caught signal 11...
[m# ---- Run standalone_attn_decode_fetch_size_128_2048_160 ----
INFO 09-02 07:38:12 [__init__.py:244] Automatically detected platform rocm.
[0;31mE20250902 07:38:31.515852 140457251612416 output_stream.cpp:105] Opened result file: ./hwcount/pmc_1/standalone_attn_decode_fetch_size_128_2048_160_counter_collection.csv
[m[0;31mE20250902 07:38:31.526438 140457251612416 output_stream.cpp:105] Opened result file: ./hwcount/pmc_1/standalone_attn_decode_fetch_size_128_2048_160_agent_info.csv
[m[0;33mW20250902 07:38:41.318468 140457251612416 tool.cpp:1902] rocprofv3_error_signal_handler caught signal 11...
[m# ---- Run standalone_attn_decode_fetch_size_128_4096_32 ----
INFO 09-02 07:38:48 [__init__.py:244] Automatically detected platform rocm.
[0;31mE20250902 07:39:07.415885 139644823189248 output_stream.cpp:105] Opened result file: ./hwcount/pmc_1/standalone_attn_decode_fetch_size_128_4096_32_counter_collection.csv
[m[0;31mE20250902 07:39:07.426076 139644823189248 output_stream.cpp:105] Opened result file: ./hwcount/pmc_1/standalone_attn_decode_fetch_size_128_4096_32_agent_info.csv
[m[0;33mW20250902 07:39:16.766742 139644823189248 tool.cpp:1902] rocprofv3_error_signal_handler caught signal 11...
[m# ---- Run standalone_attn_decode_fetch_size_128_4096_160 ----
INFO 09-02 07:39:24 [__init__.py:244] Automatically detected platform rocm.
[0;31mE20250902 07:39:43.332994 140105965823744 output_stream.cpp:105] Opened result file: ./hwcount/pmc_1/standalone_attn_decode_fetch_size_128_4096_160_counter_collection.csv
[m[0;31mE20250902 07:39:43.342004 140105965823744 output_stream.cpp:105] Opened result file: ./hwcount/pmc_1/standalone_attn_decode_fetch_size_128_4096_160_agent_info.csv
[m[0;33mW20250902 07:39:53.657161 140105965823744 tool.cpp:1902] rocprofv3_error_signal_handler caught signal 11...
[m# ---- Run standalone_attn_decode_fetch_size_128_8192_32 ----
INFO 09-02 07:40:00 [__init__.py:244] Automatically detected platform rocm.
[0;31mE20250902 07:40:19.832475 139729974277888 output_stream.cpp:105] Opened result file: ./hwcount/pmc_1/standalone_attn_decode_fetch_size_128_8192_32_counter_collection.csv
[m[0;31mE20250902 07:40:19.841364 139729974277888 output_stream.cpp:105] Opened result file: ./hwcount/pmc_1/standalone_attn_decode_fetch_size_128_8192_32_agent_info.csv
[m[0;33mW20250902 07:40:29.445752 139729974277888 tool.cpp:1902] rocprofv3_error_signal_handler caught signal 11...
[m# ---- Run standalone_attn_decode_fetch_size_128_8192_160 ----
INFO 09-02 07:40:36 [__init__.py:244] Automatically detected platform rocm.
[0;31mE20250902 07:40:56.838509 140166416881408 output_stream.cpp:105] Opened result file: ./hwcount/pmc_1/standalone_attn_decode_fetch_size_128_8192_160_counter_collection.csv
[m[0;31mE20250902 07:40:56.849204 140166416881408 output_stream.cpp:105] Opened result file: ./hwcount/pmc_1/standalone_attn_decode_fetch_size_128_8192_160_agent_info.csv
[m[0;33mW20250902 07:41:06.377582 140166416881408 tool.cpp:1902] rocprofv3_error_signal_handler caught signal 11...
[m# ---- Run standalone_attn_decode_write_size_1_256_32 ----
INFO 09-02 07:42:55 [__init__.py:244] Automatically detected platform rocm.
[0;31mE20250902 07:43:14.986200 140142391969536 output_stream.cpp:105] Opened result file: ./hwcount/pmc_1/standalone_attn_decode_write_size_1_256_32_counter_collection.csv
[m[0;31mE20250902 07:43:14.996137 140142391969536 output_stream.cpp:105] Opened result file: ./hwcount/pmc_1/standalone_attn_decode_write_size_1_256_32_agent_info.csv
[m[0;33mW20250902 07:43:24.654880 140142391969536 tool.cpp:1902] rocprofv3_error_signal_handler caught signal 11...
[m# ---- Run standalone_attn_decode_write_size_1_256_160 ----
INFO 09-02 07:43:32 [__init__.py:244] Automatically detected platform rocm.
[0;31mE20250902 07:43:51.822154 140243371587328 output_stream.cpp:105] Opened result file: ./hwcount/pmc_1/standalone_attn_decode_write_size_1_256_160_counter_collection.csv
[m[0;31mE20250902 07:43:51.832057 140243371587328 output_stream.cpp:105] Opened result file: ./hwcount/pmc_1/standalone_attn_decode_write_size_1_256_160_agent_info.csv
[m[0;33mW20250902 07:44:01.620251 140243371587328 tool.cpp:1902] rocprofv3_error_signal_handler caught signal 11...
[m# ---- Run standalone_attn_decode_write_size_1_512_32 ----
INFO 09-02 07:44:08 [__init__.py:244] Automatically detected platform rocm.
[0;31mE20250902 07:44:28.388793 140523048445696 output_stream.cpp:105] Opened result file: ./hwcount/pmc_1/standalone_attn_decode_write_size_1_512_32_counter_collection.csv
[m[0;31mE20250902 07:44:28.398824 140523048445696 output_stream.cpp:105] Opened result file: ./hwcount/pmc_1/standalone_attn_decode_write_size_1_512_32_agent_info.csv
[m[0;33mW20250902 07:44:38.053589 140523048445696 tool.cpp:1902] rocprofv3_error_signal_handler caught signal 11...
[m# ---- Run standalone_attn_decode_write_size_1_512_160 ----
INFO 09-02 07:44:44 [__init__.py:244] Automatically detected platform rocm.
[0;31mE20250902 07:45:01.345780 140217409873664 output_stream.cpp:105] Opened result file: ./hwcount/pmc_1/standalone_attn_decode_write_size_1_512_160_counter_collection.csv
[m[0;31mE20250902 07:45:01.354850 140217409873664 output_stream.cpp:105] Opened result file: ./hwcount/pmc_1/standalone_attn_decode_write_size_1_512_160_agent_info.csv
[m[0;33mW20250902 07:45:10.297988 140217409873664 tool.cpp:1902] rocprofv3_error_signal_handler caught signal 11...
[m# ---- Run standalone_attn_decode_write_size_1_1024_32 ----
INFO 09-02 07:45:16 [__init__.py:244] Automatically detected platform rocm.
[0;31mE20250902 07:45:33.872599 140597657564928 output_stream.cpp:105] Opened result file: ./hwcount/pmc_1/standalone_attn_decode_write_size_1_1024_32_counter_collection.csv
[m[0;31mE20250902 07:45:33.881159 140597657564928 output_stream.cpp:105] Opened result file: ./hwcount/pmc_1/standalone_attn_decode_write_size_1_1024_32_agent_info.csv
[m[0;33mW20250902 07:45:42.464376 140597657564928 tool.cpp:1902] rocprofv3_error_signal_handler caught signal 11...
[m# ---- Run standalone_attn_decode_write_size_1_1024_160 ----
INFO 09-02 07:45:48 [__init__.py:244] Automatically detected platform rocm.
[0;31mE20250902 07:46:05.439588 140514949670656 output_stream.cpp:105] Opened result file: ./hwcount/pmc_1/standalone_attn_decode_write_size_1_1024_160_counter_collection.csv
[m[0;31mE20250902 07:46:05.448143 140514949670656 output_stream.cpp:105] Opened result file: ./hwcount/pmc_1/standalone_attn_decode_write_size_1_1024_160_agent_info.csv
[m[0;33mW20250902 07:46:14.309612 140514949670656 tool.cpp:1902] rocprofv3_error_signal_handler caught signal 11...
[m# ---- Run standalone_attn_decode_write_size_1_2048_32 ----
INFO 09-02 07:46:20 [__init__.py:244] Automatically detected platform rocm.
[0;31mE20250902 07:46:37.415234 139688978863872 output_stream.cpp:105] Opened result file: ./hwcount/pmc_1/standalone_attn_decode_write_size_1_2048_32_counter_collection.csv
[m[0;31mE20250902 07:46:37.423522 139688978863872 output_stream.cpp:105] Opened result file: ./hwcount/pmc_1/standalone_attn_decode_write_size_1_2048_32_agent_info.csv
[m[0;33mW20250902 07:46:45.809151 139688978863872 tool.cpp:1902] rocprofv3_error_signal_handler caught signal 11...
[m# ---- Run standalone_attn_decode_write_size_1_2048_160 ----
INFO 09-02 07:46:52 [__init__.py:244] Automatically detected platform rocm.
[0;31mE20250902 07:47:09.095273 140421279667968 output_stream.cpp:105] Opened result file: ./hwcount/pmc_1/standalone_attn_decode_write_size_1_2048_160_counter_collection.csv
[m[0;31mE20250902 07:47:09.104521 140421279667968 output_stream.cpp:105] Opened result file: ./hwcount/pmc_1/standalone_attn_decode_write_size_1_2048_160_agent_info.csv
[m[0;33mW20250902 07:47:17.496977 140421279667968 tool.cpp:1902] rocprofv3_error_signal_handler caught signal 11...
[m# ---- Run standalone_attn_decode_write_size_1_4096_32 ----
INFO 09-02 07:47:23 [__init__.py:244] Automatically detected platform rocm.
[0;31mE20250902 07:47:40.398830 139954646251264 output_stream.cpp:105] Opened result file: ./hwcount/pmc_1/standalone_attn_decode_write_size_1_4096_32_counter_collection.csv
[m[0;31mE20250902 07:47:40.407568 139954646251264 output_stream.cpp:105] Opened result file: ./hwcount/pmc_1/standalone_attn_decode_write_size_1_4096_32_agent_info.csv
[m[0;33mW20250902 07:47:49.278362 139954646251264 tool.cpp:1902] rocprofv3_error_signal_handler caught signal 11...
[m# ---- Run standalone_attn_decode_write_size_1_4096_160 ----
INFO 09-02 07:47:55 [__init__.py:244] Automatically detected platform rocm.
[0;31mE20250902 07:48:12.244371 140388884846336 output_stream.cpp:105] Opened result file: ./hwcount/pmc_1/standalone_attn_decode_write_size_1_4096_160_counter_collection.csv
[m[0;31mE20250902 07:48:12.253090 140388884846336 output_stream.cpp:105] Opened result file: ./hwcount/pmc_1/standalone_attn_decode_write_size_1_4096_160_agent_info.csv
[m[0;33mW20250902 07:48:20.943039 140388884846336 tool.cpp:1902] rocprofv3_error_signal_handler caught signal 11...
[m# ---- Run standalone_attn_decode_write_size_1_8192_32 ----
INFO 09-02 07:48:25 [__init__.py:244] Automatically detected platform rocm.
[0;31mE20250902 07:48:40.467832 139974952900352 output_stream.cpp:105] Opened result file: ./hwcount/pmc_1/standalone_attn_decode_write_size_1_8192_32_counter_collection.csv
[m[0;31mE20250902 07:48:40.476351 139974952900352 output_stream.cpp:105] Opened result file: ./hwcount/pmc_1/standalone_attn_decode_write_size_1_8192_32_agent_info.csv
[m[0;33mW20250902 07:48:49.555351 139974952900352 tool.cpp:1902] rocprofv3_error_signal_handler caught signal 11...
[m# ---- Run standalone_attn_decode_write_size_1_8192_160 ----
INFO 09-02 07:48:54 [__init__.py:244] Automatically detected platform rocm.
[0;31mE20250902 07:49:09.075312 140706908247808 output_stream.cpp:105] Opened result file: ./hwcount/pmc_1/standalone_attn_decode_write_size_1_8192_160_counter_collection.csv
[m[0;31mE20250902 07:49:09.083843 140706908247808 output_stream.cpp:105] Opened result file: ./hwcount/pmc_1/standalone_attn_decode_write_size_1_8192_160_agent_info.csv
[m[0;33mW20250902 07:49:18.293651 140706908247808 tool.cpp:1902] rocprofv3_error_signal_handler caught signal 11...
[m# ---- Run standalone_attn_decode_write_size_2_256_32 ----
INFO 09-02 07:49:23 [__init__.py:244] Automatically detected platform rocm.
[0;31mE20250902 07:49:37.705560 139992302307072 output_stream.cpp:105] Opened result file: ./hwcount/pmc_1/standalone_attn_decode_write_size_2_256_32_counter_collection.csv
[m[0;31mE20250902 07:49:37.713962 139992302307072 output_stream.cpp:105] Opened result file: ./hwcount/pmc_1/standalone_attn_decode_write_size_2_256_32_agent_info.csv
[m[0;33mW20250902 07:49:47.149977 139992302307072 tool.cpp:1902] rocprofv3_error_signal_handler caught signal 11...
[m# ---- Run standalone_attn_decode_write_size_2_256_160 ----
INFO 09-02 07:49:51 [__init__.py:244] Automatically detected platform rocm.
[0;31mE20250902 07:50:06.595342 140241647486720 output_stream.cpp:105] Opened result file: ./hwcount/pmc_1/standalone_attn_decode_write_size_2_256_160_counter_collection.csv
[m[0;31mE20250902 07:50:06.603724 140241647486720 output_stream.cpp:105] Opened result file: ./hwcount/pmc_1/standalone_attn_decode_write_size_2_256_160_agent_info.csv
[m[0;33mW20250902 07:50:15.526219 140241647486720 tool.cpp:1902] rocprofv3_error_signal_handler caught signal 11...
[m# ---- Run standalone_attn_decode_write_size_2_512_32 ----
INFO 09-02 07:50:20 [__init__.py:244] Automatically detected platform rocm.
[0;31mE20250902 07:50:35.067902 139784716355328 output_stream.cpp:105] Opened result file: ./hwcount/pmc_1/standalone_attn_decode_write_size_2_512_32_counter_collection.csv
[m[0;31mE20250902 07:50:35.076478 139784716355328 output_stream.cpp:105] Opened result file: ./hwcount/pmc_1/standalone_attn_decode_write_size_2_512_32_agent_info.csv
[m[0;33mW20250902 07:50:44.438574 139784716355328 tool.cpp:1902] rocprofv3_error_signal_handler caught signal 11...
[m# ---- Run standalone_attn_decode_write_size_2_512_160 ----
INFO 09-02 07:50:49 [__init__.py:244] Automatically detected platform rocm.
[0;31mE20250902 07:51:03.565049 140689567979264 output_stream.cpp:105] Opened result file: ./hwcount/pmc_1/standalone_attn_decode_write_size_2_512_160_counter_collection.csv
[m[0;31mE20250902 07:51:03.573673 140689567979264 output_stream.cpp:105] Opened result file: ./hwcount/pmc_1/standalone_attn_decode_write_size_2_512_160_agent_info.csv
[m[0;33mW20250902 07:51:12.431348 140689567979264 tool.cpp:1902] rocprofv3_error_signal_handler caught signal 11...
[m# ---- Run standalone_attn_decode_write_size_2_1024_32 ----
INFO 09-02 07:51:17 [__init__.py:244] Automatically detected platform rocm.
[0;31mE20250902 07:51:31.862972 139764252333824 output_stream.cpp:105] Opened result file: ./hwcount/pmc_1/standalone_attn_decode_write_size_2_1024_32_counter_collection.csv
[m[0;31mE20250902 07:51:31.871411 139764252333824 output_stream.cpp:105] Opened result file: ./hwcount/pmc_1/standalone_attn_decode_write_size_2_1024_32_agent_info.csv
[m[0;33mW20250902 07:51:40.641643 139764252333824 tool.cpp:1902] rocprofv3_error_signal_handler caught signal 11...
[m# ---- Run standalone_attn_decode_write_size_2_1024_160 ----
INFO 09-02 07:51:45 [__init__.py:244] Automatically detected platform rocm.
[0;31mE20250902 07:52:00.100255 140629535151872 output_stream.cpp:105] Opened result file: ./hwcount/pmc_1/standalone_attn_decode_write_size_2_1024_160_counter_collection.csv
[m[0;31mE20250902 07:52:00.108704 140629535151872 output_stream.cpp:105] Opened result file: ./hwcount/pmc_1/standalone_attn_decode_write_size_2_1024_160_agent_info.csv
[m[0;33mW20250902 07:52:09.301960 140629535151872 tool.cpp:1902] rocprofv3_error_signal_handler caught signal 11...
[m# ---- Run standalone_attn_decode_write_size_2_2048_32 ----
INFO 09-02 07:52:14 [__init__.py:244] Automatically detected platform rocm.
[0;31mE20250902 07:52:28.671428 140440730720000 output_stream.cpp:105] Opened result file: ./hwcount/pmc_1/standalone_attn_decode_write_size_2_2048_32_counter_collection.csv
[m[0;31mE20250902 07:52:28.679907 140440730720000 output_stream.cpp:105] Opened result file: ./hwcount/pmc_1/standalone_attn_decode_write_size_2_2048_32_agent_info.csv
[m[0;33mW20250902 07:52:38.033181 140440730720000 tool.cpp:1902] rocprofv3_error_signal_handler caught signal 11...
[m# ---- Run standalone_attn_decode_write_size_2_2048_160 ----
INFO 09-02 07:52:42 [__init__.py:244] Automatically detected platform rocm.
[0;31mE20250902 07:52:57.441164 140493044545280 output_stream.cpp:105] Opened result file: ./hwcount/pmc_1/standalone_attn_decode_write_size_2_2048_160_counter_collection.csv
[m[0;31mE20250902 07:52:57.449643 140493044545280 output_stream.cpp:105] Opened result file: ./hwcount/pmc_1/standalone_attn_decode_write_size_2_2048_160_agent_info.csv
[m[0;33mW20250902 07:53:06.314467 140493044545280 tool.cpp:1902] rocprofv3_error_signal_handler caught signal 11...
[m# ---- Run standalone_attn_decode_write_size_2_4096_32 ----
INFO 09-02 07:53:11 [__init__.py:244] Automatically detected platform rocm.
[0;31mE20250902 07:53:25.700949 140347433248512 output_stream.cpp:105] Opened result file: ./hwcount/pmc_1/standalone_attn_decode_write_size_2_4096_32_counter_collection.csv
[m[0;31mE20250902 07:53:25.709379 140347433248512 output_stream.cpp:105] Opened result file: ./hwcount/pmc_1/standalone_attn_decode_write_size_2_4096_32_agent_info.csv
[m[0;33mW20250902 07:53:34.261329 140347433248512 tool.cpp:1902] rocprofv3_error_signal_handler caught signal 11...
[m# ---- Run standalone_attn_decode_write_size_2_4096_160 ----
INFO 09-02 07:53:39 [__init__.py:244] Automatically detected platform rocm.
[0;31mE20250902 07:53:53.769989 139694808618752 output_stream.cpp:105] Opened result file: ./hwcount/pmc_1/standalone_attn_decode_write_size_2_4096_160_counter_collection.csv
[m[0;31mE20250902 07:53:53.778512 139694808618752 output_stream.cpp:105] Opened result file: ./hwcount/pmc_1/standalone_attn_decode_write_size_2_4096_160_agent_info.csv
[m[0;33mW20250902 07:54:02.931444 139694808618752 tool.cpp:1902] rocprofv3_error_signal_handler caught signal 11...
[m# ---- Run standalone_attn_decode_write_size_2_8192_32 ----
INFO 09-02 07:54:07 [__init__.py:244] Automatically detected platform rocm.
[0;31mE20250902 07:54:22.185949 140564899907328 output_stream.cpp:105] Opened result file: ./hwcount/pmc_1/standalone_attn_decode_write_size_2_8192_32_counter_collection.csv
[m[0;31mE20250902 07:54:22.194439 140564899907328 output_stream.cpp:105] Opened result file: ./hwcount/pmc_1/standalone_attn_decode_write_size_2_8192_32_agent_info.csv
[m[0;33mW20250902 07:54:31.567695 140564899907328 tool.cpp:1902] rocprofv3_error_signal_handler caught signal 11...
[m# ---- Run standalone_attn_decode_write_size_2_8192_160 ----
INFO 09-02 07:54:36 [__init__.py:244] Automatically detected platform rocm.
[0;31mE20250902 07:54:51.760755 140364316256000 output_stream.cpp:105] Opened result file: ./hwcount/pmc_1/standalone_attn_decode_write_size_2_8192_160_counter_collection.csv
[m[0;31mE20250902 07:54:51.769284 140364316256000 output_stream.cpp:105] Opened result file: ./hwcount/pmc_1/standalone_attn_decode_write_size_2_8192_160_agent_info.csv
[m[0;33mW20250902 07:55:01.181009 140364316256000 tool.cpp:1902] rocprofv3_error_signal_handler caught signal 11...
[m# ---- Run standalone_attn_decode_write_size_4_256_32 ----
INFO 09-02 07:55:06 [__init__.py:244] Automatically detected platform rocm.
[0;31mE20250902 07:55:20.683123 139634558961408 output_stream.cpp:105] Opened result file: ./hwcount/pmc_1/standalone_attn_decode_write_size_4_256_32_counter_collection.csv
[m[0;31mE20250902 07:55:20.691568 139634558961408 output_stream.cpp:105] Opened result file: ./hwcount/pmc_1/standalone_attn_decode_write_size_4_256_32_agent_info.csv
[m[0;33mW20250902 07:55:29.522815 139634558961408 tool.cpp:1902] rocprofv3_error_signal_handler caught signal 11...
[m# ---- Run standalone_attn_decode_write_size_4_256_160 ----
INFO 09-02 07:55:34 [__init__.py:244] Automatically detected platform rocm.
[0;31mE20250902 07:55:48.986114 139832938551040 output_stream.cpp:105] Opened result file: ./hwcount/pmc_1/standalone_attn_decode_write_size_4_256_160_counter_collection.csv
[m[0;31mE20250902 07:55:48.994498 139832938551040 output_stream.cpp:105] Opened result file: ./hwcount/pmc_1/standalone_attn_decode_write_size_4_256_160_agent_info.csv
[m[0;33mW20250902 07:55:58.524707 139832938551040 tool.cpp:1902] rocprofv3_error_signal_handler caught signal 11...
[m# ---- Run standalone_attn_decode_write_size_4_512_32 ----
INFO 09-02 07:56:03 [__init__.py:244] Automatically detected platform rocm.
[0;31mE20250902 07:56:18.472596 140432995686144 output_stream.cpp:105] Opened result file: ./hwcount/pmc_1/standalone_attn_decode_write_size_4_512_32_counter_collection.csv
[m[0;31mE20250902 07:56:18.481130 140432995686144 output_stream.cpp:105] Opened result file: ./hwcount/pmc_1/standalone_attn_decode_write_size_4_512_32_agent_info.csv
[m[0;33mW20250902 07:56:27.674091 140432995686144 tool.cpp:1902] rocprofv3_error_signal_handler caught signal 11...
[m# ---- Run standalone_attn_decode_write_size_4_512_160 ----
INFO 09-02 07:56:32 [__init__.py:244] Automatically detected platform rocm.
[0;31mE20250902 07:56:47.216497 140704338855680 output_stream.cpp:105] Opened result file: ./hwcount/pmc_1/standalone_attn_decode_write_size_4_512_160_counter_collection.csv
[m[0;31mE20250902 07:56:47.225006 140704338855680 output_stream.cpp:105] Opened result file: ./hwcount/pmc_1/standalone_attn_decode_write_size_4_512_160_agent_info.csv
[m[0;33mW20250902 07:56:56.159630 140704338855680 tool.cpp:1902] rocprofv3_error_signal_handler caught signal 11...
[m# ---- Run standalone_attn_decode_write_size_4_1024_32 ----
INFO 09-02 07:57:00 [__init__.py:244] Automatically detected platform rocm.
[0;31mE20250902 07:57:15.447111 139664690284288 output_stream.cpp:105] Opened result file: ./hwcount/pmc_1/standalone_attn_decode_write_size_4_1024_32_counter_collection.csv
[m[0;31mE20250902 07:57:15.455492 139664690284288 output_stream.cpp:105] Opened result file: ./hwcount/pmc_1/standalone_attn_decode_write_size_4_1024_32_agent_info.csv
[m[0;33mW20250902 07:57:23.807567 139664690284288 tool.cpp:1902] rocprofv3_error_signal_handler caught signal 11...
[m# ---- Run standalone_attn_decode_write_size_4_1024_160 ----
INFO 09-02 07:57:28 [__init__.py:244] Automatically detected platform rocm.
[0;31mE20250902 07:57:43.240108 139958049933056 output_stream.cpp:105] Opened result file: ./hwcount/pmc_1/standalone_attn_decode_write_size_4_1024_160_counter_collection.csv
[m[0;31mE20250902 07:57:43.248583 139958049933056 output_stream.cpp:105] Opened result file: ./hwcount/pmc_1/standalone_attn_decode_write_size_4_1024_160_agent_info.csv
[m[0;33mW20250902 07:57:52.416040 139958049933056 tool.cpp:1902] rocprofv3_error_signal_handler caught signal 11...
[m# ---- Run standalone_attn_decode_write_size_4_2048_32 ----
INFO 09-02 07:57:57 [__init__.py:244] Automatically detected platform rocm.
[0;31mE20250902 07:58:11.634299 140555898664704 output_stream.cpp:105] Opened result file: ./hwcount/pmc_1/standalone_attn_decode_write_size_4_2048_32_counter_collection.csv
[m[0;31mE20250902 07:58:11.642674 140555898664704 output_stream.cpp:105] Opened result file: ./hwcount/pmc_1/standalone_attn_decode_write_size_4_2048_32_agent_info.csv
[m[0;33mW20250902 07:58:19.916047 140555898664704 tool.cpp:1902] rocprofv3_error_signal_handler caught signal 11...
[m# ---- Run standalone_attn_decode_write_size_4_2048_160 ----
INFO 09-02 07:58:24 [__init__.py:244] Automatically detected platform rocm.
[0;31mE20250902 07:58:39.428850 140570173064960 output_stream.cpp:105] Opened result file: ./hwcount/pmc_1/standalone_attn_decode_write_size_4_2048_160_counter_collection.csv
[m[0;31mE20250902 07:58:39.437086 140570173064960 output_stream.cpp:105] Opened result file: ./hwcount/pmc_1/standalone_attn_decode_write_size_4_2048_160_agent_info.csv
[m[0;33mW20250902 07:58:48.597226 140570173064960 tool.cpp:1902] rocprofv3_error_signal_handler caught signal 11...
[m# ---- Run standalone_attn_decode_write_size_4_4096_32 ----
INFO 09-02 07:58:53 [__init__.py:244] Automatically detected platform rocm.
[0;31mE20250902 07:59:08.120279 140144077657856 output_stream.cpp:105] Opened result file: ./hwcount/pmc_1/standalone_attn_decode_write_size_4_4096_32_counter_collection.csv
[m[0;31mE20250902 07:59:08.128567 140144077657856 output_stream.cpp:105] Opened result file: ./hwcount/pmc_1/standalone_attn_decode_write_size_4_4096_32_agent_info.csv
[m[0;33mW20250902 07:59:17.428762 140144077657856 tool.cpp:1902] rocprofv3_error_signal_handler caught signal 11...
[m# ---- Run standalone_attn_decode_write_size_4_4096_160 ----
INFO 09-02 07:59:22 [__init__.py:244] Automatically detected platform rocm.
[0;31mE20250902 07:59:36.974805 140324447160064 output_stream.cpp:105] Opened result file: ./hwcount/pmc_1/standalone_attn_decode_write_size_4_4096_160_counter_collection.csv
[m[0;31mE20250902 07:59:36.982908 140324447160064 output_stream.cpp:105] Opened result file: ./hwcount/pmc_1/standalone_attn_decode_write_size_4_4096_160_agent_info.csv
[m[0;33mW20250902 07:59:46.359723 140324447160064 tool.cpp:1902] rocprofv3_error_signal_handler caught signal 11...
[m# ---- Run standalone_attn_decode_write_size_4_8192_32 ----
INFO 09-02 07:59:51 [__init__.py:244] Automatically detected platform rocm.
[0;31mE20250902 08:00:05.938147 139851074569984 output_stream.cpp:105] Opened result file: ./hwcount/pmc_1/standalone_attn_decode_write_size_4_8192_32_counter_collection.csv
[m[0;31mE20250902 08:00:05.946388 139851074569984 output_stream.cpp:105] Opened result file: ./hwcount/pmc_1/standalone_attn_decode_write_size_4_8192_32_agent_info.csv
[m[0;33mW20250902 08:00:15.475025 139851074569984 tool.cpp:1902] rocprofv3_error_signal_handler caught signal 11...
[m# ---- Run standalone_attn_decode_write_size_4_8192_160 ----
INFO 09-02 08:00:20 [__init__.py:244] Automatically detected platform rocm.
[0;31mE20250902 08:00:35.128136 140382863603456 output_stream.cpp:105] Opened result file: ./hwcount/pmc_1/standalone_attn_decode_write_size_4_8192_160_counter_collection.csv
[m[0;31mE20250902 08:00:35.136275 140382863603456 output_stream.cpp:105] Opened result file: ./hwcount/pmc_1/standalone_attn_decode_write_size_4_8192_160_agent_info.csv
[m[0;33mW20250902 08:00:44.432133 140382863603456 tool.cpp:1902] rocprofv3_error_signal_handler caught signal 11...
[m# ---- Run standalone_attn_decode_write_size_8_256_32 ----
INFO 09-02 08:00:49 [__init__.py:244] Automatically detected platform rocm.
[0;31mE20250902 08:01:04.080215 140429305603840 output_stream.cpp:105] Opened result file: ./hwcount/pmc_1/standalone_attn_decode_write_size_8_256_32_counter_collection.csv
[m[0;31mE20250902 08:01:04.088387 140429305603840 output_stream.cpp:105] Opened result file: ./hwcount/pmc_1/standalone_attn_decode_write_size_8_256_32_agent_info.csv
[m[0;33mW20250902 08:01:13.028554 140429305603840 tool.cpp:1902] rocprofv3_error_signal_handler caught signal 11...
[m# ---- Run standalone_attn_decode_write_size_8_256_160 ----
INFO 09-02 08:01:17 [__init__.py:244] Automatically detected platform rocm.
[0;31mE20250902 08:01:32.640239 140626718820096 output_stream.cpp:105] Opened result file: ./hwcount/pmc_1/standalone_attn_decode_write_size_8_256_160_counter_collection.csv
[m[0;31mE20250902 08:01:32.648529 140626718820096 output_stream.cpp:105] Opened result file: ./hwcount/pmc_1/standalone_attn_decode_write_size_8_256_160_agent_info.csv
[m[0;33mW20250902 08:01:41.677504 140626718820096 tool.cpp:1902] rocprofv3_error_signal_handler caught signal 11...
[m# ---- Run standalone_attn_decode_write_size_8_512_32 ----
INFO 09-02 08:01:46 [__init__.py:244] Automatically detected platform rocm.
[0;31mE20250902 08:02:01.260164 140039209174784 output_stream.cpp:105] Opened result file: ./hwcount/pmc_1/standalone_attn_decode_write_size_8_512_32_counter_collection.csv
[m[0;31mE20250902 08:02:01.268116 140039209174784 output_stream.cpp:105] Opened result file: ./hwcount/pmc_1/standalone_attn_decode_write_size_8_512_32_agent_info.csv
[m[0;33mW20250902 08:02:10.755529 140039209174784 tool.cpp:1902] rocprofv3_error_signal_handler caught signal 11...
[m# ---- Run standalone_attn_decode_write_size_8_512_160 ----
INFO 09-02 08:02:15 [__init__.py:244] Automatically detected platform rocm.
[0;31mE20250902 08:02:30.240658 139987913119488 output_stream.cpp:105] Opened result file: ./hwcount/pmc_1/standalone_attn_decode_write_size_8_512_160_counter_collection.csv
[m[0;31mE20250902 08:02:30.249061 139987913119488 output_stream.cpp:105] Opened result file: ./hwcount/pmc_1/standalone_attn_decode_write_size_8_512_160_agent_info.csv
[m[0;33mW20250902 08:02:39.258004 139987913119488 tool.cpp:1902] rocprofv3_error_signal_handler caught signal 11...
[m# ---- Run standalone_attn_decode_write_size_8_1024_32 ----
INFO 09-02 08:02:44 [__init__.py:244] Automatically detected platform rocm.
[0;31mE20250902 08:02:58.723483 140207237715712 output_stream.cpp:105] Opened result file: ./hwcount/pmc_1/standalone_attn_decode_write_size_8_1024_32_counter_collection.csv
[m[0;31mE20250902 08:02:58.731192 140207237715712 output_stream.cpp:105] Opened result file: ./hwcount/pmc_1/standalone_attn_decode_write_size_8_1024_32_agent_info.csv
[m[0;33mW20250902 08:03:08.231306 140207237715712 tool.cpp:1902] rocprofv3_error_signal_handler caught signal 11...
[m# ---- Run standalone_attn_decode_write_size_8_1024_160 ----
INFO 09-02 08:03:13 [__init__.py:244] Automatically detected platform rocm.
[0;31mE20250902 08:03:27.821728 140693998593792 output_stream.cpp:105] Opened result file: ./hwcount/pmc_1/standalone_attn_decode_write_size_8_1024_160_counter_collection.csv
[m[0;31mE20250902 08:03:27.830047 140693998593792 output_stream.cpp:105] Opened result file: ./hwcount/pmc_1/standalone_attn_decode_write_size_8_1024_160_agent_info.csv
[m[0;33mW20250902 08:03:37.273386 140693998593792 tool.cpp:1902] rocprofv3_error_signal_handler caught signal 11...
[m# ---- Run standalone_attn_decode_write_size_8_2048_32 ----
INFO 09-02 08:03:42 [__init__.py:244] Automatically detected platform rocm.
[0;31mE20250902 08:03:56.900723 140096023123712 output_stream.cpp:105] Opened result file: ./hwcount/pmc_1/standalone_attn_decode_write_size_8_2048_32_counter_collection.csv
[m[0;31mE20250902 08:03:56.908854 140096023123712 output_stream.cpp:105] Opened result file: ./hwcount/pmc_1/standalone_attn_decode_write_size_8_2048_32_agent_info.csv
[m[0;33mW20250902 08:04:06.321987 140096023123712 tool.cpp:1902] rocprofv3_error_signal_handler caught signal 11...
[m# ---- Run standalone_attn_decode_write_size_8_2048_160 ----
INFO 09-02 08:04:11 [__init__.py:244] Automatically detected platform rocm.
[0;31mE20250902 08:04:25.860931 140313056569088 output_stream.cpp:105] Opened result file: ./hwcount/pmc_1/standalone_attn_decode_write_size_8_2048_160_counter_collection.csv
[m[0;31mE20250902 08:04:25.868951 140313056569088 output_stream.cpp:105] Opened result file: ./hwcount/pmc_1/standalone_attn_decode_write_size_8_2048_160_agent_info.csv
[m[0;33mW20250902 08:04:34.696894 140313056569088 tool.cpp:1902] rocprofv3_error_signal_handler caught signal 11...
[m# ---- Run standalone_attn_decode_write_size_8_4096_32 ----
INFO 09-02 08:04:39 [__init__.py:244] Automatically detected platform rocm.
[0;31mE20250902 08:04:54.361790 139958372161280 output_stream.cpp:105] Opened result file: ./hwcount/pmc_1/standalone_attn_decode_write_size_8_4096_32_counter_collection.csv
[m[0;31mE20250902 08:04:54.369711 139958372161280 output_stream.cpp:105] Opened result file: ./hwcount/pmc_1/standalone_attn_decode_write_size_8_4096_32_agent_info.csv
[m[0;33mW20250902 08:05:03.702493 139958372161280 tool.cpp:1902] rocprofv3_error_signal_handler caught signal 11...
[m# ---- Run standalone_attn_decode_write_size_8_4096_160 ----
INFO 09-02 08:05:08 [__init__.py:244] Automatically detected platform rocm.
[0;31mE20250902 08:05:23.331253 139626165503744 output_stream.cpp:105] Opened result file: ./hwcount/pmc_1/standalone_attn_decode_write_size_8_4096_160_counter_collection.csv
[m[0;31mE20250902 08:05:23.339288 139626165503744 output_stream.cpp:105] Opened result file: ./hwcount/pmc_1/standalone_attn_decode_write_size_8_4096_160_agent_info.csv
[m[0;33mW20250902 08:05:31.861538 139626165503744 tool.cpp:1902] rocprofv3_error_signal_handler caught signal 11...
[m# ---- Run standalone_attn_decode_write_size_8_8192_32 ----
INFO 09-02 08:05:36 [__init__.py:244] Automatically detected platform rocm.
[0;31mE20250902 08:05:51.581285 139942052235008 output_stream.cpp:105] Opened result file: ./hwcount/pmc_1/standalone_attn_decode_write_size_8_8192_32_counter_collection.csv
[m[0;31mE20250902 08:05:51.589366 139942052235008 output_stream.cpp:105] Opened result file: ./hwcount/pmc_1/standalone_attn_decode_write_size_8_8192_32_agent_info.csv
[m[0;33mW20250902 08:06:00.355324 139942052235008 tool.cpp:1902] rocprofv3_error_signal_handler caught signal 11...
[m# ---- Run standalone_attn_decode_write_size_8_8192_160 ----
INFO 09-02 08:06:05 [__init__.py:244] Automatically detected platform rocm.
[0;31mE20250902 08:06:19.997455 139969589622528 output_stream.cpp:105] Opened result file: ./hwcount/pmc_1/standalone_attn_decode_write_size_8_8192_160_counter_collection.csv
[m[0;31mE20250902 08:06:20.005384 139969589622528 output_stream.cpp:105] Opened result file: ./hwcount/pmc_1/standalone_attn_decode_write_size_8_8192_160_agent_info.csv
[m[0;33mW20250902 08:06:28.823643 139969589622528 tool.cpp:1902] rocprofv3_error_signal_handler caught signal 11...
[m# ---- Run standalone_attn_decode_write_size_16_256_32 ----
INFO 09-02 08:06:33 [__init__.py:244] Automatically detected platform rocm.
[0;31mE20250902 08:06:48.317191 140521995654912 output_stream.cpp:105] Opened result file: ./hwcount/pmc_1/standalone_attn_decode_write_size_16_256_32_counter_collection.csv
[m[0;31mE20250902 08:06:48.325080 140521995654912 output_stream.cpp:105] Opened result file: ./hwcount/pmc_1/standalone_attn_decode_write_size_16_256_32_agent_info.csv
[m[0;33mW20250902 08:06:57.051696 140521995654912 tool.cpp:1902] rocprofv3_error_signal_handler caught signal 11...
[m# ---- Run standalone_attn_decode_write_size_16_256_160 ----
INFO 09-02 08:07:01 [__init__.py:244] Automatically detected platform rocm.
[0;31mE20250902 08:07:16.641429 140410985178880 output_stream.cpp:105] Opened result file: ./hwcount/pmc_1/standalone_attn_decode_write_size_16_256_160_counter_collection.csv
[m[0;31mE20250902 08:07:16.649418 140410985178880 output_stream.cpp:105] Opened result file: ./hwcount/pmc_1/standalone_attn_decode_write_size_16_256_160_agent_info.csv
[m[0;33mW20250902 08:07:25.385253 140410985178880 tool.cpp:1902] rocprofv3_error_signal_handler caught signal 11...
[m# ---- Run standalone_attn_decode_write_size_16_512_32 ----
INFO 09-02 08:07:30 [__init__.py:244] Automatically detected platform rocm.
[0;31mE20250902 08:07:44.947130 140670773540608 output_stream.cpp:105] Opened result file: ./hwcount/pmc_1/standalone_attn_decode_write_size_16_512_32_counter_collection.csv
[m[0;31mE20250902 08:07:44.955100 140670773540608 output_stream.cpp:105] Opened result file: ./hwcount/pmc_1/standalone_attn_decode_write_size_16_512_32_agent_info.csv
[m[0;33mW20250902 08:07:54.347007 140670773540608 tool.cpp:1902] rocprofv3_error_signal_handler caught signal 11...
[m# ---- Run standalone_attn_decode_write_size_16_512_160 ----
INFO 09-02 08:07:59 [__init__.py:244] Automatically detected platform rocm.
[0;31mE20250902 08:08:13.988460 139783359596288 output_stream.cpp:105] Opened result file: ./hwcount/pmc_1/standalone_attn_decode_write_size_16_512_160_counter_collection.csv
[m[0;31mE20250902 08:08:13.996669 139783359596288 output_stream.cpp:105] Opened result file: ./hwcount/pmc_1/standalone_attn_decode_write_size_16_512_160_agent_info.csv
[m[0;33mW20250902 08:08:23.302968 139783359596288 tool.cpp:1902] rocprofv3_error_signal_handler caught signal 11...
[m# ---- Run standalone_attn_decode_write_size_16_1024_32 ----
INFO 09-02 08:08:28 [__init__.py:244] Automatically detected platform rocm.
[0;31mE20250902 08:08:43.083878 140381838157568 output_stream.cpp:105] Opened result file: ./hwcount/pmc_1/standalone_attn_decode_write_size_16_1024_32_counter_collection.csv
[m[0;31mE20250902 08:08:43.091913 140381838157568 output_stream.cpp:105] Opened result file: ./hwcount/pmc_1/standalone_attn_decode_write_size_16_1024_32_agent_info.csv
[m[0;33mW20250902 08:08:52.600782 140381838157568 tool.cpp:1902] rocprofv3_error_signal_handler caught signal 11...
[m# ---- Run standalone_attn_decode_write_size_16_1024_160 ----
INFO 09-02 08:08:57 [__init__.py:244] Automatically detected platform rocm.
[0;31mE20250902 08:09:12.165335 140714496947968 output_stream.cpp:105] Opened result file: ./hwcount/pmc_1/standalone_attn_decode_write_size_16_1024_160_counter_collection.csv
[m[0;31mE20250902 08:09:12.173370 140714496947968 output_stream.cpp:105] Opened result file: ./hwcount/pmc_1/standalone_attn_decode_write_size_16_1024_160_agent_info.csv
[m[0;33mW20250902 08:09:21.598419 140714496947968 tool.cpp:1902] rocprofv3_error_signal_handler caught signal 11...
[m# ---- Run standalone_attn_decode_write_size_16_2048_32 ----
INFO 09-02 08:09:26 [__init__.py:244] Automatically detected platform rocm.
[0;31mE20250902 08:09:41.217510 139969341429504 output_stream.cpp:105] Opened result file: ./hwcount/pmc_1/standalone_attn_decode_write_size_16_2048_32_counter_collection.csv
[m[0;31mE20250902 08:09:41.225626 139969341429504 output_stream.cpp:105] Opened result file: ./hwcount/pmc_1/standalone_attn_decode_write_size_16_2048_32_agent_info.csv
[m[0;33mW20250902 08:09:50.498875 139969341429504 tool.cpp:1902] rocprofv3_error_signal_handler caught signal 11...
[m# ---- Run standalone_attn_decode_write_size_16_2048_160 ----
INFO 09-02 08:09:55 [__init__.py:244] Automatically detected platform rocm.
[0;31mE20250902 08:10:09.883562 140088344086272 output_stream.cpp:105] Opened result file: ./hwcount/pmc_1/standalone_attn_decode_write_size_16_2048_160_counter_collection.csv
[m[0;31mE20250902 08:10:09.891723 140088344086272 output_stream.cpp:105] Opened result file: ./hwcount/pmc_1/standalone_attn_decode_write_size_16_2048_160_agent_info.csv
[m[0;33mW20250902 08:10:18.771228 140088344086272 tool.cpp:1902] rocprofv3_error_signal_handler caught signal 11...
[m# ---- Run standalone_attn_decode_write_size_16_4096_32 ----
INFO 09-02 08:10:23 [__init__.py:244] Automatically detected platform rocm.
[0;31mE20250902 08:10:38.292122 140152403969792 output_stream.cpp:105] Opened result file: ./hwcount/pmc_1/standalone_attn_decode_write_size_16_4096_32_counter_collection.csv
[m[0;31mE20250902 08:10:38.300430 140152403969792 output_stream.cpp:105] Opened result file: ./hwcount/pmc_1/standalone_attn_decode_write_size_16_4096_32_agent_info.csv
[m[0;33mW20250902 08:10:47.237635 140152403969792 tool.cpp:1902] rocprofv3_error_signal_handler caught signal 11...
[m# ---- Run standalone_attn_decode_write_size_16_4096_160 ----
INFO 09-02 08:10:52 [__init__.py:244] Automatically detected platform rocm.
[0;31mE20250902 08:11:06.694777 140034603345664 output_stream.cpp:105] Opened result file: ./hwcount/pmc_1/standalone_attn_decode_write_size_16_4096_160_counter_collection.csv
[m[0;31mE20250902 08:11:06.703065 140034603345664 output_stream.cpp:105] Opened result file: ./hwcount/pmc_1/standalone_attn_decode_write_size_16_4096_160_agent_info.csv
[m[0;33mW20250902 08:11:15.745875 140034603345664 tool.cpp:1902] rocprofv3_error_signal_handler caught signal 11...
[m# ---- Run standalone_attn_decode_write_size_16_8192_32 ----
INFO 09-02 08:11:20 [__init__.py:244] Automatically detected platform rocm.
[0;31mE20250902 08:11:35.466565 139793185982208 output_stream.cpp:105] Opened result file: ./hwcount/pmc_1/standalone_attn_decode_write_size_16_8192_32_counter_collection.csv
[m[0;31mE20250902 08:11:35.474824 139793185982208 output_stream.cpp:105] Opened result file: ./hwcount/pmc_1/standalone_attn_decode_write_size_16_8192_32_agent_info.csv
[m[0;33mW20250902 08:11:44.275644 139793185982208 tool.cpp:1902] rocprofv3_error_signal_handler caught signal 11...
[m# ---- Run standalone_attn_decode_write_size_16_8192_160 ----
INFO 09-02 08:11:49 [__init__.py:244] Automatically detected platform rocm.
[0;31mE20250902 08:12:04.043998 139742908303104 output_stream.cpp:105] Opened result file: ./hwcount/pmc_1/standalone_attn_decode_write_size_16_8192_160_counter_collection.csv
[m[0;31mE20250902 08:12:04.052202 139742908303104 output_stream.cpp:105] Opened result file: ./hwcount/pmc_1/standalone_attn_decode_write_size_16_8192_160_agent_info.csv
[m[0;33mW20250902 08:12:13.394394 139742908303104 tool.cpp:1902] rocprofv3_error_signal_handler caught signal 11...
[m# ---- Run standalone_attn_decode_write_size_32_256_32 ----
INFO 09-02 08:12:18 [__init__.py:244] Automatically detected platform rocm.
[0;31mE20250902 08:12:32.694214 140071516190464 output_stream.cpp:105] Opened result file: ./hwcount/pmc_1/standalone_attn_decode_write_size_32_256_32_counter_collection.csv
[m[0;31mE20250902 08:12:32.702377 140071516190464 output_stream.cpp:105] Opened result file: ./hwcount/pmc_1/standalone_attn_decode_write_size_32_256_32_agent_info.csv
[m[0;33mW20250902 08:12:41.680848 140071516190464 tool.cpp:1902] rocprofv3_error_signal_handler caught signal 11...
[m# ---- Run standalone_attn_decode_write_size_32_256_160 ----
INFO 09-02 08:12:46 [__init__.py:244] Automatically detected platform rocm.
[0;31mE20250902 08:13:01.090536 139638105077504 output_stream.cpp:105] Opened result file: ./hwcount/pmc_1/standalone_attn_decode_write_size_32_256_160_counter_collection.csv
[m[0;31mE20250902 08:13:01.098623 139638105077504 output_stream.cpp:105] Opened result file: ./hwcount/pmc_1/standalone_attn_decode_write_size_32_256_160_agent_info.csv
[m[0;33mW20250902 08:13:10.230364 139638105077504 tool.cpp:1902] rocprofv3_error_signal_handler caught signal 11...
[m# ---- Run standalone_attn_decode_write_size_32_512_32 ----
INFO 09-02 08:13:15 [__init__.py:244] Automatically detected platform rocm.
[0;31mE20250902 08:13:29.924262 140121539999488 output_stream.cpp:105] Opened result file: ./hwcount/pmc_1/standalone_attn_decode_write_size_32_512_32_counter_collection.csv
[m[0;31mE20250902 08:13:29.932498 140121539999488 output_stream.cpp:105] Opened result file: ./hwcount/pmc_1/standalone_attn_decode_write_size_32_512_32_agent_info.csv
[m[0;33mW20250902 08:13:39.079355 140121539999488 tool.cpp:1902] rocprofv3_error_signal_handler caught signal 11...
[m# ---- Run standalone_attn_decode_write_size_32_512_160 ----
INFO 09-02 08:13:43 [__init__.py:244] Automatically detected platform rocm.
[0;31mE20250902 08:13:58.489873 139688239236864 output_stream.cpp:105] Opened result file: ./hwcount/pmc_1/standalone_attn_decode_write_size_32_512_160_counter_collection.csv
[m[0;31mE20250902 08:13:58.498056 139688239236864 output_stream.cpp:105] Opened result file: ./hwcount/pmc_1/standalone_attn_decode_write_size_32_512_160_agent_info.csv
[m[0;33mW20250902 08:14:07.649043 139688239236864 tool.cpp:1902] rocprofv3_error_signal_handler caught signal 11...
[m# ---- Run standalone_attn_decode_write_size_32_1024_32 ----
INFO 09-02 08:14:12 [__init__.py:244] Automatically detected platform rocm.
[0;31mE20250902 08:14:27.377922 140274061821696 output_stream.cpp:105] Opened result file: ./hwcount/pmc_1/standalone_attn_decode_write_size_32_1024_32_counter_collection.csv
[m[0;31mE20250902 08:14:27.386143 140274061821696 output_stream.cpp:105] Opened result file: ./hwcount/pmc_1/standalone_attn_decode_write_size_32_1024_32_agent_info.csv
[m[0;33mW20250902 08:14:36.887547 140274061821696 tool.cpp:1902] rocprofv3_error_signal_handler caught signal 11...
[m# ---- Run standalone_attn_decode_write_size_32_1024_160 ----
INFO 09-02 08:14:41 [__init__.py:244] Automatically detected platform rocm.
[0;31mE20250902 08:14:56.404297 140082882926336 output_stream.cpp:105] Opened result file: ./hwcount/pmc_1/standalone_attn_decode_write_size_32_1024_160_counter_collection.csv
[m[0;31mE20250902 08:14:56.412386 140082882926336 output_stream.cpp:105] Opened result file: ./hwcount/pmc_1/standalone_attn_decode_write_size_32_1024_160_agent_info.csv
[m[0;33mW20250902 08:15:05.398809 140082882926336 tool.cpp:1902] rocprofv3_error_signal_handler caught signal 11...
[m# ---- Run standalone_attn_decode_write_size_32_2048_32 ----
INFO 09-02 08:15:10 [__init__.py:244] Automatically detected platform rocm.
[0;31mE20250902 08:15:24.964603 140042278958848 output_stream.cpp:105] Opened result file: ./hwcount/pmc_1/standalone_attn_decode_write_size_32_2048_32_counter_collection.csv
[m[0;31mE20250902 08:15:24.972694 140042278958848 output_stream.cpp:105] Opened result file: ./hwcount/pmc_1/standalone_attn_decode_write_size_32_2048_32_agent_info.csv
[m[0;33mW20250902 08:15:34.031360 140042278958848 tool.cpp:1902] rocprofv3_error_signal_handler caught signal 11...
[m# ---- Run standalone_attn_decode_write_size_32_2048_160 ----
INFO 09-02 08:15:38 [__init__.py:244] Automatically detected platform rocm.
[0;31mE20250902 08:15:53.647321 139762515019520 output_stream.cpp:105] Opened result file: ./hwcount/pmc_1/standalone_attn_decode_write_size_32_2048_160_counter_collection.csv
[m[0;31mE20250902 08:15:53.655519 139762515019520 output_stream.cpp:105] Opened result file: ./hwcount/pmc_1/standalone_attn_decode_write_size_32_2048_160_agent_info.csv
[m[0;33mW20250902 08:16:02.714625 139762515019520 tool.cpp:1902] rocprofv3_error_signal_handler caught signal 11...
[m# ---- Run standalone_attn_decode_write_size_32_4096_32 ----
INFO 09-02 08:16:07 [__init__.py:244] Automatically detected platform rocm.
[0;31mE20250902 08:16:22.123154 140159360505600 output_stream.cpp:105] Opened result file: ./hwcount/pmc_1/standalone_attn_decode_write_size_32_4096_32_counter_collection.csv
[m[0;31mE20250902 08:16:22.131277 140159360505600 output_stream.cpp:105] Opened result file: ./hwcount/pmc_1/standalone_attn_decode_write_size_32_4096_32_agent_info.csv
[m[0;33mW20250902 08:16:31.158387 140159360505600 tool.cpp:1902] rocprofv3_error_signal_handler caught signal 11...
[m# ---- Run standalone_attn_decode_write_size_32_4096_160 ----
INFO 09-02 08:16:36 [__init__.py:244] Automatically detected platform rocm.
[0;31mE20250902 08:16:50.942290 140055201392384 output_stream.cpp:105] Opened result file: ./hwcount/pmc_1/standalone_attn_decode_write_size_32_4096_160_counter_collection.csv
[m[0;31mE20250902 08:16:50.950427 140055201392384 output_stream.cpp:105] Opened result file: ./hwcount/pmc_1/standalone_attn_decode_write_size_32_4096_160_agent_info.csv
[m[0;33mW20250902 08:16:59.944449 140055201392384 tool.cpp:1902] rocprofv3_error_signal_handler caught signal 11...
[m# ---- Run standalone_attn_decode_write_size_32_8192_32 ----
INFO 09-02 08:17:04 [__init__.py:244] Automatically detected platform rocm.
[0;31mE20250902 08:17:19.641809 139644065437440 output_stream.cpp:105] Opened result file: ./hwcount/pmc_1/standalone_attn_decode_write_size_32_8192_32_counter_collection.csv
[m[0;31mE20250902 08:17:19.649905 139644065437440 output_stream.cpp:105] Opened result file: ./hwcount/pmc_1/standalone_attn_decode_write_size_32_8192_32_agent_info.csv
[m[0;33mW20250902 08:17:28.186750 139644065437440 tool.cpp:1902] rocprofv3_error_signal_handler caught signal 11...
[m# ---- Run standalone_attn_decode_write_size_32_8192_160 ----
INFO 09-02 08:17:32 [__init__.py:244] Automatically detected platform rocm.
[0;31mE20250902 08:17:47.679458 140258183587584 output_stream.cpp:105] Opened result file: ./hwcount/pmc_1/standalone_attn_decode_write_size_32_8192_160_counter_collection.csv
[m[0;31mE20250902 08:17:47.687621 140258183587584 output_stream.cpp:105] Opened result file: ./hwcount/pmc_1/standalone_attn_decode_write_size_32_8192_160_agent_info.csv
[m[0;33mW20250902 08:17:56.644741 140258183587584 tool.cpp:1902] rocprofv3_error_signal_handler caught signal 11...
[m# ---- Run standalone_attn_decode_write_size_64_256_32 ----
INFO 09-02 08:18:01 [__init__.py:244] Automatically detected platform rocm.
[0;31mE20250902 08:18:16.037419 140328585266944 output_stream.cpp:105] Opened result file: ./hwcount/pmc_1/standalone_attn_decode_write_size_64_256_32_counter_collection.csv
[m[0;31mE20250902 08:18:16.045455 140328585266944 output_stream.cpp:105] Opened result file: ./hwcount/pmc_1/standalone_attn_decode_write_size_64_256_32_agent_info.csv
[m[0;33mW20250902 08:18:24.995243 140328585266944 tool.cpp:1902] rocprofv3_error_signal_handler caught signal 11...
[m# ---- Run standalone_attn_decode_write_size_64_256_160 ----
INFO 09-02 08:18:29 [__init__.py:244] Automatically detected platform rocm.
[0;31mE20250902 08:18:44.524230 140444218865408 output_stream.cpp:105] Opened result file: ./hwcount/pmc_1/standalone_attn_decode_write_size_64_256_160_counter_collection.csv
[m[0;31mE20250902 08:18:44.532318 140444218865408 output_stream.cpp:105] Opened result file: ./hwcount/pmc_1/standalone_attn_decode_write_size_64_256_160_agent_info.csv
[m[0;33mW20250902 08:18:53.660358 140444218865408 tool.cpp:1902] rocprofv3_error_signal_handler caught signal 11...
[m# ---- Run standalone_attn_decode_write_size_64_512_32 ----
INFO 09-02 08:18:58 [__init__.py:244] Automatically detected platform rocm.
[0;31mE20250902 08:19:13.154952 140298673035008 output_stream.cpp:105] Opened result file: ./hwcount/pmc_1/standalone_attn_decode_write_size_64_512_32_counter_collection.csv
[m[0;31mE20250902 08:19:13.162985 140298673035008 output_stream.cpp:105] Opened result file: ./hwcount/pmc_1/standalone_attn_decode_write_size_64_512_32_agent_info.csv
[m[0;33mW20250902 08:19:22.282412 140298673035008 tool.cpp:1902] rocprofv3_error_signal_handler caught signal 11...
[m# ---- Run standalone_attn_decode_write_size_64_512_160 ----
INFO 09-02 08:19:27 [__init__.py:244] Automatically detected platform rocm.
[0;31mE20250902 08:19:41.904507 140502409877248 output_stream.cpp:105] Opened result file: ./hwcount/pmc_1/standalone_attn_decode_write_size_64_512_160_counter_collection.csv
[m[0;31mE20250902 08:19:41.912713 140502409877248 output_stream.cpp:105] Opened result file: ./hwcount/pmc_1/standalone_attn_decode_write_size_64_512_160_agent_info.csv
[m[0;33mW20250902 08:19:50.299028 140502409877248 tool.cpp:1902] rocprofv3_error_signal_handler caught signal 11...
[m# ---- Run standalone_attn_decode_write_size_64_1024_32 ----
INFO 09-02 08:19:55 [__init__.py:244] Automatically detected platform rocm.
[0;31mE20250902 08:20:09.953851 140560301111040 output_stream.cpp:105] Opened result file: ./hwcount/pmc_1/standalone_attn_decode_write_size_64_1024_32_counter_collection.csv
[m[0;31mE20250902 08:20:09.961972 140560301111040 output_stream.cpp:105] Opened result file: ./hwcount/pmc_1/standalone_attn_decode_write_size_64_1024_32_agent_info.csv
[m[0;33mW20250902 08:20:18.814984 140560301111040 tool.cpp:1902] rocprofv3_error_signal_handler caught signal 11...
[m# ---- Run standalone_attn_decode_write_size_64_1024_160 ----
INFO 09-02 08:20:23 [__init__.py:244] Automatically detected platform rocm.
[0;31mE20250902 08:20:38.443660 140700761421568 output_stream.cpp:105] Opened result file: ./hwcount/pmc_1/standalone_attn_decode_write_size_64_1024_160_counter_collection.csv
[m[0;31mE20250902 08:20:38.451827 140700761421568 output_stream.cpp:105] Opened result file: ./hwcount/pmc_1/standalone_attn_decode_write_size_64_1024_160_agent_info.csv
[m[0;33mW20250902 08:20:47.373524 140700761421568 tool.cpp:1902] rocprofv3_error_signal_handler caught signal 11...
[m# ---- Run standalone_attn_decode_write_size_64_2048_32 ----
INFO 09-02 08:20:52 [__init__.py:244] Automatically detected platform rocm.
[0;31mE20250902 08:21:07.071353 140113412327168 output_stream.cpp:105] Opened result file: ./hwcount/pmc_1/standalone_attn_decode_write_size_64_2048_32_counter_collection.csv
[m[0;31mE20250902 08:21:07.079649 140113412327168 output_stream.cpp:105] Opened result file: ./hwcount/pmc_1/standalone_attn_decode_write_size_64_2048_32_agent_info.csv
[m[0;33mW20250902 08:21:16.600226 140113412327168 tool.cpp:1902] rocprofv3_error_signal_handler caught signal 11...
[m# ---- Run standalone_attn_decode_write_size_64_2048_160 ----
INFO 09-02 08:21:21 [__init__.py:244] Automatically detected platform rocm.
[0;31mE20250902 08:21:36.050985 140202296743680 output_stream.cpp:105] Opened result file: ./hwcount/pmc_1/standalone_attn_decode_write_size_64_2048_160_counter_collection.csv
[m[0;31mE20250902 08:21:36.059055 140202296743680 output_stream.cpp:105] Opened result file: ./hwcount/pmc_1/standalone_attn_decode_write_size_64_2048_160_agent_info.csv
[m[0;33mW20250902 08:21:44.385848 140202296743680 tool.cpp:1902] rocprofv3_error_signal_handler caught signal 11...
[m# ---- Run standalone_attn_decode_write_size_64_4096_32 ----
INFO 09-02 08:21:49 [__init__.py:244] Automatically detected platform rocm.
[0;31mE20250902 08:22:03.845650 140323458664192 output_stream.cpp:105] Opened result file: ./hwcount/pmc_1/standalone_attn_decode_write_size_64_4096_32_counter_collection.csv
[m[0;31mE20250902 08:22:03.853882 140323458664192 output_stream.cpp:105] Opened result file: ./hwcount/pmc_1/standalone_attn_decode_write_size_64_4096_32_agent_info.csv
[m[0;33mW20250902 08:22:12.848798 140323458664192 tool.cpp:1902] rocprofv3_error_signal_handler caught signal 11...
[m# ---- Run standalone_attn_decode_write_size_64_4096_160 ----
INFO 09-02 08:22:17 [__init__.py:244] Automatically detected platform rocm.
[0;31mE20250902 08:22:32.249626 139695873111808 output_stream.cpp:105] Opened result file: ./hwcount/pmc_1/standalone_attn_decode_write_size_64_4096_160_counter_collection.csv
[m[0;31mE20250902 08:22:32.257762 139695873111808 output_stream.cpp:105] Opened result file: ./hwcount/pmc_1/standalone_attn_decode_write_size_64_4096_160_agent_info.csv
[m[0;33mW20250902 08:22:41.063873 139695873111808 tool.cpp:1902] rocprofv3_error_signal_handler caught signal 11...
[m# ---- Run standalone_attn_decode_write_size_64_8192_32 ----
INFO 09-02 08:22:45 [__init__.py:244] Automatically detected platform rocm.
[0;31mE20250902 08:23:00.452607 140669521704704 output_stream.cpp:105] Opened result file: ./hwcount/pmc_1/standalone_attn_decode_write_size_64_8192_32_counter_collection.csv
[m[0;31mE20250902 08:23:00.460739 140669521704704 output_stream.cpp:105] Opened result file: ./hwcount/pmc_1/standalone_attn_decode_write_size_64_8192_32_agent_info.csv
[m[0;33mW20250902 08:23:09.491808 140669521704704 tool.cpp:1902] rocprofv3_error_signal_handler caught signal 11...
[m# ---- Run standalone_attn_decode_write_size_64_8192_160 ----
INFO 09-02 08:23:14 [__init__.py:244] Automatically detected platform rocm.
[0;31mE20250902 08:23:28.970267 140152124135168 output_stream.cpp:105] Opened result file: ./hwcount/pmc_1/standalone_attn_decode_write_size_64_8192_160_counter_collection.csv
[m[0;31mE20250902 08:23:28.978301 140152124135168 output_stream.cpp:105] Opened result file: ./hwcount/pmc_1/standalone_attn_decode_write_size_64_8192_160_agent_info.csv
[m[0;33mW20250902 08:23:37.640841 140152124135168 tool.cpp:1902] rocprofv3_error_signal_handler caught signal 11...
[m# ---- Run standalone_attn_decode_write_size_128_256_32 ----
INFO 09-02 08:23:42 [__init__.py:244] Automatically detected platform rocm.
[0;31mE20250902 08:23:56.735853 140380766562048 output_stream.cpp:105] Opened result file: ./hwcount/pmc_1/standalone_attn_decode_write_size_128_256_32_counter_collection.csv
[m[0;31mE20250902 08:23:56.743914 140380766562048 output_stream.cpp:105] Opened result file: ./hwcount/pmc_1/standalone_attn_decode_write_size_128_256_32_agent_info.csv
[m[0;33mW20250902 08:24:05.140929 140380766562048 tool.cpp:1902] rocprofv3_error_signal_handler caught signal 11...
[m# ---- Run standalone_attn_decode_write_size_128_256_160 ----
INFO 09-02 08:24:09 [__init__.py:244] Automatically detected platform rocm.
[0;31mE20250902 08:24:24.342034 139690750605056 output_stream.cpp:105] Opened result file: ./hwcount/pmc_1/standalone_attn_decode_write_size_128_256_160_counter_collection.csv
[m[0;31mE20250902 08:24:24.350130 139690750605056 output_stream.cpp:105] Opened result file: ./hwcount/pmc_1/standalone_attn_decode_write_size_128_256_160_agent_info.csv
[m[0;33mW20250902 08:24:33.039806 139690750605056 tool.cpp:1902] rocprofv3_error_signal_handler caught signal 11...
[m# ---- Run standalone_attn_decode_write_size_128_512_32 ----
INFO 09-02 08:24:37 [__init__.py:244] Automatically detected platform rocm.
[0;31mE20250902 08:24:52.154132 140264535144192 output_stream.cpp:105] Opened result file: ./hwcount/pmc_1/standalone_attn_decode_write_size_128_512_32_counter_collection.csv
[m[0;31mE20250902 08:24:52.162226 140264535144192 output_stream.cpp:105] Opened result file: ./hwcount/pmc_1/standalone_attn_decode_write_size_128_512_32_agent_info.csv
[m[0;33mW20250902 08:25:01.124817 140264535144192 tool.cpp:1902] rocprofv3_error_signal_handler caught signal 11...
[m# ---- Run standalone_attn_decode_write_size_128_512_160 ----
INFO 09-02 08:25:05 [__init__.py:244] Automatically detected platform rocm.
[0;31mE20250902 08:25:20.233281 139892549027584 output_stream.cpp:105] Opened result file: ./hwcount/pmc_1/standalone_attn_decode_write_size_128_512_160_counter_collection.csv
[m[0;31mE20250902 08:25:20.241571 139892549027584 output_stream.cpp:105] Opened result file: ./hwcount/pmc_1/standalone_attn_decode_write_size_128_512_160_agent_info.csv
[m[0;33mW20250902 08:25:29.509781 139892549027584 tool.cpp:1902] rocprofv3_error_signal_handler caught signal 11...
[m# ---- Run standalone_attn_decode_write_size_128_1024_32 ----
INFO 09-02 08:25:34 [__init__.py:244] Automatically detected platform rocm.
[0;31mE20250902 08:25:48.810987 140357336626944 output_stream.cpp:105] Opened result file: ./hwcount/pmc_1/standalone_attn_decode_write_size_128_1024_32_counter_collection.csv
[m[0;31mE20250902 08:25:48.819061 140357336626944 output_stream.cpp:105] Opened result file: ./hwcount/pmc_1/standalone_attn_decode_write_size_128_1024_32_agent_info.csv
[m[0;33mW20250902 08:25:57.734660 140357336626944 tool.cpp:1902] rocprofv3_error_signal_handler caught signal 11...
[m# ---- Run standalone_attn_decode_write_size_128_1024_160 ----
INFO 09-02 08:26:02 [__init__.py:244] Automatically detected platform rocm.
[0;31mE20250902 08:26:16.614013 139754848655104 output_stream.cpp:105] Opened result file: ./hwcount/pmc_1/standalone_attn_decode_write_size_128_1024_160_counter_collection.csv
[m[0;31mE20250902 08:26:16.622029 139754848655104 output_stream.cpp:105] Opened result file: ./hwcount/pmc_1/standalone_attn_decode_write_size_128_1024_160_agent_info.csv
[m[0;33mW20250902 08:26:25.595937 139754848655104 tool.cpp:1902] rocprofv3_error_signal_handler caught signal 11...
[m# ---- Run standalone_attn_decode_write_size_128_2048_32 ----
INFO 09-02 08:26:30 [__init__.py:244] Automatically detected platform rocm.
[0;31mE20250902 08:26:44.588036 140374621951744 output_stream.cpp:105] Opened result file: ./hwcount/pmc_1/standalone_attn_decode_write_size_128_2048_32_counter_collection.csv
[m[0;31mE20250902 08:26:44.596278 140374621951744 output_stream.cpp:105] Opened result file: ./hwcount/pmc_1/standalone_attn_decode_write_size_128_2048_32_agent_info.csv
[m[0;33mW20250902 08:26:53.836663 140374621951744 tool.cpp:1902] rocprofv3_error_signal_handler caught signal 11...
[m# ---- Run standalone_attn_decode_write_size_128_2048_160 ----
INFO 09-02 08:26:58 [__init__.py:244] Automatically detected platform rocm.
[0;31mE20250902 08:27:12.856398 140082415089408 output_stream.cpp:105] Opened result file: ./hwcount/pmc_1/standalone_attn_decode_write_size_128_2048_160_counter_collection.csv
[m[0;31mE20250902 08:27:12.864419 140082415089408 output_stream.cpp:105] Opened result file: ./hwcount/pmc_1/standalone_attn_decode_write_size_128_2048_160_agent_info.csv
[m[0;33mW20250902 08:27:21.789818 140082415089408 tool.cpp:1902] rocprofv3_error_signal_handler caught signal 11...
[m# ---- Run standalone_attn_decode_write_size_128_4096_32 ----
INFO 09-02 08:27:26 [__init__.py:244] Automatically detected platform rocm.
[0;31mE20250902 08:27:40.735469 140023319447296 output_stream.cpp:105] Opened result file: ./hwcount/pmc_1/standalone_attn_decode_write_size_128_4096_32_counter_collection.csv
[m[0;31mE20250902 08:27:40.743555 140023319447296 output_stream.cpp:105] Opened result file: ./hwcount/pmc_1/standalone_attn_decode_write_size_128_4096_32_agent_info.csv
[m[0;33mW20250902 08:27:49.029244 140023319447296 tool.cpp:1902] rocprofv3_error_signal_handler caught signal 11...
[m# ---- Run standalone_attn_decode_write_size_128_4096_160 ----
INFO 09-02 08:27:53 [__init__.py:244] Automatically detected platform rocm.
[0;31mE20250902 08:28:08.024731 140500936947456 output_stream.cpp:105] Opened result file: ./hwcount/pmc_1/standalone_attn_decode_write_size_128_4096_160_counter_collection.csv
[m[0;31mE20250902 08:28:08.032858 140500936947456 output_stream.cpp:105] Opened result file: ./hwcount/pmc_1/standalone_attn_decode_write_size_128_4096_160_agent_info.csv
[m[0;33mW20250902 08:28:16.346309 140500936947456 tool.cpp:1902] rocprofv3_error_signal_handler caught signal 11...
[m# ---- Run standalone_attn_decode_write_size_128_8192_32 ----
INFO 09-02 08:28:21 [__init__.py:244] Automatically detected platform rocm.
[0;31mE20250902 08:28:35.387569 139697978251008 output_stream.cpp:105] Opened result file: ./hwcount/pmc_1/standalone_attn_decode_write_size_128_8192_32_counter_collection.csv
[m[0;31mE20250902 08:28:35.395649 139697978251008 output_stream.cpp:105] Opened result file: ./hwcount/pmc_1/standalone_attn_decode_write_size_128_8192_32_agent_info.csv
[m[0;33mW20250902 08:28:43.790148 139697978251008 tool.cpp:1902] rocprofv3_error_signal_handler caught signal 11...
[m# ---- Run standalone_attn_decode_write_size_128_8192_160 ----
INFO 09-02 08:28:48 [__init__.py:244] Automatically detected platform rocm.
[0;31mE20250902 08:29:02.793208 140080339793664 output_stream.cpp:105] Opened result file: ./hwcount/pmc_1/standalone_attn_decode_write_size_128_8192_160_counter_collection.csv
[m[0;31mE20250902 08:29:02.801168 140080339793664 output_stream.cpp:105] Opened result file: ./hwcount/pmc_1/standalone_attn_decode_write_size_128_8192_160_agent_info.csv
[m[0;33mW20250902 08:29:11.597346 140080339793664 tool.cpp:1902] rocprofv3_error_signal_handler caught signal 11...
[m