# ---- Run standalone_attn_prefill_and_decode_tp8_prefill_then_decode1_256_1_25632 ----
INFO 09-01 18:10:00 [__init__.py:244] Automatically detected platform rocm.
[0;31mE20250901 18:10:19.854845 140002903320320 output_stream.cpp:105] Opened result file: ./profiles/standalone_attn_prefill_and_decode_tp8_prefill_then_decode1_256_1_25632_kernel_trace.csv
[m[0;31mE20250901 18:10:19.862534 140002903320320 output_stream.cpp:105] Opened result file: ./profiles/standalone_attn_prefill_and_decode_tp8_prefill_then_decode1_256_1_25632_agent_info.csv
[m[0;33mW20250901 18:10:28.871998 140002903320320 tool.cpp:1902] rocprofv3_error_signal_handler caught signal 11...
[m# ---- Run standalone_attn_prefill_and_decode_tp8_prefill_then_decode1_256_1_51232 ----
INFO 09-01 18:10:36 [__init__.py:244] Automatically detected platform rocm.
[0;31mE20250901 18:10:56.123647 140167577069312 output_stream.cpp:105] Opened result file: ./profiles/standalone_attn_prefill_and_decode_tp8_prefill_then_decode1_256_1_51232_kernel_trace.csv
[m[0;31mE20250901 18:10:56.130327 140167577069312 output_stream.cpp:105] Opened result file: ./profiles/standalone_attn_prefill_and_decode_tp8_prefill_then_decode1_256_1_51232_agent_info.csv
[m[0;33mW20250901 18:11:05.377254 140167577069312 tool.cpp:1902] rocprofv3_error_signal_handler caught signal 11...
[m# ---- Run standalone_attn_prefill_and_decode_tp8_prefill_then_decode1_256_1_102432 ----
INFO 09-01 18:11:12 [__init__.py:244] Automatically detected platform rocm.
[0;31mE20250901 18:11:32.776767 140630547855104 output_stream.cpp:105] Opened result file: ./profiles/standalone_attn_prefill_and_decode_tp8_prefill_then_decode1_256_1_102432_kernel_trace.csv
[m[0;31mE20250901 18:11:32.783399 140630547855104 output_stream.cpp:105] Opened result file: ./profiles/standalone_attn_prefill_and_decode_tp8_prefill_then_decode1_256_1_102432_agent_info.csv
[m[0;33mW20250901 18:11:41.601848 140630547855104 tool.cpp:1902] rocprofv3_error_signal_handler caught signal 11...
[m# ---- Run standalone_attn_prefill_and_decode_tp8_prefill_then_decode1_256_1_204832 ----
INFO 09-01 18:11:48 [__init__.py:244] Automatically detected platform rocm.
[0;31mE20250901 18:12:10.391334 139695921329920 output_stream.cpp:105] Opened result file: ./profiles/standalone_attn_prefill_and_decode_tp8_prefill_then_decode1_256_1_204832_kernel_trace.csv
[m[0;31mE20250901 18:12:10.398220 139695921329920 output_stream.cpp:105] Opened result file: ./profiles/standalone_attn_prefill_and_decode_tp8_prefill_then_decode1_256_1_204832_agent_info.csv
[m[0;33mW20250901 18:12:19.932829 139695921329920 tool.cpp:1902] rocprofv3_error_signal_handler caught signal 11...
[m# ---- Run standalone_attn_prefill_and_decode_tp8_prefill_then_decode1_256_1_409632 ----
INFO 09-01 18:12:27 [__init__.py:244] Automatically detected platform rocm.
[0;31mE20250901 18:12:47.502237 140527947990784 output_stream.cpp:105] Opened result file: ./profiles/standalone_attn_prefill_and_decode_tp8_prefill_then_decode1_256_1_409632_kernel_trace.csv
[m[0;31mE20250901 18:12:47.508631 140527947990784 output_stream.cpp:105] Opened result file: ./profiles/standalone_attn_prefill_and_decode_tp8_prefill_then_decode1_256_1_409632_agent_info.csv
[m[0;33mW20250901 18:12:56.120183 140527947990784 tool.cpp:1902] rocprofv3_error_signal_handler caught signal 11...
[m# ---- Run standalone_attn_prefill_and_decode_tp8_prefill_then_decode1_256_1_819232 ----
INFO 09-01 18:13:02 [__init__.py:244] Automatically detected platform rocm.
[0;31mE20250901 18:13:23.184294 139865582876416 output_stream.cpp:105] Opened result file: ./profiles/standalone_attn_prefill_and_decode_tp8_prefill_then_decode1_256_1_819232_kernel_trace.csv
[m[0;31mE20250901 18:13:23.190920 139865582876416 output_stream.cpp:105] Opened result file: ./profiles/standalone_attn_prefill_and_decode_tp8_prefill_then_decode1_256_1_819232_agent_info.csv
[m[0;33mW20250901 18:13:32.426427 139865582876416 tool.cpp:1902] rocprofv3_error_signal_handler caught signal 11...
[m# ---- Run standalone_attn_prefill_and_decode_tp8_prefill_then_decode1_256_2_25632 ----
INFO 09-01 18:13:39 [__init__.py:244] Automatically detected platform rocm.
[0;31mE20250901 18:14:01.014443 140281770161920 output_stream.cpp:105] Opened result file: ./profiles/standalone_attn_prefill_and_decode_tp8_prefill_then_decode1_256_2_25632_kernel_trace.csv
[m[0;31mE20250901 18:14:01.022183 140281770161920 output_stream.cpp:105] Opened result file: ./profiles/standalone_attn_prefill_and_decode_tp8_prefill_then_decode1_256_2_25632_agent_info.csv
[m[0;33mW20250901 18:14:10.026191 140281770161920 tool.cpp:1902] rocprofv3_error_signal_handler caught signal 11...
[m# ---- Run standalone_attn_prefill_and_decode_tp8_prefill_then_decode1_256_2_51232 ----
INFO 09-01 18:14:17 [__init__.py:244] Automatically detected platform rocm.
[0;31mE20250901 18:14:37.969066 140067418490624 output_stream.cpp:105] Opened result file: ./profiles/standalone_attn_prefill_and_decode_tp8_prefill_then_decode1_256_2_51232_kernel_trace.csv
[m[0;31mE20250901 18:14:37.976547 140067418490624 output_stream.cpp:105] Opened result file: ./profiles/standalone_attn_prefill_and_decode_tp8_prefill_then_decode1_256_2_51232_agent_info.csv
[m[0;33mW20250901 18:14:47.597985 140067418490624 tool.cpp:1902] rocprofv3_error_signal_handler caught signal 11...
[m# ---- Run standalone_attn_prefill_and_decode_tp8_prefill_then_decode1_256_2_102432 ----
INFO 09-01 18:14:54 [__init__.py:244] Automatically detected platform rocm.
[0;31mE20250901 18:15:15.104506 140107220305664 output_stream.cpp:105] Opened result file: ./profiles/standalone_attn_prefill_and_decode_tp8_prefill_then_decode1_256_2_102432_kernel_trace.csv
[m[0;31mE20250901 18:15:15.111299 140107220305664 output_stream.cpp:105] Opened result file: ./profiles/standalone_attn_prefill_and_decode_tp8_prefill_then_decode1_256_2_102432_agent_info.csv
[m[0;33mW20250901 18:15:24.673838 140107220305664 tool.cpp:1902] rocprofv3_error_signal_handler caught signal 11...
[m# ---- Run standalone_attn_prefill_and_decode_tp8_prefill_then_decode1_256_2_204832 ----
INFO 09-01 18:15:30 [__init__.py:244] Automatically detected platform rocm.
[0;31mE20250901 18:15:50.307721 140212572399360 output_stream.cpp:105] Opened result file: ./profiles/standalone_attn_prefill_and_decode_tp8_prefill_then_decode1_256_2_204832_kernel_trace.csv
[m[0;31mE20250901 18:15:50.314672 140212572399360 output_stream.cpp:105] Opened result file: ./profiles/standalone_attn_prefill_and_decode_tp8_prefill_then_decode1_256_2_204832_agent_info.csv
[m[0;33mW20250901 18:15:59.455973 140212572399360 tool.cpp:1902] rocprofv3_error_signal_handler caught signal 11...
[m# ---- Run standalone_attn_prefill_and_decode_tp8_prefill_then_decode1_256_2_409632 ----
INFO 09-01 18:16:05 [__init__.py:244] Automatically detected platform rocm.
[0;31mE20250901 18:16:24.680333 139688347076352 output_stream.cpp:105] Opened result file: ./profiles/standalone_attn_prefill_and_decode_tp8_prefill_then_decode1_256_2_409632_kernel_trace.csv
[m[0;31mE20250901 18:16:24.687142 139688347076352 output_stream.cpp:105] Opened result file: ./profiles/standalone_attn_prefill_and_decode_tp8_prefill_then_decode1_256_2_409632_agent_info.csv
[m[0;33mW20250901 18:16:33.557830 139688347076352 tool.cpp:1902] rocprofv3_error_signal_handler caught signal 11...
[m# ---- Run standalone_attn_prefill_and_decode_tp8_prefill_then_decode1_256_2_819232 ----
INFO 09-01 18:16:40 [__init__.py:244] Automatically detected platform rocm.
[0;31mE20250901 18:16:59.485829 140596328634112 output_stream.cpp:105] Opened result file: ./profiles/standalone_attn_prefill_and_decode_tp8_prefill_then_decode1_256_2_819232_kernel_trace.csv
[m[0;31mE20250901 18:16:59.492677 140596328634112 output_stream.cpp:105] Opened result file: ./profiles/standalone_attn_prefill_and_decode_tp8_prefill_then_decode1_256_2_819232_agent_info.csv
[m[0;33mW20250901 18:17:08.714482 140596328634112 tool.cpp:1902] rocprofv3_error_signal_handler caught signal 11...
[m# ---- Run standalone_attn_prefill_and_decode_tp8_prefill_then_decode1_256_4_25632 ----
INFO 09-01 18:17:15 [__init__.py:244] Automatically detected platform rocm.
[0;31mE20250901 18:17:34.447220 140006531467008 output_stream.cpp:105] Opened result file: ./profiles/standalone_attn_prefill_and_decode_tp8_prefill_then_decode1_256_4_25632_kernel_trace.csv
[m[0;31mE20250901 18:17:34.454113 140006531467008 output_stream.cpp:105] Opened result file: ./profiles/standalone_attn_prefill_and_decode_tp8_prefill_then_decode1_256_4_25632_agent_info.csv
[m[0;33mW20250901 18:17:43.582392 140006531467008 tool.cpp:1902] rocprofv3_error_signal_handler caught signal 11...
[m# ---- Run standalone_attn_prefill_and_decode_tp8_prefill_then_decode1_256_4_51232 ----
INFO 09-01 18:17:50 [__init__.py:244] Automatically detected platform rocm.
[0;31mE20250901 18:18:10.389064 139977590363904 output_stream.cpp:105] Opened result file: ./profiles/standalone_attn_prefill_and_decode_tp8_prefill_then_decode1_256_4_51232_kernel_trace.csv
[m[0;31mE20250901 18:18:10.396017 139977590363904 output_stream.cpp:105] Opened result file: ./profiles/standalone_attn_prefill_and_decode_tp8_prefill_then_decode1_256_4_51232_agent_info.csv
[m[0;33mW20250901 18:18:19.405679 139977590363904 tool.cpp:1902] rocprofv3_error_signal_handler caught signal 11...
[m# ---- Run standalone_attn_prefill_and_decode_tp8_prefill_then_decode1_256_4_102432 ----
INFO 09-01 18:18:25 [__init__.py:244] Automatically detected platform rocm.
[0;31mE20250901 18:18:46.073036 140487999420160 output_stream.cpp:105] Opened result file: ./profiles/standalone_attn_prefill_and_decode_tp8_prefill_then_decode1_256_4_102432_kernel_trace.csv
[m[0;31mE20250901 18:18:46.079919 140487999420160 output_stream.cpp:105] Opened result file: ./profiles/standalone_attn_prefill_and_decode_tp8_prefill_then_decode1_256_4_102432_agent_info.csv
[m[0;33mW20250901 18:18:55.635444 140487999420160 tool.cpp:1902] rocprofv3_error_signal_handler caught signal 11...
[m# ---- Run standalone_attn_prefill_and_decode_tp8_prefill_then_decode1_256_4_204832 ----
INFO 09-01 18:19:02 [__init__.py:244] Automatically detected platform rocm.
[0;31mE20250901 18:19:21.774024 140714835564288 output_stream.cpp:105] Opened result file: ./profiles/standalone_attn_prefill_and_decode_tp8_prefill_then_decode1_256_4_204832_kernel_trace.csv
[m[0;31mE20250901 18:19:21.780929 140714835564288 output_stream.cpp:105] Opened result file: ./profiles/standalone_attn_prefill_and_decode_tp8_prefill_then_decode1_256_4_204832_agent_info.csv
[m[0;33mW20250901 18:19:30.779690 140714835564288 tool.cpp:1902] rocprofv3_error_signal_handler caught signal 11...
[m# ---- Run standalone_attn_prefill_and_decode_tp8_prefill_then_decode1_256_4_409632 ----
INFO 09-01 18:19:37 [__init__.py:244] Automatically detected platform rocm.
[0;31mE20250901 18:19:56.873571 140671213479680 output_stream.cpp:105] Opened result file: ./profiles/standalone_attn_prefill_and_decode_tp8_prefill_then_decode1_256_4_409632_kernel_trace.csv
[m[0;31mE20250901 18:19:56.880140 140671213479680 output_stream.cpp:105] Opened result file: ./profiles/standalone_attn_prefill_and_decode_tp8_prefill_then_decode1_256_4_409632_agent_info.csv
[m[0;33mW20250901 18:20:05.849266 140671213479680 tool.cpp:1902] rocprofv3_error_signal_handler caught signal 11...
[m# ---- Run standalone_attn_prefill_and_decode_tp8_prefill_then_decode1_256_4_819232 ----
INFO 09-01 18:20:12 [__init__.py:244] Automatically detected platform rocm.
[0;31mE20250901 18:20:31.569635 140156732253952 output_stream.cpp:105] Opened result file: ./profiles/standalone_attn_prefill_and_decode_tp8_prefill_then_decode1_256_4_819232_kernel_trace.csv
[m[0;31mE20250901 18:20:31.576998 140156732253952 output_stream.cpp:105] Opened result file: ./profiles/standalone_attn_prefill_and_decode_tp8_prefill_then_decode1_256_4_819232_agent_info.csv
[m[0;33mW20250901 18:20:40.449862 140156732253952 tool.cpp:1902] rocprofv3_error_signal_handler caught signal 11...
[m# ---- Run standalone_attn_prefill_and_decode_tp8_prefill_then_decode1_256_8_25632 ----
INFO 09-01 18:20:47 [__init__.py:244] Automatically detected platform rocm.
[0;31mE20250901 18:21:07.101629 139664820303616 output_stream.cpp:105] Opened result file: ./profiles/standalone_attn_prefill_and_decode_tp8_prefill_then_decode1_256_8_25632_kernel_trace.csv
[m[0;31mE20250901 18:21:07.108894 139664820303616 output_stream.cpp:105] Opened result file: ./profiles/standalone_attn_prefill_and_decode_tp8_prefill_then_decode1_256_8_25632_agent_info.csv
[m[0;33mW20250901 18:21:16.726307 139664820303616 tool.cpp:1902] rocprofv3_error_signal_handler caught signal 11...
[m# ---- Run standalone_attn_prefill_and_decode_tp8_prefill_then_decode1_256_8_51232 ----
INFO 09-01 18:21:22 [__init__.py:244] Automatically detected platform rocm.
[0;31mE20250901 18:21:42.109693 140661780702976 output_stream.cpp:105] Opened result file: ./profiles/standalone_attn_prefill_and_decode_tp8_prefill_then_decode1_256_8_51232_kernel_trace.csv
[m[0;31mE20250901 18:21:42.116432 140661780702976 output_stream.cpp:105] Opened result file: ./profiles/standalone_attn_prefill_and_decode_tp8_prefill_then_decode1_256_8_51232_agent_info.csv
[m[0;33mW20250901 18:21:50.778421 140661780702976 tool.cpp:1902] rocprofv3_error_signal_handler caught signal 11...
[m# ---- Run standalone_attn_prefill_and_decode_tp8_prefill_then_decode1_256_8_102432 ----
INFO 09-01 18:21:57 [__init__.py:244] Automatically detected platform rocm.
[0;31mE20250901 18:22:15.590087 140039801546496 output_stream.cpp:105] Opened result file: ./profiles/standalone_attn_prefill_and_decode_tp8_prefill_then_decode1_256_8_102432_kernel_trace.csv
[m[0;31mE20250901 18:22:15.596234 140039801546496 output_stream.cpp:105] Opened result file: ./profiles/standalone_attn_prefill_and_decode_tp8_prefill_then_decode1_256_8_102432_agent_info.csv
[m[0;33mW20250901 18:22:24.872657 140039801546496 tool.cpp:1902] rocprofv3_error_signal_handler caught signal 11...
[m# ---- Run standalone_attn_prefill_and_decode_tp8_prefill_then_decode1_256_8_204832 ----
INFO 09-01 18:22:30 [__init__.py:244] Automatically detected platform rocm.
[0;31mE20250901 18:22:51.343147 140225509467904 output_stream.cpp:105] Opened result file: ./profiles/standalone_attn_prefill_and_decode_tp8_prefill_then_decode1_256_8_204832_kernel_trace.csv
[m[0;31mE20250901 18:22:51.350289 140225509467904 output_stream.cpp:105] Opened result file: ./profiles/standalone_attn_prefill_and_decode_tp8_prefill_then_decode1_256_8_204832_agent_info.csv
[m[0;33mW20250901 18:23:00.533126 140225509467904 tool.cpp:1902] rocprofv3_error_signal_handler caught signal 11...
[m# ---- Run standalone_attn_prefill_and_decode_tp8_prefill_then_decode1_256_8_409632 ----
INFO 09-01 18:23:07 [__init__.py:244] Automatically detected platform rocm.
[0;31mE20250901 18:23:28.893485 139946190173952 output_stream.cpp:105] Opened result file: ./profiles/standalone_attn_prefill_and_decode_tp8_prefill_then_decode1_256_8_409632_kernel_trace.csv
[m[0;31mE20250901 18:23:28.900515 139946190173952 output_stream.cpp:105] Opened result file: ./profiles/standalone_attn_prefill_and_decode_tp8_prefill_then_decode1_256_8_409632_agent_info.csv
[m[0;33mW20250901 18:23:38.137042 139946190173952 tool.cpp:1902] rocprofv3_error_signal_handler caught signal 11...
[m# ---- Run standalone_attn_prefill_and_decode_tp8_prefill_then_decode1_256_8_819232 ----
INFO 09-01 18:23:45 [__init__.py:244] Automatically detected platform rocm.
[0;31mE20250901 18:24:05.093459 140692240185088 output_stream.cpp:105] Opened result file: ./profiles/standalone_attn_prefill_and_decode_tp8_prefill_then_decode1_256_8_819232_kernel_trace.csv
[m[0;31mE20250901 18:24:05.101395 140692240185088 output_stream.cpp:105] Opened result file: ./profiles/standalone_attn_prefill_and_decode_tp8_prefill_then_decode1_256_8_819232_agent_info.csv
[m[0;33mW20250901 18:24:13.763063 140692240185088 tool.cpp:1902] rocprofv3_error_signal_handler caught signal 11...
[m# ---- Run standalone_attn_prefill_and_decode_tp8_prefill_then_decode1_256_16_25632 ----
INFO 09-01 18:24:19 [__init__.py:244] Automatically detected platform rocm.
[0;31mE20250901 18:24:38.218944 139947986310912 output_stream.cpp:105] Opened result file: ./profiles/standalone_attn_prefill_and_decode_tp8_prefill_then_decode1_256_16_25632_kernel_trace.csv
[m[0;31mE20250901 18:24:38.226117 139947986310912 output_stream.cpp:105] Opened result file: ./profiles/standalone_attn_prefill_and_decode_tp8_prefill_then_decode1_256_16_25632_agent_info.csv
[m[0;33mW20250901 18:24:47.226575 139947986310912 tool.cpp:1902] rocprofv3_error_signal_handler caught signal 11...
[m# ---- Run standalone_attn_prefill_and_decode_tp8_prefill_then_decode1_256_16_51232 ----
INFO 09-01 18:24:53 [__init__.py:244] Automatically detected platform rocm.
[0;31mE20250901 18:25:11.500284 140401396061952 output_stream.cpp:105] Opened result file: ./profiles/standalone_attn_prefill_and_decode_tp8_prefill_then_decode1_256_16_51232_kernel_trace.csv
[m[0;31mE20250901 18:25:11.507542 140401396061952 output_stream.cpp:105] Opened result file: ./profiles/standalone_attn_prefill_and_decode_tp8_prefill_then_decode1_256_16_51232_agent_info.csv
[m[0;33mW20250901 18:25:20.312228 140401396061952 tool.cpp:1902] rocprofv3_error_signal_handler caught signal 11...
[m# ---- Run standalone_attn_prefill_and_decode_tp8_prefill_then_decode1_256_16_102432 ----
INFO 09-01 18:25:26 [__init__.py:244] Automatically detected platform rocm.
[0;31mE20250901 18:25:44.601273 140226390599424 output_stream.cpp:105] Opened result file: ./profiles/standalone_attn_prefill_and_decode_tp8_prefill_then_decode1_256_16_102432_kernel_trace.csv
[m[0;31mE20250901 18:25:44.608683 140226390599424 output_stream.cpp:105] Opened result file: ./profiles/standalone_attn_prefill_and_decode_tp8_prefill_then_decode1_256_16_102432_agent_info.csv
[m[0;33mW20250901 18:25:53.432950 140226390599424 tool.cpp:1902] rocprofv3_error_signal_handler caught signal 11...
[m# ---- Run standalone_attn_prefill_and_decode_tp8_prefill_then_decode1_256_16_204832 ----
INFO 09-01 18:25:59 [__init__.py:244] Automatically detected platform rocm.
[0;31mE20250901 18:26:17.618242 139902147479296 output_stream.cpp:105] Opened result file: ./profiles/standalone_attn_prefill_and_decode_tp8_prefill_then_decode1_256_16_204832_kernel_trace.csv
[m[0;31mE20250901 18:26:17.625275 139902147479296 output_stream.cpp:105] Opened result file: ./profiles/standalone_attn_prefill_and_decode_tp8_prefill_then_decode1_256_16_204832_agent_info.csv
[m[0;33mW20250901 18:26:26.580937 139902147479296 tool.cpp:1902] rocprofv3_error_signal_handler caught signal 11...
[m# ---- Run standalone_attn_prefill_and_decode_tp8_prefill_then_decode1_256_16_409632 ----
INFO 09-01 18:26:32 [__init__.py:244] Automatically detected platform rocm.
[0;31mE20250901 18:26:50.603568 139745113163520 output_stream.cpp:105] Opened result file: ./profiles/standalone_attn_prefill_and_decode_tp8_prefill_then_decode1_256_16_409632_kernel_trace.csv
[m[0;31mE20250901 18:26:50.610708 139745113163520 output_stream.cpp:105] Opened result file: ./profiles/standalone_attn_prefill_and_decode_tp8_prefill_then_decode1_256_16_409632_agent_info.csv
[m[0;33mW20250901 18:26:59.929786 139745113163520 tool.cpp:1902] rocprofv3_error_signal_handler caught signal 11...
[m# ---- Run standalone_attn_prefill_and_decode_tp8_prefill_then_decode1_256_16_819232 ----
INFO 09-01 18:27:05 [__init__.py:244] Automatically detected platform rocm.
[0;31mE20250901 18:27:23.796038 140166225786624 output_stream.cpp:105] Opened result file: ./profiles/standalone_attn_prefill_and_decode_tp8_prefill_then_decode1_256_16_819232_kernel_trace.csv
[m[0;31mE20250901 18:27:23.802652 140166225786624 output_stream.cpp:105] Opened result file: ./profiles/standalone_attn_prefill_and_decode_tp8_prefill_then_decode1_256_16_819232_agent_info.csv
[m[0;33mW20250901 18:27:32.550011 140166225786624 tool.cpp:1902] rocprofv3_error_signal_handler caught signal 11...
[m# ---- Run standalone_attn_prefill_and_decode_tp8_prefill_then_decode1_256_32_25632 ----
INFO 09-01 18:27:38 [__init__.py:244] Automatically detected platform rocm.
[0;31mE20250901 18:27:56.742313 140006099740416 output_stream.cpp:105] Opened result file: ./profiles/standalone_attn_prefill_and_decode_tp8_prefill_then_decode1_256_32_25632_kernel_trace.csv
[m[0;31mE20250901 18:27:56.748842 140006099740416 output_stream.cpp:105] Opened result file: ./profiles/standalone_attn_prefill_and_decode_tp8_prefill_then_decode1_256_32_25632_agent_info.csv
[m[0;33mW20250901 18:28:05.381865 140006099740416 tool.cpp:1902] rocprofv3_error_signal_handler caught signal 11...
[m# ---- Run standalone_attn_prefill_and_decode_tp8_prefill_then_decode1_256_32_51232 ----
INFO 09-01 18:28:11 [__init__.py:244] Automatically detected platform rocm.
[0;31mE20250901 18:28:29.355560 140365475608320 output_stream.cpp:105] Opened result file: ./profiles/standalone_attn_prefill_and_decode_tp8_prefill_then_decode1_256_32_51232_kernel_trace.csv
[m[0;31mE20250901 18:28:29.361853 140365475608320 output_stream.cpp:105] Opened result file: ./profiles/standalone_attn_prefill_and_decode_tp8_prefill_then_decode1_256_32_51232_agent_info.csv
[m[0;33mW20250901 18:28:38.641320 140365475608320 tool.cpp:1902] rocprofv3_error_signal_handler caught signal 11...
[m# ---- Run standalone_attn_prefill_and_decode_tp8_prefill_then_decode1_256_32_102432 ----
INFO 09-01 18:28:44 [__init__.py:244] Automatically detected platform rocm.
[0;31mE20250901 18:29:03.044273 140097150793472 output_stream.cpp:105] Opened result file: ./profiles/standalone_attn_prefill_and_decode_tp8_prefill_then_decode1_256_32_102432_kernel_trace.csv
[m[0;31mE20250901 18:29:03.050652 140097150793472 output_stream.cpp:105] Opened result file: ./profiles/standalone_attn_prefill_and_decode_tp8_prefill_then_decode1_256_32_102432_agent_info.csv
[m[0;33mW20250901 18:29:12.158904 140097150793472 tool.cpp:1902] rocprofv3_error_signal_handler caught signal 11...
[m# ---- Run standalone_attn_prefill_and_decode_tp8_prefill_then_decode1_256_32_204832 ----
INFO 09-01 18:29:18 [__init__.py:244] Automatically detected platform rocm.
[0;31mE20250901 18:29:36.577910 140571874875136 output_stream.cpp:105] Opened result file: ./profiles/standalone_attn_prefill_and_decode_tp8_prefill_then_decode1_256_32_204832_kernel_trace.csv
[m[0;31mE20250901 18:29:36.584047 140571874875136 output_stream.cpp:105] Opened result file: ./profiles/standalone_attn_prefill_and_decode_tp8_prefill_then_decode1_256_32_204832_agent_info.csv
[m[0;33mW20250901 18:29:46.492147 140571874875136 tool.cpp:1902] rocprofv3_error_signal_handler caught signal 11...
[m# ---- Run standalone_attn_prefill_and_decode_tp8_prefill_then_decode1_256_32_409632 ----
INFO 09-01 18:29:52 [__init__.py:244] Automatically detected platform rocm.
[0;31mE20250901 18:30:13.370410 140186355357440 output_stream.cpp:105] Opened result file: ./profiles/standalone_attn_prefill_and_decode_tp8_prefill_then_decode1_256_32_409632_kernel_trace.csv
[m[0;31mE20250901 18:30:13.377560 140186355357440 output_stream.cpp:105] Opened result file: ./profiles/standalone_attn_prefill_and_decode_tp8_prefill_then_decode1_256_32_409632_agent_info.csv
[m[0;33mW20250901 18:30:22.844795 140186355357440 tool.cpp:1902] rocprofv3_error_signal_handler caught signal 11...
[m# ---- Run standalone_attn_prefill_and_decode_tp8_prefill_then_decode1_256_32_819232 ----
INFO 09-01 18:30:30 [__init__.py:244] Automatically detected platform rocm.
[0;31mE20250901 18:30:52.822191 139708797282048 output_stream.cpp:105] Opened result file: ./profiles/standalone_attn_prefill_and_decode_tp8_prefill_then_decode1_256_32_819232_kernel_trace.csv
[m[0;31mE20250901 18:30:52.829336 139708797282048 output_stream.cpp:105] Opened result file: ./profiles/standalone_attn_prefill_and_decode_tp8_prefill_then_decode1_256_32_819232_agent_info.csv
[m[0;33mW20250901 18:31:01.986005 139708797282048 tool.cpp:1902] rocprofv3_error_signal_handler caught signal 11...
[m# ---- Run standalone_attn_prefill_and_decode_tp8_prefill_then_decode1_256_64_25632 ----
INFO 09-01 18:31:09 [__init__.py:244] Automatically detected platform rocm.
[0;31mE20250901 18:31:28.733416 140345242789632 output_stream.cpp:105] Opened result file: ./profiles/standalone_attn_prefill_and_decode_tp8_prefill_then_decode1_256_64_25632_kernel_trace.csv
[m[0;31mE20250901 18:31:28.739574 140345242789632 output_stream.cpp:105] Opened result file: ./profiles/standalone_attn_prefill_and_decode_tp8_prefill_then_decode1_256_64_25632_agent_info.csv
[m[0;33mW20250901 18:31:38.114975 140345242789632 tool.cpp:1902] rocprofv3_error_signal_handler caught signal 11...
[m# ---- Run standalone_attn_prefill_and_decode_tp8_prefill_then_decode1_256_64_51232 ----
INFO 09-01 18:31:44 [__init__.py:244] Automatically detected platform rocm.
[0;31mE20250901 18:32:02.256375 140271412619008 output_stream.cpp:105] Opened result file: ./profiles/standalone_attn_prefill_and_decode_tp8_prefill_then_decode1_256_64_51232_kernel_trace.csv
[m[0;31mE20250901 18:32:02.262438 140271412619008 output_stream.cpp:105] Opened result file: ./profiles/standalone_attn_prefill_and_decode_tp8_prefill_then_decode1_256_64_51232_agent_info.csv
[m[0;33mW20250901 18:32:11.087460 140271412619008 tool.cpp:1902] rocprofv3_error_signal_handler caught signal 11...
[m# ---- Run standalone_attn_prefill_and_decode_tp8_prefill_then_decode1_256_64_102432 ----
INFO 09-01 18:32:17 [__init__.py:244] Automatically detected platform rocm.
[0;31mE20250901 18:32:35.178078 140572874303232 output_stream.cpp:105] Opened result file: ./profiles/standalone_attn_prefill_and_decode_tp8_prefill_then_decode1_256_64_102432_kernel_trace.csv
[m[0;31mE20250901 18:32:35.184500 140572874303232 output_stream.cpp:105] Opened result file: ./profiles/standalone_attn_prefill_and_decode_tp8_prefill_then_decode1_256_64_102432_agent_info.csv
[m[0;33mW20250901 18:32:43.809681 140572874303232 tool.cpp:1902] rocprofv3_error_signal_handler caught signal 11...
[m# ---- Run standalone_attn_prefill_and_decode_tp8_prefill_then_decode1_256_64_204832 ----
INFO 09-01 18:32:49 [__init__.py:244] Automatically detected platform rocm.
[0;31mE20250901 18:33:10.296323 140374428415744 output_stream.cpp:105] Opened result file: ./profiles/standalone_attn_prefill_and_decode_tp8_prefill_then_decode1_256_64_204832_kernel_trace.csv
[m[0;31mE20250901 18:33:10.303300 140374428415744 output_stream.cpp:105] Opened result file: ./profiles/standalone_attn_prefill_and_decode_tp8_prefill_then_decode1_256_64_204832_agent_info.csv
[m[0;33mW20250901 18:33:19.330055 140374428415744 tool.cpp:1902] rocprofv3_error_signal_handler caught signal 11...
[m# ---- Run standalone_attn_prefill_and_decode_tp8_prefill_then_decode1_256_64_409632 ----
INFO 09-01 18:33:26 [__init__.py:244] Automatically detected platform rocm.
[0;31mE20250901 18:33:47.971966 140160323634944 output_stream.cpp:105] Opened result file: ./profiles/standalone_attn_prefill_and_decode_tp8_prefill_then_decode1_256_64_409632_kernel_trace.csv
[m[0;31mE20250901 18:33:47.978808 140160323634944 output_stream.cpp:105] Opened result file: ./profiles/standalone_attn_prefill_and_decode_tp8_prefill_then_decode1_256_64_409632_agent_info.csv
[m[0;33mW20250901 18:33:57.556177 140160323634944 tool.cpp:1902] rocprofv3_error_signal_handler caught signal 11...
[m# ---- Run standalone_attn_prefill_and_decode_tp8_prefill_then_decode1_256_64_819232 ----
INFO 09-01 18:34:04 [__init__.py:244] Automatically detected platform rocm.
[0;31mE20250901 18:34:25.938329 140443772192512 output_stream.cpp:105] Opened result file: ./profiles/standalone_attn_prefill_and_decode_tp8_prefill_then_decode1_256_64_819232_kernel_trace.csv
[m[0;31mE20250901 18:34:25.945235 140443772192512 output_stream.cpp:105] Opened result file: ./profiles/standalone_attn_prefill_and_decode_tp8_prefill_then_decode1_256_64_819232_agent_info.csv
[m[0;33mW20250901 18:34:35.203007 140443772192512 tool.cpp:1902] rocprofv3_error_signal_handler caught signal 11...
[m# ---- Run standalone_attn_prefill_and_decode_tp8_prefill_then_decode1_256_128_25632 ----
INFO 09-01 18:34:42 [__init__.py:244] Automatically detected platform rocm.
[0;31mE20250901 18:35:01.307422 139882020374272 output_stream.cpp:105] Opened result file: ./profiles/standalone_attn_prefill_and_decode_tp8_prefill_then_decode1_256_128_25632_kernel_trace.csv
[m[0;31mE20250901 18:35:01.314204 139882020374272 output_stream.cpp:105] Opened result file: ./profiles/standalone_attn_prefill_and_decode_tp8_prefill_then_decode1_256_128_25632_agent_info.csv
[m[0;33mW20250901 18:35:10.431117 139882020374272 tool.cpp:1902] rocprofv3_error_signal_handler caught signal 11...
[m# ---- Run standalone_attn_prefill_and_decode_tp8_prefill_then_decode1_256_128_51232 ----
INFO 09-01 18:35:16 [__init__.py:244] Automatically detected platform rocm.
[0;31mE20250901 18:35:34.653552 140081515820800 output_stream.cpp:105] Opened result file: ./profiles/standalone_attn_prefill_and_decode_tp8_prefill_then_decode1_256_128_51232_kernel_trace.csv
[m[0;31mE20250901 18:35:34.659686 140081515820800 output_stream.cpp:105] Opened result file: ./profiles/standalone_attn_prefill_and_decode_tp8_prefill_then_decode1_256_128_51232_agent_info.csv
[m[0;33mW20250901 18:35:43.144946 140081515820800 tool.cpp:1902] rocprofv3_error_signal_handler caught signal 11...
[m# ---- Run standalone_attn_prefill_and_decode_tp8_prefill_then_decode1_256_128_102432 ----
INFO 09-01 18:35:49 [__init__.py:244] Automatically detected platform rocm.
[0;31mE20250901 18:36:06.529453 140154139559680 output_stream.cpp:105] Opened result file: ./profiles/standalone_attn_prefill_and_decode_tp8_prefill_then_decode1_256_128_102432_kernel_trace.csv
[m[0;31mE20250901 18:36:06.535495 140154139559680 output_stream.cpp:105] Opened result file: ./profiles/standalone_attn_prefill_and_decode_tp8_prefill_then_decode1_256_128_102432_agent_info.csv
[m[0;33mW20250901 18:36:15.505258 140154139559680 tool.cpp:1902] rocprofv3_error_signal_handler caught signal 11...
[m# ---- Run standalone_attn_prefill_and_decode_tp8_prefill_then_decode1_256_128_204832 ----
INFO 09-01 18:36:21 [__init__.py:244] Automatically detected platform rocm.
[0;31mE20250901 18:36:40.193736 140515556423424 output_stream.cpp:105] Opened result file: ./profiles/standalone_attn_prefill_and_decode_tp8_prefill_then_decode1_256_128_204832_kernel_trace.csv
[m[0;31mE20250901 18:36:40.200602 140515556423424 output_stream.cpp:105] Opened result file: ./profiles/standalone_attn_prefill_and_decode_tp8_prefill_then_decode1_256_128_204832_agent_info.csv
[m[0;33mW20250901 18:36:49.224858 140515556423424 tool.cpp:1902] rocprofv3_error_signal_handler caught signal 11...
[m# ---- Run standalone_attn_prefill_and_decode_tp8_prefill_then_decode1_256_128_409632 ----
INFO 09-01 18:36:56 [__init__.py:244] Automatically detected platform rocm.
[0;31mE20250901 18:37:15.489818 140334275938048 output_stream.cpp:105] Opened result file: ./profiles/standalone_attn_prefill_and_decode_tp8_prefill_then_decode1_256_128_409632_kernel_trace.csv
[m[0;31mE20250901 18:37:15.497263 140334275938048 output_stream.cpp:105] Opened result file: ./profiles/standalone_attn_prefill_and_decode_tp8_prefill_then_decode1_256_128_409632_agent_info.csv
[m[0;33mW20250901 18:37:25.121701 140334275938048 tool.cpp:1902] rocprofv3_error_signal_handler caught signal 11...
[m# ---- Run standalone_attn_prefill_and_decode_tp8_prefill_then_decode1_256_128_819232 ----
INFO 09-01 18:37:32 [__init__.py:244] Automatically detected platform rocm.
[0;31mE20250901 18:37:51.320374 140468708108032 output_stream.cpp:105] Opened result file: ./profiles/standalone_attn_prefill_and_decode_tp8_prefill_then_decode1_256_128_819232_kernel_trace.csv
[m[0;31mE20250901 18:37:51.327418 140468708108032 output_stream.cpp:105] Opened result file: ./profiles/standalone_attn_prefill_and_decode_tp8_prefill_then_decode1_256_128_819232_agent_info.csv
[m[0;33mW20250901 18:38:00.375849 140468708108032 tool.cpp:1902] rocprofv3_error_signal_handler caught signal 11...
[m# ---- Run standalone_attn_prefill_and_decode_tp8_prefill_then_decode1_512_1_25632 ----
INFO 09-01 18:38:07 [__init__.py:244] Automatically detected platform rocm.
[0;31mE20250901 18:38:28.120836 140612237100800 output_stream.cpp:105] Opened result file: ./profiles/standalone_attn_prefill_and_decode_tp8_prefill_then_decode1_512_1_25632_kernel_trace.csv
[m[0;31mE20250901 18:38:28.128097 140612237100800 output_stream.cpp:105] Opened result file: ./profiles/standalone_attn_prefill_and_decode_tp8_prefill_then_decode1_512_1_25632_agent_info.csv
[m[0;33mW20250901 18:38:37.364234 140612237100800 tool.cpp:1902] rocprofv3_error_signal_handler caught signal 11...
[m# ---- Run standalone_attn_prefill_and_decode_tp8_prefill_then_decode1_512_1_51232 ----
INFO 09-01 18:38:44 [__init__.py:244] Automatically detected platform rocm.
[0;31mE20250901 18:39:05.569055 140597125302016 output_stream.cpp:105] Opened result file: ./profiles/standalone_attn_prefill_and_decode_tp8_prefill_then_decode1_512_1_51232_kernel_trace.csv
[m[0;31mE20250901 18:39:05.576081 140597125302016 output_stream.cpp:105] Opened result file: ./profiles/standalone_attn_prefill_and_decode_tp8_prefill_then_decode1_512_1_51232_agent_info.csv
[m[0;33mW20250901 18:39:15.178344 140597125302016 tool.cpp:1902] rocprofv3_error_signal_handler caught signal 11...
[m# ---- Run standalone_attn_prefill_and_decode_tp8_prefill_then_decode1_512_1_102432 ----
INFO 09-01 18:39:22 [__init__.py:244] Automatically detected platform rocm.
[0;31mE20250901 18:39:42.638045 140504262932224 output_stream.cpp:105] Opened result file: ./profiles/standalone_attn_prefill_and_decode_tp8_prefill_then_decode1_512_1_102432_kernel_trace.csv
[m[0;31mE20250901 18:39:42.645180 140504262932224 output_stream.cpp:105] Opened result file: ./profiles/standalone_attn_prefill_and_decode_tp8_prefill_then_decode1_512_1_102432_agent_info.csv
[m[0;33mW20250901 18:39:51.817802 140504262932224 tool.cpp:1902] rocprofv3_error_signal_handler caught signal 11...
[m# ---- Run standalone_attn_prefill_and_decode_tp8_prefill_then_decode1_512_1_204832 ----
INFO 09-01 18:39:58 [__init__.py:244] Automatically detected platform rocm.
[0;31mE20250901 18:40:20.454048 140131171686144 output_stream.cpp:105] Opened result file: ./profiles/standalone_attn_prefill_and_decode_tp8_prefill_then_decode1_512_1_204832_kernel_trace.csv
[m[0;31mE20250901 18:40:20.460970 140131171686144 output_stream.cpp:105] Opened result file: ./profiles/standalone_attn_prefill_and_decode_tp8_prefill_then_decode1_512_1_204832_agent_info.csv
[m[0;33mW20250901 18:40:30.271599 140131171686144 tool.cpp:1902] rocprofv3_error_signal_handler caught signal 11...
[m# ---- Run standalone_attn_prefill_and_decode_tp8_prefill_then_decode1_512_1_409632 ----
INFO 09-01 18:40:37 [__init__.py:244] Automatically detected platform rocm.
[0;31mE20250901 18:40:57.759224 140067062744832 output_stream.cpp:105] Opened result file: ./profiles/standalone_attn_prefill_and_decode_tp8_prefill_then_decode1_512_1_409632_kernel_trace.csv
[m[0;31mE20250901 18:40:57.766429 140067062744832 output_stream.cpp:105] Opened result file: ./profiles/standalone_attn_prefill_and_decode_tp8_prefill_then_decode1_512_1_409632_agent_info.csv
[m[0;33mW20250901 18:41:06.241851 140067062744832 tool.cpp:1902] rocprofv3_error_signal_handler caught signal 11...
[m# ---- Run standalone_attn_prefill_and_decode_tp8_prefill_then_decode1_512_1_819232 ----
INFO 09-01 18:41:12 [__init__.py:244] Automatically detected platform rocm.
[0;31mE20250901 18:41:29.472386 139974984681216 output_stream.cpp:105] Opened result file: ./profiles/standalone_attn_prefill_and_decode_tp8_prefill_then_decode1_512_1_819232_kernel_trace.csv
[m[0;31mE20250901 18:41:29.479306 139974984681216 output_stream.cpp:105] Opened result file: ./profiles/standalone_attn_prefill_and_decode_tp8_prefill_then_decode1_512_1_819232_agent_info.csv
[m[0;33mW20250901 18:41:37.959818 139974984681216 tool.cpp:1902] rocprofv3_error_signal_handler caught signal 11...
[m# ---- Run standalone_attn_prefill_and_decode_tp8_prefill_then_decode1_512_2_25632 ----
INFO 09-01 18:41:44 [__init__.py:244] Automatically detected platform rocm.
[0;31mE20250901 18:42:01.838520 139926758573824 output_stream.cpp:105] Opened result file: ./profiles/standalone_attn_prefill_and_decode_tp8_prefill_then_decode1_512_2_25632_kernel_trace.csv
[m[0;31mE20250901 18:42:01.845485 139926758573824 output_stream.cpp:105] Opened result file: ./profiles/standalone_attn_prefill_and_decode_tp8_prefill_then_decode1_512_2_25632_agent_info.csv
[m[0;33mW20250901 18:42:11.101076 139926758573824 tool.cpp:1902] rocprofv3_error_signal_handler caught signal 11...
[m# ---- Run standalone_attn_prefill_and_decode_tp8_prefill_then_decode1_512_2_51232 ----
INFO 09-01 18:42:18 [__init__.py:244] Automatically detected platform rocm.
[0;31mE20250901 18:42:40.860800 139776979941120 output_stream.cpp:105] Opened result file: ./profiles/standalone_attn_prefill_and_decode_tp8_prefill_then_decode1_512_2_51232_kernel_trace.csv
[m[0;31mE20250901 18:42:40.868142 139776979941120 output_stream.cpp:105] Opened result file: ./profiles/standalone_attn_prefill_and_decode_tp8_prefill_then_decode1_512_2_51232_agent_info.csv
[m[0;33mW20250901 18:42:49.947312 139776979941120 tool.cpp:1902] rocprofv3_error_signal_handler caught signal 11...
[m# ---- Run standalone_attn_prefill_and_decode_tp8_prefill_then_decode1_512_2_102432 ----
INFO 09-01 18:42:57 [__init__.py:244] Automatically detected platform rocm.
[0;31mE20250901 18:43:19.010685 140476638086912 output_stream.cpp:105] Opened result file: ./profiles/standalone_attn_prefill_and_decode_tp8_prefill_then_decode1_512_2_102432_kernel_trace.csv
[m[0;31mE20250901 18:43:19.017712 140476638086912 output_stream.cpp:105] Opened result file: ./profiles/standalone_attn_prefill_and_decode_tp8_prefill_then_decode1_512_2_102432_agent_info.csv
[m[0;33mW20250901 18:43:28.289516 140476638086912 tool.cpp:1902] rocprofv3_error_signal_handler caught signal 11...
[m# ---- Run standalone_attn_prefill_and_decode_tp8_prefill_then_decode1_512_2_204832 ----
INFO 09-01 18:43:35 [__init__.py:244] Automatically detected platform rocm.
[0;31mE20250901 18:43:54.818875 140135657948928 output_stream.cpp:105] Opened result file: ./profiles/standalone_attn_prefill_and_decode_tp8_prefill_then_decode1_512_2_204832_kernel_trace.csv
[m[0;31mE20250901 18:43:54.825152 140135657948928 output_stream.cpp:105] Opened result file: ./profiles/standalone_attn_prefill_and_decode_tp8_prefill_then_decode1_512_2_204832_agent_info.csv
[m[0;33mW20250901 18:44:03.350340 140135657948928 tool.cpp:1902] rocprofv3_error_signal_handler caught signal 11...
[m# ---- Run standalone_attn_prefill_and_decode_tp8_prefill_then_decode1_512_2_409632 ----
INFO 09-01 18:44:09 [__init__.py:244] Automatically detected platform rocm.
[0;31mE20250901 18:44:26.698023 140095779686144 output_stream.cpp:105] Opened result file: ./profiles/standalone_attn_prefill_and_decode_tp8_prefill_then_decode1_512_2_409632_kernel_trace.csv
[m[0;31mE20250901 18:44:26.703811 140095779686144 output_stream.cpp:105] Opened result file: ./profiles/standalone_attn_prefill_and_decode_tp8_prefill_then_decode1_512_2_409632_agent_info.csv
[m[0;33mW20250901 18:44:35.098336 140095779686144 tool.cpp:1902] rocprofv3_error_signal_handler caught signal 11...
[m# ---- Run standalone_attn_prefill_and_decode_tp8_prefill_then_decode1_512_2_819232 ----
INFO 09-01 18:44:40 [__init__.py:244] Automatically detected platform rocm.
[0;31mE20250901 18:44:58.697266 139937990186752 output_stream.cpp:105] Opened result file: ./profiles/standalone_attn_prefill_and_decode_tp8_prefill_then_decode1_512_2_819232_kernel_trace.csv
[m[0;31mE20250901 18:44:58.703752 139937990186752 output_stream.cpp:105] Opened result file: ./profiles/standalone_attn_prefill_and_decode_tp8_prefill_then_decode1_512_2_819232_agent_info.csv
[m[0;33mW20250901 18:45:07.457823 139937990186752 tool.cpp:1902] rocprofv3_error_signal_handler caught signal 11...
[m# ---- Run standalone_attn_prefill_and_decode_tp8_prefill_then_decode1_512_4_25632 ----
INFO 09-01 18:45:13 [__init__.py:244] Automatically detected platform rocm.
[0;31mE20250901 18:45:31.229626 139942969472768 output_stream.cpp:105] Opened result file: ./profiles/standalone_attn_prefill_and_decode_tp8_prefill_then_decode1_512_4_25632_kernel_trace.csv
[m[0;31mE20250901 18:45:31.235604 139942969472768 output_stream.cpp:105] Opened result file: ./profiles/standalone_attn_prefill_and_decode_tp8_prefill_then_decode1_512_4_25632_agent_info.csv
[m[0;33mW20250901 18:45:40.001027 139942969472768 tool.cpp:1902] rocprofv3_error_signal_handler caught signal 11...
[m# ---- Run standalone_attn_prefill_and_decode_tp8_prefill_then_decode1_512_4_51232 ----
INFO 09-01 18:45:46 [__init__.py:244] Automatically detected platform rocm.
[0;31mE20250901 18:46:03.867837 139685498054400 output_stream.cpp:105] Opened result file: ./profiles/standalone_attn_prefill_and_decode_tp8_prefill_then_decode1_512_4_51232_kernel_trace.csv
[m[0;31mE20250901 18:46:03.873887 139685498054400 output_stream.cpp:105] Opened result file: ./profiles/standalone_attn_prefill_and_decode_tp8_prefill_then_decode1_512_4_51232_agent_info.csv
[m[0;33mW20250901 18:46:12.814259 139685498054400 tool.cpp:1902] rocprofv3_error_signal_handler caught signal 11...
[m# ---- Run standalone_attn_prefill_and_decode_tp8_prefill_then_decode1_512_4_102432 ----
INFO 09-01 18:46:18 [__init__.py:244] Automatically detected platform rocm.
[0;31mE20250901 18:46:36.332397 139741702969088 output_stream.cpp:105] Opened result file: ./profiles/standalone_attn_prefill_and_decode_tp8_prefill_then_decode1_512_4_102432_kernel_trace.csv
[m[0;31mE20250901 18:46:36.338959 139741702969088 output_stream.cpp:105] Opened result file: ./profiles/standalone_attn_prefill_and_decode_tp8_prefill_then_decode1_512_4_102432_agent_info.csv
[m[0;33mW20250901 18:46:45.109648 139741702969088 tool.cpp:1902] rocprofv3_error_signal_handler caught signal 11...
[m# ---- Run standalone_attn_prefill_and_decode_tp8_prefill_then_decode1_512_4_204832 ----
INFO 09-01 18:46:51 [__init__.py:244] Automatically detected platform rocm.
[0;31mE20250901 18:47:08.525410 140290988328704 output_stream.cpp:105] Opened result file: ./profiles/standalone_attn_prefill_and_decode_tp8_prefill_then_decode1_512_4_204832_kernel_trace.csv
[m[0;31mE20250901 18:47:08.531879 140290988328704 output_stream.cpp:105] Opened result file: ./profiles/standalone_attn_prefill_and_decode_tp8_prefill_then_decode1_512_4_204832_agent_info.csv
[m[0;33mW20250901 18:47:17.577327 140290988328704 tool.cpp:1902] rocprofv3_error_signal_handler caught signal 11...
[m# ---- Run standalone_attn_prefill_and_decode_tp8_prefill_then_decode1_512_4_409632 ----
INFO 09-01 18:47:23 [__init__.py:244] Automatically detected platform rocm.
[0;31mE20250901 18:47:40.971900 140661450241792 output_stream.cpp:105] Opened result file: ./profiles/standalone_attn_prefill_and_decode_tp8_prefill_then_decode1_512_4_409632_kernel_trace.csv
[m[0;31mE20250901 18:47:40.978983 140661450241792 output_stream.cpp:105] Opened result file: ./profiles/standalone_attn_prefill_and_decode_tp8_prefill_then_decode1_512_4_409632_agent_info.csv
[m[0;33mW20250901 18:47:50.025004 140661450241792 tool.cpp:1902] rocprofv3_error_signal_handler caught signal 11...
[m# ---- Run standalone_attn_prefill_and_decode_tp8_prefill_then_decode1_512_4_819232 ----
INFO 09-01 18:47:56 [__init__.py:244] Automatically detected platform rocm.
[0;31mE20250901 18:48:13.967624 139654936475392 output_stream.cpp:105] Opened result file: ./profiles/standalone_attn_prefill_and_decode_tp8_prefill_then_decode1_512_4_819232_kernel_trace.csv
[m[0;31mE20250901 18:48:13.974151 139654936475392 output_stream.cpp:105] Opened result file: ./profiles/standalone_attn_prefill_and_decode_tp8_prefill_then_decode1_512_4_819232_agent_info.csv
[m[0;33mW20250901 18:48:22.591419 139654936475392 tool.cpp:1902] rocprofv3_error_signal_handler caught signal 11...
[m# ---- Run standalone_attn_prefill_and_decode_tp8_prefill_then_decode1_512_8_25632 ----
INFO 09-01 18:48:28 [__init__.py:244] Automatically detected platform rocm.
[0;31mE20250901 18:48:48.667713 140486815078144 output_stream.cpp:105] Opened result file: ./profiles/standalone_attn_prefill_and_decode_tp8_prefill_then_decode1_512_8_25632_kernel_trace.csv
[m[0;31mE20250901 18:48:48.675194 140486815078144 output_stream.cpp:105] Opened result file: ./profiles/standalone_attn_prefill_and_decode_tp8_prefill_then_decode1_512_8_25632_agent_info.csv
[m[0;33mW20250901 18:48:57.907764 140486815078144 tool.cpp:1902] rocprofv3_error_signal_handler caught signal 11...
[m# ---- Run standalone_attn_prefill_and_decode_tp8_prefill_then_decode1_512_8_51232 ----
INFO 09-01 18:49:05 [__init__.py:244] Automatically detected platform rocm.
[0;31mE20250901 18:49:25.789583 140349594257152 output_stream.cpp:105] Opened result file: ./profiles/standalone_attn_prefill_and_decode_tp8_prefill_then_decode1_512_8_51232_kernel_trace.csv
[m[0;31mE20250901 18:49:25.796810 140349594257152 output_stream.cpp:105] Opened result file: ./profiles/standalone_attn_prefill_and_decode_tp8_prefill_then_decode1_512_8_51232_agent_info.csv
[m[0;33mW20250901 18:49:35.797237 140349594257152 tool.cpp:1902] rocprofv3_error_signal_handler caught signal 11...
[m# ---- Run standalone_attn_prefill_and_decode_tp8_prefill_then_decode1_512_8_102432 ----
INFO 09-01 18:49:42 [__init__.py:244] Automatically detected platform rocm.
[0;31mE20250901 18:50:03.791747 139623048255232 output_stream.cpp:105] Opened result file: ./profiles/standalone_attn_prefill_and_decode_tp8_prefill_then_decode1_512_8_102432_kernel_trace.csv
[m[0;31mE20250901 18:50:03.799053 139623048255232 output_stream.cpp:105] Opened result file: ./profiles/standalone_attn_prefill_and_decode_tp8_prefill_then_decode1_512_8_102432_agent_info.csv
[m[0;33mW20250901 18:50:13.272277 139623048255232 tool.cpp:1902] rocprofv3_error_signal_handler caught signal 11...
[m# ---- Run standalone_attn_prefill_and_decode_tp8_prefill_then_decode1_512_8_204832 ----
INFO 09-01 18:50:20 [__init__.py:244] Automatically detected platform rocm.
[0;31mE20250901 18:50:40.809647 140113490278144 output_stream.cpp:105] Opened result file: ./profiles/standalone_attn_prefill_and_decode_tp8_prefill_then_decode1_512_8_204832_kernel_trace.csv
[m[0;31mE20250901 18:50:40.815743 140113490278144 output_stream.cpp:105] Opened result file: ./profiles/standalone_attn_prefill_and_decode_tp8_prefill_then_decode1_512_8_204832_agent_info.csv
[m[0;33mW20250901 18:50:49.691960 140113490278144 tool.cpp:1902] rocprofv3_error_signal_handler caught signal 11...
[m# ---- Run standalone_attn_prefill_and_decode_tp8_prefill_then_decode1_512_8_409632 ----
INFO 09-01 18:50:55 [__init__.py:244] Automatically detected platform rocm.
[0;31mE20250901 18:51:13.666190 140116977714944 output_stream.cpp:105] Opened result file: ./profiles/standalone_attn_prefill_and_decode_tp8_prefill_then_decode1_512_8_409632_kernel_trace.csv
[m[0;31mE20250901 18:51:13.672350 140116977714944 output_stream.cpp:105] Opened result file: ./profiles/standalone_attn_prefill_and_decode_tp8_prefill_then_decode1_512_8_409632_agent_info.csv
[m[0;33mW20250901 18:51:22.850082 140116977714944 tool.cpp:1902] rocprofv3_error_signal_handler caught signal 11...
[m# ---- Run standalone_attn_prefill_and_decode_tp8_prefill_then_decode1_512_8_819232 ----
INFO 09-01 18:51:28 [__init__.py:244] Automatically detected platform rocm.
[0;31mE20250901 18:51:49.956369 139623317071616 output_stream.cpp:105] Opened result file: ./profiles/standalone_attn_prefill_and_decode_tp8_prefill_then_decode1_512_8_819232_kernel_trace.csv
[m[0;31mE20250901 18:51:49.963357 139623317071616 output_stream.cpp:105] Opened result file: ./profiles/standalone_attn_prefill_and_decode_tp8_prefill_then_decode1_512_8_819232_agent_info.csv
[m[0;33mW20250901 18:51:59.380567 139623317071616 tool.cpp:1902] rocprofv3_error_signal_handler caught signal 11...
[m# ---- Run standalone_attn_prefill_and_decode_tp8_prefill_then_decode1_512_16_25632 ----
INFO 09-01 18:52:07 [__init__.py:244] Automatically detected platform rocm.
[0;31mE20250901 18:52:26.405805 140001502922496 output_stream.cpp:105] Opened result file: ./profiles/standalone_attn_prefill_and_decode_tp8_prefill_then_decode1_512_16_25632_kernel_trace.csv
[m[0;31mE20250901 18:52:26.412979 140001502922496 output_stream.cpp:105] Opened result file: ./profiles/standalone_attn_prefill_and_decode_tp8_prefill_then_decode1_512_16_25632_agent_info.csv
[m[0;33mW20250901 18:52:35.050798 140001502922496 tool.cpp:1902] rocprofv3_error_signal_handler caught signal 11...
[m# ---- Run standalone_attn_prefill_and_decode_tp8_prefill_then_decode1_512_16_51232 ----
INFO 09-01 18:52:41 [__init__.py:244] Automatically detected platform rocm.
[0;31mE20250901 18:53:00.352180 140047809922816 output_stream.cpp:105] Opened result file: ./profiles/standalone_attn_prefill_and_decode_tp8_prefill_then_decode1_512_16_51232_kernel_trace.csv
[m[0;31mE20250901 18:53:00.359292 140047809922816 output_stream.cpp:105] Opened result file: ./profiles/standalone_attn_prefill_and_decode_tp8_prefill_then_decode1_512_16_51232_agent_info.csv
[m[0;33mW20250901 18:53:09.892433 140047809922816 tool.cpp:1902] rocprofv3_error_signal_handler caught signal 11...
[m# ---- Run standalone_attn_prefill_and_decode_tp8_prefill_then_decode1_512_16_102432 ----
INFO 09-01 18:53:16 [__init__.py:244] Automatically detected platform rocm.
[0;31mE20250901 18:53:36.838055 139948019136256 output_stream.cpp:105] Opened result file: ./profiles/standalone_attn_prefill_and_decode_tp8_prefill_then_decode1_512_16_102432_kernel_trace.csv
[m[0;31mE20250901 18:53:36.844977 139948019136256 output_stream.cpp:105] Opened result file: ./profiles/standalone_attn_prefill_and_decode_tp8_prefill_then_decode1_512_16_102432_agent_info.csv
[m[0;33mW20250901 18:53:46.377115 139948019136256 tool.cpp:1902] rocprofv3_error_signal_handler caught signal 11...
[m# ---- Run standalone_attn_prefill_and_decode_tp8_prefill_then_decode1_512_16_204832 ----
INFO 09-01 18:53:53 [__init__.py:244] Automatically detected platform rocm.
[0;31mE20250901 18:54:14.403237 140605376059136 output_stream.cpp:105] Opened result file: ./profiles/standalone_attn_prefill_and_decode_tp8_prefill_then_decode1_512_16_204832_kernel_trace.csv
[m[0;31mE20250901 18:54:14.410220 140605376059136 output_stream.cpp:105] Opened result file: ./profiles/standalone_attn_prefill_and_decode_tp8_prefill_then_decode1_512_16_204832_agent_info.csv
[m[0;33mW20250901 18:54:23.806664 140605376059136 tool.cpp:1902] rocprofv3_error_signal_handler caught signal 11...
[m# ---- Run standalone_attn_prefill_and_decode_tp8_prefill_then_decode1_512_16_409632 ----
INFO 09-01 18:54:30 [__init__.py:244] Automatically detected platform rocm.
[0;31mE20250901 18:54:50.431138 140436351686400 output_stream.cpp:105] Opened result file: ./profiles/standalone_attn_prefill_and_decode_tp8_prefill_then_decode1_512_16_409632_kernel_trace.csv
[m[0;31mE20250901 18:54:50.437711 140436351686400 output_stream.cpp:105] Opened result file: ./profiles/standalone_attn_prefill_and_decode_tp8_prefill_then_decode1_512_16_409632_agent_info.csv
[m[0;33mW20250901 18:54:59.548384 140436351686400 tool.cpp:1902] rocprofv3_error_signal_handler caught signal 11...
[m# ---- Run standalone_attn_prefill_and_decode_tp8_prefill_then_decode1_512_16_819232 ----
INFO 09-01 18:55:06 [__init__.py:244] Automatically detected platform rocm.
[0;31mE20250901 18:55:26.537267 140145997338368 output_stream.cpp:105] Opened result file: ./profiles/standalone_attn_prefill_and_decode_tp8_prefill_then_decode1_512_16_819232_kernel_trace.csv
[m[0;31mE20250901 18:55:26.544552 140145997338368 output_stream.cpp:105] Opened result file: ./profiles/standalone_attn_prefill_and_decode_tp8_prefill_then_decode1_512_16_819232_agent_info.csv
[m[0;33mW20250901 18:55:35.760262 140145997338368 tool.cpp:1902] rocprofv3_error_signal_handler caught signal 11...
[m# ---- Run standalone_attn_prefill_and_decode_tp8_prefill_then_decode1_512_32_25632 ----
INFO 09-01 18:55:42 [__init__.py:244] Automatically detected platform rocm.
[0;31mE20250901 18:56:01.607286 140602593093376 output_stream.cpp:105] Opened result file: ./profiles/standalone_attn_prefill_and_decode_tp8_prefill_then_decode1_512_32_25632_kernel_trace.csv
[m[0;31mE20250901 18:56:01.613800 140602593093376 output_stream.cpp:105] Opened result file: ./profiles/standalone_attn_prefill_and_decode_tp8_prefill_then_decode1_512_32_25632_agent_info.csv
[m[0;33mW20250901 18:56:10.363480 140602593093376 tool.cpp:1902] rocprofv3_error_signal_handler caught signal 11...
[m# ---- Run standalone_attn_prefill_and_decode_tp8_prefill_then_decode1_512_32_51232 ----
INFO 09-01 18:56:16 [__init__.py:244] Automatically detected platform rocm.
[0;31mE20250901 18:56:35.883431 139812062025472 output_stream.cpp:105] Opened result file: ./profiles/standalone_attn_prefill_and_decode_tp8_prefill_then_decode1_512_32_51232_kernel_trace.csv
[m[0;31mE20250901 18:56:35.889373 139812062025472 output_stream.cpp:105] Opened result file: ./profiles/standalone_attn_prefill_and_decode_tp8_prefill_then_decode1_512_32_51232_agent_info.csv
[m[0;33mW20250901 18:56:45.105015 139812062025472 tool.cpp:1902] rocprofv3_error_signal_handler caught signal 11...
[m# ---- Run standalone_attn_prefill_and_decode_tp8_prefill_then_decode1_512_32_102432 ----
INFO 09-01 18:56:51 [__init__.py:244] Automatically detected platform rocm.
[0;31mE20250901 18:57:09.602564 140628976260864 output_stream.cpp:105] Opened result file: ./profiles/standalone_attn_prefill_and_decode_tp8_prefill_then_decode1_512_32_102432_kernel_trace.csv
[m[0;31mE20250901 18:57:09.608738 140628976260864 output_stream.cpp:105] Opened result file: ./profiles/standalone_attn_prefill_and_decode_tp8_prefill_then_decode1_512_32_102432_agent_info.csv
[m[0;33mW20250901 18:57:18.039940 140628976260864 tool.cpp:1902] rocprofv3_error_signal_handler caught signal 11...
[m# ---- Run standalone_attn_prefill_and_decode_tp8_prefill_then_decode1_512_32_204832 ----
INFO 09-01 18:57:24 [__init__.py:244] Automatically detected platform rocm.
[0;31mE20250901 18:57:43.127638 139812292687616 output_stream.cpp:105] Opened result file: ./profiles/standalone_attn_prefill_and_decode_tp8_prefill_then_decode1_512_32_204832_kernel_trace.csv
[m[0;31mE20250901 18:57:43.134080 139812292687616 output_stream.cpp:105] Opened result file: ./profiles/standalone_attn_prefill_and_decode_tp8_prefill_then_decode1_512_32_204832_agent_info.csv
[m[0;33mW20250901 18:57:51.643662 139812292687616 tool.cpp:1902] rocprofv3_error_signal_handler caught signal 11...
[m# ---- Run standalone_attn_prefill_and_decode_tp8_prefill_then_decode1_512_32_409632 ----
INFO 09-01 18:57:57 [__init__.py:244] Automatically detected platform rocm.
[0;31mE20250901 18:58:18.349916 139729693284096 output_stream.cpp:105] Opened result file: ./profiles/standalone_attn_prefill_and_decode_tp8_prefill_then_decode1_512_32_409632_kernel_trace.csv
[m[0;31mE20250901 18:58:18.356850 139729693284096 output_stream.cpp:105] Opened result file: ./profiles/standalone_attn_prefill_and_decode_tp8_prefill_then_decode1_512_32_409632_agent_info.csv
[m[0;33mW20250901 18:58:27.864503 139729693284096 tool.cpp:1902] rocprofv3_error_signal_handler caught signal 11...
[m# ---- Run standalone_attn_prefill_and_decode_tp8_prefill_then_decode1_512_32_819232 ----
INFO 09-01 18:58:35 [__init__.py:244] Automatically detected platform rocm.
[0;31mE20250901 18:58:55.451347 140029240739584 output_stream.cpp:105] Opened result file: ./profiles/standalone_attn_prefill_and_decode_tp8_prefill_then_decode1_512_32_819232_kernel_trace.csv
[m[0;31mE20250901 18:58:55.459143 140029240739584 output_stream.cpp:105] Opened result file: ./profiles/standalone_attn_prefill_and_decode_tp8_prefill_then_decode1_512_32_819232_agent_info.csv
[m[0;33mW20250901 18:59:04.791887 140029240739584 tool.cpp:1902] rocprofv3_error_signal_handler caught signal 11...
[m# ---- Run standalone_attn_prefill_and_decode_tp8_prefill_then_decode1_512_64_25632 ----
INFO 09-01 18:59:11 [__init__.py:244] Automatically detected platform rocm.
[0;31mE20250901 18:59:30.083052 139644433843968 output_stream.cpp:105] Opened result file: ./profiles/standalone_attn_prefill_and_decode_tp8_prefill_then_decode1_512_64_25632_kernel_trace.csv
[m[0;31mE20250901 18:59:30.089565 139644433843968 output_stream.cpp:105] Opened result file: ./profiles/standalone_attn_prefill_and_decode_tp8_prefill_then_decode1_512_64_25632_agent_info.csv
[m[0;33mW20250901 18:59:39.347966 139644433843968 tool.cpp:1902] rocprofv3_error_signal_handler caught signal 11...
[m# ---- Run standalone_attn_prefill_and_decode_tp8_prefill_then_decode1_512_64_51232 ----
INFO 09-01 18:59:45 [__init__.py:244] Automatically detected platform rocm.
[0;31mE20250901 19:00:04.935664 140586869245696 output_stream.cpp:105] Opened result file: ./profiles/standalone_attn_prefill_and_decode_tp8_prefill_then_decode1_512_64_51232_kernel_trace.csv
[m[0;31mE20250901 19:00:04.942298 140586869245696 output_stream.cpp:105] Opened result file: ./profiles/standalone_attn_prefill_and_decode_tp8_prefill_then_decode1_512_64_51232_agent_info.csv
[m[0;33mW20250901 19:00:14.285844 140586869245696 tool.cpp:1902] rocprofv3_error_signal_handler caught signal 11...
[m# ---- Run standalone_attn_prefill_and_decode_tp8_prefill_then_decode1_512_64_102432 ----
INFO 09-01 19:00:20 [__init__.py:244] Automatically detected platform rocm.
[0;31mE20250901 19:00:40.095791 139761565988608 output_stream.cpp:105] Opened result file: ./profiles/standalone_attn_prefill_and_decode_tp8_prefill_then_decode1_512_64_102432_kernel_trace.csv
[m[0;31mE20250901 19:00:40.102469 139761565988608 output_stream.cpp:105] Opened result file: ./profiles/standalone_attn_prefill_and_decode_tp8_prefill_then_decode1_512_64_102432_agent_info.csv
[m[0;33mW20250901 19:00:48.957971 139761565988608 tool.cpp:1902] rocprofv3_error_signal_handler caught signal 11...
[m# ---- Run standalone_attn_prefill_and_decode_tp8_prefill_then_decode1_512_64_204832 ----
INFO 09-01 19:00:55 [__init__.py:244] Automatically detected platform rocm.
[0;31mE20250901 19:01:15.963519 139768956503808 output_stream.cpp:105] Opened result file: ./profiles/standalone_attn_prefill_and_decode_tp8_prefill_then_decode1_512_64_204832_kernel_trace.csv
[m[0;31mE20250901 19:01:15.970436 139768956503808 output_stream.cpp:105] Opened result file: ./profiles/standalone_attn_prefill_and_decode_tp8_prefill_then_decode1_512_64_204832_agent_info.csv
[m[0;33mW20250901 19:01:25.364638 139768956503808 tool.cpp:1902] rocprofv3_error_signal_handler caught signal 11...
[m# ---- Run standalone_attn_prefill_and_decode_tp8_prefill_then_decode1_512_64_409632 ----
INFO 09-01 19:01:32 [__init__.py:244] Automatically detected platform rocm.
[0;31mE20250901 19:01:52.443761 140667375212288 output_stream.cpp:105] Opened result file: ./profiles/standalone_attn_prefill_and_decode_tp8_prefill_then_decode1_512_64_409632_kernel_trace.csv
[m[0;31mE20250901 19:01:52.450495 140667375212288 output_stream.cpp:105] Opened result file: ./profiles/standalone_attn_prefill_and_decode_tp8_prefill_then_decode1_512_64_409632_agent_info.csv
[m[0;33mW20250901 19:02:02.247645 140667375212288 tool.cpp:1902] rocprofv3_error_signal_handler caught signal 11...
[m# ---- Run standalone_attn_prefill_and_decode_tp8_prefill_then_decode1_512_64_819232 ----
INFO 09-01 19:02:09 [__init__.py:244] Automatically detected platform rocm.
[0;31mE20250901 19:02:29.367028 139961310172928 output_stream.cpp:105] Opened result file: ./profiles/standalone_attn_prefill_and_decode_tp8_prefill_then_decode1_512_64_819232_kernel_trace.csv
[m[0;31mE20250901 19:02:29.374172 139961310172928 output_stream.cpp:105] Opened result file: ./profiles/standalone_attn_prefill_and_decode_tp8_prefill_then_decode1_512_64_819232_agent_info.csv
[m[0;33mW20250901 19:02:38.522322 139961310172928 tool.cpp:1902] rocprofv3_error_signal_handler caught signal 11...
[m# ---- Run standalone_attn_prefill_and_decode_tp8_prefill_then_decode1_512_128_25632 ----
INFO 09-01 19:02:45 [__init__.py:244] Automatically detected platform rocm.
[0;31mE20250901 19:03:04.120493 139959858345728 output_stream.cpp:105] Opened result file: ./profiles/standalone_attn_prefill_and_decode_tp8_prefill_then_decode1_512_128_25632_kernel_trace.csv
[m[0;31mE20250901 19:03:04.126699 139959858345728 output_stream.cpp:105] Opened result file: ./profiles/standalone_attn_prefill_and_decode_tp8_prefill_then_decode1_512_128_25632_agent_info.csv
[m[0;33mW20250901 19:03:12.518757 139959858345728 tool.cpp:1902] rocprofv3_error_signal_handler caught signal 11...
[m# ---- Run standalone_attn_prefill_and_decode_tp8_prefill_then_decode1_512_128_51232 ----
INFO 09-01 19:03:18 [__init__.py:244] Automatically detected platform rocm.
[0;31mE20250901 19:03:36.230427 140070182442752 output_stream.cpp:105] Opened result file: ./profiles/standalone_attn_prefill_and_decode_tp8_prefill_then_decode1_512_128_51232_kernel_trace.csv
[m[0;31mE20250901 19:03:36.236833 140070182442752 output_stream.cpp:105] Opened result file: ./profiles/standalone_attn_prefill_and_decode_tp8_prefill_then_decode1_512_128_51232_agent_info.csv
[m[0;33mW20250901 19:03:45.156472 140070182442752 tool.cpp:1902] rocprofv3_error_signal_handler caught signal 11...
[m# ---- Run standalone_attn_prefill_and_decode_tp8_prefill_then_decode1_512_128_102432 ----
INFO 09-01 19:03:51 [__init__.py:244] Automatically detected platform rocm.
[0;31mE20250901 19:04:10.419018 139653497333504 output_stream.cpp:105] Opened result file: ./profiles/standalone_attn_prefill_and_decode_tp8_prefill_then_decode1_512_128_102432_kernel_trace.csv
[m[0;31mE20250901 19:04:10.426059 139653497333504 output_stream.cpp:105] Opened result file: ./profiles/standalone_attn_prefill_and_decode_tp8_prefill_then_decode1_512_128_102432_agent_info.csv
[m[0;33mW20250901 19:04:20.039674 139653497333504 tool.cpp:1902] rocprofv3_error_signal_handler caught signal 11...
[m# ---- Run standalone_attn_prefill_and_decode_tp8_prefill_then_decode1_512_128_204832 ----
INFO 09-01 19:04:27 [__init__.py:244] Automatically detected platform rocm.
[0;31mE20250901 19:04:46.256198 140361459160832 output_stream.cpp:105] Opened result file: ./profiles/standalone_attn_prefill_and_decode_tp8_prefill_then_decode1_512_128_204832_kernel_trace.csv
[m[0;31mE20250901 19:04:46.263128 140361459160832 output_stream.cpp:105] Opened result file: ./profiles/standalone_attn_prefill_and_decode_tp8_prefill_then_decode1_512_128_204832_agent_info.csv
[m[0;33mW20250901 19:04:55.950512 140361459160832 tool.cpp:1902] rocprofv3_error_signal_handler caught signal 11...
[m# ---- Run standalone_attn_prefill_and_decode_tp8_prefill_then_decode1_512_128_409632 ----
INFO 09-01 19:05:02 [__init__.py:244] Automatically detected platform rocm.
[0;31mE20250901 19:05:21.521900 140485359212288 output_stream.cpp:105] Opened result file: ./profiles/standalone_attn_prefill_and_decode_tp8_prefill_then_decode1_512_128_409632_kernel_trace.csv
[m[0;31mE20250901 19:05:21.529037 140485359212288 output_stream.cpp:105] Opened result file: ./profiles/standalone_attn_prefill_and_decode_tp8_prefill_then_decode1_512_128_409632_agent_info.csv
[m[0;33mW20250901 19:05:30.783916 140485359212288 tool.cpp:1902] rocprofv3_error_signal_handler caught signal 11...
[m# ---- Run standalone_attn_prefill_and_decode_tp8_prefill_then_decode1_512_128_819232 ----
INFO 09-01 19:05:37 [__init__.py:244] Automatically detected platform rocm.
[0;31mE20250901 19:05:56.402848 140460165740288 output_stream.cpp:105] Opened result file: ./profiles/standalone_attn_prefill_and_decode_tp8_prefill_then_decode1_512_128_819232_kernel_trace.csv
[m[0;31mE20250901 19:05:56.409760 140460165740288 output_stream.cpp:105] Opened result file: ./profiles/standalone_attn_prefill_and_decode_tp8_prefill_then_decode1_512_128_819232_agent_info.csv
[m[0;33mW20250901 19:06:04.891920 140460165740288 tool.cpp:1902] rocprofv3_error_signal_handler caught signal 11...
[m# ---- Run standalone_attn_prefill_and_decode_tp8_prefill_then_decode1_1024_1_25632 ----
INFO 09-01 19:06:11 [__init__.py:244] Automatically detected platform rocm.
[0;31mE20250901 19:06:30.841329 140134412031744 output_stream.cpp:105] Opened result file: ./profiles/standalone_attn_prefill_and_decode_tp8_prefill_then_decode1_1024_1_25632_kernel_trace.csv
[m[0;31mE20250901 19:06:30.848332 140134412031744 output_stream.cpp:105] Opened result file: ./profiles/standalone_attn_prefill_and_decode_tp8_prefill_then_decode1_1024_1_25632_agent_info.csv
[m[0;33mW20250901 19:06:40.043887 140134412031744 tool.cpp:1902] rocprofv3_error_signal_handler caught signal 11...
[m# ---- Run standalone_attn_prefill_and_decode_tp8_prefill_then_decode1_1024_1_51232 ----
INFO 09-01 19:06:47 [__init__.py:244] Automatically detected platform rocm.
[0;31mE20250901 19:07:07.195545 140588908504832 output_stream.cpp:105] Opened result file: ./profiles/standalone_attn_prefill_and_decode_tp8_prefill_then_decode1_1024_1_51232_kernel_trace.csv
[m[0;31mE20250901 19:07:07.201770 140588908504832 output_stream.cpp:105] Opened result file: ./profiles/standalone_attn_prefill_and_decode_tp8_prefill_then_decode1_1024_1_51232_agent_info.csv
[m[0;33mW20250901 19:07:16.100229 140588908504832 tool.cpp:1902] rocprofv3_error_signal_handler caught signal 11...
[m# ---- Run standalone_attn_prefill_and_decode_tp8_prefill_then_decode1_1024_1_102432 ----
INFO 09-01 19:07:22 [__init__.py:244] Automatically detected platform rocm.
[0;31mE20250901 19:07:40.303440 139769328260864 output_stream.cpp:105] Opened result file: ./profiles/standalone_attn_prefill_and_decode_tp8_prefill_then_decode1_1024_1_102432_kernel_trace.csv
[m[0;31mE20250901 19:07:40.310231 139769328260864 output_stream.cpp:105] Opened result file: ./profiles/standalone_attn_prefill_and_decode_tp8_prefill_then_decode1_1024_1_102432_agent_info.csv
[m[0;33mW20250901 19:07:49.025597 139769328260864 tool.cpp:1902] rocprofv3_error_signal_handler caught signal 11...
[m# ---- Run standalone_attn_prefill_and_decode_tp8_prefill_then_decode1_1024_1_204832 ----
INFO 09-01 19:07:55 [__init__.py:244] Automatically detected platform rocm.
[0;31mE20250901 19:08:13.174218 140280723949312 output_stream.cpp:105] Opened result file: ./profiles/standalone_attn_prefill_and_decode_tp8_prefill_then_decode1_1024_1_204832_kernel_trace.csv
[m[0;31mE20250901 19:08:13.180726 140280723949312 output_stream.cpp:105] Opened result file: ./profiles/standalone_attn_prefill_and_decode_tp8_prefill_then_decode1_1024_1_204832_agent_info.csv
[m[0;33mW20250901 19:08:21.801325 140280723949312 tool.cpp:1902] rocprofv3_error_signal_handler caught signal 11...
[m# ---- Run standalone_attn_prefill_and_decode_tp8_prefill_then_decode1_1024_1_409632 ----
INFO 09-01 19:08:27 [__init__.py:244] Automatically detected platform rocm.
[0;31mE20250901 19:08:45.883281 140641920009984 output_stream.cpp:105] Opened result file: ./profiles/standalone_attn_prefill_and_decode_tp8_prefill_then_decode1_1024_1_409632_kernel_trace.csv
[m[0;31mE20250901 19:08:45.889812 140641920009984 output_stream.cpp:105] Opened result file: ./profiles/standalone_attn_prefill_and_decode_tp8_prefill_then_decode1_1024_1_409632_agent_info.csv
[m[0;33mW20250901 19:08:54.875151 140641920009984 tool.cpp:1902] rocprofv3_error_signal_handler caught signal 11...
[m# ---- Run standalone_attn_prefill_and_decode_tp8_prefill_then_decode1_1024_1_819232 ----
INFO 09-01 19:09:01 [__init__.py:244] Automatically detected platform rocm.
[0;31mE20250901 19:09:19.720542 139789389108992 output_stream.cpp:105] Opened result file: ./profiles/standalone_attn_prefill_and_decode_tp8_prefill_then_decode1_1024_1_819232_kernel_trace.csv
[m[0;31mE20250901 19:09:19.727880 139789389108992 output_stream.cpp:105] Opened result file: ./profiles/standalone_attn_prefill_and_decode_tp8_prefill_then_decode1_1024_1_819232_agent_info.csv
[m[0;33mW20250901 19:09:28.978115 139789389108992 tool.cpp:1902] rocprofv3_error_signal_handler caught signal 11...
[m# ---- Run standalone_attn_prefill_and_decode_tp8_prefill_then_decode1_1024_2_25632 ----
INFO 09-01 19:09:35 [__init__.py:244] Automatically detected platform rocm.
[0;31mE20250901 19:09:53.902168 140413756389120 output_stream.cpp:105] Opened result file: ./profiles/standalone_attn_prefill_and_decode_tp8_prefill_then_decode1_1024_2_25632_kernel_trace.csv
[m[0;31mE20250901 19:09:53.910571 140413756389120 output_stream.cpp:105] Opened result file: ./profiles/standalone_attn_prefill_and_decode_tp8_prefill_then_decode1_1024_2_25632_agent_info.csv
[m[0;33mW20250901 19:10:02.704270 140413756389120 tool.cpp:1902] rocprofv3_error_signal_handler caught signal 11...
[m# ---- Run standalone_attn_prefill_and_decode_tp8_prefill_then_decode1_1024_2_51232 ----
INFO 09-01 19:10:08 [__init__.py:244] Automatically detected platform rocm.
[0;31mE20250901 19:10:27.231833 140229571548928 output_stream.cpp:105] Opened result file: ./profiles/standalone_attn_prefill_and_decode_tp8_prefill_then_decode1_1024_2_51232_kernel_trace.csv
[m[0;31mE20250901 19:10:27.239368 140229571548928 output_stream.cpp:105] Opened result file: ./profiles/standalone_attn_prefill_and_decode_tp8_prefill_then_decode1_1024_2_51232_agent_info.csv
[m[0;33mW20250901 19:10:36.076503 140229571548928 tool.cpp:1902] rocprofv3_error_signal_handler caught signal 11...
[m# ---- Run standalone_attn_prefill_and_decode_tp8_prefill_then_decode1_1024_2_102432 ----
INFO 09-01 19:10:42 [__init__.py:244] Automatically detected platform rocm.
[0;31mE20250901 19:11:02.881101 140294485276416 output_stream.cpp:105] Opened result file: ./profiles/standalone_attn_prefill_and_decode_tp8_prefill_then_decode1_1024_2_102432_kernel_trace.csv
[m[0;31mE20250901 19:11:02.888620 140294485276416 output_stream.cpp:105] Opened result file: ./profiles/standalone_attn_prefill_and_decode_tp8_prefill_then_decode1_1024_2_102432_agent_info.csv
[m[0;33mW20250901 19:11:11.937015 140294485276416 tool.cpp:1902] rocprofv3_error_signal_handler caught signal 11...
[m# ---- Run standalone_attn_prefill_and_decode_tp8_prefill_then_decode1_1024_2_204832 ----
INFO 09-01 19:11:19 [__init__.py:244] Automatically detected platform rocm.
[0;31mE20250901 19:11:39.054550 140311956932352 output_stream.cpp:105] Opened result file: ./profiles/standalone_attn_prefill_and_decode_tp8_prefill_then_decode1_1024_2_204832_kernel_trace.csv
[m[0;31mE20250901 19:11:39.061733 140311956932352 output_stream.cpp:105] Opened result file: ./profiles/standalone_attn_prefill_and_decode_tp8_prefill_then_decode1_1024_2_204832_agent_info.csv
[m[0;33mW20250901 19:11:48.248751 140311956932352 tool.cpp:1902] rocprofv3_error_signal_handler caught signal 11...
[m# ---- Run standalone_attn_prefill_and_decode_tp8_prefill_then_decode1_1024_2_409632 ----
INFO 09-01 19:11:55 [__init__.py:244] Automatically detected platform rocm.
[0;31mE20250901 19:12:15.551979 140339105605376 output_stream.cpp:105] Opened result file: ./profiles/standalone_attn_prefill_and_decode_tp8_prefill_then_decode1_1024_2_409632_kernel_trace.csv
[m[0;31mE20250901 19:12:15.559863 140339105605376 output_stream.cpp:105] Opened result file: ./profiles/standalone_attn_prefill_and_decode_tp8_prefill_then_decode1_1024_2_409632_agent_info.csv
[m[0;33mW20250901 19:12:25.030016 140339105605376 tool.cpp:1902] rocprofv3_error_signal_handler caught signal 11...
[m# ---- Run standalone_attn_prefill_and_decode_tp8_prefill_then_decode1_1024_2_819232 ----
INFO 09-01 19:12:32 [__init__.py:244] Automatically detected platform rocm.
[0;31mE20250901 19:12:52.982768 140100794451712 output_stream.cpp:105] Opened result file: ./profiles/standalone_attn_prefill_and_decode_tp8_prefill_then_decode1_1024_2_819232_kernel_trace.csv
[m[0;31mE20250901 19:12:52.990441 140100794451712 output_stream.cpp:105] Opened result file: ./profiles/standalone_attn_prefill_and_decode_tp8_prefill_then_decode1_1024_2_819232_agent_info.csv
[m[0;33mW20250901 19:13:02.024738 140100794451712 tool.cpp:1902] rocprofv3_error_signal_handler caught signal 11...
[m# ---- Run standalone_attn_prefill_and_decode_tp8_prefill_then_decode1_1024_4_25632 ----
INFO 09-01 19:13:09 [__init__.py:244] Automatically detected platform rocm.
[0;31mE20250901 19:13:28.772980 140450549114624 output_stream.cpp:105] Opened result file: ./profiles/standalone_attn_prefill_and_decode_tp8_prefill_then_decode1_1024_4_25632_kernel_trace.csv
[m[0;31mE20250901 19:13:28.779390 140450549114624 output_stream.cpp:105] Opened result file: ./profiles/standalone_attn_prefill_and_decode_tp8_prefill_then_decode1_1024_4_25632_agent_info.csv
[m[0;33mW20250901 19:13:37.484598 140450549114624 tool.cpp:1902] rocprofv3_error_signal_handler caught signal 11...
[m# ---- Run standalone_attn_prefill_and_decode_tp8_prefill_then_decode1_1024_4_51232 ----
INFO 09-01 19:13:44 [__init__.py:244] Automatically detected platform rocm.
[0;31mE20250901 19:14:03.174388 139642357249792 output_stream.cpp:105] Opened result file: ./profiles/standalone_attn_prefill_and_decode_tp8_prefill_then_decode1_1024_4_51232_kernel_trace.csv
[m[0;31mE20250901 19:14:03.180622 139642357249792 output_stream.cpp:105] Opened result file: ./profiles/standalone_attn_prefill_and_decode_tp8_prefill_then_decode1_1024_4_51232_agent_info.csv
[m[0;33mW20250901 19:14:12.225342 139642357249792 tool.cpp:1902] rocprofv3_error_signal_handler caught signal 11...
[m# ---- Run standalone_attn_prefill_and_decode_tp8_prefill_then_decode1_1024_4_102432 ----
INFO 09-01 19:14:18 [__init__.py:244] Automatically detected platform rocm.
[0;31mE20250901 19:14:38.420578 139878412330752 output_stream.cpp:105] Opened result file: ./profiles/standalone_attn_prefill_and_decode_tp8_prefill_then_decode1_1024_4_102432_kernel_trace.csv
[m[0;31mE20250901 19:14:38.427452 139878412330752 output_stream.cpp:105] Opened result file: ./profiles/standalone_attn_prefill_and_decode_tp8_prefill_then_decode1_1024_4_102432_agent_info.csv
[m[0;33mW20250901 19:14:47.853724 139878412330752 tool.cpp:1902] rocprofv3_error_signal_handler caught signal 11...
[m# ---- Run standalone_attn_prefill_and_decode_tp8_prefill_then_decode1_1024_4_204832 ----
INFO 09-01 19:14:55 [__init__.py:244] Automatically detected platform rocm.
[0;31mE20250901 19:15:15.056172 140390498825984 output_stream.cpp:105] Opened result file: ./profiles/standalone_attn_prefill_and_decode_tp8_prefill_then_decode1_1024_4_204832_kernel_trace.csv
[m[0;31mE20250901 19:15:15.062715 140390498825984 output_stream.cpp:105] Opened result file: ./profiles/standalone_attn_prefill_and_decode_tp8_prefill_then_decode1_1024_4_204832_agent_info.csv
[m[0;33mW20250901 19:15:23.827209 140390498825984 tool.cpp:1902] rocprofv3_error_signal_handler caught signal 11...
[m# ---- Run standalone_attn_prefill_and_decode_tp8_prefill_then_decode1_1024_4_409632 ----
INFO 09-01 19:15:30 [__init__.py:244] Automatically detected platform rocm.
[0;31mE20250901 19:15:48.011909 140493151942400 output_stream.cpp:105] Opened result file: ./profiles/standalone_attn_prefill_and_decode_tp8_prefill_then_decode1_1024_4_409632_kernel_trace.csv
[m[0;31mE20250901 19:15:48.018128 140493151942400 output_stream.cpp:105] Opened result file: ./profiles/standalone_attn_prefill_and_decode_tp8_prefill_then_decode1_1024_4_409632_agent_info.csv
[m[0;33mW20250901 19:15:57.040772 140493151942400 tool.cpp:1902] rocprofv3_error_signal_handler caught signal 11...
[m# ---- Run standalone_attn_prefill_and_decode_tp8_prefill_then_decode1_1024_4_819232 ----
INFO 09-01 19:16:03 [__init__.py:244] Automatically detected platform rocm.
[0;31mE20250901 19:16:21.170968 139912821143296 output_stream.cpp:105] Opened result file: ./profiles/standalone_attn_prefill_and_decode_tp8_prefill_then_decode1_1024_4_819232_kernel_trace.csv
[m[0;31mE20250901 19:16:21.177179 139912821143296 output_stream.cpp:105] Opened result file: ./profiles/standalone_attn_prefill_and_decode_tp8_prefill_then_decode1_1024_4_819232_agent_info.csv
[m[0;33mW20250901 19:16:30.156693 139912821143296 tool.cpp:1902] rocprofv3_error_signal_handler caught signal 11...
[m# ---- Run standalone_attn_prefill_and_decode_tp8_prefill_then_decode1_1024_8_25632 ----
INFO 09-01 19:16:37 [__init__.py:244] Automatically detected platform rocm.
[0;31mE20250901 19:16:58.576721 140048466446080 output_stream.cpp:105] Opened result file: ./profiles/standalone_attn_prefill_and_decode_tp8_prefill_then_decode1_1024_8_25632_kernel_trace.csv
[m[0;31mE20250901 19:16:58.584076 140048466446080 output_stream.cpp:105] Opened result file: ./profiles/standalone_attn_prefill_and_decode_tp8_prefill_then_decode1_1024_8_25632_agent_info.csv
[m[0;33mW20250901 19:17:07.608119 140048466446080 tool.cpp:1902] rocprofv3_error_signal_handler caught signal 11...
[m# ---- Run standalone_attn_prefill_and_decode_tp8_prefill_then_decode1_1024_8_51232 ----
INFO 09-01 19:17:15 [__init__.py:244] Automatically detected platform rocm.
[0;31mE20250901 19:17:34.662651 140638501869312 output_stream.cpp:105] Opened result file: ./profiles/standalone_attn_prefill_and_decode_tp8_prefill_then_decode1_1024_8_51232_kernel_trace.csv
[m[0;31mE20250901 19:17:34.668807 140638501869312 output_stream.cpp:105] Opened result file: ./profiles/standalone_attn_prefill_and_decode_tp8_prefill_then_decode1_1024_8_51232_agent_info.csv
[m[0;33mW20250901 19:17:43.537489 140638501869312 tool.cpp:1902] rocprofv3_error_signal_handler caught signal 11...
[m# ---- Run standalone_attn_prefill_and_decode_tp8_prefill_then_decode1_1024_8_102432 ----
INFO 09-01 19:17:49 [__init__.py:244] Automatically detected platform rocm.
[0;31mE20250901 19:18:07.350714 140079484581632 output_stream.cpp:105] Opened result file: ./profiles/standalone_attn_prefill_and_decode_tp8_prefill_then_decode1_1024_8_102432_kernel_trace.csv
[m[0;31mE20250901 19:18:07.356901 140079484581632 output_stream.cpp:105] Opened result file: ./profiles/standalone_attn_prefill_and_decode_tp8_prefill_then_decode1_1024_8_102432_agent_info.csv
[m[0;33mW20250901 19:18:15.948869 140079484581632 tool.cpp:1902] rocprofv3_error_signal_handler caught signal 11...
[m# ---- Run standalone_attn_prefill_and_decode_tp8_prefill_then_decode1_1024_8_204832 ----
INFO 09-01 19:18:21 [__init__.py:244] Automatically detected platform rocm.
[0;31mE20250901 19:18:40.236025 140227055937280 output_stream.cpp:105] Opened result file: ./profiles/standalone_attn_prefill_and_decode_tp8_prefill_then_decode1_1024_8_204832_kernel_trace.csv
[m[0;31mE20250901 19:18:40.244221 140227055937280 output_stream.cpp:105] Opened result file: ./profiles/standalone_attn_prefill_and_decode_tp8_prefill_then_decode1_1024_8_204832_agent_info.csv
[m[0;33mW20250901 19:18:49.759255 140227055937280 tool.cpp:1902] rocprofv3_error_signal_handler caught signal 11...
[m# ---- Run standalone_attn_prefill_and_decode_tp8_prefill_then_decode1_1024_8_409632 ----
INFO 09-01 19:18:56 [__init__.py:244] Automatically detected platform rocm.
[0;31mE20250901 19:19:16.671905 140180523521792 output_stream.cpp:105] Opened result file: ./profiles/standalone_attn_prefill_and_decode_tp8_prefill_then_decode1_1024_8_409632_kernel_trace.csv
[m[0;31mE20250901 19:19:16.678844 140180523521792 output_stream.cpp:105] Opened result file: ./profiles/standalone_attn_prefill_and_decode_tp8_prefill_then_decode1_1024_8_409632_agent_info.csv
[m[0;33mW20250901 19:19:25.656573 140180523521792 tool.cpp:1902] rocprofv3_error_signal_handler caught signal 11...
[m# ---- Run standalone_attn_prefill_and_decode_tp8_prefill_then_decode1_1024_8_819232 ----
INFO 09-01 19:19:32 [__init__.py:244] Automatically detected platform rocm.
[0;31mE20250901 19:19:53.738431 140632176752384 output_stream.cpp:105] Opened result file: ./profiles/standalone_attn_prefill_and_decode_tp8_prefill_then_decode1_1024_8_819232_kernel_trace.csv
[m[0;31mE20250901 19:19:53.745676 140632176752384 output_stream.cpp:105] Opened result file: ./profiles/standalone_attn_prefill_and_decode_tp8_prefill_then_decode1_1024_8_819232_agent_info.csv
[m[0;33mW20250901 19:20:03.175496 140632176752384 tool.cpp:1902] rocprofv3_error_signal_handler caught signal 11...
[m# ---- Run standalone_attn_prefill_and_decode_tp8_prefill_then_decode1_1024_16_25632 ----
INFO 09-01 19:20:10 [__init__.py:244] Automatically detected platform rocm.
[0;31mE20250901 19:20:31.495008 140351204476672 output_stream.cpp:105] Opened result file: ./profiles/standalone_attn_prefill_and_decode_tp8_prefill_then_decode1_1024_16_25632_kernel_trace.csv
[m[0;31mE20250901 19:20:31.502465 140351204476672 output_stream.cpp:105] Opened result file: ./profiles/standalone_attn_prefill_and_decode_tp8_prefill_then_decode1_1024_16_25632_agent_info.csv
[m[0;33mW20250901 19:20:40.674382 140351204476672 tool.cpp:1902] rocprofv3_error_signal_handler caught signal 11...
[m# ---- Run standalone_attn_prefill_and_decode_tp8_prefill_then_decode1_1024_16_51232 ----
INFO 09-01 19:20:48 [__init__.py:244] Automatically detected platform rocm.
[0;31mE20250901 19:21:08.599570 140159149909760 output_stream.cpp:105] Opened result file: ./profiles/standalone_attn_prefill_and_decode_tp8_prefill_then_decode1_1024_16_51232_kernel_trace.csv
[m[0;31mE20250901 19:21:08.606905 140159149909760 output_stream.cpp:105] Opened result file: ./profiles/standalone_attn_prefill_and_decode_tp8_prefill_then_decode1_1024_16_51232_agent_info.csv
[m[0;33mW20250901 19:21:17.650417 140159149909760 tool.cpp:1902] rocprofv3_error_signal_handler caught signal 11...
[m# ---- Run standalone_attn_prefill_and_decode_tp8_prefill_then_decode1_1024_16_102432 ----
INFO 09-01 19:21:24 [__init__.py:244] Automatically detected platform rocm.
[0;31mE20250901 19:21:44.682921 140521344214784 output_stream.cpp:105] Opened result file: ./profiles/standalone_attn_prefill_and_decode_tp8_prefill_then_decode1_1024_16_102432_kernel_trace.csv
[m[0;31mE20250901 19:21:44.689455 140521344214784 output_stream.cpp:105] Opened result file: ./profiles/standalone_attn_prefill_and_decode_tp8_prefill_then_decode1_1024_16_102432_agent_info.csv
[m[0;33mW20250901 19:21:53.436830 140521344214784 tool.cpp:1902] rocprofv3_error_signal_handler caught signal 11...
[m# ---- Run standalone_attn_prefill_and_decode_tp8_prefill_then_decode1_1024_16_204832 ----
INFO 09-01 19:21:59 [__init__.py:244] Automatically detected platform rocm.
[0;31mE20250901 19:22:17.473451 139660414981888 output_stream.cpp:105] Opened result file: ./profiles/standalone_attn_prefill_and_decode_tp8_prefill_then_decode1_1024_16_204832_kernel_trace.csv
[m[0;31mE20250901 19:22:17.479672 139660414981888 output_stream.cpp:105] Opened result file: ./profiles/standalone_attn_prefill_and_decode_tp8_prefill_then_decode1_1024_16_204832_agent_info.csv
[m[0;33mW20250901 19:22:26.164428 139660414981888 tool.cpp:1902] rocprofv3_error_signal_handler caught signal 11...
[m# ---- Run standalone_attn_prefill_and_decode_tp8_prefill_then_decode1_1024_16_409632 ----
INFO 09-01 19:22:32 [__init__.py:244] Automatically detected platform rocm.
[0;31mE20250901 19:22:49.943729 139788730226432 output_stream.cpp:105] Opened result file: ./profiles/standalone_attn_prefill_and_decode_tp8_prefill_then_decode1_1024_16_409632_kernel_trace.csv
[m[0;31mE20250901 19:22:49.949867 139788730226432 output_stream.cpp:105] Opened result file: ./profiles/standalone_attn_prefill_and_decode_tp8_prefill_then_decode1_1024_16_409632_agent_info.csv
[m[0;33mW20250901 19:22:58.897595 139788730226432 tool.cpp:1902] rocprofv3_error_signal_handler caught signal 11...
[m# ---- Run standalone_attn_prefill_and_decode_tp8_prefill_then_decode1_1024_16_819232 ----
INFO 09-01 19:23:04 [__init__.py:244] Automatically detected platform rocm.
[0;31mE20250901 19:23:22.713549 139807317890816 output_stream.cpp:105] Opened result file: ./profiles/standalone_attn_prefill_and_decode_tp8_prefill_then_decode1_1024_16_819232_kernel_trace.csv
[m[0;31mE20250901 19:23:22.720226 139807317890816 output_stream.cpp:105] Opened result file: ./profiles/standalone_attn_prefill_and_decode_tp8_prefill_then_decode1_1024_16_819232_agent_info.csv
[m[0;33mW20250901 19:23:31.622276 139807317890816 tool.cpp:1902] rocprofv3_error_signal_handler caught signal 11...
[m# ---- Run standalone_attn_prefill_and_decode_tp8_prefill_then_decode1_1024_32_25632 ----
INFO 09-01 19:23:37 [__init__.py:244] Automatically detected platform rocm.
[0;31mE20250901 19:23:55.546971 139994606393088 output_stream.cpp:105] Opened result file: ./profiles/standalone_attn_prefill_and_decode_tp8_prefill_then_decode1_1024_32_25632_kernel_trace.csv
[m[0;31mE20250901 19:23:55.553517 139994606393088 output_stream.cpp:105] Opened result file: ./profiles/standalone_attn_prefill_and_decode_tp8_prefill_then_decode1_1024_32_25632_agent_info.csv
[m[0;33mW20250901 19:24:04.756322 139994606393088 tool.cpp:1902] rocprofv3_error_signal_handler caught signal 11...
[m# ---- Run standalone_attn_prefill_and_decode_tp8_prefill_then_decode1_1024_32_51232 ----
INFO 09-01 19:24:11 [__init__.py:244] Automatically detected platform rocm.
[0;31mE20250901 19:24:29.809397 140158968792832 output_stream.cpp:105] Opened result file: ./profiles/standalone_attn_prefill_and_decode_tp8_prefill_then_decode1_1024_32_51232_kernel_trace.csv
[m[0;31mE20250901 19:24:29.815526 140158968792832 output_stream.cpp:105] Opened result file: ./profiles/standalone_attn_prefill_and_decode_tp8_prefill_then_decode1_1024_32_51232_agent_info.csv
[m[0;33mW20250901 19:24:38.581342 140158968792832 tool.cpp:1902] rocprofv3_error_signal_handler caught signal 11...
[m# ---- Run standalone_attn_prefill_and_decode_tp8_prefill_then_decode1_1024_32_102432 ----
INFO 09-01 19:24:44 [__init__.py:244] Automatically detected platform rocm.
[0;31mE20250901 19:25:03.092768 139957197047552 output_stream.cpp:105] Opened result file: ./profiles/standalone_attn_prefill_and_decode_tp8_prefill_then_decode1_1024_32_102432_kernel_trace.csv
[m[0;31mE20250901 19:25:03.099055 139957197047552 output_stream.cpp:105] Opened result file: ./profiles/standalone_attn_prefill_and_decode_tp8_prefill_then_decode1_1024_32_102432_agent_info.csv
[m[0;33mW20250901 19:25:11.642148 139957197047552 tool.cpp:1902] rocprofv3_error_signal_handler caught signal 11...
[m# ---- Run standalone_attn_prefill_and_decode_tp8_prefill_then_decode1_1024_32_204832 ----
INFO 09-01 19:25:17 [__init__.py:244] Automatically detected platform rocm.
[0;31mE20250901 19:25:35.376759 140369107871488 output_stream.cpp:105] Opened result file: ./profiles/standalone_attn_prefill_and_decode_tp8_prefill_then_decode1_1024_32_204832_kernel_trace.csv
[m[0;31mE20250901 19:25:35.382881 140369107871488 output_stream.cpp:105] Opened result file: ./profiles/standalone_attn_prefill_and_decode_tp8_prefill_then_decode1_1024_32_204832_agent_info.csv
[m[0;33mW20250901 19:25:43.889440 140369107871488 tool.cpp:1902] rocprofv3_error_signal_handler caught signal 11...
[m# ---- Run standalone_attn_prefill_and_decode_tp8_prefill_then_decode1_1024_32_409632 ----
INFO 09-01 19:25:49 [__init__.py:244] Automatically detected platform rocm.
[0;31mE20250901 19:26:07.610243 139783134336768 output_stream.cpp:105] Opened result file: ./profiles/standalone_attn_prefill_and_decode_tp8_prefill_then_decode1_1024_32_409632_kernel_trace.csv
[m[0;31mE20250901 19:26:07.616339 139783134336768 output_stream.cpp:105] Opened result file: ./profiles/standalone_attn_prefill_and_decode_tp8_prefill_then_decode1_1024_32_409632_agent_info.csv
[m[0;33mW20250901 19:26:16.434025 139783134336768 tool.cpp:1902] rocprofv3_error_signal_handler caught signal 11...
[m# ---- Run standalone_attn_prefill_and_decode_tp8_prefill_then_decode1_1024_32_819232 ----
INFO 09-01 19:26:22 [__init__.py:244] Automatically detected platform rocm.
[0;31mE20250901 19:26:40.985100 140085536712448 output_stream.cpp:105] Opened result file: ./profiles/standalone_attn_prefill_and_decode_tp8_prefill_then_decode1_1024_32_819232_kernel_trace.csv
[m[0;31mE20250901 19:26:40.991703 140085536712448 output_stream.cpp:105] Opened result file: ./profiles/standalone_attn_prefill_and_decode_tp8_prefill_then_decode1_1024_32_819232_agent_info.csv
[m[0;33mW20250901 19:26:49.844639 140085536712448 tool.cpp:1902] rocprofv3_error_signal_handler caught signal 11...
[m# ---- Run standalone_attn_prefill_and_decode_tp8_prefill_then_decode1_1024_64_25632 ----
INFO 09-01 19:26:55 [__init__.py:244] Automatically detected platform rocm.
[0;31mE20250901 19:27:14.425093 140616437262080 output_stream.cpp:105] Opened result file: ./profiles/standalone_attn_prefill_and_decode_tp8_prefill_then_decode1_1024_64_25632_kernel_trace.csv
[m[0;31mE20250901 19:27:14.431322 140616437262080 output_stream.cpp:105] Opened result file: ./profiles/standalone_attn_prefill_and_decode_tp8_prefill_then_decode1_1024_64_25632_agent_info.csv
[m[0;33mW20250901 19:27:23.328297 140616437262080 tool.cpp:1902] rocprofv3_error_signal_handler caught signal 11...
[m# ---- Run standalone_attn_prefill_and_decode_tp8_prefill_then_decode1_1024_64_51232 ----
INFO 09-01 19:27:29 [__init__.py:244] Automatically detected platform rocm.
[0;31mE20250901 19:27:48.570915 140332880787200 output_stream.cpp:105] Opened result file: ./profiles/standalone_attn_prefill_and_decode_tp8_prefill_then_decode1_1024_64_51232_kernel_trace.csv
[m[0;31mE20250901 19:27:48.577164 140332880787200 output_stream.cpp:105] Opened result file: ./profiles/standalone_attn_prefill_and_decode_tp8_prefill_then_decode1_1024_64_51232_agent_info.csv
[m[0;33mW20250901 19:27:57.401209 140332880787200 tool.cpp:1902] rocprofv3_error_signal_handler caught signal 11...
[m# ---- Run standalone_attn_prefill_and_decode_tp8_prefill_then_decode1_1024_64_102432 ----
INFO 09-01 19:28:03 [__init__.py:244] Automatically detected platform rocm.
[0;31mE20250901 19:28:22.328401 139885414360832 output_stream.cpp:105] Opened result file: ./profiles/standalone_attn_prefill_and_decode_tp8_prefill_then_decode1_1024_64_102432_kernel_trace.csv
[m[0;31mE20250901 19:28:22.334613 139885414360832 output_stream.cpp:105] Opened result file: ./profiles/standalone_attn_prefill_and_decode_tp8_prefill_then_decode1_1024_64_102432_agent_info.csv
[m[0;33mW20250901 19:28:30.963821 139885414360832 tool.cpp:1902] rocprofv3_error_signal_handler caught signal 11...
[m# ---- Run standalone_attn_prefill_and_decode_tp8_prefill_then_decode1_1024_64_204832 ----
INFO 09-01 19:28:37 [__init__.py:244] Automatically detected platform rocm.
[0;31mE20250901 19:28:56.751961 139765504403200 output_stream.cpp:105] Opened result file: ./profiles/standalone_attn_prefill_and_decode_tp8_prefill_then_decode1_1024_64_204832_kernel_trace.csv
[m[0;31mE20250901 19:28:56.758860 139765504403200 output_stream.cpp:105] Opened result file: ./profiles/standalone_attn_prefill_and_decode_tp8_prefill_then_decode1_1024_64_204832_agent_info.csv
[m[0;33mW20250901 19:29:05.316029 139765504403200 tool.cpp:1902] rocprofv3_error_signal_handler caught signal 11...
[m# ---- Run standalone_attn_prefill_and_decode_tp8_prefill_then_decode1_1024_64_409632 ----
INFO 09-01 19:29:11 [__init__.py:244] Automatically detected platform rocm.
[0;31mE20250901 19:29:29.856721 140399900845824 output_stream.cpp:105] Opened result file: ./profiles/standalone_attn_prefill_and_decode_tp8_prefill_then_decode1_1024_64_409632_kernel_trace.csv
[m[0;31mE20250901 19:29:29.862894 140399900845824 output_stream.cpp:105] Opened result file: ./profiles/standalone_attn_prefill_and_decode_tp8_prefill_then_decode1_1024_64_409632_agent_info.csv
[m[0;33mW20250901 19:29:38.313118 140399900845824 tool.cpp:1902] rocprofv3_error_signal_handler caught signal 11...
[m# ---- Run standalone_attn_prefill_and_decode_tp8_prefill_then_decode1_1024_64_819232 ----
INFO 09-01 19:29:44 [__init__.py:244] Automatically detected platform rocm.
[0;31mE20250901 19:30:02.883371 140618722146048 output_stream.cpp:105] Opened result file: ./profiles/standalone_attn_prefill_and_decode_tp8_prefill_then_decode1_1024_64_819232_kernel_trace.csv
[m[0;31mE20250901 19:30:02.889939 140618722146048 output_stream.cpp:105] Opened result file: ./profiles/standalone_attn_prefill_and_decode_tp8_prefill_then_decode1_1024_64_819232_agent_info.csv
[m[0;33mW20250901 19:30:12.032223 140618722146048 tool.cpp:1902] rocprofv3_error_signal_handler caught signal 11...
[m# ---- Run standalone_attn_prefill_and_decode_tp8_prefill_then_decode1_1024_128_25632 ----
INFO 09-01 19:30:18 [__init__.py:244] Automatically detected platform rocm.
[0;31mE20250901 19:30:35.735839 140306934482688 output_stream.cpp:105] Opened result file: ./profiles/standalone_attn_prefill_and_decode_tp8_prefill_then_decode1_1024_128_25632_kernel_trace.csv
[m[0;31mE20250901 19:30:35.742298 140306934482688 output_stream.cpp:105] Opened result file: ./profiles/standalone_attn_prefill_and_decode_tp8_prefill_then_decode1_1024_128_25632_agent_info.csv
[m[0;33mW20250901 19:30:44.977364 140306934482688 tool.cpp:1902] rocprofv3_error_signal_handler caught signal 11...
[m# ---- Run standalone_attn_prefill_and_decode_tp8_prefill_then_decode1_1024_128_51232 ----
INFO 09-01 19:30:51 [__init__.py:244] Automatically detected platform rocm.
[0;31mE20250901 19:31:08.627232 140054143493888 output_stream.cpp:105] Opened result file: ./profiles/standalone_attn_prefill_and_decode_tp8_prefill_then_decode1_1024_128_51232_kernel_trace.csv
[m[0;31mE20250901 19:31:08.633433 140054143493888 output_stream.cpp:105] Opened result file: ./profiles/standalone_attn_prefill_and_decode_tp8_prefill_then_decode1_1024_128_51232_agent_info.csv
[m[0;33mW20250901 19:31:17.624360 140054143493888 tool.cpp:1902] rocprofv3_error_signal_handler caught signal 11...
[m# ---- Run standalone_attn_prefill_and_decode_tp8_prefill_then_decode1_1024_128_102432 ----
INFO 09-01 19:31:23 [__init__.py:244] Automatically detected platform rocm.
[0;31mE20250901 19:31:42.266764 140715332876032 output_stream.cpp:105] Opened result file: ./profiles/standalone_attn_prefill_and_decode_tp8_prefill_then_decode1_1024_128_102432_kernel_trace.csv
[m[0;31mE20250901 19:31:42.274904 140715332876032 output_stream.cpp:105] Opened result file: ./profiles/standalone_attn_prefill_and_decode_tp8_prefill_then_decode1_1024_128_102432_agent_info.csv
[m[0;33mW20250901 19:31:51.719710 140715332876032 tool.cpp:1902] rocprofv3_error_signal_handler caught signal 11...
[m# ---- Run standalone_attn_prefill_and_decode_tp8_prefill_then_decode1_1024_128_204832 ----
INFO 09-01 19:31:58 [__init__.py:244] Automatically detected platform rocm.
[0;31mE20250901 19:32:17.156673 139903515117312 output_stream.cpp:105] Opened result file: ./profiles/standalone_attn_prefill_and_decode_tp8_prefill_then_decode1_1024_128_204832_kernel_trace.csv
[m[0;31mE20250901 19:32:17.163131 139903515117312 output_stream.cpp:105] Opened result file: ./profiles/standalone_attn_prefill_and_decode_tp8_prefill_then_decode1_1024_128_204832_agent_info.csv
[m[0;33mW20250901 19:32:26.027004 139903515117312 tool.cpp:1902] rocprofv3_error_signal_handler caught signal 11...
[m# ---- Run standalone_attn_prefill_and_decode_tp8_prefill_then_decode1_1024_128_409632 ----
INFO 09-01 19:32:31 [__init__.py:244] Automatically detected platform rocm.
[0;31mE20250901 19:32:48.683247 139651843917568 output_stream.cpp:105] Opened result file: ./profiles/standalone_attn_prefill_and_decode_tp8_prefill_then_decode1_1024_128_409632_kernel_trace.csv
[m[0;31mE20250901 19:32:48.690107 139651843917568 output_stream.cpp:105] Opened result file: ./profiles/standalone_attn_prefill_and_decode_tp8_prefill_then_decode1_1024_128_409632_agent_info.csv
[m[0;33mW20250901 19:32:57.518492 139651843917568 tool.cpp:1902] rocprofv3_error_signal_handler caught signal 11...
[m# ---- Run standalone_attn_prefill_and_decode_tp8_prefill_then_decode1_1024_128_819232 ----
INFO 09-01 19:33:03 [__init__.py:244] Automatically detected platform rocm.
[0;31mE20250901 19:33:19.854414 140139814229760 output_stream.cpp:105] Opened result file: ./profiles/standalone_attn_prefill_and_decode_tp8_prefill_then_decode1_1024_128_819232_kernel_trace.csv
[m[0;31mE20250901 19:33:19.860826 140139814229760 output_stream.cpp:105] Opened result file: ./profiles/standalone_attn_prefill_and_decode_tp8_prefill_then_decode1_1024_128_819232_agent_info.csv
[m[0;33mW20250901 19:33:28.408112 140139814229760 tool.cpp:1902] rocprofv3_error_signal_handler caught signal 11...
[m# ---- Run standalone_attn_prefill_and_decode_tp8_prefill_then_decode1_2048_1_25632 ----
INFO 09-01 19:33:34 [__init__.py:244] Automatically detected platform rocm.
[0;31mE20250901 19:33:52.715357 139962667718400 output_stream.cpp:105] Opened result file: ./profiles/standalone_attn_prefill_and_decode_tp8_prefill_then_decode1_2048_1_25632_kernel_trace.csv
[m[0;31mE20250901 19:33:52.721825 139962667718400 output_stream.cpp:105] Opened result file: ./profiles/standalone_attn_prefill_and_decode_tp8_prefill_then_decode1_2048_1_25632_agent_info.csv
[m[0;33mW20250901 19:34:01.550915 139962667718400 tool.cpp:1902] rocprofv3_error_signal_handler caught signal 11...
[m# ---- Run standalone_attn_prefill_and_decode_tp8_prefill_then_decode1_2048_1_51232 ----
INFO 09-01 19:34:07 [__init__.py:244] Automatically detected platform rocm.
[0;31mE20250901 19:34:26.053775 140191664776960 output_stream.cpp:105] Opened result file: ./profiles/standalone_attn_prefill_and_decode_tp8_prefill_then_decode1_2048_1_51232_kernel_trace.csv
[m[0;31mE20250901 19:34:26.060404 140191664776960 output_stream.cpp:105] Opened result file: ./profiles/standalone_attn_prefill_and_decode_tp8_prefill_then_decode1_2048_1_51232_agent_info.csv
[m[0;33mW20250901 19:34:34.981612 140191664776960 tool.cpp:1902] rocprofv3_error_signal_handler caught signal 11...
[m# ---- Run standalone_attn_prefill_and_decode_tp8_prefill_then_decode1_2048_1_102432 ----
INFO 09-01 19:34:41 [__init__.py:244] Automatically detected platform rocm.
[0;31mE20250901 19:34:59.386657 139776940709632 output_stream.cpp:105] Opened result file: ./profiles/standalone_attn_prefill_and_decode_tp8_prefill_then_decode1_2048_1_102432_kernel_trace.csv
[m[0;31mE20250901 19:34:59.393210 139776940709632 output_stream.cpp:105] Opened result file: ./profiles/standalone_attn_prefill_and_decode_tp8_prefill_then_decode1_2048_1_102432_agent_info.csv
[m[0;33mW20250901 19:35:07.955711 139776940709632 tool.cpp:1902] rocprofv3_error_signal_handler caught signal 11...
[m# ---- Run standalone_attn_prefill_and_decode_tp8_prefill_then_decode1_2048_1_204832 ----
INFO 09-01 19:35:14 [__init__.py:244] Automatically detected platform rocm.
[0;31mE20250901 19:35:34.924143 140054104299264 output_stream.cpp:105] Opened result file: ./profiles/standalone_attn_prefill_and_decode_tp8_prefill_then_decode1_2048_1_204832_kernel_trace.csv
[m[0;31mE20250901 19:35:34.933835 140054104299264 output_stream.cpp:105] Opened result file: ./profiles/standalone_attn_prefill_and_decode_tp8_prefill_then_decode1_2048_1_204832_agent_info.csv
[m[0;33mW20250901 19:35:44.519115 140054104299264 tool.cpp:1902] rocprofv3_error_signal_handler caught signal 11...
[m# ---- Run standalone_attn_prefill_and_decode_tp8_prefill_then_decode1_2048_1_409632 ----
INFO 09-01 19:35:52 [__init__.py:244] Automatically detected platform rocm.
[0;31mE20250901 19:36:10.963016 140521973159680 output_stream.cpp:105] Opened result file: ./profiles/standalone_attn_prefill_and_decode_tp8_prefill_then_decode1_2048_1_409632_kernel_trace.csv
[m[0;31mE20250901 19:36:10.970042 140521973159680 output_stream.cpp:105] Opened result file: ./profiles/standalone_attn_prefill_and_decode_tp8_prefill_then_decode1_2048_1_409632_agent_info.csv
[m[0;33mW20250901 19:36:19.922276 140521973159680 tool.cpp:1902] rocprofv3_error_signal_handler caught signal 11...
[m# ---- Run standalone_attn_prefill_and_decode_tp8_prefill_then_decode1_2048_1_819232 ----
INFO 09-01 19:36:26 [__init__.py:244] Automatically detected platform rocm.
[0;31mE20250901 19:36:44.239579 140262857008896 output_stream.cpp:105] Opened result file: ./profiles/standalone_attn_prefill_and_decode_tp8_prefill_then_decode1_2048_1_819232_kernel_trace.csv
[m[0;31mE20250901 19:36:44.247056 140262857008896 output_stream.cpp:105] Opened result file: ./profiles/standalone_attn_prefill_and_decode_tp8_prefill_then_decode1_2048_1_819232_agent_info.csv
[m[0;33mW20250901 19:36:53.262661 140262857008896 tool.cpp:1902] rocprofv3_error_signal_handler caught signal 11...
[m# ---- Run standalone_attn_prefill_and_decode_tp8_prefill_then_decode1_2048_2_25632 ----
INFO 09-01 19:36:59 [__init__.py:244] Automatically detected platform rocm.
[0;31mE20250901 19:37:17.440084 140568286545664 output_stream.cpp:105] Opened result file: ./profiles/standalone_attn_prefill_and_decode_tp8_prefill_then_decode1_2048_2_25632_kernel_trace.csv
[m[0;31mE20250901 19:37:17.446998 140568286545664 output_stream.cpp:105] Opened result file: ./profiles/standalone_attn_prefill_and_decode_tp8_prefill_then_decode1_2048_2_25632_agent_info.csv
[m[0;33mW20250901 19:37:26.059215 140568286545664 tool.cpp:1902] rocprofv3_error_signal_handler caught signal 11...
[m# ---- Run standalone_attn_prefill_and_decode_tp8_prefill_then_decode1_2048_2_51232 ----
INFO 09-01 19:37:32 [__init__.py:244] Automatically detected platform rocm.
[0;31mE20250901 19:37:50.960878 139765929838336 output_stream.cpp:105] Opened result file: ./profiles/standalone_attn_prefill_and_decode_tp8_prefill_then_decode1_2048_2_51232_kernel_trace.csv
[m[0;31mE20250901 19:37:50.967314 139765929838336 output_stream.cpp:105] Opened result file: ./profiles/standalone_attn_prefill_and_decode_tp8_prefill_then_decode1_2048_2_51232_agent_info.csv
[m[0;33mW20250901 19:37:59.433112 139765929838336 tool.cpp:1902] rocprofv3_error_signal_handler caught signal 11...
[m# ---- Run standalone_attn_prefill_and_decode_tp8_prefill_then_decode1_2048_2_102432 ----
INFO 09-01 19:38:05 [__init__.py:244] Automatically detected platform rocm.
[0;31mE20250901 19:38:23.859063 140250712246016 output_stream.cpp:105] Opened result file: ./profiles/standalone_attn_prefill_and_decode_tp8_prefill_then_decode1_2048_2_102432_kernel_trace.csv
[m[0;31mE20250901 19:38:23.865887 140250712246016 output_stream.cpp:105] Opened result file: ./profiles/standalone_attn_prefill_and_decode_tp8_prefill_then_decode1_2048_2_102432_agent_info.csv
[m[0;33mW20250901 19:38:32.376591 140250712246016 tool.cpp:1902] rocprofv3_error_signal_handler caught signal 11...
[m# ---- Run standalone_attn_prefill_and_decode_tp8_prefill_then_decode1_2048_2_204832 ----
INFO 09-01 19:38:38 [__init__.py:244] Automatically detected platform rocm.
[0;31mE20250901 19:38:59.305058 140528064247552 output_stream.cpp:105] Opened result file: ./profiles/standalone_attn_prefill_and_decode_tp8_prefill_then_decode1_2048_2_204832_kernel_trace.csv
[m[0;31mE20250901 19:38:59.312385 140528064247552 output_stream.cpp:105] Opened result file: ./profiles/standalone_attn_prefill_and_decode_tp8_prefill_then_decode1_2048_2_204832_agent_info.csv
[m[0;33mW20250901 19:39:08.407212 140528064247552 tool.cpp:1902] rocprofv3_error_signal_handler caught signal 11...
[m# ---- Run standalone_attn_prefill_and_decode_tp8_prefill_then_decode1_2048_2_409632 ----
INFO 09-01 19:39:15 [__init__.py:244] Automatically detected platform rocm.
[0;31mE20250901 19:39:36.870828 140421967116032 output_stream.cpp:105] Opened result file: ./profiles/standalone_attn_prefill_and_decode_tp8_prefill_then_decode1_2048_2_409632_kernel_trace.csv
[m[0;31mE20250901 19:39:36.877837 140421967116032 output_stream.cpp:105] Opened result file: ./profiles/standalone_attn_prefill_and_decode_tp8_prefill_then_decode1_2048_2_409632_agent_info.csv
[m[0;33mW20250901 19:39:45.963730 140421967116032 tool.cpp:1902] rocprofv3_error_signal_handler caught signal 11...
[m# ---- Run standalone_attn_prefill_and_decode_tp8_prefill_then_decode1_2048_2_819232 ----
INFO 09-01 19:39:53 [__init__.py:244] Automatically detected platform rocm.
[0;31mE20250901 19:40:12.305980 140333898594048 output_stream.cpp:105] Opened result file: ./profiles/standalone_attn_prefill_and_decode_tp8_prefill_then_decode1_2048_2_819232_kernel_trace.csv
[m[0;31mE20250901 19:40:12.312735 140333898594048 output_stream.cpp:105] Opened result file: ./profiles/standalone_attn_prefill_and_decode_tp8_prefill_then_decode1_2048_2_819232_agent_info.csv
[m[0;33mW20250901 19:40:21.157690 140333898594048 tool.cpp:1902] rocprofv3_error_signal_handler caught signal 11...
[m# ---- Run standalone_attn_prefill_and_decode_tp8_prefill_then_decode1_2048_4_25632 ----
INFO 09-01 19:40:27 [__init__.py:244] Automatically detected platform rocm.
[0;31mE20250901 19:40:45.689766 140704974792448 output_stream.cpp:105] Opened result file: ./profiles/standalone_attn_prefill_and_decode_tp8_prefill_then_decode1_2048_4_25632_kernel_trace.csv
[m[0;31mE20250901 19:40:45.696613 140704974792448 output_stream.cpp:105] Opened result file: ./profiles/standalone_attn_prefill_and_decode_tp8_prefill_then_decode1_2048_4_25632_agent_info.csv
[m[0;33mW20250901 19:40:54.292082 140704974792448 tool.cpp:1902] rocprofv3_error_signal_handler caught signal 11...
[m# ---- Run standalone_attn_prefill_and_decode_tp8_prefill_then_decode1_2048_4_51232 ----
INFO 09-01 19:41:00 [__init__.py:244] Automatically detected platform rocm.
[0;31mE20250901 19:41:18.635641 139832749340416 output_stream.cpp:105] Opened result file: ./profiles/standalone_attn_prefill_and_decode_tp8_prefill_then_decode1_2048_4_51232_kernel_trace.csv
[m[0;31mE20250901 19:41:18.642185 139832749340416 output_stream.cpp:105] Opened result file: ./profiles/standalone_attn_prefill_and_decode_tp8_prefill_then_decode1_2048_4_51232_agent_info.csv
[m[0;33mW20250901 19:41:27.600208 139832749340416 tool.cpp:1902] rocprofv3_error_signal_handler caught signal 11...
[m# ---- Run standalone_attn_prefill_and_decode_tp8_prefill_then_decode1_2048_4_102432 ----
INFO 09-01 19:41:33 [__init__.py:244] Automatically detected platform rocm.
[0;31mE20250901 19:41:52.146577 139717399422720 output_stream.cpp:105] Opened result file: ./profiles/standalone_attn_prefill_and_decode_tp8_prefill_then_decode1_2048_4_102432_kernel_trace.csv
[m[0;31mE20250901 19:41:52.153033 139717399422720 output_stream.cpp:105] Opened result file: ./profiles/standalone_attn_prefill_and_decode_tp8_prefill_then_decode1_2048_4_102432_agent_info.csv
[m[0;33mW20250901 19:42:00.744322 139717399422720 tool.cpp:1902] rocprofv3_error_signal_handler caught signal 11...
[m# ---- Run standalone_attn_prefill_and_decode_tp8_prefill_then_decode1_2048_4_204832 ----
INFO 09-01 19:42:06 [__init__.py:244] Automatically detected platform rocm.
[0;31mE20250901 19:42:25.251407 140521185842944 output_stream.cpp:105] Opened result file: ./profiles/standalone_attn_prefill_and_decode_tp8_prefill_then_decode1_2048_4_204832_kernel_trace.csv
[m[0;31mE20250901 19:42:25.257974 140521185842944 output_stream.cpp:105] Opened result file: ./profiles/standalone_attn_prefill_and_decode_tp8_prefill_then_decode1_2048_4_204832_agent_info.csv
[m[0;33mW20250901 19:42:34.226363 140521185842944 tool.cpp:1902] rocprofv3_error_signal_handler caught signal 11...
[m# ---- Run standalone_attn_prefill_and_decode_tp8_prefill_then_decode1_2048_4_409632 ----
INFO 09-01 19:42:40 [__init__.py:244] Automatically detected platform rocm.
[0;31mE20250901 19:42:58.885901 140585375598336 output_stream.cpp:105] Opened result file: ./profiles/standalone_attn_prefill_and_decode_tp8_prefill_then_decode1_2048_4_409632_kernel_trace.csv
[m[0;31mE20250901 19:42:58.892894 140585375598336 output_stream.cpp:105] Opened result file: ./profiles/standalone_attn_prefill_and_decode_tp8_prefill_then_decode1_2048_4_409632_agent_info.csv
[m[0;33mW20250901 19:43:07.638833 140585375598336 tool.cpp:1902] rocprofv3_error_signal_handler caught signal 11...
[m# ---- Run standalone_attn_prefill_and_decode_tp8_prefill_then_decode1_2048_4_819232 ----
INFO 09-01 19:43:13 [__init__.py:244] Automatically detected platform rocm.
[0;31mE20250901 19:43:31.665852 139942350014208 output_stream.cpp:105] Opened result file: ./profiles/standalone_attn_prefill_and_decode_tp8_prefill_then_decode1_2048_4_819232_kernel_trace.csv
[m[0;31mE20250901 19:43:31.672291 139942350014208 output_stream.cpp:105] Opened result file: ./profiles/standalone_attn_prefill_and_decode_tp8_prefill_then_decode1_2048_4_819232_agent_info.csv
[m[0;33mW20250901 19:43:40.364433 139942350014208 tool.cpp:1902] rocprofv3_error_signal_handler caught signal 11...
[m# ---- Run standalone_attn_prefill_and_decode_tp8_prefill_then_decode1_2048_8_25632 ----
INFO 09-01 19:43:46 [__init__.py:244] Automatically detected platform rocm.
[0;31mE20250901 19:44:05.593111 140049778480896 output_stream.cpp:105] Opened result file: ./profiles/standalone_attn_prefill_and_decode_tp8_prefill_then_decode1_2048_8_25632_kernel_trace.csv
[m[0;31mE20250901 19:44:05.601069 140049778480896 output_stream.cpp:105] Opened result file: ./profiles/standalone_attn_prefill_and_decode_tp8_prefill_then_decode1_2048_8_25632_agent_info.csv
[m[0;33mW20250901 19:44:15.189498 140049778480896 tool.cpp:1902] rocprofv3_error_signal_handler caught signal 11...
[m# ---- Run standalone_attn_prefill_and_decode_tp8_prefill_then_decode1_2048_8_51232 ----
INFO 09-01 19:44:22 [__init__.py:244] Automatically detected platform rocm.
[0;31mE20250901 19:44:43.803005 140187893454592 output_stream.cpp:105] Opened result file: ./profiles/standalone_attn_prefill_and_decode_tp8_prefill_then_decode1_2048_8_51232_kernel_trace.csv
[m[0;31mE20250901 19:44:43.810624 140187893454592 output_stream.cpp:105] Opened result file: ./profiles/standalone_attn_prefill_and_decode_tp8_prefill_then_decode1_2048_8_51232_agent_info.csv
[m[0;33mW20250901 19:44:53.206077 140187893454592 tool.cpp:1902] rocprofv3_error_signal_handler caught signal 11...
[m# ---- Run standalone_attn_prefill_and_decode_tp8_prefill_then_decode1_2048_8_102432 ----
INFO 09-01 19:45:00 [__init__.py:244] Automatically detected platform rocm.
[0;31mE20250901 19:45:20.391321 139809776146176 output_stream.cpp:105] Opened result file: ./profiles/standalone_attn_prefill_and_decode_tp8_prefill_then_decode1_2048_8_102432_kernel_trace.csv
[m[0;31mE20250901 19:45:20.398520 139809776146176 output_stream.cpp:105] Opened result file: ./profiles/standalone_attn_prefill_and_decode_tp8_prefill_then_decode1_2048_8_102432_agent_info.csv
[m[0;33mW20250901 19:45:29.832624 139809776146176 tool.cpp:1902] rocprofv3_error_signal_handler caught signal 11...
[m# ---- Run standalone_attn_prefill_and_decode_tp8_prefill_then_decode1_2048_8_204832 ----
INFO 09-01 19:45:36 [__init__.py:244] Automatically detected platform rocm.
[0;31mE20250901 19:45:54.812042 139904290969344 output_stream.cpp:105] Opened result file: ./profiles/standalone_attn_prefill_and_decode_tp8_prefill_then_decode1_2048_8_204832_kernel_trace.csv
[m[0;31mE20250901 19:45:54.819051 139904290969344 output_stream.cpp:105] Opened result file: ./profiles/standalone_attn_prefill_and_decode_tp8_prefill_then_decode1_2048_8_204832_agent_info.csv
[m[0;33mW20250901 19:46:03.906599 139904290969344 tool.cpp:1902] rocprofv3_error_signal_handler caught signal 11...
[m# ---- Run standalone_attn_prefill_and_decode_tp8_prefill_then_decode1_2048_8_409632 ----
INFO 09-01 19:46:10 [__init__.py:244] Automatically detected platform rocm.
[0;31mE20250901 19:46:28.810733 140392359663360 output_stream.cpp:105] Opened result file: ./profiles/standalone_attn_prefill_and_decode_tp8_prefill_then_decode1_2048_8_409632_kernel_trace.csv
[m[0;31mE20250901 19:46:28.818348 140392359663360 output_stream.cpp:105] Opened result file: ./profiles/standalone_attn_prefill_and_decode_tp8_prefill_then_decode1_2048_8_409632_agent_info.csv
[m[0;33mW20250901 19:46:37.893504 140392359663360 tool.cpp:1902] rocprofv3_error_signal_handler caught signal 11...
[m# ---- Run standalone_attn_prefill_and_decode_tp8_prefill_then_decode1_2048_8_819232 ----
INFO 09-01 19:46:44 [__init__.py:244] Automatically detected platform rocm.
[0;31mE20250901 19:47:04.178952 139736376751872 output_stream.cpp:105] Opened result file: ./profiles/standalone_attn_prefill_and_decode_tp8_prefill_then_decode1_2048_8_819232_kernel_trace.csv
[m[0;31mE20250901 19:47:04.185915 139736376751872 output_stream.cpp:105] Opened result file: ./profiles/standalone_attn_prefill_and_decode_tp8_prefill_then_decode1_2048_8_819232_agent_info.csv
[m[0;33mW20250901 19:47:13.939579 139736376751872 tool.cpp:1902] rocprofv3_error_signal_handler caught signal 11...
[m# ---- Run standalone_attn_prefill_and_decode_tp8_prefill_then_decode1_2048_16_25632 ----
INFO 09-01 19:47:21 [__init__.py:244] Automatically detected platform rocm.
[0;31mE20250901 19:47:42.279676 140160369870592 output_stream.cpp:105] Opened result file: ./profiles/standalone_attn_prefill_and_decode_tp8_prefill_then_decode1_2048_16_25632_kernel_trace.csv
[m[0;31mE20250901 19:47:42.287516 140160369870592 output_stream.cpp:105] Opened result file: ./profiles/standalone_attn_prefill_and_decode_tp8_prefill_then_decode1_2048_16_25632_agent_info.csv
[m[0;33mW20250901 19:47:51.228541 140160369870592 tool.cpp:1902] rocprofv3_error_signal_handler caught signal 11...
[m# ---- Run standalone_attn_prefill_and_decode_tp8_prefill_then_decode1_2048_16_51232 ----
INFO 09-01 19:47:58 [__init__.py:244] Automatically detected platform rocm.
[0;31mE20250901 19:48:18.868997 139694265173760 output_stream.cpp:105] Opened result file: ./profiles/standalone_attn_prefill_and_decode_tp8_prefill_then_decode1_2048_16_51232_kernel_trace.csv
[m[0;31mE20250901 19:48:18.876161 139694265173760 output_stream.cpp:105] Opened result file: ./profiles/standalone_attn_prefill_and_decode_tp8_prefill_then_decode1_2048_16_51232_agent_info.csv
[m[0;33mW20250901 19:48:27.905707 139694265173760 tool.cpp:1902] rocprofv3_error_signal_handler caught signal 11...
[m# ---- Run standalone_attn_prefill_and_decode_tp8_prefill_then_decode1_2048_16_102432 ----
INFO 09-01 19:48:35 [__init__.py:244] Automatically detected platform rocm.
[0;31mE20250901 19:48:55.663107 140113609434880 output_stream.cpp:105] Opened result file: ./profiles/standalone_attn_prefill_and_decode_tp8_prefill_then_decode1_2048_16_102432_kernel_trace.csv
[m[0;31mE20250901 19:48:55.670881 140113609434880 output_stream.cpp:105] Opened result file: ./profiles/standalone_attn_prefill_and_decode_tp8_prefill_then_decode1_2048_16_102432_agent_info.csv
[m[0;33mW20250901 19:49:05.481953 140113609434880 tool.cpp:1902] rocprofv3_error_signal_handler caught signal 11...
[m# ---- Run standalone_attn_prefill_and_decode_tp8_prefill_then_decode1_2048_16_204832 ----
INFO 09-01 19:49:12 [__init__.py:244] Automatically detected platform rocm.
[0;31mE20250901 19:49:32.726476 140110751655680 output_stream.cpp:105] Opened result file: ./profiles/standalone_attn_prefill_and_decode_tp8_prefill_then_decode1_2048_16_204832_kernel_trace.csv
[m[0;31mE20250901 19:49:32.733766 140110751655680 output_stream.cpp:105] Opened result file: ./profiles/standalone_attn_prefill_and_decode_tp8_prefill_then_decode1_2048_16_204832_agent_info.csv
[m[0;33mW20250901 19:49:42.391780 140110751655680 tool.cpp:1902] rocprofv3_error_signal_handler caught signal 11...
[m# ---- Run standalone_attn_prefill_and_decode_tp8_prefill_then_decode1_2048_16_409632 ----
INFO 09-01 19:49:49 [__init__.py:244] Automatically detected platform rocm.
[0;31mE20250901 19:50:09.524351 139896425682688 output_stream.cpp:105] Opened result file: ./profiles/standalone_attn_prefill_and_decode_tp8_prefill_then_decode1_2048_16_409632_kernel_trace.csv
[m[0;31mE20250901 19:50:09.530718 139896425682688 output_stream.cpp:105] Opened result file: ./profiles/standalone_attn_prefill_and_decode_tp8_prefill_then_decode1_2048_16_409632_agent_info.csv
[m[0;33mW20250901 19:50:18.623266 139896425682688 tool.cpp:1902] rocprofv3_error_signal_handler caught signal 11...
[m# ---- Run standalone_attn_prefill_and_decode_tp8_prefill_then_decode1_2048_16_819232 ----
INFO 09-01 19:50:25 [__init__.py:244] Automatically detected platform rocm.
[0;31mE20250901 19:50:45.307462 140548645877504 output_stream.cpp:105] Opened result file: ./profiles/standalone_attn_prefill_and_decode_tp8_prefill_then_decode1_2048_16_819232_kernel_trace.csv
[m[0;31mE20250901 19:50:45.315099 140548645877504 output_stream.cpp:105] Opened result file: ./profiles/standalone_attn_prefill_and_decode_tp8_prefill_then_decode1_2048_16_819232_agent_info.csv
[m[0;33mW20250901 19:50:54.957099 140548645877504 tool.cpp:1902] rocprofv3_error_signal_handler caught signal 11...
[m# ---- Run standalone_attn_prefill_and_decode_tp8_prefill_then_decode1_2048_32_25632 ----
INFO 09-01 19:51:01 [__init__.py:244] Automatically detected platform rocm.
[0;31mE20250901 19:51:21.993569 140596185822976 output_stream.cpp:105] Opened result file: ./profiles/standalone_attn_prefill_and_decode_tp8_prefill_then_decode1_2048_32_25632_kernel_trace.csv
[m[0;31mE20250901 19:51:22.000017 140596185822976 output_stream.cpp:105] Opened result file: ./profiles/standalone_attn_prefill_and_decode_tp8_prefill_then_decode1_2048_32_25632_agent_info.csv
[m[0;33mW20250901 19:51:30.821869 140596185822976 tool.cpp:1902] rocprofv3_error_signal_handler caught signal 11...
[m# ---- Run standalone_attn_prefill_and_decode_tp8_prefill_then_decode1_2048_32_51232 ----
INFO 09-01 19:51:36 [__init__.py:244] Automatically detected platform rocm.
[0;31mE20250901 19:51:55.055244 139791434999552 output_stream.cpp:105] Opened result file: ./profiles/standalone_attn_prefill_and_decode_tp8_prefill_then_decode1_2048_32_51232_kernel_trace.csv
[m[0;31mE20250901 19:51:55.061384 139791434999552 output_stream.cpp:105] Opened result file: ./profiles/standalone_attn_prefill_and_decode_tp8_prefill_then_decode1_2048_32_51232_agent_info.csv
[m[0;33mW20250901 19:52:03.586886 139791434999552 tool.cpp:1902] rocprofv3_error_signal_handler caught signal 11...
[m# ---- Run standalone_attn_prefill_and_decode_tp8_prefill_then_decode1_2048_32_102432 ----
INFO 09-01 19:52:09 [__init__.py:244] Automatically detected platform rocm.
[0;31mE20250901 19:52:29.661593 140439308072704 output_stream.cpp:105] Opened result file: ./profiles/standalone_attn_prefill_and_decode_tp8_prefill_then_decode1_2048_32_102432_kernel_trace.csv
[m[0;31mE20250901 19:52:29.668732 140439308072704 output_stream.cpp:105] Opened result file: ./profiles/standalone_attn_prefill_and_decode_tp8_prefill_then_decode1_2048_32_102432_agent_info.csv
[m[0;33mW20250901 19:52:38.940936 140439308072704 tool.cpp:1902] rocprofv3_error_signal_handler caught signal 11...
[m# ---- Run standalone_attn_prefill_and_decode_tp8_prefill_then_decode1_2048_32_204832 ----
INFO 09-01 19:52:46 [__init__.py:244] Automatically detected platform rocm.
[0;31mE20250901 19:53:05.583608 140208954861312 output_stream.cpp:105] Opened result file: ./profiles/standalone_attn_prefill_and_decode_tp8_prefill_then_decode1_2048_32_204832_kernel_trace.csv
[m[0;31mE20250901 19:53:05.590357 140208954861312 output_stream.cpp:105] Opened result file: ./profiles/standalone_attn_prefill_and_decode_tp8_prefill_then_decode1_2048_32_204832_agent_info.csv
[m[0;33mW20250901 19:53:14.887567 140208954861312 tool.cpp:1902] rocprofv3_error_signal_handler caught signal 11...
[m# ---- Run standalone_attn_prefill_and_decode_tp8_prefill_then_decode1_2048_32_409632 ----
INFO 09-01 19:53:21 [__init__.py:244] Automatically detected platform rocm.
[0;31mE20250901 19:53:39.668483 140073263277824 output_stream.cpp:105] Opened result file: ./profiles/standalone_attn_prefill_and_decode_tp8_prefill_then_decode1_2048_32_409632_kernel_trace.csv
[m[0;31mE20250901 19:53:39.675935 140073263277824 output_stream.cpp:105] Opened result file: ./profiles/standalone_attn_prefill_and_decode_tp8_prefill_then_decode1_2048_32_409632_agent_info.csv
[m[0;33mW20250901 19:53:48.553455 140073263277824 tool.cpp:1902] rocprofv3_error_signal_handler caught signal 11...
[m# ---- Run standalone_attn_prefill_and_decode_tp8_prefill_then_decode1_2048_32_819232 ----
INFO 09-01 19:53:54 [__init__.py:244] Automatically detected platform rocm.
[0;31mE20250901 19:54:12.847654 140644296132352 output_stream.cpp:105] Opened result file: ./profiles/standalone_attn_prefill_and_decode_tp8_prefill_then_decode1_2048_32_819232_kernel_trace.csv
[m[0;31mE20250901 19:54:12.854769 140644296132352 output_stream.cpp:105] Opened result file: ./profiles/standalone_attn_prefill_and_decode_tp8_prefill_then_decode1_2048_32_819232_agent_info.csv
[m[0;33mW20250901 19:54:21.660427 140644296132352 tool.cpp:1902] rocprofv3_error_signal_handler caught signal 11...
[m# ---- Run standalone_attn_prefill_and_decode_tp8_prefill_then_decode1_2048_64_25632 ----
INFO 09-01 19:54:27 [__init__.py:244] Automatically detected platform rocm.
[0;31mE20250901 19:54:46.657996 139644267845376 output_stream.cpp:105] Opened result file: ./profiles/standalone_attn_prefill_and_decode_tp8_prefill_then_decode1_2048_64_25632_kernel_trace.csv
[m[0;31mE20250901 19:54:46.665094 139644267845376 output_stream.cpp:105] Opened result file: ./profiles/standalone_attn_prefill_and_decode_tp8_prefill_then_decode1_2048_64_25632_agent_info.csv
[m[0;33mW20250901 19:54:55.493041 139644267845376 tool.cpp:1902] rocprofv3_error_signal_handler caught signal 11...
[m# ---- Run standalone_attn_prefill_and_decode_tp8_prefill_then_decode1_2048_64_51232 ----
INFO 09-01 19:55:01 [__init__.py:244] Automatically detected platform rocm.
[0;31mE20250901 19:55:20.862618 140058362361600 output_stream.cpp:105] Opened result file: ./profiles/standalone_attn_prefill_and_decode_tp8_prefill_then_decode1_2048_64_51232_kernel_trace.csv
[m[0;31mE20250901 19:55:20.869924 140058362361600 output_stream.cpp:105] Opened result file: ./profiles/standalone_attn_prefill_and_decode_tp8_prefill_then_decode1_2048_64_51232_agent_info.csv
[m[0;33mW20250901 19:55:29.770473 140058362361600 tool.cpp:1902] rocprofv3_error_signal_handler caught signal 11...
[m# ---- Run standalone_attn_prefill_and_decode_tp8_prefill_then_decode1_2048_64_102432 ----
INFO 09-01 19:55:36 [__init__.py:244] Automatically detected platform rocm.
[0;31mE20250901 19:55:54.647305 140089532561152 output_stream.cpp:105] Opened result file: ./profiles/standalone_attn_prefill_and_decode_tp8_prefill_then_decode1_2048_64_102432_kernel_trace.csv
[m[0;31mE20250901 19:55:54.653860 140089532561152 output_stream.cpp:105] Opened result file: ./profiles/standalone_attn_prefill_and_decode_tp8_prefill_then_decode1_2048_64_102432_agent_info.csv
[m[0;33mW20250901 19:56:03.561478 140089532561152 tool.cpp:1902] rocprofv3_error_signal_handler caught signal 11...
[m# ---- Run standalone_attn_prefill_and_decode_tp8_prefill_then_decode1_2048_64_204832 ----
INFO 09-01 19:56:09 [__init__.py:244] Automatically detected platform rocm.
[0;31mE20250901 19:56:29.980570 139657861166848 output_stream.cpp:105] Opened result file: ./profiles/standalone_attn_prefill_and_decode_tp8_prefill_then_decode1_2048_64_204832_kernel_trace.csv
[m[0;31mE20250901 19:56:29.988273 139657861166848 output_stream.cpp:105] Opened result file: ./profiles/standalone_attn_prefill_and_decode_tp8_prefill_then_decode1_2048_64_204832_agent_info.csv
[m[0;33mW20250901 19:56:39.475990 139657861166848 tool.cpp:1902] rocprofv3_error_signal_handler caught signal 11...
[m# ---- Run standalone_attn_prefill_and_decode_tp8_prefill_then_decode1_2048_64_409632 ----
INFO 09-01 19:56:46 [__init__.py:244] Automatically detected platform rocm.
[0;31mE20250901 19:57:06.312141 139844061071104 output_stream.cpp:105] Opened result file: ./profiles/standalone_attn_prefill_and_decode_tp8_prefill_then_decode1_2048_64_409632_kernel_trace.csv
[m[0;31mE20250901 19:57:06.319619 139844061071104 output_stream.cpp:105] Opened result file: ./profiles/standalone_attn_prefill_and_decode_tp8_prefill_then_decode1_2048_64_409632_agent_info.csv
[m[0;33mW20250901 19:57:16.297353 139844061071104 tool.cpp:1902] rocprofv3_error_signal_handler caught signal 11...
[m# ---- Run standalone_attn_prefill_and_decode_tp8_prefill_then_decode1_2048_64_819232 ----
INFO 09-01 19:57:23 [__init__.py:244] Automatically detected platform rocm.
[0;31mE20250901 19:57:43.533409 140085512115968 output_stream.cpp:105] Opened result file: ./profiles/standalone_attn_prefill_and_decode_tp8_prefill_then_decode1_2048_64_819232_kernel_trace.csv
[m[0;31mE20250901 19:57:43.540850 140085512115968 output_stream.cpp:105] Opened result file: ./profiles/standalone_attn_prefill_and_decode_tp8_prefill_then_decode1_2048_64_819232_agent_info.csv
[m[0;33mW20250901 19:57:52.860205 140085512115968 tool.cpp:1902] rocprofv3_error_signal_handler caught signal 11...
[m# ---- Run standalone_attn_prefill_and_decode_tp8_prefill_then_decode1_2048_128_25632 ----
INFO 09-01 19:57:59 [__init__.py:244] Automatically detected platform rocm.
[0;31mE20250901 19:58:18.524160 140183967614720 output_stream.cpp:105] Opened result file: ./profiles/standalone_attn_prefill_and_decode_tp8_prefill_then_decode1_2048_128_25632_kernel_trace.csv
[m[0;31mE20250901 19:58:18.532119 140183967614720 output_stream.cpp:105] Opened result file: ./profiles/standalone_attn_prefill_and_decode_tp8_prefill_then_decode1_2048_128_25632_agent_info.csv
[m[0;33mW20250901 19:58:28.038354 140183967614720 tool.cpp:1902] rocprofv3_error_signal_handler caught signal 11...
[m# ---- Run standalone_attn_prefill_and_decode_tp8_prefill_then_decode1_2048_128_51232 ----
INFO 09-01 19:58:34 [__init__.py:244] Automatically detected platform rocm.
[0;31mE20250901 19:58:53.645670 140357472761600 output_stream.cpp:105] Opened result file: ./profiles/standalone_attn_prefill_and_decode_tp8_prefill_then_decode1_2048_128_51232_kernel_trace.csv
[m[0;31mE20250901 19:58:53.652012 140357472761600 output_stream.cpp:105] Opened result file: ./profiles/standalone_attn_prefill_and_decode_tp8_prefill_then_decode1_2048_128_51232_agent_info.csv
[m[0;33mW20250901 19:59:02.167077 140357472761600 tool.cpp:1902] rocprofv3_error_signal_handler caught signal 11...
[m# ---- Run standalone_attn_prefill_and_decode_tp8_prefill_then_decode1_2048_128_102432 ----
INFO 09-01 19:59:08 [__init__.py:244] Automatically detected platform rocm.
[0;31mE20250901 19:59:25.809782 139922290841344 output_stream.cpp:105] Opened result file: ./profiles/standalone_attn_prefill_and_decode_tp8_prefill_then_decode1_2048_128_102432_kernel_trace.csv
[m[0;31mE20250901 19:59:25.817234 139922290841344 output_stream.cpp:105] Opened result file: ./profiles/standalone_attn_prefill_and_decode_tp8_prefill_then_decode1_2048_128_102432_agent_info.csv
[m[0;33mW20250901 19:59:34.832147 139922290841344 tool.cpp:1902] rocprofv3_error_signal_handler caught signal 11...
[m# ---- Run standalone_attn_prefill_and_decode_tp8_prefill_then_decode1_2048_128_204832 ----
INFO 09-01 19:59:41 [__init__.py:244] Automatically detected platform rocm.
[0;31mE20250901 19:59:58.577716 139766294341376 output_stream.cpp:105] Opened result file: ./profiles/standalone_attn_prefill_and_decode_tp8_prefill_then_decode1_2048_128_204832_kernel_trace.csv
[m[0;31mE20250901 19:59:58.584491 139766294341376 output_stream.cpp:105] Opened result file: ./profiles/standalone_attn_prefill_and_decode_tp8_prefill_then_decode1_2048_128_204832_agent_info.csv
[m[0;33mW20250901 20:00:07.360814 139766294341376 tool.cpp:1902] rocprofv3_error_signal_handler caught signal 11...
[m# ---- Run standalone_attn_prefill_and_decode_tp8_prefill_then_decode1_2048_128_409632 ----
INFO 09-01 20:00:13 [__init__.py:244] Automatically detected platform rocm.
[0;31mE20250901 20:00:31.818932 140112868079360 output_stream.cpp:105] Opened result file: ./profiles/standalone_attn_prefill_and_decode_tp8_prefill_then_decode1_2048_128_409632_kernel_trace.csv
[m[0;31mE20250901 20:00:31.825260 140112868079360 output_stream.cpp:105] Opened result file: ./profiles/standalone_attn_prefill_and_decode_tp8_prefill_then_decode1_2048_128_409632_agent_info.csv
[m[0;33mW20250901 20:00:40.144232 140112868079360 tool.cpp:1902] rocprofv3_error_signal_handler caught signal 11...
[m# ---- Run standalone_attn_prefill_and_decode_tp8_prefill_then_decode1_2048_128_819232 ----
INFO 09-01 20:00:46 [__init__.py:244] Automatically detected platform rocm.
[0;31mE20250901 20:01:03.674653 140610355558144 output_stream.cpp:105] Opened result file: ./profiles/standalone_attn_prefill_and_decode_tp8_prefill_then_decode1_2048_128_819232_kernel_trace.csv
[m[0;31mE20250901 20:01:03.681577 140610355558144 output_stream.cpp:105] Opened result file: ./profiles/standalone_attn_prefill_and_decode_tp8_prefill_then_decode1_2048_128_819232_agent_info.csv
[m[0;33mW20250901 20:01:12.163092 140610355558144 tool.cpp:1902] rocprofv3_error_signal_handler caught signal 11...
[m# ---- Run standalone_attn_prefill_and_decode_tp8_prefill_then_decode1_4096_1_25632 ----
INFO 09-01 20:01:18 [__init__.py:244] Automatically detected platform rocm.
[0;31mE20250901 20:01:35.513655 139637239015168 output_stream.cpp:105] Opened result file: ./profiles/standalone_attn_prefill_and_decode_tp8_prefill_then_decode1_4096_1_25632_kernel_trace.csv
[m[0;31mE20250901 20:01:35.519991 139637239015168 output_stream.cpp:105] Opened result file: ./profiles/standalone_attn_prefill_and_decode_tp8_prefill_then_decode1_4096_1_25632_agent_info.csv
[m[0;33mW20250901 20:01:44.077875 139637239015168 tool.cpp:1902] rocprofv3_error_signal_handler caught signal 11...
[m# ---- Run standalone_attn_prefill_and_decode_tp8_prefill_then_decode1_4096_1_51232 ----
INFO 09-01 20:01:50 [__init__.py:244] Automatically detected platform rocm.
[0;31mE20250901 20:02:07.663989 140580953454336 output_stream.cpp:105] Opened result file: ./profiles/standalone_attn_prefill_and_decode_tp8_prefill_then_decode1_4096_1_51232_kernel_trace.csv
[m[0;31mE20250901 20:02:07.670315 140580953454336 output_stream.cpp:105] Opened result file: ./profiles/standalone_attn_prefill_and_decode_tp8_prefill_then_decode1_4096_1_51232_agent_info.csv
[m[0;33mW20250901 20:02:16.342824 140580953454336 tool.cpp:1902] rocprofv3_error_signal_handler caught signal 11...
[m# ---- Run standalone_attn_prefill_and_decode_tp8_prefill_then_decode1_4096_1_102432 ----
INFO 09-01 20:02:22 [__init__.py:244] Automatically detected platform rocm.
[0;31mE20250901 20:02:40.166945 140405000771328 output_stream.cpp:105] Opened result file: ./profiles/standalone_attn_prefill_and_decode_tp8_prefill_then_decode1_4096_1_102432_kernel_trace.csv
[m[0;31mE20250901 20:02:40.173331 140405000771328 output_stream.cpp:105] Opened result file: ./profiles/standalone_attn_prefill_and_decode_tp8_prefill_then_decode1_4096_1_102432_agent_info.csv
[m[0;33mW20250901 20:02:48.734151 140405000771328 tool.cpp:1902] rocprofv3_error_signal_handler caught signal 11...
[m# ---- Run standalone_attn_prefill_and_decode_tp8_prefill_then_decode1_4096_1_204832 ----
INFO 09-01 20:02:54 [__init__.py:244] Automatically detected platform rocm.
[0;31mE20250901 20:03:13.013530 140442899834624 output_stream.cpp:105] Opened result file: ./profiles/standalone_attn_prefill_and_decode_tp8_prefill_then_decode1_4096_1_204832_kernel_trace.csv
[m[0;31mE20250901 20:03:13.019956 140442899834624 output_stream.cpp:105] Opened result file: ./profiles/standalone_attn_prefill_and_decode_tp8_prefill_then_decode1_4096_1_204832_agent_info.csv
[m[0;33mW20250901 20:03:21.667322 140442899834624 tool.cpp:1902] rocprofv3_error_signal_handler caught signal 11...
[m# ---- Run standalone_attn_prefill_and_decode_tp8_prefill_then_decode1_4096_1_409632 ----
INFO 09-01 20:03:27 [__init__.py:244] Automatically detected platform rocm.
[0;31mE20250901 20:03:45.828242 140063108564736 output_stream.cpp:105] Opened result file: ./profiles/standalone_attn_prefill_and_decode_tp8_prefill_then_decode1_4096_1_409632_kernel_trace.csv
[m[0;31mE20250901 20:03:45.834550 140063108564736 output_stream.cpp:105] Opened result file: ./profiles/standalone_attn_prefill_and_decode_tp8_prefill_then_decode1_4096_1_409632_agent_info.csv
[m[0;33mW20250901 20:03:54.646377 140063108564736 tool.cpp:1902] rocprofv3_error_signal_handler caught signal 11...
[m# ---- Run standalone_attn_prefill_and_decode_tp8_prefill_then_decode1_4096_1_819232 ----
INFO 09-01 20:04:00 [__init__.py:244] Automatically detected platform rocm.
[0;31mE20250901 20:04:18.371608 140384398165760 output_stream.cpp:105] Opened result file: ./profiles/standalone_attn_prefill_and_decode_tp8_prefill_then_decode1_4096_1_819232_kernel_trace.csv
[m[0;31mE20250901 20:04:18.378496 140384398165760 output_stream.cpp:105] Opened result file: ./profiles/standalone_attn_prefill_and_decode_tp8_prefill_then_decode1_4096_1_819232_agent_info.csv
[m[0;33mW20250901 20:04:27.660649 140384398165760 tool.cpp:1902] rocprofv3_error_signal_handler caught signal 11...
[m# ---- Run standalone_attn_prefill_and_decode_tp8_prefill_then_decode1_4096_2_25632 ----
INFO 09-01 20:04:33 [__init__.py:244] Automatically detected platform rocm.
[0;31mE20250901 20:04:54.220485 140479293089536 output_stream.cpp:105] Opened result file: ./profiles/standalone_attn_prefill_and_decode_tp8_prefill_then_decode1_4096_2_25632_kernel_trace.csv
[m[0;31mE20250901 20:04:54.227708 140479293089536 output_stream.cpp:105] Opened result file: ./profiles/standalone_attn_prefill_and_decode_tp8_prefill_then_decode1_4096_2_25632_agent_info.csv
[m[0;33mW20250901 20:05:03.856900 140479293089536 tool.cpp:1902] rocprofv3_error_signal_handler caught signal 11...
[m# ---- Run standalone_attn_prefill_and_decode_tp8_prefill_then_decode1_4096_2_51232 ----
INFO 09-01 20:05:11 [__init__.py:244] Automatically detected platform rocm.
[0;31mE20250901 20:05:32.660233 139955714828032 output_stream.cpp:105] Opened result file: ./profiles/standalone_attn_prefill_and_decode_tp8_prefill_then_decode1_4096_2_51232_kernel_trace.csv
[m[0;31mE20250901 20:05:32.667253 139955714828032 output_stream.cpp:105] Opened result file: ./profiles/standalone_attn_prefill_and_decode_tp8_prefill_then_decode1_4096_2_51232_agent_info.csv
[m[0;33mW20250901 20:05:42.378971 139955714828032 tool.cpp:1902] rocprofv3_error_signal_handler caught signal 11...
[m# ---- Run standalone_attn_prefill_and_decode_tp8_prefill_then_decode1_4096_2_102432 ----
INFO 09-01 20:05:50 [__init__.py:244] Automatically detected platform rocm.
[0;31mE20250901 20:06:11.156214 139875135207168 output_stream.cpp:105] Opened result file: ./profiles/standalone_attn_prefill_and_decode_tp8_prefill_then_decode1_4096_2_102432_kernel_trace.csv
[m[0;31mE20250901 20:06:11.163033 139875135207168 output_stream.cpp:105] Opened result file: ./profiles/standalone_attn_prefill_and_decode_tp8_prefill_then_decode1_4096_2_102432_agent_info.csv
[m[0;33mW20250901 20:06:20.153546 139875135207168 tool.cpp:1902] rocprofv3_error_signal_handler caught signal 11...
[m# ---- Run standalone_attn_prefill_and_decode_tp8_prefill_then_decode1_4096_2_204832 ----
INFO 09-01 20:06:27 [__init__.py:244] Automatically detected platform rocm.
[0;31mE20250901 20:06:48.902401 140019154708224 output_stream.cpp:105] Opened result file: ./profiles/standalone_attn_prefill_and_decode_tp8_prefill_then_decode1_4096_2_204832_kernel_trace.csv
[m[0;31mE20250901 20:06:48.909307 140019154708224 output_stream.cpp:105] Opened result file: ./profiles/standalone_attn_prefill_and_decode_tp8_prefill_then_decode1_4096_2_204832_agent_info.csv
[m[0;33mW20250901 20:06:57.938629 140019154708224 tool.cpp:1902] rocprofv3_error_signal_handler caught signal 11...
[m# ---- Run standalone_attn_prefill_and_decode_tp8_prefill_then_decode1_4096_2_409632 ----
INFO 09-01 20:07:05 [__init__.py:244] Automatically detected platform rocm.
[0;31mE20250901 20:07:25.614682 140337481955072 output_stream.cpp:105] Opened result file: ./profiles/standalone_attn_prefill_and_decode_tp8_prefill_then_decode1_4096_2_409632_kernel_trace.csv
[m[0;31mE20250901 20:07:25.622558 140337481955072 output_stream.cpp:105] Opened result file: ./profiles/standalone_attn_prefill_and_decode_tp8_prefill_then_decode1_4096_2_409632_agent_info.csv
[m[0;33mW20250901 20:07:34.620286 140337481955072 tool.cpp:1902] rocprofv3_error_signal_handler caught signal 11...
[m# ---- Run standalone_attn_prefill_and_decode_tp8_prefill_then_decode1_4096_2_819232 ----
INFO 09-01 20:07:42 [__init__.py:244] Automatically detected platform rocm.
[0;31mE20250901 20:08:02.991203 140255662065408 output_stream.cpp:105] Opened result file: ./profiles/standalone_attn_prefill_and_decode_tp8_prefill_then_decode1_4096_2_819232_kernel_trace.csv
[m[0;31mE20250901 20:08:02.998248 140255662065408 output_stream.cpp:105] Opened result file: ./profiles/standalone_attn_prefill_and_decode_tp8_prefill_then_decode1_4096_2_819232_agent_info.csv
[m[0;33mW20250901 20:08:12.972261 140255662065408 tool.cpp:1902] rocprofv3_error_signal_handler caught signal 11...
[m# ---- Run standalone_attn_prefill_and_decode_tp8_prefill_then_decode1_4096_4_25632 ----
INFO 09-01 20:08:19 [__init__.py:244] Automatically detected platform rocm.
[0;31mE20250901 20:08:40.386962 139950231701248 output_stream.cpp:105] Opened result file: ./profiles/standalone_attn_prefill_and_decode_tp8_prefill_then_decode1_4096_4_25632_kernel_trace.csv
[m[0;31mE20250901 20:08:40.393902 139950231701248 output_stream.cpp:105] Opened result file: ./profiles/standalone_attn_prefill_and_decode_tp8_prefill_then_decode1_4096_4_25632_agent_info.csv
[m[0;33mW20250901 20:08:49.722120 139950231701248 tool.cpp:1902] rocprofv3_error_signal_handler caught signal 11...
[m# ---- Run standalone_attn_prefill_and_decode_tp8_prefill_then_decode1_4096_4_51232 ----
INFO 09-01 20:08:56 [__init__.py:244] Automatically detected platform rocm.
[0;31mE20250901 20:09:16.270706 139785435309824 output_stream.cpp:105] Opened result file: ./profiles/standalone_attn_prefill_and_decode_tp8_prefill_then_decode1_4096_4_51232_kernel_trace.csv
[m[0;31mE20250901 20:09:16.277648 139785435309824 output_stream.cpp:105] Opened result file: ./profiles/standalone_attn_prefill_and_decode_tp8_prefill_then_decode1_4096_4_51232_agent_info.csv
[m[0;33mW20250901 20:09:25.604204 139785435309824 tool.cpp:1902] rocprofv3_error_signal_handler caught signal 11...
[m# ---- Run standalone_attn_prefill_and_decode_tp8_prefill_then_decode1_4096_4_102432 ----
INFO 09-01 20:09:31 [__init__.py:244] Automatically detected platform rocm.
[0;31mE20250901 20:09:49.549158 140310479472384 output_stream.cpp:105] Opened result file: ./profiles/standalone_attn_prefill_and_decode_tp8_prefill_then_decode1_4096_4_102432_kernel_trace.csv
[m[0;31mE20250901 20:09:49.555656 140310479472384 output_stream.cpp:105] Opened result file: ./profiles/standalone_attn_prefill_and_decode_tp8_prefill_then_decode1_4096_4_102432_agent_info.csv
[m[0;33mW20250901 20:09:58.171691 140310479472384 tool.cpp:1902] rocprofv3_error_signal_handler caught signal 11...
[m# ---- Run standalone_attn_prefill_and_decode_tp8_prefill_then_decode1_4096_4_204832 ----
INFO 09-01 20:10:04 [__init__.py:244] Automatically detected platform rocm.
[0;31mE20250901 20:10:24.193889 139959013689088 output_stream.cpp:105] Opened result file: ./profiles/standalone_attn_prefill_and_decode_tp8_prefill_then_decode1_4096_4_204832_kernel_trace.csv
[m[0;31mE20250901 20:10:24.200969 139959013689088 output_stream.cpp:105] Opened result file: ./profiles/standalone_attn_prefill_and_decode_tp8_prefill_then_decode1_4096_4_204832_agent_info.csv
[m[0;33mW20250901 20:10:33.338256 139959013689088 tool.cpp:1902] rocprofv3_error_signal_handler caught signal 11...
[m# ---- Run standalone_attn_prefill_and_decode_tp8_prefill_then_decode1_4096_4_409632 ----
INFO 09-01 20:10:40 [__init__.py:244] Automatically detected platform rocm.
[0;31mE20250901 20:11:01.067746 140276726527744 output_stream.cpp:105] Opened result file: ./profiles/standalone_attn_prefill_and_decode_tp8_prefill_then_decode1_4096_4_409632_kernel_trace.csv
[m[0;31mE20250901 20:11:01.074623 140276726527744 output_stream.cpp:105] Opened result file: ./profiles/standalone_attn_prefill_and_decode_tp8_prefill_then_decode1_4096_4_409632_agent_info.csv
[m[0;33mW20250901 20:11:10.862084 140276726527744 tool.cpp:1902] rocprofv3_error_signal_handler caught signal 11...
[m# ---- Run standalone_attn_prefill_and_decode_tp8_prefill_then_decode1_4096_4_819232 ----
INFO 09-01 20:11:17 [__init__.py:244] Automatically detected platform rocm.
[0;31mE20250901 20:11:37.987734 139887856432896 output_stream.cpp:105] Opened result file: ./profiles/standalone_attn_prefill_and_decode_tp8_prefill_then_decode1_4096_4_819232_kernel_trace.csv
[m[0;31mE20250901 20:11:37.994580 139887856432896 output_stream.cpp:105] Opened result file: ./profiles/standalone_attn_prefill_and_decode_tp8_prefill_then_decode1_4096_4_819232_agent_info.csv
[m[0;33mW20250901 20:11:47.417103 139887856432896 tool.cpp:1902] rocprofv3_error_signal_handler caught signal 11...
[m# ---- Run standalone_attn_prefill_and_decode_tp8_prefill_then_decode1_4096_8_25632 ----
INFO 09-01 20:11:54 [__init__.py:244] Automatically detected platform rocm.
[0;31mE20250901 20:12:14.153873 139814699370240 output_stream.cpp:105] Opened result file: ./profiles/standalone_attn_prefill_and_decode_tp8_prefill_then_decode1_4096_8_25632_kernel_trace.csv
[m[0;31mE20250901 20:12:14.160161 139814699370240 output_stream.cpp:105] Opened result file: ./profiles/standalone_attn_prefill_and_decode_tp8_prefill_then_decode1_4096_8_25632_agent_info.csv
[m[0;33mW20250901 20:12:22.760215 139814699370240 tool.cpp:1902] rocprofv3_error_signal_handler caught signal 11...
[m# ---- Run standalone_attn_prefill_and_decode_tp8_prefill_then_decode1_4096_8_51232 ----
INFO 09-01 20:12:28 [__init__.py:244] Automatically detected platform rocm.
[0;31mE20250901 20:12:47.465797 140099651811072 output_stream.cpp:105] Opened result file: ./profiles/standalone_attn_prefill_and_decode_tp8_prefill_then_decode1_4096_8_51232_kernel_trace.csv
[m[0;31mE20250901 20:12:47.472271 140099651811072 output_stream.cpp:105] Opened result file: ./profiles/standalone_attn_prefill_and_decode_tp8_prefill_then_decode1_4096_8_51232_agent_info.csv
[m[0;33mW20250901 20:12:55.967850 140099651811072 tool.cpp:1902] rocprofv3_error_signal_handler caught signal 11...
[m# ---- Run standalone_attn_prefill_and_decode_tp8_prefill_then_decode1_4096_8_102432 ----
INFO 09-01 20:13:02 [__init__.py:244] Automatically detected platform rocm.
[0;31mE20250901 20:13:20.515802 140462137747200 output_stream.cpp:105] Opened result file: ./profiles/standalone_attn_prefill_and_decode_tp8_prefill_then_decode1_4096_8_102432_kernel_trace.csv
[m[0;31mE20250901 20:13:20.522175 140462137747200 output_stream.cpp:105] Opened result file: ./profiles/standalone_attn_prefill_and_decode_tp8_prefill_then_decode1_4096_8_102432_agent_info.csv
[m[0;33mW20250901 20:13:29.240914 140462137747200 tool.cpp:1902] rocprofv3_error_signal_handler caught signal 11...
[m# ---- Run standalone_attn_prefill_and_decode_tp8_prefill_then_decode1_4096_8_204832 ----
INFO 09-01 20:13:35 [__init__.py:244] Automatically detected platform rocm.
[0;31mE20250901 20:13:53.850161 140196735837952 output_stream.cpp:105] Opened result file: ./profiles/standalone_attn_prefill_and_decode_tp8_prefill_then_decode1_4096_8_204832_kernel_trace.csv
[m[0;31mE20250901 20:13:53.857470 140196735837952 output_stream.cpp:105] Opened result file: ./profiles/standalone_attn_prefill_and_decode_tp8_prefill_then_decode1_4096_8_204832_agent_info.csv
[m[0;33mW20250901 20:14:02.623299 140196735837952 tool.cpp:1902] rocprofv3_error_signal_handler caught signal 11...
[m# ---- Run standalone_attn_prefill_and_decode_tp8_prefill_then_decode1_4096_8_409632 ----
INFO 09-01 20:14:08 [__init__.py:244] Automatically detected platform rocm.
[0;31mE20250901 20:14:28.665738 140477399414528 output_stream.cpp:105] Opened result file: ./profiles/standalone_attn_prefill_and_decode_tp8_prefill_then_decode1_4096_8_409632_kernel_trace.csv
[m[0;31mE20250901 20:14:28.672945 140477399414528 output_stream.cpp:105] Opened result file: ./profiles/standalone_attn_prefill_and_decode_tp8_prefill_then_decode1_4096_8_409632_agent_info.csv
[m[0;33mW20250901 20:14:38.346545 140477399414528 tool.cpp:1902] rocprofv3_error_signal_handler caught signal 11...
[m# ---- Run standalone_attn_prefill_and_decode_tp8_prefill_then_decode1_4096_8_819232 ----
INFO 09-01 20:14:45 [__init__.py:244] Automatically detected platform rocm.
[0;31mE20250901 20:15:06.535075 140038860695296 output_stream.cpp:105] Opened result file: ./profiles/standalone_attn_prefill_and_decode_tp8_prefill_then_decode1_4096_8_819232_kernel_trace.csv
[m[0;31mE20250901 20:15:06.542121 140038860695296 output_stream.cpp:105] Opened result file: ./profiles/standalone_attn_prefill_and_decode_tp8_prefill_then_decode1_4096_8_819232_agent_info.csv
[m[0;33mW20250901 20:15:16.192294 140038860695296 tool.cpp:1902] rocprofv3_error_signal_handler caught signal 11...
[m# ---- Run standalone_attn_prefill_and_decode_tp8_prefill_then_decode1_4096_16_25632 ----
INFO 09-01 20:15:23 [__init__.py:244] Automatically detected platform rocm.
[0;31mE20250901 20:15:43.202118 140045858510592 output_stream.cpp:105] Opened result file: ./profiles/standalone_attn_prefill_and_decode_tp8_prefill_then_decode1_4096_16_25632_kernel_trace.csv
[m[0;31mE20250901 20:15:43.208632 140045858510592 output_stream.cpp:105] Opened result file: ./profiles/standalone_attn_prefill_and_decode_tp8_prefill_then_decode1_4096_16_25632_agent_info.csv
[m[0;33mW20250901 20:15:51.728948 140045858510592 tool.cpp:1902] rocprofv3_error_signal_handler caught signal 11...
[m# ---- Run standalone_attn_prefill_and_decode_tp8_prefill_then_decode1_4096_16_51232 ----
INFO 09-01 20:15:57 [__init__.py:244] Automatically detected platform rocm.
[0;31mE20250901 20:16:16.428815 140561076942592 output_stream.cpp:105] Opened result file: ./profiles/standalone_attn_prefill_and_decode_tp8_prefill_then_decode1_4096_16_51232_kernel_trace.csv
[m[0;31mE20250901 20:16:16.435605 140561076942592 output_stream.cpp:105] Opened result file: ./profiles/standalone_attn_prefill_and_decode_tp8_prefill_then_decode1_4096_16_51232_agent_info.csv
[m[0;33mW20250901 20:16:25.667523 140561076942592 tool.cpp:1902] rocprofv3_error_signal_handler caught signal 11...
[m# ---- Run standalone_attn_prefill_and_decode_tp8_prefill_then_decode1_4096_16_102432 ----
INFO 09-01 20:16:31 [__init__.py:244] Automatically detected platform rocm.
[0;31mE20250901 20:16:50.394748 139811064190720 output_stream.cpp:105] Opened result file: ./profiles/standalone_attn_prefill_and_decode_tp8_prefill_then_decode1_4096_16_102432_kernel_trace.csv
[m[0;31mE20250901 20:16:50.401513 139811064190720 output_stream.cpp:105] Opened result file: ./profiles/standalone_attn_prefill_and_decode_tp8_prefill_then_decode1_4096_16_102432_agent_info.csv
[m[0;33mW20250901 20:16:59.215425 139811064190720 tool.cpp:1902] rocprofv3_error_signal_handler caught signal 11...
[m# ---- Run standalone_attn_prefill_and_decode_tp8_prefill_then_decode1_4096_16_204832 ----
INFO 09-01 20:17:05 [__init__.py:244] Automatically detected platform rocm.
[0;31mE20250901 20:17:23.364644 139721096132352 output_stream.cpp:105] Opened result file: ./profiles/standalone_attn_prefill_and_decode_tp8_prefill_then_decode1_4096_16_204832_kernel_trace.csv
[m[0;31mE20250901 20:17:23.371586 139721096132352 output_stream.cpp:105] Opened result file: ./profiles/standalone_attn_prefill_and_decode_tp8_prefill_then_decode1_4096_16_204832_agent_info.csv
[m[0;33mW20250901 20:17:32.055870 139721096132352 tool.cpp:1902] rocprofv3_error_signal_handler caught signal 11...
[m# ---- Run standalone_attn_prefill_and_decode_tp8_prefill_then_decode1_4096_16_409632 ----
INFO 09-01 20:17:38 [__init__.py:244] Automatically detected platform rocm.
[0;31mE20250901 20:17:56.952482 139709105272576 output_stream.cpp:105] Opened result file: ./profiles/standalone_attn_prefill_and_decode_tp8_prefill_then_decode1_4096_16_409632_kernel_trace.csv
[m[0;31mE20250901 20:17:56.958811 139709105272576 output_stream.cpp:105] Opened result file: ./profiles/standalone_attn_prefill_and_decode_tp8_prefill_then_decode1_4096_16_409632_agent_info.csv
[m[0;33mW20250901 20:18:05.684369 139709105272576 tool.cpp:1902] rocprofv3_error_signal_handler caught signal 11...
[m# ---- Run standalone_attn_prefill_and_decode_tp8_prefill_then_decode1_4096_16_819232 ----
INFO 09-01 20:18:12 [__init__.py:244] Automatically detected platform rocm.
[0;31mE20250901 20:18:30.500150 140403204196096 output_stream.cpp:105] Opened result file: ./profiles/standalone_attn_prefill_and_decode_tp8_prefill_then_decode1_4096_16_819232_kernel_trace.csv
[m[0;31mE20250901 20:18:30.507020 140403204196096 output_stream.cpp:105] Opened result file: ./profiles/standalone_attn_prefill_and_decode_tp8_prefill_then_decode1_4096_16_819232_agent_info.csv
[m[0;33mW20250901 20:18:39.448105 140403204196096 tool.cpp:1902] rocprofv3_error_signal_handler caught signal 11...
[m# ---- Run standalone_attn_prefill_and_decode_tp8_prefill_then_decode1_4096_32_25632 ----
INFO 09-01 20:18:46 [__init__.py:244] Automatically detected platform rocm.
[0;31mE20250901 20:19:04.917694 140664114091776 output_stream.cpp:105] Opened result file: ./profiles/standalone_attn_prefill_and_decode_tp8_prefill_then_decode1_4096_32_25632_kernel_trace.csv
[m[0;31mE20250901 20:19:04.923857 140664114091776 output_stream.cpp:105] Opened result file: ./profiles/standalone_attn_prefill_and_decode_tp8_prefill_then_decode1_4096_32_25632_agent_info.csv
[m[0;33mW20250901 20:19:13.975685 140664114091776 tool.cpp:1902] rocprofv3_error_signal_handler caught signal 11...
[m# ---- Run standalone_attn_prefill_and_decode_tp8_prefill_then_decode1_4096_32_51232 ----
INFO 09-01 20:19:20 [__init__.py:244] Automatically detected platform rocm.
[0;31mE20250901 20:19:38.392524 140293101876992 output_stream.cpp:105] Opened result file: ./profiles/standalone_attn_prefill_and_decode_tp8_prefill_then_decode1_4096_32_51232_kernel_trace.csv
[m[0;31mE20250901 20:19:38.399109 140293101876992 output_stream.cpp:105] Opened result file: ./profiles/standalone_attn_prefill_and_decode_tp8_prefill_then_decode1_4096_32_51232_agent_info.csv
[m[0;33mW20250901 20:19:47.667944 140293101876992 tool.cpp:1902] rocprofv3_error_signal_handler caught signal 11...
[m# ---- Run standalone_attn_prefill_and_decode_tp8_prefill_then_decode1_4096_32_102432 ----
INFO 09-01 20:19:53 [__init__.py:244] Automatically detected platform rocm.
[0;31mE20250901 20:20:12.335159 139840456017664 output_stream.cpp:105] Opened result file: ./profiles/standalone_attn_prefill_and_decode_tp8_prefill_then_decode1_4096_32_102432_kernel_trace.csv
[m[0;31mE20250901 20:20:12.342263 139840456017664 output_stream.cpp:105] Opened result file: ./profiles/standalone_attn_prefill_and_decode_tp8_prefill_then_decode1_4096_32_102432_agent_info.csv
[m[0;33mW20250901 20:20:21.773119 139840456017664 tool.cpp:1902] rocprofv3_error_signal_handler caught signal 11...
[m# ---- Run standalone_attn_prefill_and_decode_tp8_prefill_then_decode1_4096_32_204832 ----
INFO 09-01 20:20:28 [__init__.py:244] Automatically detected platform rocm.
[0;31mE20250901 20:20:47.742554 139865206470400 output_stream.cpp:105] Opened result file: ./profiles/standalone_attn_prefill_and_decode_tp8_prefill_then_decode1_4096_32_204832_kernel_trace.csv
[m[0;31mE20250901 20:20:47.749334 139865206470400 output_stream.cpp:105] Opened result file: ./profiles/standalone_attn_prefill_and_decode_tp8_prefill_then_decode1_4096_32_204832_agent_info.csv
[m[0;33mW20250901 20:20:57.570949 139865206470400 tool.cpp:1902] rocprofv3_error_signal_handler caught signal 11...
[m# ---- Run standalone_attn_prefill_and_decode_tp8_prefill_then_decode1_4096_32_409632 ----
INFO 09-01 20:21:03 [__init__.py:244] Automatically detected platform rocm.
[0;31mE20250901 20:21:22.525057 140683628136192 output_stream.cpp:105] Opened result file: ./profiles/standalone_attn_prefill_and_decode_tp8_prefill_then_decode1_4096_32_409632_kernel_trace.csv
[m[0;31mE20250901 20:21:22.532007 140683628136192 output_stream.cpp:105] Opened result file: ./profiles/standalone_attn_prefill_and_decode_tp8_prefill_then_decode1_4096_32_409632_agent_info.csv
[m[0;33mW20250901 20:21:31.661426 140683628136192 tool.cpp:1902] rocprofv3_error_signal_handler caught signal 11...
[m# ---- Run standalone_attn_prefill_and_decode_tp8_prefill_then_decode1_4096_32_819232 ----
INFO 09-01 20:21:37 [__init__.py:244] Automatically detected platform rocm.
[0;31mE20250901 20:21:56.818678 140415043114752 output_stream.cpp:105] Opened result file: ./profiles/standalone_attn_prefill_and_decode_tp8_prefill_then_decode1_4096_32_819232_kernel_trace.csv
[m[0;31mE20250901 20:21:56.826554 140415043114752 output_stream.cpp:105] Opened result file: ./profiles/standalone_attn_prefill_and_decode_tp8_prefill_then_decode1_4096_32_819232_agent_info.csv
[m[0;33mW20250901 20:22:06.193674 140415043114752 tool.cpp:1902] rocprofv3_error_signal_handler caught signal 11...
[m# ---- Run standalone_attn_prefill_and_decode_tp8_prefill_then_decode1_4096_64_25632 ----
INFO 09-01 20:22:12 [__init__.py:244] Automatically detected platform rocm.
[0;31mE20250901 20:22:31.726437 139759493969664 output_stream.cpp:105] Opened result file: ./profiles/standalone_attn_prefill_and_decode_tp8_prefill_then_decode1_4096_64_25632_kernel_trace.csv
[m[0;31mE20250901 20:22:31.734204 139759493969664 output_stream.cpp:105] Opened result file: ./profiles/standalone_attn_prefill_and_decode_tp8_prefill_then_decode1_4096_64_25632_agent_info.csv
[m[0;33mW20250901 20:22:41.209173 139759493969664 tool.cpp:1902] rocprofv3_error_signal_handler caught signal 11...
[m# ---- Run standalone_attn_prefill_and_decode_tp8_prefill_then_decode1_4096_64_51232 ----
INFO 09-01 20:22:47 [__init__.py:244] Automatically detected platform rocm.
[0;31mE20250901 20:23:06.738972 140055292057344 output_stream.cpp:105] Opened result file: ./profiles/standalone_attn_prefill_and_decode_tp8_prefill_then_decode1_4096_64_51232_kernel_trace.csv
[m[0;31mE20250901 20:23:06.746517 140055292057344 output_stream.cpp:105] Opened result file: ./profiles/standalone_attn_prefill_and_decode_tp8_prefill_then_decode1_4096_64_51232_agent_info.csv
[m[0;33mW20250901 20:23:16.191288 140055292057344 tool.cpp:1902] rocprofv3_error_signal_handler caught signal 11...
[m# ---- Run standalone_attn_prefill_and_decode_tp8_prefill_then_decode1_4096_64_102432 ----
INFO 09-01 20:23:22 [__init__.py:244] Automatically detected platform rocm.
[0;31mE20250901 20:23:42.337669 140668948305664 output_stream.cpp:105] Opened result file: ./profiles/standalone_attn_prefill_and_decode_tp8_prefill_then_decode1_4096_64_102432_kernel_trace.csv
[m[0;31mE20250901 20:23:42.344645 140668948305664 output_stream.cpp:105] Opened result file: ./profiles/standalone_attn_prefill_and_decode_tp8_prefill_then_decode1_4096_64_102432_agent_info.csv
[m[0;33mW20250901 20:23:52.041725 140668948305664 tool.cpp:1902] rocprofv3_error_signal_handler caught signal 11...
[m# ---- Run standalone_attn_prefill_and_decode_tp8_prefill_then_decode1_4096_64_204832 ----
INFO 09-01 20:23:58 [__init__.py:244] Automatically detected platform rocm.
[0;31mE20250901 20:24:17.995784 139985339201280 output_stream.cpp:105] Opened result file: ./profiles/standalone_attn_prefill_and_decode_tp8_prefill_then_decode1_4096_64_204832_kernel_trace.csv
[m[0;31mE20250901 20:24:18.002499 139985339201280 output_stream.cpp:105] Opened result file: ./profiles/standalone_attn_prefill_and_decode_tp8_prefill_then_decode1_4096_64_204832_agent_info.csv
[m[0;33mW20250901 20:24:27.535058 139985339201280 tool.cpp:1902] rocprofv3_error_signal_handler caught signal 11...
[m# ---- Run standalone_attn_prefill_and_decode_tp8_prefill_then_decode1_4096_64_409632 ----
INFO 09-01 20:24:34 [__init__.py:244] Automatically detected platform rocm.
[0;31mE20250901 20:24:53.756100 140434712106752 output_stream.cpp:105] Opened result file: ./profiles/standalone_attn_prefill_and_decode_tp8_prefill_then_decode1_4096_64_409632_kernel_trace.csv
[m[0;31mE20250901 20:24:53.762652 140434712106752 output_stream.cpp:105] Opened result file: ./profiles/standalone_attn_prefill_and_decode_tp8_prefill_then_decode1_4096_64_409632_agent_info.csv
[m[0;33mW20250901 20:25:02.789272 140434712106752 tool.cpp:1902] rocprofv3_error_signal_handler caught signal 11...
[m# ---- Run standalone_attn_prefill_and_decode_tp8_prefill_then_decode1_4096_64_819232 ----
INFO 09-01 20:25:09 [__init__.py:244] Automatically detected platform rocm.
[0;31mE20250901 20:25:28.991943 140168967169792 output_stream.cpp:105] Opened result file: ./profiles/standalone_attn_prefill_and_decode_tp8_prefill_then_decode1_4096_64_819232_kernel_trace.csv
[m[0;31mE20250901 20:25:28.998969 140168967169792 output_stream.cpp:105] Opened result file: ./profiles/standalone_attn_prefill_and_decode_tp8_prefill_then_decode1_4096_64_819232_agent_info.csv
[m[0;33mW20250901 20:25:37.908068 140168967169792 tool.cpp:1902] rocprofv3_error_signal_handler caught signal 11...
[m# ---- Run standalone_attn_prefill_and_decode_tp8_prefill_then_decode1_4096_128_25632 ----
INFO 09-01 20:25:44 [__init__.py:244] Automatically detected platform rocm.
[0;31mE20250901 20:26:02.964298 140449777338112 output_stream.cpp:105] Opened result file: ./profiles/standalone_attn_prefill_and_decode_tp8_prefill_then_decode1_4096_128_25632_kernel_trace.csv
[m[0;31mE20250901 20:26:02.971024 140449777338112 output_stream.cpp:105] Opened result file: ./profiles/standalone_attn_prefill_and_decode_tp8_prefill_then_decode1_4096_128_25632_agent_info.csv
[m[0;33mW20250901 20:26:11.922910 140449777338112 tool.cpp:1902] rocprofv3_error_signal_handler caught signal 11...
[m# ---- Run standalone_attn_prefill_and_decode_tp8_prefill_then_decode1_4096_128_51232 ----
INFO 09-01 20:26:18 [__init__.py:244] Automatically detected platform rocm.
[0;31mE20250901 20:26:36.526592 139864040343296 output_stream.cpp:105] Opened result file: ./profiles/standalone_attn_prefill_and_decode_tp8_prefill_then_decode1_4096_128_51232_kernel_trace.csv
[m[0;31mE20250901 20:26:36.534789 139864040343296 output_stream.cpp:105] Opened result file: ./profiles/standalone_attn_prefill_and_decode_tp8_prefill_then_decode1_4096_128_51232_agent_info.csv
[m[0;33mW20250901 20:26:45.707389 139864040343296 tool.cpp:1902] rocprofv3_error_signal_handler caught signal 11...
[m# ---- Run standalone_attn_prefill_and_decode_tp8_prefill_then_decode1_4096_128_102432 ----
INFO 09-01 20:26:52 [__init__.py:244] Automatically detected platform rocm.
[0;31mE20250901 20:27:09.577390 140116924614400 output_stream.cpp:105] Opened result file: ./profiles/standalone_attn_prefill_and_decode_tp8_prefill_then_decode1_4096_128_102432_kernel_trace.csv
[m[0;31mE20250901 20:27:09.584887 140116924614400 output_stream.cpp:105] Opened result file: ./profiles/standalone_attn_prefill_and_decode_tp8_prefill_then_decode1_4096_128_102432_agent_info.csv
[m[0;33mW20250901 20:27:18.798295 140116924614400 tool.cpp:1902] rocprofv3_error_signal_handler caught signal 11...
[m# ---- Run standalone_attn_prefill_and_decode_tp8_prefill_then_decode1_4096_128_204832 ----
INFO 09-01 20:27:25 [__init__.py:244] Automatically detected platform rocm.
[0;31mE20250901 20:27:43.161997 139804001859328 output_stream.cpp:105] Opened result file: ./profiles/standalone_attn_prefill_and_decode_tp8_prefill_then_decode1_4096_128_204832_kernel_trace.csv
[m[0;31mE20250901 20:27:43.170019 139804001859328 output_stream.cpp:105] Opened result file: ./profiles/standalone_attn_prefill_and_decode_tp8_prefill_then_decode1_4096_128_204832_agent_info.csv
[m[0;33mW20250901 20:27:52.124623 139804001859328 tool.cpp:1902] rocprofv3_error_signal_handler caught signal 11...
[m# ---- Run standalone_attn_prefill_and_decode_tp8_prefill_then_decode1_4096_128_409632 ----
INFO 09-01 20:27:58 [__init__.py:244] Automatically detected platform rocm.
[0;31mE20250901 20:28:16.624686 140294274664192 output_stream.cpp:105] Opened result file: ./profiles/standalone_attn_prefill_and_decode_tp8_prefill_then_decode1_4096_128_409632_kernel_trace.csv
[m[0;31mE20250901 20:28:16.631791 140294274664192 output_stream.cpp:105] Opened result file: ./profiles/standalone_attn_prefill_and_decode_tp8_prefill_then_decode1_4096_128_409632_agent_info.csv
[m[0;33mW20250901 20:28:25.931444 140294274664192 tool.cpp:1902] rocprofv3_error_signal_handler caught signal 11...
[m# ---- Run standalone_attn_prefill_and_decode_tp8_prefill_then_decode1_4096_128_819232 ----
INFO 09-01 20:28:32 [__init__.py:244] Automatically detected platform rocm.
[0;31mE20250901 20:28:50.053527 140247703721728 output_stream.cpp:105] Opened result file: ./profiles/standalone_attn_prefill_and_decode_tp8_prefill_then_decode1_4096_128_819232_kernel_trace.csv
[m[0;31mE20250901 20:28:50.060722 140247703721728 output_stream.cpp:105] Opened result file: ./profiles/standalone_attn_prefill_and_decode_tp8_prefill_then_decode1_4096_128_819232_agent_info.csv
[m[0;33mW20250901 20:28:59.115742 140247703721728 tool.cpp:1902] rocprofv3_error_signal_handler caught signal 11...
[m# ---- Run standalone_attn_prefill_and_decode_tp8_prefill_then_decode1_8192_1_25632 ----
INFO 09-01 20:29:05 [__init__.py:244] Automatically detected platform rocm.
[0;31mE20250901 20:29:24.901070 139926617835264 output_stream.cpp:105] Opened result file: ./profiles/standalone_attn_prefill_and_decode_tp8_prefill_then_decode1_8192_1_25632_kernel_trace.csv
[m[0;31mE20250901 20:29:24.907265 139926617835264 output_stream.cpp:105] Opened result file: ./profiles/standalone_attn_prefill_and_decode_tp8_prefill_then_decode1_8192_1_25632_agent_info.csv
[m[0;33mW20250901 20:29:33.364561 139926617835264 tool.cpp:1902] rocprofv3_error_signal_handler caught signal 11...
[m# ---- Run standalone_attn_prefill_and_decode_tp8_prefill_then_decode1_8192_1_51232 ----
INFO 09-01 20:29:40 [__init__.py:244] Automatically detected platform rocm.
[0;31mE20250901 20:30:00.341928 140420704519936 output_stream.cpp:105] Opened result file: ./profiles/standalone_attn_prefill_and_decode_tp8_prefill_then_decode1_8192_1_51232_kernel_trace.csv
[m[0;31mE20250901 20:30:00.348798 140420704519936 output_stream.cpp:105] Opened result file: ./profiles/standalone_attn_prefill_and_decode_tp8_prefill_then_decode1_8192_1_51232_agent_info.csv
[m[0;33mW20250901 20:30:09.754745 140420704519936 tool.cpp:1902] rocprofv3_error_signal_handler caught signal 11...
[m# ---- Run standalone_attn_prefill_and_decode_tp8_prefill_then_decode1_8192_1_102432 ----
INFO 09-01 20:30:16 [__init__.py:244] Automatically detected platform rocm.
[0;31mE20250901 20:30:36.676847 140256307668736 output_stream.cpp:105] Opened result file: ./profiles/standalone_attn_prefill_and_decode_tp8_prefill_then_decode1_8192_1_102432_kernel_trace.csv
[m[0;31mE20250901 20:30:36.684016 140256307668736 output_stream.cpp:105] Opened result file: ./profiles/standalone_attn_prefill_and_decode_tp8_prefill_then_decode1_8192_1_102432_agent_info.csv
[m[0;33mW20250901 20:30:45.733066 140256307668736 tool.cpp:1902] rocprofv3_error_signal_handler caught signal 11...
[m# ---- Run standalone_attn_prefill_and_decode_tp8_prefill_then_decode1_8192_1_204832 ----
INFO 09-01 20:30:52 [__init__.py:244] Automatically detected platform rocm.
[0;31mE20250901 20:31:13.296433 140511440099072 output_stream.cpp:105] Opened result file: ./profiles/standalone_attn_prefill_and_decode_tp8_prefill_then_decode1_8192_1_204832_kernel_trace.csv
[m[0;31mE20250901 20:31:13.303248 140511440099072 output_stream.cpp:105] Opened result file: ./profiles/standalone_attn_prefill_and_decode_tp8_prefill_then_decode1_8192_1_204832_agent_info.csv
[m[0;33mW20250901 20:31:22.720293 140511440099072 tool.cpp:1902] rocprofv3_error_signal_handler caught signal 11...
[m# ---- Run standalone_attn_prefill_and_decode_tp8_prefill_then_decode1_8192_1_409632 ----
INFO 09-01 20:31:29 [__init__.py:244] Automatically detected platform rocm.
[0;31mE20250901 20:31:50.378404 140401539352320 output_stream.cpp:105] Opened result file: ./profiles/standalone_attn_prefill_and_decode_tp8_prefill_then_decode1_8192_1_409632_kernel_trace.csv
[m[0;31mE20250901 20:31:50.385439 140401539352320 output_stream.cpp:105] Opened result file: ./profiles/standalone_attn_prefill_and_decode_tp8_prefill_then_decode1_8192_1_409632_agent_info.csv
[m[0;33mW20250901 20:31:59.590635 140401539352320 tool.cpp:1902] rocprofv3_error_signal_handler caught signal 11...
[m# ---- Run standalone_attn_prefill_and_decode_tp8_prefill_then_decode1_8192_1_819232 ----
INFO 09-01 20:32:06 [__init__.py:244] Automatically detected platform rocm.
[0;31mE20250901 20:32:26.301669 139898107643648 output_stream.cpp:105] Opened result file: ./profiles/standalone_attn_prefill_and_decode_tp8_prefill_then_decode1_8192_1_819232_kernel_trace.csv
[m[0;31mE20250901 20:32:26.307844 139898107643648 output_stream.cpp:105] Opened result file: ./profiles/standalone_attn_prefill_and_decode_tp8_prefill_then_decode1_8192_1_819232_agent_info.csv
[m[0;33mW20250901 20:32:35.194865 139898107643648 tool.cpp:1902] rocprofv3_error_signal_handler caught signal 11...
[m# ---- Run standalone_attn_prefill_and_decode_tp8_prefill_then_decode1_8192_2_25632 ----
INFO 09-01 20:32:41 [__init__.py:244] Automatically detected platform rocm.
[0;31mE20250901 20:32:59.293438 140079060297472 output_stream.cpp:105] Opened result file: ./profiles/standalone_attn_prefill_and_decode_tp8_prefill_then_decode1_8192_2_25632_kernel_trace.csv
[m[0;31mE20250901 20:32:59.299717 140079060297472 output_stream.cpp:105] Opened result file: ./profiles/standalone_attn_prefill_and_decode_tp8_prefill_then_decode1_8192_2_25632_agent_info.csv
[m[0;33mW20250901 20:33:07.825454 140079060297472 tool.cpp:1902] rocprofv3_error_signal_handler caught signal 11...
[m# ---- Run standalone_attn_prefill_and_decode_tp8_prefill_then_decode1_8192_2_51232 ----
INFO 09-01 20:33:13 [__init__.py:244] Automatically detected platform rocm.
[0;31mE20250901 20:33:31.356658 140580283049728 output_stream.cpp:105] Opened result file: ./profiles/standalone_attn_prefill_and_decode_tp8_prefill_then_decode1_8192_2_51232_kernel_trace.csv
[m[0;31mE20250901 20:33:31.362384 140580283049728 output_stream.cpp:105] Opened result file: ./profiles/standalone_attn_prefill_and_decode_tp8_prefill_then_decode1_8192_2_51232_agent_info.csv
[m[0;33mW20250901 20:33:39.514193 140580283049728 tool.cpp:1902] rocprofv3_error_signal_handler caught signal 11...
[m# ---- Run standalone_attn_prefill_and_decode_tp8_prefill_then_decode1_8192_2_102432 ----
INFO 09-01 20:33:45 [__init__.py:244] Automatically detected platform rocm.
[0;31mE20250901 20:34:03.165210 140007337633536 output_stream.cpp:105] Opened result file: ./profiles/standalone_attn_prefill_and_decode_tp8_prefill_then_decode1_8192_2_102432_kernel_trace.csv
[m[0;31mE20250901 20:34:03.171239 140007337633536 output_stream.cpp:105] Opened result file: ./profiles/standalone_attn_prefill_and_decode_tp8_prefill_then_decode1_8192_2_102432_agent_info.csv
[m[0;33mW20250901 20:34:11.845537 140007337633536 tool.cpp:1902] rocprofv3_error_signal_handler caught signal 11...
[m# ---- Run standalone_attn_prefill_and_decode_tp8_prefill_then_decode1_8192_2_204832 ----
INFO 09-01 20:34:17 [__init__.py:244] Automatically detected platform rocm.
[0;31mE20250901 20:34:36.110814 139676116956928 output_stream.cpp:105] Opened result file: ./profiles/standalone_attn_prefill_and_decode_tp8_prefill_then_decode1_8192_2_204832_kernel_trace.csv
[m[0;31mE20250901 20:34:36.117099 139676116956928 output_stream.cpp:105] Opened result file: ./profiles/standalone_attn_prefill_and_decode_tp8_prefill_then_decode1_8192_2_204832_agent_info.csv
[m[0;33mW20250901 20:34:44.544576 139676116956928 tool.cpp:1902] rocprofv3_error_signal_handler caught signal 11...
[m# ---- Run standalone_attn_prefill_and_decode_tp8_prefill_then_decode1_8192_2_409632 ----
INFO 09-01 20:34:50 [__init__.py:244] Automatically detected platform rocm.
[0;31mE20250901 20:35:08.138606 140661353576192 output_stream.cpp:105] Opened result file: ./profiles/standalone_attn_prefill_and_decode_tp8_prefill_then_decode1_8192_2_409632_kernel_trace.csv
[m[0;31mE20250901 20:35:08.144460 140661353576192 output_stream.cpp:105] Opened result file: ./profiles/standalone_attn_prefill_and_decode_tp8_prefill_then_decode1_8192_2_409632_agent_info.csv
[m[0;33mW20250901 20:35:17.175041 140661353576192 tool.cpp:1902] rocprofv3_error_signal_handler caught signal 11...
[m# ---- Run standalone_attn_prefill_and_decode_tp8_prefill_then_decode1_8192_2_819232 ----
INFO 09-01 20:35:23 [__init__.py:244] Automatically detected platform rocm.
[0;31mE20250901 20:35:40.470532 140212057601792 output_stream.cpp:105] Opened result file: ./profiles/standalone_attn_prefill_and_decode_tp8_prefill_then_decode1_8192_2_819232_kernel_trace.csv
[m[0;31mE20250901 20:35:40.476695 140212057601792 output_stream.cpp:105] Opened result file: ./profiles/standalone_attn_prefill_and_decode_tp8_prefill_then_decode1_8192_2_819232_agent_info.csv
[m[0;33mW20250901 20:35:49.384131 140212057601792 tool.cpp:1902] rocprofv3_error_signal_handler caught signal 11...
[m# ---- Run standalone_attn_prefill_and_decode_tp8_prefill_then_decode1_8192_4_25632 ----
INFO 09-01 20:35:55 [__init__.py:244] Automatically detected platform rocm.
[0;31mE20250901 20:36:12.765581 140207269537536 output_stream.cpp:105] Opened result file: ./profiles/standalone_attn_prefill_and_decode_tp8_prefill_then_decode1_8192_4_25632_kernel_trace.csv
[m[0;31mE20250901 20:36:12.771864 140207269537536 output_stream.cpp:105] Opened result file: ./profiles/standalone_attn_prefill_and_decode_tp8_prefill_then_decode1_8192_4_25632_agent_info.csv
[m[0;33mW20250901 20:36:22.133297 140207269537536 tool.cpp:1902] rocprofv3_error_signal_handler caught signal 11...
[m# ---- Run standalone_attn_prefill_and_decode_tp8_prefill_then_decode1_8192_4_51232 ----
INFO 09-01 20:36:27 [__init__.py:244] Automatically detected platform rocm.
[0;31mE20250901 20:36:46.299161 140290667140864 output_stream.cpp:105] Opened result file: ./profiles/standalone_attn_prefill_and_decode_tp8_prefill_then_decode1_8192_4_51232_kernel_trace.csv
[m[0;31mE20250901 20:36:46.305461 140290667140864 output_stream.cpp:105] Opened result file: ./profiles/standalone_attn_prefill_and_decode_tp8_prefill_then_decode1_8192_4_51232_agent_info.csv
[m[0;33mW20250901 20:36:55.157377 140290667140864 tool.cpp:1902] rocprofv3_error_signal_handler caught signal 11...
[m# ---- Run standalone_attn_prefill_and_decode_tp8_prefill_then_decode1_8192_4_102432 ----
INFO 09-01 20:37:01 [__init__.py:244] Automatically detected platform rocm.
[0;31mE20250901 20:37:19.528803 140425145104128 output_stream.cpp:105] Opened result file: ./profiles/standalone_attn_prefill_and_decode_tp8_prefill_then_decode1_8192_4_102432_kernel_trace.csv
[m[0;31mE20250901 20:37:19.535082 140425145104128 output_stream.cpp:105] Opened result file: ./profiles/standalone_attn_prefill_and_decode_tp8_prefill_then_decode1_8192_4_102432_agent_info.csv
[m[0;33mW20250901 20:37:27.994596 140425145104128 tool.cpp:1902] rocprofv3_error_signal_handler caught signal 11...
[m# ---- Run standalone_attn_prefill_and_decode_tp8_prefill_then_decode1_8192_4_204832 ----
INFO 09-01 20:37:34 [__init__.py:244] Automatically detected platform rocm.
[0;31mE20250901 20:37:54.419683 140263185127168 output_stream.cpp:105] Opened result file: ./profiles/standalone_attn_prefill_and_decode_tp8_prefill_then_decode1_8192_4_204832_kernel_trace.csv
[m[0;31mE20250901 20:37:54.426825 140263185127168 output_stream.cpp:105] Opened result file: ./profiles/standalone_attn_prefill_and_decode_tp8_prefill_then_decode1_8192_4_204832_agent_info.csv
[m[0;33mW20250901 20:38:04.453296 140263185127168 tool.cpp:1902] rocprofv3_error_signal_handler caught signal 11...
[m# ---- Run standalone_attn_prefill_and_decode_tp8_prefill_then_decode1_8192_4_409632 ----
INFO 09-01 20:38:11 [__init__.py:244] Automatically detected platform rocm.
[0;31mE20250901 20:38:31.832906 140293248788224 output_stream.cpp:105] Opened result file: ./profiles/standalone_attn_prefill_and_decode_tp8_prefill_then_decode1_8192_4_409632_kernel_trace.csv
[m[0;31mE20250901 20:38:31.839784 140293248788224 output_stream.cpp:105] Opened result file: ./profiles/standalone_attn_prefill_and_decode_tp8_prefill_then_decode1_8192_4_409632_agent_info.csv
[m[0;33mW20250901 20:38:40.929015 140293248788224 tool.cpp:1902] rocprofv3_error_signal_handler caught signal 11...
[m# ---- Run standalone_attn_prefill_and_decode_tp8_prefill_then_decode1_8192_4_819232 ----
INFO 09-01 20:38:48 [__init__.py:244] Automatically detected platform rocm.
[0;31mE20250901 20:39:08.369337 139897225180928 output_stream.cpp:105] Opened result file: ./profiles/standalone_attn_prefill_and_decode_tp8_prefill_then_decode1_8192_4_819232_kernel_trace.csv
[m[0;31mE20250901 20:39:08.376528 139897225180928 output_stream.cpp:105] Opened result file: ./profiles/standalone_attn_prefill_and_decode_tp8_prefill_then_decode1_8192_4_819232_agent_info.csv
[m[0;33mW20250901 20:39:17.531491 139897225180928 tool.cpp:1902] rocprofv3_error_signal_handler caught signal 11...
[m# ---- Run standalone_attn_prefill_and_decode_tp8_prefill_then_decode1_8192_8_25632 ----
INFO 09-01 20:39:24 [__init__.py:244] Automatically detected platform rocm.
[0;31mE20250901 20:39:43.957017 139884249945856 output_stream.cpp:105] Opened result file: ./profiles/standalone_attn_prefill_and_decode_tp8_prefill_then_decode1_8192_8_25632_kernel_trace.csv
[m[0;31mE20250901 20:39:43.963847 139884249945856 output_stream.cpp:105] Opened result file: ./profiles/standalone_attn_prefill_and_decode_tp8_prefill_then_decode1_8192_8_25632_agent_info.csv
[m[0;33mW20250901 20:39:52.955163 139884249945856 tool.cpp:1902] rocprofv3_error_signal_handler caught signal 11...
[m# ---- Run standalone_attn_prefill_and_decode_tp8_prefill_then_decode1_8192_8_51232 ----
INFO 09-01 20:39:58 [__init__.py:244] Automatically detected platform rocm.
[0;31mE20250901 20:40:16.703512 140587420329728 output_stream.cpp:105] Opened result file: ./profiles/standalone_attn_prefill_and_decode_tp8_prefill_then_decode1_8192_8_51232_kernel_trace.csv
[m[0;31mE20250901 20:40:16.710325 140587420329728 output_stream.cpp:105] Opened result file: ./profiles/standalone_attn_prefill_and_decode_tp8_prefill_then_decode1_8192_8_51232_agent_info.csv
[m[0;33mW20250901 20:40:25.656148 140587420329728 tool.cpp:1902] rocprofv3_error_signal_handler caught signal 11...
[m# ---- Run standalone_attn_prefill_and_decode_tp8_prefill_then_decode1_8192_8_102432 ----
INFO 09-01 20:40:31 [__init__.py:244] Automatically detected platform rocm.
[0;31mE20250901 20:40:49.599151 140161555080960 output_stream.cpp:105] Opened result file: ./profiles/standalone_attn_prefill_and_decode_tp8_prefill_then_decode1_8192_8_102432_kernel_trace.csv
[m[0;31mE20250901 20:40:49.605888 140161555080960 output_stream.cpp:105] Opened result file: ./profiles/standalone_attn_prefill_and_decode_tp8_prefill_then_decode1_8192_8_102432_agent_info.csv
[m[0;33mW20250901 20:40:58.067896 140161555080960 tool.cpp:1902] rocprofv3_error_signal_handler caught signal 11...
[m# ---- Run standalone_attn_prefill_and_decode_tp8_prefill_then_decode1_8192_8_204832 ----
INFO 09-01 20:41:03 [__init__.py:244] Automatically detected platform rocm.
[0;31mE20250901 20:41:22.027734 139920383813376 output_stream.cpp:105] Opened result file: ./profiles/standalone_attn_prefill_and_decode_tp8_prefill_then_decode1_8192_8_204832_kernel_trace.csv
[m[0;31mE20250901 20:41:22.034306 139920383813376 output_stream.cpp:105] Opened result file: ./profiles/standalone_attn_prefill_and_decode_tp8_prefill_then_decode1_8192_8_204832_agent_info.csv
[m[0;33mW20250901 20:41:30.780860 139920383813376 tool.cpp:1902] rocprofv3_error_signal_handler caught signal 11...
[m# ---- Run standalone_attn_prefill_and_decode_tp8_prefill_then_decode1_8192_8_409632 ----
INFO 09-01 20:41:36 [__init__.py:244] Automatically detected platform rocm.
[0;31mE20250901 20:41:54.735783 139667258558208 output_stream.cpp:105] Opened result file: ./profiles/standalone_attn_prefill_and_decode_tp8_prefill_then_decode1_8192_8_409632_kernel_trace.csv
[m[0;31mE20250901 20:41:54.742229 139667258558208 output_stream.cpp:105] Opened result file: ./profiles/standalone_attn_prefill_and_decode_tp8_prefill_then_decode1_8192_8_409632_agent_info.csv
[m[0;33mW20250901 20:42:03.162748 139667258558208 tool.cpp:1902] rocprofv3_error_signal_handler caught signal 11...
[m# ---- Run standalone_attn_prefill_and_decode_tp8_prefill_then_decode1_8192_8_819232 ----
INFO 09-01 20:42:09 [__init__.py:244] Automatically detected platform rocm.
[0;31mE20250901 20:42:26.804235 139931579574016 output_stream.cpp:105] Opened result file: ./profiles/standalone_attn_prefill_and_decode_tp8_prefill_then_decode1_8192_8_819232_kernel_trace.csv
[m[0;31mE20250901 20:42:26.810654 139931579574016 output_stream.cpp:105] Opened result file: ./profiles/standalone_attn_prefill_and_decode_tp8_prefill_then_decode1_8192_8_819232_agent_info.csv
[m[0;33mW20250901 20:42:35.257514 139931579574016 tool.cpp:1902] rocprofv3_error_signal_handler caught signal 11...
[m# ---- Run standalone_attn_prefill_and_decode_tp8_prefill_then_decode1_8192_16_25632 ----
INFO 09-01 20:42:41 [__init__.py:244] Automatically detected platform rocm.
[0;31mE20250901 20:43:02.511896 140080819943168 output_stream.cpp:105] Opened result file: ./profiles/standalone_attn_prefill_and_decode_tp8_prefill_then_decode1_8192_16_25632_kernel_trace.csv
[m[0;31mE20250901 20:43:02.519537 140080819943168 output_stream.cpp:105] Opened result file: ./profiles/standalone_attn_prefill_and_decode_tp8_prefill_then_decode1_8192_16_25632_agent_info.csv
[m[0;33mW20250901 20:43:12.458146 140080819943168 tool.cpp:1902] rocprofv3_error_signal_handler caught signal 11...
[m# ---- Run standalone_attn_prefill_and_decode_tp8_prefill_then_decode1_8192_16_51232 ----
INFO 09-01 20:43:19 [__init__.py:244] Automatically detected platform rocm.
[0;31mE20250901 20:43:39.706100 139820211488512 output_stream.cpp:105] Opened result file: ./profiles/standalone_attn_prefill_and_decode_tp8_prefill_then_decode1_8192_16_51232_kernel_trace.csv
[m[0;31mE20250901 20:43:39.712141 139820211488512 output_stream.cpp:105] Opened result file: ./profiles/standalone_attn_prefill_and_decode_tp8_prefill_then_decode1_8192_16_51232_agent_info.csv
[m[0;33mW20250901 20:43:48.451124 139820211488512 tool.cpp:1902] rocprofv3_error_signal_handler caught signal 11...
[m# ---- Run standalone_attn_prefill_and_decode_tp8_prefill_then_decode1_8192_16_102432 ----
INFO 09-01 20:43:54 [__init__.py:244] Automatically detected platform rocm.
[0;31mE20250901 20:44:12.509526 139863349008128 output_stream.cpp:105] Opened result file: ./profiles/standalone_attn_prefill_and_decode_tp8_prefill_then_decode1_8192_16_102432_kernel_trace.csv
[m[0;31mE20250901 20:44:12.515619 139863349008128 output_stream.cpp:105] Opened result file: ./profiles/standalone_attn_prefill_and_decode_tp8_prefill_then_decode1_8192_16_102432_agent_info.csv
[m[0;33mW20250901 20:44:20.876798 139863349008128 tool.cpp:1902] rocprofv3_error_signal_handler caught signal 11...
[m# ---- Run standalone_attn_prefill_and_decode_tp8_prefill_then_decode1_8192_16_204832 ----
INFO 09-01 20:44:26 [__init__.py:244] Automatically detected platform rocm.
[0;31mE20250901 20:44:47.617445 139813625927424 output_stream.cpp:105] Opened result file: ./profiles/standalone_attn_prefill_and_decode_tp8_prefill_then_decode1_8192_16_204832_kernel_trace.csv
[m[0;31mE20250901 20:44:47.624746 139813625927424 output_stream.cpp:105] Opened result file: ./profiles/standalone_attn_prefill_and_decode_tp8_prefill_then_decode1_8192_16_204832_agent_info.csv
[m[0;33mW20250901 20:44:56.783252 139813625927424 tool.cpp:1902] rocprofv3_error_signal_handler caught signal 11...
[m# ---- Run standalone_attn_prefill_and_decode_tp8_prefill_then_decode1_8192_16_409632 ----
INFO 09-01 20:45:04 [__init__.py:244] Automatically detected platform rocm.
[0;31mE20250901 20:45:24.231606 140257634895616 output_stream.cpp:105] Opened result file: ./profiles/standalone_attn_prefill_and_decode_tp8_prefill_then_decode1_8192_16_409632_kernel_trace.csv
[m[0;31mE20250901 20:45:24.239182 140257634895616 output_stream.cpp:105] Opened result file: ./profiles/standalone_attn_prefill_and_decode_tp8_prefill_then_decode1_8192_16_409632_agent_info.csv
[m[0;33mW20250901 20:45:33.346035 140257634895616 tool.cpp:1902] rocprofv3_error_signal_handler caught signal 11...
[m# ---- Run standalone_attn_prefill_and_decode_tp8_prefill_then_decode1_8192_16_819232 ----
INFO 09-01 20:45:39 [__init__.py:244] Automatically detected platform rocm.
[0;31mE20250901 20:45:57.830510 140286775748352 output_stream.cpp:105] Opened result file: ./profiles/standalone_attn_prefill_and_decode_tp8_prefill_then_decode1_8192_16_819232_kernel_trace.csv
[m[0;31mE20250901 20:45:57.838233 140286775748352 output_stream.cpp:105] Opened result file: ./profiles/standalone_attn_prefill_and_decode_tp8_prefill_then_decode1_8192_16_819232_agent_info.csv
[m[0;33mW20250901 20:46:06.556759 140286775748352 tool.cpp:1902] rocprofv3_error_signal_handler caught signal 11...
[m# ---- Run standalone_attn_prefill_and_decode_tp8_prefill_then_decode1_8192_32_25632 ----
INFO 09-01 20:46:12 [__init__.py:244] Automatically detected platform rocm.
[0;31mE20250901 20:46:31.366460 140364720195328 output_stream.cpp:105] Opened result file: ./profiles/standalone_attn_prefill_and_decode_tp8_prefill_then_decode1_8192_32_25632_kernel_trace.csv
[m[0;31mE20250901 20:46:31.373367 140364720195328 output_stream.cpp:105] Opened result file: ./profiles/standalone_attn_prefill_and_decode_tp8_prefill_then_decode1_8192_32_25632_agent_info.csv
[m[0;33mW20250901 20:46:40.310357 140364720195328 tool.cpp:1902] rocprofv3_error_signal_handler caught signal 11...
[m# ---- Run standalone_attn_prefill_and_decode_tp8_prefill_then_decode1_8192_32_51232 ----
INFO 09-01 20:46:46 [__init__.py:244] Automatically detected platform rocm.
[0;31mE20250901 20:47:05.382177 140275066685184 output_stream.cpp:105] Opened result file: ./profiles/standalone_attn_prefill_and_decode_tp8_prefill_then_decode1_8192_32_51232_kernel_trace.csv
[m[0;31mE20250901 20:47:05.388983 140275066685184 output_stream.cpp:105] Opened result file: ./profiles/standalone_attn_prefill_and_decode_tp8_prefill_then_decode1_8192_32_51232_agent_info.csv
[m[0;33mW20250901 20:47:14.256916 140275066685184 tool.cpp:1902] rocprofv3_error_signal_handler caught signal 11...
[m# ---- Run standalone_attn_prefill_and_decode_tp8_prefill_then_decode1_8192_32_102432 ----
INFO 09-01 20:47:20 [__init__.py:244] Automatically detected platform rocm.
[0;31mE20250901 20:47:38.807208 140714820310784 output_stream.cpp:105] Opened result file: ./profiles/standalone_attn_prefill_and_decode_tp8_prefill_then_decode1_8192_32_102432_kernel_trace.csv
[m[0;31mE20250901 20:47:38.814071 140714820310784 output_stream.cpp:105] Opened result file: ./profiles/standalone_attn_prefill_and_decode_tp8_prefill_then_decode1_8192_32_102432_agent_info.csv
[m[0;33mW20250901 20:47:48.369924 140714820310784 tool.cpp:1902] rocprofv3_error_signal_handler caught signal 11...
[m# ---- Run standalone_attn_prefill_and_decode_tp8_prefill_then_decode1_8192_32_204832 ----
INFO 09-01 20:47:54 [__init__.py:244] Automatically detected platform rocm.
[0;31mE20250901 20:48:13.017357 140158297851648 output_stream.cpp:105] Opened result file: ./profiles/standalone_attn_prefill_and_decode_tp8_prefill_then_decode1_8192_32_204832_kernel_trace.csv
[m[0;31mE20250901 20:48:13.024900 140158297851648 output_stream.cpp:105] Opened result file: ./profiles/standalone_attn_prefill_and_decode_tp8_prefill_then_decode1_8192_32_204832_agent_info.csv
[m[0;33mW20250901 20:48:21.661132 140158297851648 tool.cpp:1902] rocprofv3_error_signal_handler caught signal 11...
[m# ---- Run standalone_attn_prefill_and_decode_tp8_prefill_then_decode1_8192_32_409632 ----
INFO 09-01 20:48:27 [__init__.py:244] Automatically detected platform rocm.
[0;31mE20250901 20:48:45.951773 139922508072704 output_stream.cpp:105] Opened result file: ./profiles/standalone_attn_prefill_and_decode_tp8_prefill_then_decode1_8192_32_409632_kernel_trace.csv
[m[0;31mE20250901 20:48:45.959449 139922508072704 output_stream.cpp:105] Opened result file: ./profiles/standalone_attn_prefill_and_decode_tp8_prefill_then_decode1_8192_32_409632_agent_info.csv
[m[0;33mW20250901 20:48:55.010125 139922508072704 tool.cpp:1902] rocprofv3_error_signal_handler caught signal 11...
[m# ---- Run standalone_attn_prefill_and_decode_tp8_prefill_then_decode1_8192_32_819232 ----
INFO 09-01 20:49:01 [__init__.py:244] Automatically detected platform rocm.
[0;31mE20250901 20:49:19.384460 140629656131328 output_stream.cpp:105] Opened result file: ./profiles/standalone_attn_prefill_and_decode_tp8_prefill_then_decode1_8192_32_819232_kernel_trace.csv
[m[0;31mE20250901 20:49:19.390977 140629656131328 output_stream.cpp:105] Opened result file: ./profiles/standalone_attn_prefill_and_decode_tp8_prefill_then_decode1_8192_32_819232_agent_info.csv
[m[0;33mW20250901 20:49:28.449908 140629656131328 tool.cpp:1902] rocprofv3_error_signal_handler caught signal 11...
[m# ---- Run standalone_attn_prefill_and_decode_tp8_prefill_then_decode1_8192_64_25632 ----
INFO 09-01 20:49:34 [__init__.py:244] Automatically detected platform rocm.
[0;31mE20250901 20:49:52.290934 140528576476928 output_stream.cpp:105] Opened result file: ./profiles/standalone_attn_prefill_and_decode_tp8_prefill_then_decode1_8192_64_25632_kernel_trace.csv
[m[0;31mE20250901 20:49:52.297663 140528576476928 output_stream.cpp:105] Opened result file: ./profiles/standalone_attn_prefill_and_decode_tp8_prefill_then_decode1_8192_64_25632_agent_info.csv
[m[0;33mW20250901 20:50:01.049147 140528576476928 tool.cpp:1902] rocprofv3_error_signal_handler caught signal 11...
[m# ---- Run standalone_attn_prefill_and_decode_tp8_prefill_then_decode1_8192_64_51232 ----
INFO 09-01 20:50:06 [__init__.py:244] Automatically detected platform rocm.
[0;31mE20250901 20:50:25.327091 139810461067008 output_stream.cpp:105] Opened result file: ./profiles/standalone_attn_prefill_and_decode_tp8_prefill_then_decode1_8192_64_51232_kernel_trace.csv
[m[0;31mE20250901 20:50:25.334464 139810461067008 output_stream.cpp:105] Opened result file: ./profiles/standalone_attn_prefill_and_decode_tp8_prefill_then_decode1_8192_64_51232_agent_info.csv
[m[0;33mW20250901 20:50:34.786356 139810461067008 tool.cpp:1902] rocprofv3_error_signal_handler caught signal 11...
[m# ---- Run standalone_attn_prefill_and_decode_tp8_prefill_then_decode1_8192_64_102432 ----
INFO 09-01 20:50:41 [__init__.py:244] Automatically detected platform rocm.
[0;31mE20250901 20:50:59.873354 139662655608576 output_stream.cpp:105] Opened result file: ./profiles/standalone_attn_prefill_and_decode_tp8_prefill_then_decode1_8192_64_102432_kernel_trace.csv
[m[0;31mE20250901 20:50:59.880229 139662655608576 output_stream.cpp:105] Opened result file: ./profiles/standalone_attn_prefill_and_decode_tp8_prefill_then_decode1_8192_64_102432_agent_info.csv
[m[0;33mW20250901 20:51:08.648751 139662655608576 tool.cpp:1902] rocprofv3_error_signal_handler caught signal 11...
[m# ---- Run standalone_attn_prefill_and_decode_tp8_prefill_then_decode1_8192_64_204832 ----
INFO 09-01 20:51:14 [__init__.py:244] Automatically detected platform rocm.
[0;31mE20250901 20:51:34.493392 140468151588608 output_stream.cpp:105] Opened result file: ./profiles/standalone_attn_prefill_and_decode_tp8_prefill_then_decode1_8192_64_204832_kernel_trace.csv
[m[0;31mE20250901 20:51:34.500422 140468151588608 output_stream.cpp:105] Opened result file: ./profiles/standalone_attn_prefill_and_decode_tp8_prefill_then_decode1_8192_64_204832_agent_info.csv
[m[0;33mW20250901 20:51:43.554880 140468151588608 tool.cpp:1902] rocprofv3_error_signal_handler caught signal 11...
[m# ---- Run standalone_attn_prefill_and_decode_tp8_prefill_then_decode1_8192_64_409632 ----
INFO 09-01 20:51:50 [__init__.py:244] Automatically detected platform rocm.
[0;31mE20250901 20:52:09.281706 139948045977344 output_stream.cpp:105] Opened result file: ./profiles/standalone_attn_prefill_and_decode_tp8_prefill_then_decode1_8192_64_409632_kernel_trace.csv
[m[0;31mE20250901 20:52:09.288640 139948045977344 output_stream.cpp:105] Opened result file: ./profiles/standalone_attn_prefill_and_decode_tp8_prefill_then_decode1_8192_64_409632_agent_info.csv
[m[0;33mW20250901 20:52:17.865746 139948045977344 tool.cpp:1902] rocprofv3_error_signal_handler caught signal 11...
[m# ---- Run standalone_attn_prefill_and_decode_tp8_prefill_then_decode1_8192_64_819232 ----
INFO 09-01 20:52:23 [__init__.py:244] Automatically detected platform rocm.
[0;31mE20250901 20:52:42.060400 140015941781248 output_stream.cpp:105] Opened result file: ./profiles/standalone_attn_prefill_and_decode_tp8_prefill_then_decode1_8192_64_819232_kernel_trace.csv
[m[0;31mE20250901 20:52:42.068285 140015941781248 output_stream.cpp:105] Opened result file: ./profiles/standalone_attn_prefill_and_decode_tp8_prefill_then_decode1_8192_64_819232_agent_info.csv
[m[0;33mW20250901 20:52:50.533263 140015941781248 tool.cpp:1902] rocprofv3_error_signal_handler caught signal 11...
[m# ---- Run standalone_attn_prefill_and_decode_tp8_prefill_then_decode1_8192_128_25632 ----
INFO 09-01 20:52:56 [__init__.py:244] Automatically detected platform rocm.
[0;31mE20250901 20:53:13.305092 139652201629440 output_stream.cpp:105] Opened result file: ./profiles/standalone_attn_prefill_and_decode_tp8_prefill_then_decode1_8192_128_25632_kernel_trace.csv
[m[0;31mE20250901 20:53:13.312068 139652201629440 output_stream.cpp:105] Opened result file: ./profiles/standalone_attn_prefill_and_decode_tp8_prefill_then_decode1_8192_128_25632_agent_info.csv
[m[0;33mW20250901 20:53:22.377305 139652201629440 tool.cpp:1902] rocprofv3_error_signal_handler caught signal 11...
[m# ---- Run standalone_attn_prefill_and_decode_tp8_prefill_then_decode1_8192_128_51232 ----
INFO 09-01 20:53:28 [__init__.py:244] Automatically detected platform rocm.
[0;31mE20250901 20:53:45.539298 139646056818432 output_stream.cpp:105] Opened result file: ./profiles/standalone_attn_prefill_and_decode_tp8_prefill_then_decode1_8192_128_51232_kernel_trace.csv
[m[0;31mE20250901 20:53:45.546657 139646056818432 output_stream.cpp:105] Opened result file: ./profiles/standalone_attn_prefill_and_decode_tp8_prefill_then_decode1_8192_128_51232_agent_info.csv
[m[0;33mW20250901 20:53:54.450793 139646056818432 tool.cpp:1902] rocprofv3_error_signal_handler caught signal 11...
[m# ---- Run standalone_attn_prefill_and_decode_tp8_prefill_then_decode1_8192_128_102432 ----
INFO 09-01 20:54:00 [__init__.py:244] Automatically detected platform rocm.
[0;31mE20250901 20:54:17.898060 140669854684928 output_stream.cpp:105] Opened result file: ./profiles/standalone_attn_prefill_and_decode_tp8_prefill_then_decode1_8192_128_102432_kernel_trace.csv
[m[0;31mE20250901 20:54:17.904485 140669854684928 output_stream.cpp:105] Opened result file: ./profiles/standalone_attn_prefill_and_decode_tp8_prefill_then_decode1_8192_128_102432_agent_info.csv
[m[0;33mW20250901 20:54:26.739433 140669854684928 tool.cpp:1902] rocprofv3_error_signal_handler caught signal 11...
[m# ---- Run standalone_attn_prefill_and_decode_tp8_prefill_then_decode1_8192_128_204832 ----
INFO 09-01 20:54:32 [__init__.py:244] Automatically detected platform rocm.
[0;31mE20250901 20:54:50.294272 140666220070656 output_stream.cpp:105] Opened result file: ./profiles/standalone_attn_prefill_and_decode_tp8_prefill_then_decode1_8192_128_204832_kernel_trace.csv
[m[0;31mE20250901 20:54:50.301608 140666220070656 output_stream.cpp:105] Opened result file: ./profiles/standalone_attn_prefill_and_decode_tp8_prefill_then_decode1_8192_128_204832_agent_info.csv
[m[0;33mW20250901 20:54:58.935217 140666220070656 tool.cpp:1902] rocprofv3_error_signal_handler caught signal 11...
[m# ---- Run standalone_attn_prefill_and_decode_tp8_prefill_then_decode1_8192_128_409632 ----
INFO 09-01 20:55:05 [__init__.py:244] Automatically detected platform rocm.
[0;31mE20250901 20:55:22.233436 139845077595904 output_stream.cpp:105] Opened result file: ./profiles/standalone_attn_prefill_and_decode_tp8_prefill_then_decode1_8192_128_409632_kernel_trace.csv
[m[0;31mE20250901 20:55:22.239650 139845077595904 output_stream.cpp:105] Opened result file: ./profiles/standalone_attn_prefill_and_decode_tp8_prefill_then_decode1_8192_128_409632_agent_info.csv
[m[0;33mW20250901 20:55:31.139339 139845077595904 tool.cpp:1902] rocprofv3_error_signal_handler caught signal 11...
[m# ---- Run standalone_attn_prefill_and_decode_tp8_prefill_then_decode1_8192_128_819232 ----
INFO 09-01 20:55:37 [__init__.py:244] Automatically detected platform rocm.
[0;31mE20250901 20:55:54.143928 139821649274624 output_stream.cpp:105] Opened result file: ./profiles/standalone_attn_prefill_and_decode_tp8_prefill_then_decode1_8192_128_819232_kernel_trace.csv
[m[0;31mE20250901 20:55:54.150197 139821649274624 output_stream.cpp:105] Opened result file: ./profiles/standalone_attn_prefill_and_decode_tp8_prefill_then_decode1_8192_128_819232_agent_info.csv
[m[0;33mW20250901 20:56:02.667025 139821649274624 tool.cpp:1902] rocprofv3_error_signal_handler caught signal 11...
[m# ---- Run standalone_attn_prefill_and_decode_tp8_prefill_then_decode4_256_1_25632 ----
INFO 09-01 20:56:08 [__init__.py:244] Automatically detected platform rocm.
[0;31mE20250901 20:56:28.903952 139975958796032 output_stream.cpp:105] Opened result file: ./profiles/standalone_attn_prefill_and_decode_tp8_prefill_then_decode4_256_1_25632_kernel_trace.csv
[m[0;31mE20250901 20:56:28.911415 139975958796032 output_stream.cpp:105] Opened result file: ./profiles/standalone_attn_prefill_and_decode_tp8_prefill_then_decode4_256_1_25632_agent_info.csv
[m[0;33mW20250901 20:56:38.909623 139975958796032 tool.cpp:1902] rocprofv3_error_signal_handler caught signal 11...
[m# ---- Run standalone_attn_prefill_and_decode_tp8_prefill_then_decode4_256_1_51232 ----
INFO 09-01 20:56:47 [__init__.py:244] Automatically detected platform rocm.
[0;31mE20250901 20:57:07.236621 139750160914176 output_stream.cpp:105] Opened result file: ./profiles/standalone_attn_prefill_and_decode_tp8_prefill_then_decode4_256_1_51232_kernel_trace.csv
[m[0;31mE20250901 20:57:07.243187 139750160914176 output_stream.cpp:105] Opened result file: ./profiles/standalone_attn_prefill_and_decode_tp8_prefill_then_decode4_256_1_51232_agent_info.csv
[m[0;33mW20250901 20:57:16.139356 139750160914176 tool.cpp:1902] rocprofv3_error_signal_handler caught signal 11...
[m# ---- Run standalone_attn_prefill_and_decode_tp8_prefill_then_decode4_256_1_102432 ----
INFO 09-01 20:57:22 [__init__.py:244] Automatically detected platform rocm.
[0;31mE20250901 20:57:40.010517 140422481405696 output_stream.cpp:105] Opened result file: ./profiles/standalone_attn_prefill_and_decode_tp8_prefill_then_decode4_256_1_102432_kernel_trace.csv
[m[0;31mE20250901 20:57:40.016640 140422481405696 output_stream.cpp:105] Opened result file: ./profiles/standalone_attn_prefill_and_decode_tp8_prefill_then_decode4_256_1_102432_agent_info.csv
[m[0;33mW20250901 20:57:48.829741 140422481405696 tool.cpp:1902] rocprofv3_error_signal_handler caught signal 11...
[m# ---- Run standalone_attn_prefill_and_decode_tp8_prefill_then_decode4_256_1_204832 ----
INFO 09-01 20:57:54 [__init__.py:244] Automatically detected platform rocm.
[0;31mE20250901 20:58:12.314513 139888600848128 output_stream.cpp:105] Opened result file: ./profiles/standalone_attn_prefill_and_decode_tp8_prefill_then_decode4_256_1_204832_kernel_trace.csv
[m[0;31mE20250901 20:58:12.321371 139888600848128 output_stream.cpp:105] Opened result file: ./profiles/standalone_attn_prefill_and_decode_tp8_prefill_then_decode4_256_1_204832_agent_info.csv
[m[0;33mW20250901 20:58:20.988793 139888600848128 tool.cpp:1902] rocprofv3_error_signal_handler caught signal 11...
[m# ---- Run standalone_attn_prefill_and_decode_tp8_prefill_then_decode4_256_1_409632 ----
INFO 09-01 20:58:26 [__init__.py:244] Automatically detected platform rocm.
[0;31mE20250901 20:58:44.719495 140590945408768 output_stream.cpp:105] Opened result file: ./profiles/standalone_attn_prefill_and_decode_tp8_prefill_then_decode4_256_1_409632_kernel_trace.csv
[m[0;31mE20250901 20:58:44.725518 140590945408768 output_stream.cpp:105] Opened result file: ./profiles/standalone_attn_prefill_and_decode_tp8_prefill_then_decode4_256_1_409632_agent_info.csv
[m[0;33mW20250901 20:58:53.380297 140590945408768 tool.cpp:1902] rocprofv3_error_signal_handler caught signal 11...
[m# ---- Run standalone_attn_prefill_and_decode_tp8_prefill_then_decode4_256_1_819232 ----
INFO 09-01 20:58:59 [__init__.py:244] Automatically detected platform rocm.
[0;31mE20250901 20:59:16.704863 140512532182784 output_stream.cpp:105] Opened result file: ./profiles/standalone_attn_prefill_and_decode_tp8_prefill_then_decode4_256_1_819232_kernel_trace.csv
[m[0;31mE20250901 20:59:16.710859 140512532182784 output_stream.cpp:105] Opened result file: ./profiles/standalone_attn_prefill_and_decode_tp8_prefill_then_decode4_256_1_819232_agent_info.csv
[m[0;33mW20250901 20:59:25.102993 140512532182784 tool.cpp:1902] rocprofv3_error_signal_handler caught signal 11...
[m# ---- Run standalone_attn_prefill_and_decode_tp8_prefill_then_decode4_256_2_25632 ----
INFO 09-01 20:59:31 [__init__.py:244] Automatically detected platform rocm.
[0;31mE20250901 20:59:48.867596 140625323001600 output_stream.cpp:105] Opened result file: ./profiles/standalone_attn_prefill_and_decode_tp8_prefill_then_decode4_256_2_25632_kernel_trace.csv
[m[0;31mE20250901 20:59:48.873630 140625323001600 output_stream.cpp:105] Opened result file: ./profiles/standalone_attn_prefill_and_decode_tp8_prefill_then_decode4_256_2_25632_agent_info.csv
[m[0;33mW20250901 20:59:57.419730 140625323001600 tool.cpp:1902] rocprofv3_error_signal_handler caught signal 11...
[m# ---- Run standalone_attn_prefill_and_decode_tp8_prefill_then_decode4_256_2_51232 ----
INFO 09-01 21:00:03 [__init__.py:244] Automatically detected platform rocm.
[0;31mE20250901 21:00:20.887418 140189120452352 output_stream.cpp:105] Opened result file: ./profiles/standalone_attn_prefill_and_decode_tp8_prefill_then_decode4_256_2_51232_kernel_trace.csv
[m[0;31mE20250901 21:00:20.893441 140189120452352 output_stream.cpp:105] Opened result file: ./profiles/standalone_attn_prefill_and_decode_tp8_prefill_then_decode4_256_2_51232_agent_info.csv
[m[0;33mW20250901 21:00:29.715707 140189120452352 tool.cpp:1902] rocprofv3_error_signal_handler caught signal 11...
[m# ---- Run standalone_attn_prefill_and_decode_tp8_prefill_then_decode4_256_2_102432 ----
INFO 09-01 21:00:35 [__init__.py:244] Automatically detected platform rocm.
[0;31mE20250901 21:00:53.524563 140312073721600 output_stream.cpp:105] Opened result file: ./profiles/standalone_attn_prefill_and_decode_tp8_prefill_then_decode4_256_2_102432_kernel_trace.csv
[m[0;31mE20250901 21:00:53.531448 140312073721600 output_stream.cpp:105] Opened result file: ./profiles/standalone_attn_prefill_and_decode_tp8_prefill_then_decode4_256_2_102432_agent_info.csv
[m[0;33mW20250901 21:01:02.522356 140312073721600 tool.cpp:1902] rocprofv3_error_signal_handler caught signal 11...
[m# ---- Run standalone_attn_prefill_and_decode_tp8_prefill_then_decode4_256_2_204832 ----
INFO 09-01 21:01:08 [__init__.py:244] Automatically detected platform rocm.
[0;31mE20250901 21:01:26.168615 140397895898880 output_stream.cpp:105] Opened result file: ./profiles/standalone_attn_prefill_and_decode_tp8_prefill_then_decode4_256_2_204832_kernel_trace.csv
[m[0;31mE20250901 21:01:26.174853 140397895898880 output_stream.cpp:105] Opened result file: ./profiles/standalone_attn_prefill_and_decode_tp8_prefill_then_decode4_256_2_204832_agent_info.csv
[m[0;33mW20250901 21:01:34.702076 140397895898880 tool.cpp:1902] rocprofv3_error_signal_handler caught signal 11...
[m# ---- Run standalone_attn_prefill_and_decode_tp8_prefill_then_decode4_256_2_409632 ----
INFO 09-01 21:01:41 [__init__.py:244] Automatically detected platform rocm.
[0;31mE20250901 21:02:01.895454 139909122291456 output_stream.cpp:105] Opened result file: ./profiles/standalone_attn_prefill_and_decode_tp8_prefill_then_decode4_256_2_409632_kernel_trace.csv
[m[0;31mE20250901 21:02:01.902359 139909122291456 output_stream.cpp:105] Opened result file: ./profiles/standalone_attn_prefill_and_decode_tp8_prefill_then_decode4_256_2_409632_agent_info.csv
[m[0;33mW20250901 21:02:10.933336 139909122291456 tool.cpp:1902] rocprofv3_error_signal_handler caught signal 11...
[m# ---- Run standalone_attn_prefill_and_decode_tp8_prefill_then_decode4_256_2_819232 ----
INFO 09-01 21:02:17 [__init__.py:244] Automatically detected platform rocm.
[0;31mE20250901 21:02:38.331083 139853209974528 output_stream.cpp:105] Opened result file: ./profiles/standalone_attn_prefill_and_decode_tp8_prefill_then_decode4_256_2_819232_kernel_trace.csv
[m[0;31mE20250901 21:02:38.338096 139853209974528 output_stream.cpp:105] Opened result file: ./profiles/standalone_attn_prefill_and_decode_tp8_prefill_then_decode4_256_2_819232_agent_info.csv
[m[0;33mW20250901 21:02:47.975080 139853209974528 tool.cpp:1902] rocprofv3_error_signal_handler caught signal 11...
[m# ---- Run standalone_attn_prefill_and_decode_tp8_prefill_then_decode4_256_4_25632 ----
INFO 09-01 21:02:55 [__init__.py:244] Automatically detected platform rocm.
[0;31mE20250901 21:03:16.634697 140371093505792 output_stream.cpp:105] Opened result file: ./profiles/standalone_attn_prefill_and_decode_tp8_prefill_then_decode4_256_4_25632_kernel_trace.csv
[m[0;31mE20250901 21:03:16.641712 140371093505792 output_stream.cpp:105] Opened result file: ./profiles/standalone_attn_prefill_and_decode_tp8_prefill_then_decode4_256_4_25632_agent_info.csv
[m[0;33mW20250901 21:03:26.147146 140371093505792 tool.cpp:1902] rocprofv3_error_signal_handler caught signal 11...
[m# ---- Run standalone_attn_prefill_and_decode_tp8_prefill_then_decode4_256_4_51232 ----
INFO 09-01 21:03:33 [__init__.py:244] Automatically detected platform rocm.
[0;31mE20250901 21:03:53.419724 140639120488192 output_stream.cpp:105] Opened result file: ./profiles/standalone_attn_prefill_and_decode_tp8_prefill_then_decode4_256_4_51232_kernel_trace.csv
[m[0;31mE20250901 21:03:53.425994 140639120488192 output_stream.cpp:105] Opened result file: ./profiles/standalone_attn_prefill_and_decode_tp8_prefill_then_decode4_256_4_51232_agent_info.csv
[m[0;33mW20250901 21:04:02.360722 140639120488192 tool.cpp:1902] rocprofv3_error_signal_handler caught signal 11...
[m# ---- Run standalone_attn_prefill_and_decode_tp8_prefill_then_decode4_256_4_102432 ----
INFO 09-01 21:04:08 [__init__.py:244] Automatically detected platform rocm.
[0;31mE20250901 21:04:26.308957 140228543764224 output_stream.cpp:105] Opened result file: ./profiles/standalone_attn_prefill_and_decode_tp8_prefill_then_decode4_256_4_102432_kernel_trace.csv
[m[0;31mE20250901 21:04:26.315400 140228543764224 output_stream.cpp:105] Opened result file: ./profiles/standalone_attn_prefill_and_decode_tp8_prefill_then_decode4_256_4_102432_agent_info.csv
[m[0;33mW20250901 21:04:35.287633 140228543764224 tool.cpp:1902] rocprofv3_error_signal_handler caught signal 11...
[m# ---- Run standalone_attn_prefill_and_decode_tp8_prefill_then_decode4_256_4_204832 ----
INFO 09-01 21:04:41 [__init__.py:244] Automatically detected platform rocm.
[0;31mE20250901 21:04:58.938621 140519120955136 output_stream.cpp:105] Opened result file: ./profiles/standalone_attn_prefill_and_decode_tp8_prefill_then_decode4_256_4_204832_kernel_trace.csv
[m[0;31mE20250901 21:04:58.944833 140519120955136 output_stream.cpp:105] Opened result file: ./profiles/standalone_attn_prefill_and_decode_tp8_prefill_then_decode4_256_4_204832_agent_info.csv
[m[0;33mW20250901 21:05:07.770463 140519120955136 tool.cpp:1902] rocprofv3_error_signal_handler caught signal 11...
[m# ---- Run standalone_attn_prefill_and_decode_tp8_prefill_then_decode4_256_4_409632 ----
INFO 09-01 21:05:13 [__init__.py:244] Automatically detected platform rocm.
[0;31mE20250901 21:05:31.915619 139691344602880 output_stream.cpp:105] Opened result file: ./profiles/standalone_attn_prefill_and_decode_tp8_prefill_then_decode4_256_4_409632_kernel_trace.csv
[m[0;31mE20250901 21:05:31.921547 139691344602880 output_stream.cpp:105] Opened result file: ./profiles/standalone_attn_prefill_and_decode_tp8_prefill_then_decode4_256_4_409632_agent_info.csv
[m[0;33mW20250901 21:05:40.846941 139691344602880 tool.cpp:1902] rocprofv3_error_signal_handler caught signal 11...
[m# ---- Run standalone_attn_prefill_and_decode_tp8_prefill_then_decode4_256_4_819232 ----
INFO 09-01 21:05:47 [__init__.py:244] Automatically detected platform rocm.
[0;31mE20250901 21:06:04.598445 140517238695680 output_stream.cpp:105] Opened result file: ./profiles/standalone_attn_prefill_and_decode_tp8_prefill_then_decode4_256_4_819232_kernel_trace.csv
[m[0;31mE20250901 21:06:04.604227 140517238695680 output_stream.cpp:105] Opened result file: ./profiles/standalone_attn_prefill_and_decode_tp8_prefill_then_decode4_256_4_819232_agent_info.csv
[m[0;33mW20250901 21:06:13.123616 140517238695680 tool.cpp:1902] rocprofv3_error_signal_handler caught signal 11...
[m# ---- Run standalone_attn_prefill_and_decode_tp8_prefill_then_decode4_256_8_25632 ----
INFO 09-01 21:06:19 [__init__.py:244] Automatically detected platform rocm.
[0;31mE20250901 21:06:37.007639 140691640379136 output_stream.cpp:105] Opened result file: ./profiles/standalone_attn_prefill_and_decode_tp8_prefill_then_decode4_256_8_25632_kernel_trace.csv
[m[0;31mE20250901 21:06:37.013836 140691640379136 output_stream.cpp:105] Opened result file: ./profiles/standalone_attn_prefill_and_decode_tp8_prefill_then_decode4_256_8_25632_agent_info.csv
[m[0;33mW20250901 21:06:45.474167 140691640379136 tool.cpp:1902] rocprofv3_error_signal_handler caught signal 11...
[m# ---- Run standalone_attn_prefill_and_decode_tp8_prefill_then_decode4_256_8_51232 ----
INFO 09-01 21:06:51 [__init__.py:244] Automatically detected platform rocm.
[0;31mE20250901 21:07:09.382444 140570203850496 output_stream.cpp:105] Opened result file: ./profiles/standalone_attn_prefill_and_decode_tp8_prefill_then_decode4_256_8_51232_kernel_trace.csv
[m[0;31mE20250901 21:07:09.388605 140570203850496 output_stream.cpp:105] Opened result file: ./profiles/standalone_attn_prefill_and_decode_tp8_prefill_then_decode4_256_8_51232_agent_info.csv
[m[0;33mW20250901 21:07:18.010295 140570203850496 tool.cpp:1902] rocprofv3_error_signal_handler caught signal 11...
[m# ---- Run standalone_attn_prefill_and_decode_tp8_prefill_then_decode4_256_8_102432 ----
INFO 09-01 21:07:23 [__init__.py:244] Automatically detected platform rocm.
[0;31mE20250901 21:07:41.649655 140247964022528 output_stream.cpp:105] Opened result file: ./profiles/standalone_attn_prefill_and_decode_tp8_prefill_then_decode4_256_8_102432_kernel_trace.csv
[m[0;31mE20250901 21:07:41.655754 140247964022528 output_stream.cpp:105] Opened result file: ./profiles/standalone_attn_prefill_and_decode_tp8_prefill_then_decode4_256_8_102432_agent_info.csv
[m[0;33mW20250901 21:07:50.675282 140247964022528 tool.cpp:1902] rocprofv3_error_signal_handler caught signal 11...
[m# ---- Run standalone_attn_prefill_and_decode_tp8_prefill_then_decode4_256_8_204832 ----
INFO 09-01 21:07:56 [__init__.py:244] Automatically detected platform rocm.
[0;31mE20250901 21:08:14.856970 139661806864128 output_stream.cpp:105] Opened result file: ./profiles/standalone_attn_prefill_and_decode_tp8_prefill_then_decode4_256_8_204832_kernel_trace.csv
[m[0;31mE20250901 21:08:14.863947 139661806864128 output_stream.cpp:105] Opened result file: ./profiles/standalone_attn_prefill_and_decode_tp8_prefill_then_decode4_256_8_204832_agent_info.csv
[m[0;33mW20250901 21:08:24.083718 139661806864128 tool.cpp:1902] rocprofv3_error_signal_handler caught signal 11...
[m# ---- Run standalone_attn_prefill_and_decode_tp8_prefill_then_decode4_256_8_409632 ----
INFO 09-01 21:08:31 [__init__.py:244] Automatically detected platform rocm.
[0;31mE20250901 21:08:52.182349 140579024271104 output_stream.cpp:105] Opened result file: ./profiles/standalone_attn_prefill_and_decode_tp8_prefill_then_decode4_256_8_409632_kernel_trace.csv
[m[0;31mE20250901 21:08:52.189344 140579024271104 output_stream.cpp:105] Opened result file: ./profiles/standalone_attn_prefill_and_decode_tp8_prefill_then_decode4_256_8_409632_agent_info.csv
[m[0;33mW20250901 21:09:01.919011 140579024271104 tool.cpp:1902] rocprofv3_error_signal_handler caught signal 11...
[m# ---- Run standalone_attn_prefill_and_decode_tp8_prefill_then_decode4_256_8_819232 ----
INFO 09-01 21:09:09 [__init__.py:244] Automatically detected platform rocm.
[0;31mE20250901 21:09:30.023872 140587198838528 output_stream.cpp:105] Opened result file: ./profiles/standalone_attn_prefill_and_decode_tp8_prefill_then_decode4_256_8_819232_kernel_trace.csv
[m[0;31mE20250901 21:09:30.030590 140587198838528 output_stream.cpp:105] Opened result file: ./profiles/standalone_attn_prefill_and_decode_tp8_prefill_then_decode4_256_8_819232_agent_info.csv
[m[0;33mW20250901 21:09:39.191756 140587198838528 tool.cpp:1902] rocprofv3_error_signal_handler caught signal 11...
[m# ---- Run standalone_attn_prefill_and_decode_tp8_prefill_then_decode4_256_16_25632 ----
INFO 09-01 21:09:47 [__init__.py:244] Automatically detected platform rocm.
[0;31mE20250901 21:10:08.422814 139641035949824 output_stream.cpp:105] Opened result file: ./profiles/standalone_attn_prefill_and_decode_tp8_prefill_then_decode4_256_16_25632_kernel_trace.csv
[m[0;31mE20250901 21:10:08.429991 139641035949824 output_stream.cpp:105] Opened result file: ./profiles/standalone_attn_prefill_and_decode_tp8_prefill_then_decode4_256_16_25632_agent_info.csv
[m[0;33mW20250901 21:10:17.653087 139641035949824 tool.cpp:1902] rocprofv3_error_signal_handler caught signal 11...
[m# ---- Run standalone_attn_prefill_and_decode_tp8_prefill_then_decode4_256_16_51232 ----
INFO 09-01 21:10:25 [__init__.py:244] Automatically detected platform rocm.
[0;31mE20250901 21:10:45.444318 140232888686336 output_stream.cpp:105] Opened result file: ./profiles/standalone_attn_prefill_and_decode_tp8_prefill_then_decode4_256_16_51232_kernel_trace.csv
[m[0;31mE20250901 21:10:45.451057 140232888686336 output_stream.cpp:105] Opened result file: ./profiles/standalone_attn_prefill_and_decode_tp8_prefill_then_decode4_256_16_51232_agent_info.csv
[m[0;33mW20250901 21:10:55.027864 140232888686336 tool.cpp:1902] rocprofv3_error_signal_handler caught signal 11...
[m# ---- Run standalone_attn_prefill_and_decode_tp8_prefill_then_decode4_256_16_102432 ----
INFO 09-01 21:11:01 [__init__.py:244] Automatically detected platform rocm.
[0;31mE20250901 21:11:19.561384 140566205093632 output_stream.cpp:105] Opened result file: ./profiles/standalone_attn_prefill_and_decode_tp8_prefill_then_decode4_256_16_102432_kernel_trace.csv
[m[0;31mE20250901 21:11:19.567450 140566205093632 output_stream.cpp:105] Opened result file: ./profiles/standalone_attn_prefill_and_decode_tp8_prefill_then_decode4_256_16_102432_agent_info.csv
[m[0;33mW20250901 21:11:28.452769 140566205093632 tool.cpp:1902] rocprofv3_error_signal_handler caught signal 11...
[m# ---- Run standalone_attn_prefill_and_decode_tp8_prefill_then_decode4_256_16_204832 ----
INFO 09-01 21:11:34 [__init__.py:244] Automatically detected platform rocm.
[0;31mE20250901 21:11:52.833261 140638094968576 output_stream.cpp:105] Opened result file: ./profiles/standalone_attn_prefill_and_decode_tp8_prefill_then_decode4_256_16_204832_kernel_trace.csv
[m[0;31mE20250901 21:11:52.839418 140638094968576 output_stream.cpp:105] Opened result file: ./profiles/standalone_attn_prefill_and_decode_tp8_prefill_then_decode4_256_16_204832_agent_info.csv
[m[0;33mW20250901 21:12:01.529505 140638094968576 tool.cpp:1902] rocprofv3_error_signal_handler caught signal 11...
[m# ---- Run standalone_attn_prefill_and_decode_tp8_prefill_then_decode4_256_16_409632 ----
INFO 09-01 21:12:07 [__init__.py:244] Automatically detected platform rocm.
[0;31mE20250901 21:12:25.705578 140458760451840 output_stream.cpp:105] Opened result file: ./profiles/standalone_attn_prefill_and_decode_tp8_prefill_then_decode4_256_16_409632_kernel_trace.csv
[m[0;31mE20250901 21:12:25.712107 140458760451840 output_stream.cpp:105] Opened result file: ./profiles/standalone_attn_prefill_and_decode_tp8_prefill_then_decode4_256_16_409632_agent_info.csv
[m[0;33mW20250901 21:12:34.906028 140458760451840 tool.cpp:1902] rocprofv3_error_signal_handler caught signal 11...
[m# ---- Run standalone_attn_prefill_and_decode_tp8_prefill_then_decode4_256_16_819232 ----
INFO 09-01 21:12:40 [__init__.py:244] Automatically detected platform rocm.
[0;31mE20250901 21:12:57.875679 140057579419392 output_stream.cpp:105] Opened result file: ./profiles/standalone_attn_prefill_and_decode_tp8_prefill_then_decode4_256_16_819232_kernel_trace.csv
[m[0;31mE20250901 21:12:57.881348 140057579419392 output_stream.cpp:105] Opened result file: ./profiles/standalone_attn_prefill_and_decode_tp8_prefill_then_decode4_256_16_819232_agent_info.csv
[m[0;33mW20250901 21:13:06.413472 140057579419392 tool.cpp:1902] rocprofv3_error_signal_handler caught signal 11...
[m# ---- Run standalone_attn_prefill_and_decode_tp8_prefill_then_decode4_256_32_25632 ----
INFO 09-01 21:13:12 [__init__.py:244] Automatically detected platform rocm.
[0;31mE20250901 21:13:29.718002 139890310952704 output_stream.cpp:105] Opened result file: ./profiles/standalone_attn_prefill_and_decode_tp8_prefill_then_decode4_256_32_25632_kernel_trace.csv
[m[0;31mE20250901 21:13:29.724820 139890310952704 output_stream.cpp:105] Opened result file: ./profiles/standalone_attn_prefill_and_decode_tp8_prefill_then_decode4_256_32_25632_agent_info.csv
[m[0;33mW20250901 21:13:38.532766 139890310952704 tool.cpp:1902] rocprofv3_error_signal_handler caught signal 11...
[m# ---- Run standalone_attn_prefill_and_decode_tp8_prefill_then_decode4_256_32_51232 ----
INFO 09-01 21:13:44 [__init__.py:244] Automatically detected platform rocm.
[0;31mE20250901 21:14:02.001844 139739956053760 output_stream.cpp:105] Opened result file: ./profiles/standalone_attn_prefill_and_decode_tp8_prefill_then_decode4_256_32_51232_kernel_trace.csv
[m[0;31mE20250901 21:14:02.009152 139739956053760 output_stream.cpp:105] Opened result file: ./profiles/standalone_attn_prefill_and_decode_tp8_prefill_then_decode4_256_32_51232_agent_info.csv
[m[0;33mW20250901 21:14:10.515893 139739956053760 tool.cpp:1902] rocprofv3_error_signal_handler caught signal 11...
[m# ---- Run standalone_attn_prefill_and_decode_tp8_prefill_then_decode4_256_32_102432 ----
INFO 09-01 21:14:16 [__init__.py:244] Automatically detected platform rocm.
[0;31mE20250901 21:14:34.256146 139701027686144 output_stream.cpp:105] Opened result file: ./profiles/standalone_attn_prefill_and_decode_tp8_prefill_then_decode4_256_32_102432_kernel_trace.csv
[m[0;31mE20250901 21:14:34.262143 139701027686144 output_stream.cpp:105] Opened result file: ./profiles/standalone_attn_prefill_and_decode_tp8_prefill_then_decode4_256_32_102432_agent_info.csv
[m[0;33mW20250901 21:14:42.890464 139701027686144 tool.cpp:1902] rocprofv3_error_signal_handler caught signal 11...
[m# ---- Run standalone_attn_prefill_and_decode_tp8_prefill_then_decode4_256_32_204832 ----
INFO 09-01 21:14:48 [__init__.py:244] Automatically detected platform rocm.
[0;31mE20250901 21:15:05.945033 140566085338880 output_stream.cpp:105] Opened result file: ./profiles/standalone_attn_prefill_and_decode_tp8_prefill_then_decode4_256_32_204832_kernel_trace.csv
[m[0;31mE20250901 21:15:05.950898 140566085338880 output_stream.cpp:105] Opened result file: ./profiles/standalone_attn_prefill_and_decode_tp8_prefill_then_decode4_256_32_204832_agent_info.csv
[m[0;33mW20250901 21:15:14.391596 140566085338880 tool.cpp:1902] rocprofv3_error_signal_handler caught signal 11...
[m# ---- Run standalone_attn_prefill_and_decode_tp8_prefill_then_decode4_256_32_409632 ----
INFO 09-01 21:15:20 [__init__.py:244] Automatically detected platform rocm.
[0;31mE20250901 21:15:37.654389 140492892731136 output_stream.cpp:105] Opened result file: ./profiles/standalone_attn_prefill_and_decode_tp8_prefill_then_decode4_256_32_409632_kernel_trace.csv
[m[0;31mE20250901 21:15:37.660781 140492892731136 output_stream.cpp:105] Opened result file: ./profiles/standalone_attn_prefill_and_decode_tp8_prefill_then_decode4_256_32_409632_agent_info.csv
[m[0;33mW20250901 21:15:46.389139 140492892731136 tool.cpp:1902] rocprofv3_error_signal_handler caught signal 11...
[m# ---- Run standalone_attn_prefill_and_decode_tp8_prefill_then_decode4_256_32_819232 ----
INFO 09-01 21:15:52 [__init__.py:244] Automatically detected platform rocm.
[0;31mE20250901 21:16:09.432619 139696784357120 output_stream.cpp:105] Opened result file: ./profiles/standalone_attn_prefill_and_decode_tp8_prefill_then_decode4_256_32_819232_kernel_trace.csv
[m[0;31mE20250901 21:16:09.438800 139696784357120 output_stream.cpp:105] Opened result file: ./profiles/standalone_attn_prefill_and_decode_tp8_prefill_then_decode4_256_32_819232_agent_info.csv
[m[0;33mW20250901 21:16:18.345235 139696784357120 tool.cpp:1902] rocprofv3_error_signal_handler caught signal 11...
[m# ---- Run standalone_attn_prefill_and_decode_tp8_prefill_then_decode4_256_64_25632 ----
INFO 09-01 21:16:24 [__init__.py:244] Automatically detected platform rocm.
[0;31mE20250901 21:16:41.446807 140035154757376 output_stream.cpp:105] Opened result file: ./profiles/standalone_attn_prefill_and_decode_tp8_prefill_then_decode4_256_64_25632_kernel_trace.csv
[m[0;31mE20250901 21:16:41.452985 140035154757376 output_stream.cpp:105] Opened result file: ./profiles/standalone_attn_prefill_and_decode_tp8_prefill_then_decode4_256_64_25632_agent_info.csv
[m[0;33mW20250901 21:16:50.338453 140035154757376 tool.cpp:1902] rocprofv3_error_signal_handler caught signal 11...
[m# ---- Run standalone_attn_prefill_and_decode_tp8_prefill_then_decode4_256_64_51232 ----
INFO 09-01 21:16:55 [__init__.py:244] Automatically detected platform rocm.
[0;31mE20250901 21:17:12.986056 140567922738944 output_stream.cpp:105] Opened result file: ./profiles/standalone_attn_prefill_and_decode_tp8_prefill_then_decode4_256_64_51232_kernel_trace.csv
[m[0;31mE20250901 21:17:12.992452 140567922738944 output_stream.cpp:105] Opened result file: ./profiles/standalone_attn_prefill_and_decode_tp8_prefill_then_decode4_256_64_51232_agent_info.csv
[m[0;33mW20250901 21:17:21.613240 140567922738944 tool.cpp:1902] rocprofv3_error_signal_handler caught signal 11...
[m# ---- Run standalone_attn_prefill_and_decode_tp8_prefill_then_decode4_256_64_102432 ----
INFO 09-01 21:17:27 [__init__.py:244] Automatically detected platform rocm.
[0;31mE20250901 21:17:44.264033 139840443512576 output_stream.cpp:105] Opened result file: ./profiles/standalone_attn_prefill_and_decode_tp8_prefill_then_decode4_256_64_102432_kernel_trace.csv
[m[0;31mE20250901 21:17:44.270957 139840443512576 output_stream.cpp:105] Opened result file: ./profiles/standalone_attn_prefill_and_decode_tp8_prefill_then_decode4_256_64_102432_agent_info.csv
[m[0;33mW20250901 21:17:53.114063 139840443512576 tool.cpp:1902] rocprofv3_error_signal_handler caught signal 11...
[m# ---- Run standalone_attn_prefill_and_decode_tp8_prefill_then_decode4_256_64_204832 ----
INFO 09-01 21:17:57 [__init__.py:244] Automatically detected platform rocm.
[0;31mE20250901 21:18:13.476213 140272427091712 output_stream.cpp:105] Opened result file: ./profiles/standalone_attn_prefill_and_decode_tp8_prefill_then_decode4_256_64_204832_kernel_trace.csv
[m[0;31mE20250901 21:18:13.483151 140272427091712 output_stream.cpp:105] Opened result file: ./profiles/standalone_attn_prefill_and_decode_tp8_prefill_then_decode4_256_64_204832_agent_info.csv
[m[0;33mW20250901 21:18:21.999979 140272427091712 tool.cpp:1902] rocprofv3_error_signal_handler caught signal 11...
[m# ---- Run standalone_attn_prefill_and_decode_tp8_prefill_then_decode4_256_64_409632 ----
INFO 09-01 21:18:26 [__init__.py:244] Automatically detected platform rocm.
[0;31mE20250901 21:18:42.370687 139912261924608 output_stream.cpp:105] Opened result file: ./profiles/standalone_attn_prefill_and_decode_tp8_prefill_then_decode4_256_64_409632_kernel_trace.csv
[m[0;31mE20250901 21:18:42.376527 139912261924608 output_stream.cpp:105] Opened result file: ./profiles/standalone_attn_prefill_and_decode_tp8_prefill_then_decode4_256_64_409632_agent_info.csv
[m[0;33mW20250901 21:18:51.227564 139912261924608 tool.cpp:1902] rocprofv3_error_signal_handler caught signal 11...
[m# ---- Run standalone_attn_prefill_and_decode_tp8_prefill_then_decode4_256_64_819232 ----
INFO 09-01 21:18:55 [__init__.py:244] Automatically detected platform rocm.
[0;31mE20250901 21:19:11.155146 140713812395776 output_stream.cpp:105] Opened result file: ./profiles/standalone_attn_prefill_and_decode_tp8_prefill_then_decode4_256_64_819232_kernel_trace.csv
[m[0;31mE20250901 21:19:11.161062 140713812395776 output_stream.cpp:105] Opened result file: ./profiles/standalone_attn_prefill_and_decode_tp8_prefill_then_decode4_256_64_819232_agent_info.csv
[m[0;33mW20250901 21:19:20.104177 140713812395776 tool.cpp:1902] rocprofv3_error_signal_handler caught signal 11...
[m# ---- Run standalone_attn_prefill_and_decode_tp8_prefill_then_decode4_256_128_25632 ----
INFO 09-01 21:19:24 [__init__.py:244] Automatically detected platform rocm.
[0;31mE20250901 21:19:40.049352 140323939809024 output_stream.cpp:105] Opened result file: ./profiles/standalone_attn_prefill_and_decode_tp8_prefill_then_decode4_256_128_25632_kernel_trace.csv
[m[0;31mE20250901 21:19:40.056013 140323939809024 output_stream.cpp:105] Opened result file: ./profiles/standalone_attn_prefill_and_decode_tp8_prefill_then_decode4_256_128_25632_agent_info.csv
[m[0;33mW20250901 21:19:48.584254 140323939809024 tool.cpp:1902] rocprofv3_error_signal_handler caught signal 11...
[m# ---- Run standalone_attn_prefill_and_decode_tp8_prefill_then_decode4_256_128_51232 ----
INFO 09-01 21:19:53 [__init__.py:244] Automatically detected platform rocm.
[0;31mE20250901 21:20:08.377549 140579692406528 output_stream.cpp:105] Opened result file: ./profiles/standalone_attn_prefill_and_decode_tp8_prefill_then_decode4_256_128_51232_kernel_trace.csv
[m[0;31mE20250901 21:20:08.384225 140579692406528 output_stream.cpp:105] Opened result file: ./profiles/standalone_attn_prefill_and_decode_tp8_prefill_then_decode4_256_128_51232_agent_info.csv
[m[0;33mW20250901 21:20:17.048879 140579692406528 tool.cpp:1902] rocprofv3_error_signal_handler caught signal 11...
[m# ---- Run standalone_attn_prefill_and_decode_tp8_prefill_then_decode4_256_128_102432 ----
INFO 09-01 21:20:22 [__init__.py:244] Automatically detected platform rocm.
[0;31mE20250901 21:20:36.836886 140700112512768 output_stream.cpp:105] Opened result file: ./profiles/standalone_attn_prefill_and_decode_tp8_prefill_then_decode4_256_128_102432_kernel_trace.csv
[m[0;31mE20250901 21:20:36.842806 140700112512768 output_stream.cpp:105] Opened result file: ./profiles/standalone_attn_prefill_and_decode_tp8_prefill_then_decode4_256_128_102432_agent_info.csv
[m[0;33mW20250901 21:20:45.560462 140700112512768 tool.cpp:1902] rocprofv3_error_signal_handler caught signal 11...
[m# ---- Run standalone_attn_prefill_and_decode_tp8_prefill_then_decode4_256_128_204832 ----
INFO 09-01 21:20:50 [__init__.py:244] Automatically detected platform rocm.
[0;31mE20250901 21:21:04.953708 140182435628800 output_stream.cpp:105] Opened result file: ./profiles/standalone_attn_prefill_and_decode_tp8_prefill_then_decode4_256_128_204832_kernel_trace.csv
[m[0;31mE20250901 21:21:04.959604 140182435628800 output_stream.cpp:105] Opened result file: ./profiles/standalone_attn_prefill_and_decode_tp8_prefill_then_decode4_256_128_204832_agent_info.csv
[m[0;33mW20250901 21:21:13.501615 140182435628800 tool.cpp:1902] rocprofv3_error_signal_handler caught signal 11...
[m# ---- Run standalone_attn_prefill_and_decode_tp8_prefill_then_decode4_256_128_409632 ----
INFO 09-01 21:21:18 [__init__.py:244] Automatically detected platform rocm.
[0;31mE20250901 21:21:33.091825 140069943170816 output_stream.cpp:105] Opened result file: ./profiles/standalone_attn_prefill_and_decode_tp8_prefill_then_decode4_256_128_409632_kernel_trace.csv
[m[0;31mE20250901 21:21:33.097744 140069943170816 output_stream.cpp:105] Opened result file: ./profiles/standalone_attn_prefill_and_decode_tp8_prefill_then_decode4_256_128_409632_agent_info.csv
[m[0;33mW20250901 21:21:41.723875 140069943170816 tool.cpp:1902] rocprofv3_error_signal_handler caught signal 11...
[m# ---- Run standalone_attn_prefill_and_decode_tp8_prefill_then_decode4_256_128_819232 ----
INFO 09-01 21:21:46 [__init__.py:244] Automatically detected platform rocm.
[0;31mE20250901 21:22:01.335169 140670385387264 output_stream.cpp:105] Opened result file: ./profiles/standalone_attn_prefill_and_decode_tp8_prefill_then_decode4_256_128_819232_kernel_trace.csv
[m[0;31mE20250901 21:22:01.341032 140670385387264 output_stream.cpp:105] Opened result file: ./profiles/standalone_attn_prefill_and_decode_tp8_prefill_then_decode4_256_128_819232_agent_info.csv
[m[0;33mW20250901 21:22:10.686878 140670385387264 tool.cpp:1902] rocprofv3_error_signal_handler caught signal 11...
[m# ---- Run standalone_attn_prefill_and_decode_tp8_prefill_then_decode4_512_1_25632 ----
INFO 09-01 21:22:15 [__init__.py:244] Automatically detected platform rocm.
[0;31mE20250901 21:22:30.737446 140526229616384 output_stream.cpp:105] Opened result file: ./profiles/standalone_attn_prefill_and_decode_tp8_prefill_then_decode4_512_1_25632_kernel_trace.csv
[m[0;31mE20250901 21:22:30.744182 140526229616384 output_stream.cpp:105] Opened result file: ./profiles/standalone_attn_prefill_and_decode_tp8_prefill_then_decode4_512_1_25632_agent_info.csv
[m[0;33mW20250901 21:22:39.349509 140526229616384 tool.cpp:1902] rocprofv3_error_signal_handler caught signal 11...
[m# ---- Run standalone_attn_prefill_and_decode_tp8_prefill_then_decode4_512_1_51232 ----
INFO 09-01 21:22:44 [__init__.py:244] Automatically detected platform rocm.
[0;31mE20250901 21:23:00.056368 139847714674432 output_stream.cpp:105] Opened result file: ./profiles/standalone_attn_prefill_and_decode_tp8_prefill_then_decode4_512_1_51232_kernel_trace.csv
[m[0;31mE20250901 21:23:00.063196 139847714674432 output_stream.cpp:105] Opened result file: ./profiles/standalone_attn_prefill_and_decode_tp8_prefill_then_decode4_512_1_51232_agent_info.csv
[m[0;33mW20250901 21:23:09.000117 139847714674432 tool.cpp:1902] rocprofv3_error_signal_handler caught signal 11...
[m# ---- Run standalone_attn_prefill_and_decode_tp8_prefill_then_decode4_512_1_102432 ----
INFO 09-01 21:23:13 [__init__.py:244] Automatically detected platform rocm.
[0;31mE20250901 21:23:29.281992 139696258533120 output_stream.cpp:105] Opened result file: ./profiles/standalone_attn_prefill_and_decode_tp8_prefill_then_decode4_512_1_102432_kernel_trace.csv
[m[0;31mE20250901 21:23:29.288885 139696258533120 output_stream.cpp:105] Opened result file: ./profiles/standalone_attn_prefill_and_decode_tp8_prefill_then_decode4_512_1_102432_agent_info.csv
[m[0;33mW20250901 21:23:37.696625 139696258533120 tool.cpp:1902] rocprofv3_error_signal_handler caught signal 11...
[m# ---- Run standalone_attn_prefill_and_decode_tp8_prefill_then_decode4_512_1_204832 ----
INFO 09-01 21:23:42 [__init__.py:244] Automatically detected platform rocm.
[0;31mE20250901 21:23:57.521665 140336973309696 output_stream.cpp:105] Opened result file: ./profiles/standalone_attn_prefill_and_decode_tp8_prefill_then_decode4_512_1_204832_kernel_trace.csv
[m[0;31mE20250901 21:23:57.527617 140336973309696 output_stream.cpp:105] Opened result file: ./profiles/standalone_attn_prefill_and_decode_tp8_prefill_then_decode4_512_1_204832_agent_info.csv
[m[0;33mW20250901 21:24:06.037259 140336973309696 tool.cpp:1902] rocprofv3_error_signal_handler caught signal 11...
[m# ---- Run standalone_attn_prefill_and_decode_tp8_prefill_then_decode4_512_1_409632 ----
INFO 09-01 21:24:10 [__init__.py:244] Automatically detected platform rocm.
[0;31mE20250901 21:24:26.059126 139715289622272 output_stream.cpp:105] Opened result file: ./profiles/standalone_attn_prefill_and_decode_tp8_prefill_then_decode4_512_1_409632_kernel_trace.csv
[m[0;31mE20250901 21:24:26.065183 139715289622272 output_stream.cpp:105] Opened result file: ./profiles/standalone_attn_prefill_and_decode_tp8_prefill_then_decode4_512_1_409632_agent_info.csv
[m[0;33mW20250901 21:24:35.018379 139715289622272 tool.cpp:1902] rocprofv3_error_signal_handler caught signal 11...
[m# ---- Run standalone_attn_prefill_and_decode_tp8_prefill_then_decode4_512_1_819232 ----
INFO 09-01 21:24:39 [__init__.py:244] Automatically detected platform rocm.
[0;31mE20250901 21:24:55.273390 139905619355392 output_stream.cpp:105] Opened result file: ./profiles/standalone_attn_prefill_and_decode_tp8_prefill_then_decode4_512_1_819232_kernel_trace.csv
[m[0;31mE20250901 21:24:55.279422 139905619355392 output_stream.cpp:105] Opened result file: ./profiles/standalone_attn_prefill_and_decode_tp8_prefill_then_decode4_512_1_819232_agent_info.csv
[m[0;33mW20250901 21:25:04.512424 139905619355392 tool.cpp:1902] rocprofv3_error_signal_handler caught signal 11...
[m# ---- Run standalone_attn_prefill_and_decode_tp8_prefill_then_decode4_512_2_25632 ----
INFO 09-01 21:25:09 [__init__.py:244] Automatically detected platform rocm.
[0;31mE20250901 21:25:24.563034 140713410901760 output_stream.cpp:105] Opened result file: ./profiles/standalone_attn_prefill_and_decode_tp8_prefill_then_decode4_512_2_25632_kernel_trace.csv
[m[0;31mE20250901 21:25:24.570340 140713410901760 output_stream.cpp:105] Opened result file: ./profiles/standalone_attn_prefill_and_decode_tp8_prefill_then_decode4_512_2_25632_agent_info.csv
[m[0;33mW20250901 21:25:33.697068 140713410901760 tool.cpp:1902] rocprofv3_error_signal_handler caught signal 11...
[m# ---- Run standalone_attn_prefill_and_decode_tp8_prefill_then_decode4_512_2_51232 ----
INFO 09-01 21:25:38 [__init__.py:244] Automatically detected platform rocm.
[0;31mE20250901 21:25:54.244046 140148688307968 output_stream.cpp:105] Opened result file: ./profiles/standalone_attn_prefill_and_decode_tp8_prefill_then_decode4_512_2_51232_kernel_trace.csv
[m[0;31mE20250901 21:25:54.249916 140148688307968 output_stream.cpp:105] Opened result file: ./profiles/standalone_attn_prefill_and_decode_tp8_prefill_then_decode4_512_2_51232_agent_info.csv
[m[0;33mW20250901 21:26:03.932416 140148688307968 tool.cpp:1902] rocprofv3_error_signal_handler caught signal 11...
[m# ---- Run standalone_attn_prefill_and_decode_tp8_prefill_then_decode4_512_2_102432 ----
INFO 09-01 21:26:08 [__init__.py:244] Automatically detected platform rocm.
[0;31mE20250901 21:26:23.882634 140263065245440 output_stream.cpp:105] Opened result file: ./profiles/standalone_attn_prefill_and_decode_tp8_prefill_then_decode4_512_2_102432_kernel_trace.csv
[m[0;31mE20250901 21:26:23.888613 140263065245440 output_stream.cpp:105] Opened result file: ./profiles/standalone_attn_prefill_and_decode_tp8_prefill_then_decode4_512_2_102432_agent_info.csv
[m[0;33mW20250901 21:26:32.329381 140263065245440 tool.cpp:1902] rocprofv3_error_signal_handler caught signal 11...
[m# ---- Run standalone_attn_prefill_and_decode_tp8_prefill_then_decode4_512_2_204832 ----
INFO 09-01 21:26:37 [__init__.py:244] Automatically detected platform rocm.
[0;31mE20250901 21:26:52.474356 140715288672000 output_stream.cpp:105] Opened result file: ./profiles/standalone_attn_prefill_and_decode_tp8_prefill_then_decode4_512_2_204832_kernel_trace.csv
[m[0;31mE20250901 21:26:52.480207 140715288672000 output_stream.cpp:105] Opened result file: ./profiles/standalone_attn_prefill_and_decode_tp8_prefill_then_decode4_512_2_204832_agent_info.csv
[m[0;33mW20250901 21:27:01.402265 140715288672000 tool.cpp:1902] rocprofv3_error_signal_handler caught signal 11...
[m# ---- Run standalone_attn_prefill_and_decode_tp8_prefill_then_decode4_512_2_409632 ----
INFO 09-01 21:27:06 [__init__.py:244] Automatically detected platform rocm.
[0;31mE20250901 21:27:21.343360 140598089197312 output_stream.cpp:105] Opened result file: ./profiles/standalone_attn_prefill_and_decode_tp8_prefill_then_decode4_512_2_409632_kernel_trace.csv
[m[0;31mE20250901 21:27:21.349453 140598089197312 output_stream.cpp:105] Opened result file: ./profiles/standalone_attn_prefill_and_decode_tp8_prefill_then_decode4_512_2_409632_agent_info.csv
[m[0;33mW20250901 21:27:30.226661 140598089197312 tool.cpp:1902] rocprofv3_error_signal_handler caught signal 11...
[m# ---- Run standalone_attn_prefill_and_decode_tp8_prefill_then_decode4_512_2_819232 ----
INFO 09-01 21:27:35 [__init__.py:244] Automatically detected platform rocm.
[0;31mE20250901 21:27:50.403337 140398583596800 output_stream.cpp:105] Opened result file: ./profiles/standalone_attn_prefill_and_decode_tp8_prefill_then_decode4_512_2_819232_kernel_trace.csv
[m[0;31mE20250901 21:27:50.409763 140398583596800 output_stream.cpp:105] Opened result file: ./profiles/standalone_attn_prefill_and_decode_tp8_prefill_then_decode4_512_2_819232_agent_info.csv
[m[0;33mW20250901 21:27:59.189839 140398583596800 tool.cpp:1902] rocprofv3_error_signal_handler caught signal 11...
[m# ---- Run standalone_attn_prefill_and_decode_tp8_prefill_then_decode4_512_4_25632 ----
INFO 09-01 21:28:04 [__init__.py:244] Automatically detected platform rocm.
[0;31mE20250901 21:28:19.477588 139626120939264 output_stream.cpp:105] Opened result file: ./profiles/standalone_attn_prefill_and_decode_tp8_prefill_then_decode4_512_4_25632_kernel_trace.csv
[m[0;31mE20250901 21:28:19.484004 139626120939264 output_stream.cpp:105] Opened result file: ./profiles/standalone_attn_prefill_and_decode_tp8_prefill_then_decode4_512_4_25632_agent_info.csv
[m[0;33mW20250901 21:28:28.450703 139626120939264 tool.cpp:1902] rocprofv3_error_signal_handler caught signal 11...
[m# ---- Run standalone_attn_prefill_and_decode_tp8_prefill_then_decode4_512_4_51232 ----
INFO 09-01 21:28:33 [__init__.py:244] Automatically detected platform rocm.
[0;31mE20250901 21:28:48.940146 140436645201664 output_stream.cpp:105] Opened result file: ./profiles/standalone_attn_prefill_and_decode_tp8_prefill_then_decode4_512_4_51232_kernel_trace.csv
[m[0;31mE20250901 21:28:48.946328 140436645201664 output_stream.cpp:105] Opened result file: ./profiles/standalone_attn_prefill_and_decode_tp8_prefill_then_decode4_512_4_51232_agent_info.csv
[m[0;33mW20250901 21:28:57.759283 140436645201664 tool.cpp:1902] rocprofv3_error_signal_handler caught signal 11...
[m# ---- Run standalone_attn_prefill_and_decode_tp8_prefill_then_decode4_512_4_102432 ----
INFO 09-01 21:29:02 [__init__.py:244] Automatically detected platform rocm.
[0;31mE20250901 21:29:17.588335 139836347283200 output_stream.cpp:105] Opened result file: ./profiles/standalone_attn_prefill_and_decode_tp8_prefill_then_decode4_512_4_102432_kernel_trace.csv
[m[0;31mE20250901 21:29:17.594299 139836347283200 output_stream.cpp:105] Opened result file: ./profiles/standalone_attn_prefill_and_decode_tp8_prefill_then_decode4_512_4_102432_agent_info.csv
[m[0;33mW20250901 21:29:26.102505 139836347283200 tool.cpp:1902] rocprofv3_error_signal_handler caught signal 11...
[m# ---- Run standalone_attn_prefill_and_decode_tp8_prefill_then_decode4_512_4_204832 ----
INFO 09-01 21:29:30 [__init__.py:244] Automatically detected platform rocm.
[0;31mE20250901 21:29:46.066144 140704808097536 output_stream.cpp:105] Opened result file: ./profiles/standalone_attn_prefill_and_decode_tp8_prefill_then_decode4_512_4_204832_kernel_trace.csv
[m[0;31mE20250901 21:29:46.072214 140704808097536 output_stream.cpp:105] Opened result file: ./profiles/standalone_attn_prefill_and_decode_tp8_prefill_then_decode4_512_4_204832_agent_info.csv
[m[0;33mW20250901 21:29:54.719421 140704808097536 tool.cpp:1902] rocprofv3_error_signal_handler caught signal 11...
[m# ---- Run standalone_attn_prefill_and_decode_tp8_prefill_then_decode4_512_4_409632 ----
INFO 09-01 21:29:59 [__init__.py:244] Automatically detected platform rocm.
[0;31mE20250901 21:30:14.522529 140143427921664 output_stream.cpp:105] Opened result file: ./profiles/standalone_attn_prefill_and_decode_tp8_prefill_then_decode4_512_4_409632_kernel_trace.csv
[m[0;31mE20250901 21:30:14.528409 140143427921664 output_stream.cpp:105] Opened result file: ./profiles/standalone_attn_prefill_and_decode_tp8_prefill_then_decode4_512_4_409632_agent_info.csv
[m[0;33mW20250901 21:30:23.123004 140143427921664 tool.cpp:1902] rocprofv3_error_signal_handler caught signal 11...
[m# ---- Run standalone_attn_prefill_and_decode_tp8_prefill_then_decode4_512_4_819232 ----
INFO 09-01 21:30:27 [__init__.py:244] Automatically detected platform rocm.
[0;31mE20250901 21:30:43.108278 140269251401472 output_stream.cpp:105] Opened result file: ./profiles/standalone_attn_prefill_and_decode_tp8_prefill_then_decode4_512_4_819232_kernel_trace.csv
[m[0;31mE20250901 21:30:43.115093 140269251401472 output_stream.cpp:105] Opened result file: ./profiles/standalone_attn_prefill_and_decode_tp8_prefill_then_decode4_512_4_819232_agent_info.csv
[m[0;33mW20250901 21:30:51.672911 140269251401472 tool.cpp:1902] rocprofv3_error_signal_handler caught signal 11...
[m# ---- Run standalone_attn_prefill_and_decode_tp8_prefill_then_decode4_512_8_25632 ----
INFO 09-01 21:30:56 [__init__.py:244] Automatically detected platform rocm.
[0;31mE20250901 21:31:11.812480 140319512463104 output_stream.cpp:105] Opened result file: ./profiles/standalone_attn_prefill_and_decode_tp8_prefill_then_decode4_512_8_25632_kernel_trace.csv
[m[0;31mE20250901 21:31:11.819222 140319512463104 output_stream.cpp:105] Opened result file: ./profiles/standalone_attn_prefill_and_decode_tp8_prefill_then_decode4_512_8_25632_agent_info.csv
[m[0;33mW20250901 21:31:20.433313 140319512463104 tool.cpp:1902] rocprofv3_error_signal_handler caught signal 11...
[m# ---- Run standalone_attn_prefill_and_decode_tp8_prefill_then_decode4_512_8_51232 ----
INFO 09-01 21:31:25 [__init__.py:244] Automatically detected platform rocm.
[0;31mE20250901 21:31:40.525709 140192283301632 output_stream.cpp:105] Opened result file: ./profiles/standalone_attn_prefill_and_decode_tp8_prefill_then_decode4_512_8_51232_kernel_trace.csv
[m[0;31mE20250901 21:31:40.532520 140192283301632 output_stream.cpp:105] Opened result file: ./profiles/standalone_attn_prefill_and_decode_tp8_prefill_then_decode4_512_8_51232_agent_info.csv
[m[0;33mW20250901 21:31:49.436739 140192283301632 tool.cpp:1902] rocprofv3_error_signal_handler caught signal 11...
[m# ---- Run standalone_attn_prefill_and_decode_tp8_prefill_then_decode4_512_8_102432 ----
INFO 09-01 21:31:54 [__init__.py:244] Automatically detected platform rocm.
[0;31mE20250901 21:32:09.380869 139730775181056 output_stream.cpp:105] Opened result file: ./profiles/standalone_attn_prefill_and_decode_tp8_prefill_then_decode4_512_8_102432_kernel_trace.csv
[m[0;31mE20250901 21:32:09.386894 139730775181056 output_stream.cpp:105] Opened result file: ./profiles/standalone_attn_prefill_and_decode_tp8_prefill_then_decode4_512_8_102432_agent_info.csv
[m[0;33mW20250901 21:32:17.827819 139730775181056 tool.cpp:1902] rocprofv3_error_signal_handler caught signal 11...
[m# ---- Run standalone_attn_prefill_and_decode_tp8_prefill_then_decode4_512_8_204832 ----
INFO 09-01 21:32:22 [__init__.py:244] Automatically detected platform rocm.
[0;31mE20250901 21:32:37.804244 140162226718464 output_stream.cpp:105] Opened result file: ./profiles/standalone_attn_prefill_and_decode_tp8_prefill_then_decode4_512_8_204832_kernel_trace.csv
[m[0;31mE20250901 21:32:37.810293 140162226718464 output_stream.cpp:105] Opened result file: ./profiles/standalone_attn_prefill_and_decode_tp8_prefill_then_decode4_512_8_204832_agent_info.csv
[m[0;33mW20250901 21:32:46.284002 140162226718464 tool.cpp:1902] rocprofv3_error_signal_handler caught signal 11...
[m# ---- Run standalone_attn_prefill_and_decode_tp8_prefill_then_decode4_512_8_409632 ----
INFO 09-01 21:32:51 [__init__.py:244] Automatically detected platform rocm.
[0;31mE20250901 21:33:06.194257 140213228758784 output_stream.cpp:105] Opened result file: ./profiles/standalone_attn_prefill_and_decode_tp8_prefill_then_decode4_512_8_409632_kernel_trace.csv
[m[0;31mE20250901 21:33:06.200586 140213228758784 output_stream.cpp:105] Opened result file: ./profiles/standalone_attn_prefill_and_decode_tp8_prefill_then_decode4_512_8_409632_agent_info.csv
[m[0;33mW20250901 21:33:15.167322 140213228758784 tool.cpp:1902] rocprofv3_error_signal_handler caught signal 11...
[m# ---- Run standalone_attn_prefill_and_decode_tp8_prefill_then_decode4_512_8_819232 ----
INFO 09-01 21:33:19 [__init__.py:244] Automatically detected platform rocm.
[0;31mE20250901 21:33:35.119708 139799120381696 output_stream.cpp:105] Opened result file: ./profiles/standalone_attn_prefill_and_decode_tp8_prefill_then_decode4_512_8_819232_kernel_trace.csv
[m[0;31mE20250901 21:33:35.125790 139799120381696 output_stream.cpp:105] Opened result file: ./profiles/standalone_attn_prefill_and_decode_tp8_prefill_then_decode4_512_8_819232_agent_info.csv
[m[0;33mW20250901 21:33:44.591721 139799120381696 tool.cpp:1902] rocprofv3_error_signal_handler caught signal 11...
[m# ---- Run standalone_attn_prefill_and_decode_tp8_prefill_then_decode4_512_16_25632 ----
INFO 09-01 21:33:49 [__init__.py:244] Automatically detected platform rocm.
[0;31mE20250901 21:34:04.815040 139869659059968 output_stream.cpp:105] Opened result file: ./profiles/standalone_attn_prefill_and_decode_tp8_prefill_then_decode4_512_16_25632_kernel_trace.csv
[m[0;31mE20250901 21:34:04.821001 139869659059968 output_stream.cpp:105] Opened result file: ./profiles/standalone_attn_prefill_and_decode_tp8_prefill_then_decode4_512_16_25632_agent_info.csv
[m[0;33mW20250901 21:34:13.849791 139869659059968 tool.cpp:1902] rocprofv3_error_signal_handler caught signal 11...
[m# ---- Run standalone_attn_prefill_and_decode_tp8_prefill_then_decode4_512_16_51232 ----
INFO 09-01 21:34:18 [__init__.py:244] Automatically detected platform rocm.
[0;31mE20250901 21:34:33.963763 140585224804096 output_stream.cpp:105] Opened result file: ./profiles/standalone_attn_prefill_and_decode_tp8_prefill_then_decode4_512_16_51232_kernel_trace.csv
[m[0;31mE20250901 21:34:33.970179 140585224804096 output_stream.cpp:105] Opened result file: ./profiles/standalone_attn_prefill_and_decode_tp8_prefill_then_decode4_512_16_51232_agent_info.csv
[m[0;33mW20250901 21:34:43.208023 140585224804096 tool.cpp:1902] rocprofv3_error_signal_handler caught signal 11...
[m# ---- Run standalone_attn_prefill_and_decode_tp8_prefill_then_decode4_512_16_102432 ----
INFO 09-01 21:34:47 [__init__.py:244] Automatically detected platform rocm.
[0;31mE20250901 21:35:02.952126 139847087769344 output_stream.cpp:105] Opened result file: ./profiles/standalone_attn_prefill_and_decode_tp8_prefill_then_decode4_512_16_102432_kernel_trace.csv
[m[0;31mE20250901 21:35:02.958810 139847087769344 output_stream.cpp:105] Opened result file: ./profiles/standalone_attn_prefill_and_decode_tp8_prefill_then_decode4_512_16_102432_agent_info.csv
[m[0;33mW20250901 21:35:11.460587 139847087769344 tool.cpp:1902] rocprofv3_error_signal_handler caught signal 11...
[m# ---- Run standalone_attn_prefill_and_decode_tp8_prefill_then_decode4_512_16_204832 ----
INFO 09-01 21:35:16 [__init__.py:244] Automatically detected platform rocm.
[0;31mE20250901 21:35:31.592933 139794562479872 output_stream.cpp:105] Opened result file: ./profiles/standalone_attn_prefill_and_decode_tp8_prefill_then_decode4_512_16_204832_kernel_trace.csv
[m[0;31mE20250901 21:35:31.600008 139794562479872 output_stream.cpp:105] Opened result file: ./profiles/standalone_attn_prefill_and_decode_tp8_prefill_then_decode4_512_16_204832_agent_info.csv
[m[0;33mW20250901 21:35:40.349382 139794562479872 tool.cpp:1902] rocprofv3_error_signal_handler caught signal 11...
[m# ---- Run standalone_attn_prefill_and_decode_tp8_prefill_then_decode4_512_16_409632 ----
INFO 09-01 21:35:45 [__init__.py:244] Automatically detected platform rocm.
[0;31mE20250901 21:36:00.324193 139688861964032 output_stream.cpp:105] Opened result file: ./profiles/standalone_attn_prefill_and_decode_tp8_prefill_then_decode4_512_16_409632_kernel_trace.csv
[m[0;31mE20250901 21:36:00.331119 139688861964032 output_stream.cpp:105] Opened result file: ./profiles/standalone_attn_prefill_and_decode_tp8_prefill_then_decode4_512_16_409632_agent_info.csv
[m[0;33mW20250901 21:36:09.700423 139688861964032 tool.cpp:1902] rocprofv3_error_signal_handler caught signal 11...
[m# ---- Run standalone_attn_prefill_and_decode_tp8_prefill_then_decode4_512_16_819232 ----
INFO 09-01 21:36:14 [__init__.py:244] Automatically detected platform rocm.
[0;31mE20250901 21:36:29.632435 139682480682752 output_stream.cpp:105] Opened result file: ./profiles/standalone_attn_prefill_and_decode_tp8_prefill_then_decode4_512_16_819232_kernel_trace.csv
[m[0;31mE20250901 21:36:29.638741 139682480682752 output_stream.cpp:105] Opened result file: ./profiles/standalone_attn_prefill_and_decode_tp8_prefill_then_decode4_512_16_819232_agent_info.csv
[m[0;33mW20250901 21:36:38.456830 139682480682752 tool.cpp:1902] rocprofv3_error_signal_handler caught signal 11...
[m# ---- Run standalone_attn_prefill_and_decode_tp8_prefill_then_decode4_512_32_25632 ----
INFO 09-01 21:36:43 [__init__.py:244] Automatically detected platform rocm.
[0;31mE20250901 21:36:58.606434 140288118462208 output_stream.cpp:105] Opened result file: ./profiles/standalone_attn_prefill_and_decode_tp8_prefill_then_decode4_512_32_25632_kernel_trace.csv
[m[0;31mE20250901 21:36:58.612591 140288118462208 output_stream.cpp:105] Opened result file: ./profiles/standalone_attn_prefill_and_decode_tp8_prefill_then_decode4_512_32_25632_agent_info.csv
[m[0;33mW20250901 21:37:07.142889 140288118462208 tool.cpp:1902] rocprofv3_error_signal_handler caught signal 11...
[m# ---- Run standalone_attn_prefill_and_decode_tp8_prefill_then_decode4_512_32_51232 ----
INFO 09-01 21:37:12 [__init__.py:244] Automatically detected platform rocm.
[0;31mE20250901 21:37:27.522943 140190859417344 output_stream.cpp:105] Opened result file: ./profiles/standalone_attn_prefill_and_decode_tp8_prefill_then_decode4_512_32_51232_kernel_trace.csv
[m[0;31mE20250901 21:37:27.529278 140190859417344 output_stream.cpp:105] Opened result file: ./profiles/standalone_attn_prefill_and_decode_tp8_prefill_then_decode4_512_32_51232_agent_info.csv
[m[0;33mW20250901 21:37:36.803890 140190859417344 tool.cpp:1902] rocprofv3_error_signal_handler caught signal 11...
[m# ---- Run standalone_attn_prefill_and_decode_tp8_prefill_then_decode4_512_32_102432 ----
INFO 09-01 21:37:41 [__init__.py:244] Automatically detected platform rocm.
[0;31mE20250901 21:37:56.975366 139878855677696 output_stream.cpp:105] Opened result file: ./profiles/standalone_attn_prefill_and_decode_tp8_prefill_then_decode4_512_32_102432_kernel_trace.csv
[m[0;31mE20250901 21:37:56.981595 139878855677696 output_stream.cpp:105] Opened result file: ./profiles/standalone_attn_prefill_and_decode_tp8_prefill_then_decode4_512_32_102432_agent_info.csv
[m[0;33mW20250901 21:38:05.498615 139878855677696 tool.cpp:1902] rocprofv3_error_signal_handler caught signal 11...
[m# ---- Run standalone_attn_prefill_and_decode_tp8_prefill_then_decode4_512_32_204832 ----
INFO 09-01 21:38:10 [__init__.py:244] Automatically detected platform rocm.
[0;31mE20250901 21:38:25.307683 140126393661184 output_stream.cpp:105] Opened result file: ./profiles/standalone_attn_prefill_and_decode_tp8_prefill_then_decode4_512_32_204832_kernel_trace.csv
[m[0;31mE20250901 21:38:25.314008 140126393661184 output_stream.cpp:105] Opened result file: ./profiles/standalone_attn_prefill_and_decode_tp8_prefill_then_decode4_512_32_204832_agent_info.csv
[m[0;33mW20250901 21:38:34.323487 140126393661184 tool.cpp:1902] rocprofv3_error_signal_handler caught signal 11...
[m# ---- Run standalone_attn_prefill_and_decode_tp8_prefill_then_decode4_512_32_409632 ----
INFO 09-01 21:38:39 [__init__.py:244] Automatically detected platform rocm.
[0;31mE20250901 21:38:54.158581 140302346409728 output_stream.cpp:105] Opened result file: ./profiles/standalone_attn_prefill_and_decode_tp8_prefill_then_decode4_512_32_409632_kernel_trace.csv
[m[0;31mE20250901 21:38:54.164932 140302346409728 output_stream.cpp:105] Opened result file: ./profiles/standalone_attn_prefill_and_decode_tp8_prefill_then_decode4_512_32_409632_agent_info.csv
[m[0;33mW20250901 21:39:03.064765 140302346409728 tool.cpp:1902] rocprofv3_error_signal_handler caught signal 11...
[m# ---- Run standalone_attn_prefill_and_decode_tp8_prefill_then_decode4_512_32_819232 ----
INFO 09-01 21:39:07 [__init__.py:244] Automatically detected platform rocm.
[0;31mE20250901 21:39:22.974457 140611096655616 output_stream.cpp:105] Opened result file: ./profiles/standalone_attn_prefill_and_decode_tp8_prefill_then_decode4_512_32_819232_kernel_trace.csv
[m[0;31mE20250901 21:39:22.980816 140611096655616 output_stream.cpp:105] Opened result file: ./profiles/standalone_attn_prefill_and_decode_tp8_prefill_then_decode4_512_32_819232_agent_info.csv
[m[0;33mW20250901 21:39:31.636189 140611096655616 tool.cpp:1902] rocprofv3_error_signal_handler caught signal 11...
[m# ---- Run standalone_attn_prefill_and_decode_tp8_prefill_then_decode4_512_64_25632 ----
INFO 09-01 21:39:36 [__init__.py:244] Automatically detected platform rocm.
[0;31mE20250901 21:39:52.117960 139630236141312 output_stream.cpp:105] Opened result file: ./profiles/standalone_attn_prefill_and_decode_tp8_prefill_then_decode4_512_64_25632_kernel_trace.csv
[m[0;31mE20250901 21:39:52.124941 139630236141312 output_stream.cpp:105] Opened result file: ./profiles/standalone_attn_prefill_and_decode_tp8_prefill_then_decode4_512_64_25632_agent_info.csv
[m[0;33mW20250901 21:40:00.725940 139630236141312 tool.cpp:1902] rocprofv3_error_signal_handler caught signal 11...
[m# ---- Run standalone_attn_prefill_and_decode_tp8_prefill_then_decode4_512_64_51232 ----
INFO 09-01 21:40:05 [__init__.py:244] Automatically detected platform rocm.
[0;31mE20250901 21:40:20.696406 139802982528768 output_stream.cpp:105] Opened result file: ./profiles/standalone_attn_prefill_and_decode_tp8_prefill_then_decode4_512_64_51232_kernel_trace.csv
[m[0;31mE20250901 21:40:20.702408 139802982528768 output_stream.cpp:105] Opened result file: ./profiles/standalone_attn_prefill_and_decode_tp8_prefill_then_decode4_512_64_51232_agent_info.csv
[m[0;33mW20250901 21:40:29.364487 139802982528768 tool.cpp:1902] rocprofv3_error_signal_handler caught signal 11...
[m# ---- Run standalone_attn_prefill_and_decode_tp8_prefill_then_decode4_512_64_102432 ----
INFO 09-01 21:40:34 [__init__.py:244] Automatically detected platform rocm.
[0;31mE20250901 21:40:49.396308 139860211001088 output_stream.cpp:105] Opened result file: ./profiles/standalone_attn_prefill_and_decode_tp8_prefill_then_decode4_512_64_102432_kernel_trace.csv
[m[0;31mE20250901 21:40:49.403134 139860211001088 output_stream.cpp:105] Opened result file: ./profiles/standalone_attn_prefill_and_decode_tp8_prefill_then_decode4_512_64_102432_agent_info.csv
[m[0;33mW20250901 21:40:57.963512 139860211001088 tool.cpp:1902] rocprofv3_error_signal_handler caught signal 11...
[m# ---- Run standalone_attn_prefill_and_decode_tp8_prefill_then_decode4_512_64_204832 ----
INFO 09-01 21:41:02 [__init__.py:244] Automatically detected platform rocm.
[0;31mE20250901 21:41:17.954292 140110403454720 output_stream.cpp:105] Opened result file: ./profiles/standalone_attn_prefill_and_decode_tp8_prefill_then_decode4_512_64_204832_kernel_trace.csv
[m[0;31mE20250901 21:41:17.960976 140110403454720 output_stream.cpp:105] Opened result file: ./profiles/standalone_attn_prefill_and_decode_tp8_prefill_then_decode4_512_64_204832_agent_info.csv
[m[0;33mW20250901 21:41:26.689821 140110403454720 tool.cpp:1902] rocprofv3_error_signal_handler caught signal 11...
[m# ---- Run standalone_attn_prefill_and_decode_tp8_prefill_then_decode4_512_64_409632 ----
INFO 09-01 21:41:31 [__init__.py:244] Automatically detected platform rocm.
[0;31mE20250901 21:41:46.846870 140478857324288 output_stream.cpp:105] Opened result file: ./profiles/standalone_attn_prefill_and_decode_tp8_prefill_then_decode4_512_64_409632_kernel_trace.csv
[m[0;31mE20250901 21:41:46.853620 140478857324288 output_stream.cpp:105] Opened result file: ./profiles/standalone_attn_prefill_and_decode_tp8_prefill_then_decode4_512_64_409632_agent_info.csv
[m[0;33mW20250901 21:41:55.439424 140478857324288 tool.cpp:1902] rocprofv3_error_signal_handler caught signal 11...
[m# ---- Run standalone_attn_prefill_and_decode_tp8_prefill_then_decode4_512_64_819232 ----
INFO 09-01 21:42:00 [__init__.py:244] Automatically detected platform rocm.
[0;31mE20250901 21:42:15.378094 140575399106304 output_stream.cpp:105] Opened result file: ./profiles/standalone_attn_prefill_and_decode_tp8_prefill_then_decode4_512_64_819232_kernel_trace.csv
[m[0;31mE20250901 21:42:15.384840 140575399106304 output_stream.cpp:105] Opened result file: ./profiles/standalone_attn_prefill_and_decode_tp8_prefill_then_decode4_512_64_819232_agent_info.csv
[m[0;33mW20250901 21:42:24.101852 140575399106304 tool.cpp:1902] rocprofv3_error_signal_handler caught signal 11...
[m# ---- Run standalone_attn_prefill_and_decode_tp8_prefill_then_decode4_512_128_25632 ----
INFO 09-01 21:42:29 [__init__.py:244] Automatically detected platform rocm.
[0;31mE20250901 21:42:43.772199 140629005186816 output_stream.cpp:105] Opened result file: ./profiles/standalone_attn_prefill_and_decode_tp8_prefill_then_decode4_512_128_25632_kernel_trace.csv
[m[0;31mE20250901 21:42:43.779173 140629005186816 output_stream.cpp:105] Opened result file: ./profiles/standalone_attn_prefill_and_decode_tp8_prefill_then_decode4_512_128_25632_agent_info.csv
[m[0;33mW20250901 21:42:52.157148 140629005186816 tool.cpp:1902] rocprofv3_error_signal_handler caught signal 11...
[m# ---- Run standalone_attn_prefill_and_decode_tp8_prefill_then_decode4_512_128_51232 ----
INFO 09-01 21:42:57 [__init__.py:244] Automatically detected platform rocm.
[0;31mE20250901 21:43:11.654149 140135721342720 output_stream.cpp:105] Opened result file: ./profiles/standalone_attn_prefill_and_decode_tp8_prefill_then_decode4_512_128_51232_kernel_trace.csv
[m[0;31mE20250901 21:43:11.660962 140135721342720 output_stream.cpp:105] Opened result file: ./profiles/standalone_attn_prefill_and_decode_tp8_prefill_then_decode4_512_128_51232_agent_info.csv
[m[0;33mW20250901 21:43:20.610652 140135721342720 tool.cpp:1902] rocprofv3_error_signal_handler caught signal 11...
[m# ---- Run standalone_attn_prefill_and_decode_tp8_prefill_then_decode4_512_128_102432 ----
INFO 09-01 21:43:25 [__init__.py:244] Automatically detected platform rocm.
[0;31mE20250901 21:43:40.087471 139882828969728 output_stream.cpp:105] Opened result file: ./profiles/standalone_attn_prefill_and_decode_tp8_prefill_then_decode4_512_128_102432_kernel_trace.csv
[m[0;31mE20250901 21:43:40.094331 139882828969728 output_stream.cpp:105] Opened result file: ./profiles/standalone_attn_prefill_and_decode_tp8_prefill_then_decode4_512_128_102432_agent_info.csv
[m[0;33mW20250901 21:43:48.781967 139882828969728 tool.cpp:1902] rocprofv3_error_signal_handler caught signal 11...
[m# ---- Run standalone_attn_prefill_and_decode_tp8_prefill_then_decode4_512_128_204832 ----
INFO 09-01 21:43:53 [__init__.py:244] Automatically detected platform rocm.
[0;31mE20250901 21:44:08.558025 140086134425344 output_stream.cpp:105] Opened result file: ./profiles/standalone_attn_prefill_and_decode_tp8_prefill_then_decode4_512_128_204832_kernel_trace.csv
[m[0;31mE20250901 21:44:08.564892 140086134425344 output_stream.cpp:105] Opened result file: ./profiles/standalone_attn_prefill_and_decode_tp8_prefill_then_decode4_512_128_204832_agent_info.csv
[m[0;33mW20250901 21:44:17.514979 140086134425344 tool.cpp:1902] rocprofv3_error_signal_handler caught signal 11...
[m# ---- Run standalone_attn_prefill_and_decode_tp8_prefill_then_decode4_512_128_409632 ----
INFO 09-01 21:44:22 [__init__.py:244] Automatically detected platform rocm.
[0;31mE20250901 21:44:37.264560 139947300501248 output_stream.cpp:105] Opened result file: ./profiles/standalone_attn_prefill_and_decode_tp8_prefill_then_decode4_512_128_409632_kernel_trace.csv
[m[0;31mE20250901 21:44:37.270882 139947300501248 output_stream.cpp:105] Opened result file: ./profiles/standalone_attn_prefill_and_decode_tp8_prefill_then_decode4_512_128_409632_agent_info.csv
[m[0;33mW20250901 21:44:46.020803 139947300501248 tool.cpp:1902] rocprofv3_error_signal_handler caught signal 11...
[m# ---- Run standalone_attn_prefill_and_decode_tp8_prefill_then_decode4_512_128_819232 ----
INFO 09-01 21:44:50 [__init__.py:244] Automatically detected platform rocm.
[0;31mE20250901 21:45:05.546329 140638201550592 output_stream.cpp:105] Opened result file: ./profiles/standalone_attn_prefill_and_decode_tp8_prefill_then_decode4_512_128_819232_kernel_trace.csv
[m[0;31mE20250901 21:45:05.552981 140638201550592 output_stream.cpp:105] Opened result file: ./profiles/standalone_attn_prefill_and_decode_tp8_prefill_then_decode4_512_128_819232_agent_info.csv
[m[0;33mW20250901 21:45:14.020285 140638201550592 tool.cpp:1902] rocprofv3_error_signal_handler caught signal 11...
[m# ---- Run standalone_attn_prefill_and_decode_tp8_prefill_then_decode4_1024_1_25632 ----
INFO 09-01 21:45:18 [__init__.py:244] Automatically detected platform rocm.
[0;31mE20250901 21:45:34.405454 140145328903936 output_stream.cpp:105] Opened result file: ./profiles/standalone_attn_prefill_and_decode_tp8_prefill_then_decode4_1024_1_25632_kernel_trace.csv
[m[0;31mE20250901 21:45:34.411462 140145328903936 output_stream.cpp:105] Opened result file: ./profiles/standalone_attn_prefill_and_decode_tp8_prefill_then_decode4_1024_1_25632_agent_info.csv
[m[0;33mW20250901 21:45:43.058500 140145328903936 tool.cpp:1902] rocprofv3_error_signal_handler caught signal 11...
[m# ---- Run standalone_attn_prefill_and_decode_tp8_prefill_then_decode4_1024_1_51232 ----
INFO 09-01 21:45:48 [__init__.py:244] Automatically detected platform rocm.
[0;31mE20250901 21:46:03.247747 140383023441664 output_stream.cpp:105] Opened result file: ./profiles/standalone_attn_prefill_and_decode_tp8_prefill_then_decode4_1024_1_51232_kernel_trace.csv
[m[0;31mE20250901 21:46:03.253616 140383023441664 output_stream.cpp:105] Opened result file: ./profiles/standalone_attn_prefill_and_decode_tp8_prefill_then_decode4_1024_1_51232_agent_info.csv
[m[0;33mW20250901 21:46:11.979822 140383023441664 tool.cpp:1902] rocprofv3_error_signal_handler caught signal 11...
[m# ---- Run standalone_attn_prefill_and_decode_tp8_prefill_then_decode4_1024_1_102432 ----
INFO 09-01 21:46:16 [__init__.py:244] Automatically detected platform rocm.
[0;31mE20250901 21:46:31.848254 140326166472448 output_stream.cpp:105] Opened result file: ./profiles/standalone_attn_prefill_and_decode_tp8_prefill_then_decode4_1024_1_102432_kernel_trace.csv
[m[0;31mE20250901 21:46:31.854230 140326166472448 output_stream.cpp:105] Opened result file: ./profiles/standalone_attn_prefill_and_decode_tp8_prefill_then_decode4_1024_1_102432_agent_info.csv
[m[0;33mW20250901 21:46:41.018371 140326166472448 tool.cpp:1902] rocprofv3_error_signal_handler caught signal 11...
[m# ---- Run standalone_attn_prefill_and_decode_tp8_prefill_then_decode4_1024_1_204832 ----
INFO 09-01 21:46:45 [__init__.py:244] Automatically detected platform rocm.
[0;31mE20250901 21:47:01.099968 140204738242304 output_stream.cpp:105] Opened result file: ./profiles/standalone_attn_prefill_and_decode_tp8_prefill_then_decode4_1024_1_204832_kernel_trace.csv
[m[0;31mE20250901 21:47:01.105839 140204738242304 output_stream.cpp:105] Opened result file: ./profiles/standalone_attn_prefill_and_decode_tp8_prefill_then_decode4_1024_1_204832_agent_info.csv
[m[0;33mW20250901 21:47:09.694344 140204738242304 tool.cpp:1902] rocprofv3_error_signal_handler caught signal 11...
[m# ---- Run standalone_attn_prefill_and_decode_tp8_prefill_then_decode4_1024_1_409632 ----
INFO 09-01 21:47:14 [__init__.py:244] Automatically detected platform rocm.
[0;31mE20250901 21:47:29.634606 140544867424000 output_stream.cpp:105] Opened result file: ./profiles/standalone_attn_prefill_and_decode_tp8_prefill_then_decode4_1024_1_409632_kernel_trace.csv
[m[0;31mE20250901 21:47:29.640513 140544867424000 output_stream.cpp:105] Opened result file: ./profiles/standalone_attn_prefill_and_decode_tp8_prefill_then_decode4_1024_1_409632_agent_info.csv
[m[0;33mW20250901 21:47:38.080530 140544867424000 tool.cpp:1902] rocprofv3_error_signal_handler caught signal 11...
[m# ---- Run standalone_attn_prefill_and_decode_tp8_prefill_then_decode4_1024_1_819232 ----
INFO 09-01 21:47:42 [__init__.py:244] Automatically detected platform rocm.
[0;31mE20250901 21:47:57.930228 139692939400960 output_stream.cpp:105] Opened result file: ./profiles/standalone_attn_prefill_and_decode_tp8_prefill_then_decode4_1024_1_819232_kernel_trace.csv
[m[0;31mE20250901 21:47:57.936137 139692939400960 output_stream.cpp:105] Opened result file: ./profiles/standalone_attn_prefill_and_decode_tp8_prefill_then_decode4_1024_1_819232_agent_info.csv
[m[0;33mW20250901 21:48:06.551877 139692939400960 tool.cpp:1902] rocprofv3_error_signal_handler caught signal 11...
[m# ---- Run standalone_attn_prefill_and_decode_tp8_prefill_then_decode4_1024_2_25632 ----
INFO 09-01 21:48:11 [__init__.py:244] Automatically detected platform rocm.
[0;31mE20250901 21:48:26.525637 139855732737792 output_stream.cpp:105] Opened result file: ./profiles/standalone_attn_prefill_and_decode_tp8_prefill_then_decode4_1024_2_25632_kernel_trace.csv
[m[0;31mE20250901 21:48:26.531459 139855732737792 output_stream.cpp:105] Opened result file: ./profiles/standalone_attn_prefill_and_decode_tp8_prefill_then_decode4_1024_2_25632_agent_info.csv
[m[0;33mW20250901 21:48:35.176562 139855732737792 tool.cpp:1902] rocprofv3_error_signal_handler caught signal 11...
[m# ---- Run standalone_attn_prefill_and_decode_tp8_prefill_then_decode4_1024_2_51232 ----
INFO 09-01 21:48:40 [__init__.py:244] Automatically detected platform rocm.
[0;31mE20250901 21:48:54.964519 139833862084352 output_stream.cpp:105] Opened result file: ./profiles/standalone_attn_prefill_and_decode_tp8_prefill_then_decode4_1024_2_51232_kernel_trace.csv
[m[0;31mE20250901 21:48:54.970419 139833862084352 output_stream.cpp:105] Opened result file: ./profiles/standalone_attn_prefill_and_decode_tp8_prefill_then_decode4_1024_2_51232_agent_info.csv
[m[0;33mW20250901 21:49:03.636217 139833862084352 tool.cpp:1902] rocprofv3_error_signal_handler caught signal 11...
[m# ---- Run standalone_attn_prefill_and_decode_tp8_prefill_then_decode4_1024_2_102432 ----
INFO 09-01 21:49:08 [__init__.py:244] Automatically detected platform rocm.
[0;31mE20250901 21:49:23.956642 140651802015488 output_stream.cpp:105] Opened result file: ./profiles/standalone_attn_prefill_and_decode_tp8_prefill_then_decode4_1024_2_102432_kernel_trace.csv
[m[0;31mE20250901 21:49:23.962463 140651802015488 output_stream.cpp:105] Opened result file: ./profiles/standalone_attn_prefill_and_decode_tp8_prefill_then_decode4_1024_2_102432_agent_info.csv
[m[0;33mW20250901 21:49:32.977813 140651802015488 tool.cpp:1902] rocprofv3_error_signal_handler caught signal 11...
[m# ---- Run standalone_attn_prefill_and_decode_tp8_prefill_then_decode4_1024_2_204832 ----
INFO 09-01 21:49:37 [__init__.py:244] Automatically detected platform rocm.
[0;31mE20250901 21:49:53.222708 140210977285888 output_stream.cpp:105] Opened result file: ./profiles/standalone_attn_prefill_and_decode_tp8_prefill_then_decode4_1024_2_204832_kernel_trace.csv
[m[0;31mE20250901 21:49:53.230299 140210977285888 output_stream.cpp:105] Opened result file: ./profiles/standalone_attn_prefill_and_decode_tp8_prefill_then_decode4_1024_2_204832_agent_info.csv
[m[0;33mW20250901 21:50:01.670263 140210977285888 tool.cpp:1902] rocprofv3_error_signal_handler caught signal 11...
[m# ---- Run standalone_attn_prefill_and_decode_tp8_prefill_then_decode4_1024_2_409632 ----
INFO 09-01 21:50:06 [__init__.py:244] Automatically detected platform rocm.
[0;31mE20250901 21:50:21.782316 140197493118720 output_stream.cpp:105] Opened result file: ./profiles/standalone_attn_prefill_and_decode_tp8_prefill_then_decode4_1024_2_409632_kernel_trace.csv
[m[0;31mE20250901 21:50:21.788645 140197493118720 output_stream.cpp:105] Opened result file: ./profiles/standalone_attn_prefill_and_decode_tp8_prefill_then_decode4_1024_2_409632_agent_info.csv
[m[0;33mW20250901 21:50:30.683838 140197493118720 tool.cpp:1902] rocprofv3_error_signal_handler caught signal 11...
[m# ---- Run standalone_attn_prefill_and_decode_tp8_prefill_then_decode4_1024_2_819232 ----
INFO 09-01 21:50:35 [__init__.py:244] Automatically detected platform rocm.
[0;31mE20250901 21:50:50.377526 140337182955264 output_stream.cpp:105] Opened result file: ./profiles/standalone_attn_prefill_and_decode_tp8_prefill_then_decode4_1024_2_819232_kernel_trace.csv
[m[0;31mE20250901 21:50:50.383259 140337182955264 output_stream.cpp:105] Opened result file: ./profiles/standalone_attn_prefill_and_decode_tp8_prefill_then_decode4_1024_2_819232_agent_info.csv
[m[0;33mW20250901 21:50:58.769575 140337182955264 tool.cpp:1902] rocprofv3_error_signal_handler caught signal 11...
[m# ---- Run standalone_attn_prefill_and_decode_tp8_prefill_then_decode4_1024_4_25632 ----
INFO 09-01 21:51:03 [__init__.py:244] Automatically detected platform rocm.
[0;31mE20250901 21:51:18.748607 140371849197312 output_stream.cpp:105] Opened result file: ./profiles/standalone_attn_prefill_and_decode_tp8_prefill_then_decode4_1024_4_25632_kernel_trace.csv
[m[0;31mE20250901 21:51:18.754416 140371849197312 output_stream.cpp:105] Opened result file: ./profiles/standalone_attn_prefill_and_decode_tp8_prefill_then_decode4_1024_4_25632_agent_info.csv
[m[0;33mW20250901 21:51:27.403929 140371849197312 tool.cpp:1902] rocprofv3_error_signal_handler caught signal 11...
[m# ---- Run standalone_attn_prefill_and_decode_tp8_prefill_then_decode4_1024_4_51232 ----
INFO 09-01 21:51:32 [__init__.py:244] Automatically detected platform rocm.
[0;31mE20250901 21:51:47.059791 140596548732672 output_stream.cpp:105] Opened result file: ./profiles/standalone_attn_prefill_and_decode_tp8_prefill_then_decode4_1024_4_51232_kernel_trace.csv
[m[0;31mE20250901 21:51:47.065364 140596548732672 output_stream.cpp:105] Opened result file: ./profiles/standalone_attn_prefill_and_decode_tp8_prefill_then_decode4_1024_4_51232_agent_info.csv
[m[0;33mW20250901 21:51:55.469043 140596548732672 tool.cpp:1902] rocprofv3_error_signal_handler caught signal 11...
[m# ---- Run standalone_attn_prefill_and_decode_tp8_prefill_then_decode4_1024_4_102432 ----
INFO 09-01 21:52:00 [__init__.py:244] Automatically detected platform rocm.
[0;31mE20250901 21:52:15.545971 139809425188608 output_stream.cpp:105] Opened result file: ./profiles/standalone_attn_prefill_and_decode_tp8_prefill_then_decode4_1024_4_102432_kernel_trace.csv
[m[0;31mE20250901 21:52:15.551874 139809425188608 output_stream.cpp:105] Opened result file: ./profiles/standalone_attn_prefill_and_decode_tp8_prefill_then_decode4_1024_4_102432_agent_info.csv
[m[0;33mW20250901 21:52:24.401585 139809425188608 tool.cpp:1902] rocprofv3_error_signal_handler caught signal 11...
[m# ---- Run standalone_attn_prefill_and_decode_tp8_prefill_then_decode4_1024_4_204832 ----
INFO 09-01 21:52:29 [__init__.py:244] Automatically detected platform rocm.
[0;31mE20250901 21:52:44.442224 140548429190912 output_stream.cpp:105] Opened result file: ./profiles/standalone_attn_prefill_and_decode_tp8_prefill_then_decode4_1024_4_204832_kernel_trace.csv
[m[0;31mE20250901 21:52:44.448045 140548429190912 output_stream.cpp:105] Opened result file: ./profiles/standalone_attn_prefill_and_decode_tp8_prefill_then_decode4_1024_4_204832_agent_info.csv
[m[0;33mW20250901 21:52:52.809228 140548429190912 tool.cpp:1902] rocprofv3_error_signal_handler caught signal 11...
[m# ---- Run standalone_attn_prefill_and_decode_tp8_prefill_then_decode4_1024_4_409632 ----
INFO 09-01 21:52:57 [__init__.py:244] Automatically detected platform rocm.
[0;31mE20250901 21:53:12.504267 140001065195264 output_stream.cpp:105] Opened result file: ./profiles/standalone_attn_prefill_and_decode_tp8_prefill_then_decode4_1024_4_409632_kernel_trace.csv
[m[0;31mE20250901 21:53:12.510280 140001065195264 output_stream.cpp:105] Opened result file: ./profiles/standalone_attn_prefill_and_decode_tp8_prefill_then_decode4_1024_4_409632_agent_info.csv
[m[0;33mW20250901 21:53:20.951284 140001065195264 tool.cpp:1902] rocprofv3_error_signal_handler caught signal 11...
[m# ---- Run standalone_attn_prefill_and_decode_tp8_prefill_then_decode4_1024_4_819232 ----
INFO 09-01 21:53:25 [__init__.py:244] Automatically detected platform rocm.
[0;31mE20250901 21:53:41.191290 139706652968704 output_stream.cpp:105] Opened result file: ./profiles/standalone_attn_prefill_and_decode_tp8_prefill_then_decode4_1024_4_819232_kernel_trace.csv
[m[0;31mE20250901 21:53:41.197206 139706652968704 output_stream.cpp:105] Opened result file: ./profiles/standalone_attn_prefill_and_decode_tp8_prefill_then_decode4_1024_4_819232_agent_info.csv
[m[0;33mW20250901 21:53:49.873352 139706652968704 tool.cpp:1902] rocprofv3_error_signal_handler caught signal 11...
[m# ---- Run standalone_attn_prefill_and_decode_tp8_prefill_then_decode4_1024_8_25632 ----
INFO 09-01 21:53:54 [__init__.py:244] Automatically detected platform rocm.
[0;31mE20250901 21:54:09.957579 140244890076928 output_stream.cpp:105] Opened result file: ./profiles/standalone_attn_prefill_and_decode_tp8_prefill_then_decode4_1024_8_25632_kernel_trace.csv
[m[0;31mE20250901 21:54:09.963569 140244890076928 output_stream.cpp:105] Opened result file: ./profiles/standalone_attn_prefill_and_decode_tp8_prefill_then_decode4_1024_8_25632_agent_info.csv
[m[0;33mW20250901 21:54:18.712132 140244890076928 tool.cpp:1902] rocprofv3_error_signal_handler caught signal 11...
[m# ---- Run standalone_attn_prefill_and_decode_tp8_prefill_then_decode4_1024_8_51232 ----
INFO 09-01 21:54:23 [__init__.py:244] Automatically detected platform rocm.
[0;31mE20250901 21:54:38.624475 139788675860224 output_stream.cpp:105] Opened result file: ./profiles/standalone_attn_prefill_and_decode_tp8_prefill_then_decode4_1024_8_51232_kernel_trace.csv
[m[0;31mE20250901 21:54:38.630451 139788675860224 output_stream.cpp:105] Opened result file: ./profiles/standalone_attn_prefill_and_decode_tp8_prefill_then_decode4_1024_8_51232_agent_info.csv
[m[0;33mW20250901 21:54:47.265931 139788675860224 tool.cpp:1902] rocprofv3_error_signal_handler caught signal 11...
[m# ---- Run standalone_attn_prefill_and_decode_tp8_prefill_then_decode4_1024_8_102432 ----
INFO 09-01 21:54:52 [__init__.py:244] Automatically detected platform rocm.
[0;31mE20250901 21:55:07.464511 139865037743872 output_stream.cpp:105] Opened result file: ./profiles/standalone_attn_prefill_and_decode_tp8_prefill_then_decode4_1024_8_102432_kernel_trace.csv
[m[0;31mE20250901 21:55:07.470593 139865037743872 output_stream.cpp:105] Opened result file: ./profiles/standalone_attn_prefill_and_decode_tp8_prefill_then_decode4_1024_8_102432_agent_info.csv
[m[0;33mW20250901 21:55:16.357111 139865037743872 tool.cpp:1902] rocprofv3_error_signal_handler caught signal 11...
[m# ---- Run standalone_attn_prefill_and_decode_tp8_prefill_then_decode4_1024_8_204832 ----
INFO 09-01 21:55:21 [__init__.py:244] Automatically detected platform rocm.
[0;31mE20250901 21:55:36.150874 140469789251328 output_stream.cpp:105] Opened result file: ./profiles/standalone_attn_prefill_and_decode_tp8_prefill_then_decode4_1024_8_204832_kernel_trace.csv
[m[0;31mE20250901 21:55:36.156788 140469789251328 output_stream.cpp:105] Opened result file: ./profiles/standalone_attn_prefill_and_decode_tp8_prefill_then_decode4_1024_8_204832_agent_info.csv
[m[0;33mW20250901 21:55:44.919200 140469789251328 tool.cpp:1902] rocprofv3_error_signal_handler caught signal 11...
[m# ---- Run standalone_attn_prefill_and_decode_tp8_prefill_then_decode4_1024_8_409632 ----
INFO 09-01 21:55:49 [__init__.py:244] Automatically detected platform rocm.
[0;31mE20250901 21:56:05.018915 139643789645568 output_stream.cpp:105] Opened result file: ./profiles/standalone_attn_prefill_and_decode_tp8_prefill_then_decode4_1024_8_409632_kernel_trace.csv
[m[0;31mE20250901 21:56:05.024907 139643789645568 output_stream.cpp:105] Opened result file: ./profiles/standalone_attn_prefill_and_decode_tp8_prefill_then_decode4_1024_8_409632_agent_info.csv
[m[0;33mW20250901 21:56:13.847366 139643789645568 tool.cpp:1902] rocprofv3_error_signal_handler caught signal 11...
[m# ---- Run standalone_attn_prefill_and_decode_tp8_prefill_then_decode4_1024_8_819232 ----
INFO 09-01 21:56:18 [__init__.py:244] Automatically detected platform rocm.
[0;31mE20250901 21:56:34.160066 140148965324544 output_stream.cpp:105] Opened result file: ./profiles/standalone_attn_prefill_and_decode_tp8_prefill_then_decode4_1024_8_819232_kernel_trace.csv
[m[0;31mE20250901 21:56:34.166019 140148965324544 output_stream.cpp:105] Opened result file: ./profiles/standalone_attn_prefill_and_decode_tp8_prefill_then_decode4_1024_8_819232_agent_info.csv
[m[0;33mW20250901 21:56:42.525603 140148965324544 tool.cpp:1902] rocprofv3_error_signal_handler caught signal 11...
[m# ---- Run standalone_attn_prefill_and_decode_tp8_prefill_then_decode4_1024_16_25632 ----
INFO 09-01 21:56:47 [__init__.py:244] Automatically detected platform rocm.
[0;31mE20250901 21:57:02.419502 139836082140928 output_stream.cpp:105] Opened result file: ./profiles/standalone_attn_prefill_and_decode_tp8_prefill_then_decode4_1024_16_25632_kernel_trace.csv
[m[0;31mE20250901 21:57:02.425941 139836082140928 output_stream.cpp:105] Opened result file: ./profiles/standalone_attn_prefill_and_decode_tp8_prefill_then_decode4_1024_16_25632_agent_info.csv
[m[0;33mW20250901 21:57:10.813141 139836082140928 tool.cpp:1902] rocprofv3_error_signal_handler caught signal 11...
[m# ---- Run standalone_attn_prefill_and_decode_tp8_prefill_then_decode4_1024_16_51232 ----
INFO 09-01 21:57:15 [__init__.py:244] Automatically detected platform rocm.
[0;31mE20250901 21:57:30.726879 139914581743360 output_stream.cpp:105] Opened result file: ./profiles/standalone_attn_prefill_and_decode_tp8_prefill_then_decode4_1024_16_51232_kernel_trace.csv
[m[0;31mE20250901 21:57:30.733032 139914581743360 output_stream.cpp:105] Opened result file: ./profiles/standalone_attn_prefill_and_decode_tp8_prefill_then_decode4_1024_16_51232_agent_info.csv
[m[0;33mW20250901 21:57:39.078977 139914581743360 tool.cpp:1902] rocprofv3_error_signal_handler caught signal 11...
[m# ---- Run standalone_attn_prefill_and_decode_tp8_prefill_then_decode4_1024_16_102432 ----
INFO 09-01 21:57:43 [__init__.py:244] Automatically detected platform rocm.
[0;31mE20250901 21:57:59.074121 139867183888128 output_stream.cpp:105] Opened result file: ./profiles/standalone_attn_prefill_and_decode_tp8_prefill_then_decode4_1024_16_102432_kernel_trace.csv
[m[0;31mE20250901 21:57:59.080192 139867183888128 output_stream.cpp:105] Opened result file: ./profiles/standalone_attn_prefill_and_decode_tp8_prefill_then_decode4_1024_16_102432_agent_info.csv
[m[0;33mW20250901 21:58:07.780740 139867183888128 tool.cpp:1902] rocprofv3_error_signal_handler caught signal 11...
[m# ---- Run standalone_attn_prefill_and_decode_tp8_prefill_then_decode4_1024_16_204832 ----
INFO 09-01 21:58:12 [__init__.py:244] Automatically detected platform rocm.
[0;31mE20250901 21:58:28.519348 139727869224704 output_stream.cpp:105] Opened result file: ./profiles/standalone_attn_prefill_and_decode_tp8_prefill_then_decode4_1024_16_204832_kernel_trace.csv
[m[0;31mE20250901 21:58:28.526051 139727869224704 output_stream.cpp:105] Opened result file: ./profiles/standalone_attn_prefill_and_decode_tp8_prefill_then_decode4_1024_16_204832_agent_info.csv
[m[0;33mW20250901 21:58:37.313509 139727869224704 tool.cpp:1902] rocprofv3_error_signal_handler caught signal 11...
[m# ---- Run standalone_attn_prefill_and_decode_tp8_prefill_then_decode4_1024_16_409632 ----
INFO 09-01 21:58:42 [__init__.py:244] Automatically detected platform rocm.
[0;31mE20250901 21:58:57.716878 140512816617216 output_stream.cpp:105] Opened result file: ./profiles/standalone_attn_prefill_and_decode_tp8_prefill_then_decode4_1024_16_409632_kernel_trace.csv
[m[0;31mE20250901 21:58:57.722915 140512816617216 output_stream.cpp:105] Opened result file: ./profiles/standalone_attn_prefill_and_decode_tp8_prefill_then_decode4_1024_16_409632_agent_info.csv
[m[0;33mW20250901 21:59:06.835187 140512816617216 tool.cpp:1902] rocprofv3_error_signal_handler caught signal 11...
[m# ---- Run standalone_attn_prefill_and_decode_tp8_prefill_then_decode4_1024_16_819232 ----
INFO 09-01 21:59:11 [__init__.py:244] Automatically detected platform rocm.
[0;31mE20250901 21:59:26.889352 140708996282112 output_stream.cpp:105] Opened result file: ./profiles/standalone_attn_prefill_and_decode_tp8_prefill_then_decode4_1024_16_819232_kernel_trace.csv
[m[0;31mE20250901 21:59:26.895706 140708996282112 output_stream.cpp:105] Opened result file: ./profiles/standalone_attn_prefill_and_decode_tp8_prefill_then_decode4_1024_16_819232_agent_info.csv
[m[0;33mW20250901 21:59:35.463985 140708996282112 tool.cpp:1902] rocprofv3_error_signal_handler caught signal 11...
[m# ---- Run standalone_attn_prefill_and_decode_tp8_prefill_then_decode4_1024_32_25632 ----
INFO 09-01 21:59:40 [__init__.py:244] Automatically detected platform rocm.
[0;31mE20250901 21:59:55.510971 140712165390080 output_stream.cpp:105] Opened result file: ./profiles/standalone_attn_prefill_and_decode_tp8_prefill_then_decode4_1024_32_25632_kernel_trace.csv
[m[0;31mE20250901 21:59:55.516837 140712165390080 output_stream.cpp:105] Opened result file: ./profiles/standalone_attn_prefill_and_decode_tp8_prefill_then_decode4_1024_32_25632_agent_info.csv
[m[0;33mW20250901 22:00:03.894670 140712165390080 tool.cpp:1902] rocprofv3_error_signal_handler caught signal 11...
[m# ---- Run standalone_attn_prefill_and_decode_tp8_prefill_then_decode4_1024_32_51232 ----
INFO 09-01 22:00:08 [__init__.py:244] Automatically detected platform rocm.
[0;31mE20250901 22:00:24.451857 139958465480448 output_stream.cpp:105] Opened result file: ./profiles/standalone_attn_prefill_and_decode_tp8_prefill_then_decode4_1024_32_51232_kernel_trace.csv
[m[0;31mE20250901 22:00:24.458156 139958465480448 output_stream.cpp:105] Opened result file: ./profiles/standalone_attn_prefill_and_decode_tp8_prefill_then_decode4_1024_32_51232_agent_info.csv
[m[0;33mW20250901 22:00:33.553675 139958465480448 tool.cpp:1902] rocprofv3_error_signal_handler caught signal 11...
[m# ---- Run standalone_attn_prefill_and_decode_tp8_prefill_then_decode4_1024_32_102432 ----
INFO 09-01 22:00:38 [__init__.py:244] Automatically detected platform rocm.
[0;31mE20250901 22:00:53.421674 139868094797568 output_stream.cpp:105] Opened result file: ./profiles/standalone_attn_prefill_and_decode_tp8_prefill_then_decode4_1024_32_102432_kernel_trace.csv
[m[0;31mE20250901 22:00:53.427679 139868094797568 output_stream.cpp:105] Opened result file: ./profiles/standalone_attn_prefill_and_decode_tp8_prefill_then_decode4_1024_32_102432_agent_info.csv
[m[0;33mW20250901 22:01:02.133190 139868094797568 tool.cpp:1902] rocprofv3_error_signal_handler caught signal 11...
[m# ---- Run standalone_attn_prefill_and_decode_tp8_prefill_then_decode4_1024_32_204832 ----
INFO 09-01 22:01:06 [__init__.py:244] Automatically detected platform rocm.
[0;31mE20250901 22:01:22.594542 139746313852672 output_stream.cpp:105] Opened result file: ./profiles/standalone_attn_prefill_and_decode_tp8_prefill_then_decode4_1024_32_204832_kernel_trace.csv
[m[0;31mE20250901 22:01:22.600579 139746313852672 output_stream.cpp:105] Opened result file: ./profiles/standalone_attn_prefill_and_decode_tp8_prefill_then_decode4_1024_32_204832_agent_info.csv
[m[0;33mW20250901 22:01:31.403528 139746313852672 tool.cpp:1902] rocprofv3_error_signal_handler caught signal 11...
[m# ---- Run standalone_attn_prefill_and_decode_tp8_prefill_then_decode4_1024_32_409632 ----
INFO 09-01 22:01:36 [__init__.py:244] Automatically detected platform rocm.
[0;31mE20250901 22:01:51.539931 140151554172672 output_stream.cpp:105] Opened result file: ./profiles/standalone_attn_prefill_and_decode_tp8_prefill_then_decode4_1024_32_409632_kernel_trace.csv
[m[0;31mE20250901 22:01:51.546206 140151554172672 output_stream.cpp:105] Opened result file: ./profiles/standalone_attn_prefill_and_decode_tp8_prefill_then_decode4_1024_32_409632_agent_info.csv
[m[0;33mW20250901 22:02:00.266125 140151554172672 tool.cpp:1902] rocprofv3_error_signal_handler caught signal 11...
[m# ---- Run standalone_attn_prefill_and_decode_tp8_prefill_then_decode4_1024_32_819232 ----
INFO 09-01 22:02:05 [__init__.py:244] Automatically detected platform rocm.
[0;31mE20250901 22:02:20.220302 140245909788416 output_stream.cpp:105] Opened result file: ./profiles/standalone_attn_prefill_and_decode_tp8_prefill_then_decode4_1024_32_819232_kernel_trace.csv
[m[0;31mE20250901 22:02:20.226271 140245909788416 output_stream.cpp:105] Opened result file: ./profiles/standalone_attn_prefill_and_decode_tp8_prefill_then_decode4_1024_32_819232_agent_info.csv
[m[0;33mW20250901 22:02:29.379412 140245909788416 tool.cpp:1902] rocprofv3_error_signal_handler caught signal 11...
[m# ---- Run standalone_attn_prefill_and_decode_tp8_prefill_then_decode4_1024_64_25632 ----
INFO 09-01 22:02:34 [__init__.py:244] Automatically detected platform rocm.
[0;31mE20250901 22:02:49.167677 140465169057536 output_stream.cpp:105] Opened result file: ./profiles/standalone_attn_prefill_and_decode_tp8_prefill_then_decode4_1024_64_25632_kernel_trace.csv
[m[0;31mE20250901 22:02:49.173982 140465169057536 output_stream.cpp:105] Opened result file: ./profiles/standalone_attn_prefill_and_decode_tp8_prefill_then_decode4_1024_64_25632_agent_info.csv
[m[0;33mW20250901 22:02:58.161333 140465169057536 tool.cpp:1902] rocprofv3_error_signal_handler caught signal 11...
[m# ---- Run standalone_attn_prefill_and_decode_tp8_prefill_then_decode4_1024_64_51232 ----
INFO 09-01 22:03:02 [__init__.py:244] Automatically detected platform rocm.
[0;31mE20250901 22:03:17.933628 140588901357312 output_stream.cpp:105] Opened result file: ./profiles/standalone_attn_prefill_and_decode_tp8_prefill_then_decode4_1024_64_51232_kernel_trace.csv
[m[0;31mE20250901 22:03:17.939639 140588901357312 output_stream.cpp:105] Opened result file: ./profiles/standalone_attn_prefill_and_decode_tp8_prefill_then_decode4_1024_64_51232_agent_info.csv
[m[0;33mW20250901 22:03:26.376445 140588901357312 tool.cpp:1902] rocprofv3_error_signal_handler caught signal 11...
[m# ---- Run standalone_attn_prefill_and_decode_tp8_prefill_then_decode4_1024_64_102432 ----
INFO 09-01 22:03:31 [__init__.py:244] Automatically detected platform rocm.
[0;31mE20250901 22:03:46.606353 139827016767232 output_stream.cpp:105] Opened result file: ./profiles/standalone_attn_prefill_and_decode_tp8_prefill_then_decode4_1024_64_102432_kernel_trace.csv
[m[0;31mE20250901 22:03:46.612373 139827016767232 output_stream.cpp:105] Opened result file: ./profiles/standalone_attn_prefill_and_decode_tp8_prefill_then_decode4_1024_64_102432_agent_info.csv
[m[0;33mW20250901 22:03:55.517093 139827016767232 tool.cpp:1902] rocprofv3_error_signal_handler caught signal 11...
[m# ---- Run standalone_attn_prefill_and_decode_tp8_prefill_then_decode4_1024_64_204832 ----
INFO 09-01 22:04:00 [__init__.py:244] Automatically detected platform rocm.
[0;31mE20250901 22:04:15.530619 140668547786496 output_stream.cpp:105] Opened result file: ./profiles/standalone_attn_prefill_and_decode_tp8_prefill_then_decode4_1024_64_204832_kernel_trace.csv
[m[0;31mE20250901 22:04:15.536464 140668547786496 output_stream.cpp:105] Opened result file: ./profiles/standalone_attn_prefill_and_decode_tp8_prefill_then_decode4_1024_64_204832_agent_info.csv
[m[0;33mW20250901 22:04:24.451708 140668547786496 tool.cpp:1902] rocprofv3_error_signal_handler caught signal 11...
[m# ---- Run standalone_attn_prefill_and_decode_tp8_prefill_then_decode4_1024_64_409632 ----
INFO 09-01 22:04:29 [__init__.py:244] Automatically detected platform rocm.
[0;31mE20250901 22:04:44.503695 140634054575872 output_stream.cpp:105] Opened result file: ./profiles/standalone_attn_prefill_and_decode_tp8_prefill_then_decode4_1024_64_409632_kernel_trace.csv
[m[0;31mE20250901 22:04:44.509701 140634054575872 output_stream.cpp:105] Opened result file: ./profiles/standalone_attn_prefill_and_decode_tp8_prefill_then_decode4_1024_64_409632_agent_info.csv
[m[0;33mW20250901 22:04:53.093583 140634054575872 tool.cpp:1902] rocprofv3_error_signal_handler caught signal 11...
[m# ---- Run standalone_attn_prefill_and_decode_tp8_prefill_then_decode4_1024_64_819232 ----
INFO 09-01 22:04:57 [__init__.py:244] Automatically detected platform rocm.
[0;31mE20250901 22:05:13.280890 140128770860800 output_stream.cpp:105] Opened result file: ./profiles/standalone_attn_prefill_and_decode_tp8_prefill_then_decode4_1024_64_819232_kernel_trace.csv
[m[0;31mE20250901 22:05:13.286849 140128770860800 output_stream.cpp:105] Opened result file: ./profiles/standalone_attn_prefill_and_decode_tp8_prefill_then_decode4_1024_64_819232_agent_info.csv
[m[0;33mW20250901 22:05:22.183914 140128770860800 tool.cpp:1902] rocprofv3_error_signal_handler caught signal 11...
[m# ---- Run standalone_attn_prefill_and_decode_tp8_prefill_then_decode4_1024_128_25632 ----
INFO 09-01 22:05:26 [__init__.py:244] Automatically detected platform rocm.
[0;31mE20250901 22:05:41.756922 139887008265984 output_stream.cpp:105] Opened result file: ./profiles/standalone_attn_prefill_and_decode_tp8_prefill_then_decode4_1024_128_25632_kernel_trace.csv
[m[0;31mE20250901 22:05:41.762907 139887008265984 output_stream.cpp:105] Opened result file: ./profiles/standalone_attn_prefill_and_decode_tp8_prefill_then_decode4_1024_128_25632_agent_info.csv
[m[0;33mW20250901 22:05:50.977844 139887008265984 tool.cpp:1902] rocprofv3_error_signal_handler caught signal 11...
[m# ---- Run standalone_attn_prefill_and_decode_tp8_prefill_then_decode4_1024_128_51232 ----
INFO 09-01 22:05:55 [__init__.py:244] Automatically detected platform rocm.
[0;31mE20250901 22:06:10.670972 140148899202816 output_stream.cpp:105] Opened result file: ./profiles/standalone_attn_prefill_and_decode_tp8_prefill_then_decode4_1024_128_51232_kernel_trace.csv
[m[0;31mE20250901 22:06:10.676822 140148899202816 output_stream.cpp:105] Opened result file: ./profiles/standalone_attn_prefill_and_decode_tp8_prefill_then_decode4_1024_128_51232_agent_info.csv
[m[0;33mW20250901 22:06:19.468427 140148899202816 tool.cpp:1902] rocprofv3_error_signal_handler caught signal 11...
[m# ---- Run standalone_attn_prefill_and_decode_tp8_prefill_then_decode4_1024_128_102432 ----
INFO 09-01 22:06:24 [__init__.py:244] Automatically detected platform rocm.
[0;31mE20250901 22:06:39.047653 140648396449536 output_stream.cpp:105] Opened result file: ./profiles/standalone_attn_prefill_and_decode_tp8_prefill_then_decode4_1024_128_102432_kernel_trace.csv
[m[0;31mE20250901 22:06:39.053595 140648396449536 output_stream.cpp:105] Opened result file: ./profiles/standalone_attn_prefill_and_decode_tp8_prefill_then_decode4_1024_128_102432_agent_info.csv
[m[0;33mW20250901 22:06:47.611937 140648396449536 tool.cpp:1902] rocprofv3_error_signal_handler caught signal 11...
[m# ---- Run standalone_attn_prefill_and_decode_tp8_prefill_then_decode4_1024_128_204832 ----
INFO 09-01 22:06:52 [__init__.py:244] Automatically detected platform rocm.
[0;31mE20250901 22:07:07.495137 140350661359360 output_stream.cpp:105] Opened result file: ./profiles/standalone_attn_prefill_and_decode_tp8_prefill_then_decode4_1024_128_204832_kernel_trace.csv
[m[0;31mE20250901 22:07:07.501251 140350661359360 output_stream.cpp:105] Opened result file: ./profiles/standalone_attn_prefill_and_decode_tp8_prefill_then_decode4_1024_128_204832_agent_info.csv
[m[0;33mW20250901 22:07:16.162314 140350661359360 tool.cpp:1902] rocprofv3_error_signal_handler caught signal 11...
[m# ---- Run standalone_attn_prefill_and_decode_tp8_prefill_then_decode4_1024_128_409632 ----
INFO 09-01 22:07:20 [__init__.py:244] Automatically detected platform rocm.
[0;31mE20250901 22:07:35.839913 139927136229120 output_stream.cpp:105] Opened result file: ./profiles/standalone_attn_prefill_and_decode_tp8_prefill_then_decode4_1024_128_409632_kernel_trace.csv
[m[0;31mE20250901 22:07:35.845964 139927136229120 output_stream.cpp:105] Opened result file: ./profiles/standalone_attn_prefill_and_decode_tp8_prefill_then_decode4_1024_128_409632_agent_info.csv
[m[0;33mW20250901 22:07:44.492988 139927136229120 tool.cpp:1902] rocprofv3_error_signal_handler caught signal 11...
[m# ---- Run standalone_attn_prefill_and_decode_tp8_prefill_then_decode4_1024_128_819232 ----
INFO 09-01 22:07:49 [__init__.py:244] Automatically detected platform rocm.
[0;31mE20250901 22:08:04.005774 140500118099712 output_stream.cpp:105] Opened result file: ./profiles/standalone_attn_prefill_and_decode_tp8_prefill_then_decode4_1024_128_819232_kernel_trace.csv
[m[0;31mE20250901 22:08:04.011573 140500118099712 output_stream.cpp:105] Opened result file: ./profiles/standalone_attn_prefill_and_decode_tp8_prefill_then_decode4_1024_128_819232_agent_info.csv
[m[0;33mW20250901 22:08:12.745410 140500118099712 tool.cpp:1902] rocprofv3_error_signal_handler caught signal 11...
[m# ---- Run standalone_attn_prefill_and_decode_tp8_prefill_then_decode4_2048_1_25632 ----
INFO 09-01 22:08:17 [__init__.py:244] Automatically detected platform rocm.
[0;31mE20250901 22:08:33.045034 140315997411072 output_stream.cpp:105] Opened result file: ./profiles/standalone_attn_prefill_and_decode_tp8_prefill_then_decode4_2048_1_25632_kernel_trace.csv
[m[0;31mE20250901 22:08:33.050876 140315997411072 output_stream.cpp:105] Opened result file: ./profiles/standalone_attn_prefill_and_decode_tp8_prefill_then_decode4_2048_1_25632_agent_info.csv
[m[0;33mW20250901 22:08:41.481578 140315997411072 tool.cpp:1902] rocprofv3_error_signal_handler caught signal 11...
[m# ---- Run standalone_attn_prefill_and_decode_tp8_prefill_then_decode4_2048_1_51232 ----
INFO 09-01 22:08:46 [__init__.py:244] Automatically detected platform rocm.
[0;31mE20250901 22:09:01.301782 140117608425216 output_stream.cpp:105] Opened result file: ./profiles/standalone_attn_prefill_and_decode_tp8_prefill_then_decode4_2048_1_51232_kernel_trace.csv
[m[0;31mE20250901 22:09:01.307750 140117608425216 output_stream.cpp:105] Opened result file: ./profiles/standalone_attn_prefill_and_decode_tp8_prefill_then_decode4_2048_1_51232_agent_info.csv
[m[0;33mW20250901 22:09:09.761928 140117608425216 tool.cpp:1902] rocprofv3_error_signal_handler caught signal 11...
[m# ---- Run standalone_attn_prefill_and_decode_tp8_prefill_then_decode4_2048_1_102432 ----
INFO 09-01 22:09:14 [__init__.py:244] Automatically detected platform rocm.
[0;31mE20250901 22:09:29.718823 140578855241472 output_stream.cpp:105] Opened result file: ./profiles/standalone_attn_prefill_and_decode_tp8_prefill_then_decode4_2048_1_102432_kernel_trace.csv
[m[0;31mE20250901 22:09:29.724845 140578855241472 output_stream.cpp:105] Opened result file: ./profiles/standalone_attn_prefill_and_decode_tp8_prefill_then_decode4_2048_1_102432_agent_info.csv
[m[0;33mW20250901 22:09:38.912218 140578855241472 tool.cpp:1902] rocprofv3_error_signal_handler caught signal 11...
[m# ---- Run standalone_attn_prefill_and_decode_tp8_prefill_then_decode4_2048_1_204832 ----
INFO 09-01 22:09:43 [__init__.py:244] Automatically detected platform rocm.
[0;31mE20250901 22:09:58.892217 140261669197568 output_stream.cpp:105] Opened result file: ./profiles/standalone_attn_prefill_and_decode_tp8_prefill_then_decode4_2048_1_204832_kernel_trace.csv
[m[0;31mE20250901 22:09:58.898225 140261669197568 output_stream.cpp:105] Opened result file: ./profiles/standalone_attn_prefill_and_decode_tp8_prefill_then_decode4_2048_1_204832_agent_info.csv
[m[0;33mW20250901 22:10:07.362443 140261669197568 tool.cpp:1902] rocprofv3_error_signal_handler caught signal 11...
[m# ---- Run standalone_attn_prefill_and_decode_tp8_prefill_then_decode4_2048_1_409632 ----
INFO 09-01 22:10:12 [__init__.py:244] Automatically detected platform rocm.
[0;31mE20250901 22:10:27.589915 140322559469312 output_stream.cpp:105] Opened result file: ./profiles/standalone_attn_prefill_and_decode_tp8_prefill_then_decode4_2048_1_409632_kernel_trace.csv
[m[0;31mE20250901 22:10:27.595809 140322559469312 output_stream.cpp:105] Opened result file: ./profiles/standalone_attn_prefill_and_decode_tp8_prefill_then_decode4_2048_1_409632_agent_info.csv
[m[0;33mW20250901 22:10:36.051914 140322559469312 tool.cpp:1902] rocprofv3_error_signal_handler caught signal 11...
[m# ---- Run standalone_attn_prefill_and_decode_tp8_prefill_then_decode4_2048_1_819232 ----
INFO 09-01 22:10:41 [__init__.py:244] Automatically detected platform rocm.
[0;31mE20250901 22:10:56.189023 140584718956288 output_stream.cpp:105] Opened result file: ./profiles/standalone_attn_prefill_and_decode_tp8_prefill_then_decode4_2048_1_819232_kernel_trace.csv
[m[0;31mE20250901 22:10:56.195046 140584718956288 output_stream.cpp:105] Opened result file: ./profiles/standalone_attn_prefill_and_decode_tp8_prefill_then_decode4_2048_1_819232_agent_info.csv
[m[0;33mW20250901 22:11:04.519627 140584718956288 tool.cpp:1902] rocprofv3_error_signal_handler caught signal 11...
[m# ---- Run standalone_attn_prefill_and_decode_tp8_prefill_then_decode4_2048_2_25632 ----
INFO 09-01 22:11:09 [__init__.py:244] Automatically detected platform rocm.
[0;31mE20250901 22:11:24.410081 139984995591936 output_stream.cpp:105] Opened result file: ./profiles/standalone_attn_prefill_and_decode_tp8_prefill_then_decode4_2048_2_25632_kernel_trace.csv
[m[0;31mE20250901 22:11:24.415968 139984995591936 output_stream.cpp:105] Opened result file: ./profiles/standalone_attn_prefill_and_decode_tp8_prefill_then_decode4_2048_2_25632_agent_info.csv
[m[0;33mW20250901 22:11:32.796028 139984995591936 tool.cpp:1902] rocprofv3_error_signal_handler caught signal 11...
[m# ---- Run standalone_attn_prefill_and_decode_tp8_prefill_then_decode4_2048_2_51232 ----
INFO 09-01 22:11:37 [__init__.py:244] Automatically detected platform rocm.
[0;31mE20250901 22:11:52.903824 139932531390208 output_stream.cpp:105] Opened result file: ./profiles/standalone_attn_prefill_and_decode_tp8_prefill_then_decode4_2048_2_51232_kernel_trace.csv
[m[0;31mE20250901 22:11:52.909635 139932531390208 output_stream.cpp:105] Opened result file: ./profiles/standalone_attn_prefill_and_decode_tp8_prefill_then_decode4_2048_2_51232_agent_info.csv
[m[0;33mW20250901 22:12:01.686588 139932531390208 tool.cpp:1902] rocprofv3_error_signal_handler caught signal 11...
[m# ---- Run standalone_attn_prefill_and_decode_tp8_prefill_then_decode4_2048_2_102432 ----
INFO 09-01 22:12:06 [__init__.py:244] Automatically detected platform rocm.
[0;31mE20250901 22:12:21.839915 139874188568320 output_stream.cpp:105] Opened result file: ./profiles/standalone_attn_prefill_and_decode_tp8_prefill_then_decode4_2048_2_102432_kernel_trace.csv
[m[0;31mE20250901 22:12:21.845765 139874188568320 output_stream.cpp:105] Opened result file: ./profiles/standalone_attn_prefill_and_decode_tp8_prefill_then_decode4_2048_2_102432_agent_info.csv
[m[0;33mW20250901 22:12:30.241919 139874188568320 tool.cpp:1902] rocprofv3_error_signal_handler caught signal 11...
[m# ---- Run standalone_attn_prefill_and_decode_tp8_prefill_then_decode4_2048_2_204832 ----
INFO 09-01 22:12:35 [__init__.py:244] Automatically detected platform rocm.
[0;31mE20250901 22:12:50.611140 140697271088896 output_stream.cpp:105] Opened result file: ./profiles/standalone_attn_prefill_and_decode_tp8_prefill_then_decode4_2048_2_204832_kernel_trace.csv
[m[0;31mE20250901 22:12:50.618011 140697271088896 output_stream.cpp:105] Opened result file: ./profiles/standalone_attn_prefill_and_decode_tp8_prefill_then_decode4_2048_2_204832_agent_info.csv
[m[0;33mW20250901 22:12:59.640533 140697271088896 tool.cpp:1902] rocprofv3_error_signal_handler caught signal 11...
[m# ---- Run standalone_attn_prefill_and_decode_tp8_prefill_then_decode4_2048_2_409632 ----
INFO 09-01 22:13:04 [__init__.py:244] Automatically detected platform rocm.
[0;31mE20250901 22:13:19.914619 139768595879680 output_stream.cpp:105] Opened result file: ./profiles/standalone_attn_prefill_and_decode_tp8_prefill_then_decode4_2048_2_409632_kernel_trace.csv
[m[0;31mE20250901 22:13:19.920608 139768595879680 output_stream.cpp:105] Opened result file: ./profiles/standalone_attn_prefill_and_decode_tp8_prefill_then_decode4_2048_2_409632_agent_info.csv
[m[0;33mW20250901 22:13:28.634015 139768595879680 tool.cpp:1902] rocprofv3_error_signal_handler caught signal 11...
[m# ---- Run standalone_attn_prefill_and_decode_tp8_prefill_then_decode4_2048_2_819232 ----
INFO 09-01 22:13:33 [__init__.py:244] Automatically detected platform rocm.
[0;31mE20250901 22:13:48.529602 139729313388288 output_stream.cpp:105] Opened result file: ./profiles/standalone_attn_prefill_and_decode_tp8_prefill_then_decode4_2048_2_819232_kernel_trace.csv
[m[0;31mE20250901 22:13:48.535605 139729313388288 output_stream.cpp:105] Opened result file: ./profiles/standalone_attn_prefill_and_decode_tp8_prefill_then_decode4_2048_2_819232_agent_info.csv
[m[0;33mW20250901 22:13:57.035203 139729313388288 tool.cpp:1902] rocprofv3_error_signal_handler caught signal 11...
[m# ---- Run standalone_attn_prefill_and_decode_tp8_prefill_then_decode4_2048_4_25632 ----
INFO 09-01 22:14:01 [__init__.py:244] Automatically detected platform rocm.
[0;31mE20250901 22:14:16.889381 140535791048448 output_stream.cpp:105] Opened result file: ./profiles/standalone_attn_prefill_and_decode_tp8_prefill_then_decode4_2048_4_25632_kernel_trace.csv
[m[0;31mE20250901 22:14:16.895322 140535791048448 output_stream.cpp:105] Opened result file: ./profiles/standalone_attn_prefill_and_decode_tp8_prefill_then_decode4_2048_4_25632_agent_info.csv
[m[0;33mW20250901 22:14:25.316535 140535791048448 tool.cpp:1902] rocprofv3_error_signal_handler caught signal 11...
[m# ---- Run standalone_attn_prefill_and_decode_tp8_prefill_then_decode4_2048_4_51232 ----
INFO 09-01 22:14:30 [__init__.py:244] Automatically detected platform rocm.
[0;31mE20250901 22:14:45.208763 140644924716800 output_stream.cpp:105] Opened result file: ./profiles/standalone_attn_prefill_and_decode_tp8_prefill_then_decode4_2048_4_51232_kernel_trace.csv
[m[0;31mE20250901 22:14:45.215604 140644924716800 output_stream.cpp:105] Opened result file: ./profiles/standalone_attn_prefill_and_decode_tp8_prefill_then_decode4_2048_4_51232_agent_info.csv
[m[0;33mW20250901 22:14:53.660200 140644924716800 tool.cpp:1902] rocprofv3_error_signal_handler caught signal 11...
[m# ---- Run standalone_attn_prefill_and_decode_tp8_prefill_then_decode4_2048_4_102432 ----
INFO 09-01 22:14:58 [__init__.py:244] Automatically detected platform rocm.
[0;31mE20250901 22:15:13.503661 140395871246080 output_stream.cpp:105] Opened result file: ./profiles/standalone_attn_prefill_and_decode_tp8_prefill_then_decode4_2048_4_102432_kernel_trace.csv
[m[0;31mE20250901 22:15:13.509474 140395871246080 output_stream.cpp:105] Opened result file: ./profiles/standalone_attn_prefill_and_decode_tp8_prefill_then_decode4_2048_4_102432_agent_info.csv
[m[0;33mW20250901 22:15:22.104893 140395871246080 tool.cpp:1902] rocprofv3_error_signal_handler caught signal 11...
[m# ---- Run standalone_attn_prefill_and_decode_tp8_prefill_then_decode4_2048_4_204832 ----
INFO 09-01 22:15:26 [__init__.py:244] Automatically detected platform rocm.
[0;31mE20250901 22:15:42.160544 139810212615936 output_stream.cpp:105] Opened result file: ./profiles/standalone_attn_prefill_and_decode_tp8_prefill_then_decode4_2048_4_204832_kernel_trace.csv
[m[0;31mE20250901 22:15:42.166519 139810212615936 output_stream.cpp:105] Opened result file: ./profiles/standalone_attn_prefill_and_decode_tp8_prefill_then_decode4_2048_4_204832_agent_info.csv
[m[0;33mW20250901 22:15:50.632263 139810212615936 tool.cpp:1902] rocprofv3_error_signal_handler caught signal 11...
[m# ---- Run standalone_attn_prefill_and_decode_tp8_prefill_then_decode4_2048_4_409632 ----
INFO 09-01 22:15:55 [__init__.py:244] Automatically detected platform rocm.
[0;31mE20250901 22:16:10.599638 140069794162432 output_stream.cpp:105] Opened result file: ./profiles/standalone_attn_prefill_and_decode_tp8_prefill_then_decode4_2048_4_409632_kernel_trace.csv
[m[0;31mE20250901 22:16:10.605541 140069794162432 output_stream.cpp:105] Opened result file: ./profiles/standalone_attn_prefill_and_decode_tp8_prefill_then_decode4_2048_4_409632_agent_info.csv
[m[0;33mW20250901 22:16:19.064954 140069794162432 tool.cpp:1902] rocprofv3_error_signal_handler caught signal 11...
[m# ---- Run standalone_attn_prefill_and_decode_tp8_prefill_then_decode4_2048_4_819232 ----
INFO 09-01 22:16:23 [__init__.py:244] Automatically detected platform rocm.
[0;31mE20250901 22:16:39.050751 139700083459840 output_stream.cpp:105] Opened result file: ./profiles/standalone_attn_prefill_and_decode_tp8_prefill_then_decode4_2048_4_819232_kernel_trace.csv
[m[0;31mE20250901 22:16:39.056659 139700083459840 output_stream.cpp:105] Opened result file: ./profiles/standalone_attn_prefill_and_decode_tp8_prefill_then_decode4_2048_4_819232_agent_info.csv
[m[0;33mW20250901 22:16:47.543596 139700083459840 tool.cpp:1902] rocprofv3_error_signal_handler caught signal 11...
[m# ---- Run standalone_attn_prefill_and_decode_tp8_prefill_then_decode4_2048_8_25632 ----
INFO 09-01 22:16:52 [__init__.py:244] Automatically detected platform rocm.
[0;31mE20250901 22:17:07.586431 140368309991168 output_stream.cpp:105] Opened result file: ./profiles/standalone_attn_prefill_and_decode_tp8_prefill_then_decode4_2048_8_25632_kernel_trace.csv
[m[0;31mE20250901 22:17:07.592236 140368309991168 output_stream.cpp:105] Opened result file: ./profiles/standalone_attn_prefill_and_decode_tp8_prefill_then_decode4_2048_8_25632_agent_info.csv
[m[0;33mW20250901 22:17:16.032401 140368309991168 tool.cpp:1902] rocprofv3_error_signal_handler caught signal 11...
[m# ---- Run standalone_attn_prefill_and_decode_tp8_prefill_then_decode4_2048_8_51232 ----
INFO 09-01 22:17:20 [__init__.py:244] Automatically detected platform rocm.
[0;31mE20250901 22:17:36.185027 140435374974720 output_stream.cpp:105] Opened result file: ./profiles/standalone_attn_prefill_and_decode_tp8_prefill_then_decode4_2048_8_51232_kernel_trace.csv
[m[0;31mE20250901 22:17:36.190838 140435374974720 output_stream.cpp:105] Opened result file: ./profiles/standalone_attn_prefill_and_decode_tp8_prefill_then_decode4_2048_8_51232_agent_info.csv
[m[0;33mW20250901 22:17:44.845415 140435374974720 tool.cpp:1902] rocprofv3_error_signal_handler caught signal 11...
[m# ---- Run standalone_attn_prefill_and_decode_tp8_prefill_then_decode4_2048_8_102432 ----
INFO 09-01 22:17:49 [__init__.py:244] Automatically detected platform rocm.
[0;31mE20250901 22:18:04.769929 140420132431616 output_stream.cpp:105] Opened result file: ./profiles/standalone_attn_prefill_and_decode_tp8_prefill_then_decode4_2048_8_102432_kernel_trace.csv
[m[0;31mE20250901 22:18:04.775847 140420132431616 output_stream.cpp:105] Opened result file: ./profiles/standalone_attn_prefill_and_decode_tp8_prefill_then_decode4_2048_8_102432_agent_info.csv
[m[0;33mW20250901 22:18:13.349986 140420132431616 tool.cpp:1902] rocprofv3_error_signal_handler caught signal 11...
[m# ---- Run standalone_attn_prefill_and_decode_tp8_prefill_then_decode4_2048_8_204832 ----
INFO 09-01 22:18:18 [__init__.py:244] Automatically detected platform rocm.
[0;31mE20250901 22:18:33.540809 140319976462080 output_stream.cpp:105] Opened result file: ./profiles/standalone_attn_prefill_and_decode_tp8_prefill_then_decode4_2048_8_204832_kernel_trace.csv
[m[0;31mE20250901 22:18:33.546760 140319976462080 output_stream.cpp:105] Opened result file: ./profiles/standalone_attn_prefill_and_decode_tp8_prefill_then_decode4_2048_8_204832_agent_info.csv
[m[0;33mW20250901 22:18:42.064197 140319976462080 tool.cpp:1902] rocprofv3_error_signal_handler caught signal 11...
[m# ---- Run standalone_attn_prefill_and_decode_tp8_prefill_then_decode4_2048_8_409632 ----
INFO 09-01 22:18:46 [__init__.py:244] Automatically detected platform rocm.
[0;31mE20250901 22:19:01.953825 139651995031296 output_stream.cpp:105] Opened result file: ./profiles/standalone_attn_prefill_and_decode_tp8_prefill_then_decode4_2048_8_409632_kernel_trace.csv
[m[0;31mE20250901 22:19:01.959822 139651995031296 output_stream.cpp:105] Opened result file: ./profiles/standalone_attn_prefill_and_decode_tp8_prefill_then_decode4_2048_8_409632_agent_info.csv
[m[0;33mW20250901 22:19:10.872628 139651995031296 tool.cpp:1902] rocprofv3_error_signal_handler caught signal 11...
[m# ---- Run standalone_attn_prefill_and_decode_tp8_prefill_then_decode4_2048_8_819232 ----
INFO 09-01 22:19:15 [__init__.py:244] Automatically detected platform rocm.
[0;31mE20250901 22:19:30.998468 140450017715968 output_stream.cpp:105] Opened result file: ./profiles/standalone_attn_prefill_and_decode_tp8_prefill_then_decode4_2048_8_819232_kernel_trace.csv
[m[0;31mE20250901 22:19:31.004389 140450017715968 output_stream.cpp:105] Opened result file: ./profiles/standalone_attn_prefill_and_decode_tp8_prefill_then_decode4_2048_8_819232_agent_info.csv
[m[0;33mW20250901 22:19:39.376057 140450017715968 tool.cpp:1902] rocprofv3_error_signal_handler caught signal 11...
[m# ---- Run standalone_attn_prefill_and_decode_tp8_prefill_then_decode4_2048_16_25632 ----
INFO 09-01 22:19:44 [__init__.py:244] Automatically detected platform rocm.
[0;31mE20250901 22:19:59.567669 139620623185664 output_stream.cpp:105] Opened result file: ./profiles/standalone_attn_prefill_and_decode_tp8_prefill_then_decode4_2048_16_25632_kernel_trace.csv
[m[0;31mE20250901 22:19:59.573520 139620623185664 output_stream.cpp:105] Opened result file: ./profiles/standalone_attn_prefill_and_decode_tp8_prefill_then_decode4_2048_16_25632_agent_info.csv
[m[0;33mW20250901 22:20:07.877587 139620623185664 tool.cpp:1902] rocprofv3_error_signal_handler caught signal 11...
[m# ---- Run standalone_attn_prefill_and_decode_tp8_prefill_then_decode4_2048_16_51232 ----
INFO 09-01 22:20:12 [__init__.py:244] Automatically detected platform rocm.
[0;31mE20250901 22:20:28.267212 140144346113792 output_stream.cpp:105] Opened result file: ./profiles/standalone_attn_prefill_and_decode_tp8_prefill_then_decode4_2048_16_51232_kernel_trace.csv
[m[0;31mE20250901 22:20:28.273969 140144346113792 output_stream.cpp:105] Opened result file: ./profiles/standalone_attn_prefill_and_decode_tp8_prefill_then_decode4_2048_16_51232_agent_info.csv
[m[0;33mW20250901 22:20:36.814425 140144346113792 tool.cpp:1902] rocprofv3_error_signal_handler caught signal 11...
[m# ---- Run standalone_attn_prefill_and_decode_tp8_prefill_then_decode4_2048_16_102432 ----
INFO 09-01 22:20:41 [__init__.py:244] Automatically detected platform rocm.
[0;31mE20250901 22:20:57.011632 140460486743808 output_stream.cpp:105] Opened result file: ./profiles/standalone_attn_prefill_and_decode_tp8_prefill_then_decode4_2048_16_102432_kernel_trace.csv
[m[0;31mE20250901 22:20:57.018415 140460486743808 output_stream.cpp:105] Opened result file: ./profiles/standalone_attn_prefill_and_decode_tp8_prefill_then_decode4_2048_16_102432_agent_info.csv
[m[0;33mW20250901 22:21:05.656986 140460486743808 tool.cpp:1902] rocprofv3_error_signal_handler caught signal 11...
[m# ---- Run standalone_attn_prefill_and_decode_tp8_prefill_then_decode4_2048_16_204832 ----
INFO 09-01 22:21:10 [__init__.py:244] Automatically detected platform rocm.
[0;31mE20250901 22:21:25.682647 139626527123200 output_stream.cpp:105] Opened result file: ./profiles/standalone_attn_prefill_and_decode_tp8_prefill_then_decode4_2048_16_204832_kernel_trace.csv
[m[0;31mE20250901 22:21:25.689467 139626527123200 output_stream.cpp:105] Opened result file: ./profiles/standalone_attn_prefill_and_decode_tp8_prefill_then_decode4_2048_16_204832_agent_info.csv
[m[0;33mW20250901 22:21:34.349450 139626527123200 tool.cpp:1902] rocprofv3_error_signal_handler caught signal 11...
[m# ---- Run standalone_attn_prefill_and_decode_tp8_prefill_then_decode4_2048_16_409632 ----
INFO 09-01 22:21:39 [__init__.py:244] Automatically detected platform rocm.
[0;31mE20250901 22:21:54.520892 140104082581248 output_stream.cpp:105] Opened result file: ./profiles/standalone_attn_prefill_and_decode_tp8_prefill_then_decode4_2048_16_409632_kernel_trace.csv
[m[0;31mE20250901 22:21:54.527651 140104082581248 output_stream.cpp:105] Opened result file: ./profiles/standalone_attn_prefill_and_decode_tp8_prefill_then_decode4_2048_16_409632_agent_info.csv
[m[0;33mW20250901 22:22:03.068199 140104082581248 tool.cpp:1902] rocprofv3_error_signal_handler caught signal 11...
[m# ---- Run standalone_attn_prefill_and_decode_tp8_prefill_then_decode4_2048_16_819232 ----
INFO 09-01 22:22:07 [__init__.py:244] Automatically detected platform rocm.
[0;31mE20250901 22:22:22.908360 140013570082560 output_stream.cpp:105] Opened result file: ./profiles/standalone_attn_prefill_and_decode_tp8_prefill_then_decode4_2048_16_819232_kernel_trace.csv
[m[0;31mE20250901 22:22:22.915105 140013570082560 output_stream.cpp:105] Opened result file: ./profiles/standalone_attn_prefill_and_decode_tp8_prefill_then_decode4_2048_16_819232_agent_info.csv
[m[0;33mW20250901 22:22:31.522381 140013570082560 tool.cpp:1902] rocprofv3_error_signal_handler caught signal 11...
[m# ---- Run standalone_attn_prefill_and_decode_tp8_prefill_then_decode4_2048_32_25632 ----
INFO 09-01 22:22:36 [__init__.py:244] Automatically detected platform rocm.
[0;31mE20250901 22:22:51.443290 140665613387520 output_stream.cpp:105] Opened result file: ./profiles/standalone_attn_prefill_and_decode_tp8_prefill_then_decode4_2048_32_25632_kernel_trace.csv
[m[0;31mE20250901 22:22:51.450106 140665613387520 output_stream.cpp:105] Opened result file: ./profiles/standalone_attn_prefill_and_decode_tp8_prefill_then_decode4_2048_32_25632_agent_info.csv
[m[0;33mW20250901 22:22:59.791735 140665613387520 tool.cpp:1902] rocprofv3_error_signal_handler caught signal 11...
[m# ---- Run standalone_attn_prefill_and_decode_tp8_prefill_then_decode4_2048_32_51232 ----
INFO 09-01 22:23:04 [__init__.py:244] Automatically detected platform rocm.
[0;31mE20250901 22:23:19.696181 140362662745856 output_stream.cpp:105] Opened result file: ./profiles/standalone_attn_prefill_and_decode_tp8_prefill_then_decode4_2048_32_51232_kernel_trace.csv
[m[0;31mE20250901 22:23:19.702916 140362662745856 output_stream.cpp:105] Opened result file: ./profiles/standalone_attn_prefill_and_decode_tp8_prefill_then_decode4_2048_32_51232_agent_info.csv
[m[0;33mW20250901 22:23:28.237956 140362662745856 tool.cpp:1902] rocprofv3_error_signal_handler caught signal 11...
[m# ---- Run standalone_attn_prefill_and_decode_tp8_prefill_then_decode4_2048_32_102432 ----
INFO 09-01 22:23:33 [__init__.py:244] Automatically detected platform rocm.
[0;31mE20250901 22:23:48.380629 139628808660736 output_stream.cpp:105] Opened result file: ./profiles/standalone_attn_prefill_and_decode_tp8_prefill_then_decode4_2048_32_102432_kernel_trace.csv
[m[0;31mE20250901 22:23:48.387484 139628808660736 output_stream.cpp:105] Opened result file: ./profiles/standalone_attn_prefill_and_decode_tp8_prefill_then_decode4_2048_32_102432_agent_info.csv
[m[0;33mW20250901 22:23:57.292634 139628808660736 tool.cpp:1902] rocprofv3_error_signal_handler caught signal 11...
[m# ---- Run standalone_attn_prefill_and_decode_tp8_prefill_then_decode4_2048_32_204832 ----
INFO 09-01 22:24:02 [__init__.py:244] Automatically detected platform rocm.
[0;31mE20250901 22:24:17.464635 140667772737280 output_stream.cpp:105] Opened result file: ./profiles/standalone_attn_prefill_and_decode_tp8_prefill_then_decode4_2048_32_204832_kernel_trace.csv
[m[0;31mE20250901 22:24:17.471618 140667772737280 output_stream.cpp:105] Opened result file: ./profiles/standalone_attn_prefill_and_decode_tp8_prefill_then_decode4_2048_32_204832_agent_info.csv
[m[0;33mW20250901 22:24:26.388531 140667772737280 tool.cpp:1902] rocprofv3_error_signal_handler caught signal 11...
[m# ---- Run standalone_attn_prefill_and_decode_tp8_prefill_then_decode4_2048_32_409632 ----
INFO 09-01 22:24:31 [__init__.py:244] Automatically detected platform rocm.
[0;31mE20250901 22:24:46.304903 140358884493056 output_stream.cpp:105] Opened result file: ./profiles/standalone_attn_prefill_and_decode_tp8_prefill_then_decode4_2048_32_409632_kernel_trace.csv
[m[0;31mE20250901 22:24:46.311679 140358884493056 output_stream.cpp:105] Opened result file: ./profiles/standalone_attn_prefill_and_decode_tp8_prefill_then_decode4_2048_32_409632_agent_info.csv
[m[0;33mW20250901 22:24:54.906672 140358884493056 tool.cpp:1902] rocprofv3_error_signal_handler caught signal 11...
[m# ---- Run standalone_attn_prefill_and_decode_tp8_prefill_then_decode4_2048_32_819232 ----
INFO 09-01 22:24:59 [__init__.py:244] Automatically detected platform rocm.
[0;31mE20250901 22:25:15.145336 139827794306816 output_stream.cpp:105] Opened result file: ./profiles/standalone_attn_prefill_and_decode_tp8_prefill_then_decode4_2048_32_819232_kernel_trace.csv
[m[0;31mE20250901 22:25:15.152168 139827794306816 output_stream.cpp:105] Opened result file: ./profiles/standalone_attn_prefill_and_decode_tp8_prefill_then_decode4_2048_32_819232_agent_info.csv
[m[0;33mW20250901 22:25:24.006475 139827794306816 tool.cpp:1902] rocprofv3_error_signal_handler caught signal 11...
[m# ---- Run standalone_attn_prefill_and_decode_tp8_prefill_then_decode4_2048_64_25632 ----
INFO 09-01 22:25:28 [__init__.py:244] Automatically detected platform rocm.
[0;31mE20250901 22:25:43.821541 140505997076224 output_stream.cpp:105] Opened result file: ./profiles/standalone_attn_prefill_and_decode_tp8_prefill_then_decode4_2048_64_25632_kernel_trace.csv
[m[0;31mE20250901 22:25:43.828513 140505997076224 output_stream.cpp:105] Opened result file: ./profiles/standalone_attn_prefill_and_decode_tp8_prefill_then_decode4_2048_64_25632_agent_info.csv
[m[0;33mW20250901 22:25:52.500146 140505997076224 tool.cpp:1902] rocprofv3_error_signal_handler caught signal 11...
[m# ---- Run standalone_attn_prefill_and_decode_tp8_prefill_then_decode4_2048_64_51232 ----
INFO 09-01 22:25:57 [__init__.py:244] Automatically detected platform rocm.
[0;31mE20250901 22:26:12.603180 140382596290304 output_stream.cpp:105] Opened result file: ./profiles/standalone_attn_prefill_and_decode_tp8_prefill_then_decode4_2048_64_51232_kernel_trace.csv
[m[0;31mE20250901 22:26:12.610000 140382596290304 output_stream.cpp:105] Opened result file: ./profiles/standalone_attn_prefill_and_decode_tp8_prefill_then_decode4_2048_64_51232_agent_info.csv
[m[0;33mW20250901 22:26:21.293317 140382596290304 tool.cpp:1902] rocprofv3_error_signal_handler caught signal 11...
[m# ---- Run standalone_attn_prefill_and_decode_tp8_prefill_then_decode4_2048_64_102432 ----
INFO 09-01 22:26:26 [__init__.py:244] Automatically detected platform rocm.
[0;31mE20250901 22:26:41.270659 140022285326080 output_stream.cpp:105] Opened result file: ./profiles/standalone_attn_prefill_and_decode_tp8_prefill_then_decode4_2048_64_102432_kernel_trace.csv
[m[0;31mE20250901 22:26:41.277479 140022285326080 output_stream.cpp:105] Opened result file: ./profiles/standalone_attn_prefill_and_decode_tp8_prefill_then_decode4_2048_64_102432_agent_info.csv
[m[0;33mW20250901 22:26:49.666632 140022285326080 tool.cpp:1902] rocprofv3_error_signal_handler caught signal 11...
[m# ---- Run standalone_attn_prefill_and_decode_tp8_prefill_then_decode4_2048_64_204832 ----
INFO 09-01 22:26:54 [__init__.py:244] Automatically detected platform rocm.
[0;31mE20250901 22:27:09.342438 140207327381248 output_stream.cpp:105] Opened result file: ./profiles/standalone_attn_prefill_and_decode_tp8_prefill_then_decode4_2048_64_204832_kernel_trace.csv
[m[0;31mE20250901 22:27:09.349414 140207327381248 output_stream.cpp:105] Opened result file: ./profiles/standalone_attn_prefill_and_decode_tp8_prefill_then_decode4_2048_64_204832_agent_info.csv
[m[0;33mW20250901 22:27:17.970665 140207327381248 tool.cpp:1902] rocprofv3_error_signal_handler caught signal 11...
[m# ---- Run standalone_attn_prefill_and_decode_tp8_prefill_then_decode4_2048_64_409632 ----
INFO 09-01 22:27:22 [__init__.py:244] Automatically detected platform rocm.
[0;31mE20250901 22:27:37.654414 140259198121728 output_stream.cpp:105] Opened result file: ./profiles/standalone_attn_prefill_and_decode_tp8_prefill_then_decode4_2048_64_409632_kernel_trace.csv
[m[0;31mE20250901 22:27:37.661222 140259198121728 output_stream.cpp:105] Opened result file: ./profiles/standalone_attn_prefill_and_decode_tp8_prefill_then_decode4_2048_64_409632_agent_info.csv
[m[0;33mW20250901 22:27:46.340687 140259198121728 tool.cpp:1902] rocprofv3_error_signal_handler caught signal 11...
[m# ---- Run standalone_attn_prefill_and_decode_tp8_prefill_then_decode4_2048_64_819232 ----
INFO 09-01 22:27:51 [__init__.py:244] Automatically detected platform rocm.
[0;31mE20250901 22:28:06.141599 139821120534272 output_stream.cpp:105] Opened result file: ./profiles/standalone_attn_prefill_and_decode_tp8_prefill_then_decode4_2048_64_819232_kernel_trace.csv
[m[0;31mE20250901 22:28:06.148573 139821120534272 output_stream.cpp:105] Opened result file: ./profiles/standalone_attn_prefill_and_decode_tp8_prefill_then_decode4_2048_64_819232_agent_info.csv
[m[0;33mW20250901 22:28:14.519918 139821120534272 tool.cpp:1902] rocprofv3_error_signal_handler caught signal 11...
[m# ---- Run standalone_attn_prefill_and_decode_tp8_prefill_then_decode4_2048_128_25632 ----
INFO 09-01 22:28:19 [__init__.py:244] Automatically detected platform rocm.
[0;31mE20250901 22:28:33.907693 140222949967616 output_stream.cpp:105] Opened result file: ./profiles/standalone_attn_prefill_and_decode_tp8_prefill_then_decode4_2048_128_25632_kernel_trace.csv
[m[0;31mE20250901 22:28:33.914828 140222949967616 output_stream.cpp:105] Opened result file: ./profiles/standalone_attn_prefill_and_decode_tp8_prefill_then_decode4_2048_128_25632_agent_info.csv
[m[0;33mW20250901 22:28:42.525612 140222949967616 tool.cpp:1902] rocprofv3_error_signal_handler caught signal 11...
[m# ---- Run standalone_attn_prefill_and_decode_tp8_prefill_then_decode4_2048_128_51232 ----
INFO 09-01 22:28:47 [__init__.py:244] Automatically detected platform rocm.
[0;31mE20250901 22:29:02.060662 140559096502016 output_stream.cpp:105] Opened result file: ./profiles/standalone_attn_prefill_and_decode_tp8_prefill_then_decode4_2048_128_51232_kernel_trace.csv
[m[0;31mE20250901 22:29:02.067924 140559096502016 output_stream.cpp:105] Opened result file: ./profiles/standalone_attn_prefill_and_decode_tp8_prefill_then_decode4_2048_128_51232_agent_info.csv
[m[0;33mW20250901 22:29:10.743287 140559096502016 tool.cpp:1902] rocprofv3_error_signal_handler caught signal 11...
[m# ---- Run standalone_attn_prefill_and_decode_tp8_prefill_then_decode4_2048_128_102432 ----
INFO 09-01 22:29:15 [__init__.py:244] Automatically detected platform rocm.
[0;31mE20250901 22:29:30.291120 140547077744384 output_stream.cpp:105] Opened result file: ./profiles/standalone_attn_prefill_and_decode_tp8_prefill_then_decode4_2048_128_102432_kernel_trace.csv
[m[0;31mE20250901 22:29:30.297799 140547077744384 output_stream.cpp:105] Opened result file: ./profiles/standalone_attn_prefill_and_decode_tp8_prefill_then_decode4_2048_128_102432_agent_info.csv
[m[0;33mW20250901 22:29:38.753746 140547077744384 tool.cpp:1902] rocprofv3_error_signal_handler caught signal 11...
[m# ---- Run standalone_attn_prefill_and_decode_tp8_prefill_then_decode4_2048_128_204832 ----
INFO 09-01 22:29:43 [__init__.py:244] Automatically detected platform rocm.
[0;31mE20250901 22:29:58.173348 139908066461440 output_stream.cpp:105] Opened result file: ./profiles/standalone_attn_prefill_and_decode_tp8_prefill_then_decode4_2048_128_204832_kernel_trace.csv
[m[0;31mE20250901 22:29:58.179314 139908066461440 output_stream.cpp:105] Opened result file: ./profiles/standalone_attn_prefill_and_decode_tp8_prefill_then_decode4_2048_128_204832_agent_info.csv
[m[0;33mW20250901 22:30:07.046417 139908066461440 tool.cpp:1902] rocprofv3_error_signal_handler caught signal 11...
[m# ---- Run standalone_attn_prefill_and_decode_tp8_prefill_then_decode4_2048_128_409632 ----
INFO 09-01 22:30:11 [__init__.py:244] Automatically detected platform rocm.
[0;31mE20250901 22:30:26.600738 140097668458240 output_stream.cpp:105] Opened result file: ./profiles/standalone_attn_prefill_and_decode_tp8_prefill_then_decode4_2048_128_409632_kernel_trace.csv
[m[0;31mE20250901 22:30:26.606902 140097668458240 output_stream.cpp:105] Opened result file: ./profiles/standalone_attn_prefill_and_decode_tp8_prefill_then_decode4_2048_128_409632_agent_info.csv
[m[0;33mW20250901 22:30:35.370613 140097668458240 tool.cpp:1902] rocprofv3_error_signal_handler caught signal 11...
[m# ---- Run standalone_attn_prefill_and_decode_tp8_prefill_then_decode4_2048_128_819232 ----
INFO 09-01 22:30:40 [__init__.py:244] Automatically detected platform rocm.
[0;31mE20250901 22:30:54.954627 139665000318720 output_stream.cpp:105] Opened result file: ./profiles/standalone_attn_prefill_and_decode_tp8_prefill_then_decode4_2048_128_819232_kernel_trace.csv
[m[0;31mE20250901 22:30:54.961461 139665000318720 output_stream.cpp:105] Opened result file: ./profiles/standalone_attn_prefill_and_decode_tp8_prefill_then_decode4_2048_128_819232_agent_info.csv
[m[0;33mW20250901 22:31:03.871187 139665000318720 tool.cpp:1902] rocprofv3_error_signal_handler caught signal 11...
[m# ---- Run standalone_attn_prefill_and_decode_tp8_prefill_then_decode4_4096_1_25632 ----
INFO 09-01 22:31:08 [__init__.py:244] Automatically detected platform rocm.
[0;31mE20250901 22:31:23.836893 139715399448320 output_stream.cpp:105] Opened result file: ./profiles/standalone_attn_prefill_and_decode_tp8_prefill_then_decode4_4096_1_25632_kernel_trace.csv
[m[0;31mE20250901 22:31:23.842924 139715399448320 output_stream.cpp:105] Opened result file: ./profiles/standalone_attn_prefill_and_decode_tp8_prefill_then_decode4_4096_1_25632_agent_info.csv
[m[0;33mW20250901 22:31:32.436172 139715399448320 tool.cpp:1902] rocprofv3_error_signal_handler caught signal 11...
[m# ---- Run standalone_attn_prefill_and_decode_tp8_prefill_then_decode4_4096_1_51232 ----
INFO 09-01 22:31:37 [__init__.py:244] Automatically detected platform rocm.
[0;31mE20250901 22:31:52.490903 140572571748096 output_stream.cpp:105] Opened result file: ./profiles/standalone_attn_prefill_and_decode_tp8_prefill_then_decode4_4096_1_51232_kernel_trace.csv
[m[0;31mE20250901 22:31:52.496968 140572571748096 output_stream.cpp:105] Opened result file: ./profiles/standalone_attn_prefill_and_decode_tp8_prefill_then_decode4_4096_1_51232_agent_info.csv
[m[0;33mW20250901 22:32:01.381284 140572571748096 tool.cpp:1902] rocprofv3_error_signal_handler caught signal 11...
[m# ---- Run standalone_attn_prefill_and_decode_tp8_prefill_then_decode4_4096_1_102432 ----
INFO 09-01 22:32:06 [__init__.py:244] Automatically detected platform rocm.
[0;31mE20250901 22:32:21.110086 140457232516864 output_stream.cpp:105] Opened result file: ./profiles/standalone_attn_prefill_and_decode_tp8_prefill_then_decode4_4096_1_102432_kernel_trace.csv
[m[0;31mE20250901 22:32:21.116049 140457232516864 output_stream.cpp:105] Opened result file: ./profiles/standalone_attn_prefill_and_decode_tp8_prefill_then_decode4_4096_1_102432_agent_info.csv
[m[0;33mW20250901 22:32:29.592690 140457232516864 tool.cpp:1902] rocprofv3_error_signal_handler caught signal 11...
[m# ---- Run standalone_attn_prefill_and_decode_tp8_prefill_then_decode4_4096_1_204832 ----
INFO 09-01 22:32:34 [__init__.py:244] Automatically detected platform rocm.
[0;31mE20250901 22:32:49.587742 140544204187392 output_stream.cpp:105] Opened result file: ./profiles/standalone_attn_prefill_and_decode_tp8_prefill_then_decode4_4096_1_204832_kernel_trace.csv
[m[0;31mE20250901 22:32:49.593656 140544204187392 output_stream.cpp:105] Opened result file: ./profiles/standalone_attn_prefill_and_decode_tp8_prefill_then_decode4_4096_1_204832_agent_info.csv
[m[0;33mW20250901 22:32:58.479423 140544204187392 tool.cpp:1902] rocprofv3_error_signal_handler caught signal 11...
[m# ---- Run standalone_attn_prefill_and_decode_tp8_prefill_then_decode4_4096_1_409632 ----
INFO 09-01 22:33:03 [__init__.py:244] Automatically detected platform rocm.
[0;31mE20250901 22:33:18.745930 140176382191360 output_stream.cpp:105] Opened result file: ./profiles/standalone_attn_prefill_and_decode_tp8_prefill_then_decode4_4096_1_409632_kernel_trace.csv
[m[0;31mE20250901 22:33:18.751970 140176382191360 output_stream.cpp:105] Opened result file: ./profiles/standalone_attn_prefill_and_decode_tp8_prefill_then_decode4_4096_1_409632_agent_info.csv
[m[0;33mW20250901 22:33:27.583895 140176382191360 tool.cpp:1902] rocprofv3_error_signal_handler caught signal 11...
[m# ---- Run standalone_attn_prefill_and_decode_tp8_prefill_then_decode4_4096_1_819232 ----
INFO 09-01 22:33:32 [__init__.py:244] Automatically detected platform rocm.
[0;31mE20250901 22:33:48.085281 140100422784768 output_stream.cpp:105] Opened result file: ./profiles/standalone_attn_prefill_and_decode_tp8_prefill_then_decode4_4096_1_819232_kernel_trace.csv
[m[0;31mE20250901 22:33:48.092150 140100422784768 output_stream.cpp:105] Opened result file: ./profiles/standalone_attn_prefill_and_decode_tp8_prefill_then_decode4_4096_1_819232_agent_info.csv
[m[0;33mW20250901 22:33:56.960825 140100422784768 tool.cpp:1902] rocprofv3_error_signal_handler caught signal 11...
[m# ---- Run standalone_attn_prefill_and_decode_tp8_prefill_then_decode4_4096_2_25632 ----
INFO 09-01 22:34:01 [__init__.py:244] Automatically detected platform rocm.
[0;31mE20250901 22:34:16.839595 139924784379648 output_stream.cpp:105] Opened result file: ./profiles/standalone_attn_prefill_and_decode_tp8_prefill_then_decode4_4096_2_25632_kernel_trace.csv
[m[0;31mE20250901 22:34:16.846528 139924784379648 output_stream.cpp:105] Opened result file: ./profiles/standalone_attn_prefill_and_decode_tp8_prefill_then_decode4_4096_2_25632_agent_info.csv
[m[0;33mW20250901 22:34:25.774304 139924784379648 tool.cpp:1902] rocprofv3_error_signal_handler caught signal 11...
[m# ---- Run standalone_attn_prefill_and_decode_tp8_prefill_then_decode4_4096_2_51232 ----
INFO 09-01 22:34:30 [__init__.py:244] Automatically detected platform rocm.
[0;31mE20250901 22:34:45.773709 139884719130368 output_stream.cpp:105] Opened result file: ./profiles/standalone_attn_prefill_and_decode_tp8_prefill_then_decode4_4096_2_51232_kernel_trace.csv
[m[0;31mE20250901 22:34:45.780503 139884719130368 output_stream.cpp:105] Opened result file: ./profiles/standalone_attn_prefill_and_decode_tp8_prefill_then_decode4_4096_2_51232_agent_info.csv
[m[0;33mW20250901 22:34:54.478532 139884719130368 tool.cpp:1902] rocprofv3_error_signal_handler caught signal 11...
[m# ---- Run standalone_attn_prefill_and_decode_tp8_prefill_then_decode4_4096_2_102432 ----
INFO 09-01 22:34:59 [__init__.py:244] Automatically detected platform rocm.
[0;31mE20250901 22:35:14.256146 140477176661760 output_stream.cpp:105] Opened result file: ./profiles/standalone_attn_prefill_and_decode_tp8_prefill_then_decode4_4096_2_102432_kernel_trace.csv
[m[0;31mE20250901 22:35:14.263379 140477176661760 output_stream.cpp:105] Opened result file: ./profiles/standalone_attn_prefill_and_decode_tp8_prefill_then_decode4_4096_2_102432_agent_info.csv
[m[0;33mW20250901 22:35:23.108054 140477176661760 tool.cpp:1902] rocprofv3_error_signal_handler caught signal 11...
[m# ---- Run standalone_attn_prefill_and_decode_tp8_prefill_then_decode4_4096_2_204832 ----
INFO 09-01 22:35:27 [__init__.py:244] Automatically detected platform rocm.
[0;31mE20250901 22:35:42.890970 140003635537664 output_stream.cpp:105] Opened result file: ./profiles/standalone_attn_prefill_and_decode_tp8_prefill_then_decode4_4096_2_204832_kernel_trace.csv
[m[0;31mE20250901 22:35:42.898403 140003635537664 output_stream.cpp:105] Opened result file: ./profiles/standalone_attn_prefill_and_decode_tp8_prefill_then_decode4_4096_2_204832_agent_info.csv
[m[0;33mW20250901 22:35:52.021550 140003635537664 tool.cpp:1902] rocprofv3_error_signal_handler caught signal 11...
[m# ---- Run standalone_attn_prefill_and_decode_tp8_prefill_then_decode4_4096_2_409632 ----
INFO 09-01 22:35:56 [__init__.py:244] Automatically detected platform rocm.
[0;31mE20250901 22:36:12.076810 140320229189376 output_stream.cpp:105] Opened result file: ./profiles/standalone_attn_prefill_and_decode_tp8_prefill_then_decode4_4096_2_409632_kernel_trace.csv
[m[0;31mE20250901 22:36:12.083937 140320229189376 output_stream.cpp:105] Opened result file: ./profiles/standalone_attn_prefill_and_decode_tp8_prefill_then_decode4_4096_2_409632_agent_info.csv
[m[0;33mW20250901 22:36:20.573736 140320229189376 tool.cpp:1902] rocprofv3_error_signal_handler caught signal 11...
[m# ---- Run standalone_attn_prefill_and_decode_tp8_prefill_then_decode4_4096_2_819232 ----
INFO 09-01 22:36:25 [__init__.py:244] Automatically detected platform rocm.
[0;31mE20250901 22:36:40.704879 139818239338240 output_stream.cpp:105] Opened result file: ./profiles/standalone_attn_prefill_and_decode_tp8_prefill_then_decode4_4096_2_819232_kernel_trace.csv
[m[0;31mE20250901 22:36:40.711864 139818239338240 output_stream.cpp:105] Opened result file: ./profiles/standalone_attn_prefill_and_decode_tp8_prefill_then_decode4_4096_2_819232_agent_info.csv
[m[0;33mW20250901 22:36:49.074309 139818239338240 tool.cpp:1902] rocprofv3_error_signal_handler caught signal 11...
[m# ---- Run standalone_attn_prefill_and_decode_tp8_prefill_then_decode4_4096_4_25632 ----
INFO 09-01 22:36:53 [__init__.py:244] Automatically detected platform rocm.
[0;31mE20250901 22:37:08.999230 140614193297152 output_stream.cpp:105] Opened result file: ./profiles/standalone_attn_prefill_and_decode_tp8_prefill_then_decode4_4096_4_25632_kernel_trace.csv
[m[0;31mE20250901 22:37:09.005072 140614193297152 output_stream.cpp:105] Opened result file: ./profiles/standalone_attn_prefill_and_decode_tp8_prefill_then_decode4_4096_4_25632_agent_info.csv
[m[0;33mW20250901 22:37:17.534784 140614193297152 tool.cpp:1902] rocprofv3_error_signal_handler caught signal 11...
[m# ---- Run standalone_attn_prefill_and_decode_tp8_prefill_then_decode4_4096_4_51232 ----
INFO 09-01 22:37:22 [__init__.py:244] Automatically detected platform rocm.
[0;31mE20250901 22:37:37.499912 140385310230272 output_stream.cpp:105] Opened result file: ./profiles/standalone_attn_prefill_and_decode_tp8_prefill_then_decode4_4096_4_51232_kernel_trace.csv
[m[0;31mE20250901 22:37:37.506008 140385310230272 output_stream.cpp:105] Opened result file: ./profiles/standalone_attn_prefill_and_decode_tp8_prefill_then_decode4_4096_4_51232_agent_info.csv
[m[0;33mW20250901 22:37:46.194676 140385310230272 tool.cpp:1902] rocprofv3_error_signal_handler caught signal 11...
[m# ---- Run standalone_attn_prefill_and_decode_tp8_prefill_then_decode4_4096_4_102432 ----
INFO 09-01 22:37:50 [__init__.py:244] Automatically detected platform rocm.
[0;31mE20250901 22:38:06.224060 140055955912448 output_stream.cpp:105] Opened result file: ./profiles/standalone_attn_prefill_and_decode_tp8_prefill_then_decode4_4096_4_102432_kernel_trace.csv
[m[0;31mE20250901 22:38:06.230097 140055955912448 output_stream.cpp:105] Opened result file: ./profiles/standalone_attn_prefill_and_decode_tp8_prefill_then_decode4_4096_4_102432_agent_info.csv
[m[0;33mW20250901 22:38:14.910524 140055955912448 tool.cpp:1902] rocprofv3_error_signal_handler caught signal 11...
[m# ---- Run standalone_attn_prefill_and_decode_tp8_prefill_then_decode4_4096_4_204832 ----
INFO 09-01 22:38:19 [__init__.py:244] Automatically detected platform rocm.
[0;31mE20250901 22:38:34.814603 139696702924544 output_stream.cpp:105] Opened result file: ./profiles/standalone_attn_prefill_and_decode_tp8_prefill_then_decode4_4096_4_204832_kernel_trace.csv
[m[0;31mE20250901 22:38:34.820591 139696702924544 output_stream.cpp:105] Opened result file: ./profiles/standalone_attn_prefill_and_decode_tp8_prefill_then_decode4_4096_4_204832_agent_info.csv
[m[0;33mW20250901 22:38:43.647819 139696702924544 tool.cpp:1902] rocprofv3_error_signal_handler caught signal 11...
[m# ---- Run standalone_attn_prefill_and_decode_tp8_prefill_then_decode4_4096_4_409632 ----
INFO 09-01 22:38:48 [__init__.py:244] Automatically detected platform rocm.
[0;31mE20250901 22:39:03.784544 140443431266048 output_stream.cpp:105] Opened result file: ./profiles/standalone_attn_prefill_and_decode_tp8_prefill_then_decode4_4096_4_409632_kernel_trace.csv
[m[0;31mE20250901 22:39:03.790311 140443431266048 output_stream.cpp:105] Opened result file: ./profiles/standalone_attn_prefill_and_decode_tp8_prefill_then_decode4_4096_4_409632_agent_info.csv
[m[0;33mW20250901 22:39:12.614916 140443431266048 tool.cpp:1902] rocprofv3_error_signal_handler caught signal 11...
[m# ---- Run standalone_attn_prefill_and_decode_tp8_prefill_then_decode4_4096_4_819232 ----
INFO 09-01 22:39:17 [__init__.py:244] Automatically detected platform rocm.
[0;31mE20250901 22:39:32.798699 140072453158656 output_stream.cpp:105] Opened result file: ./profiles/standalone_attn_prefill_and_decode_tp8_prefill_then_decode4_4096_4_819232_kernel_trace.csv
[m[0;31mE20250901 22:39:32.804805 140072453158656 output_stream.cpp:105] Opened result file: ./profiles/standalone_attn_prefill_and_decode_tp8_prefill_then_decode4_4096_4_819232_agent_info.csv
[m[0;33mW20250901 22:39:42.049302 140072453158656 tool.cpp:1902] rocprofv3_error_signal_handler caught signal 11...
[m# ---- Run standalone_attn_prefill_and_decode_tp8_prefill_then_decode4_4096_8_25632 ----
INFO 09-01 22:39:46 [__init__.py:244] Automatically detected platform rocm.
[0;31mE20250901 22:40:02.169361 140383199209216 output_stream.cpp:105] Opened result file: ./profiles/standalone_attn_prefill_and_decode_tp8_prefill_then_decode4_4096_8_25632_kernel_trace.csv
[m[0;31mE20250901 22:40:02.176149 140383199209216 output_stream.cpp:105] Opened result file: ./profiles/standalone_attn_prefill_and_decode_tp8_prefill_then_decode4_4096_8_25632_agent_info.csv
[m[0;33mW20250901 22:40:11.304911 140383199209216 tool.cpp:1902] rocprofv3_error_signal_handler caught signal 11...
[m# ---- Run standalone_attn_prefill_and_decode_tp8_prefill_then_decode4_4096_8_51232 ----
INFO 09-01 22:40:16 [__init__.py:244] Automatically detected platform rocm.
[0;31mE20250901 22:40:31.155123 140302460921600 output_stream.cpp:105] Opened result file: ./profiles/standalone_attn_prefill_and_decode_tp8_prefill_then_decode4_4096_8_51232_kernel_trace.csv
[m[0;31mE20250901 22:40:31.162009 140302460921600 output_stream.cpp:105] Opened result file: ./profiles/standalone_attn_prefill_and_decode_tp8_prefill_then_decode4_4096_8_51232_agent_info.csv
[m[0;33mW20250901 22:40:39.792453 140302460921600 tool.cpp:1902] rocprofv3_error_signal_handler caught signal 11...
[m# ---- Run standalone_attn_prefill_and_decode_tp8_prefill_then_decode4_4096_8_102432 ----
INFO 09-01 22:40:44 [__init__.py:244] Automatically detected platform rocm.
[0;31mE20250901 22:40:59.713365 139905664562944 output_stream.cpp:105] Opened result file: ./profiles/standalone_attn_prefill_and_decode_tp8_prefill_then_decode4_4096_8_102432_kernel_trace.csv
[m[0;31mE20250901 22:40:59.719998 139905664562944 output_stream.cpp:105] Opened result file: ./profiles/standalone_attn_prefill_and_decode_tp8_prefill_then_decode4_4096_8_102432_agent_info.csv
[m[0;33mW20250901 22:41:08.416330 139905664562944 tool.cpp:1902] rocprofv3_error_signal_handler caught signal 11...
[m# ---- Run standalone_attn_prefill_and_decode_tp8_prefill_then_decode4_4096_8_204832 ----
INFO 09-01 22:41:13 [__init__.py:244] Automatically detected platform rocm.
[0;31mE20250901 22:41:28.335140 139840108795648 output_stream.cpp:105] Opened result file: ./profiles/standalone_attn_prefill_and_decode_tp8_prefill_then_decode4_4096_8_204832_kernel_trace.csv
[m[0;31mE20250901 22:41:28.341841 139840108795648 output_stream.cpp:105] Opened result file: ./profiles/standalone_attn_prefill_and_decode_tp8_prefill_then_decode4_4096_8_204832_agent_info.csv
[m[0;33mW20250901 22:41:36.778475 139840108795648 tool.cpp:1902] rocprofv3_error_signal_handler caught signal 11...
[m# ---- Run standalone_attn_prefill_and_decode_tp8_prefill_then_decode4_4096_8_409632 ----
INFO 09-01 22:41:41 [__init__.py:244] Automatically detected platform rocm.
[0;31mE20250901 22:41:56.933482 140619067569920 output_stream.cpp:105] Opened result file: ./profiles/standalone_attn_prefill_and_decode_tp8_prefill_then_decode4_4096_8_409632_kernel_trace.csv
[m[0;31mE20250901 22:41:56.940209 140619067569920 output_stream.cpp:105] Opened result file: ./profiles/standalone_attn_prefill_and_decode_tp8_prefill_then_decode4_4096_8_409632_agent_info.csv
[m[0;33mW20250901 22:42:05.466409 140619067569920 tool.cpp:1902] rocprofv3_error_signal_handler caught signal 11...
[m# ---- Run standalone_attn_prefill_and_decode_tp8_prefill_then_decode4_4096_8_819232 ----
INFO 09-01 22:42:10 [__init__.py:244] Automatically detected platform rocm.
[0;31mE20250901 22:42:25.756376 140671304767232 output_stream.cpp:105] Opened result file: ./profiles/standalone_attn_prefill_and_decode_tp8_prefill_then_decode4_4096_8_819232_kernel_trace.csv
[m[0;31mE20250901 22:42:25.763574 140671304767232 output_stream.cpp:105] Opened result file: ./profiles/standalone_attn_prefill_and_decode_tp8_prefill_then_decode4_4096_8_819232_agent_info.csv
[m[0;33mW20250901 22:42:34.658331 140671304767232 tool.cpp:1902] rocprofv3_error_signal_handler caught signal 11...
[m# ---- Run standalone_attn_prefill_and_decode_tp8_prefill_then_decode4_4096_16_25632 ----
INFO 09-01 22:42:39 [__init__.py:244] Automatically detected platform rocm.
[0;31mE20250901 22:42:54.835607 140561403094784 output_stream.cpp:105] Opened result file: ./profiles/standalone_attn_prefill_and_decode_tp8_prefill_then_decode4_4096_16_25632_kernel_trace.csv
[m[0;31mE20250901 22:42:54.842325 140561403094784 output_stream.cpp:105] Opened result file: ./profiles/standalone_attn_prefill_and_decode_tp8_prefill_then_decode4_4096_16_25632_agent_info.csv
[m[0;33mW20250901 22:43:03.759559 140561403094784 tool.cpp:1902] rocprofv3_error_signal_handler caught signal 11...
[m# ---- Run standalone_attn_prefill_and_decode_tp8_prefill_then_decode4_4096_16_51232 ----
INFO 09-01 22:43:08 [__init__.py:244] Automatically detected platform rocm.
[0;31mE20250901 22:43:24.220365 140473777800960 output_stream.cpp:105] Opened result file: ./profiles/standalone_attn_prefill_and_decode_tp8_prefill_then_decode4_4096_16_51232_kernel_trace.csv
[m[0;31mE20250901 22:43:24.227173 140473777800960 output_stream.cpp:105] Opened result file: ./profiles/standalone_attn_prefill_and_decode_tp8_prefill_then_decode4_4096_16_51232_agent_info.csv
[m[0;33mW20250901 22:43:32.696369 140473777800960 tool.cpp:1902] rocprofv3_error_signal_handler caught signal 11...
[m# ---- Run standalone_attn_prefill_and_decode_tp8_prefill_then_decode4_4096_16_102432 ----
INFO 09-01 22:43:37 [__init__.py:244] Automatically detected platform rocm.
[0;31mE20250901 22:43:52.941432 139841694369536 output_stream.cpp:105] Opened result file: ./profiles/standalone_attn_prefill_and_decode_tp8_prefill_then_decode4_4096_16_102432_kernel_trace.csv
[m[0;31mE20250901 22:43:52.948302 139841694369536 output_stream.cpp:105] Opened result file: ./profiles/standalone_attn_prefill_and_decode_tp8_prefill_then_decode4_4096_16_102432_agent_info.csv
[m[0;33mW20250901 22:44:01.465176 139841694369536 tool.cpp:1902] rocprofv3_error_signal_handler caught signal 11...
[m# ---- Run standalone_attn_prefill_and_decode_tp8_prefill_then_decode4_4096_16_204832 ----
INFO 09-01 22:44:06 [__init__.py:244] Automatically detected platform rocm.
[0;31mE20250901 22:44:21.658923 140143266055936 output_stream.cpp:105] Opened result file: ./profiles/standalone_attn_prefill_and_decode_tp8_prefill_then_decode4_4096_16_204832_kernel_trace.csv
[m[0;31mE20250901 22:44:21.665720 140143266055936 output_stream.cpp:105] Opened result file: ./profiles/standalone_attn_prefill_and_decode_tp8_prefill_then_decode4_4096_16_204832_agent_info.csv
[m[0;33mW20250901 22:44:30.171851 140143266055936 tool.cpp:1902] rocprofv3_error_signal_handler caught signal 11...
[m# ---- Run standalone_attn_prefill_and_decode_tp8_prefill_then_decode4_4096_16_409632 ----
INFO 09-01 22:44:35 [__init__.py:244] Automatically detected platform rocm.
[0;31mE20250901 22:44:50.602202 139720807696128 output_stream.cpp:105] Opened result file: ./profiles/standalone_attn_prefill_and_decode_tp8_prefill_then_decode4_4096_16_409632_kernel_trace.csv
[m[0;31mE20250901 22:44:50.609143 139720807696128 output_stream.cpp:105] Opened result file: ./profiles/standalone_attn_prefill_and_decode_tp8_prefill_then_decode4_4096_16_409632_agent_info.csv
[m[0;33mW20250901 22:44:59.207578 139720807696128 tool.cpp:1902] rocprofv3_error_signal_handler caught signal 11...
[m# ---- Run standalone_attn_prefill_and_decode_tp8_prefill_then_decode4_4096_16_819232 ----
INFO 09-01 22:45:03 [__init__.py:244] Automatically detected platform rocm.
[0;31mE20250901 22:45:19.161281 140681091892992 output_stream.cpp:105] Opened result file: ./profiles/standalone_attn_prefill_and_decode_tp8_prefill_then_decode4_4096_16_819232_kernel_trace.csv
[m[0;31mE20250901 22:45:19.167354 140681091892992 output_stream.cpp:105] Opened result file: ./profiles/standalone_attn_prefill_and_decode_tp8_prefill_then_decode4_4096_16_819232_agent_info.csv
[m[0;33mW20250901 22:45:28.103990 140681091892992 tool.cpp:1902] rocprofv3_error_signal_handler caught signal 11...
[m# ---- Run standalone_attn_prefill_and_decode_tp8_prefill_then_decode4_4096_32_25632 ----
INFO 09-01 22:45:33 [__init__.py:244] Automatically detected platform rocm.
[0;31mE20250901 22:45:48.393160 140292094482176 output_stream.cpp:105] Opened result file: ./profiles/standalone_attn_prefill_and_decode_tp8_prefill_then_decode4_4096_32_25632_kernel_trace.csv
[m[0;31mE20250901 22:45:48.399166 140292094482176 output_stream.cpp:105] Opened result file: ./profiles/standalone_attn_prefill_and_decode_tp8_prefill_then_decode4_4096_32_25632_agent_info.csv
[m[0;33mW20250901 22:45:57.470982 140292094482176 tool.cpp:1902] rocprofv3_error_signal_handler caught signal 11...
[m# ---- Run standalone_attn_prefill_and_decode_tp8_prefill_then_decode4_4096_32_51232 ----
INFO 09-01 22:46:02 [__init__.py:244] Automatically detected platform rocm.
[0;31mE20250901 22:46:17.610396 139801613027072 output_stream.cpp:105] Opened result file: ./profiles/standalone_attn_prefill_and_decode_tp8_prefill_then_decode4_4096_32_51232_kernel_trace.csv
[m[0;31mE20250901 22:46:17.616468 139801613027072 output_stream.cpp:105] Opened result file: ./profiles/standalone_attn_prefill_and_decode_tp8_prefill_then_decode4_4096_32_51232_agent_info.csv
[m[0;33mW20250901 22:46:26.549518 139801613027072 tool.cpp:1902] rocprofv3_error_signal_handler caught signal 11...
[m# ---- Run standalone_attn_prefill_and_decode_tp8_prefill_then_decode4_4096_32_102432 ----
INFO 09-01 22:46:31 [__init__.py:244] Automatically detected platform rocm.
[0;31mE20250901 22:46:46.805922 139964953011968 output_stream.cpp:105] Opened result file: ./profiles/standalone_attn_prefill_and_decode_tp8_prefill_then_decode4_4096_32_102432_kernel_trace.csv
[m[0;31mE20250901 22:46:46.811971 139964953011968 output_stream.cpp:105] Opened result file: ./profiles/standalone_attn_prefill_and_decode_tp8_prefill_then_decode4_4096_32_102432_agent_info.csv
[m[0;33mW20250901 22:46:55.855621 139964953011968 tool.cpp:1902] rocprofv3_error_signal_handler caught signal 11...
[m# ---- Run standalone_attn_prefill_and_decode_tp8_prefill_then_decode4_4096_32_204832 ----
INFO 09-01 22:47:00 [__init__.py:244] Automatically detected platform rocm.
[0;31mE20250901 22:47:16.057551 140339503544064 output_stream.cpp:105] Opened result file: ./profiles/standalone_attn_prefill_and_decode_tp8_prefill_then_decode4_4096_32_204832_kernel_trace.csv
[m[0;31mE20250901 22:47:16.063654 140339503544064 output_stream.cpp:105] Opened result file: ./profiles/standalone_attn_prefill_and_decode_tp8_prefill_then_decode4_4096_32_204832_agent_info.csv
[m[0;33mW20250901 22:47:24.803610 140339503544064 tool.cpp:1902] rocprofv3_error_signal_handler caught signal 11...
[m# ---- Run standalone_attn_prefill_and_decode_tp8_prefill_then_decode4_4096_32_409632 ----
INFO 09-01 22:47:29 [__init__.py:244] Automatically detected platform rocm.
[0;31mE20250901 22:47:44.792525 140471474751232 output_stream.cpp:105] Opened result file: ./profiles/standalone_attn_prefill_and_decode_tp8_prefill_then_decode4_4096_32_409632_kernel_trace.csv
[m[0;31mE20250901 22:47:44.798468 140471474751232 output_stream.cpp:105] Opened result file: ./profiles/standalone_attn_prefill_and_decode_tp8_prefill_then_decode4_4096_32_409632_agent_info.csv
[m[0;33mW20250901 22:47:53.804450 140471474751232 tool.cpp:1902] rocprofv3_error_signal_handler caught signal 11...
[m# ---- Run standalone_attn_prefill_and_decode_tp8_prefill_then_decode4_4096_32_819232 ----
INFO 09-01 22:47:58 [__init__.py:244] Automatically detected platform rocm.
[0;31mE20250901 22:48:13.914893 140395860616960 output_stream.cpp:105] Opened result file: ./profiles/standalone_attn_prefill_and_decode_tp8_prefill_then_decode4_4096_32_819232_kernel_trace.csv
[m[0;31mE20250901 22:48:13.921884 140395860616960 output_stream.cpp:105] Opened result file: ./profiles/standalone_attn_prefill_and_decode_tp8_prefill_then_decode4_4096_32_819232_agent_info.csv
[m[0;33mW20250901 22:48:22.956790 140395860616960 tool.cpp:1902] rocprofv3_error_signal_handler caught signal 11...
[m# ---- Run standalone_attn_prefill_and_decode_tp8_prefill_then_decode4_4096_64_25632 ----
INFO 09-01 22:48:27 [__init__.py:244] Automatically detected platform rocm.
[0;31mE20250901 22:48:43.111236 139659979151104 output_stream.cpp:105] Opened result file: ./profiles/standalone_attn_prefill_and_decode_tp8_prefill_then_decode4_4096_64_25632_kernel_trace.csv
[m[0;31mE20250901 22:48:43.117258 139659979151104 output_stream.cpp:105] Opened result file: ./profiles/standalone_attn_prefill_and_decode_tp8_prefill_then_decode4_4096_64_25632_agent_info.csv
[m[0;33mW20250901 22:48:52.218463 139659979151104 tool.cpp:1902] rocprofv3_error_signal_handler caught signal 11...
[m# ---- Run standalone_attn_prefill_and_decode_tp8_prefill_then_decode4_4096_64_51232 ----
INFO 09-01 22:48:57 [__init__.py:244] Automatically detected platform rocm.
[0;31mE20250901 22:49:12.076387 140066305099520 output_stream.cpp:105] Opened result file: ./profiles/standalone_attn_prefill_and_decode_tp8_prefill_then_decode4_4096_64_51232_kernel_trace.csv
[m[0;31mE20250901 22:49:12.082578 140066305099520 output_stream.cpp:105] Opened result file: ./profiles/standalone_attn_prefill_and_decode_tp8_prefill_then_decode4_4096_64_51232_agent_info.csv
[m[0;33mW20250901 22:49:20.564961 140066305099520 tool.cpp:1902] rocprofv3_error_signal_handler caught signal 11...
[m# ---- Run standalone_attn_prefill_and_decode_tp8_prefill_then_decode4_4096_64_102432 ----
INFO 09-01 22:49:25 [__init__.py:244] Automatically detected platform rocm.
[0;31mE20250901 22:49:40.849638 139883088291584 output_stream.cpp:105] Opened result file: ./profiles/standalone_attn_prefill_and_decode_tp8_prefill_then_decode4_4096_64_102432_kernel_trace.csv
[m[0;31mE20250901 22:49:40.856742 139883088291584 output_stream.cpp:105] Opened result file: ./profiles/standalone_attn_prefill_and_decode_tp8_prefill_then_decode4_4096_64_102432_agent_info.csv
[m[0;33mW20250901 22:49:49.842175 139883088291584 tool.cpp:1902] rocprofv3_error_signal_handler caught signal 11...
[m# ---- Run standalone_attn_prefill_and_decode_tp8_prefill_then_decode4_4096_64_204832 ----
INFO 09-01 22:49:54 [__init__.py:244] Automatically detected platform rocm.
[0;31mE20250901 22:50:10.016835 140553997059840 output_stream.cpp:105] Opened result file: ./profiles/standalone_attn_prefill_and_decode_tp8_prefill_then_decode4_4096_64_204832_kernel_trace.csv
[m[0;31mE20250901 22:50:10.022951 140553997059840 output_stream.cpp:105] Opened result file: ./profiles/standalone_attn_prefill_and_decode_tp8_prefill_then_decode4_4096_64_204832_agent_info.csv
[m[0;33mW20250901 22:50:18.950958 140553997059840 tool.cpp:1902] rocprofv3_error_signal_handler caught signal 11...
[m# ---- Run standalone_attn_prefill_and_decode_tp8_prefill_then_decode4_4096_64_409632 ----
INFO 09-01 22:50:23 [__init__.py:244] Automatically detected platform rocm.
[0;31mE20250901 22:50:39.182230 139629743359744 output_stream.cpp:105] Opened result file: ./profiles/standalone_attn_prefill_and_decode_tp8_prefill_then_decode4_4096_64_409632_kernel_trace.csv
[m[0;31mE20250901 22:50:39.188248 139629743359744 output_stream.cpp:105] Opened result file: ./profiles/standalone_attn_prefill_and_decode_tp8_prefill_then_decode4_4096_64_409632_agent_info.csv
[m[0;33mW20250901 22:50:47.972496 139629743359744 tool.cpp:1902] rocprofv3_error_signal_handler caught signal 11...
[m# ---- Run standalone_attn_prefill_and_decode_tp8_prefill_then_decode4_4096_64_819232 ----
INFO 09-01 22:50:52 [__init__.py:244] Automatically detected platform rocm.
[0;31mE20250901 22:51:07.987503 140394661578496 output_stream.cpp:105] Opened result file: ./profiles/standalone_attn_prefill_and_decode_tp8_prefill_then_decode4_4096_64_819232_kernel_trace.csv
[m[0;31mE20250901 22:51:07.993616 140394661578496 output_stream.cpp:105] Opened result file: ./profiles/standalone_attn_prefill_and_decode_tp8_prefill_then_decode4_4096_64_819232_agent_info.csv
[m[0;33mW20250901 22:51:16.273721 140394661578496 tool.cpp:1902] rocprofv3_error_signal_handler caught signal 11...
[m# ---- Run standalone_attn_prefill_and_decode_tp8_prefill_then_decode4_4096_128_25632 ----
INFO 09-01 22:51:21 [__init__.py:244] Automatically detected platform rocm.
[0;31mE20250901 22:51:35.988332 139775196206848 output_stream.cpp:105] Opened result file: ./profiles/standalone_attn_prefill_and_decode_tp8_prefill_then_decode4_4096_128_25632_kernel_trace.csv
[m[0;31mE20250901 22:51:35.994292 139775196206848 output_stream.cpp:105] Opened result file: ./profiles/standalone_attn_prefill_and_decode_tp8_prefill_then_decode4_4096_128_25632_agent_info.csv
[m[0;33mW20250901 22:51:44.529133 139775196206848 tool.cpp:1902] rocprofv3_error_signal_handler caught signal 11...
[m# ---- Run standalone_attn_prefill_and_decode_tp8_prefill_then_decode4_4096_128_51232 ----
INFO 09-01 22:51:49 [__init__.py:244] Automatically detected platform rocm.
[0;31mE20250901 22:52:04.832000 140051360560896 output_stream.cpp:105] Opened result file: ./profiles/standalone_attn_prefill_and_decode_tp8_prefill_then_decode4_4096_128_51232_kernel_trace.csv
[m[0;31mE20250901 22:52:04.838989 140051360560896 output_stream.cpp:105] Opened result file: ./profiles/standalone_attn_prefill_and_decode_tp8_prefill_then_decode4_4096_128_51232_agent_info.csv
[m[0;33mW20250901 22:52:13.792356 140051360560896 tool.cpp:1902] rocprofv3_error_signal_handler caught signal 11...
[m# ---- Run standalone_attn_prefill_and_decode_tp8_prefill_then_decode4_4096_128_102432 ----
INFO 09-01 22:52:18 [__init__.py:244] Automatically detected platform rocm.
[0;31mE20250901 22:52:33.249147 139907190445824 output_stream.cpp:105] Opened result file: ./profiles/standalone_attn_prefill_and_decode_tp8_prefill_then_decode4_4096_128_102432_kernel_trace.csv
[m[0;31mE20250901 22:52:33.255923 139907190445824 output_stream.cpp:105] Opened result file: ./profiles/standalone_attn_prefill_and_decode_tp8_prefill_then_decode4_4096_128_102432_agent_info.csv
[m[0;33mW20250901 22:52:41.926100 139907190445824 tool.cpp:1902] rocprofv3_error_signal_handler caught signal 11...
[m# ---- Run standalone_attn_prefill_and_decode_tp8_prefill_then_decode4_4096_128_204832 ----
INFO 09-01 22:52:46 [__init__.py:244] Automatically detected platform rocm.
[0;31mE20250901 22:53:01.355921 140125117441792 output_stream.cpp:105] Opened result file: ./profiles/standalone_attn_prefill_and_decode_tp8_prefill_then_decode4_4096_128_204832_kernel_trace.csv
[m[0;31mE20250901 22:53:01.361851 140125117441792 output_stream.cpp:105] Opened result file: ./profiles/standalone_attn_prefill_and_decode_tp8_prefill_then_decode4_4096_128_204832_agent_info.csv
[m[0;33mW20250901 22:53:09.735698 140125117441792 tool.cpp:1902] rocprofv3_error_signal_handler caught signal 11...
[m# ---- Run standalone_attn_prefill_and_decode_tp8_prefill_then_decode4_4096_128_409632 ----
INFO 09-01 22:53:14 [__init__.py:244] Automatically detected platform rocm.
[0;31mE20250901 22:53:29.223561 140358710028032 output_stream.cpp:105] Opened result file: ./profiles/standalone_attn_prefill_and_decode_tp8_prefill_then_decode4_4096_128_409632_kernel_trace.csv
[m[0;31mE20250901 22:53:29.229509 140358710028032 output_stream.cpp:105] Opened result file: ./profiles/standalone_attn_prefill_and_decode_tp8_prefill_then_decode4_4096_128_409632_agent_info.csv
[m[0;33mW20250901 22:53:38.084321 140358710028032 tool.cpp:1902] rocprofv3_error_signal_handler caught signal 11...
[m# ---- Run standalone_attn_prefill_and_decode_tp8_prefill_then_decode4_4096_128_819232 ----
INFO 09-01 22:53:42 [__init__.py:244] Automatically detected platform rocm.
[0;31mE20250901 22:53:57.588390 140233981773568 output_stream.cpp:105] Opened result file: ./profiles/standalone_attn_prefill_and_decode_tp8_prefill_then_decode4_4096_128_819232_kernel_trace.csv
[m[0;31mE20250901 22:53:57.594403 140233981773568 output_stream.cpp:105] Opened result file: ./profiles/standalone_attn_prefill_and_decode_tp8_prefill_then_decode4_4096_128_819232_agent_info.csv
[m[0;33mW20250901 22:54:06.112042 140233981773568 tool.cpp:1902] rocprofv3_error_signal_handler caught signal 11...
[m# ---- Run standalone_attn_prefill_and_decode_tp8_prefill_then_decode4_8192_1_25632 ----
INFO 09-01 22:54:11 [__init__.py:244] Automatically detected platform rocm.
[0;31mE20250901 22:54:26.389412 140628683101952 output_stream.cpp:105] Opened result file: ./profiles/standalone_attn_prefill_and_decode_tp8_prefill_then_decode4_8192_1_25632_kernel_trace.csv
[m[0;31mE20250901 22:54:26.395393 140628683101952 output_stream.cpp:105] Opened result file: ./profiles/standalone_attn_prefill_and_decode_tp8_prefill_then_decode4_8192_1_25632_agent_info.csv
[m[0;33mW20250901 22:54:35.405277 140628683101952 tool.cpp:1902] rocprofv3_error_signal_handler caught signal 11...
[m# ---- Run standalone_attn_prefill_and_decode_tp8_prefill_then_decode4_8192_1_51232 ----
INFO 09-01 22:54:40 [__init__.py:244] Automatically detected platform rocm.
[0;31mE20250901 22:54:55.907809 140106964961024 output_stream.cpp:105] Opened result file: ./profiles/standalone_attn_prefill_and_decode_tp8_prefill_then_decode4_8192_1_51232_kernel_trace.csv
[m[0;31mE20250901 22:54:55.913630 140106964961024 output_stream.cpp:105] Opened result file: ./profiles/standalone_attn_prefill_and_decode_tp8_prefill_then_decode4_8192_1_51232_agent_info.csv
[m[0;33mW20250901 22:55:04.376323 140106964961024 tool.cpp:1902] rocprofv3_error_signal_handler caught signal 11...
[m# ---- Run standalone_attn_prefill_and_decode_tp8_prefill_then_decode4_8192_1_102432 ----
INFO 09-01 22:55:09 [__init__.py:244] Automatically detected platform rocm.
[0;31mE20250901 22:55:24.629123 139879317538560 output_stream.cpp:105] Opened result file: ./profiles/standalone_attn_prefill_and_decode_tp8_prefill_then_decode4_8192_1_102432_kernel_trace.csv
[m[0;31mE20250901 22:55:24.635068 139879317538560 output_stream.cpp:105] Opened result file: ./profiles/standalone_attn_prefill_and_decode_tp8_prefill_then_decode4_8192_1_102432_agent_info.csv
[m[0;33mW20250901 22:55:33.023847 139879317538560 tool.cpp:1902] rocprofv3_error_signal_handler caught signal 11...
[m# ---- Run standalone_attn_prefill_and_decode_tp8_prefill_then_decode4_8192_1_204832 ----
INFO 09-01 22:55:37 [__init__.py:244] Automatically detected platform rocm.
[0;31mE20250901 22:55:53.141320 140104873260800 output_stream.cpp:105] Opened result file: ./profiles/standalone_attn_prefill_and_decode_tp8_prefill_then_decode4_8192_1_204832_kernel_trace.csv
[m[0;31mE20250901 22:55:53.147226 140104873260800 output_stream.cpp:105] Opened result file: ./profiles/standalone_attn_prefill_and_decode_tp8_prefill_then_decode4_8192_1_204832_agent_info.csv
[m[0;33mW20250901 22:56:01.567528 140104873260800 tool.cpp:1902] rocprofv3_error_signal_handler caught signal 11...
[m# ---- Run standalone_attn_prefill_and_decode_tp8_prefill_then_decode4_8192_1_409632 ----
INFO 09-01 22:56:06 [__init__.py:244] Automatically detected platform rocm.
[0;31mE20250901 22:56:21.714467 140562843084544 output_stream.cpp:105] Opened result file: ./profiles/standalone_attn_prefill_and_decode_tp8_prefill_then_decode4_8192_1_409632_kernel_trace.csv
[m[0;31mE20250901 22:56:21.720470 140562843084544 output_stream.cpp:105] Opened result file: ./profiles/standalone_attn_prefill_and_decode_tp8_prefill_then_decode4_8192_1_409632_agent_info.csv
[m[0;33mW20250901 22:56:30.457734 140562843084544 tool.cpp:1902] rocprofv3_error_signal_handler caught signal 11...
[m# ---- Run standalone_attn_prefill_and_decode_tp8_prefill_then_decode4_8192_1_819232 ----
INFO 09-01 22:56:35 [__init__.py:244] Automatically detected platform rocm.
[0;31mE20250901 22:56:50.497274 140179199653632 output_stream.cpp:105] Opened result file: ./profiles/standalone_attn_prefill_and_decode_tp8_prefill_then_decode4_8192_1_819232_kernel_trace.csv
[m[0;31mE20250901 22:56:50.503050 140179199653632 output_stream.cpp:105] Opened result file: ./profiles/standalone_attn_prefill_and_decode_tp8_prefill_then_decode4_8192_1_819232_agent_info.csv
[m[0;33mW20250901 22:56:58.951679 140179199653632 tool.cpp:1902] rocprofv3_error_signal_handler caught signal 11...
[m# ---- Run standalone_attn_prefill_and_decode_tp8_prefill_then_decode4_8192_2_25632 ----
INFO 09-01 22:57:03 [__init__.py:244] Automatically detected platform rocm.
[0;31mE20250901 22:57:19.098506 139990022272768 output_stream.cpp:105] Opened result file: ./profiles/standalone_attn_prefill_and_decode_tp8_prefill_then_decode4_8192_2_25632_kernel_trace.csv
[m[0;31mE20250901 22:57:19.104893 139990022272768 output_stream.cpp:105] Opened result file: ./profiles/standalone_attn_prefill_and_decode_tp8_prefill_then_decode4_8192_2_25632_agent_info.csv
[m[0;33mW20250901 22:57:27.855608 139990022272768 tool.cpp:1902] rocprofv3_error_signal_handler caught signal 11...
[m# ---- Run standalone_attn_prefill_and_decode_tp8_prefill_then_decode4_8192_2_51232 ----
INFO 09-01 22:57:32 [__init__.py:244] Automatically detected platform rocm.
[0;31mE20250901 22:57:47.793011 140361444767488 output_stream.cpp:105] Opened result file: ./profiles/standalone_attn_prefill_and_decode_tp8_prefill_then_decode4_8192_2_51232_kernel_trace.csv
[m[0;31mE20250901 22:57:47.799443 140361444767488 output_stream.cpp:105] Opened result file: ./profiles/standalone_attn_prefill_and_decode_tp8_prefill_then_decode4_8192_2_51232_agent_info.csv
[m[0;33mW20250901 22:57:56.223575 140361444767488 tool.cpp:1902] rocprofv3_error_signal_handler caught signal 11...
[m# ---- Run standalone_attn_prefill_and_decode_tp8_prefill_then_decode4_8192_2_102432 ----
INFO 09-01 22:58:01 [__init__.py:244] Automatically detected platform rocm.
[0;31mE20250901 22:58:16.264904 140530517153536 output_stream.cpp:105] Opened result file: ./profiles/standalone_attn_prefill_and_decode_tp8_prefill_then_decode4_8192_2_102432_kernel_trace.csv
[m[0;31mE20250901 22:58:16.271161 140530517153536 output_stream.cpp:105] Opened result file: ./profiles/standalone_attn_prefill_and_decode_tp8_prefill_then_decode4_8192_2_102432_agent_info.csv
[m[0;33mW20250901 22:58:24.695680 140530517153536 tool.cpp:1902] rocprofv3_error_signal_handler caught signal 11...
[m# ---- Run standalone_attn_prefill_and_decode_tp8_prefill_then_decode4_8192_2_204832 ----
INFO 09-01 22:58:29 [__init__.py:244] Automatically detected platform rocm.
[0;31mE20250901 22:58:44.939862 139849500870400 output_stream.cpp:105] Opened result file: ./profiles/standalone_attn_prefill_and_decode_tp8_prefill_then_decode4_8192_2_204832_kernel_trace.csv
[m[0;31mE20250901 22:58:44.945938 139849500870400 output_stream.cpp:105] Opened result file: ./profiles/standalone_attn_prefill_and_decode_tp8_prefill_then_decode4_8192_2_204832_agent_info.csv
[m[0;33mW20250901 22:58:53.385555 139849500870400 tool.cpp:1902] rocprofv3_error_signal_handler caught signal 11...
[m# ---- Run standalone_attn_prefill_and_decode_tp8_prefill_then_decode4_8192_2_409632 ----
INFO 09-01 22:58:58 [__init__.py:244] Automatically detected platform rocm.
[0;31mE20250901 22:59:13.765266 140450819229440 output_stream.cpp:105] Opened result file: ./profiles/standalone_attn_prefill_and_decode_tp8_prefill_then_decode4_8192_2_409632_kernel_trace.csv
[m[0;31mE20250901 22:59:13.771222 140450819229440 output_stream.cpp:105] Opened result file: ./profiles/standalone_attn_prefill_and_decode_tp8_prefill_then_decode4_8192_2_409632_agent_info.csv
[m[0;33mW20250901 22:59:22.148321 140450819229440 tool.cpp:1902] rocprofv3_error_signal_handler caught signal 11...
[m# ---- Run standalone_attn_prefill_and_decode_tp8_prefill_then_decode4_8192_2_819232 ----
INFO 09-01 22:59:27 [__init__.py:244] Automatically detected platform rocm.
[0;31mE20250901 22:59:42.489465 140022766446336 output_stream.cpp:105] Opened result file: ./profiles/standalone_attn_prefill_and_decode_tp8_prefill_then_decode4_8192_2_819232_kernel_trace.csv
[m[0;31mE20250901 22:59:42.495454 140022766446336 output_stream.cpp:105] Opened result file: ./profiles/standalone_attn_prefill_and_decode_tp8_prefill_then_decode4_8192_2_819232_agent_info.csv
[m[0;33mW20250901 22:59:51.214628 140022766446336 tool.cpp:1902] rocprofv3_error_signal_handler caught signal 11...
[m# ---- Run standalone_attn_prefill_and_decode_tp8_prefill_then_decode4_8192_4_25632 ----
INFO 09-01 22:59:56 [__init__.py:244] Automatically detected platform rocm.
[0;31mE20250901 23:00:11.734864 139800872777472 output_stream.cpp:105] Opened result file: ./profiles/standalone_attn_prefill_and_decode_tp8_prefill_then_decode4_8192_4_25632_kernel_trace.csv
[m[0;31mE20250901 23:00:11.741483 139800872777472 output_stream.cpp:105] Opened result file: ./profiles/standalone_attn_prefill_and_decode_tp8_prefill_then_decode4_8192_4_25632_agent_info.csv
[m[0;33mW20250901 23:00:20.262863 139800872777472 tool.cpp:1902] rocprofv3_error_signal_handler caught signal 11...
[m# ---- Run standalone_attn_prefill_and_decode_tp8_prefill_then_decode4_8192_4_51232 ----
INFO 09-01 23:00:25 [__init__.py:244] Automatically detected platform rocm.
[0;31mE20250901 23:00:40.640645 139998284793600 output_stream.cpp:105] Opened result file: ./profiles/standalone_attn_prefill_and_decode_tp8_prefill_then_decode4_8192_4_51232_kernel_trace.csv
[m[0;31mE20250901 23:00:40.646787 139998284793600 output_stream.cpp:105] Opened result file: ./profiles/standalone_attn_prefill_and_decode_tp8_prefill_then_decode4_8192_4_51232_agent_info.csv
[m[0;33mW20250901 23:00:49.164296 139998284793600 tool.cpp:1902] rocprofv3_error_signal_handler caught signal 11...
[m# ---- Run standalone_attn_prefill_and_decode_tp8_prefill_then_decode4_8192_4_102432 ----
INFO 09-01 23:00:54 [__init__.py:244] Automatically detected platform rocm.
[0;31mE20250901 23:01:09.603437 140383561320192 output_stream.cpp:105] Opened result file: ./profiles/standalone_attn_prefill_and_decode_tp8_prefill_then_decode4_8192_4_102432_kernel_trace.csv
[m[0;31mE20250901 23:01:09.610411 140383561320192 output_stream.cpp:105] Opened result file: ./profiles/standalone_attn_prefill_and_decode_tp8_prefill_then_decode4_8192_4_102432_agent_info.csv
[m[0;33mW20250901 23:01:18.796465 140383561320192 tool.cpp:1902] rocprofv3_error_signal_handler caught signal 11...
[m# ---- Run standalone_attn_prefill_and_decode_tp8_prefill_then_decode4_8192_4_204832 ----
INFO 09-01 23:01:23 [__init__.py:244] Automatically detected platform rocm.
[0;31mE20250901 23:01:39.414081 140308413843200 output_stream.cpp:105] Opened result file: ./profiles/standalone_attn_prefill_and_decode_tp8_prefill_then_decode4_8192_4_204832_kernel_trace.csv
[m[0;31mE20250901 23:01:39.420652 140308413843200 output_stream.cpp:105] Opened result file: ./profiles/standalone_attn_prefill_and_decode_tp8_prefill_then_decode4_8192_4_204832_agent_info.csv
[m[0;33mW20250901 23:01:48.336072 140308413843200 tool.cpp:1902] rocprofv3_error_signal_handler caught signal 11...
[m# ---- Run standalone_attn_prefill_and_decode_tp8_prefill_then_decode4_8192_4_409632 ----
INFO 09-01 23:01:53 [__init__.py:244] Automatically detected platform rocm.
[0;31mE20250901 23:02:08.562244 140437352380160 output_stream.cpp:105] Opened result file: ./profiles/standalone_attn_prefill_and_decode_tp8_prefill_then_decode4_8192_4_409632_kernel_trace.csv
[m[0;31mE20250901 23:02:08.568357 140437352380160 output_stream.cpp:105] Opened result file: ./profiles/standalone_attn_prefill_and_decode_tp8_prefill_then_decode4_8192_4_409632_agent_info.csv
[m[0;33mW20250901 23:02:17.386281 140437352380160 tool.cpp:1902] rocprofv3_error_signal_handler caught signal 11...
[m# ---- Run standalone_attn_prefill_and_decode_tp8_prefill_then_decode4_8192_4_819232 ----
INFO 09-01 23:02:22 [__init__.py:244] Automatically detected platform rocm.
[0;31mE20250901 23:02:37.824102 140687235647232 output_stream.cpp:105] Opened result file: ./profiles/standalone_attn_prefill_and_decode_tp8_prefill_then_decode4_8192_4_819232_kernel_trace.csv
[m[0;31mE20250901 23:02:37.830095 140687235647232 output_stream.cpp:105] Opened result file: ./profiles/standalone_attn_prefill_and_decode_tp8_prefill_then_decode4_8192_4_819232_agent_info.csv
[m[0;33mW20250901 23:02:47.130441 140687235647232 tool.cpp:1902] rocprofv3_error_signal_handler caught signal 11...
[m# ---- Run standalone_attn_prefill_and_decode_tp8_prefill_then_decode4_8192_8_25632 ----
INFO 09-01 23:02:52 [__init__.py:244] Automatically detected platform rocm.
[0;31mE20250901 23:03:07.588177 140472674916096 output_stream.cpp:105] Opened result file: ./profiles/standalone_attn_prefill_and_decode_tp8_prefill_then_decode4_8192_8_25632_kernel_trace.csv
[m[0;31mE20250901 23:03:07.594497 140472674916096 output_stream.cpp:105] Opened result file: ./profiles/standalone_attn_prefill_and_decode_tp8_prefill_then_decode4_8192_8_25632_agent_info.csv
[m[0;33mW20250901 23:03:16.588587 140472674916096 tool.cpp:1902] rocprofv3_error_signal_handler caught signal 11...
[m# ---- Run standalone_attn_prefill_and_decode_tp8_prefill_then_decode4_8192_8_51232 ----
INFO 09-01 23:03:21 [__init__.py:244] Automatically detected platform rocm.
[0;31mE20250901 23:03:36.818728 139767641745152 output_stream.cpp:105] Opened result file: ./profiles/standalone_attn_prefill_and_decode_tp8_prefill_then_decode4_8192_8_51232_kernel_trace.csv
[m[0;31mE20250901 23:03:36.824664 139767641745152 output_stream.cpp:105] Opened result file: ./profiles/standalone_attn_prefill_and_decode_tp8_prefill_then_decode4_8192_8_51232_agent_info.csv
[m[0;33mW20250901 23:03:45.433813 139767641745152 tool.cpp:1902] rocprofv3_error_signal_handler caught signal 11...
[m# ---- Run standalone_attn_prefill_and_decode_tp8_prefill_then_decode4_8192_8_102432 ----
INFO 09-01 23:03:50 [__init__.py:244] Automatically detected platform rocm.
[0;31mE20250901 23:04:05.780839 140535047485184 output_stream.cpp:105] Opened result file: ./profiles/standalone_attn_prefill_and_decode_tp8_prefill_then_decode4_8192_8_102432_kernel_trace.csv
[m[0;31mE20250901 23:04:05.786766 140535047485184 output_stream.cpp:105] Opened result file: ./profiles/standalone_attn_prefill_and_decode_tp8_prefill_then_decode4_8192_8_102432_agent_info.csv
[m[0;33mW20250901 23:04:14.316303 140535047485184 tool.cpp:1902] rocprofv3_error_signal_handler caught signal 11...
[m# ---- Run standalone_attn_prefill_and_decode_tp8_prefill_then_decode4_8192_8_204832 ----
INFO 09-01 23:04:19 [__init__.py:244] Automatically detected platform rocm.
[0;31mE20250901 23:04:34.530173 140195012892416 output_stream.cpp:105] Opened result file: ./profiles/standalone_attn_prefill_and_decode_tp8_prefill_then_decode4_8192_8_204832_kernel_trace.csv
[m[0;31mE20250901 23:04:34.536319 140195012892416 output_stream.cpp:105] Opened result file: ./profiles/standalone_attn_prefill_and_decode_tp8_prefill_then_decode4_8192_8_204832_agent_info.csv
[m[0;33mW20250901 23:04:43.029720 140195012892416 tool.cpp:1902] rocprofv3_error_signal_handler caught signal 11...
[m# ---- Run standalone_attn_prefill_and_decode_tp8_prefill_then_decode4_8192_8_409632 ----
INFO 09-01 23:04:47 [__init__.py:244] Automatically detected platform rocm.
[0;31mE20250901 23:05:03.045139 140050498512640 output_stream.cpp:105] Opened result file: ./profiles/standalone_attn_prefill_and_decode_tp8_prefill_then_decode4_8192_8_409632_kernel_trace.csv
[m[0;31mE20250901 23:05:03.052015 140050498512640 output_stream.cpp:105] Opened result file: ./profiles/standalone_attn_prefill_and_decode_tp8_prefill_then_decode4_8192_8_409632_agent_info.csv
[m[0;33mW20250901 23:05:11.537976 140050498512640 tool.cpp:1902] rocprofv3_error_signal_handler caught signal 11...
[m# ---- Run standalone_attn_prefill_and_decode_tp8_prefill_then_decode4_8192_8_819232 ----
INFO 09-01 23:05:16 [__init__.py:244] Automatically detected platform rocm.
[0;31mE20250901 23:05:31.721978 140476324083456 output_stream.cpp:105] Opened result file: ./profiles/standalone_attn_prefill_and_decode_tp8_prefill_then_decode4_8192_8_819232_kernel_trace.csv
[m[0;31mE20250901 23:05:31.727959 140476324083456 output_stream.cpp:105] Opened result file: ./profiles/standalone_attn_prefill_and_decode_tp8_prefill_then_decode4_8192_8_819232_agent_info.csv
[m[0;33mW20250901 23:05:40.292458 140476324083456 tool.cpp:1902] rocprofv3_error_signal_handler caught signal 11...
[m# ---- Run standalone_attn_prefill_and_decode_tp8_prefill_then_decode4_8192_16_25632 ----
INFO 09-01 23:05:45 [__init__.py:244] Automatically detected platform rocm.
[0;31mE20250901 23:06:00.107049 140561872791296 output_stream.cpp:105] Opened result file: ./profiles/standalone_attn_prefill_and_decode_tp8_prefill_then_decode4_8192_16_25632_kernel_trace.csv
[m[0;31mE20250901 23:06:00.112958 140561872791296 output_stream.cpp:105] Opened result file: ./profiles/standalone_attn_prefill_and_decode_tp8_prefill_then_decode4_8192_16_25632_agent_info.csv
[m[0;33mW20250901 23:06:08.821941 140561872791296 tool.cpp:1902] rocprofv3_error_signal_handler caught signal 11...
[m# ---- Run standalone_attn_prefill_and_decode_tp8_prefill_then_decode4_8192_16_51232 ----
INFO 09-01 23:06:13 [__init__.py:244] Automatically detected platform rocm.
[0;31mE20250901 23:06:28.718880 140099617023744 output_stream.cpp:105] Opened result file: ./profiles/standalone_attn_prefill_and_decode_tp8_prefill_then_decode4_8192_16_51232_kernel_trace.csv
[m[0;31mE20250901 23:06:28.724868 140099617023744 output_stream.cpp:105] Opened result file: ./profiles/standalone_attn_prefill_and_decode_tp8_prefill_then_decode4_8192_16_51232_agent_info.csv
[m[0;33mW20250901 23:06:37.172743 140099617023744 tool.cpp:1902] rocprofv3_error_signal_handler caught signal 11...
[m# ---- Run standalone_attn_prefill_and_decode_tp8_prefill_then_decode4_8192_16_102432 ----
INFO 09-01 23:06:42 [__init__.py:244] Automatically detected platform rocm.
[0;31mE20250901 23:06:57.350654 140356470310656 output_stream.cpp:105] Opened result file: ./profiles/standalone_attn_prefill_and_decode_tp8_prefill_then_decode4_8192_16_102432_kernel_trace.csv
[m[0;31mE20250901 23:06:57.356863 140356470310656 output_stream.cpp:105] Opened result file: ./profiles/standalone_attn_prefill_and_decode_tp8_prefill_then_decode4_8192_16_102432_agent_info.csv
[m[0;33mW20250901 23:07:06.409485 140356470310656 tool.cpp:1902] rocprofv3_error_signal_handler caught signal 11...
[m# ---- Run standalone_attn_prefill_and_decode_tp8_prefill_then_decode4_8192_16_204832 ----
INFO 09-01 23:07:11 [__init__.py:244] Automatically detected platform rocm.
[0;31mE20250901 23:07:26.575496 139929299678976 output_stream.cpp:105] Opened result file: ./profiles/standalone_attn_prefill_and_decode_tp8_prefill_then_decode4_8192_16_204832_kernel_trace.csv
[m[0;31mE20250901 23:07:26.582389 139929299678976 output_stream.cpp:105] Opened result file: ./profiles/standalone_attn_prefill_and_decode_tp8_prefill_then_decode4_8192_16_204832_agent_info.csv
[m[0;33mW20250901 23:07:35.028732 139929299678976 tool.cpp:1902] rocprofv3_error_signal_handler caught signal 11...
[m# ---- Run standalone_attn_prefill_and_decode_tp8_prefill_then_decode4_8192_16_409632 ----
INFO 09-01 23:07:40 [__init__.py:244] Automatically detected platform rocm.
[0;31mE20250901 23:07:55.342400 140664701814528 output_stream.cpp:105] Opened result file: ./profiles/standalone_attn_prefill_and_decode_tp8_prefill_then_decode4_8192_16_409632_kernel_trace.csv
[m[0;31mE20250901 23:07:55.349377 140664701814528 output_stream.cpp:105] Opened result file: ./profiles/standalone_attn_prefill_and_decode_tp8_prefill_then_decode4_8192_16_409632_agent_info.csv
[m[0;33mW20250901 23:08:03.987108 140664701814528 tool.cpp:1902] rocprofv3_error_signal_handler caught signal 11...
[m# ---- Run standalone_attn_prefill_and_decode_tp8_prefill_then_decode4_8192_16_819232 ----
INFO 09-01 23:08:08 [__init__.py:244] Automatically detected platform rocm.
[0;31mE20250901 23:08:24.186127 139687415801600 output_stream.cpp:105] Opened result file: ./profiles/standalone_attn_prefill_and_decode_tp8_prefill_then_decode4_8192_16_819232_kernel_trace.csv
[m[0;31mE20250901 23:08:24.192208 139687415801600 output_stream.cpp:105] Opened result file: ./profiles/standalone_attn_prefill_and_decode_tp8_prefill_then_decode4_8192_16_819232_agent_info.csv
[m[0;33mW20250901 23:08:32.719248 139687415801600 tool.cpp:1902] rocprofv3_error_signal_handler caught signal 11...
[m# ---- Run standalone_attn_prefill_and_decode_tp8_prefill_then_decode4_8192_32_25632 ----
INFO 09-01 23:08:37 [__init__.py:244] Automatically detected platform rocm.
[0;31mE20250901 23:08:53.044814 140711084947200 output_stream.cpp:105] Opened result file: ./profiles/standalone_attn_prefill_and_decode_tp8_prefill_then_decode4_8192_32_25632_kernel_trace.csv
[m[0;31mE20250901 23:08:53.050961 140711084947200 output_stream.cpp:105] Opened result file: ./profiles/standalone_attn_prefill_and_decode_tp8_prefill_then_decode4_8192_32_25632_agent_info.csv
[m[0;33mW20250901 23:09:01.869785 140711084947200 tool.cpp:1902] rocprofv3_error_signal_handler caught signal 11...
[m# ---- Run standalone_attn_prefill_and_decode_tp8_prefill_then_decode4_8192_32_51232 ----
INFO 09-01 23:09:06 [__init__.py:244] Automatically detected platform rocm.
[0;31mE20250901 23:09:21.913379 140060008240896 output_stream.cpp:105] Opened result file: ./profiles/standalone_attn_prefill_and_decode_tp8_prefill_then_decode4_8192_32_51232_kernel_trace.csv
[m[0;31mE20250901 23:09:21.919846 140060008240896 output_stream.cpp:105] Opened result file: ./profiles/standalone_attn_prefill_and_decode_tp8_prefill_then_decode4_8192_32_51232_agent_info.csv
[m[0;33mW20250901 23:09:30.742120 140060008240896 tool.cpp:1902] rocprofv3_error_signal_handler caught signal 11...
[m# ---- Run standalone_attn_prefill_and_decode_tp8_prefill_then_decode4_8192_32_102432 ----
INFO 09-01 23:09:35 [__init__.py:244] Automatically detected platform rocm.
[0;31mE20250901 23:09:50.984895 140596026427136 output_stream.cpp:105] Opened result file: ./profiles/standalone_attn_prefill_and_decode_tp8_prefill_then_decode4_8192_32_102432_kernel_trace.csv
[m[0;31mE20250901 23:09:50.991801 140596026427136 output_stream.cpp:105] Opened result file: ./profiles/standalone_attn_prefill_and_decode_tp8_prefill_then_decode4_8192_32_102432_agent_info.csv
[m[0;33mW20250901 23:09:59.592921 140596026427136 tool.cpp:1902] rocprofv3_error_signal_handler caught signal 11...
[m# ---- Run standalone_attn_prefill_and_decode_tp8_prefill_then_decode4_8192_32_204832 ----
INFO 09-01 23:10:04 [__init__.py:244] Automatically detected platform rocm.
[0;31mE20250901 23:10:20.321922 140434248873728 output_stream.cpp:105] Opened result file: ./profiles/standalone_attn_prefill_and_decode_tp8_prefill_then_decode4_8192_32_204832_kernel_trace.csv
[m[0;31mE20250901 23:10:20.328853 140434248873728 output_stream.cpp:105] Opened result file: ./profiles/standalone_attn_prefill_and_decode_tp8_prefill_then_decode4_8192_32_204832_agent_info.csv
[m[0;33mW20250901 23:10:29.421963 140434248873728 tool.cpp:1902] rocprofv3_error_signal_handler caught signal 11...
[m# ---- Run standalone_attn_prefill_and_decode_tp8_prefill_then_decode4_8192_32_409632 ----
INFO 09-01 23:10:34 [__init__.py:244] Automatically detected platform rocm.
[0;31mE20250901 23:10:49.460736 140432200529664 output_stream.cpp:105] Opened result file: ./profiles/standalone_attn_prefill_and_decode_tp8_prefill_then_decode4_8192_32_409632_kernel_trace.csv
[m[0;31mE20250901 23:10:49.467682 140432200529664 output_stream.cpp:105] Opened result file: ./profiles/standalone_attn_prefill_and_decode_tp8_prefill_then_decode4_8192_32_409632_agent_info.csv
[m[0;33mW20250901 23:10:58.382027 140432200529664 tool.cpp:1902] rocprofv3_error_signal_handler caught signal 11...
[m# ---- Run standalone_attn_prefill_and_decode_tp8_prefill_then_decode4_8192_32_819232 ----
INFO 09-01 23:11:03 [__init__.py:244] Automatically detected platform rocm.
[0;31mE20250901 23:11:18.344142 140084885579520 output_stream.cpp:105] Opened result file: ./profiles/standalone_attn_prefill_and_decode_tp8_prefill_then_decode4_8192_32_819232_kernel_trace.csv
[m[0;31mE20250901 23:11:18.350921 140084885579520 output_stream.cpp:105] Opened result file: ./profiles/standalone_attn_prefill_and_decode_tp8_prefill_then_decode4_8192_32_819232_agent_info.csv
[m[0;33mW20250901 23:11:26.825383 140084885579520 tool.cpp:1902] rocprofv3_error_signal_handler caught signal 11...
[m# ---- Run standalone_attn_prefill_and_decode_tp8_prefill_then_decode4_8192_64_25632 ----
INFO 09-01 23:11:31 [__init__.py:244] Automatically detected platform rocm.
[0;31mE20250901 23:11:47.348992 140526775027456 output_stream.cpp:105] Opened result file: ./profiles/standalone_attn_prefill_and_decode_tp8_prefill_then_decode4_8192_64_25632_kernel_trace.csv
[m[0;31mE20250901 23:11:47.355393 140526775027456 output_stream.cpp:105] Opened result file: ./profiles/standalone_attn_prefill_and_decode_tp8_prefill_then_decode4_8192_64_25632_agent_info.csv
[m[0;33mW20250901 23:11:56.480532 140526775027456 tool.cpp:1902] rocprofv3_error_signal_handler caught signal 11...
[m# ---- Run standalone_attn_prefill_and_decode_tp8_prefill_then_decode4_8192_64_51232 ----
INFO 09-01 23:12:01 [__init__.py:244] Automatically detected platform rocm.
[0;31mE20250901 23:12:16.401092 140205030127360 output_stream.cpp:105] Opened result file: ./profiles/standalone_attn_prefill_and_decode_tp8_prefill_then_decode4_8192_64_51232_kernel_trace.csv
[m[0;31mE20250901 23:12:16.407424 140205030127360 output_stream.cpp:105] Opened result file: ./profiles/standalone_attn_prefill_and_decode_tp8_prefill_then_decode4_8192_64_51232_agent_info.csv
[m[0;33mW20250901 23:12:25.003632 140205030127360 tool.cpp:1902] rocprofv3_error_signal_handler caught signal 11...
[m# ---- Run standalone_attn_prefill_and_decode_tp8_prefill_then_decode4_8192_64_102432 ----
INFO 09-01 23:12:29 [__init__.py:244] Automatically detected platform rocm.
[0;31mE20250901 23:12:44.958206 140561577432832 output_stream.cpp:105] Opened result file: ./profiles/standalone_attn_prefill_and_decode_tp8_prefill_then_decode4_8192_64_102432_kernel_trace.csv
[m[0;31mE20250901 23:12:44.964581 140561577432832 output_stream.cpp:105] Opened result file: ./profiles/standalone_attn_prefill_and_decode_tp8_prefill_then_decode4_8192_64_102432_agent_info.csv
[m[0;33mW20250901 23:12:53.513222 140561577432832 tool.cpp:1902] rocprofv3_error_signal_handler caught signal 11...
[m# ---- Run standalone_attn_prefill_and_decode_tp8_prefill_then_decode4_8192_64_204832 ----
INFO 09-01 23:12:58 [__init__.py:244] Automatically detected platform rocm.
[0;31mE20250901 23:13:13.680623 140485045151488 output_stream.cpp:105] Opened result file: ./profiles/standalone_attn_prefill_and_decode_tp8_prefill_then_decode4_8192_64_204832_kernel_trace.csv
[m[0;31mE20250901 23:13:13.686810 140485045151488 output_stream.cpp:105] Opened result file: ./profiles/standalone_attn_prefill_and_decode_tp8_prefill_then_decode4_8192_64_204832_agent_info.csv
[m[0;33mW20250901 23:13:22.593084 140485045151488 tool.cpp:1902] rocprofv3_error_signal_handler caught signal 11...
[m# ---- Run standalone_attn_prefill_and_decode_tp8_prefill_then_decode4_8192_64_409632 ----
INFO 09-01 23:13:27 [__init__.py:244] Automatically detected platform rocm.
[0;31mE20250901 23:13:42.575291 140417295144704 output_stream.cpp:105] Opened result file: ./profiles/standalone_attn_prefill_and_decode_tp8_prefill_then_decode4_8192_64_409632_kernel_trace.csv
[m[0;31mE20250901 23:13:42.581247 140417295144704 output_stream.cpp:105] Opened result file: ./profiles/standalone_attn_prefill_and_decode_tp8_prefill_then_decode4_8192_64_409632_agent_info.csv
[m[0;33mW20250901 23:13:51.268672 140417295144704 tool.cpp:1902] rocprofv3_error_signal_handler caught signal 11...
[m# ---- Run standalone_attn_prefill_and_decode_tp8_prefill_then_decode4_8192_64_819232 ----
INFO 09-01 23:13:56 [__init__.py:244] Automatically detected platform rocm.
[0;31mE20250901 23:14:11.625798 139831242356480 output_stream.cpp:105] Opened result file: ./profiles/standalone_attn_prefill_and_decode_tp8_prefill_then_decode4_8192_64_819232_kernel_trace.csv
[m[0;31mE20250901 23:14:11.631799 139831242356480 output_stream.cpp:105] Opened result file: ./profiles/standalone_attn_prefill_and_decode_tp8_prefill_then_decode4_8192_64_819232_agent_info.csv
[m[0;33mW20250901 23:14:20.265418 139831242356480 tool.cpp:1902] rocprofv3_error_signal_handler caught signal 11...
[m# ---- Run standalone_attn_prefill_and_decode_tp8_prefill_then_decode4_8192_128_25632 ----
INFO 09-01 23:14:25 [__init__.py:244] Automatically detected platform rocm.
[0;31mE20250901 23:14:39.980615 139975041173248 output_stream.cpp:105] Opened result file: ./profiles/standalone_attn_prefill_and_decode_tp8_prefill_then_decode4_8192_128_25632_kernel_trace.csv
[m[0;31mE20250901 23:14:39.986742 139975041173248 output_stream.cpp:105] Opened result file: ./profiles/standalone_attn_prefill_and_decode_tp8_prefill_then_decode4_8192_128_25632_agent_info.csv
[m[0;33mW20250901 23:14:48.855250 139975041173248 tool.cpp:1902] rocprofv3_error_signal_handler caught signal 11...
[m# ---- Run standalone_attn_prefill_and_decode_tp8_prefill_then_decode4_8192_128_51232 ----
INFO 09-01 23:14:53 [__init__.py:244] Automatically detected platform rocm.
[0;31mE20250901 23:15:08.781811 140156525164288 output_stream.cpp:105] Opened result file: ./profiles/standalone_attn_prefill_and_decode_tp8_prefill_then_decode4_8192_128_51232_kernel_trace.csv
[m[0;31mE20250901 23:15:08.788736 140156525164288 output_stream.cpp:105] Opened result file: ./profiles/standalone_attn_prefill_and_decode_tp8_prefill_then_decode4_8192_128_51232_agent_info.csv
[m[0;33mW20250901 23:15:17.496105 140156525164288 tool.cpp:1902] rocprofv3_error_signal_handler caught signal 11...
[m# ---- Run standalone_attn_prefill_and_decode_tp8_prefill_then_decode4_8192_128_102432 ----
INFO 09-01 23:15:22 [__init__.py:244] Automatically detected platform rocm.
[0;31mE20250901 23:15:37.092265 140555943212800 output_stream.cpp:105] Opened result file: ./profiles/standalone_attn_prefill_and_decode_tp8_prefill_then_decode4_8192_128_102432_kernel_trace.csv
[m[0;31mE20250901 23:15:37.098648 140555943212800 output_stream.cpp:105] Opened result file: ./profiles/standalone_attn_prefill_and_decode_tp8_prefill_then_decode4_8192_128_102432_agent_info.csv
[m[0;33mW20250901 23:15:45.764723 140555943212800 tool.cpp:1902] rocprofv3_error_signal_handler caught signal 11...
[m# ---- Run standalone_attn_prefill_and_decode_tp8_prefill_then_decode4_8192_128_204832 ----
INFO 09-01 23:15:50 [__init__.py:244] Automatically detected platform rocm.
[0;31mE20250901 23:16:05.496239 140404110038784 output_stream.cpp:105] Opened result file: ./profiles/standalone_attn_prefill_and_decode_tp8_prefill_then_decode4_8192_128_204832_kernel_trace.csv
[m[0;31mE20250901 23:16:05.502452 140404110038784 output_stream.cpp:105] Opened result file: ./profiles/standalone_attn_prefill_and_decode_tp8_prefill_then_decode4_8192_128_204832_agent_info.csv
[m[0;33mW20250901 23:16:14.397753 140404110038784 tool.cpp:1902] rocprofv3_error_signal_handler caught signal 11...
[m# ---- Run standalone_attn_prefill_and_decode_tp8_prefill_then_decode4_8192_128_409632 ----
INFO 09-01 23:16:19 [__init__.py:244] Automatically detected platform rocm.
[0;31mE20250901 23:16:34.188628 140196949935872 output_stream.cpp:105] Opened result file: ./profiles/standalone_attn_prefill_and_decode_tp8_prefill_then_decode4_8192_128_409632_kernel_trace.csv
[m[0;31mE20250901 23:16:34.194955 140196949935872 output_stream.cpp:105] Opened result file: ./profiles/standalone_attn_prefill_and_decode_tp8_prefill_then_decode4_8192_128_409632_agent_info.csv
[m[0;33mW20250901 23:16:42.662372 140196949935872 tool.cpp:1902] rocprofv3_error_signal_handler caught signal 11...
[m# ---- Run standalone_attn_prefill_and_decode_tp8_prefill_then_decode4_8192_128_819232 ----
INFO 09-01 23:16:47 [__init__.py:244] Automatically detected platform rocm.
[0;31mE20250901 23:17:02.028306 140529820882688 output_stream.cpp:105] Opened result file: ./profiles/standalone_attn_prefill_and_decode_tp8_prefill_then_decode4_8192_128_819232_kernel_trace.csv
[m[0;31mE20250901 23:17:02.035097 140529820882688 output_stream.cpp:105] Opened result file: ./profiles/standalone_attn_prefill_and_decode_tp8_prefill_then_decode4_8192_128_819232_agent_info.csv
[m[0;33mW20250901 23:17:10.414580 140529820882688 tool.cpp:1902] rocprofv3_error_signal_handler caught signal 11...
[m# ---- Run standalone_attn_prefill_and_decode_tp8_prefill_then_decode8_256_1_25632 ----
INFO 09-01 23:17:15 [__init__.py:244] Automatically detected platform rocm.
[0;31mE20250901 23:17:31.422044 139741501257472 output_stream.cpp:105] Opened result file: ./profiles/standalone_attn_prefill_and_decode_tp8_prefill_then_decode8_256_1_25632_kernel_trace.csv
[m[0;31mE20250901 23:17:31.428814 139741501257472 output_stream.cpp:105] Opened result file: ./profiles/standalone_attn_prefill_and_decode_tp8_prefill_then_decode8_256_1_25632_agent_info.csv
[m[0;33mW20250901 23:17:40.217009 139741501257472 tool.cpp:1902] rocprofv3_error_signal_handler caught signal 11...
[m# ---- Run standalone_attn_prefill_and_decode_tp8_prefill_then_decode8_256_1_51232 ----
INFO 09-01 23:17:45 [__init__.py:244] Automatically detected platform rocm.
[0;31mE20250901 23:18:00.155413 140610455303936 output_stream.cpp:105] Opened result file: ./profiles/standalone_attn_prefill_and_decode_tp8_prefill_then_decode8_256_1_51232_kernel_trace.csv
[m[0;31mE20250901 23:18:00.161303 140610455303936 output_stream.cpp:105] Opened result file: ./profiles/standalone_attn_prefill_and_decode_tp8_prefill_then_decode8_256_1_51232_agent_info.csv
[m[0;33mW20250901 23:18:08.618459 140610455303936 tool.cpp:1902] rocprofv3_error_signal_handler caught signal 11...
[m# ---- Run standalone_attn_prefill_and_decode_tp8_prefill_then_decode8_256_1_102432 ----
INFO 09-01 23:18:13 [__init__.py:244] Automatically detected platform rocm.
[0;31mE20250901 23:18:28.285633 140465830041344 output_stream.cpp:105] Opened result file: ./profiles/standalone_attn_prefill_and_decode_tp8_prefill_then_decode8_256_1_102432_kernel_trace.csv
[m[0;31mE20250901 23:18:28.291487 140465830041344 output_stream.cpp:105] Opened result file: ./profiles/standalone_attn_prefill_and_decode_tp8_prefill_then_decode8_256_1_102432_agent_info.csv
[m[0;33mW20250901 23:18:36.656850 140465830041344 tool.cpp:1902] rocprofv3_error_signal_handler caught signal 11...
[m# ---- Run standalone_attn_prefill_and_decode_tp8_prefill_then_decode8_256_1_204832 ----
INFO 09-01 23:18:41 [__init__.py:244] Automatically detected platform rocm.
[0;31mE20250901 23:18:57.160890 140548793026304 output_stream.cpp:105] Opened result file: ./profiles/standalone_attn_prefill_and_decode_tp8_prefill_then_decode8_256_1_204832_kernel_trace.csv
[m[0;31mE20250901 23:18:57.166933 140548793026304 output_stream.cpp:105] Opened result file: ./profiles/standalone_attn_prefill_and_decode_tp8_prefill_then_decode8_256_1_204832_agent_info.csv
[m[0;33mW20250901 23:19:06.275988 140548793026304 tool.cpp:1902] rocprofv3_error_signal_handler caught signal 11...
[m# ---- Run standalone_attn_prefill_and_decode_tp8_prefill_then_decode8_256_1_409632 ----
INFO 09-01 23:19:11 [__init__.py:244] Automatically detected platform rocm.
[0;31mE20250901 23:19:26.295544 140495485122304 output_stream.cpp:105] Opened result file: ./profiles/standalone_attn_prefill_and_decode_tp8_prefill_then_decode8_256_1_409632_kernel_trace.csv
[m[0;31mE20250901 23:19:26.301583 140495485122304 output_stream.cpp:105] Opened result file: ./profiles/standalone_attn_prefill_and_decode_tp8_prefill_then_decode8_256_1_409632_agent_info.csv
[m[0;33mW20250901 23:19:34.790906 140495485122304 tool.cpp:1902] rocprofv3_error_signal_handler caught signal 11...
[m# ---- Run standalone_attn_prefill_and_decode_tp8_prefill_then_decode8_256_1_819232 ----
INFO 09-01 23:19:39 [__init__.py:244] Automatically detected platform rocm.
[0;31mE20250901 23:19:55.247288 139963620280064 output_stream.cpp:105] Opened result file: ./profiles/standalone_attn_prefill_and_decode_tp8_prefill_then_decode8_256_1_819232_kernel_trace.csv
[m[0;31mE20250901 23:19:55.253413 139963620280064 output_stream.cpp:105] Opened result file: ./profiles/standalone_attn_prefill_and_decode_tp8_prefill_then_decode8_256_1_819232_agent_info.csv
[m[0;33mW20250901 23:20:03.847740 139963620280064 tool.cpp:1902] rocprofv3_error_signal_handler caught signal 11...
[m# ---- Run standalone_attn_prefill_and_decode_tp8_prefill_then_decode8_256_2_25632 ----
INFO 09-01 23:20:08 [__init__.py:244] Automatically detected platform rocm.
[0;31mE20250901 23:20:24.170644 140229686327040 output_stream.cpp:105] Opened result file: ./profiles/standalone_attn_prefill_and_decode_tp8_prefill_then_decode8_256_2_25632_kernel_trace.csv
[m[0;31mE20250901 23:20:24.176609 140229686327040 output_stream.cpp:105] Opened result file: ./profiles/standalone_attn_prefill_and_decode_tp8_prefill_then_decode8_256_2_25632_agent_info.csv
[m[0;33mW20250901 23:20:32.877102 140229686327040 tool.cpp:1902] rocprofv3_error_signal_handler caught signal 11...
[m# ---- Run standalone_attn_prefill_and_decode_tp8_prefill_then_decode8_256_2_51232 ----
INFO 09-01 23:20:37 [__init__.py:244] Automatically detected platform rocm.
[0;31mE20250901 23:20:52.646604 140130283947776 output_stream.cpp:105] Opened result file: ./profiles/standalone_attn_prefill_and_decode_tp8_prefill_then_decode8_256_2_51232_kernel_trace.csv
[m[0;31mE20250901 23:20:52.652947 140130283947776 output_stream.cpp:105] Opened result file: ./profiles/standalone_attn_prefill_and_decode_tp8_prefill_then_decode8_256_2_51232_agent_info.csv
[m[0;33mW20250901 23:21:01.633132 140130283947776 tool.cpp:1902] rocprofv3_error_signal_handler caught signal 11...
[m# ---- Run standalone_attn_prefill_and_decode_tp8_prefill_then_decode8_256_2_102432 ----
INFO 09-01 23:21:06 [__init__.py:244] Automatically detected platform rocm.
[0;31mE20250901 23:21:21.621650 140337969760000 output_stream.cpp:105] Opened result file: ./profiles/standalone_attn_prefill_and_decode_tp8_prefill_then_decode8_256_2_102432_kernel_trace.csv
[m[0;31mE20250901 23:21:21.627958 140337969760000 output_stream.cpp:105] Opened result file: ./profiles/standalone_attn_prefill_and_decode_tp8_prefill_then_decode8_256_2_102432_agent_info.csv
[m[0;33mW20250901 23:21:30.337890 140337969760000 tool.cpp:1902] rocprofv3_error_signal_handler caught signal 11...
[m# ---- Run standalone_attn_prefill_and_decode_tp8_prefill_then_decode8_256_2_204832 ----
INFO 09-01 23:21:35 [__init__.py:244] Automatically detected platform rocm.
[0;31mE20250901 23:21:50.237268 140556595345152 output_stream.cpp:105] Opened result file: ./profiles/standalone_attn_prefill_and_decode_tp8_prefill_then_decode8_256_2_204832_kernel_trace.csv
[m[0;31mE20250901 23:21:50.243992 140556595345152 output_stream.cpp:105] Opened result file: ./profiles/standalone_attn_prefill_and_decode_tp8_prefill_then_decode8_256_2_204832_agent_info.csv
[m[0;33mW20250901 23:21:59.137749 140556595345152 tool.cpp:1902] rocprofv3_error_signal_handler caught signal 11...
[m# ---- Run standalone_attn_prefill_and_decode_tp8_prefill_then_decode8_256_2_409632 ----
INFO 09-01 23:22:04 [__init__.py:244] Automatically detected platform rocm.
[0;31mE20250901 23:22:19.570100 139942393308928 output_stream.cpp:105] Opened result file: ./profiles/standalone_attn_prefill_and_decode_tp8_prefill_then_decode8_256_2_409632_kernel_trace.csv
[m[0;31mE20250901 23:22:19.576619 139942393308928 output_stream.cpp:105] Opened result file: ./profiles/standalone_attn_prefill_and_decode_tp8_prefill_then_decode8_256_2_409632_agent_info.csv
[m[0;33mW20250901 23:22:28.751651 139942393308928 tool.cpp:1902] rocprofv3_error_signal_handler caught signal 11...
[m# ---- Run standalone_attn_prefill_and_decode_tp8_prefill_then_decode8_256_2_819232 ----
INFO 09-01 23:22:33 [__init__.py:244] Automatically detected platform rocm.
[0;31mE20250901 23:22:48.789728 139679929353984 output_stream.cpp:105] Opened result file: ./profiles/standalone_attn_prefill_and_decode_tp8_prefill_then_decode8_256_2_819232_kernel_trace.csv
[m[0;31mE20250901 23:22:48.796021 139679929353984 output_stream.cpp:105] Opened result file: ./profiles/standalone_attn_prefill_and_decode_tp8_prefill_then_decode8_256_2_819232_agent_info.csv
[m[0;33mW20250901 23:22:57.554092 139679929353984 tool.cpp:1902] rocprofv3_error_signal_handler caught signal 11...
[m# ---- Run standalone_attn_prefill_and_decode_tp8_prefill_then_decode8_256_4_25632 ----
INFO 09-01 23:23:02 [__init__.py:244] Automatically detected platform rocm.
[0;31mE20250901 23:23:17.715483 139795761493760 output_stream.cpp:105] Opened result file: ./profiles/standalone_attn_prefill_and_decode_tp8_prefill_then_decode8_256_4_25632_kernel_trace.csv
[m[0;31mE20250901 23:23:17.721511 139795761493760 output_stream.cpp:105] Opened result file: ./profiles/standalone_attn_prefill_and_decode_tp8_prefill_then_decode8_256_4_25632_agent_info.csv
[m[0;33mW20250901 23:23:27.004477 139795761493760 tool.cpp:1902] rocprofv3_error_signal_handler caught signal 11...
[m# ---- Run standalone_attn_prefill_and_decode_tp8_prefill_then_decode8_256_4_51232 ----
INFO 09-01 23:23:31 [__init__.py:244] Automatically detected platform rocm.
[0;31mE20250901 23:23:46.945869 140446099400448 output_stream.cpp:105] Opened result file: ./profiles/standalone_attn_prefill_and_decode_tp8_prefill_then_decode8_256_4_51232_kernel_trace.csv
[m[0;31mE20250901 23:23:46.952254 140446099400448 output_stream.cpp:105] Opened result file: ./profiles/standalone_attn_prefill_and_decode_tp8_prefill_then_decode8_256_4_51232_agent_info.csv
[m[0;33mW20250901 23:23:55.499096 140446099400448 tool.cpp:1902] rocprofv3_error_signal_handler caught signal 11...
[m# ---- Run standalone_attn_prefill_and_decode_tp8_prefill_then_decode8_256_4_102432 ----
INFO 09-01 23:24:00 [__init__.py:244] Automatically detected platform rocm.
[0;31mE20250901 23:24:15.755137 139831489017600 output_stream.cpp:105] Opened result file: ./profiles/standalone_attn_prefill_and_decode_tp8_prefill_then_decode8_256_4_102432_kernel_trace.csv
[m[0;31mE20250901 23:24:15.761026 139831489017600 output_stream.cpp:105] Opened result file: ./profiles/standalone_attn_prefill_and_decode_tp8_prefill_then_decode8_256_4_102432_agent_info.csv
[m[0;33mW20250901 23:24:24.302997 139831489017600 tool.cpp:1902] rocprofv3_error_signal_handler caught signal 11...
[m# ---- Run standalone_attn_prefill_and_decode_tp8_prefill_then_decode8_256_4_204832 ----
INFO 09-01 23:24:29 [__init__.py:244] Automatically detected platform rocm.
[0;31mE20250901 23:24:44.413230 139929487283968 output_stream.cpp:105] Opened result file: ./profiles/standalone_attn_prefill_and_decode_tp8_prefill_then_decode8_256_4_204832_kernel_trace.csv
[m[0;31mE20250901 23:24:44.419403 139929487283968 output_stream.cpp:105] Opened result file: ./profiles/standalone_attn_prefill_and_decode_tp8_prefill_then_decode8_256_4_204832_agent_info.csv
[m[0;33mW20250901 23:24:53.167024 139929487283968 tool.cpp:1902] rocprofv3_error_signal_handler caught signal 11...
[m# ---- Run standalone_attn_prefill_and_decode_tp8_prefill_then_decode8_256_4_409632 ----
INFO 09-01 23:24:58 [__init__.py:244] Automatically detected platform rocm.
[0;31mE20250901 23:25:12.905263 140119208261376 output_stream.cpp:105] Opened result file: ./profiles/standalone_attn_prefill_and_decode_tp8_prefill_then_decode8_256_4_409632_kernel_trace.csv
[m[0;31mE20250901 23:25:12.911669 140119208261376 output_stream.cpp:105] Opened result file: ./profiles/standalone_attn_prefill_and_decode_tp8_prefill_then_decode8_256_4_409632_agent_info.csv
[m[0;33mW20250901 23:25:21.398092 140119208261376 tool.cpp:1902] rocprofv3_error_signal_handler caught signal 11...
[m# ---- Run standalone_attn_prefill_and_decode_tp8_prefill_then_decode8_256_4_819232 ----
INFO 09-01 23:25:26 [__init__.py:244] Automatically detected platform rocm.
[0;31mE20250901 23:25:41.413146 140112816801536 output_stream.cpp:105] Opened result file: ./profiles/standalone_attn_prefill_and_decode_tp8_prefill_then_decode8_256_4_819232_kernel_trace.csv
[m[0;31mE20250901 23:25:41.419894 140112816801536 output_stream.cpp:105] Opened result file: ./profiles/standalone_attn_prefill_and_decode_tp8_prefill_then_decode8_256_4_819232_agent_info.csv
[m[0;33mW20250901 23:25:49.861685 140112816801536 tool.cpp:1902] rocprofv3_error_signal_handler caught signal 11...
[m# ---- Run standalone_attn_prefill_and_decode_tp8_prefill_then_decode8_256_8_25632 ----
INFO 09-01 23:25:54 [__init__.py:244] Automatically detected platform rocm.
[0;31mE20250901 23:26:09.727530 139988675143424 output_stream.cpp:105] Opened result file: ./profiles/standalone_attn_prefill_and_decode_tp8_prefill_then_decode8_256_8_25632_kernel_trace.csv
[m[0;31mE20250901 23:26:09.734273 139988675143424 output_stream.cpp:105] Opened result file: ./profiles/standalone_attn_prefill_and_decode_tp8_prefill_then_decode8_256_8_25632_agent_info.csv
[m[0;33mW20250901 23:26:18.281526 139988675143424 tool.cpp:1902] rocprofv3_error_signal_handler caught signal 11...
[m# ---- Run standalone_attn_prefill_and_decode_tp8_prefill_then_decode8_256_8_51232 ----
INFO 09-01 23:26:23 [__init__.py:244] Automatically detected platform rocm.
[0;31mE20250901 23:26:38.103410 140300267583232 output_stream.cpp:105] Opened result file: ./profiles/standalone_attn_prefill_and_decode_tp8_prefill_then_decode8_256_8_51232_kernel_trace.csv
[m[0;31mE20250901 23:26:38.110086 140300267583232 output_stream.cpp:105] Opened result file: ./profiles/standalone_attn_prefill_and_decode_tp8_prefill_then_decode8_256_8_51232_agent_info.csv
[m[0;33mW20250901 23:26:46.839529 140300267583232 tool.cpp:1902] rocprofv3_error_signal_handler caught signal 11...
[m# ---- Run standalone_attn_prefill_and_decode_tp8_prefill_then_decode8_256_8_102432 ----
INFO 09-01 23:26:51 [__init__.py:244] Automatically detected platform rocm.
[0;31mE20250901 23:27:07.239289 139708657370880 output_stream.cpp:105] Opened result file: ./profiles/standalone_attn_prefill_and_decode_tp8_prefill_then_decode8_256_8_102432_kernel_trace.csv
[m[0;31mE20250901 23:27:07.246049 139708657370880 output_stream.cpp:105] Opened result file: ./profiles/standalone_attn_prefill_and_decode_tp8_prefill_then_decode8_256_8_102432_agent_info.csv
[m[0;33mW20250901 23:27:16.308788 139708657370880 tool.cpp:1902] rocprofv3_error_signal_handler caught signal 11...
[m# ---- Run standalone_attn_prefill_and_decode_tp8_prefill_then_decode8_256_8_204832 ----
INFO 09-01 23:27:21 [__init__.py:244] Automatically detected platform rocm.
[0;31mE20250901 23:27:36.296143 140321143138048 output_stream.cpp:105] Opened result file: ./profiles/standalone_attn_prefill_and_decode_tp8_prefill_then_decode8_256_8_204832_kernel_trace.csv
[m[0;31mE20250901 23:27:36.302736 140321143138048 output_stream.cpp:105] Opened result file: ./profiles/standalone_attn_prefill_and_decode_tp8_prefill_then_decode8_256_8_204832_agent_info.csv
[m[0;33mW20250901 23:27:44.768430 140321143138048 tool.cpp:1902] rocprofv3_error_signal_handler caught signal 11...
[m# ---- Run standalone_attn_prefill_and_decode_tp8_prefill_then_decode8_256_8_409632 ----
INFO 09-01 23:27:49 [__init__.py:244] Automatically detected platform rocm.
[0;31mE20250901 23:28:05.086326 140330959095552 output_stream.cpp:105] Opened result file: ./profiles/standalone_attn_prefill_and_decode_tp8_prefill_then_decode8_256_8_409632_kernel_trace.csv
[m[0;31mE20250901 23:28:05.092857 140330959095552 output_stream.cpp:105] Opened result file: ./profiles/standalone_attn_prefill_and_decode_tp8_prefill_then_decode8_256_8_409632_agent_info.csv
[m[0;33mW20250901 23:28:13.839141 140330959095552 tool.cpp:1902] rocprofv3_error_signal_handler caught signal 11...
[m# ---- Run standalone_attn_prefill_and_decode_tp8_prefill_then_decode8_256_8_819232 ----
INFO 09-01 23:28:18 [__init__.py:244] Automatically detected platform rocm.
[0;31mE20250901 23:28:34.185616 140374740420352 output_stream.cpp:105] Opened result file: ./profiles/standalone_attn_prefill_and_decode_tp8_prefill_then_decode8_256_8_819232_kernel_trace.csv
[m[0;31mE20250901 23:28:34.192356 140374740420352 output_stream.cpp:105] Opened result file: ./profiles/standalone_attn_prefill_and_decode_tp8_prefill_then_decode8_256_8_819232_agent_info.csv
[m[0;33mW20250901 23:28:42.697533 140374740420352 tool.cpp:1902] rocprofv3_error_signal_handler caught signal 11...
[m# ---- Run standalone_attn_prefill_and_decode_tp8_prefill_then_decode8_256_16_25632 ----
INFO 09-01 23:28:47 [__init__.py:244] Automatically detected platform rocm.
[0;31mE20250901 23:29:02.787030 140286482114304 output_stream.cpp:105] Opened result file: ./profiles/standalone_attn_prefill_and_decode_tp8_prefill_then_decode8_256_16_25632_kernel_trace.csv
[m[0;31mE20250901 23:29:02.793756 140286482114304 output_stream.cpp:105] Opened result file: ./profiles/standalone_attn_prefill_and_decode_tp8_prefill_then_decode8_256_16_25632_agent_info.csv
[m[0;33mW20250901 23:29:11.756343 140286482114304 tool.cpp:1902] rocprofv3_error_signal_handler caught signal 11...
[m# ---- Run standalone_attn_prefill_and_decode_tp8_prefill_then_decode8_256_16_51232 ----
INFO 09-01 23:29:16 [__init__.py:244] Automatically detected platform rocm.
[0;31mE20250901 23:29:32.081996 140497392465664 output_stream.cpp:105] Opened result file: ./profiles/standalone_attn_prefill_and_decode_tp8_prefill_then_decode8_256_16_51232_kernel_trace.csv
[m[0;31mE20250901 23:29:32.088372 140497392465664 output_stream.cpp:105] Opened result file: ./profiles/standalone_attn_prefill_and_decode_tp8_prefill_then_decode8_256_16_51232_agent_info.csv
[m[0;33mW20250901 23:29:40.560722 140497392465664 tool.cpp:1902] rocprofv3_error_signal_handler caught signal 11...
[m# ---- Run standalone_attn_prefill_and_decode_tp8_prefill_then_decode8_256_16_102432 ----
INFO 09-01 23:29:45 [__init__.py:244] Automatically detected platform rocm.
[0;31mE20250901 23:30:00.626347 139666906961664 output_stream.cpp:105] Opened result file: ./profiles/standalone_attn_prefill_and_decode_tp8_prefill_then_decode8_256_16_102432_kernel_trace.csv
[m[0;31mE20250901 23:30:00.632707 139666906961664 output_stream.cpp:105] Opened result file: ./profiles/standalone_attn_prefill_and_decode_tp8_prefill_then_decode8_256_16_102432_agent_info.csv
[m[0;33mW20250901 23:30:09.045197 139666906961664 tool.cpp:1902] rocprofv3_error_signal_handler caught signal 11...
[m# ---- Run standalone_attn_prefill_and_decode_tp8_prefill_then_decode8_256_16_204832 ----
INFO 09-01 23:30:13 [__init__.py:244] Automatically detected platform rocm.
[0;31mE20250901 23:30:29.013444 140158914488064 output_stream.cpp:105] Opened result file: ./profiles/standalone_attn_prefill_and_decode_tp8_prefill_then_decode8_256_16_204832_kernel_trace.csv
[m[0;31mE20250901 23:30:29.020229 140158914488064 output_stream.cpp:105] Opened result file: ./profiles/standalone_attn_prefill_and_decode_tp8_prefill_then_decode8_256_16_204832_agent_info.csv
[m[0;33mW20250901 23:30:37.863523 140158914488064 tool.cpp:1902] rocprofv3_error_signal_handler caught signal 11...
[m# ---- Run standalone_attn_prefill_and_decode_tp8_prefill_then_decode8_256_16_409632 ----
INFO 09-01 23:30:42 [__init__.py:244] Automatically detected platform rocm.
[0;31mE20250901 23:30:58.230669 139910207280896 output_stream.cpp:105] Opened result file: ./profiles/standalone_attn_prefill_and_decode_tp8_prefill_then_decode8_256_16_409632_kernel_trace.csv
[m[0;31mE20250901 23:30:58.236903 139910207280896 output_stream.cpp:105] Opened result file: ./profiles/standalone_attn_prefill_and_decode_tp8_prefill_then_decode8_256_16_409632_agent_info.csv
[m[0;33mW20250901 23:31:07.025985 139910207280896 tool.cpp:1902] rocprofv3_error_signal_handler caught signal 11...
[m# ---- Run standalone_attn_prefill_and_decode_tp8_prefill_then_decode8_256_16_819232 ----
INFO 09-01 23:31:11 [__init__.py:244] Automatically detected platform rocm.
[0;31mE20250901 23:31:27.282065 140260699178752 output_stream.cpp:105] Opened result file: ./profiles/standalone_attn_prefill_and_decode_tp8_prefill_then_decode8_256_16_819232_kernel_trace.csv
[m[0;31mE20250901 23:31:27.288372 140260699178752 output_stream.cpp:105] Opened result file: ./profiles/standalone_attn_prefill_and_decode_tp8_prefill_then_decode8_256_16_819232_agent_info.csv
[m[0;33mW20250901 23:31:36.087323 140260699178752 tool.cpp:1902] rocprofv3_error_signal_handler caught signal 11...
[m# ---- Run standalone_attn_prefill_and_decode_tp8_prefill_then_decode8_256_32_25632 ----
INFO 09-01 23:31:41 [__init__.py:244] Automatically detected platform rocm.
[0;31mE20250901 23:31:56.352139 139632077317888 output_stream.cpp:105] Opened result file: ./profiles/standalone_attn_prefill_and_decode_tp8_prefill_then_decode8_256_32_25632_kernel_trace.csv
[m[0;31mE20250901 23:31:56.358045 139632077317888 output_stream.cpp:105] Opened result file: ./profiles/standalone_attn_prefill_and_decode_tp8_prefill_then_decode8_256_32_25632_agent_info.csv
[m[0;33mW20250901 23:32:04.885426 139632077317888 tool.cpp:1902] rocprofv3_error_signal_handler caught signal 11...
[m# ---- Run standalone_attn_prefill_and_decode_tp8_prefill_then_decode8_256_32_51232 ----
INFO 09-01 23:32:09 [__init__.py:244] Automatically detected platform rocm.
[0;31mE20250901 23:32:24.956299 140247171757824 output_stream.cpp:105] Opened result file: ./profiles/standalone_attn_prefill_and_decode_tp8_prefill_then_decode8_256_32_51232_kernel_trace.csv
[m[0;31mE20250901 23:32:24.962756 140247171757824 output_stream.cpp:105] Opened result file: ./profiles/standalone_attn_prefill_and_decode_tp8_prefill_then_decode8_256_32_51232_agent_info.csv
[m[0;33mW20250901 23:32:33.591600 140247171757824 tool.cpp:1902] rocprofv3_error_signal_handler caught signal 11...
[m# ---- Run standalone_attn_prefill_and_decode_tp8_prefill_then_decode8_256_32_102432 ----
INFO 09-01 23:32:38 [__init__.py:244] Automatically detected platform rocm.
[0;31mE20250901 23:32:53.794973 139645377099520 output_stream.cpp:105] Opened result file: ./profiles/standalone_attn_prefill_and_decode_tp8_prefill_then_decode8_256_32_102432_kernel_trace.csv
[m[0;31mE20250901 23:32:53.801227 139645377099520 output_stream.cpp:105] Opened result file: ./profiles/standalone_attn_prefill_and_decode_tp8_prefill_then_decode8_256_32_102432_agent_info.csv
[m[0;33mW20250901 23:33:02.560392 139645377099520 tool.cpp:1902] rocprofv3_error_signal_handler caught signal 11...
[m# ---- Run standalone_attn_prefill_and_decode_tp8_prefill_then_decode8_256_32_204832 ----
INFO 09-01 23:33:07 [__init__.py:244] Automatically detected platform rocm.
[0;31mE20250901 23:33:22.805660 140702103742208 output_stream.cpp:105] Opened result file: ./profiles/standalone_attn_prefill_and_decode_tp8_prefill_then_decode8_256_32_204832_kernel_trace.csv
[m[0;31mE20250901 23:33:22.811939 140702103742208 output_stream.cpp:105] Opened result file: ./profiles/standalone_attn_prefill_and_decode_tp8_prefill_then_decode8_256_32_204832_agent_info.csv
[m[0;33mW20250901 23:33:31.983690 140702103742208 tool.cpp:1902] rocprofv3_error_signal_handler caught signal 11...
[m# ---- Run standalone_attn_prefill_and_decode_tp8_prefill_then_decode8_256_32_409632 ----
INFO 09-01 23:33:36 [__init__.py:244] Automatically detected platform rocm.
[0;31mE20250901 23:33:52.068926 140589813180160 output_stream.cpp:105] Opened result file: ./profiles/standalone_attn_prefill_and_decode_tp8_prefill_then_decode8_256_32_409632_kernel_trace.csv
[m[0;31mE20250901 23:33:52.075285 140589813180160 output_stream.cpp:105] Opened result file: ./profiles/standalone_attn_prefill_and_decode_tp8_prefill_then_decode8_256_32_409632_agent_info.csv
[m[0;33mW20250901 23:34:00.562929 140589813180160 tool.cpp:1902] rocprofv3_error_signal_handler caught signal 11...
[m# ---- Run standalone_attn_prefill_and_decode_tp8_prefill_then_decode8_256_32_819232 ----
INFO 09-01 23:34:05 [__init__.py:244] Automatically detected platform rocm.
[0;31mE20250901 23:34:20.893696 140491025602304 output_stream.cpp:105] Opened result file: ./profiles/standalone_attn_prefill_and_decode_tp8_prefill_then_decode8_256_32_819232_kernel_trace.csv
[m[0;31mE20250901 23:34:20.899892 140491025602304 output_stream.cpp:105] Opened result file: ./profiles/standalone_attn_prefill_and_decode_tp8_prefill_then_decode8_256_32_819232_agent_info.csv
[m[0;33mW20250901 23:34:29.547287 140491025602304 tool.cpp:1902] rocprofv3_error_signal_handler caught signal 11...
[m# ---- Run standalone_attn_prefill_and_decode_tp8_prefill_then_decode8_256_64_25632 ----
INFO 09-01 23:34:34 [__init__.py:244] Automatically detected platform rocm.
[0;31mE20250901 23:34:49.561623 140070271305472 output_stream.cpp:105] Opened result file: ./profiles/standalone_attn_prefill_and_decode_tp8_prefill_then_decode8_256_64_25632_kernel_trace.csv
[m[0;31mE20250901 23:34:49.567872 140070271305472 output_stream.cpp:105] Opened result file: ./profiles/standalone_attn_prefill_and_decode_tp8_prefill_then_decode8_256_64_25632_agent_info.csv
[m[0;33mW20250901 23:34:57.964330 140070271305472 tool.cpp:1902] rocprofv3_error_signal_handler caught signal 11...
[m# ---- Run standalone_attn_prefill_and_decode_tp8_prefill_then_decode8_256_64_51232 ----
INFO 09-01 23:35:02 [__init__.py:244] Automatically detected platform rocm.
[0;31mE20250901 23:35:18.132455 139843753109248 output_stream.cpp:105] Opened result file: ./profiles/standalone_attn_prefill_and_decode_tp8_prefill_then_decode8_256_64_51232_kernel_trace.csv
[m[0;31mE20250901 23:35:18.138801 139843753109248 output_stream.cpp:105] Opened result file: ./profiles/standalone_attn_prefill_and_decode_tp8_prefill_then_decode8_256_64_51232_agent_info.csv
[m[0;33mW20250901 23:35:26.489821 139843753109248 tool.cpp:1902] rocprofv3_error_signal_handler caught signal 11...
[m# ---- Run standalone_attn_prefill_and_decode_tp8_prefill_then_decode8_256_64_102432 ----
INFO 09-01 23:35:31 [__init__.py:244] Automatically detected platform rocm.
[0;31mE20250901 23:35:46.393801 139986777097984 output_stream.cpp:105] Opened result file: ./profiles/standalone_attn_prefill_and_decode_tp8_prefill_then_decode8_256_64_102432_kernel_trace.csv
[m[0;31mE20250901 23:35:46.400159 139986777097984 output_stream.cpp:105] Opened result file: ./profiles/standalone_attn_prefill_and_decode_tp8_prefill_then_decode8_256_64_102432_agent_info.csv
[m[0;33mW20250901 23:35:54.894398 139986777097984 tool.cpp:1902] rocprofv3_error_signal_handler caught signal 11...
[m# ---- Run standalone_attn_prefill_and_decode_tp8_prefill_then_decode8_256_64_204832 ----
INFO 09-01 23:35:59 [__init__.py:244] Automatically detected platform rocm.
[0;31mE20250901 23:36:14.990654 140393374979840 output_stream.cpp:105] Opened result file: ./profiles/standalone_attn_prefill_and_decode_tp8_prefill_then_decode8_256_64_204832_kernel_trace.csv
[m[0;31mE20250901 23:36:14.997460 140393374979840 output_stream.cpp:105] Opened result file: ./profiles/standalone_attn_prefill_and_decode_tp8_prefill_then_decode8_256_64_204832_agent_info.csv
[m[0;33mW20250901 23:36:23.684027 140393374979840 tool.cpp:1902] rocprofv3_error_signal_handler caught signal 11...
[m# ---- Run standalone_attn_prefill_and_decode_tp8_prefill_then_decode8_256_64_409632 ----
INFO 09-01 23:36:28 [__init__.py:244] Automatically detected platform rocm.
[0;31mE20250901 23:36:43.774515 140105324439296 output_stream.cpp:105] Opened result file: ./profiles/standalone_attn_prefill_and_decode_tp8_prefill_then_decode8_256_64_409632_kernel_trace.csv
[m[0;31mE20250901 23:36:43.780715 140105324439296 output_stream.cpp:105] Opened result file: ./profiles/standalone_attn_prefill_and_decode_tp8_prefill_then_decode8_256_64_409632_agent_info.csv
[m[0;33mW20250901 23:36:52.384719 140105324439296 tool.cpp:1902] rocprofv3_error_signal_handler caught signal 11...
[m# ---- Run standalone_attn_prefill_and_decode_tp8_prefill_then_decode8_256_64_819232 ----
INFO 09-01 23:36:57 [__init__.py:244] Automatically detected platform rocm.
[0;31mE20250901 23:37:12.243613 140196041504512 output_stream.cpp:105] Opened result file: ./profiles/standalone_attn_prefill_and_decode_tp8_prefill_then_decode8_256_64_819232_kernel_trace.csv
[m[0;31mE20250901 23:37:12.249933 140196041504512 output_stream.cpp:105] Opened result file: ./profiles/standalone_attn_prefill_and_decode_tp8_prefill_then_decode8_256_64_819232_agent_info.csv
[m[0;33mW20250901 23:37:20.886159 140196041504512 tool.cpp:1902] rocprofv3_error_signal_handler caught signal 11...
[m# ---- Run standalone_attn_prefill_and_decode_tp8_prefill_then_decode8_256_128_25632 ----
INFO 09-01 23:37:25 [__init__.py:244] Automatically detected platform rocm.
[0;31mE20250901 23:37:40.543465 139886125926144 output_stream.cpp:105] Opened result file: ./profiles/standalone_attn_prefill_and_decode_tp8_prefill_then_decode8_256_128_25632_kernel_trace.csv
[m[0;31mE20250901 23:37:40.549447 139886125926144 output_stream.cpp:105] Opened result file: ./profiles/standalone_attn_prefill_and_decode_tp8_prefill_then_decode8_256_128_25632_agent_info.csv
[m[0;33mW20250901 23:37:48.925492 139886125926144 tool.cpp:1902] rocprofv3_error_signal_handler caught signal 11...
[m# ---- Run standalone_attn_prefill_and_decode_tp8_prefill_then_decode8_256_128_51232 ----
INFO 09-01 23:37:53 [__init__.py:244] Automatically detected platform rocm.
[0;31mE20250901 23:38:08.481312 139775459731200 output_stream.cpp:105] Opened result file: ./profiles/standalone_attn_prefill_and_decode_tp8_prefill_then_decode8_256_128_51232_kernel_trace.csv
[m[0;31mE20250901 23:38:08.487207 139775459731200 output_stream.cpp:105] Opened result file: ./profiles/standalone_attn_prefill_and_decode_tp8_prefill_then_decode8_256_128_51232_agent_info.csv
[m[0;33mW20250901 23:38:17.238620 139775459731200 tool.cpp:1902] rocprofv3_error_signal_handler caught signal 11...
[m# ---- Run standalone_attn_prefill_and_decode_tp8_prefill_then_decode8_256_128_102432 ----
INFO 09-01 23:38:22 [__init__.py:244] Automatically detected platform rocm.
[0;31mE20250901 23:38:36.678783 140644238919424 output_stream.cpp:105] Opened result file: ./profiles/standalone_attn_prefill_and_decode_tp8_prefill_then_decode8_256_128_102432_kernel_trace.csv
[m[0;31mE20250901 23:38:36.684774 140644238919424 output_stream.cpp:105] Opened result file: ./profiles/standalone_attn_prefill_and_decode_tp8_prefill_then_decode8_256_128_102432_agent_info.csv
[m[0;33mW20250901 23:38:44.859054 140644238919424 tool.cpp:1902] rocprofv3_error_signal_handler caught signal 11...
[m# ---- Run standalone_attn_prefill_and_decode_tp8_prefill_then_decode8_256_128_204832 ----
INFO 09-01 23:38:49 [__init__.py:244] Automatically detected platform rocm.
[0;31mE20250901 23:39:04.546257 140094064027392 output_stream.cpp:105] Opened result file: ./profiles/standalone_attn_prefill_and_decode_tp8_prefill_then_decode8_256_128_204832_kernel_trace.csv
[m[0;31mE20250901 23:39:04.552199 140094064027392 output_stream.cpp:105] Opened result file: ./profiles/standalone_attn_prefill_and_decode_tp8_prefill_then_decode8_256_128_204832_agent_info.csv
[m[0;33mW20250901 23:39:13.232047 140094064027392 tool.cpp:1902] rocprofv3_error_signal_handler caught signal 11...
[m# ---- Run standalone_attn_prefill_and_decode_tp8_prefill_then_decode8_256_128_409632 ----
INFO 09-01 23:39:18 [__init__.py:244] Automatically detected platform rocm.
[0;31mE20250901 23:39:33.074010 140608114353920 output_stream.cpp:105] Opened result file: ./profiles/standalone_attn_prefill_and_decode_tp8_prefill_then_decode8_256_128_409632_kernel_trace.csv
[m[0;31mE20250901 23:39:33.080319 140608114353920 output_stream.cpp:105] Opened result file: ./profiles/standalone_attn_prefill_and_decode_tp8_prefill_then_decode8_256_128_409632_agent_info.csv
[m[0;33mW20250901 23:39:41.809597 140608114353920 tool.cpp:1902] rocprofv3_error_signal_handler caught signal 11...
[m# ---- Run standalone_attn_prefill_and_decode_tp8_prefill_then_decode8_256_128_819232 ----
INFO 09-01 23:39:46 [__init__.py:244] Automatically detected platform rocm.
[0;31mE20250901 23:40:01.324241 140043204859648 output_stream.cpp:105] Opened result file: ./profiles/standalone_attn_prefill_and_decode_tp8_prefill_then_decode8_256_128_819232_kernel_trace.csv
[m[0;31mE20250901 23:40:01.330128 140043204859648 output_stream.cpp:105] Opened result file: ./profiles/standalone_attn_prefill_and_decode_tp8_prefill_then_decode8_256_128_819232_agent_info.csv
[m[0;33mW20250901 23:40:10.158225 140043204859648 tool.cpp:1902] rocprofv3_error_signal_handler caught signal 11...
[m# ---- Run standalone_attn_prefill_and_decode_tp8_prefill_then_decode8_512_1_25632 ----
INFO 09-01 23:40:14 [__init__.py:244] Automatically detected platform rocm.
[0;31mE20250901 23:40:30.098416 139990034376448 output_stream.cpp:105] Opened result file: ./profiles/standalone_attn_prefill_and_decode_tp8_prefill_then_decode8_512_1_25632_kernel_trace.csv
[m[0;31mE20250901 23:40:30.104263 139990034376448 output_stream.cpp:105] Opened result file: ./profiles/standalone_attn_prefill_and_decode_tp8_prefill_then_decode8_512_1_25632_agent_info.csv
[m[0;33mW20250901 23:40:38.595902 139990034376448 tool.cpp:1902] rocprofv3_error_signal_handler caught signal 11...
[m# ---- Run standalone_attn_prefill_and_decode_tp8_prefill_then_decode8_512_1_51232 ----
INFO 09-01 23:40:43 [__init__.py:244] Automatically detected platform rocm.
[0;31mE20250901 23:40:58.871978 140333364999936 output_stream.cpp:105] Opened result file: ./profiles/standalone_attn_prefill_and_decode_tp8_prefill_then_decode8_512_1_51232_kernel_trace.csv
[m[0;31mE20250901 23:40:58.877973 140333364999936 output_stream.cpp:105] Opened result file: ./profiles/standalone_attn_prefill_and_decode_tp8_prefill_then_decode8_512_1_51232_agent_info.csv
[m[0;33mW20250901 23:41:08.136104 140333364999936 tool.cpp:1902] rocprofv3_error_signal_handler caught signal 11...
[m# ---- Run standalone_attn_prefill_and_decode_tp8_prefill_then_decode8_512_1_102432 ----
INFO 09-01 23:41:13 [__init__.py:244] Automatically detected platform rocm.
[0;31mE20250901 23:41:28.338328 139749734897408 output_stream.cpp:105] Opened result file: ./profiles/standalone_attn_prefill_and_decode_tp8_prefill_then_decode8_512_1_102432_kernel_trace.csv
[m[0;31mE20250901 23:41:28.344152 139749734897408 output_stream.cpp:105] Opened result file: ./profiles/standalone_attn_prefill_and_decode_tp8_prefill_then_decode8_512_1_102432_agent_info.csv
[m[0;33mW20250901 23:41:36.756987 139749734897408 tool.cpp:1902] rocprofv3_error_signal_handler caught signal 11...
[m# ---- Run standalone_attn_prefill_and_decode_tp8_prefill_then_decode8_512_1_204832 ----
INFO 09-01 23:41:41 [__init__.py:244] Automatically detected platform rocm.
[0;31mE20250901 23:41:56.750536 139728691406592 output_stream.cpp:105] Opened result file: ./profiles/standalone_attn_prefill_and_decode_tp8_prefill_then_decode8_512_1_204832_kernel_trace.csv
[m[0;31mE20250901 23:41:56.757258 139728691406592 output_stream.cpp:105] Opened result file: ./profiles/standalone_attn_prefill_and_decode_tp8_prefill_then_decode8_512_1_204832_agent_info.csv
[m[0;33mW20250901 23:42:05.309544 139728691406592 tool.cpp:1902] rocprofv3_error_signal_handler caught signal 11...
[m# ---- Run standalone_attn_prefill_and_decode_tp8_prefill_then_decode8_512_1_409632 ----
INFO 09-01 23:42:10 [__init__.py:244] Automatically detected platform rocm.
[0;31mE20250901 23:42:25.367721 139806997395200 output_stream.cpp:105] Opened result file: ./profiles/standalone_attn_prefill_and_decode_tp8_prefill_then_decode8_512_1_409632_kernel_trace.csv
[m[0;31mE20250901 23:42:25.373894 139806997395200 output_stream.cpp:105] Opened result file: ./profiles/standalone_attn_prefill_and_decode_tp8_prefill_then_decode8_512_1_409632_agent_info.csv
[m[0;33mW20250901 23:42:33.861706 139806997395200 tool.cpp:1902] rocprofv3_error_signal_handler caught signal 11...
[m# ---- Run standalone_attn_prefill_and_decode_tp8_prefill_then_decode8_512_1_819232 ----
INFO 09-01 23:42:38 [__init__.py:244] Automatically detected platform rocm.
[0;31mE20250901 23:42:54.075025 140488524801792 output_stream.cpp:105] Opened result file: ./profiles/standalone_attn_prefill_and_decode_tp8_prefill_then_decode8_512_1_819232_kernel_trace.csv
[m[0;31mE20250901 23:42:54.080875 140488524801792 output_stream.cpp:105] Opened result file: ./profiles/standalone_attn_prefill_and_decode_tp8_prefill_then_decode8_512_1_819232_agent_info.csv
[m[0;33mW20250901 23:43:02.842166 140488524801792 tool.cpp:1902] rocprofv3_error_signal_handler caught signal 11...
[m# ---- Run standalone_attn_prefill_and_decode_tp8_prefill_then_decode8_512_2_25632 ----
INFO 09-01 23:43:07 [__init__.py:244] Automatically detected platform rocm.
[0;31mE20250901 23:43:23.025860 140016575080192 output_stream.cpp:105] Opened result file: ./profiles/standalone_attn_prefill_and_decode_tp8_prefill_then_decode8_512_2_25632_kernel_trace.csv
[m[0;31mE20250901 23:43:23.031743 140016575080192 output_stream.cpp:105] Opened result file: ./profiles/standalone_attn_prefill_and_decode_tp8_prefill_then_decode8_512_2_25632_agent_info.csv
[m[0;33mW20250901 23:43:31.803093 140016575080192 tool.cpp:1902] rocprofv3_error_signal_handler caught signal 11...
[m# ---- Run standalone_attn_prefill_and_decode_tp8_prefill_then_decode8_512_2_51232 ----
INFO 09-01 23:43:36 [__init__.py:244] Automatically detected platform rocm.
[0;31mE20250901 23:43:51.695484 139705411467008 output_stream.cpp:105] Opened result file: ./profiles/standalone_attn_prefill_and_decode_tp8_prefill_then_decode8_512_2_51232_kernel_trace.csv
[m[0;31mE20250901 23:43:51.701405 139705411467008 output_stream.cpp:105] Opened result file: ./profiles/standalone_attn_prefill_and_decode_tp8_prefill_then_decode8_512_2_51232_agent_info.csv
[m[0;33mW20250901 23:44:00.035916 139705411467008 tool.cpp:1902] rocprofv3_error_signal_handler caught signal 11...
[m# ---- Run standalone_attn_prefill_and_decode_tp8_prefill_then_decode8_512_2_102432 ----
INFO 09-01 23:44:04 [__init__.py:244] Automatically detected platform rocm.
[0;31mE20250901 23:44:20.099592 140501241493248 output_stream.cpp:105] Opened result file: ./profiles/standalone_attn_prefill_and_decode_tp8_prefill_then_decode8_512_2_102432_kernel_trace.csv
[m[0;31mE20250901 23:44:20.105564 140501241493248 output_stream.cpp:105] Opened result file: ./profiles/standalone_attn_prefill_and_decode_tp8_prefill_then_decode8_512_2_102432_agent_info.csv
[m[0;33mW20250901 23:44:28.987953 140501241493248 tool.cpp:1902] rocprofv3_error_signal_handler caught signal 11...
[m# ---- Run standalone_attn_prefill_and_decode_tp8_prefill_then_decode8_512_2_204832 ----
INFO 09-01 23:44:33 [__init__.py:244] Automatically detected platform rocm.
[0;31mE20250901 23:44:48.736090 140365766461184 output_stream.cpp:105] Opened result file: ./profiles/standalone_attn_prefill_and_decode_tp8_prefill_then_decode8_512_2_204832_kernel_trace.csv
[m[0;31mE20250901 23:44:48.741925 140365766461184 output_stream.cpp:105] Opened result file: ./profiles/standalone_attn_prefill_and_decode_tp8_prefill_then_decode8_512_2_204832_agent_info.csv
[m[0;33mW20250901 23:44:57.229886 140365766461184 tool.cpp:1902] rocprofv3_error_signal_handler caught signal 11...
[m# ---- Run standalone_attn_prefill_and_decode_tp8_prefill_then_decode8_512_2_409632 ----
INFO 09-01 23:45:02 [__init__.py:244] Automatically detected platform rocm.
[0;31mE20250901 23:45:17.377029 139978402649856 output_stream.cpp:105] Opened result file: ./profiles/standalone_attn_prefill_and_decode_tp8_prefill_then_decode8_512_2_409632_kernel_trace.csv
[m[0;31mE20250901 23:45:17.382912 139978402649856 output_stream.cpp:105] Opened result file: ./profiles/standalone_attn_prefill_and_decode_tp8_prefill_then_decode8_512_2_409632_agent_info.csv
[m[0;33mW20250901 23:45:25.769927 139978402649856 tool.cpp:1902] rocprofv3_error_signal_handler caught signal 11...
[m# ---- Run standalone_attn_prefill_and_decode_tp8_prefill_then_decode8_512_2_819232 ----
INFO 09-01 23:45:30 [__init__.py:244] Automatically detected platform rocm.
[0;31mE20250901 23:45:45.501042 139811155932928 output_stream.cpp:105] Opened result file: ./profiles/standalone_attn_prefill_and_decode_tp8_prefill_then_decode8_512_2_819232_kernel_trace.csv
[m[0;31mE20250901 23:45:45.506939 139811155932928 output_stream.cpp:105] Opened result file: ./profiles/standalone_attn_prefill_and_decode_tp8_prefill_then_decode8_512_2_819232_agent_info.csv
[m[0;33mW20250901 23:45:53.947283 139811155932928 tool.cpp:1902] rocprofv3_error_signal_handler caught signal 11...
[m# ---- Run standalone_attn_prefill_and_decode_tp8_prefill_then_decode8_512_4_25632 ----
INFO 09-01 23:45:58 [__init__.py:244] Automatically detected platform rocm.
[0;31mE20250901 23:46:13.689484 140564153468672 output_stream.cpp:105] Opened result file: ./profiles/standalone_attn_prefill_and_decode_tp8_prefill_then_decode8_512_4_25632_kernel_trace.csv
[m[0;31mE20250901 23:46:13.695558 140564153468672 output_stream.cpp:105] Opened result file: ./profiles/standalone_attn_prefill_and_decode_tp8_prefill_then_decode8_512_4_25632_agent_info.csv
[m[0;33mW20250901 23:46:22.482187 140564153468672 tool.cpp:1902] rocprofv3_error_signal_handler caught signal 11...
[m# ---- Run standalone_attn_prefill_and_decode_tp8_prefill_then_decode8_512_4_51232 ----
INFO 09-01 23:46:27 [__init__.py:244] Automatically detected platform rocm.
[0;31mE20250901 23:46:42.881621 140468403193600 output_stream.cpp:105] Opened result file: ./profiles/standalone_attn_prefill_and_decode_tp8_prefill_then_decode8_512_4_51232_kernel_trace.csv
[m[0;31mE20250901 23:46:42.887766 140468403193600 output_stream.cpp:105] Opened result file: ./profiles/standalone_attn_prefill_and_decode_tp8_prefill_then_decode8_512_4_51232_agent_info.csv
[m[0;33mW20250901 23:46:52.041404 140468403193600 tool.cpp:1902] rocprofv3_error_signal_handler caught signal 11...
[m# ---- Run standalone_attn_prefill_and_decode_tp8_prefill_then_decode8_512_4_102432 ----
INFO 09-01 23:46:57 [__init__.py:244] Automatically detected platform rocm.
[0;31mE20250901 23:47:12.436106 139904486184704 output_stream.cpp:105] Opened result file: ./profiles/standalone_attn_prefill_and_decode_tp8_prefill_then_decode8_512_4_102432_kernel_trace.csv
[m[0;31mE20250901 23:47:12.442031 139904486184704 output_stream.cpp:105] Opened result file: ./profiles/standalone_attn_prefill_and_decode_tp8_prefill_then_decode8_512_4_102432_agent_info.csv
[m[0;33mW20250901 23:47:21.163532 139904486184704 tool.cpp:1902] rocprofv3_error_signal_handler caught signal 11...
[m# ---- Run standalone_attn_prefill_and_decode_tp8_prefill_then_decode8_512_4_204832 ----
INFO 09-01 23:47:26 [__init__.py:244] Automatically detected platform rocm.
[0;31mE20250901 23:47:41.278475 140254768572160 output_stream.cpp:105] Opened result file: ./profiles/standalone_attn_prefill_and_decode_tp8_prefill_then_decode8_512_4_204832_kernel_trace.csv
[m[0;31mE20250901 23:47:41.284281 140254768572160 output_stream.cpp:105] Opened result file: ./profiles/standalone_attn_prefill_and_decode_tp8_prefill_then_decode8_512_4_204832_agent_info.csv
[m[0;33mW20250901 23:47:49.850766 140254768572160 tool.cpp:1902] rocprofv3_error_signal_handler caught signal 11...
[m# ---- Run standalone_attn_prefill_and_decode_tp8_prefill_then_decode8_512_4_409632 ----
INFO 09-01 23:47:54 [__init__.py:244] Automatically detected platform rocm.
[0;31mE20250901 23:48:10.000907 140405972256512 output_stream.cpp:105] Opened result file: ./profiles/standalone_attn_prefill_and_decode_tp8_prefill_then_decode8_512_4_409632_kernel_trace.csv
[m[0;31mE20250901 23:48:10.006822 140405972256512 output_stream.cpp:105] Opened result file: ./profiles/standalone_attn_prefill_and_decode_tp8_prefill_then_decode8_512_4_409632_agent_info.csv
[m[0;33mW20250901 23:48:18.426259 140405972256512 tool.cpp:1902] rocprofv3_error_signal_handler caught signal 11...
[m# ---- Run standalone_attn_prefill_and_decode_tp8_prefill_then_decode8_512_4_819232 ----
INFO 09-01 23:48:23 [__init__.py:244] Automatically detected platform rocm.
[0;31mE20250901 23:48:38.506823 140600761136896 output_stream.cpp:105] Opened result file: ./profiles/standalone_attn_prefill_and_decode_tp8_prefill_then_decode8_512_4_819232_kernel_trace.csv
[m[0;31mE20250901 23:48:38.512810 140600761136896 output_stream.cpp:105] Opened result file: ./profiles/standalone_attn_prefill_and_decode_tp8_prefill_then_decode8_512_4_819232_agent_info.csv
[m[0;33mW20250901 23:48:47.730535 140600761136896 tool.cpp:1902] rocprofv3_error_signal_handler caught signal 11...
[m# ---- Run standalone_attn_prefill_and_decode_tp8_prefill_then_decode8_512_8_25632 ----
INFO 09-01 23:48:52 [__init__.py:244] Automatically detected platform rocm.
[0;31mE20250901 23:49:07.868035 140603331110656 output_stream.cpp:105] Opened result file: ./profiles/standalone_attn_prefill_and_decode_tp8_prefill_then_decode8_512_8_25632_kernel_trace.csv
[m[0;31mE20250901 23:49:07.873906 140603331110656 output_stream.cpp:105] Opened result file: ./profiles/standalone_attn_prefill_and_decode_tp8_prefill_then_decode8_512_8_25632_agent_info.csv
[m[0;33mW20250901 23:49:16.637951 140603331110656 tool.cpp:1902] rocprofv3_error_signal_handler caught signal 11...
[m# ---- Run standalone_attn_prefill_and_decode_tp8_prefill_then_decode8_512_8_51232 ----
INFO 09-01 23:49:21 [__init__.py:244] Automatically detected platform rocm.
[0;31mE20250901 23:49:36.839568 139802703030016 output_stream.cpp:105] Opened result file: ./profiles/standalone_attn_prefill_and_decode_tp8_prefill_then_decode8_512_8_51232_kernel_trace.csv
[m[0;31mE20250901 23:49:36.845663 139802703030016 output_stream.cpp:105] Opened result file: ./profiles/standalone_attn_prefill_and_decode_tp8_prefill_then_decode8_512_8_51232_agent_info.csv
[m[0;33mW20250901 23:49:45.873730 139802703030016 tool.cpp:1902] rocprofv3_error_signal_handler caught signal 11...
[m# ---- Run standalone_attn_prefill_and_decode_tp8_prefill_then_decode8_512_8_102432 ----
INFO 09-01 23:49:50 [__init__.py:244] Automatically detected platform rocm.
[0;31mE20250901 23:50:06.097019 139801544292096 output_stream.cpp:105] Opened result file: ./profiles/standalone_attn_prefill_and_decode_tp8_prefill_then_decode8_512_8_102432_kernel_trace.csv
[m[0;31mE20250901 23:50:06.102990 139801544292096 output_stream.cpp:105] Opened result file: ./profiles/standalone_attn_prefill_and_decode_tp8_prefill_then_decode8_512_8_102432_agent_info.csv
[m[0;33mW20250901 23:50:14.515096 139801544292096 tool.cpp:1902] rocprofv3_error_signal_handler caught signal 11...
[m# ---- Run standalone_attn_prefill_and_decode_tp8_prefill_then_decode8_512_8_204832 ----
INFO 09-01 23:50:19 [__init__.py:244] Automatically detected platform rocm.
[0;31mE20250901 23:50:34.638519 139696033171200 output_stream.cpp:105] Opened result file: ./profiles/standalone_attn_prefill_and_decode_tp8_prefill_then_decode8_512_8_204832_kernel_trace.csv
[m[0;31mE20250901 23:50:34.644521 139696033171200 output_stream.cpp:105] Opened result file: ./profiles/standalone_attn_prefill_and_decode_tp8_prefill_then_decode8_512_8_204832_agent_info.csv
[m[0;33mW20250901 23:50:43.527109 139696033171200 tool.cpp:1902] rocprofv3_error_signal_handler caught signal 11...
[m# ---- Run standalone_attn_prefill_and_decode_tp8_prefill_then_decode8_512_8_409632 ----
INFO 09-01 23:50:48 [__init__.py:244] Automatically detected platform rocm.
[0;31mE20250901 23:51:03.604343 140505222711040 output_stream.cpp:105] Opened result file: ./profiles/standalone_attn_prefill_and_decode_tp8_prefill_then_decode8_512_8_409632_kernel_trace.csv
[m[0;31mE20250901 23:51:03.610302 140505222711040 output_stream.cpp:105] Opened result file: ./profiles/standalone_attn_prefill_and_decode_tp8_prefill_then_decode8_512_8_409632_agent_info.csv
[m[0;33mW20250901 23:51:12.348522 140505222711040 tool.cpp:1902] rocprofv3_error_signal_handler caught signal 11...
[m# ---- Run standalone_attn_prefill_and_decode_tp8_prefill_then_decode8_512_8_819232 ----
INFO 09-01 23:51:17 [__init__.py:244] Automatically detected platform rocm.
[0;31mE20250901 23:51:32.169912 140047333226240 output_stream.cpp:105] Opened result file: ./profiles/standalone_attn_prefill_and_decode_tp8_prefill_then_decode8_512_8_819232_kernel_trace.csv
[m[0;31mE20250901 23:51:32.175831 140047333226240 output_stream.cpp:105] Opened result file: ./profiles/standalone_attn_prefill_and_decode_tp8_prefill_then_decode8_512_8_819232_agent_info.csv
[m[0;33mW20250901 23:51:40.883786 140047333226240 tool.cpp:1902] rocprofv3_error_signal_handler caught signal 11...
[m# ---- Run standalone_attn_prefill_and_decode_tp8_prefill_then_decode8_512_16_25632 ----
INFO 09-01 23:51:45 [__init__.py:244] Automatically detected platform rocm.
[0;31mE20250901 23:52:00.922482 139905575126784 output_stream.cpp:105] Opened result file: ./profiles/standalone_attn_prefill_and_decode_tp8_prefill_then_decode8_512_16_25632_kernel_trace.csv
[m[0;31mE20250901 23:52:00.928449 139905575126784 output_stream.cpp:105] Opened result file: ./profiles/standalone_attn_prefill_and_decode_tp8_prefill_then_decode8_512_16_25632_agent_info.csv
[m[0;33mW20250901 23:52:09.546213 139905575126784 tool.cpp:1902] rocprofv3_error_signal_handler caught signal 11...
[m# ---- Run standalone_attn_prefill_and_decode_tp8_prefill_then_decode8_512_16_51232 ----
INFO 09-01 23:52:14 [__init__.py:244] Automatically detected platform rocm.
[0;31mE20250901 23:52:29.568982 140201790109440 output_stream.cpp:105] Opened result file: ./profiles/standalone_attn_prefill_and_decode_tp8_prefill_then_decode8_512_16_51232_kernel_trace.csv
[m[0;31mE20250901 23:52:29.574919 140201790109440 output_stream.cpp:105] Opened result file: ./profiles/standalone_attn_prefill_and_decode_tp8_prefill_then_decode8_512_16_51232_agent_info.csv
[m[0;33mW20250901 23:52:37.815695 140201790109440 tool.cpp:1902] rocprofv3_error_signal_handler caught signal 11...
[m# ---- Run standalone_attn_prefill_and_decode_tp8_prefill_then_decode8_512_16_102432 ----
INFO 09-01 23:52:42 [__init__.py:244] Automatically detected platform rocm.
[0;31mE20250901 23:52:58.341560 140320380770048 output_stream.cpp:105] Opened result file: ./profiles/standalone_attn_prefill_and_decode_tp8_prefill_then_decode8_512_16_102432_kernel_trace.csv
[m[0;31mE20250901 23:52:58.348310 140320380770048 output_stream.cpp:105] Opened result file: ./profiles/standalone_attn_prefill_and_decode_tp8_prefill_then_decode8_512_16_102432_agent_info.csv
[m[0;33mW20250901 23:53:07.152163 140320380770048 tool.cpp:1902] rocprofv3_error_signal_handler caught signal 11...
[m# ---- Run standalone_attn_prefill_and_decode_tp8_prefill_then_decode8_512_16_204832 ----
INFO 09-01 23:53:12 [__init__.py:244] Automatically detected platform rocm.
[0;31mE20250901 23:53:27.284069 139702251939584 output_stream.cpp:105] Opened result file: ./profiles/standalone_attn_prefill_and_decode_tp8_prefill_then_decode8_512_16_204832_kernel_trace.csv
[m[0;31mE20250901 23:53:27.289895 139702251939584 output_stream.cpp:105] Opened result file: ./profiles/standalone_attn_prefill_and_decode_tp8_prefill_then_decode8_512_16_204832_agent_info.csv
[m[0;33mW20250901 23:53:35.689469 139702251939584 tool.cpp:1902] rocprofv3_error_signal_handler caught signal 11...
[m# ---- Run standalone_attn_prefill_and_decode_tp8_prefill_then_decode8_512_16_409632 ----
INFO 09-01 23:53:40 [__init__.py:244] Automatically detected platform rocm.
[0;31mE20250901 23:53:56.268925 140532481443584 output_stream.cpp:105] Opened result file: ./profiles/standalone_attn_prefill_and_decode_tp8_prefill_then_decode8_512_16_409632_kernel_trace.csv
[m[0;31mE20250901 23:53:56.274770 140532481443584 output_stream.cpp:105] Opened result file: ./profiles/standalone_attn_prefill_and_decode_tp8_prefill_then_decode8_512_16_409632_agent_info.csv
[m[0;33mW20250901 23:54:05.367496 140532481443584 tool.cpp:1902] rocprofv3_error_signal_handler caught signal 11...
[m# ---- Run standalone_attn_prefill_and_decode_tp8_prefill_then_decode8_512_16_819232 ----
INFO 09-01 23:54:10 [__init__.py:244] Automatically detected platform rocm.
[0;31mE20250901 23:54:25.431469 139995753690880 output_stream.cpp:105] Opened result file: ./profiles/standalone_attn_prefill_and_decode_tp8_prefill_then_decode8_512_16_819232_kernel_trace.csv
[m[0;31mE20250901 23:54:25.437507 139995753690880 output_stream.cpp:105] Opened result file: ./profiles/standalone_attn_prefill_and_decode_tp8_prefill_then_decode8_512_16_819232_agent_info.csv
[m[0;33mW20250901 23:54:33.759659 139995753690880 tool.cpp:1902] rocprofv3_error_signal_handler caught signal 11...
[m# ---- Run standalone_attn_prefill_and_decode_tp8_prefill_then_decode8_512_32_25632 ----
INFO 09-01 23:54:38 [__init__.py:244] Automatically detected platform rocm.
[0;31mE20250901 23:54:53.722602 140106056890112 output_stream.cpp:105] Opened result file: ./profiles/standalone_attn_prefill_and_decode_tp8_prefill_then_decode8_512_32_25632_kernel_trace.csv
[m[0;31mE20250901 23:54:53.728470 140106056890112 output_stream.cpp:105] Opened result file: ./profiles/standalone_attn_prefill_and_decode_tp8_prefill_then_decode8_512_32_25632_agent_info.csv
[m[0;33mW20250901 23:55:02.542808 140106056890112 tool.cpp:1902] rocprofv3_error_signal_handler caught signal 11...
[m# ---- Run standalone_attn_prefill_and_decode_tp8_prefill_then_decode8_512_32_51232 ----
INFO 09-01 23:55:07 [__init__.py:244] Automatically detected platform rocm.
[0;31mE20250901 23:55:22.552382 140088339666688 output_stream.cpp:105] Opened result file: ./profiles/standalone_attn_prefill_and_decode_tp8_prefill_then_decode8_512_32_51232_kernel_trace.csv
[m[0;31mE20250901 23:55:22.558331 140088339666688 output_stream.cpp:105] Opened result file: ./profiles/standalone_attn_prefill_and_decode_tp8_prefill_then_decode8_512_32_51232_agent_info.csv
[m[0;33mW20250901 23:55:31.344895 140088339666688 tool.cpp:1902] rocprofv3_error_signal_handler caught signal 11...
[m# ---- Run standalone_attn_prefill_and_decode_tp8_prefill_then_decode8_512_32_102432 ----
INFO 09-01 23:55:36 [__init__.py:244] Automatically detected platform rocm.
[0;31mE20250901 23:55:51.244457 140130758764288 output_stream.cpp:105] Opened result file: ./profiles/standalone_attn_prefill_and_decode_tp8_prefill_then_decode8_512_32_102432_kernel_trace.csv
[m[0;31mE20250901 23:55:51.250255 140130758764288 output_stream.cpp:105] Opened result file: ./profiles/standalone_attn_prefill_and_decode_tp8_prefill_then_decode8_512_32_102432_agent_info.csv
[m[0;33mW20250901 23:55:59.615623 140130758764288 tool.cpp:1902] rocprofv3_error_signal_handler caught signal 11...
[m# ---- Run standalone_attn_prefill_and_decode_tp8_prefill_then_decode8_512_32_204832 ----
INFO 09-01 23:56:04 [__init__.py:244] Automatically detected platform rocm.
[0;31mE20250901 23:56:19.574374 140528985573120 output_stream.cpp:105] Opened result file: ./profiles/standalone_attn_prefill_and_decode_tp8_prefill_then_decode8_512_32_204832_kernel_trace.csv
[m[0;31mE20250901 23:56:19.580272 140528985573120 output_stream.cpp:105] Opened result file: ./profiles/standalone_attn_prefill_and_decode_tp8_prefill_then_decode8_512_32_204832_agent_info.csv
[m[0;33mW20250901 23:56:28.119389 140528985573120 tool.cpp:1902] rocprofv3_error_signal_handler caught signal 11...
[m# ---- Run standalone_attn_prefill_and_decode_tp8_prefill_then_decode8_512_32_409632 ----
INFO 09-01 23:56:33 [__init__.py:244] Automatically detected platform rocm.
[0;31mE20250901 23:56:48.362832 140297958958848 output_stream.cpp:105] Opened result file: ./profiles/standalone_attn_prefill_and_decode_tp8_prefill_then_decode8_512_32_409632_kernel_trace.csv
[m[0;31mE20250901 23:56:48.368732 140297958958848 output_stream.cpp:105] Opened result file: ./profiles/standalone_attn_prefill_and_decode_tp8_prefill_then_decode8_512_32_409632_agent_info.csv
[m[0;33mW20250901 23:56:57.305842 140297958958848 tool.cpp:1902] rocprofv3_error_signal_handler caught signal 11...
[m# ---- Run standalone_attn_prefill_and_decode_tp8_prefill_then_decode8_512_32_819232 ----
INFO 09-01 23:57:02 [__init__.py:244] Automatically detected platform rocm.
[0;31mE20250901 23:57:17.215111 140290282784512 output_stream.cpp:105] Opened result file: ./profiles/standalone_attn_prefill_and_decode_tp8_prefill_then_decode8_512_32_819232_kernel_trace.csv
[m[0;31mE20250901 23:57:17.221020 140290282784512 output_stream.cpp:105] Opened result file: ./profiles/standalone_attn_prefill_and_decode_tp8_prefill_then_decode8_512_32_819232_agent_info.csv
[m[0;33mW20250901 23:57:25.961249 140290282784512 tool.cpp:1902] rocprofv3_error_signal_handler caught signal 11...
[m# ---- Run standalone_attn_prefill_and_decode_tp8_prefill_then_decode8_512_64_25632 ----
INFO 09-01 23:57:30 [__init__.py:244] Automatically detected platform rocm.
[0;31mE20250901 23:57:46.200711 140474265425664 output_stream.cpp:105] Opened result file: ./profiles/standalone_attn_prefill_and_decode_tp8_prefill_then_decode8_512_64_25632_kernel_trace.csv
[m[0;31mE20250901 23:57:46.206570 140474265425664 output_stream.cpp:105] Opened result file: ./profiles/standalone_attn_prefill_and_decode_tp8_prefill_then_decode8_512_64_25632_agent_info.csv
[m[0;33mW20250901 23:57:54.617412 140474265425664 tool.cpp:1902] rocprofv3_error_signal_handler caught signal 11...
[m# ---- Run standalone_attn_prefill_and_decode_tp8_prefill_then_decode8_512_64_51232 ----
INFO 09-01 23:57:59 [__init__.py:244] Automatically detected platform rocm.
[0;31mE20250901 23:58:14.741733 140450935629568 output_stream.cpp:105] Opened result file: ./profiles/standalone_attn_prefill_and_decode_tp8_prefill_then_decode8_512_64_51232_kernel_trace.csv
[m[0;31mE20250901 23:58:14.747612 140450935629568 output_stream.cpp:105] Opened result file: ./profiles/standalone_attn_prefill_and_decode_tp8_prefill_then_decode8_512_64_51232_agent_info.csv
[m[0;33mW20250901 23:58:23.228542 140450935629568 tool.cpp:1902] rocprofv3_error_signal_handler caught signal 11...
[m# ---- Run standalone_attn_prefill_and_decode_tp8_prefill_then_decode8_512_64_102432 ----
INFO 09-01 23:58:28 [__init__.py:244] Automatically detected platform rocm.
[0;31mE20250901 23:58:43.245971 140304665806592 output_stream.cpp:105] Opened result file: ./profiles/standalone_attn_prefill_and_decode_tp8_prefill_then_decode8_512_64_102432_kernel_trace.csv
[m[0;31mE20250901 23:58:43.251812 140304665806592 output_stream.cpp:105] Opened result file: ./profiles/standalone_attn_prefill_and_decode_tp8_prefill_then_decode8_512_64_102432_agent_info.csv
[m[0;33mW20250901 23:58:51.493187 140304665806592 tool.cpp:1902] rocprofv3_error_signal_handler caught signal 11...
[m# ---- Run standalone_attn_prefill_and_decode_tp8_prefill_then_decode8_512_64_204832 ----
INFO 09-01 23:58:56 [__init__.py:244] Automatically detected platform rocm.
[0;31mE20250901 23:59:11.645132 140330489267968 output_stream.cpp:105] Opened result file: ./profiles/standalone_attn_prefill_and_decode_tp8_prefill_then_decode8_512_64_204832_kernel_trace.csv
[m[0;31mE20250901 23:59:11.651093 140330489267968 output_stream.cpp:105] Opened result file: ./profiles/standalone_attn_prefill_and_decode_tp8_prefill_then_decode8_512_64_204832_agent_info.csv
[m[0;33mW20250901 23:59:20.585116 140330489267968 tool.cpp:1902] rocprofv3_error_signal_handler caught signal 11...
[m# ---- Run standalone_attn_prefill_and_decode_tp8_prefill_then_decode8_512_64_409632 ----
INFO 09-01 23:59:25 [__init__.py:244] Automatically detected platform rocm.
[0;31mE20250901 23:59:40.941323 140199896151808 output_stream.cpp:105] Opened result file: ./profiles/standalone_attn_prefill_and_decode_tp8_prefill_then_decode8_512_64_409632_kernel_trace.csv
[m[0;31mE20250901 23:59:40.947516 140199896151808 output_stream.cpp:105] Opened result file: ./profiles/standalone_attn_prefill_and_decode_tp8_prefill_then_decode8_512_64_409632_agent_info.csv
[m[0;33mW20250901 23:59:50.248186 140199896151808 tool.cpp:1902] rocprofv3_error_signal_handler caught signal 11...
[m# ---- Run standalone_attn_prefill_and_decode_tp8_prefill_then_decode8_512_64_819232 ----
INFO 09-01 23:59:55 [__init__.py:244] Automatically detected platform rocm.
[0;31mE20250902 00:00:10.412265 139864790972160 output_stream.cpp:105] Opened result file: ./profiles/standalone_attn_prefill_and_decode_tp8_prefill_then_decode8_512_64_819232_kernel_trace.csv
[m[0;31mE20250902 00:00:10.418177 139864790972160 output_stream.cpp:105] Opened result file: ./profiles/standalone_attn_prefill_and_decode_tp8_prefill_then_decode8_512_64_819232_agent_info.csv
[m[0;33mW20250902 00:00:18.852199 139864790972160 tool.cpp:1902] rocprofv3_error_signal_handler caught signal 11...
[m# ---- Run standalone_attn_prefill_and_decode_tp8_prefill_then_decode8_512_128_25632 ----
INFO 09-02 00:00:23 [__init__.py:244] Automatically detected platform rocm.
[0;31mE20250902 00:00:38.501325 140662816888576 output_stream.cpp:105] Opened result file: ./profiles/standalone_attn_prefill_and_decode_tp8_prefill_then_decode8_512_128_25632_kernel_trace.csv
[m[0;31mE20250902 00:00:38.507090 140662816888576 output_stream.cpp:105] Opened result file: ./profiles/standalone_attn_prefill_and_decode_tp8_prefill_then_decode8_512_128_25632_agent_info.csv
[m[0;33mW20250902 00:00:46.965416 140662816888576 tool.cpp:1902] rocprofv3_error_signal_handler caught signal 11...
[m# ---- Run standalone_attn_prefill_and_decode_tp8_prefill_then_decode8_512_128_51232 ----
INFO 09-02 00:00:51 [__init__.py:244] Automatically detected platform rocm.
[0;31mE20250902 00:01:06.591465 139621241317120 output_stream.cpp:105] Opened result file: ./profiles/standalone_attn_prefill_and_decode_tp8_prefill_then_decode8_512_128_51232_kernel_trace.csv
[m[0;31mE20250902 00:01:06.597407 139621241317120 output_stream.cpp:105] Opened result file: ./profiles/standalone_attn_prefill_and_decode_tp8_prefill_then_decode8_512_128_51232_agent_info.csv
[m[0;33mW20250902 00:01:14.916575 139621241317120 tool.cpp:1902] rocprofv3_error_signal_handler caught signal 11...
[m# ---- Run standalone_attn_prefill_and_decode_tp8_prefill_then_decode8_512_128_102432 ----
INFO 09-02 00:01:19 [__init__.py:244] Automatically detected platform rocm.
[0;31mE20250902 00:01:34.599935 140591765690112 output_stream.cpp:105] Opened result file: ./profiles/standalone_attn_prefill_and_decode_tp8_prefill_then_decode8_512_128_102432_kernel_trace.csv
[m[0;31mE20250902 00:01:34.605919 140591765690112 output_stream.cpp:105] Opened result file: ./profiles/standalone_attn_prefill_and_decode_tp8_prefill_then_decode8_512_128_102432_agent_info.csv
[m[0;33mW20250902 00:01:43.156621 140591765690112 tool.cpp:1902] rocprofv3_error_signal_handler caught signal 11...
[m# ---- Run standalone_attn_prefill_and_decode_tp8_prefill_then_decode8_512_128_204832 ----
INFO 09-02 00:01:48 [__init__.py:244] Automatically detected platform rocm.
[0;31mE20250902 00:02:02.792620 140636635404032 output_stream.cpp:105] Opened result file: ./profiles/standalone_attn_prefill_and_decode_tp8_prefill_then_decode8_512_128_204832_kernel_trace.csv
[m[0;31mE20250902 00:02:02.798726 140636635404032 output_stream.cpp:105] Opened result file: ./profiles/standalone_attn_prefill_and_decode_tp8_prefill_then_decode8_512_128_204832_agent_info.csv
[m[0;33mW20250902 00:02:11.734599 140636635404032 tool.cpp:1902] rocprofv3_error_signal_handler caught signal 11...
[m# ---- Run standalone_attn_prefill_and_decode_tp8_prefill_then_decode8_512_128_409632 ----
INFO 09-02 00:02:16 [__init__.py:244] Automatically detected platform rocm.
[0;31mE20250902 00:02:31.183494 139842769528576 output_stream.cpp:105] Opened result file: ./profiles/standalone_attn_prefill_and_decode_tp8_prefill_then_decode8_512_128_409632_kernel_trace.csv
[m[0;31mE20250902 00:02:31.189313 139842769528576 output_stream.cpp:105] Opened result file: ./profiles/standalone_attn_prefill_and_decode_tp8_prefill_then_decode8_512_128_409632_agent_info.csv
[m[0;33mW20250902 00:02:39.895469 139842769528576 tool.cpp:1902] rocprofv3_error_signal_handler caught signal 11...
[m# ---- Run standalone_attn_prefill_and_decode_tp8_prefill_then_decode8_512_128_819232 ----
INFO 09-02 00:02:44 [__init__.py:244] Automatically detected platform rocm.
[0;31mE20250902 00:02:59.500936 140025653434112 output_stream.cpp:105] Opened result file: ./profiles/standalone_attn_prefill_and_decode_tp8_prefill_then_decode8_512_128_819232_kernel_trace.csv
[m[0;31mE20250902 00:02:59.506928 140025653434112 output_stream.cpp:105] Opened result file: ./profiles/standalone_attn_prefill_and_decode_tp8_prefill_then_decode8_512_128_819232_agent_info.csv
[m[0;33mW20250902 00:03:08.180113 140025653434112 tool.cpp:1902] rocprofv3_error_signal_handler caught signal 11...
[m# ---- Run standalone_attn_prefill_and_decode_tp8_prefill_then_decode8_1024_1_25632 ----
INFO 09-02 00:03:12 [__init__.py:244] Automatically detected platform rocm.
[0;31mE20250902 00:03:28.320870 139973732587264 output_stream.cpp:105] Opened result file: ./profiles/standalone_attn_prefill_and_decode_tp8_prefill_then_decode8_1024_1_25632_kernel_trace.csv
[m[0;31mE20250902 00:03:28.327045 139973732587264 output_stream.cpp:105] Opened result file: ./profiles/standalone_attn_prefill_and_decode_tp8_prefill_then_decode8_1024_1_25632_agent_info.csv
[m[0;33mW20250902 00:03:36.965996 139973732587264 tool.cpp:1902] rocprofv3_error_signal_handler caught signal 11...
[m# ---- Run standalone_attn_prefill_and_decode_tp8_prefill_then_decode8_1024_1_51232 ----
INFO 09-02 00:03:41 [__init__.py:244] Automatically detected platform rocm.
[0;31mE20250902 00:03:56.928490 139666197407488 output_stream.cpp:105] Opened result file: ./profiles/standalone_attn_prefill_and_decode_tp8_prefill_then_decode8_1024_1_51232_kernel_trace.csv
[m[0;31mE20250902 00:03:56.934403 139666197407488 output_stream.cpp:105] Opened result file: ./profiles/standalone_attn_prefill_and_decode_tp8_prefill_then_decode8_1024_1_51232_agent_info.csv
[m[0;33mW20250902 00:04:05.251862 139666197407488 tool.cpp:1902] rocprofv3_error_signal_handler caught signal 11...
[m# ---- Run standalone_attn_prefill_and_decode_tp8_prefill_then_decode8_1024_1_102432 ----
INFO 09-02 00:04:09 [__init__.py:244] Automatically detected platform rocm.
[0;31mE20250902 00:04:25.252820 140086622930688 output_stream.cpp:105] Opened result file: ./profiles/standalone_attn_prefill_and_decode_tp8_prefill_then_decode8_1024_1_102432_kernel_trace.csv
[m[0;31mE20250902 00:04:25.258542 140086622930688 output_stream.cpp:105] Opened result file: ./profiles/standalone_attn_prefill_and_decode_tp8_prefill_then_decode8_1024_1_102432_agent_info.csv
[m[0;33mW20250902 00:04:33.718288 140086622930688 tool.cpp:1902] rocprofv3_error_signal_handler caught signal 11...
[m# ---- Run standalone_attn_prefill_and_decode_tp8_prefill_then_decode8_1024_1_204832 ----
INFO 09-02 00:04:38 [__init__.py:244] Automatically detected platform rocm.
[0;31mE20250902 00:04:54.010891 140422968952576 output_stream.cpp:105] Opened result file: ./profiles/standalone_attn_prefill_and_decode_tp8_prefill_then_decode8_1024_1_204832_kernel_trace.csv
[m[0;31mE20250902 00:04:54.017004 140422968952576 output_stream.cpp:105] Opened result file: ./profiles/standalone_attn_prefill_and_decode_tp8_prefill_then_decode8_1024_1_204832_agent_info.csv
[m[0;33mW20250902 00:05:02.498660 140422968952576 tool.cpp:1902] rocprofv3_error_signal_handler caught signal 11...
[m# ---- Run standalone_attn_prefill_and_decode_tp8_prefill_then_decode8_1024_1_409632 ----
INFO 09-02 00:05:07 [__init__.py:244] Automatically detected platform rocm.
[0;31mE20250902 00:05:22.440159 139656505902848 output_stream.cpp:105] Opened result file: ./profiles/standalone_attn_prefill_and_decode_tp8_prefill_then_decode8_1024_1_409632_kernel_trace.csv
[m[0;31mE20250902 00:05:22.446098 139656505902848 output_stream.cpp:105] Opened result file: ./profiles/standalone_attn_prefill_and_decode_tp8_prefill_then_decode8_1024_1_409632_agent_info.csv
[m[0;33mW20250902 00:05:30.825719 139656505902848 tool.cpp:1902] rocprofv3_error_signal_handler caught signal 11...
[m# ---- Run standalone_attn_prefill_and_decode_tp8_prefill_then_decode8_1024_1_819232 ----
INFO 09-02 00:05:35 [__init__.py:244] Automatically detected platform rocm.
[0;31mE20250902 00:05:50.915292 140129434597120 output_stream.cpp:105] Opened result file: ./profiles/standalone_attn_prefill_and_decode_tp8_prefill_then_decode8_1024_1_819232_kernel_trace.csv
[m[0;31mE20250902 00:05:50.922048 140129434597120 output_stream.cpp:105] Opened result file: ./profiles/standalone_attn_prefill_and_decode_tp8_prefill_then_decode8_1024_1_819232_agent_info.csv
[m[0;33mW20250902 00:05:59.734168 140129434597120 tool.cpp:1902] rocprofv3_error_signal_handler caught signal 11...
[m# ---- Run standalone_attn_prefill_and_decode_tp8_prefill_then_decode8_1024_2_25632 ----
INFO 09-02 00:06:04 [__init__.py:244] Automatically detected platform rocm.
[0;31mE20250902 00:06:19.661048 140170344515328 output_stream.cpp:105] Opened result file: ./profiles/standalone_attn_prefill_and_decode_tp8_prefill_then_decode8_1024_2_25632_kernel_trace.csv
[m[0;31mE20250902 00:06:19.666973 140170344515328 output_stream.cpp:105] Opened result file: ./profiles/standalone_attn_prefill_and_decode_tp8_prefill_then_decode8_1024_2_25632_agent_info.csv
[m[0;33mW20250902 00:06:28.065351 140170344515328 tool.cpp:1902] rocprofv3_error_signal_handler caught signal 11...
[m# ---- Run standalone_attn_prefill_and_decode_tp8_prefill_then_decode8_1024_2_51232 ----
INFO 09-02 00:06:32 [__init__.py:244] Automatically detected platform rocm.
[0;31mE20250902 00:06:48.387392 140392097601280 output_stream.cpp:105] Opened result file: ./profiles/standalone_attn_prefill_and_decode_tp8_prefill_then_decode8_1024_2_51232_kernel_trace.csv
[m[0;31mE20250902 00:06:48.393355 140392097601280 output_stream.cpp:105] Opened result file: ./profiles/standalone_attn_prefill_and_decode_tp8_prefill_then_decode8_1024_2_51232_agent_info.csv
[m[0;33mW20250902 00:06:57.167835 140392097601280 tool.cpp:1902] rocprofv3_error_signal_handler caught signal 11...
[m# ---- Run standalone_attn_prefill_and_decode_tp8_prefill_then_decode8_1024_2_102432 ----
INFO 09-02 00:07:02 [__init__.py:244] Automatically detected platform rocm.
[0;31mE20250902 00:07:17.035641 140265415997184 output_stream.cpp:105] Opened result file: ./profiles/standalone_attn_prefill_and_decode_tp8_prefill_then_decode8_1024_2_102432_kernel_trace.csv
[m[0;31mE20250902 00:07:17.041776 140265415997184 output_stream.cpp:105] Opened result file: ./profiles/standalone_attn_prefill_and_decode_tp8_prefill_then_decode8_1024_2_102432_agent_info.csv
[m[0;33mW20250902 00:07:25.971548 140265415997184 tool.cpp:1902] rocprofv3_error_signal_handler caught signal 11...
[m# ---- Run standalone_attn_prefill_and_decode_tp8_prefill_then_decode8_1024_2_204832 ----
INFO 09-02 00:07:30 [__init__.py:244] Automatically detected platform rocm.
[0;31mE20250902 00:07:45.734941 139914926458624 output_stream.cpp:105] Opened result file: ./profiles/standalone_attn_prefill_and_decode_tp8_prefill_then_decode8_1024_2_204832_kernel_trace.csv
[m[0;31mE20250902 00:07:45.740978 139914926458624 output_stream.cpp:105] Opened result file: ./profiles/standalone_attn_prefill_and_decode_tp8_prefill_then_decode8_1024_2_204832_agent_info.csv
[m[0;33mW20250902 00:07:54.117419 139914926458624 tool.cpp:1902] rocprofv3_error_signal_handler caught signal 11...
[m# ---- Run standalone_attn_prefill_and_decode_tp8_prefill_then_decode8_1024_2_409632 ----
INFO 09-02 00:07:59 [__init__.py:244] Automatically detected platform rocm.
[0;31mE20250902 00:08:14.239212 140517253691136 output_stream.cpp:105] Opened result file: ./profiles/standalone_attn_prefill_and_decode_tp8_prefill_then_decode8_1024_2_409632_kernel_trace.csv
[m[0;31mE20250902 00:08:14.245076 140517253691136 output_stream.cpp:105] Opened result file: ./profiles/standalone_attn_prefill_and_decode_tp8_prefill_then_decode8_1024_2_409632_agent_info.csv
[m[0;33mW20250902 00:08:23.294391 140517253691136 tool.cpp:1902] rocprofv3_error_signal_handler caught signal 11...
[m# ---- Run standalone_attn_prefill_and_decode_tp8_prefill_then_decode8_1024_2_819232 ----
INFO 09-02 00:08:28 [__init__.py:244] Automatically detected platform rocm.
[0;31mE20250902 00:08:43.501145 139996782667520 output_stream.cpp:105] Opened result file: ./profiles/standalone_attn_prefill_and_decode_tp8_prefill_then_decode8_1024_2_819232_kernel_trace.csv
[m[0;31mE20250902 00:08:43.507204 139996782667520 output_stream.cpp:105] Opened result file: ./profiles/standalone_attn_prefill_and_decode_tp8_prefill_then_decode8_1024_2_819232_agent_info.csv
[m[0;33mW20250902 00:08:52.469330 139996782667520 tool.cpp:1902] rocprofv3_error_signal_handler caught signal 11...
[m# ---- Run standalone_attn_prefill_and_decode_tp8_prefill_then_decode8_1024_4_25632 ----
INFO 09-02 00:08:57 [__init__.py:244] Automatically detected platform rocm.
[0;31mE20250902 00:09:12.435192 139803434628864 output_stream.cpp:105] Opened result file: ./profiles/standalone_attn_prefill_and_decode_tp8_prefill_then_decode8_1024_4_25632_kernel_trace.csv
[m[0;31mE20250902 00:09:12.441167 139803434628864 output_stream.cpp:105] Opened result file: ./profiles/standalone_attn_prefill_and_decode_tp8_prefill_then_decode8_1024_4_25632_agent_info.csv
[m[0;33mW20250902 00:09:21.395168 139803434628864 tool.cpp:1902] rocprofv3_error_signal_handler caught signal 11...
[m# ---- Run standalone_attn_prefill_and_decode_tp8_prefill_then_decode8_1024_4_51232 ----
INFO 09-02 00:09:26 [__init__.py:244] Automatically detected platform rocm.
[0;31mE20250902 00:09:41.382397 140493920294656 output_stream.cpp:105] Opened result file: ./profiles/standalone_attn_prefill_and_decode_tp8_prefill_then_decode8_1024_4_51232_kernel_trace.csv
[m[0;31mE20250902 00:09:41.388264 140493920294656 output_stream.cpp:105] Opened result file: ./profiles/standalone_attn_prefill_and_decode_tp8_prefill_then_decode8_1024_4_51232_agent_info.csv
[m[0;33mW20250902 00:09:49.866928 140493920294656 tool.cpp:1902] rocprofv3_error_signal_handler caught signal 11...
[m# ---- Run standalone_attn_prefill_and_decode_tp8_prefill_then_decode8_1024_4_102432 ----
INFO 09-02 00:09:54 [__init__.py:244] Automatically detected platform rocm.
[0;31mE20250902 00:10:10.447279 139910333351680 output_stream.cpp:105] Opened result file: ./profiles/standalone_attn_prefill_and_decode_tp8_prefill_then_decode8_1024_4_102432_kernel_trace.csv
[m[0;31mE20250902 00:10:10.453190 139910333351680 output_stream.cpp:105] Opened result file: ./profiles/standalone_attn_prefill_and_decode_tp8_prefill_then_decode8_1024_4_102432_agent_info.csv
[m[0;33mW20250902 00:10:19.031305 139910333351680 tool.cpp:1902] rocprofv3_error_signal_handler caught signal 11...
[m# ---- Run standalone_attn_prefill_and_decode_tp8_prefill_then_decode8_1024_4_204832 ----
INFO 09-02 00:10:23 [__init__.py:244] Automatically detected platform rocm.
[0;31mE20250902 00:10:38.980173 140551715632896 output_stream.cpp:105] Opened result file: ./profiles/standalone_attn_prefill_and_decode_tp8_prefill_then_decode8_1024_4_204832_kernel_trace.csv
[m[0;31mE20250902 00:10:38.986155 140551715632896 output_stream.cpp:105] Opened result file: ./profiles/standalone_attn_prefill_and_decode_tp8_prefill_then_decode8_1024_4_204832_agent_info.csv
[m[0;33mW20250902 00:10:47.395337 140551715632896 tool.cpp:1902] rocprofv3_error_signal_handler caught signal 11...
[m# ---- Run standalone_attn_prefill_and_decode_tp8_prefill_then_decode8_1024_4_409632 ----
INFO 09-02 00:10:52 [__init__.py:244] Automatically detected platform rocm.
[0;31mE20250902 00:11:07.981721 139690089719552 output_stream.cpp:105] Opened result file: ./profiles/standalone_attn_prefill_and_decode_tp8_prefill_then_decode8_1024_4_409632_kernel_trace.csv
[m[0;31mE20250902 00:11:07.987800 139690089719552 output_stream.cpp:105] Opened result file: ./profiles/standalone_attn_prefill_and_decode_tp8_prefill_then_decode8_1024_4_409632_agent_info.csv
[m[0;33mW20250902 00:11:16.958447 139690089719552 tool.cpp:1902] rocprofv3_error_signal_handler caught signal 11...
[m# ---- Run standalone_attn_prefill_and_decode_tp8_prefill_then_decode8_1024_4_819232 ----
INFO 09-02 00:11:21 [__init__.py:244] Automatically detected platform rocm.
[0;31mE20250902 00:11:37.120259 140638496933632 output_stream.cpp:105] Opened result file: ./profiles/standalone_attn_prefill_and_decode_tp8_prefill_then_decode8_1024_4_819232_kernel_trace.csv
[m[0;31mE20250902 00:11:37.126175 140638496933632 output_stream.cpp:105] Opened result file: ./profiles/standalone_attn_prefill_and_decode_tp8_prefill_then_decode8_1024_4_819232_agent_info.csv
[m[0;33mW20250902 00:11:46.094977 140638496933632 tool.cpp:1902] rocprofv3_error_signal_handler caught signal 11...
[m# ---- Run standalone_attn_prefill_and_decode_tp8_prefill_then_decode8_1024_8_25632 ----
INFO 09-02 00:11:50 [__init__.py:244] Automatically detected platform rocm.
[0;31mE20250902 00:12:06.397131 139896094263040 output_stream.cpp:105] Opened result file: ./profiles/standalone_attn_prefill_and_decode_tp8_prefill_then_decode8_1024_8_25632_kernel_trace.csv
[m[0;31mE20250902 00:12:06.403160 139896094263040 output_stream.cpp:105] Opened result file: ./profiles/standalone_attn_prefill_and_decode_tp8_prefill_then_decode8_1024_8_25632_agent_info.csv
[m[0;33mW20250902 00:12:15.367717 139896094263040 tool.cpp:1902] rocprofv3_error_signal_handler caught signal 11...
[m# ---- Run standalone_attn_prefill_and_decode_tp8_prefill_then_decode8_1024_8_51232 ----
INFO 09-02 00:12:20 [__init__.py:244] Automatically detected platform rocm.
[0;31mE20250902 00:12:35.731674 140665628428032 output_stream.cpp:105] Opened result file: ./profiles/standalone_attn_prefill_and_decode_tp8_prefill_then_decode8_1024_8_51232_kernel_trace.csv
[m[0;31mE20250902 00:12:35.737992 140665628428032 output_stream.cpp:105] Opened result file: ./profiles/standalone_attn_prefill_and_decode_tp8_prefill_then_decode8_1024_8_51232_agent_info.csv
[m[0;33mW20250902 00:12:45.067624 140665628428032 tool.cpp:1902] rocprofv3_error_signal_handler caught signal 11...
[m# ---- Run standalone_attn_prefill_and_decode_tp8_prefill_then_decode8_1024_8_102432 ----
INFO 09-02 00:12:49 [__init__.py:244] Automatically detected platform rocm.
[0;31mE20250902 00:13:05.287343 140499027715840 output_stream.cpp:105] Opened result file: ./profiles/standalone_attn_prefill_and_decode_tp8_prefill_then_decode8_1024_8_102432_kernel_trace.csv
[m[0;31mE20250902 00:13:05.293103 140499027715840 output_stream.cpp:105] Opened result file: ./profiles/standalone_attn_prefill_and_decode_tp8_prefill_then_decode8_1024_8_102432_agent_info.csv
[m[0;33mW20250902 00:13:14.391887 140499027715840 tool.cpp:1902] rocprofv3_error_signal_handler caught signal 11...
[m# ---- Run standalone_attn_prefill_and_decode_tp8_prefill_then_decode8_1024_8_204832 ----
INFO 09-02 00:13:19 [__init__.py:244] Automatically detected platform rocm.
[0;31mE20250902 00:13:34.551860 140166960301824 output_stream.cpp:105] Opened result file: ./profiles/standalone_attn_prefill_and_decode_tp8_prefill_then_decode8_1024_8_204832_kernel_trace.csv
[m[0;31mE20250902 00:13:34.558041 140166960301824 output_stream.cpp:105] Opened result file: ./profiles/standalone_attn_prefill_and_decode_tp8_prefill_then_decode8_1024_8_204832_agent_info.csv
[m[0;33mW20250902 00:13:43.290294 140166960301824 tool.cpp:1902] rocprofv3_error_signal_handler caught signal 11...
[m# ---- Run standalone_attn_prefill_and_decode_tp8_prefill_then_decode8_1024_8_409632 ----
INFO 09-02 00:13:48 [__init__.py:244] Automatically detected platform rocm.
[0;31mE20250902 00:14:03.255193 140679439980288 output_stream.cpp:105] Opened result file: ./profiles/standalone_attn_prefill_and_decode_tp8_prefill_then_decode8_1024_8_409632_kernel_trace.csv
[m[0;31mE20250902 00:14:03.261078 140679439980288 output_stream.cpp:105] Opened result file: ./profiles/standalone_attn_prefill_and_decode_tp8_prefill_then_decode8_1024_8_409632_agent_info.csv
[m[0;33mW20250902 00:14:11.937147 140679439980288 tool.cpp:1902] rocprofv3_error_signal_handler caught signal 11...
[m# ---- Run standalone_attn_prefill_and_decode_tp8_prefill_then_decode8_1024_8_819232 ----
INFO 09-02 00:14:16 [__init__.py:244] Automatically detected platform rocm.
[0;31mE20250902 00:14:32.150878 139758565435136 output_stream.cpp:105] Opened result file: ./profiles/standalone_attn_prefill_and_decode_tp8_prefill_then_decode8_1024_8_819232_kernel_trace.csv
[m[0;31mE20250902 00:14:32.156695 139758565435136 output_stream.cpp:105] Opened result file: ./profiles/standalone_attn_prefill_and_decode_tp8_prefill_then_decode8_1024_8_819232_agent_info.csv
[m[0;33mW20250902 00:14:41.189208 139758565435136 tool.cpp:1902] rocprofv3_error_signal_handler caught signal 11...
[m# ---- Run standalone_attn_prefill_and_decode_tp8_prefill_then_decode8_1024_16_25632 ----
INFO 09-02 00:14:46 [__init__.py:244] Automatically detected platform rocm.
[0;31mE20250902 00:15:01.277394 139761449064192 output_stream.cpp:105] Opened result file: ./profiles/standalone_attn_prefill_and_decode_tp8_prefill_then_decode8_1024_16_25632_kernel_trace.csv
[m[0;31mE20250902 00:15:01.283469 139761449064192 output_stream.cpp:105] Opened result file: ./profiles/standalone_attn_prefill_and_decode_tp8_prefill_then_decode8_1024_16_25632_agent_info.csv
[m[0;33mW20250902 00:15:09.872557 139761449064192 tool.cpp:1902] rocprofv3_error_signal_handler caught signal 11...
[m# ---- Run standalone_attn_prefill_and_decode_tp8_prefill_then_decode8_1024_16_51232 ----
INFO 09-02 00:15:14 [__init__.py:244] Automatically detected platform rocm.
[0;31mE20250902 00:15:29.908623 139874726856448 output_stream.cpp:105] Opened result file: ./profiles/standalone_attn_prefill_and_decode_tp8_prefill_then_decode8_1024_16_51232_kernel_trace.csv
[m[0;31mE20250902 00:15:29.914604 139874726856448 output_stream.cpp:105] Opened result file: ./profiles/standalone_attn_prefill_and_decode_tp8_prefill_then_decode8_1024_16_51232_agent_info.csv
[m[0;33mW20250902 00:15:38.367751 139874726856448 tool.cpp:1902] rocprofv3_error_signal_handler caught signal 11...
[m# ---- Run standalone_attn_prefill_and_decode_tp8_prefill_then_decode8_1024_16_102432 ----
INFO 09-02 00:15:43 [__init__.py:244] Automatically detected platform rocm.
[0;31mE20250902 00:15:59.087486 139797839214336 output_stream.cpp:105] Opened result file: ./profiles/standalone_attn_prefill_and_decode_tp8_prefill_then_decode8_1024_16_102432_kernel_trace.csv
[m[0;31mE20250902 00:15:59.093681 139797839214336 output_stream.cpp:105] Opened result file: ./profiles/standalone_attn_prefill_and_decode_tp8_prefill_then_decode8_1024_16_102432_agent_info.csv
[m[0;33mW20250902 00:16:08.040376 139797839214336 tool.cpp:1902] rocprofv3_error_signal_handler caught signal 11...
[m# ---- Run standalone_attn_prefill_and_decode_tp8_prefill_then_decode8_1024_16_204832 ----
INFO 09-02 00:16:13 [__init__.py:244] Automatically detected platform rocm.
[0;31mE20250902 00:16:29.526558 139643885504256 output_stream.cpp:105] Opened result file: ./profiles/standalone_attn_prefill_and_decode_tp8_prefill_then_decode8_1024_16_204832_kernel_trace.csv
[m[0;31mE20250902 00:16:29.532833 139643885504256 output_stream.cpp:105] Opened result file: ./profiles/standalone_attn_prefill_and_decode_tp8_prefill_then_decode8_1024_16_204832_agent_info.csv
[m[0;33mW20250902 00:16:37.990368 139643885504256 tool.cpp:1902] rocprofv3_error_signal_handler caught signal 11...
[m# ---- Run standalone_attn_prefill_and_decode_tp8_prefill_then_decode8_1024_16_409632 ----
INFO 09-02 00:16:43 [__init__.py:244] Automatically detected platform rocm.
[0;31mE20250902 00:16:59.862088 140465400522496 output_stream.cpp:105] Opened result file: ./profiles/standalone_attn_prefill_and_decode_tp8_prefill_then_decode8_1024_16_409632_kernel_trace.csv
[m[0;31mE20250902 00:16:59.868356 140465400522496 output_stream.cpp:105] Opened result file: ./profiles/standalone_attn_prefill_and_decode_tp8_prefill_then_decode8_1024_16_409632_agent_info.csv
[m[0;33mW20250902 00:17:08.380526 140465400522496 tool.cpp:1902] rocprofv3_error_signal_handler caught signal 11...
[m# ---- Run standalone_attn_prefill_and_decode_tp8_prefill_then_decode8_1024_16_819232 ----
INFO 09-02 00:17:13 [__init__.py:244] Automatically detected platform rocm.
[0;31mE20250902 00:17:30.784402 140281967736576 output_stream.cpp:105] Opened result file: ./profiles/standalone_attn_prefill_and_decode_tp8_prefill_then_decode8_1024_16_819232_kernel_trace.csv
[m[0;31mE20250902 00:17:30.790408 140281967736576 output_stream.cpp:105] Opened result file: ./profiles/standalone_attn_prefill_and_decode_tp8_prefill_then_decode8_1024_16_819232_agent_info.csv
[m[0;33mW20250902 00:17:40.274934 140281967736576 tool.cpp:1902] rocprofv3_error_signal_handler caught signal 11...
[m# ---- Run standalone_attn_prefill_and_decode_tp8_prefill_then_decode8_1024_32_25632 ----
INFO 09-02 00:17:45 [__init__.py:244] Automatically detected platform rocm.
[0;31mE20250902 00:18:02.823308 140700444243712 output_stream.cpp:105] Opened result file: ./profiles/standalone_attn_prefill_and_decode_tp8_prefill_then_decode8_1024_32_25632_kernel_trace.csv
[m[0;31mE20250902 00:18:02.829538 140700444243712 output_stream.cpp:105] Opened result file: ./profiles/standalone_attn_prefill_and_decode_tp8_prefill_then_decode8_1024_32_25632_agent_info.csv
[m[0;33mW20250902 00:18:11.551796 140700444243712 tool.cpp:1902] rocprofv3_error_signal_handler caught signal 11...
[m# ---- Run standalone_attn_prefill_and_decode_tp8_prefill_then_decode8_1024_32_51232 ----
INFO 09-02 00:18:17 [__init__.py:244] Automatically detected platform rocm.
[0;31mE20250902 00:18:34.308525 140589020366592 output_stream.cpp:105] Opened result file: ./profiles/standalone_attn_prefill_and_decode_tp8_prefill_then_decode8_1024_32_51232_kernel_trace.csv
[m[0;31mE20250902 00:18:34.314196 140589020366592 output_stream.cpp:105] Opened result file: ./profiles/standalone_attn_prefill_and_decode_tp8_prefill_then_decode8_1024_32_51232_agent_info.csv
[m[0;33mW20250902 00:18:43.217596 140589020366592 tool.cpp:1902] rocprofv3_error_signal_handler caught signal 11...
[m# ---- Run standalone_attn_prefill_and_decode_tp8_prefill_then_decode8_1024_32_102432 ----
INFO 09-02 00:18:49 [__init__.py:244] Automatically detected platform rocm.
[0;31mE20250902 00:19:06.384102 139672149952256 output_stream.cpp:105] Opened result file: ./profiles/standalone_attn_prefill_and_decode_tp8_prefill_then_decode8_1024_32_102432_kernel_trace.csv
[m[0;31mE20250902 00:19:06.390189 139672149952256 output_stream.cpp:105] Opened result file: ./profiles/standalone_attn_prefill_and_decode_tp8_prefill_then_decode8_1024_32_102432_agent_info.csv
[m[0;33mW20250902 00:19:15.900633 139672149952256 tool.cpp:1902] rocprofv3_error_signal_handler caught signal 11...
[m# ---- Run standalone_attn_prefill_and_decode_tp8_prefill_then_decode8_1024_32_204832 ----
INFO 09-02 00:19:21 [__init__.py:244] Automatically detected platform rocm.
[0;31mE20250902 00:19:38.854449 140425433450240 output_stream.cpp:105] Opened result file: ./profiles/standalone_attn_prefill_and_decode_tp8_prefill_then_decode8_1024_32_204832_kernel_trace.csv
[m[0;31mE20250902 00:19:38.860666 140425433450240 output_stream.cpp:105] Opened result file: ./profiles/standalone_attn_prefill_and_decode_tp8_prefill_then_decode8_1024_32_204832_agent_info.csv
[m[0;33mW20250902 00:19:47.372829 140425433450240 tool.cpp:1902] rocprofv3_error_signal_handler caught signal 11...
[m# ---- Run standalone_attn_prefill_and_decode_tp8_prefill_then_decode8_1024_32_409632 ----
INFO 09-02 00:19:54 [__init__.py:244] Automatically detected platform rocm.
[0;31mE20250902 00:20:13.491887 139723922863872 output_stream.cpp:105] Opened result file: ./profiles/standalone_attn_prefill_and_decode_tp8_prefill_then_decode8_1024_32_409632_kernel_trace.csv
[m[0;31mE20250902 00:20:13.498077 139723922863872 output_stream.cpp:105] Opened result file: ./profiles/standalone_attn_prefill_and_decode_tp8_prefill_then_decode8_1024_32_409632_agent_info.csv
[m[0;33mW20250902 00:20:22.202263 139723922863872 tool.cpp:1902] rocprofv3_error_signal_handler caught signal 11...
[m# ---- Run standalone_attn_prefill_and_decode_tp8_prefill_then_decode8_1024_32_819232 ----
INFO 09-02 00:20:27 [__init__.py:244] Automatically detected platform rocm.
[0;31mE20250902 00:20:45.605573 139835039856384 output_stream.cpp:105] Opened result file: ./profiles/standalone_attn_prefill_and_decode_tp8_prefill_then_decode8_1024_32_819232_kernel_trace.csv
[m[0;31mE20250902 00:20:45.611756 139835039856384 output_stream.cpp:105] Opened result file: ./profiles/standalone_attn_prefill_and_decode_tp8_prefill_then_decode8_1024_32_819232_agent_info.csv
[m[0;33mW20250902 00:20:54.339846 139835039856384 tool.cpp:1902] rocprofv3_error_signal_handler caught signal 11...
[m# ---- Run standalone_attn_prefill_and_decode_tp8_prefill_then_decode8_1024_64_25632 ----
INFO 09-02 00:21:00 [__init__.py:244] Automatically detected platform rocm.
[0;31mE20250902 00:21:17.960639 139643495556864 output_stream.cpp:105] Opened result file: ./profiles/standalone_attn_prefill_and_decode_tp8_prefill_then_decode8_1024_64_25632_kernel_trace.csv
[m[0;31mE20250902 00:21:17.966560 139643495556864 output_stream.cpp:105] Opened result file: ./profiles/standalone_attn_prefill_and_decode_tp8_prefill_then_decode8_1024_64_25632_agent_info.csv
[m[0;33mW20250902 00:21:27.033320 139643495556864 tool.cpp:1902] rocprofv3_error_signal_handler caught signal 11...
[m# ---- Run standalone_attn_prefill_and_decode_tp8_prefill_then_decode8_1024_64_51232 ----
INFO 09-02 00:21:32 [__init__.py:244] Automatically detected platform rocm.
[0;31mE20250902 00:21:50.691757 140310777362176 output_stream.cpp:105] Opened result file: ./profiles/standalone_attn_prefill_and_decode_tp8_prefill_then_decode8_1024_64_51232_kernel_trace.csv
[m[0;31mE20250902 00:21:50.697805 140310777362176 output_stream.cpp:105] Opened result file: ./profiles/standalone_attn_prefill_and_decode_tp8_prefill_then_decode8_1024_64_51232_agent_info.csv
[m[0;33mW20250902 00:21:59.337183 140310777362176 tool.cpp:1902] rocprofv3_error_signal_handler caught signal 11...
[m# ---- Run standalone_attn_prefill_and_decode_tp8_prefill_then_decode8_1024_64_102432 ----
INFO 09-02 00:22:05 [__init__.py:244] Automatically detected platform rocm.
[0;31mE20250902 00:22:22.949091 140559996172032 output_stream.cpp:105] Opened result file: ./profiles/standalone_attn_prefill_and_decode_tp8_prefill_then_decode8_1024_64_102432_kernel_trace.csv
[m[0;31mE20250902 00:22:22.956287 140559996172032 output_stream.cpp:105] Opened result file: ./profiles/standalone_attn_prefill_and_decode_tp8_prefill_then_decode8_1024_64_102432_agent_info.csv
[m[0;33mW20250902 00:22:32.092950 140559996172032 tool.cpp:1902] rocprofv3_error_signal_handler caught signal 11...
[m# ---- Run standalone_attn_prefill_and_decode_tp8_prefill_then_decode8_1024_64_204832 ----
INFO 09-02 00:22:38 [__init__.py:244] Automatically detected platform rocm.
[0;31mE20250902 00:22:56.302582 139904608982784 output_stream.cpp:105] Opened result file: ./profiles/standalone_attn_prefill_and_decode_tp8_prefill_then_decode8_1024_64_204832_kernel_trace.csv
[m[0;31mE20250902 00:22:56.309331 139904608982784 output_stream.cpp:105] Opened result file: ./profiles/standalone_attn_prefill_and_decode_tp8_prefill_then_decode8_1024_64_204832_agent_info.csv
[m[0;33mW20250902 00:23:05.282669 139904608982784 tool.cpp:1902] rocprofv3_error_signal_handler caught signal 11...
[m# ---- Run standalone_attn_prefill_and_decode_tp8_prefill_then_decode8_1024_64_409632 ----
INFO 09-02 00:23:11 [__init__.py:244] Automatically detected platform rocm.
[0;31mE20250902 00:23:29.125334 140597389383424 output_stream.cpp:105] Opened result file: ./profiles/standalone_attn_prefill_and_decode_tp8_prefill_then_decode8_1024_64_409632_kernel_trace.csv
[m[0;31mE20250902 00:23:29.132459 140597389383424 output_stream.cpp:105] Opened result file: ./profiles/standalone_attn_prefill_and_decode_tp8_prefill_then_decode8_1024_64_409632_agent_info.csv
[m[0;33mW20250902 00:23:38.106297 140597389383424 tool.cpp:1902] rocprofv3_error_signal_handler caught signal 11...
[m# ---- Run standalone_attn_prefill_and_decode_tp8_prefill_then_decode8_1024_64_819232 ----
INFO 09-02 00:23:44 [__init__.py:244] Automatically detected platform rocm.
[0;31mE20250902 00:24:02.182890 140140035094272 output_stream.cpp:105] Opened result file: ./profiles/standalone_attn_prefill_and_decode_tp8_prefill_then_decode8_1024_64_819232_kernel_trace.csv
[m[0;31mE20250902 00:24:02.189818 140140035094272 output_stream.cpp:105] Opened result file: ./profiles/standalone_attn_prefill_and_decode_tp8_prefill_then_decode8_1024_64_819232_agent_info.csv
[m[0;33mW20250902 00:24:10.897105 140140035094272 tool.cpp:1902] rocprofv3_error_signal_handler caught signal 11...
[m# ---- Run standalone_attn_prefill_and_decode_tp8_prefill_then_decode8_1024_128_25632 ----
INFO 09-02 00:24:17 [__init__.py:244] Automatically detected platform rocm.
[0;31mE20250902 00:24:36.170170 140384290215680 output_stream.cpp:105] Opened result file: ./profiles/standalone_attn_prefill_and_decode_tp8_prefill_then_decode8_1024_128_25632_kernel_trace.csv
[m[0;31mE20250902 00:24:36.177130 140384290215680 output_stream.cpp:105] Opened result file: ./profiles/standalone_attn_prefill_and_decode_tp8_prefill_then_decode8_1024_128_25632_agent_info.csv
[m[0;33mW20250902 00:24:45.357767 140384290215680 tool.cpp:1902] rocprofv3_error_signal_handler caught signal 11...
[m# ---- Run standalone_attn_prefill_and_decode_tp8_prefill_then_decode8_1024_128_51232 ----
INFO 09-02 00:24:51 [__init__.py:244] Automatically detected platform rocm.
[0;31mE20250902 00:25:11.110151 140393987213056 output_stream.cpp:105] Opened result file: ./profiles/standalone_attn_prefill_and_decode_tp8_prefill_then_decode8_1024_128_51232_kernel_trace.csv
[m[0;31mE20250902 00:25:11.117173 140393987213056 output_stream.cpp:105] Opened result file: ./profiles/standalone_attn_prefill_and_decode_tp8_prefill_then_decode8_1024_128_51232_agent_info.csv
[m[0;33mW20250902 00:25:20.441069 140393987213056 tool.cpp:1902] rocprofv3_error_signal_handler caught signal 11...
[m# ---- Run standalone_attn_prefill_and_decode_tp8_prefill_then_decode8_1024_128_102432 ----
INFO 09-02 00:25:28 [__init__.py:244] Automatically detected platform rocm.
[0;31mE20250902 00:25:48.200560 139994711787264 output_stream.cpp:105] Opened result file: ./profiles/standalone_attn_prefill_and_decode_tp8_prefill_then_decode8_1024_128_102432_kernel_trace.csv
[m[0;31mE20250902 00:25:48.208031 139994711787264 output_stream.cpp:105] Opened result file: ./profiles/standalone_attn_prefill_and_decode_tp8_prefill_then_decode8_1024_128_102432_agent_info.csv
[m[0;33mW20250902 00:25:57.407027 139994711787264 tool.cpp:1902] rocprofv3_error_signal_handler caught signal 11...
[m# ---- Run standalone_attn_prefill_and_decode_tp8_prefill_then_decode8_1024_128_204832 ----
INFO 09-02 00:26:04 [__init__.py:244] Automatically detected platform rocm.
[0;31mE20250902 00:26:24.916660 140313526961920 output_stream.cpp:105] Opened result file: ./profiles/standalone_attn_prefill_and_decode_tp8_prefill_then_decode8_1024_128_204832_kernel_trace.csv
[m[0;31mE20250902 00:26:24.923733 140313526961920 output_stream.cpp:105] Opened result file: ./profiles/standalone_attn_prefill_and_decode_tp8_prefill_then_decode8_1024_128_204832_agent_info.csv
[m[0;33mW20250902 00:26:34.034253 140313526961920 tool.cpp:1902] rocprofv3_error_signal_handler caught signal 11...
[m# ---- Run standalone_attn_prefill_and_decode_tp8_prefill_then_decode8_1024_128_409632 ----
INFO 09-02 00:26:41 [__init__.py:244] Automatically detected platform rocm.
[0;31mE20250902 00:27:00.660263 140268429367040 output_stream.cpp:105] Opened result file: ./profiles/standalone_attn_prefill_and_decode_tp8_prefill_then_decode8_1024_128_409632_kernel_trace.csv
[m[0;31mE20250902 00:27:00.666465 140268429367040 output_stream.cpp:105] Opened result file: ./profiles/standalone_attn_prefill_and_decode_tp8_prefill_then_decode8_1024_128_409632_agent_info.csv
[m[0;33mW20250902 00:27:09.834349 140268429367040 tool.cpp:1902] rocprofv3_error_signal_handler caught signal 11...
[m# ---- Run standalone_attn_prefill_and_decode_tp8_prefill_then_decode8_1024_128_819232 ----
INFO 09-02 00:27:15 [__init__.py:244] Automatically detected platform rocm.
[0;31mE20250902 00:27:36.301674 140110106924800 output_stream.cpp:105] Opened result file: ./profiles/standalone_attn_prefill_and_decode_tp8_prefill_then_decode8_1024_128_819232_kernel_trace.csv
[m[0;31mE20250902 00:27:36.308782 140110106924800 output_stream.cpp:105] Opened result file: ./profiles/standalone_attn_prefill_and_decode_tp8_prefill_then_decode8_1024_128_819232_agent_info.csv
[m[0;33mW20250902 00:27:45.866060 140110106924800 tool.cpp:1902] rocprofv3_error_signal_handler caught signal 11...
[m# ---- Run standalone_attn_prefill_and_decode_tp8_prefill_then_decode8_2048_1_25632 ----
INFO 09-02 00:27:53 [__init__.py:244] Automatically detected platform rocm.
[0;31mE20250902 00:28:14.777875 140560252307200 output_stream.cpp:105] Opened result file: ./profiles/standalone_attn_prefill_and_decode_tp8_prefill_then_decode8_2048_1_25632_kernel_trace.csv
[m[0;31mE20250902 00:28:14.784740 140560252307200 output_stream.cpp:105] Opened result file: ./profiles/standalone_attn_prefill_and_decode_tp8_prefill_then_decode8_2048_1_25632_agent_info.csv
[m[0;33mW20250902 00:28:24.073192 140560252307200 tool.cpp:1902] rocprofv3_error_signal_handler caught signal 11...
[m# ---- Run standalone_attn_prefill_and_decode_tp8_prefill_then_decode8_2048_1_51232 ----
INFO 09-02 00:28:31 [__init__.py:244] Automatically detected platform rocm.
[0;31mE20250902 00:28:50.749037 140330808743680 output_stream.cpp:105] Opened result file: ./profiles/standalone_attn_prefill_and_decode_tp8_prefill_then_decode8_2048_1_51232_kernel_trace.csv
[m[0;31mE20250902 00:28:50.755145 140330808743680 output_stream.cpp:105] Opened result file: ./profiles/standalone_attn_prefill_and_decode_tp8_prefill_then_decode8_2048_1_51232_agent_info.csv
[m[0;33mW20250902 00:28:59.873932 140330808743680 tool.cpp:1902] rocprofv3_error_signal_handler caught signal 11...
[m# ---- Run standalone_attn_prefill_and_decode_tp8_prefill_then_decode8_2048_1_102432 ----
INFO 09-02 00:29:05 [__init__.py:244] Automatically detected platform rocm.
[0;31mE20250902 00:29:23.898518 140332517357312 output_stream.cpp:105] Opened result file: ./profiles/standalone_attn_prefill_and_decode_tp8_prefill_then_decode8_2048_1_102432_kernel_trace.csv
[m[0;31mE20250902 00:29:23.905455 140332517357312 output_stream.cpp:105] Opened result file: ./profiles/standalone_attn_prefill_and_decode_tp8_prefill_then_decode8_2048_1_102432_agent_info.csv
[m[0;33mW20250902 00:29:32.372854 140332517357312 tool.cpp:1902] rocprofv3_error_signal_handler caught signal 11...
[m# ---- Run standalone_attn_prefill_and_decode_tp8_prefill_then_decode8_2048_1_204832 ----
INFO 09-02 00:29:38 [__init__.py:244] Automatically detected platform rocm.
[0;31mE20250902 00:29:56.844668 140559700698880 output_stream.cpp:105] Opened result file: ./profiles/standalone_attn_prefill_and_decode_tp8_prefill_then_decode8_2048_1_204832_kernel_trace.csv
[m[0;31mE20250902 00:29:56.851633 140559700698880 output_stream.cpp:105] Opened result file: ./profiles/standalone_attn_prefill_and_decode_tp8_prefill_then_decode8_2048_1_204832_agent_info.csv
[m[0;33mW20250902 00:30:05.308977 140559700698880 tool.cpp:1902] rocprofv3_error_signal_handler caught signal 11...
[m# ---- Run standalone_attn_prefill_and_decode_tp8_prefill_then_decode8_2048_1_409632 ----
INFO 09-02 00:30:11 [__init__.py:244] Automatically detected platform rocm.
[0;31mE20250902 00:30:28.919206 139756346115840 output_stream.cpp:105] Opened result file: ./profiles/standalone_attn_prefill_and_decode_tp8_prefill_then_decode8_2048_1_409632_kernel_trace.csv
[m[0;31mE20250902 00:30:28.925476 139756346115840 output_stream.cpp:105] Opened result file: ./profiles/standalone_attn_prefill_and_decode_tp8_prefill_then_decode8_2048_1_409632_agent_info.csv
[m[0;33mW20250902 00:30:37.798643 139756346115840 tool.cpp:1902] rocprofv3_error_signal_handler caught signal 11...
[m# ---- Run standalone_attn_prefill_and_decode_tp8_prefill_then_decode8_2048_1_819232 ----
INFO 09-02 00:30:43 [__init__.py:244] Automatically detected platform rocm.
[0;31mE20250902 00:31:01.744159 140092029851392 output_stream.cpp:105] Opened result file: ./profiles/standalone_attn_prefill_and_decode_tp8_prefill_then_decode8_2048_1_819232_kernel_trace.csv
[m[0;31mE20250902 00:31:01.750336 140092029851392 output_stream.cpp:105] Opened result file: ./profiles/standalone_attn_prefill_and_decode_tp8_prefill_then_decode8_2048_1_819232_agent_info.csv
[m[0;33mW20250902 00:31:10.621180 140092029851392 tool.cpp:1902] rocprofv3_error_signal_handler caught signal 11...
[m# ---- Run standalone_attn_prefill_and_decode_tp8_prefill_then_decode8_2048_2_25632 ----
INFO 09-02 00:31:16 [__init__.py:244] Automatically detected platform rocm.
[0;31mE20250902 00:31:34.457737 140667616425728 output_stream.cpp:105] Opened result file: ./profiles/standalone_attn_prefill_and_decode_tp8_prefill_then_decode8_2048_2_25632_kernel_trace.csv
[m[0;31mE20250902 00:31:34.464148 140667616425728 output_stream.cpp:105] Opened result file: ./profiles/standalone_attn_prefill_and_decode_tp8_prefill_then_decode8_2048_2_25632_agent_info.csv
[m[0;33mW20250902 00:31:43.405494 140667616425728 tool.cpp:1902] rocprofv3_error_signal_handler caught signal 11...
[m# ---- Run standalone_attn_prefill_and_decode_tp8_prefill_then_decode8_2048_2_51232 ----
INFO 09-02 00:31:49 [__init__.py:244] Automatically detected platform rocm.
[0;31mE20250902 00:32:09.837586 139884280338176 output_stream.cpp:105] Opened result file: ./profiles/standalone_attn_prefill_and_decode_tp8_prefill_then_decode8_2048_2_51232_kernel_trace.csv
[m[0;31mE20250902 00:32:09.845618 139884280338176 output_stream.cpp:105] Opened result file: ./profiles/standalone_attn_prefill_and_decode_tp8_prefill_then_decode8_2048_2_51232_agent_info.csv
[m[0;33mW20250902 00:32:19.903610 139884280338176 tool.cpp:1902] rocprofv3_error_signal_handler caught signal 11...
[m# ---- Run standalone_attn_prefill_and_decode_tp8_prefill_then_decode8_2048_2_102432 ----
INFO 09-02 00:32:27 [__init__.py:244] Automatically detected platform rocm.
[0;31mE20250902 00:32:47.216391 139691049944832 output_stream.cpp:105] Opened result file: ./profiles/standalone_attn_prefill_and_decode_tp8_prefill_then_decode8_2048_2_102432_kernel_trace.csv
[m[0;31mE20250902 00:32:47.222886 139691049944832 output_stream.cpp:105] Opened result file: ./profiles/standalone_attn_prefill_and_decode_tp8_prefill_then_decode8_2048_2_102432_agent_info.csv
[m[0;33mW20250902 00:32:56.017271 139691049944832 tool.cpp:1902] rocprofv3_error_signal_handler caught signal 11...
[m# ---- Run standalone_attn_prefill_and_decode_tp8_prefill_then_decode8_2048_2_204832 ----
INFO 09-02 00:33:02 [__init__.py:244] Automatically detected platform rocm.
[0;31mE20250902 00:33:20.374072 140517281777408 output_stream.cpp:105] Opened result file: ./profiles/standalone_attn_prefill_and_decode_tp8_prefill_then_decode8_2048_2_204832_kernel_trace.csv
[m[0;31mE20250902 00:33:20.381182 140517281777408 output_stream.cpp:105] Opened result file: ./profiles/standalone_attn_prefill_and_decode_tp8_prefill_then_decode8_2048_2_204832_agent_info.csv
[m[0;33mW20250902 00:33:28.931950 140517281777408 tool.cpp:1902] rocprofv3_error_signal_handler caught signal 11...
[m# ---- Run standalone_attn_prefill_and_decode_tp8_prefill_then_decode8_2048_2_409632 ----
INFO 09-02 00:33:35 [__init__.py:244] Automatically detected platform rocm.
[0;31mE20250902 00:33:53.148802 140042011109120 output_stream.cpp:105] Opened result file: ./profiles/standalone_attn_prefill_and_decode_tp8_prefill_then_decode8_2048_2_409632_kernel_trace.csv
[m[0;31mE20250902 00:33:53.155680 140042011109120 output_stream.cpp:105] Opened result file: ./profiles/standalone_attn_prefill_and_decode_tp8_prefill_then_decode8_2048_2_409632_agent_info.csv
[m[0;33mW20250902 00:34:01.628634 140042011109120 tool.cpp:1902] rocprofv3_error_signal_handler caught signal 11...
[m# ---- Run standalone_attn_prefill_and_decode_tp8_prefill_then_decode8_2048_2_819232 ----
INFO 09-02 00:34:07 [__init__.py:244] Automatically detected platform rocm.
[0;31mE20250902 00:34:25.883217 139862234384128 output_stream.cpp:105] Opened result file: ./profiles/standalone_attn_prefill_and_decode_tp8_prefill_then_decode8_2048_2_819232_kernel_trace.csv
[m[0;31mE20250902 00:34:25.890179 139862234384128 output_stream.cpp:105] Opened result file: ./profiles/standalone_attn_prefill_and_decode_tp8_prefill_then_decode8_2048_2_819232_agent_info.csv
[m[0;33mW20250902 00:34:34.748668 139862234384128 tool.cpp:1902] rocprofv3_error_signal_handler caught signal 11...
[m# ---- Run standalone_attn_prefill_and_decode_tp8_prefill_then_decode8_2048_4_25632 ----
INFO 09-02 00:34:41 [__init__.py:244] Automatically detected platform rocm.
[0;31mE20250902 00:34:59.122200 140362188527360 output_stream.cpp:105] Opened result file: ./profiles/standalone_attn_prefill_and_decode_tp8_prefill_then_decode8_2048_4_25632_kernel_trace.csv
[m[0;31mE20250902 00:34:59.128844 140362188527360 output_stream.cpp:105] Opened result file: ./profiles/standalone_attn_prefill_and_decode_tp8_prefill_then_decode8_2048_4_25632_agent_info.csv
[m[0;33mW20250902 00:35:07.851844 140362188527360 tool.cpp:1902] rocprofv3_error_signal_handler caught signal 11...
[m# ---- Run standalone_attn_prefill_and_decode_tp8_prefill_then_decode8_2048_4_51232 ----
INFO 09-02 00:35:13 [__init__.py:244] Automatically detected platform rocm.
[0;31mE20250902 00:35:33.824243 140473090901760 output_stream.cpp:105] Opened result file: ./profiles/standalone_attn_prefill_and_decode_tp8_prefill_then_decode8_2048_4_51232_kernel_trace.csv
[m[0;31mE20250902 00:35:33.831656 140473090901760 output_stream.cpp:105] Opened result file: ./profiles/standalone_attn_prefill_and_decode_tp8_prefill_then_decode8_2048_4_51232_agent_info.csv
[m[0;33mW20250902 00:35:43.403678 140473090901760 tool.cpp:1902] rocprofv3_error_signal_handler caught signal 11...
[m# ---- Run standalone_attn_prefill_and_decode_tp8_prefill_then_decode8_2048_4_102432 ----
INFO 09-02 00:35:50 [__init__.py:244] Automatically detected platform rocm.
[0;31mE20250902 00:36:11.562567 140555578828544 output_stream.cpp:105] Opened result file: ./profiles/standalone_attn_prefill_and_decode_tp8_prefill_then_decode8_2048_4_102432_kernel_trace.csv
[m[0;31mE20250902 00:36:11.569687 140555578828544 output_stream.cpp:105] Opened result file: ./profiles/standalone_attn_prefill_and_decode_tp8_prefill_then_decode8_2048_4_102432_agent_info.csv
[m[0;33mW20250902 00:36:21.292596 140555578828544 tool.cpp:1902] rocprofv3_error_signal_handler caught signal 11...
[m# ---- Run standalone_attn_prefill_and_decode_tp8_prefill_then_decode8_2048_4_204832 ----
INFO 09-02 00:36:28 [__init__.py:244] Automatically detected platform rocm.
[0;31mE20250902 00:36:49.109601 139969080620800 output_stream.cpp:105] Opened result file: ./profiles/standalone_attn_prefill_and_decode_tp8_prefill_then_decode8_2048_4_204832_kernel_trace.csv
[m[0;31mE20250902 00:36:49.116517 139969080620800 output_stream.cpp:105] Opened result file: ./profiles/standalone_attn_prefill_and_decode_tp8_prefill_then_decode8_2048_4_204832_agent_info.csv
[m[0;33mW20250902 00:36:58.914304 139969080620800 tool.cpp:1902] rocprofv3_error_signal_handler caught signal 11...
[m# ---- Run standalone_attn_prefill_and_decode_tp8_prefill_then_decode8_2048_4_409632 ----
INFO 09-02 00:37:06 [__init__.py:244] Automatically detected platform rocm.
[0;31mE20250902 00:37:25.202912 140253245196032 output_stream.cpp:105] Opened result file: ./profiles/standalone_attn_prefill_and_decode_tp8_prefill_then_decode8_2048_4_409632_kernel_trace.csv
[m[0;31mE20250902 00:37:25.209087 140253245196032 output_stream.cpp:105] Opened result file: ./profiles/standalone_attn_prefill_and_decode_tp8_prefill_then_decode8_2048_4_409632_agent_info.csv
[m[0;33mW20250902 00:37:34.772582 140253245196032 tool.cpp:1902] rocprofv3_error_signal_handler caught signal 11...
[m# ---- Run standalone_attn_prefill_and_decode_tp8_prefill_then_decode8_2048_4_819232 ----
INFO 09-02 00:37:40 [__init__.py:244] Automatically detected platform rocm.
[0;31mE20250902 00:37:59.042213 139949114771200 output_stream.cpp:105] Opened result file: ./profiles/standalone_attn_prefill_and_decode_tp8_prefill_then_decode8_2048_4_819232_kernel_trace.csv
[m[0;31mE20250902 00:37:59.048295 139949114771200 output_stream.cpp:105] Opened result file: ./profiles/standalone_attn_prefill_and_decode_tp8_prefill_then_decode8_2048_4_819232_agent_info.csv
[m[0;33mW20250902 00:38:08.089476 139949114771200 tool.cpp:1902] rocprofv3_error_signal_handler caught signal 11...
[m# ---- Run standalone_attn_prefill_and_decode_tp8_prefill_then_decode8_2048_8_25632 ----
INFO 09-02 00:38:14 [__init__.py:244] Automatically detected platform rocm.
[0;31mE20250902 00:38:31.744906 140549080000256 output_stream.cpp:105] Opened result file: ./profiles/standalone_attn_prefill_and_decode_tp8_prefill_then_decode8_2048_8_25632_kernel_trace.csv
[m[0;31mE20250902 00:38:31.751065 140549080000256 output_stream.cpp:105] Opened result file: ./profiles/standalone_attn_prefill_and_decode_tp8_prefill_then_decode8_2048_8_25632_agent_info.csv
[m[0;33mW20250902 00:38:40.524087 140549080000256 tool.cpp:1902] rocprofv3_error_signal_handler caught signal 11...
[m# ---- Run standalone_attn_prefill_and_decode_tp8_prefill_then_decode8_2048_8_51232 ----
INFO 09-02 00:38:46 [__init__.py:244] Automatically detected platform rocm.
[0;31mE20250902 00:39:03.866257 140437104191232 output_stream.cpp:105] Opened result file: ./profiles/standalone_attn_prefill_and_decode_tp8_prefill_then_decode8_2048_8_51232_kernel_trace.csv
[m[0;31mE20250902 00:39:03.872438 140437104191232 output_stream.cpp:105] Opened result file: ./profiles/standalone_attn_prefill_and_decode_tp8_prefill_then_decode8_2048_8_51232_agent_info.csv
[m[0;33mW20250902 00:39:12.404180 140437104191232 tool.cpp:1902] rocprofv3_error_signal_handler caught signal 11...
[m# ---- Run standalone_attn_prefill_and_decode_tp8_prefill_then_decode8_2048_8_102432 ----
INFO 09-02 00:39:18 [__init__.py:244] Automatically detected platform rocm.
[0;31mE20250902 00:39:36.032166 139948896737024 output_stream.cpp:105] Opened result file: ./profiles/standalone_attn_prefill_and_decode_tp8_prefill_then_decode8_2048_8_102432_kernel_trace.csv
[m[0;31mE20250902 00:39:36.038274 139948896737024 output_stream.cpp:105] Opened result file: ./profiles/standalone_attn_prefill_and_decode_tp8_prefill_then_decode8_2048_8_102432_agent_info.csv
[m[0;33mW20250902 00:39:44.584619 139948896737024 tool.cpp:1902] rocprofv3_error_signal_handler caught signal 11...
[m# ---- Run standalone_attn_prefill_and_decode_tp8_prefill_then_decode8_2048_8_204832 ----
INFO 09-02 00:39:50 [__init__.py:244] Automatically detected platform rocm.
[0;31mE20250902 00:40:08.088447 139665971984128 output_stream.cpp:105] Opened result file: ./profiles/standalone_attn_prefill_and_decode_tp8_prefill_then_decode8_2048_8_204832_kernel_trace.csv
[m[0;31mE20250902 00:40:08.094607 139665971984128 output_stream.cpp:105] Opened result file: ./profiles/standalone_attn_prefill_and_decode_tp8_prefill_then_decode8_2048_8_204832_agent_info.csv
[m[0;33mW20250902 00:40:16.801098 139665971984128 tool.cpp:1902] rocprofv3_error_signal_handler caught signal 11...
[m# ---- Run standalone_attn_prefill_and_decode_tp8_prefill_then_decode8_2048_8_409632 ----
INFO 09-02 00:40:22 [__init__.py:244] Automatically detected platform rocm.
[0;31mE20250902 00:40:40.414668 140245535254272 output_stream.cpp:105] Opened result file: ./profiles/standalone_attn_prefill_and_decode_tp8_prefill_then_decode8_2048_8_409632_kernel_trace.csv
[m[0;31mE20250902 00:40:40.421074 140245535254272 output_stream.cpp:105] Opened result file: ./profiles/standalone_attn_prefill_and_decode_tp8_prefill_then_decode8_2048_8_409632_agent_info.csv
[m[0;33mW20250902 00:40:48.758781 140245535254272 tool.cpp:1902] rocprofv3_error_signal_handler caught signal 11...
[m# ---- Run standalone_attn_prefill_and_decode_tp8_prefill_then_decode8_2048_8_819232 ----
INFO 09-02 00:40:54 [__init__.py:244] Automatically detected platform rocm.
[0;31mE20250902 00:41:12.552766 140005073848064 output_stream.cpp:105] Opened result file: ./profiles/standalone_attn_prefill_and_decode_tp8_prefill_then_decode8_2048_8_819232_kernel_trace.csv
[m[0;31mE20250902 00:41:12.559046 140005073848064 output_stream.cpp:105] Opened result file: ./profiles/standalone_attn_prefill_and_decode_tp8_prefill_then_decode8_2048_8_819232_agent_info.csv
[m[0;33mW20250902 00:41:21.912196 140005073848064 tool.cpp:1902] rocprofv3_error_signal_handler caught signal 11...
[m# ---- Run standalone_attn_prefill_and_decode_tp8_prefill_then_decode8_2048_16_25632 ----
INFO 09-02 00:41:27 [__init__.py:244] Automatically detected platform rocm.
[0;31mE20250902 00:41:45.657814 140323605018368 output_stream.cpp:105] Opened result file: ./profiles/standalone_attn_prefill_and_decode_tp8_prefill_then_decode8_2048_16_25632_kernel_trace.csv
[m[0;31mE20250902 00:41:45.664027 140323605018368 output_stream.cpp:105] Opened result file: ./profiles/standalone_attn_prefill_and_decode_tp8_prefill_then_decode8_2048_16_25632_agent_info.csv
[m[0;33mW20250902 00:41:54.323617 140323605018368 tool.cpp:1902] rocprofv3_error_signal_handler caught signal 11...
[m# ---- Run standalone_attn_prefill_and_decode_tp8_prefill_then_decode8_2048_16_51232 ----
INFO 09-02 00:42:00 [__init__.py:244] Automatically detected platform rocm.
[0;31mE20250902 00:42:17.608103 140661652522752 output_stream.cpp:105] Opened result file: ./profiles/standalone_attn_prefill_and_decode_tp8_prefill_then_decode8_2048_16_51232_kernel_trace.csv
[m[0;31mE20250902 00:42:17.613977 140661652522752 output_stream.cpp:105] Opened result file: ./profiles/standalone_attn_prefill_and_decode_tp8_prefill_then_decode8_2048_16_51232_agent_info.csv
[m[0;33mW20250902 00:42:26.297612 140661652522752 tool.cpp:1902] rocprofv3_error_signal_handler caught signal 11...
[m# ---- Run standalone_attn_prefill_and_decode_tp8_prefill_then_decode8_2048_16_102432 ----
INFO 09-02 00:42:32 [__init__.py:244] Automatically detected platform rocm.
[0;31mE20250902 00:42:49.598281 140120133252864 output_stream.cpp:105] Opened result file: ./profiles/standalone_attn_prefill_and_decode_tp8_prefill_then_decode8_2048_16_102432_kernel_trace.csv
[m[0;31mE20250902 00:42:49.604504 140120133252864 output_stream.cpp:105] Opened result file: ./profiles/standalone_attn_prefill_and_decode_tp8_prefill_then_decode8_2048_16_102432_agent_info.csv
[m[0;33mW20250902 00:42:58.344248 140120133252864 tool.cpp:1902] rocprofv3_error_signal_handler caught signal 11...
[m# ---- Run standalone_attn_prefill_and_decode_tp8_prefill_then_decode8_2048_16_204832 ----
INFO 09-02 00:43:04 [__init__.py:244] Automatically detected platform rocm.
[0;31mE20250902 00:43:21.316809 140517402449664 output_stream.cpp:105] Opened result file: ./profiles/standalone_attn_prefill_and_decode_tp8_prefill_then_decode8_2048_16_204832_kernel_trace.csv
[m[0;31mE20250902 00:43:21.322935 140517402449664 output_stream.cpp:105] Opened result file: ./profiles/standalone_attn_prefill_and_decode_tp8_prefill_then_decode8_2048_16_204832_agent_info.csv
[m[0;33mW20250902 00:43:30.194482 140517402449664 tool.cpp:1902] rocprofv3_error_signal_handler caught signal 11...
[m# ---- Run standalone_attn_prefill_and_decode_tp8_prefill_then_decode8_2048_16_409632 ----
INFO 09-02 00:43:35 [__init__.py:244] Automatically detected platform rocm.
[0;31mE20250902 00:43:53.323928 139849797396224 output_stream.cpp:105] Opened result file: ./profiles/standalone_attn_prefill_and_decode_tp8_prefill_then_decode8_2048_16_409632_kernel_trace.csv
[m[0;31mE20250902 00:43:53.330872 139849797396224 output_stream.cpp:105] Opened result file: ./profiles/standalone_attn_prefill_and_decode_tp8_prefill_then_decode8_2048_16_409632_agent_info.csv
[m[0;33mW20250902 00:44:01.909086 139849797396224 tool.cpp:1902] rocprofv3_error_signal_handler caught signal 11...
[m# ---- Run standalone_attn_prefill_and_decode_tp8_prefill_then_decode8_2048_16_819232 ----
INFO 09-02 00:44:07 [__init__.py:244] Automatically detected platform rocm.
[0;31mE20250902 00:44:28.299971 140431204656896 output_stream.cpp:105] Opened result file: ./profiles/standalone_attn_prefill_and_decode_tp8_prefill_then_decode8_2048_16_819232_kernel_trace.csv
[m[0;31mE20250902 00:44:28.307292 140431204656896 output_stream.cpp:105] Opened result file: ./profiles/standalone_attn_prefill_and_decode_tp8_prefill_then_decode8_2048_16_819232_agent_info.csv
[m[0;33mW20250902 00:44:37.963398 140431204656896 tool.cpp:1902] rocprofv3_error_signal_handler caught signal 11...
[m# ---- Run standalone_attn_prefill_and_decode_tp8_prefill_then_decode8_2048_32_25632 ----
INFO 09-02 00:44:45 [__init__.py:244] Automatically detected platform rocm.
[0;31mE20250902 00:45:06.441001 140421558310656 output_stream.cpp:105] Opened result file: ./profiles/standalone_attn_prefill_and_decode_tp8_prefill_then_decode8_2048_32_25632_kernel_trace.csv
[m[0;31mE20250902 00:45:06.448091 140421558310656 output_stream.cpp:105] Opened result file: ./profiles/standalone_attn_prefill_and_decode_tp8_prefill_then_decode8_2048_32_25632_agent_info.csv
[m[0;33mW20250902 00:45:15.900290 140421558310656 tool.cpp:1902] rocprofv3_error_signal_handler caught signal 11...
[m# ---- Run standalone_attn_prefill_and_decode_tp8_prefill_then_decode8_2048_32_51232 ----
INFO 09-02 00:45:23 [__init__.py:244] Automatically detected platform rocm.
[0;31mE20250902 00:45:42.861590 140541173520128 output_stream.cpp:105] Opened result file: ./profiles/standalone_attn_prefill_and_decode_tp8_prefill_then_decode8_2048_32_51232_kernel_trace.csv
[m[0;31mE20250902 00:45:42.868217 140541173520128 output_stream.cpp:105] Opened result file: ./profiles/standalone_attn_prefill_and_decode_tp8_prefill_then_decode8_2048_32_51232_agent_info.csv
[m[0;33mW20250902 00:45:51.556386 140541173520128 tool.cpp:1902] rocprofv3_error_signal_handler caught signal 11...
[m# ---- Run standalone_attn_prefill_and_decode_tp8_prefill_then_decode8_2048_32_102432 ----
INFO 09-02 00:45:57 [__init__.py:244] Automatically detected platform rocm.
[0;31mE20250902 00:46:17.009236 139878969083648 output_stream.cpp:105] Opened result file: ./profiles/standalone_attn_prefill_and_decode_tp8_prefill_then_decode8_2048_32_102432_kernel_trace.csv
[m[0;31mE20250902 00:46:17.016200 139878969083648 output_stream.cpp:105] Opened result file: ./profiles/standalone_attn_prefill_and_decode_tp8_prefill_then_decode8_2048_32_102432_agent_info.csv
[m[0;33mW20250902 00:46:26.106644 139878969083648 tool.cpp:1902] rocprofv3_error_signal_handler caught signal 11...
[m# ---- Run standalone_attn_prefill_and_decode_tp8_prefill_then_decode8_2048_32_204832 ----
INFO 09-02 00:46:32 [__init__.py:244] Automatically detected platform rocm.
[0;31mE20250902 00:46:52.039082 140060739434240 output_stream.cpp:105] Opened result file: ./profiles/standalone_attn_prefill_and_decode_tp8_prefill_then_decode8_2048_32_204832_kernel_trace.csv
[m[0;31mE20250902 00:46:52.045491 140060739434240 output_stream.cpp:105] Opened result file: ./profiles/standalone_attn_prefill_and_decode_tp8_prefill_then_decode8_2048_32_204832_agent_info.csv
[m[0;33mW20250902 00:47:00.773328 140060739434240 tool.cpp:1902] rocprofv3_error_signal_handler caught signal 11...
[m# ---- Run standalone_attn_prefill_and_decode_tp8_prefill_then_decode8_2048_32_409632 ----
INFO 09-02 00:47:06 [__init__.py:244] Automatically detected platform rocm.
[0;31mE20250902 00:47:25.096819 139861758027520 output_stream.cpp:105] Opened result file: ./profiles/standalone_attn_prefill_and_decode_tp8_prefill_then_decode8_2048_32_409632_kernel_trace.csv
[m[0;31mE20250902 00:47:25.103089 139861758027520 output_stream.cpp:105] Opened result file: ./profiles/standalone_attn_prefill_and_decode_tp8_prefill_then_decode8_2048_32_409632_agent_info.csv
[m[0;33mW20250902 00:47:33.722292 139861758027520 tool.cpp:1902] rocprofv3_error_signal_handler caught signal 11...
[m# ---- Run standalone_attn_prefill_and_decode_tp8_prefill_then_decode8_2048_32_819232 ----
INFO 09-02 00:47:39 [__init__.py:244] Automatically detected platform rocm.
[0;31mE20250902 00:47:57.710563 140371612448512 output_stream.cpp:105] Opened result file: ./profiles/standalone_attn_prefill_and_decode_tp8_prefill_then_decode8_2048_32_819232_kernel_trace.csv
[m[0;31mE20250902 00:47:57.716982 140371612448512 output_stream.cpp:105] Opened result file: ./profiles/standalone_attn_prefill_and_decode_tp8_prefill_then_decode8_2048_32_819232_agent_info.csv
[m[0;33mW20250902 00:48:06.247042 140371612448512 tool.cpp:1902] rocprofv3_error_signal_handler caught signal 11...
[m# ---- Run standalone_attn_prefill_and_decode_tp8_prefill_then_decode8_2048_64_25632 ----
INFO 09-02 00:48:12 [__init__.py:244] Automatically detected platform rocm.
[0;31mE20250902 00:48:30.326886 139635613628160 output_stream.cpp:105] Opened result file: ./profiles/standalone_attn_prefill_and_decode_tp8_prefill_then_decode8_2048_64_25632_kernel_trace.csv
[m[0;31mE20250902 00:48:30.333551 139635613628160 output_stream.cpp:105] Opened result file: ./profiles/standalone_attn_prefill_and_decode_tp8_prefill_then_decode8_2048_64_25632_agent_info.csv
[m[0;33mW20250902 00:48:38.750338 139635613628160 tool.cpp:1902] rocprofv3_error_signal_handler caught signal 11...
[m# ---- Run standalone_attn_prefill_and_decode_tp8_prefill_then_decode8_2048_64_51232 ----
INFO 09-02 00:48:44 [__init__.py:244] Automatically detected platform rocm.
[0;31mE20250902 00:49:03.161811 140407494993664 output_stream.cpp:105] Opened result file: ./profiles/standalone_attn_prefill_and_decode_tp8_prefill_then_decode8_2048_64_51232_kernel_trace.csv
[m[0;31mE20250902 00:49:03.168217 140407494993664 output_stream.cpp:105] Opened result file: ./profiles/standalone_attn_prefill_and_decode_tp8_prefill_then_decode8_2048_64_51232_agent_info.csv
[m[0;33mW20250902 00:49:11.619249 140407494993664 tool.cpp:1902] rocprofv3_error_signal_handler caught signal 11...
[m# ---- Run standalone_attn_prefill_and_decode_tp8_prefill_then_decode8_2048_64_102432 ----
INFO 09-02 00:49:17 [__init__.py:244] Automatically detected platform rocm.
[0;31mE20250902 00:49:35.950489 140597367490304 output_stream.cpp:105] Opened result file: ./profiles/standalone_attn_prefill_and_decode_tp8_prefill_then_decode8_2048_64_102432_kernel_trace.csv
[m[0;31mE20250902 00:49:35.956910 140597367490304 output_stream.cpp:105] Opened result file: ./profiles/standalone_attn_prefill_and_decode_tp8_prefill_then_decode8_2048_64_102432_agent_info.csv
[m[0;33mW20250902 00:49:44.677326 140597367490304 tool.cpp:1902] rocprofv3_error_signal_handler caught signal 11...
[m# ---- Run standalone_attn_prefill_and_decode_tp8_prefill_then_decode8_2048_64_204832 ----
INFO 09-02 00:49:50 [__init__.py:244] Automatically detected platform rocm.
[0;31mE20250902 00:50:08.919358 140015265892096 output_stream.cpp:105] Opened result file: ./profiles/standalone_attn_prefill_and_decode_tp8_prefill_then_decode8_2048_64_204832_kernel_trace.csv
[m[0;31mE20250902 00:50:08.925319 140015265892096 output_stream.cpp:105] Opened result file: ./profiles/standalone_attn_prefill_and_decode_tp8_prefill_then_decode8_2048_64_204832_agent_info.csv
[m[0;33mW20250902 00:50:17.367268 140015265892096 tool.cpp:1902] rocprofv3_error_signal_handler caught signal 11...
[m# ---- Run standalone_attn_prefill_and_decode_tp8_prefill_then_decode8_2048_64_409632 ----
INFO 09-02 00:50:23 [__init__.py:244] Automatically detected platform rocm.
[0;31mE20250902 00:50:41.662027 140393674991360 output_stream.cpp:105] Opened result file: ./profiles/standalone_attn_prefill_and_decode_tp8_prefill_then_decode8_2048_64_409632_kernel_trace.csv
[m[0;31mE20250902 00:50:41.668277 140393674991360 output_stream.cpp:105] Opened result file: ./profiles/standalone_attn_prefill_and_decode_tp8_prefill_then_decode8_2048_64_409632_agent_info.csv
[m[0;33mW20250902 00:50:50.571740 140393674991360 tool.cpp:1902] rocprofv3_error_signal_handler caught signal 11...
[m# ---- Run standalone_attn_prefill_and_decode_tp8_prefill_then_decode8_2048_64_819232 ----
INFO 09-02 00:50:56 [__init__.py:244] Automatically detected platform rocm.
[0;31mE20250902 00:51:14.353746 140284903560960 output_stream.cpp:105] Opened result file: ./profiles/standalone_attn_prefill_and_decode_tp8_prefill_then_decode8_2048_64_819232_kernel_trace.csv
[m[0;31mE20250902 00:51:14.360856 140284903560960 output_stream.cpp:105] Opened result file: ./profiles/standalone_attn_prefill_and_decode_tp8_prefill_then_decode8_2048_64_819232_agent_info.csv
[m[0;33mW20250902 00:51:22.788250 140284903560960 tool.cpp:1902] rocprofv3_error_signal_handler caught signal 11...
[m# ---- Run standalone_attn_prefill_and_decode_tp8_prefill_then_decode8_2048_128_25632 ----
INFO 09-02 00:51:29 [__init__.py:244] Automatically detected platform rocm.
[0;31mE20250902 00:51:48.185070 140442454796032 output_stream.cpp:105] Opened result file: ./profiles/standalone_attn_prefill_and_decode_tp8_prefill_then_decode8_2048_128_25632_kernel_trace.csv
[m[0;31mE20250902 00:51:48.192027 140442454796032 output_stream.cpp:105] Opened result file: ./profiles/standalone_attn_prefill_and_decode_tp8_prefill_then_decode8_2048_128_25632_agent_info.csv
[m[0;33mW20250902 00:51:56.795830 140442454796032 tool.cpp:1902] rocprofv3_error_signal_handler caught signal 11...
[m# ---- Run standalone_attn_prefill_and_decode_tp8_prefill_then_decode8_2048_128_51232 ----
INFO 09-02 00:52:03 [__init__.py:244] Automatically detected platform rocm.
[0;31mE20250902 00:52:20.238286 140027859330816 output_stream.cpp:105] Opened result file: ./profiles/standalone_attn_prefill_and_decode_tp8_prefill_then_decode8_2048_128_51232_kernel_trace.csv
[m[0;31mE20250902 00:52:20.245565 140027859330816 output_stream.cpp:105] Opened result file: ./profiles/standalone_attn_prefill_and_decode_tp8_prefill_then_decode8_2048_128_51232_agent_info.csv
[m[0;33mW20250902 00:52:28.869629 140027859330816 tool.cpp:1902] rocprofv3_error_signal_handler caught signal 11...
[m# ---- Run standalone_attn_prefill_and_decode_tp8_prefill_then_decode8_2048_128_102432 ----
INFO 09-02 00:52:35 [__init__.py:244] Automatically detected platform rocm.
[0;31mE20250902 00:52:52.296607 139965749225216 output_stream.cpp:105] Opened result file: ./profiles/standalone_attn_prefill_and_decode_tp8_prefill_then_decode8_2048_128_102432_kernel_trace.csv
[m[0;31mE20250902 00:52:52.303505 139965749225216 output_stream.cpp:105] Opened result file: ./profiles/standalone_attn_prefill_and_decode_tp8_prefill_then_decode8_2048_128_102432_agent_info.csv
[m[0;33mW20250902 00:53:01.845153 139965749225216 tool.cpp:1902] rocprofv3_error_signal_handler caught signal 11...
[m# ---- Run standalone_attn_prefill_and_decode_tp8_prefill_then_decode8_2048_128_204832 ----
INFO 09-02 00:53:08 [__init__.py:244] Automatically detected platform rocm.
[0;31mE20250902 00:53:25.471612 140480665220864 output_stream.cpp:105] Opened result file: ./profiles/standalone_attn_prefill_and_decode_tp8_prefill_then_decode8_2048_128_204832_kernel_trace.csv
[m[0;31mE20250902 00:53:25.479109 140480665220864 output_stream.cpp:105] Opened result file: ./profiles/standalone_attn_prefill_and_decode_tp8_prefill_then_decode8_2048_128_204832_agent_info.csv
[m[0;33mW20250902 00:53:34.063734 140480665220864 tool.cpp:1902] rocprofv3_error_signal_handler caught signal 11...
[m# ---- Run standalone_attn_prefill_and_decode_tp8_prefill_then_decode8_2048_128_409632 ----
INFO 09-02 00:53:40 [__init__.py:244] Automatically detected platform rocm.
[0;31mE20250902 00:53:57.662790 140650494936832 output_stream.cpp:105] Opened result file: ./profiles/standalone_attn_prefill_and_decode_tp8_prefill_then_decode8_2048_128_409632_kernel_trace.csv
[m[0;31mE20250902 00:53:57.669001 140650494936832 output_stream.cpp:105] Opened result file: ./profiles/standalone_attn_prefill_and_decode_tp8_prefill_then_decode8_2048_128_409632_agent_info.csv
[m[0;33mW20250902 00:54:06.312427 140650494936832 tool.cpp:1902] rocprofv3_error_signal_handler caught signal 11...
[m# ---- Run standalone_attn_prefill_and_decode_tp8_prefill_then_decode8_2048_128_819232 ----
INFO 09-02 00:54:12 [__init__.py:244] Automatically detected platform rocm.
[0;31mE20250902 00:54:29.521745 140276580247296 output_stream.cpp:105] Opened result file: ./profiles/standalone_attn_prefill_and_decode_tp8_prefill_then_decode8_2048_128_819232_kernel_trace.csv
[m[0;31mE20250902 00:54:29.528553 140276580247296 output_stream.cpp:105] Opened result file: ./profiles/standalone_attn_prefill_and_decode_tp8_prefill_then_decode8_2048_128_819232_agent_info.csv
[m[0;33mW20250902 00:54:38.274699 140276580247296 tool.cpp:1902] rocprofv3_error_signal_handler caught signal 11...
[m# ---- Run standalone_attn_prefill_and_decode_tp8_prefill_then_decode8_4096_1_25632 ----
INFO 09-02 00:54:44 [__init__.py:244] Automatically detected platform rocm.
[0;31mE20250902 00:55:02.667561 139915470001920 output_stream.cpp:105] Opened result file: ./profiles/standalone_attn_prefill_and_decode_tp8_prefill_then_decode8_4096_1_25632_kernel_trace.csv
[m[0;31mE20250902 00:55:02.674011 139915470001920 output_stream.cpp:105] Opened result file: ./profiles/standalone_attn_prefill_and_decode_tp8_prefill_then_decode8_4096_1_25632_agent_info.csv
[m[0;33mW20250902 00:55:11.092542 139915470001920 tool.cpp:1902] rocprofv3_error_signal_handler caught signal 11...
[m# ---- Run standalone_attn_prefill_and_decode_tp8_prefill_then_decode8_4096_1_51232 ----
INFO 09-02 00:55:17 [__init__.py:244] Automatically detected platform rocm.
[0;31mE20250902 00:55:37.239723 139785508620032 output_stream.cpp:105] Opened result file: ./profiles/standalone_attn_prefill_and_decode_tp8_prefill_then_decode8_4096_1_51232_kernel_trace.csv
[m[0;31mE20250902 00:55:37.246759 139785508620032 output_stream.cpp:105] Opened result file: ./profiles/standalone_attn_prefill_and_decode_tp8_prefill_then_decode8_4096_1_51232_agent_info.csv
[m[0;33mW20250902 00:55:46.714196 139785508620032 tool.cpp:1902] rocprofv3_error_signal_handler caught signal 11...
[m# ---- Run standalone_attn_prefill_and_decode_tp8_prefill_then_decode8_4096_1_102432 ----
INFO 09-02 00:55:53 [__init__.py:244] Automatically detected platform rocm.
[0;31mE20250902 00:56:15.753732 139874537121536 output_stream.cpp:105] Opened result file: ./profiles/standalone_attn_prefill_and_decode_tp8_prefill_then_decode8_4096_1_102432_kernel_trace.csv
[m[0;31mE20250902 00:56:15.761443 139874537121536 output_stream.cpp:105] Opened result file: ./profiles/standalone_attn_prefill_and_decode_tp8_prefill_then_decode8_4096_1_102432_agent_info.csv
[m[0;33mW20250902 00:56:24.909653 139874537121536 tool.cpp:1902] rocprofv3_error_signal_handler caught signal 11...
[m# ---- Run standalone_attn_prefill_and_decode_tp8_prefill_then_decode8_4096_1_204832 ----
INFO 09-02 00:56:32 [__init__.py:244] Automatically detected platform rocm.
[0;31mE20250902 00:56:51.783399 140133487683328 output_stream.cpp:105] Opened result file: ./profiles/standalone_attn_prefill_and_decode_tp8_prefill_then_decode8_4096_1_204832_kernel_trace.csv
[m[0;31mE20250902 00:56:51.790373 140133487683328 output_stream.cpp:105] Opened result file: ./profiles/standalone_attn_prefill_and_decode_tp8_prefill_then_decode8_4096_1_204832_agent_info.csv
[m[0;33mW20250902 00:57:00.315085 140133487683328 tool.cpp:1902] rocprofv3_error_signal_handler caught signal 11...
[m# ---- Run standalone_attn_prefill_and_decode_tp8_prefill_then_decode8_4096_1_409632 ----
INFO 09-02 00:57:06 [__init__.py:244] Automatically detected platform rocm.
[0;31mE20250902 00:57:24.612611 140560079197952 output_stream.cpp:105] Opened result file: ./profiles/standalone_attn_prefill_and_decode_tp8_prefill_then_decode8_4096_1_409632_kernel_trace.csv
[m[0;31mE20250902 00:57:24.620029 140560079197952 output_stream.cpp:105] Opened result file: ./profiles/standalone_attn_prefill_and_decode_tp8_prefill_then_decode8_4096_1_409632_agent_info.csv
[m[0;33mW20250902 00:57:33.285753 140560079197952 tool.cpp:1902] rocprofv3_error_signal_handler caught signal 11...
[m# ---- Run standalone_attn_prefill_and_decode_tp8_prefill_then_decode8_4096_1_819232 ----
INFO 09-02 00:57:39 [__init__.py:244] Automatically detected platform rocm.
[0;31mE20250902 00:57:57.979081 140325180425984 output_stream.cpp:105] Opened result file: ./profiles/standalone_attn_prefill_and_decode_tp8_prefill_then_decode8_4096_1_819232_kernel_trace.csv
[m[0;31mE20250902 00:57:57.986013 140325180425984 output_stream.cpp:105] Opened result file: ./profiles/standalone_attn_prefill_and_decode_tp8_prefill_then_decode8_4096_1_819232_agent_info.csv
[m[0;33mW20250902 00:58:07.226192 140325180425984 tool.cpp:1902] rocprofv3_error_signal_handler caught signal 11...
[m# ---- Run standalone_attn_prefill_and_decode_tp8_prefill_then_decode8_4096_2_25632 ----
INFO 09-02 00:58:13 [__init__.py:244] Automatically detected platform rocm.
[0;31mE20250902 00:58:31.852948 139878636959488 output_stream.cpp:105] Opened result file: ./profiles/standalone_attn_prefill_and_decode_tp8_prefill_then_decode8_4096_2_25632_kernel_trace.csv
[m[0;31mE20250902 00:58:31.859822 139878636959488 output_stream.cpp:105] Opened result file: ./profiles/standalone_attn_prefill_and_decode_tp8_prefill_then_decode8_4096_2_25632_agent_info.csv
[m[0;33mW20250902 00:58:40.715164 139878636959488 tool.cpp:1902] rocprofv3_error_signal_handler caught signal 11...
[m# ---- Run standalone_attn_prefill_and_decode_tp8_prefill_then_decode8_4096_2_51232 ----
INFO 09-02 00:58:46 [__init__.py:244] Automatically detected platform rocm.
[0;31mE20250902 00:59:05.296956 139933824313088 output_stream.cpp:105] Opened result file: ./profiles/standalone_attn_prefill_and_decode_tp8_prefill_then_decode8_4096_2_51232_kernel_trace.csv
[m[0;31mE20250902 00:59:05.303946 139933824313088 output_stream.cpp:105] Opened result file: ./profiles/standalone_attn_prefill_and_decode_tp8_prefill_then_decode8_4096_2_51232_agent_info.csv
[m[0;33mW20250902 00:59:14.031150 139933824313088 tool.cpp:1902] rocprofv3_error_signal_handler caught signal 11...
[m# ---- Run standalone_attn_prefill_and_decode_tp8_prefill_then_decode8_4096_2_102432 ----
INFO 09-02 00:59:20 [__init__.py:244] Automatically detected platform rocm.
[0;31mE20250902 00:59:38.285405 140490833315584 output_stream.cpp:105] Opened result file: ./profiles/standalone_attn_prefill_and_decode_tp8_prefill_then_decode8_4096_2_102432_kernel_trace.csv
[m[0;31mE20250902 00:59:38.292567 140490833315584 output_stream.cpp:105] Opened result file: ./profiles/standalone_attn_prefill_and_decode_tp8_prefill_then_decode8_4096_2_102432_agent_info.csv
[m[0;33mW20250902 00:59:46.844233 140490833315584 tool.cpp:1902] rocprofv3_error_signal_handler caught signal 11...
[m# ---- Run standalone_attn_prefill_and_decode_tp8_prefill_then_decode8_4096_2_204832 ----
INFO 09-02 00:59:52 [__init__.py:244] Automatically detected platform rocm.
[0;31mE20250902 01:00:11.171331 140111005751040 output_stream.cpp:105] Opened result file: ./profiles/standalone_attn_prefill_and_decode_tp8_prefill_then_decode8_4096_2_204832_kernel_trace.csv
[m[0;31mE20250902 01:00:11.178176 140111005751040 output_stream.cpp:105] Opened result file: ./profiles/standalone_attn_prefill_and_decode_tp8_prefill_then_decode8_4096_2_204832_agent_info.csv
[m[0;33mW20250902 01:00:20.080587 140111005751040 tool.cpp:1902] rocprofv3_error_signal_handler caught signal 11...
[m# ---- Run standalone_attn_prefill_and_decode_tp8_prefill_then_decode8_4096_2_409632 ----
INFO 09-02 01:00:26 [__init__.py:244] Automatically detected platform rocm.
[0;31mE20250902 01:00:44.285874 139745813554944 output_stream.cpp:105] Opened result file: ./profiles/standalone_attn_prefill_and_decode_tp8_prefill_then_decode8_4096_2_409632_kernel_trace.csv
[m[0;31mE20250902 01:00:44.292847 139745813554944 output_stream.cpp:105] Opened result file: ./profiles/standalone_attn_prefill_and_decode_tp8_prefill_then_decode8_4096_2_409632_agent_info.csv
[m[0;33mW20250902 01:00:53.147259 139745813554944 tool.cpp:1902] rocprofv3_error_signal_handler caught signal 11...
[m# ---- Run standalone_attn_prefill_and_decode_tp8_prefill_then_decode8_4096_2_819232 ----
INFO 09-02 01:00:59 [__init__.py:244] Automatically detected platform rocm.
[0;31mE20250902 01:01:19.786637 139889134253824 output_stream.cpp:105] Opened result file: ./profiles/standalone_attn_prefill_and_decode_tp8_prefill_then_decode8_4096_2_819232_kernel_trace.csv
[m[0;31mE20250902 01:01:19.793583 139889134253824 output_stream.cpp:105] Opened result file: ./profiles/standalone_attn_prefill_and_decode_tp8_prefill_then_decode8_4096_2_819232_agent_info.csv
[m[0;33mW20250902 01:01:28.864678 139889134253824 tool.cpp:1902] rocprofv3_error_signal_handler caught signal 11...
[m# ---- Run standalone_attn_prefill_and_decode_tp8_prefill_then_decode8_4096_4_25632 ----
INFO 09-02 01:01:36 [__init__.py:244] Automatically detected platform rocm.
[0;31mE20250902 01:01:56.092132 139699109435136 output_stream.cpp:105] Opened result file: ./profiles/standalone_attn_prefill_and_decode_tp8_prefill_then_decode8_4096_4_25632_kernel_trace.csv
[m[0;31mE20250902 01:01:56.098299 139699109435136 output_stream.cpp:105] Opened result file: ./profiles/standalone_attn_prefill_and_decode_tp8_prefill_then_decode8_4096_4_25632_agent_info.csv
[m[0;33mW20250902 01:02:05.192871 139699109435136 tool.cpp:1902] rocprofv3_error_signal_handler caught signal 11...
[m# ---- Run standalone_attn_prefill_and_decode_tp8_prefill_then_decode8_4096_4_51232 ----
INFO 09-02 01:02:12 [__init__.py:244] Automatically detected platform rocm.
[0;31mE20250902 01:02:32.635226 139995111810816 output_stream.cpp:105] Opened result file: ./profiles/standalone_attn_prefill_and_decode_tp8_prefill_then_decode8_4096_4_51232_kernel_trace.csv
[m[0;31mE20250902 01:02:32.642004 139995111810816 output_stream.cpp:105] Opened result file: ./profiles/standalone_attn_prefill_and_decode_tp8_prefill_then_decode8_4096_4_51232_agent_info.csv
[m[0;33mW20250902 01:02:41.995136 139995111810816 tool.cpp:1902] rocprofv3_error_signal_handler caught signal 11...
[m# ---- Run standalone_attn_prefill_and_decode_tp8_prefill_then_decode8_4096_4_102432 ----
INFO 09-02 01:02:49 [__init__.py:244] Automatically detected platform rocm.
[0;31mE20250902 01:03:10.167890 139856650004224 output_stream.cpp:105] Opened result file: ./profiles/standalone_attn_prefill_and_decode_tp8_prefill_then_decode8_4096_4_102432_kernel_trace.csv
[m[0;31mE20250902 01:03:10.174669 139856650004224 output_stream.cpp:105] Opened result file: ./profiles/standalone_attn_prefill_and_decode_tp8_prefill_then_decode8_4096_4_102432_agent_info.csv
[m[0;33mW20250902 01:03:19.201906 139856650004224 tool.cpp:1902] rocprofv3_error_signal_handler caught signal 11...
[m# ---- Run standalone_attn_prefill_and_decode_tp8_prefill_then_decode8_4096_4_204832 ----
INFO 09-02 01:03:25 [__init__.py:244] Automatically detected platform rocm.
[0;31mE20250902 01:03:44.203626 140072528836352 output_stream.cpp:105] Opened result file: ./profiles/standalone_attn_prefill_and_decode_tp8_prefill_then_decode8_4096_4_204832_kernel_trace.csv
[m[0;31mE20250902 01:03:44.210388 140072528836352 output_stream.cpp:105] Opened result file: ./profiles/standalone_attn_prefill_and_decode_tp8_prefill_then_decode8_4096_4_204832_agent_info.csv
[m[0;33mW20250902 01:03:53.239583 140072528836352 tool.cpp:1902] rocprofv3_error_signal_handler caught signal 11...
[m# ---- Run standalone_attn_prefill_and_decode_tp8_prefill_then_decode8_4096_4_409632 ----
INFO 09-02 01:03:59 [__init__.py:244] Automatically detected platform rocm.
[0;31mE20250902 01:04:17.788619 140479661876992 output_stream.cpp:105] Opened result file: ./profiles/standalone_attn_prefill_and_decode_tp8_prefill_then_decode8_4096_4_409632_kernel_trace.csv
[m[0;31mE20250902 01:04:17.795263 140479661876992 output_stream.cpp:105] Opened result file: ./profiles/standalone_attn_prefill_and_decode_tp8_prefill_then_decode8_4096_4_409632_agent_info.csv
[m[0;33mW20250902 01:04:27.059058 140479661876992 tool.cpp:1902] rocprofv3_error_signal_handler caught signal 11...
[m# ---- Run standalone_attn_prefill_and_decode_tp8_prefill_then_decode8_4096_4_819232 ----
INFO 09-02 01:04:33 [__init__.py:244] Automatically detected platform rocm.
[0;31mE20250902 01:04:51.593811 140228974524160 output_stream.cpp:105] Opened result file: ./profiles/standalone_attn_prefill_and_decode_tp8_prefill_then_decode8_4096_4_819232_kernel_trace.csv
[m[0;31mE20250902 01:04:51.600094 140228974524160 output_stream.cpp:105] Opened result file: ./profiles/standalone_attn_prefill_and_decode_tp8_prefill_then_decode8_4096_4_819232_agent_info.csv
[m[0;33mW20250902 01:05:00.552015 140228974524160 tool.cpp:1902] rocprofv3_error_signal_handler caught signal 11...
[m# ---- Run standalone_attn_prefill_and_decode_tp8_prefill_then_decode8_4096_8_25632 ----
INFO 09-02 01:05:06 [__init__.py:244] Automatically detected platform rocm.
[0;31mE20250902 01:05:25.133177 140245806167808 output_stream.cpp:105] Opened result file: ./profiles/standalone_attn_prefill_and_decode_tp8_prefill_then_decode8_4096_8_25632_kernel_trace.csv
[m[0;31mE20250902 01:05:25.139975 140245806167808 output_stream.cpp:105] Opened result file: ./profiles/standalone_attn_prefill_and_decode_tp8_prefill_then_decode8_4096_8_25632_agent_info.csv
[m[0;33mW20250902 01:05:33.723019 140245806167808 tool.cpp:1902] rocprofv3_error_signal_handler caught signal 11...
[m# ---- Run standalone_attn_prefill_and_decode_tp8_prefill_then_decode8_4096_8_51232 ----
INFO 09-02 01:05:40 [__init__.py:244] Automatically detected platform rocm.
[0;31mE20250902 01:05:58.782389 140609761994496 output_stream.cpp:105] Opened result file: ./profiles/standalone_attn_prefill_and_decode_tp8_prefill_then_decode8_4096_8_51232_kernel_trace.csv
[m[0;31mE20250902 01:05:58.788782 140609761994496 output_stream.cpp:105] Opened result file: ./profiles/standalone_attn_prefill_and_decode_tp8_prefill_then_decode8_4096_8_51232_agent_info.csv
[m[0;33mW20250902 01:06:07.577155 140609761994496 tool.cpp:1902] rocprofv3_error_signal_handler caught signal 11...
[m# ---- Run standalone_attn_prefill_and_decode_tp8_prefill_then_decode8_4096_8_102432 ----
INFO 09-02 01:06:13 [__init__.py:244] Automatically detected platform rocm.
[0;31mE20250902 01:06:32.512774 140038058391296 output_stream.cpp:105] Opened result file: ./profiles/standalone_attn_prefill_and_decode_tp8_prefill_then_decode8_4096_8_102432_kernel_trace.csv
[m[0;31mE20250902 01:06:32.518873 140038058391296 output_stream.cpp:105] Opened result file: ./profiles/standalone_attn_prefill_and_decode_tp8_prefill_then_decode8_4096_8_102432_agent_info.csv
[m[0;33mW20250902 01:06:41.361572 140038058391296 tool.cpp:1902] rocprofv3_error_signal_handler caught signal 11...
[m# ---- Run standalone_attn_prefill_and_decode_tp8_prefill_then_decode8_4096_8_204832 ----
INFO 09-02 01:06:47 [__init__.py:244] Automatically detected platform rocm.
[0;31mE20250902 01:07:08.305964 140525463041792 output_stream.cpp:105] Opened result file: ./profiles/standalone_attn_prefill_and_decode_tp8_prefill_then_decode8_4096_8_204832_kernel_trace.csv
[m[0;31mE20250902 01:07:08.313961 140525463041792 output_stream.cpp:105] Opened result file: ./profiles/standalone_attn_prefill_and_decode_tp8_prefill_then_decode8_4096_8_204832_agent_info.csv
[m[0;33mW20250902 01:07:17.507777 140525463041792 tool.cpp:1902] rocprofv3_error_signal_handler caught signal 11...
[m# ---- Run standalone_attn_prefill_and_decode_tp8_prefill_then_decode8_4096_8_409632 ----
INFO 09-02 01:07:24 [__init__.py:244] Automatically detected platform rocm.
[0;31mE20250902 01:07:43.962607 140601438598912 output_stream.cpp:105] Opened result file: ./profiles/standalone_attn_prefill_and_decode_tp8_prefill_then_decode8_4096_8_409632_kernel_trace.csv
[m[0;31mE20250902 01:07:43.969350 140601438598912 output_stream.cpp:105] Opened result file: ./profiles/standalone_attn_prefill_and_decode_tp8_prefill_then_decode8_4096_8_409632_agent_info.csv
[m[0;33mW20250902 01:07:53.138591 140601438598912 tool.cpp:1902] rocprofv3_error_signal_handler caught signal 11...
[m# ---- Run standalone_attn_prefill_and_decode_tp8_prefill_then_decode8_4096_8_819232 ----
INFO 09-02 01:07:59 [__init__.py:244] Automatically detected platform rocm.
[0;31mE20250902 01:08:17.255755 139648304809728 output_stream.cpp:105] Opened result file: ./profiles/standalone_attn_prefill_and_decode_tp8_prefill_then_decode8_4096_8_819232_kernel_trace.csv
[m[0;31mE20250902 01:08:17.261844 139648304809728 output_stream.cpp:105] Opened result file: ./profiles/standalone_attn_prefill_and_decode_tp8_prefill_then_decode8_4096_8_819232_agent_info.csv
[m[0;33mW20250902 01:08:25.800808 139648304809728 tool.cpp:1902] rocprofv3_error_signal_handler caught signal 11...
[m# ---- Run standalone_attn_prefill_and_decode_tp8_prefill_then_decode8_4096_16_25632 ----
INFO 09-02 01:08:31 [__init__.py:244] Automatically detected platform rocm.
[0;31mE20250902 01:08:49.739745 140546952083200 output_stream.cpp:105] Opened result file: ./profiles/standalone_attn_prefill_and_decode_tp8_prefill_then_decode8_4096_16_25632_kernel_trace.csv
[m[0;31mE20250902 01:08:49.745855 140546952083200 output_stream.cpp:105] Opened result file: ./profiles/standalone_attn_prefill_and_decode_tp8_prefill_then_decode8_4096_16_25632_agent_info.csv
[m[0;33mW20250902 01:08:58.173616 140546952083200 tool.cpp:1902] rocprofv3_error_signal_handler caught signal 11...
[m# ---- Run standalone_attn_prefill_and_decode_tp8_prefill_then_decode8_4096_16_51232 ----
INFO 09-02 01:09:05 [__init__.py:244] Automatically detected platform rocm.
[0;31mE20250902 01:09:24.979610 140480650479360 output_stream.cpp:105] Opened result file: ./profiles/standalone_attn_prefill_and_decode_tp8_prefill_then_decode8_4096_16_51232_kernel_trace.csv
[m[0;31mE20250902 01:09:24.985786 140480650479360 output_stream.cpp:105] Opened result file: ./profiles/standalone_attn_prefill_and_decode_tp8_prefill_then_decode8_4096_16_51232_agent_info.csv
[m[0;33mW20250902 01:09:33.461271 140480650479360 tool.cpp:1902] rocprofv3_error_signal_handler caught signal 11...
[m# ---- Run standalone_attn_prefill_and_decode_tp8_prefill_then_decode8_4096_16_102432 ----
INFO 09-02 01:09:39 [__init__.py:244] Automatically detected platform rocm.
[0;31mE20250902 01:09:57.623164 140364945385216 output_stream.cpp:105] Opened result file: ./profiles/standalone_attn_prefill_and_decode_tp8_prefill_then_decode8_4096_16_102432_kernel_trace.csv
[m[0;31mE20250902 01:09:57.629577 140364945385216 output_stream.cpp:105] Opened result file: ./profiles/standalone_attn_prefill_and_decode_tp8_prefill_then_decode8_4096_16_102432_agent_info.csv
[m[0;33mW20250902 01:10:06.039452 140364945385216 tool.cpp:1902] rocprofv3_error_signal_handler caught signal 11...
[m# ---- Run standalone_attn_prefill_and_decode_tp8_prefill_then_decode8_4096_16_204832 ----
INFO 09-02 01:10:12 [__init__.py:244] Automatically detected platform rocm.
[0;31mE20250902 01:10:32.016697 140321002854144 output_stream.cpp:105] Opened result file: ./profiles/standalone_attn_prefill_and_decode_tp8_prefill_then_decode8_4096_16_204832_kernel_trace.csv
[m[0;31mE20250902 01:10:32.023207 140321002854144 output_stream.cpp:105] Opened result file: ./profiles/standalone_attn_prefill_and_decode_tp8_prefill_then_decode8_4096_16_204832_agent_info.csv
[m[0;33mW20250902 01:10:40.491890 140321002854144 tool.cpp:1902] rocprofv3_error_signal_handler caught signal 11...
[m# ---- Run standalone_attn_prefill_and_decode_tp8_prefill_then_decode8_4096_16_409632 ----
INFO 09-02 01:10:46 [__init__.py:244] Automatically detected platform rocm.
[0;31mE20250902 01:11:04.814351 140706753582848 output_stream.cpp:105] Opened result file: ./profiles/standalone_attn_prefill_and_decode_tp8_prefill_then_decode8_4096_16_409632_kernel_trace.csv
[m[0;31mE20250902 01:11:04.820403 140706753582848 output_stream.cpp:105] Opened result file: ./profiles/standalone_attn_prefill_and_decode_tp8_prefill_then_decode8_4096_16_409632_agent_info.csv
[m[0;33mW20250902 01:11:13.437075 140706753582848 tool.cpp:1902] rocprofv3_error_signal_handler caught signal 11...
[m# ---- Run standalone_attn_prefill_and_decode_tp8_prefill_then_decode8_4096_16_819232 ----
INFO 09-02 01:11:19 [__init__.py:244] Automatically detected platform rocm.
[0;31mE20250902 01:11:40.414006 139808129111808 output_stream.cpp:105] Opened result file: ./profiles/standalone_attn_prefill_and_decode_tp8_prefill_then_decode8_4096_16_819232_kernel_trace.csv
[m[0;31mE20250902 01:11:40.421658 139808129111808 output_stream.cpp:105] Opened result file: ./profiles/standalone_attn_prefill_and_decode_tp8_prefill_then_decode8_4096_16_819232_agent_info.csv
[m[0;33mW20250902 01:11:49.424519 139808129111808 tool.cpp:1902] rocprofv3_error_signal_handler caught signal 11...
[m# ---- Run standalone_attn_prefill_and_decode_tp8_prefill_then_decode8_4096_32_25632 ----
INFO 09-02 01:11:56 [__init__.py:244] Automatically detected platform rocm.
[0;31mE20250902 01:12:15.932616 140232046053120 output_stream.cpp:105] Opened result file: ./profiles/standalone_attn_prefill_and_decode_tp8_prefill_then_decode8_4096_32_25632_kernel_trace.csv
[m[0;31mE20250902 01:12:15.938856 140232046053120 output_stream.cpp:105] Opened result file: ./profiles/standalone_attn_prefill_and_decode_tp8_prefill_then_decode8_4096_32_25632_agent_info.csv
[m[0;33mW20250902 01:12:24.523749 140232046053120 tool.cpp:1902] rocprofv3_error_signal_handler caught signal 11...
[m# ---- Run standalone_attn_prefill_and_decode_tp8_prefill_then_decode8_4096_32_51232 ----
INFO 09-02 01:12:30 [__init__.py:244] Automatically detected platform rocm.
[0;31mE20250902 01:12:48.184659 140619945223936 output_stream.cpp:105] Opened result file: ./profiles/standalone_attn_prefill_and_decode_tp8_prefill_then_decode8_4096_32_51232_kernel_trace.csv
[m[0;31mE20250902 01:12:48.190717 140619945223936 output_stream.cpp:105] Opened result file: ./profiles/standalone_attn_prefill_and_decode_tp8_prefill_then_decode8_4096_32_51232_agent_info.csv
[m[0;33mW20250902 01:12:56.629701 140619945223936 tool.cpp:1902] rocprofv3_error_signal_handler caught signal 11...
[m# ---- Run standalone_attn_prefill_and_decode_tp8_prefill_then_decode8_4096_32_102432 ----
INFO 09-02 01:13:02 [__init__.py:244] Automatically detected platform rocm.
[0;31mE20250902 01:13:20.574384 140315326117632 output_stream.cpp:105] Opened result file: ./profiles/standalone_attn_prefill_and_decode_tp8_prefill_then_decode8_4096_32_102432_kernel_trace.csv
[m[0;31mE20250902 01:13:20.580532 140315326117632 output_stream.cpp:105] Opened result file: ./profiles/standalone_attn_prefill_and_decode_tp8_prefill_then_decode8_4096_32_102432_agent_info.csv
[m[0;33mW20250902 01:13:29.354350 140315326117632 tool.cpp:1902] rocprofv3_error_signal_handler caught signal 11...
[m# ---- Run standalone_attn_prefill_and_decode_tp8_prefill_then_decode8_4096_32_204832 ----
INFO 09-02 01:13:35 [__init__.py:244] Automatically detected platform rocm.
[0;31mE20250902 01:13:53.351385 140622706591488 output_stream.cpp:105] Opened result file: ./profiles/standalone_attn_prefill_and_decode_tp8_prefill_then_decode8_4096_32_204832_kernel_trace.csv
[m[0;31mE20250902 01:13:53.357554 140622706591488 output_stream.cpp:105] Opened result file: ./profiles/standalone_attn_prefill_and_decode_tp8_prefill_then_decode8_4096_32_204832_agent_info.csv
[m[0;33mW20250902 01:14:01.833641 140622706591488 tool.cpp:1902] rocprofv3_error_signal_handler caught signal 11...
[m# ---- Run standalone_attn_prefill_and_decode_tp8_prefill_then_decode8_4096_32_409632 ----
INFO 09-02 01:14:07 [__init__.py:244] Automatically detected platform rocm.
[0;31mE20250902 01:14:25.943389 140291400341248 output_stream.cpp:105] Opened result file: ./profiles/standalone_attn_prefill_and_decode_tp8_prefill_then_decode8_4096_32_409632_kernel_trace.csv
[m[0;31mE20250902 01:14:25.949661 140291400341248 output_stream.cpp:105] Opened result file: ./profiles/standalone_attn_prefill_and_decode_tp8_prefill_then_decode8_4096_32_409632_agent_info.csv
[m[0;33mW20250902 01:14:34.623582 140291400341248 tool.cpp:1902] rocprofv3_error_signal_handler caught signal 11...
[m# ---- Run standalone_attn_prefill_and_decode_tp8_prefill_then_decode8_4096_32_819232 ----
INFO 09-02 01:14:40 [__init__.py:244] Automatically detected platform rocm.
[0;31mE20250902 01:14:58.204113 140412873144064 output_stream.cpp:105] Opened result file: ./profiles/standalone_attn_prefill_and_decode_tp8_prefill_then_decode8_4096_32_819232_kernel_trace.csv
[m[0;31mE20250902 01:14:58.210096 140412873144064 output_stream.cpp:105] Opened result file: ./profiles/standalone_attn_prefill_and_decode_tp8_prefill_then_decode8_4096_32_819232_agent_info.csv
[m[0;33mW20250902 01:15:06.714163 140412873144064 tool.cpp:1902] rocprofv3_error_signal_handler caught signal 11...
[m# ---- Run standalone_attn_prefill_and_decode_tp8_prefill_then_decode8_4096_64_25632 ----
INFO 09-02 01:15:12 [__init__.py:244] Automatically detected platform rocm.
[0;31mE20250902 01:15:30.302636 139889255368448 output_stream.cpp:105] Opened result file: ./profiles/standalone_attn_prefill_and_decode_tp8_prefill_then_decode8_4096_64_25632_kernel_trace.csv
[m[0;31mE20250902 01:15:30.309229 139889255368448 output_stream.cpp:105] Opened result file: ./profiles/standalone_attn_prefill_and_decode_tp8_prefill_then_decode8_4096_64_25632_agent_info.csv
[m[0;33mW20250902 01:15:39.152127 139889255368448 tool.cpp:1902] rocprofv3_error_signal_handler caught signal 11...
[m# ---- Run standalone_attn_prefill_and_decode_tp8_prefill_then_decode8_4096_64_51232 ----
INFO 09-02 01:15:44 [__init__.py:244] Automatically detected platform rocm.
[0;31mE20250902 01:16:02.456948 140120640751360 output_stream.cpp:105] Opened result file: ./profiles/standalone_attn_prefill_and_decode_tp8_prefill_then_decode8_4096_64_51232_kernel_trace.csv
[m[0;31mE20250902 01:16:02.463076 140120640751360 output_stream.cpp:105] Opened result file: ./profiles/standalone_attn_prefill_and_decode_tp8_prefill_then_decode8_4096_64_51232_agent_info.csv
[m[0;33mW20250902 01:16:11.363149 140120640751360 tool.cpp:1902] rocprofv3_error_signal_handler caught signal 11...
[m# ---- Run standalone_attn_prefill_and_decode_tp8_prefill_then_decode8_4096_64_102432 ----
INFO 09-02 01:16:17 [__init__.py:244] Automatically detected platform rocm.
[0;31mE20250902 01:16:35.069209 140641550309120 output_stream.cpp:105] Opened result file: ./profiles/standalone_attn_prefill_and_decode_tp8_prefill_then_decode8_4096_64_102432_kernel_trace.csv
[m[0;31mE20250902 01:16:35.075226 140641550309120 output_stream.cpp:105] Opened result file: ./profiles/standalone_attn_prefill_and_decode_tp8_prefill_then_decode8_4096_64_102432_agent_info.csv
[m[0;33mW20250902 01:16:43.572831 140641550309120 tool.cpp:1902] rocprofv3_error_signal_handler caught signal 11...
[m# ---- Run standalone_attn_prefill_and_decode_tp8_prefill_then_decode8_4096_64_204832 ----
INFO 09-02 01:16:49 [__init__.py:244] Automatically detected platform rocm.
[0;31mE20250902 01:17:07.268206 140544300689152 output_stream.cpp:105] Opened result file: ./profiles/standalone_attn_prefill_and_decode_tp8_prefill_then_decode8_4096_64_204832_kernel_trace.csv
[m[0;31mE20250902 01:17:07.274128 140544300689152 output_stream.cpp:105] Opened result file: ./profiles/standalone_attn_prefill_and_decode_tp8_prefill_then_decode8_4096_64_204832_agent_info.csv
[m[0;33mW20250902 01:17:15.830507 140544300689152 tool.cpp:1902] rocprofv3_error_signal_handler caught signal 11...
[m# ---- Run standalone_attn_prefill_and_decode_tp8_prefill_then_decode8_4096_64_409632 ----
INFO 09-02 01:17:21 [__init__.py:244] Automatically detected platform rocm.
[0;31mE20250902 01:17:39.467066 140319893456640 output_stream.cpp:105] Opened result file: ./profiles/standalone_attn_prefill_and_decode_tp8_prefill_then_decode8_4096_64_409632_kernel_trace.csv
[m[0;31mE20250902 01:17:39.472992 140319893456640 output_stream.cpp:105] Opened result file: ./profiles/standalone_attn_prefill_and_decode_tp8_prefill_then_decode8_4096_64_409632_agent_info.csv
[m[0;33mW20250902 01:17:48.140735 140319893456640 tool.cpp:1902] rocprofv3_error_signal_handler caught signal 11...
[m# ---- Run standalone_attn_prefill_and_decode_tp8_prefill_then_decode8_4096_64_819232 ----
INFO 09-02 01:17:54 [__init__.py:244] Automatically detected platform rocm.
[0;31mE20250902 01:18:12.031208 140453560825600 output_stream.cpp:105] Opened result file: ./profiles/standalone_attn_prefill_and_decode_tp8_prefill_then_decode8_4096_64_819232_kernel_trace.csv
[m[0;31mE20250902 01:18:12.037225 140453560825600 output_stream.cpp:105] Opened result file: ./profiles/standalone_attn_prefill_and_decode_tp8_prefill_then_decode8_4096_64_819232_agent_info.csv
[m[0;33mW20250902 01:18:20.994229 140453560825600 tool.cpp:1902] rocprofv3_error_signal_handler caught signal 11...
[m# ---- Run standalone_attn_prefill_and_decode_tp8_prefill_then_decode8_4096_128_25632 ----
INFO 09-02 01:18:26 [__init__.py:244] Automatically detected platform rocm.
[0;31mE20250902 01:18:43.975155 140383787538176 output_stream.cpp:105] Opened result file: ./profiles/standalone_attn_prefill_and_decode_tp8_prefill_then_decode8_4096_128_25632_kernel_trace.csv
[m[0;31mE20250902 01:18:43.981285 140383787538176 output_stream.cpp:105] Opened result file: ./profiles/standalone_attn_prefill_and_decode_tp8_prefill_then_decode8_4096_128_25632_agent_info.csv
[m[0;33mW20250902 01:18:52.833151 140383787538176 tool.cpp:1902] rocprofv3_error_signal_handler caught signal 11...
[m# ---- Run standalone_attn_prefill_and_decode_tp8_prefill_then_decode8_4096_128_51232 ----
INFO 09-02 01:18:58 [__init__.py:244] Automatically detected platform rocm.
[0;31mE20250902 01:19:15.338573 140457419417344 output_stream.cpp:105] Opened result file: ./profiles/standalone_attn_prefill_and_decode_tp8_prefill_then_decode8_4096_128_51232_kernel_trace.csv
[m[0;31mE20250902 01:19:15.344640 140457419417344 output_stream.cpp:105] Opened result file: ./profiles/standalone_attn_prefill_and_decode_tp8_prefill_then_decode8_4096_128_51232_agent_info.csv
[m[0;33mW20250902 01:19:23.979613 140457419417344 tool.cpp:1902] rocprofv3_error_signal_handler caught signal 11...
[m# ---- Run standalone_attn_prefill_and_decode_tp8_prefill_then_decode8_4096_128_102432 ----
INFO 09-02 01:19:29 [__init__.py:244] Automatically detected platform rocm.
[0;31mE20250902 01:19:46.652723 140215651440384 output_stream.cpp:105] Opened result file: ./profiles/standalone_attn_prefill_and_decode_tp8_prefill_then_decode8_4096_128_102432_kernel_trace.csv
[m[0;31mE20250902 01:19:46.659585 140215651440384 output_stream.cpp:105] Opened result file: ./profiles/standalone_attn_prefill_and_decode_tp8_prefill_then_decode8_4096_128_102432_agent_info.csv
[m[0;33mW20250902 01:19:55.418930 140215651440384 tool.cpp:1902] rocprofv3_error_signal_handler caught signal 11...
[m# ---- Run standalone_attn_prefill_and_decode_tp8_prefill_then_decode8_4096_128_204832 ----
INFO 09-02 01:20:01 [__init__.py:244] Automatically detected platform rocm.
[0;31mE20250902 01:20:18.862123 140402309318400 output_stream.cpp:105] Opened result file: ./profiles/standalone_attn_prefill_and_decode_tp8_prefill_then_decode8_4096_128_204832_kernel_trace.csv
[m[0;31mE20250902 01:20:18.870239 140402309318400 output_stream.cpp:105] Opened result file: ./profiles/standalone_attn_prefill_and_decode_tp8_prefill_then_decode8_4096_128_204832_agent_info.csv
[m[0;33mW20250902 01:20:28.336229 140402309318400 tool.cpp:1902] rocprofv3_error_signal_handler caught signal 11...
[m# ---- Run standalone_attn_prefill_and_decode_tp8_prefill_then_decode8_4096_128_409632 ----
INFO 09-02 01:20:35 [__init__.py:244] Automatically detected platform rocm.
[0;31mE20250902 01:20:54.121960 139732545181440 output_stream.cpp:105] Opened result file: ./profiles/standalone_attn_prefill_and_decode_tp8_prefill_then_decode8_4096_128_409632_kernel_trace.csv
[m[0;31mE20250902 01:20:54.128937 139732545181440 output_stream.cpp:105] Opened result file: ./profiles/standalone_attn_prefill_and_decode_tp8_prefill_then_decode8_4096_128_409632_agent_info.csv
[m[0;33mW20250902 01:21:03.257924 139732545181440 tool.cpp:1902] rocprofv3_error_signal_handler caught signal 11...
[m# ---- Run standalone_attn_prefill_and_decode_tp8_prefill_then_decode8_4096_128_819232 ----
INFO 09-02 01:21:09 [__init__.py:244] Automatically detected platform rocm.
[0;31mE20250902 01:21:26.275319 140365710489344 output_stream.cpp:105] Opened result file: ./profiles/standalone_attn_prefill_and_decode_tp8_prefill_then_decode8_4096_128_819232_kernel_trace.csv
[m[0;31mE20250902 01:21:26.282469 140365710489344 output_stream.cpp:105] Opened result file: ./profiles/standalone_attn_prefill_and_decode_tp8_prefill_then_decode8_4096_128_819232_agent_info.csv
[m[0;33mW20250902 01:21:35.331004 140365710489344 tool.cpp:1902] rocprofv3_error_signal_handler caught signal 11...
[m# ---- Run standalone_attn_prefill_and_decode_tp8_prefill_then_decode8_8192_1_25632 ----
INFO 09-02 01:21:41 [__init__.py:244] Automatically detected platform rocm.
[0;31mE20250902 01:22:02.014046 139883614562048 output_stream.cpp:105] Opened result file: ./profiles/standalone_attn_prefill_and_decode_tp8_prefill_then_decode8_8192_1_25632_kernel_trace.csv
[m[0;31mE20250902 01:22:02.020979 139883614562048 output_stream.cpp:105] Opened result file: ./profiles/standalone_attn_prefill_and_decode_tp8_prefill_then_decode8_8192_1_25632_agent_info.csv
[m[0;33mW20250902 01:22:11.148017 139883614562048 tool.cpp:1902] rocprofv3_error_signal_handler caught signal 11...
[m# ---- Run standalone_attn_prefill_and_decode_tp8_prefill_then_decode8_8192_1_51232 ----
INFO 09-02 01:22:18 [__init__.py:244] Automatically detected platform rocm.
[0;31mE20250902 01:22:39.595475 140277660845824 output_stream.cpp:105] Opened result file: ./profiles/standalone_attn_prefill_and_decode_tp8_prefill_then_decode8_8192_1_51232_kernel_trace.csv
[m[0;31mE20250902 01:22:39.602502 140277660845824 output_stream.cpp:105] Opened result file: ./profiles/standalone_attn_prefill_and_decode_tp8_prefill_then_decode8_8192_1_51232_agent_info.csv
[m[0;33mW20250902 01:22:49.484346 140277660845824 tool.cpp:1902] rocprofv3_error_signal_handler caught signal 11...
[m# ---- Run standalone_attn_prefill_and_decode_tp8_prefill_then_decode8_8192_1_102432 ----
INFO 09-02 01:22:56 [__init__.py:244] Automatically detected platform rocm.
[0;31mE20250902 01:23:18.549692 140171939424000 output_stream.cpp:105] Opened result file: ./profiles/standalone_attn_prefill_and_decode_tp8_prefill_then_decode8_8192_1_102432_kernel_trace.csv
[m[0;31mE20250902 01:23:18.556978 140171939424000 output_stream.cpp:105] Opened result file: ./profiles/standalone_attn_prefill_and_decode_tp8_prefill_then_decode8_8192_1_102432_agent_info.csv
[m[0;33mW20250902 01:23:28.273223 140171939424000 tool.cpp:1902] rocprofv3_error_signal_handler caught signal 11...
[m# ---- Run standalone_attn_prefill_and_decode_tp8_prefill_then_decode8_8192_1_204832 ----
INFO 09-02 01:23:35 [__init__.py:244] Automatically detected platform rocm.
[0;31mE20250902 01:23:57.045460 139896162780928 output_stream.cpp:105] Opened result file: ./profiles/standalone_attn_prefill_and_decode_tp8_prefill_then_decode8_8192_1_204832_kernel_trace.csv
[m[0;31mE20250902 01:23:57.052268 139896162780928 output_stream.cpp:105] Opened result file: ./profiles/standalone_attn_prefill_and_decode_tp8_prefill_then_decode8_8192_1_204832_agent_info.csv
[m[0;33mW20250902 01:24:06.110149 139896162780928 tool.cpp:1902] rocprofv3_error_signal_handler caught signal 11...
[m# ---- Run standalone_attn_prefill_and_decode_tp8_prefill_then_decode8_8192_1_409632 ----
INFO 09-02 01:24:13 [__init__.py:244] Automatically detected platform rocm.
[0;31mE20250902 01:24:32.513442 140304578160384 output_stream.cpp:105] Opened result file: ./profiles/standalone_attn_prefill_and_decode_tp8_prefill_then_decode8_8192_1_409632_kernel_trace.csv
[m[0;31mE20250902 01:24:32.519603 140304578160384 output_stream.cpp:105] Opened result file: ./profiles/standalone_attn_prefill_and_decode_tp8_prefill_then_decode8_8192_1_409632_agent_info.csv
[m[0;33mW20250902 01:24:41.692756 140304578160384 tool.cpp:1902] rocprofv3_error_signal_handler caught signal 11...
[m# ---- Run standalone_attn_prefill_and_decode_tp8_prefill_then_decode8_8192_1_819232 ----
INFO 09-02 01:24:47 [__init__.py:244] Automatically detected platform rocm.
[0;31mE20250902 01:25:06.000546 140467181610752 output_stream.cpp:105] Opened result file: ./profiles/standalone_attn_prefill_and_decode_tp8_prefill_then_decode8_8192_1_819232_kernel_trace.csv
[m[0;31mE20250902 01:25:06.007127 140467181610752 output_stream.cpp:105] Opened result file: ./profiles/standalone_attn_prefill_and_decode_tp8_prefill_then_decode8_8192_1_819232_agent_info.csv
[m[0;33mW20250902 01:25:14.463649 140467181610752 tool.cpp:1902] rocprofv3_error_signal_handler caught signal 11...
[m# ---- Run standalone_attn_prefill_and_decode_tp8_prefill_then_decode8_8192_2_25632 ----
INFO 09-02 01:25:20 [__init__.py:244] Automatically detected platform rocm.
[0;31mE20250902 01:25:40.908197 140611999106816 output_stream.cpp:105] Opened result file: ./profiles/standalone_attn_prefill_and_decode_tp8_prefill_then_decode8_8192_2_25632_kernel_trace.csv
[m[0;31mE20250902 01:25:40.915936 140611999106816 output_stream.cpp:105] Opened result file: ./profiles/standalone_attn_prefill_and_decode_tp8_prefill_then_decode8_8192_2_25632_agent_info.csv
[m[0;33mW20250902 01:25:50.824424 140611999106816 tool.cpp:1902] rocprofv3_error_signal_handler caught signal 11...
[m# ---- Run standalone_attn_prefill_and_decode_tp8_prefill_then_decode8_8192_2_51232 ----
INFO 09-02 01:25:58 [__init__.py:244] Automatically detected platform rocm.
[0;31mE20250902 01:26:18.974009 140338922993408 output_stream.cpp:105] Opened result file: ./profiles/standalone_attn_prefill_and_decode_tp8_prefill_then_decode8_8192_2_51232_kernel_trace.csv
[m[0;31mE20250902 01:26:18.981010 140338922993408 output_stream.cpp:105] Opened result file: ./profiles/standalone_attn_prefill_and_decode_tp8_prefill_then_decode8_8192_2_51232_agent_info.csv
[m[0;33mW20250902 01:26:28.213499 140338922993408 tool.cpp:1902] rocprofv3_error_signal_handler caught signal 11...
[m# ---- Run standalone_attn_prefill_and_decode_tp8_prefill_then_decode8_8192_2_102432 ----
INFO 09-02 01:26:35 [__init__.py:244] Automatically detected platform rocm.
[0;31mE20250902 01:26:56.457670 140359743424256 output_stream.cpp:105] Opened result file: ./profiles/standalone_attn_prefill_and_decode_tp8_prefill_then_decode8_8192_2_102432_kernel_trace.csv
[m[0;31mE20250902 01:26:56.465165 140359743424256 output_stream.cpp:105] Opened result file: ./profiles/standalone_attn_prefill_and_decode_tp8_prefill_then_decode8_8192_2_102432_agent_info.csv
[m[0;33mW20250902 01:27:05.795362 140359743424256 tool.cpp:1902] rocprofv3_error_signal_handler caught signal 11...
[m# ---- Run standalone_attn_prefill_and_decode_tp8_prefill_then_decode8_8192_2_204832 ----
INFO 09-02 01:27:12 [__init__.py:244] Automatically detected platform rocm.
[0;31mE20250902 01:27:33.538512 140576331286272 output_stream.cpp:105] Opened result file: ./profiles/standalone_attn_prefill_and_decode_tp8_prefill_then_decode8_8192_2_204832_kernel_trace.csv
[m[0;31mE20250902 01:27:33.545433 140576331286272 output_stream.cpp:105] Opened result file: ./profiles/standalone_attn_prefill_and_decode_tp8_prefill_then_decode8_8192_2_204832_agent_info.csv
[m[0;33mW20250902 01:27:42.792327 140576331286272 tool.cpp:1902] rocprofv3_error_signal_handler caught signal 11...
[m# ---- Run standalone_attn_prefill_and_decode_tp8_prefill_then_decode8_8192_2_409632 ----
INFO 09-02 01:27:49 [__init__.py:244] Automatically detected platform rocm.
[0;31mE20250902 01:28:10.640959 140288128497408 output_stream.cpp:105] Opened result file: ./profiles/standalone_attn_prefill_and_decode_tp8_prefill_then_decode8_8192_2_409632_kernel_trace.csv
[m[0;31mE20250902 01:28:10.648039 140288128497408 output_stream.cpp:105] Opened result file: ./profiles/standalone_attn_prefill_and_decode_tp8_prefill_then_decode8_8192_2_409632_agent_info.csv
[m[0;33mW20250902 01:28:20.046185 140288128497408 tool.cpp:1902] rocprofv3_error_signal_handler caught signal 11...
[m# ---- Run standalone_attn_prefill_and_decode_tp8_prefill_then_decode8_8192_2_819232 ----
INFO 09-02 01:28:27 [__init__.py:244] Automatically detected platform rocm.
[0;31mE20250902 01:28:47.107572 139914975614720 output_stream.cpp:105] Opened result file: ./profiles/standalone_attn_prefill_and_decode_tp8_prefill_then_decode8_8192_2_819232_kernel_trace.csv
[m[0;31mE20250902 01:28:47.114211 139914975614720 output_stream.cpp:105] Opened result file: ./profiles/standalone_attn_prefill_and_decode_tp8_prefill_then_decode8_8192_2_819232_agent_info.csv
[m[0;33mW20250902 01:28:55.910395 139914975614720 tool.cpp:1902] rocprofv3_error_signal_handler caught signal 11...
[m# ---- Run standalone_attn_prefill_and_decode_tp8_prefill_then_decode8_8192_4_25632 ----
INFO 09-02 01:29:02 [__init__.py:244] Automatically detected platform rocm.
[0;31mE20250902 01:29:21.060500 140107290523392 output_stream.cpp:105] Opened result file: ./profiles/standalone_attn_prefill_and_decode_tp8_prefill_then_decode8_8192_4_25632_kernel_trace.csv
[m[0;31mE20250902 01:29:21.066914 140107290523392 output_stream.cpp:105] Opened result file: ./profiles/standalone_attn_prefill_and_decode_tp8_prefill_then_decode8_8192_4_25632_agent_info.csv
[m[0;33mW20250902 01:29:29.737106 140107290523392 tool.cpp:1902] rocprofv3_error_signal_handler caught signal 11...
[m# ---- Run standalone_attn_prefill_and_decode_tp8_prefill_then_decode8_8192_4_51232 ----
INFO 09-02 01:29:36 [__init__.py:244] Automatically detected platform rocm.
[0;31mE20250902 01:29:54.877538 140505659078400 output_stream.cpp:105] Opened result file: ./profiles/standalone_attn_prefill_and_decode_tp8_prefill_then_decode8_8192_4_51232_kernel_trace.csv
[m[0;31mE20250902 01:29:54.883701 140505659078400 output_stream.cpp:105] Opened result file: ./profiles/standalone_attn_prefill_and_decode_tp8_prefill_then_decode8_8192_4_51232_agent_info.csv
[m[0;33mW20250902 01:30:03.704150 140505659078400 tool.cpp:1902] rocprofv3_error_signal_handler caught signal 11...
[m# ---- Run standalone_attn_prefill_and_decode_tp8_prefill_then_decode8_8192_4_102432 ----
INFO 09-02 01:30:10 [__init__.py:244] Automatically detected platform rocm.
[0;31mE20250902 01:30:28.521967 140348419737344 output_stream.cpp:105] Opened result file: ./profiles/standalone_attn_prefill_and_decode_tp8_prefill_then_decode8_8192_4_102432_kernel_trace.csv
[m[0;31mE20250902 01:30:28.528385 140348419737344 output_stream.cpp:105] Opened result file: ./profiles/standalone_attn_prefill_and_decode_tp8_prefill_then_decode8_8192_4_102432_agent_info.csv
[m[0;33mW20250902 01:30:36.997597 140348419737344 tool.cpp:1902] rocprofv3_error_signal_handler caught signal 11...
[m# ---- Run standalone_attn_prefill_and_decode_tp8_prefill_then_decode8_8192_4_204832 ----
INFO 09-02 01:30:43 [__init__.py:244] Automatically detected platform rocm.
[0;31mE20250902 01:31:01.709836 140544901121792 output_stream.cpp:105] Opened result file: ./profiles/standalone_attn_prefill_and_decode_tp8_prefill_then_decode8_8192_4_204832_kernel_trace.csv
[m[0;31mE20250902 01:31:01.715983 140544901121792 output_stream.cpp:105] Opened result file: ./profiles/standalone_attn_prefill_and_decode_tp8_prefill_then_decode8_8192_4_204832_agent_info.csv
[m[0;33mW20250902 01:31:11.152159 140544901121792 tool.cpp:1902] rocprofv3_error_signal_handler caught signal 11...
[m# ---- Run standalone_attn_prefill_and_decode_tp8_prefill_then_decode8_8192_4_409632 ----
INFO 09-02 01:31:17 [__init__.py:244] Automatically detected platform rocm.
[0;31mE20250902 01:31:35.690354 140300753426176 output_stream.cpp:105] Opened result file: ./profiles/standalone_attn_prefill_and_decode_tp8_prefill_then_decode8_8192_4_409632_kernel_trace.csv
[m[0;31mE20250902 01:31:35.696740 140300753426176 output_stream.cpp:105] Opened result file: ./profiles/standalone_attn_prefill_and_decode_tp8_prefill_then_decode8_8192_4_409632_agent_info.csv
[m[0;33mW20250902 01:31:44.409356 140300753426176 tool.cpp:1902] rocprofv3_error_signal_handler caught signal 11...
[m# ---- Run standalone_attn_prefill_and_decode_tp8_prefill_then_decode8_8192_4_819232 ----
INFO 09-02 01:31:50 [__init__.py:244] Automatically detected platform rocm.
[0;31mE20250902 01:32:09.682240 140620806833920 output_stream.cpp:105] Opened result file: ./profiles/standalone_attn_prefill_and_decode_tp8_prefill_then_decode8_8192_4_819232_kernel_trace.csv
[m[0;31mE20250902 01:32:09.688828 140620806833920 output_stream.cpp:105] Opened result file: ./profiles/standalone_attn_prefill_and_decode_tp8_prefill_then_decode8_8192_4_819232_agent_info.csv
[m[0;33mW20250902 01:32:18.559128 140620806833920 tool.cpp:1902] rocprofv3_error_signal_handler caught signal 11...
[m# ---- Run standalone_attn_prefill_and_decode_tp8_prefill_then_decode8_8192_8_25632 ----
INFO 09-02 01:32:24 [__init__.py:244] Automatically detected platform rocm.
[0;31mE20250902 01:32:45.258411 140504443483904 output_stream.cpp:105] Opened result file: ./profiles/standalone_attn_prefill_and_decode_tp8_prefill_then_decode8_8192_8_25632_kernel_trace.csv
[m[0;31mE20250902 01:32:45.265269 140504443483904 output_stream.cpp:105] Opened result file: ./profiles/standalone_attn_prefill_and_decode_tp8_prefill_then_decode8_8192_8_25632_agent_info.csv
[m[0;33mW20250902 01:32:54.680718 140504443483904 tool.cpp:1902] rocprofv3_error_signal_handler caught signal 11...
[m# ---- Run standalone_attn_prefill_and_decode_tp8_prefill_then_decode8_8192_8_51232 ----
INFO 09-02 01:33:01 [__init__.py:244] Automatically detected platform rocm.
[0;31mE20250902 01:33:20.904613 140591288194816 output_stream.cpp:105] Opened result file: ./profiles/standalone_attn_prefill_and_decode_tp8_prefill_then_decode8_8192_8_51232_kernel_trace.csv
[m[0;31mE20250902 01:33:20.911446 140591288194816 output_stream.cpp:105] Opened result file: ./profiles/standalone_attn_prefill_and_decode_tp8_prefill_then_decode8_8192_8_51232_agent_info.csv
[m[0;33mW20250902 01:33:30.520522 140591288194816 tool.cpp:1902] rocprofv3_error_signal_handler caught signal 11...
[m# ---- Run standalone_attn_prefill_and_decode_tp8_prefill_then_decode8_8192_8_102432 ----
INFO 09-02 01:33:37 [__init__.py:244] Automatically detected platform rocm.
[0;31mE20250902 01:33:57.747033 139662568863488 output_stream.cpp:105] Opened result file: ./profiles/standalone_attn_prefill_and_decode_tp8_prefill_then_decode8_8192_8_102432_kernel_trace.csv
[m[0;31mE20250902 01:33:57.754021 139662568863488 output_stream.cpp:105] Opened result file: ./profiles/standalone_attn_prefill_and_decode_tp8_prefill_then_decode8_8192_8_102432_agent_info.csv
[m[0;33mW20250902 01:34:07.132617 139662568863488 tool.cpp:1902] rocprofv3_error_signal_handler caught signal 11...
[m# ---- Run standalone_attn_prefill_and_decode_tp8_prefill_then_decode8_8192_8_204832 ----
INFO 09-02 01:34:14 [__init__.py:244] Automatically detected platform rocm.
[0;31mE20250902 01:34:34.079428 140389794850560 output_stream.cpp:105] Opened result file: ./profiles/standalone_attn_prefill_and_decode_tp8_prefill_then_decode8_8192_8_204832_kernel_trace.csv
[m[0;31mE20250902 01:34:34.085681 140389794850560 output_stream.cpp:105] Opened result file: ./profiles/standalone_attn_prefill_and_decode_tp8_prefill_then_decode8_8192_8_204832_agent_info.csv
[m[0;33mW20250902 01:34:43.283028 140389794850560 tool.cpp:1902] rocprofv3_error_signal_handler caught signal 11...
[m# ---- Run standalone_attn_prefill_and_decode_tp8_prefill_then_decode8_8192_8_409632 ----
INFO 09-02 01:34:49 [__init__.py:244] Automatically detected platform rocm.
[0;31mE20250902 01:35:08.248179 139730612123392 output_stream.cpp:105] Opened result file: ./profiles/standalone_attn_prefill_and_decode_tp8_prefill_then_decode8_8192_8_409632_kernel_trace.csv
[m[0;31mE20250902 01:35:08.254297 139730612123392 output_stream.cpp:105] Opened result file: ./profiles/standalone_attn_prefill_and_decode_tp8_prefill_then_decode8_8192_8_409632_agent_info.csv
[m[0;33mW20250902 01:35:16.548715 139730612123392 tool.cpp:1902] rocprofv3_error_signal_handler caught signal 11...
[m# ---- Run standalone_attn_prefill_and_decode_tp8_prefill_then_decode8_8192_8_819232 ----
INFO 09-02 01:35:22 [__init__.py:244] Automatically detected platform rocm.
[0;31mE20250902 01:35:40.868693 140607695931136 output_stream.cpp:105] Opened result file: ./profiles/standalone_attn_prefill_and_decode_tp8_prefill_then_decode8_8192_8_819232_kernel_trace.csv
[m[0;31mE20250902 01:35:40.875714 140607695931136 output_stream.cpp:105] Opened result file: ./profiles/standalone_attn_prefill_and_decode_tp8_prefill_then_decode8_8192_8_819232_agent_info.csv
[m[0;33mW20250902 01:35:50.012949 140607695931136 tool.cpp:1902] rocprofv3_error_signal_handler caught signal 11...
[m# ---- Run standalone_attn_prefill_and_decode_tp8_prefill_then_decode8_8192_16_25632 ----
INFO 09-02 01:35:56 [__init__.py:244] Automatically detected platform rocm.
[0;31mE20250902 01:36:14.358981 140144981833472 output_stream.cpp:105] Opened result file: ./profiles/standalone_attn_prefill_and_decode_tp8_prefill_then_decode8_8192_16_25632_kernel_trace.csv
[m[0;31mE20250902 01:36:14.365727 140144981833472 output_stream.cpp:105] Opened result file: ./profiles/standalone_attn_prefill_and_decode_tp8_prefill_then_decode8_8192_16_25632_agent_info.csv
[m[0;33mW20250902 01:36:23.360514 140144981833472 tool.cpp:1902] rocprofv3_error_signal_handler caught signal 11...
[m# ---- Run standalone_attn_prefill_and_decode_tp8_prefill_then_decode8_8192_16_51232 ----
INFO 09-02 01:36:29 [__init__.py:244] Automatically detected platform rocm.
[0;31mE20250902 01:36:47.663174 140646559446784 output_stream.cpp:105] Opened result file: ./profiles/standalone_attn_prefill_and_decode_tp8_prefill_then_decode8_8192_16_51232_kernel_trace.csv
[m[0;31mE20250902 01:36:47.669728 140646559446784 output_stream.cpp:105] Opened result file: ./profiles/standalone_attn_prefill_and_decode_tp8_prefill_then_decode8_8192_16_51232_agent_info.csv
[m[0;33mW20250902 01:36:56.746811 140646559446784 tool.cpp:1902] rocprofv3_error_signal_handler caught signal 11...
[m# ---- Run standalone_attn_prefill_and_decode_tp8_prefill_then_decode8_8192_16_102432 ----
INFO 09-02 01:37:02 [__init__.py:244] Automatically detected platform rocm.
[0;31mE20250902 01:37:21.358716 140162100274944 output_stream.cpp:105] Opened result file: ./profiles/standalone_attn_prefill_and_decode_tp8_prefill_then_decode8_8192_16_102432_kernel_trace.csv
[m[0;31mE20250902 01:37:21.365253 140162100274944 output_stream.cpp:105] Opened result file: ./profiles/standalone_attn_prefill_and_decode_tp8_prefill_then_decode8_8192_16_102432_agent_info.csv
[m[0;33mW20250902 01:37:29.958674 140162100274944 tool.cpp:1902] rocprofv3_error_signal_handler caught signal 11...
[m# ---- Run standalone_attn_prefill_and_decode_tp8_prefill_then_decode8_8192_16_204832 ----
INFO 09-02 01:37:36 [__init__.py:244] Automatically detected platform rocm.
[0;31mE20250902 01:37:54.371085 139685730928384 output_stream.cpp:105] Opened result file: ./profiles/standalone_attn_prefill_and_decode_tp8_prefill_then_decode8_8192_16_204832_kernel_trace.csv
[m[0;31mE20250902 01:37:54.377457 139685730928384 output_stream.cpp:105] Opened result file: ./profiles/standalone_attn_prefill_and_decode_tp8_prefill_then_decode8_8192_16_204832_agent_info.csv
[m[0;33mW20250902 01:38:02.938908 139685730928384 tool.cpp:1902] rocprofv3_error_signal_handler caught signal 11...
[m# ---- Run standalone_attn_prefill_and_decode_tp8_prefill_then_decode8_8192_16_409632 ----
INFO 09-02 01:38:09 [__init__.py:244] Automatically detected platform rocm.
[0;31mE20250902 01:38:27.355802 140106726123264 output_stream.cpp:105] Opened result file: ./profiles/standalone_attn_prefill_and_decode_tp8_prefill_then_decode8_8192_16_409632_kernel_trace.csv
[m[0;31mE20250902 01:38:27.362308 140106726123264 output_stream.cpp:105] Opened result file: ./profiles/standalone_attn_prefill_and_decode_tp8_prefill_then_decode8_8192_16_409632_agent_info.csv
[m[0;33mW20250902 01:38:36.010552 140106726123264 tool.cpp:1902] rocprofv3_error_signal_handler caught signal 11...
[m# ---- Run standalone_attn_prefill_and_decode_tp8_prefill_then_decode8_8192_16_819232 ----
INFO 09-02 01:38:42 [__init__.py:244] Automatically detected platform rocm.
[0;31mE20250902 01:39:00.563760 140268584937216 output_stream.cpp:105] Opened result file: ./profiles/standalone_attn_prefill_and_decode_tp8_prefill_then_decode8_8192_16_819232_kernel_trace.csv
[m[0;31mE20250902 01:39:00.570011 140268584937216 output_stream.cpp:105] Opened result file: ./profiles/standalone_attn_prefill_and_decode_tp8_prefill_then_decode8_8192_16_819232_agent_info.csv
[m[0;33mW20250902 01:39:09.440281 140268584937216 tool.cpp:1902] rocprofv3_error_signal_handler caught signal 11...
[m# ---- Run standalone_attn_prefill_and_decode_tp8_prefill_then_decode8_8192_32_25632 ----
INFO 09-02 01:39:15 [__init__.py:244] Automatically detected platform rocm.
[0;31mE20250902 01:39:34.114233 140156078114560 output_stream.cpp:105] Opened result file: ./profiles/standalone_attn_prefill_and_decode_tp8_prefill_then_decode8_8192_32_25632_kernel_trace.csv
[m[0;31mE20250902 01:39:34.121483 140156078114560 output_stream.cpp:105] Opened result file: ./profiles/standalone_attn_prefill_and_decode_tp8_prefill_then_decode8_8192_32_25632_agent_info.csv
[m[0;33mW20250902 01:39:43.673932 140156078114560 tool.cpp:1902] rocprofv3_error_signal_handler caught signal 11...
[m# ---- Run standalone_attn_prefill_and_decode_tp8_prefill_then_decode8_8192_32_51232 ----
INFO 09-02 01:39:50 [__init__.py:244] Automatically detected platform rocm.
[0;31mE20250902 01:40:09.034585 140476528215808 output_stream.cpp:105] Opened result file: ./profiles/standalone_attn_prefill_and_decode_tp8_prefill_then_decode8_8192_32_51232_kernel_trace.csv
[m[0;31mE20250902 01:40:09.040945 140476528215808 output_stream.cpp:105] Opened result file: ./profiles/standalone_attn_prefill_and_decode_tp8_prefill_then_decode8_8192_32_51232_agent_info.csv
[m[0;33mW20250902 01:40:17.886609 140476528215808 tool.cpp:1902] rocprofv3_error_signal_handler caught signal 11...
[m# ---- Run standalone_attn_prefill_and_decode_tp8_prefill_then_decode8_8192_32_102432 ----
INFO 09-02 01:40:24 [__init__.py:244] Automatically detected platform rocm.
[0;31mE20250902 01:40:43.266249 140372360464128 output_stream.cpp:105] Opened result file: ./profiles/standalone_attn_prefill_and_decode_tp8_prefill_then_decode8_8192_32_102432_kernel_trace.csv
[m[0;31mE20250902 01:40:43.273407 140372360464128 output_stream.cpp:105] Opened result file: ./profiles/standalone_attn_prefill_and_decode_tp8_prefill_then_decode8_8192_32_102432_agent_info.csv
[m[0;33mW20250902 01:40:52.774567 140372360464128 tool.cpp:1902] rocprofv3_error_signal_handler caught signal 11...
[m# ---- Run standalone_attn_prefill_and_decode_tp8_prefill_then_decode8_8192_32_204832 ----
INFO 09-02 01:40:59 [__init__.py:244] Automatically detected platform rocm.
[0;31mE20250902 01:41:20.036040 140065717147392 output_stream.cpp:105] Opened result file: ./profiles/standalone_attn_prefill_and_decode_tp8_prefill_then_decode8_8192_32_204832_kernel_trace.csv
[m[0;31mE20250902 01:41:20.042895 140065717147392 output_stream.cpp:105] Opened result file: ./profiles/standalone_attn_prefill_and_decode_tp8_prefill_then_decode8_8192_32_204832_agent_info.csv
[m[0;33mW20250902 01:41:29.630414 140065717147392 tool.cpp:1902] rocprofv3_error_signal_handler caught signal 11...
[m# ---- Run standalone_attn_prefill_and_decode_tp8_prefill_then_decode8_8192_32_409632 ----
INFO 09-02 01:41:36 [__init__.py:244] Automatically detected platform rocm.
[0;31mE20250902 01:41:57.673867 140488049362688 output_stream.cpp:105] Opened result file: ./profiles/standalone_attn_prefill_and_decode_tp8_prefill_then_decode8_8192_32_409632_kernel_trace.csv
[m[0;31mE20250902 01:41:57.680590 140488049362688 output_stream.cpp:105] Opened result file: ./profiles/standalone_attn_prefill_and_decode_tp8_prefill_then_decode8_8192_32_409632_agent_info.csv
[m[0;33mW20250902 01:42:07.204038 140488049362688 tool.cpp:1902] rocprofv3_error_signal_handler caught signal 11...
[m# ---- Run standalone_attn_prefill_and_decode_tp8_prefill_then_decode8_8192_32_819232 ----
INFO 09-02 01:42:14 [__init__.py:244] Automatically detected platform rocm.
[0;31mE20250902 01:42:35.583003 139924859770624 output_stream.cpp:105] Opened result file: ./profiles/standalone_attn_prefill_and_decode_tp8_prefill_then_decode8_8192_32_819232_kernel_trace.csv
[m[0;31mE20250902 01:42:35.589669 139924859770624 output_stream.cpp:105] Opened result file: ./profiles/standalone_attn_prefill_and_decode_tp8_prefill_then_decode8_8192_32_819232_agent_info.csv
[m[0;33mW20250902 01:42:44.551710 139924859770624 tool.cpp:1902] rocprofv3_error_signal_handler caught signal 11...
[m# ---- Run standalone_attn_prefill_and_decode_tp8_prefill_then_decode8_8192_64_25632 ----
INFO 09-02 01:42:51 [__init__.py:244] Automatically detected platform rocm.
[0;31mE20250902 01:43:11.205426 140115747686144 output_stream.cpp:105] Opened result file: ./profiles/standalone_attn_prefill_and_decode_tp8_prefill_then_decode8_8192_64_25632_kernel_trace.csv
[m[0;31mE20250902 01:43:11.212414 140115747686144 output_stream.cpp:105] Opened result file: ./profiles/standalone_attn_prefill_and_decode_tp8_prefill_then_decode8_8192_64_25632_agent_info.csv
[m[0;33mW20250902 01:43:20.418722 140115747686144 tool.cpp:1902] rocprofv3_error_signal_handler caught signal 11...
[m# ---- Run standalone_attn_prefill_and_decode_tp8_prefill_then_decode8_8192_64_51232 ----
INFO 09-02 01:43:26 [__init__.py:244] Automatically detected platform rocm.
[0;31mE20250902 01:43:47.382974 139903577868032 output_stream.cpp:105] Opened result file: ./profiles/standalone_attn_prefill_and_decode_tp8_prefill_then_decode8_8192_64_51232_kernel_trace.csv
[m[0;31mE20250902 01:43:47.389090 139903577868032 output_stream.cpp:105] Opened result file: ./profiles/standalone_attn_prefill_and_decode_tp8_prefill_then_decode8_8192_64_51232_agent_info.csv
[m[0;33mW20250902 01:43:56.172679 139903577868032 tool.cpp:1902] rocprofv3_error_signal_handler caught signal 11...
[m# ---- Run standalone_attn_prefill_and_decode_tp8_prefill_then_decode8_8192_64_102432 ----
INFO 09-02 01:44:03 [__init__.py:244] Automatically detected platform rocm.
[0;31mE20250902 01:44:23.090926 140637620127488 output_stream.cpp:105] Opened result file: ./profiles/standalone_attn_prefill_and_decode_tp8_prefill_then_decode8_8192_64_102432_kernel_trace.csv
[m[0;31mE20250902 01:44:23.098365 140637620127488 output_stream.cpp:105] Opened result file: ./profiles/standalone_attn_prefill_and_decode_tp8_prefill_then_decode8_8192_64_102432_agent_info.csv
[m[0;33mW20250902 01:44:32.925896 140637620127488 tool.cpp:1902] rocprofv3_error_signal_handler caught signal 11...
[m# ---- Run standalone_attn_prefill_and_decode_tp8_prefill_then_decode8_8192_64_204832 ----
INFO 09-02 01:44:39 [__init__.py:244] Automatically detected platform rocm.
[0;31mE20250902 01:44:59.943668 139646731470592 output_stream.cpp:105] Opened result file: ./profiles/standalone_attn_prefill_and_decode_tp8_prefill_then_decode8_8192_64_204832_kernel_trace.csv
[m[0;31mE20250902 01:44:59.951772 139646731470592 output_stream.cpp:105] Opened result file: ./profiles/standalone_attn_prefill_and_decode_tp8_prefill_then_decode8_8192_64_204832_agent_info.csv
[m[0;33mW20250902 01:45:09.469293 139646731470592 tool.cpp:1902] rocprofv3_error_signal_handler caught signal 11...
[m# ---- Run standalone_attn_prefill_and_decode_tp8_prefill_then_decode8_8192_64_409632 ----
INFO 09-02 01:45:16 [__init__.py:244] Automatically detected platform rocm.
[0;31mE20250902 01:45:36.232404 140359888967424 output_stream.cpp:105] Opened result file: ./profiles/standalone_attn_prefill_and_decode_tp8_prefill_then_decode8_8192_64_409632_kernel_trace.csv
[m[0;31mE20250902 01:45:36.240429 140359888967424 output_stream.cpp:105] Opened result file: ./profiles/standalone_attn_prefill_and_decode_tp8_prefill_then_decode8_8192_64_409632_agent_info.csv
[m[0;33mW20250902 01:45:45.605093 140359888967424 tool.cpp:1902] rocprofv3_error_signal_handler caught signal 11...
[m# ---- Run standalone_attn_prefill_and_decode_tp8_prefill_then_decode8_8192_64_819232 ----
INFO 09-02 01:45:52 [__init__.py:244] Automatically detected platform rocm.
[0;31mE20250902 01:46:11.705941 139996691904256 output_stream.cpp:105] Opened result file: ./profiles/standalone_attn_prefill_and_decode_tp8_prefill_then_decode8_8192_64_819232_kernel_trace.csv
[m[0;31mE20250902 01:46:11.713880 139996691904256 output_stream.cpp:105] Opened result file: ./profiles/standalone_attn_prefill_and_decode_tp8_prefill_then_decode8_8192_64_819232_agent_info.csv
[m[0;33mW20250902 01:46:20.998001 139996691904256 tool.cpp:1902] rocprofv3_error_signal_handler caught signal 11...
[m# ---- Run standalone_attn_prefill_and_decode_tp8_prefill_then_decode8_8192_128_25632 ----
INFO 09-02 01:46:27 [__init__.py:244] Automatically detected platform rocm.
[0;31mE20250902 01:46:47.390649 140716683708160 output_stream.cpp:105] Opened result file: ./profiles/standalone_attn_prefill_and_decode_tp8_prefill_then_decode8_8192_128_25632_kernel_trace.csv
[m[0;31mE20250902 01:46:47.397190 140716683708160 output_stream.cpp:105] Opened result file: ./profiles/standalone_attn_prefill_and_decode_tp8_prefill_then_decode8_8192_128_25632_agent_info.csv
[m[0;33mW20250902 01:46:56.499456 140716683708160 tool.cpp:1902] rocprofv3_error_signal_handler caught signal 11...
[m# ---- Run standalone_attn_prefill_and_decode_tp8_prefill_then_decode8_8192_128_51232 ----
INFO 09-02 01:47:03 [__init__.py:244] Automatically detected platform rocm.
[0;31mE20250902 01:47:22.800320 140643971073792 output_stream.cpp:105] Opened result file: ./profiles/standalone_attn_prefill_and_decode_tp8_prefill_then_decode8_8192_128_51232_kernel_trace.csv
[m[0;31mE20250902 01:47:22.807747 140643971073792 output_stream.cpp:105] Opened result file: ./profiles/standalone_attn_prefill_and_decode_tp8_prefill_then_decode8_8192_128_51232_agent_info.csv
[m[0;33mW20250902 01:47:31.871865 140643971073792 tool.cpp:1902] rocprofv3_error_signal_handler caught signal 11...
[m# ---- Run standalone_attn_prefill_and_decode_tp8_prefill_then_decode8_8192_128_102432 ----
INFO 09-02 01:47:38 [__init__.py:244] Automatically detected platform rocm.
[0;31mE20250902 01:47:57.093291 140099575711488 output_stream.cpp:105] Opened result file: ./profiles/standalone_attn_prefill_and_decode_tp8_prefill_then_decode8_8192_128_102432_kernel_trace.csv
[m[0;31mE20250902 01:47:57.100601 140099575711488 output_stream.cpp:105] Opened result file: ./profiles/standalone_attn_prefill_and_decode_tp8_prefill_then_decode8_8192_128_102432_agent_info.csv
[m[0;33mW20250902 01:48:06.440547 140099575711488 tool.cpp:1902] rocprofv3_error_signal_handler caught signal 11...
[m# ---- Run standalone_attn_prefill_and_decode_tp8_prefill_then_decode8_8192_128_204832 ----
INFO 09-02 01:48:13 [__init__.py:244] Automatically detected platform rocm.
[0;31mE20250902 01:48:32.144053 139806484367104 output_stream.cpp:105] Opened result file: ./profiles/standalone_attn_prefill_and_decode_tp8_prefill_then_decode8_8192_128_204832_kernel_trace.csv
[m[0;31mE20250902 01:48:32.149990 139806484367104 output_stream.cpp:105] Opened result file: ./profiles/standalone_attn_prefill_and_decode_tp8_prefill_then_decode8_8192_128_204832_agent_info.csv
[m[0;33mW20250902 01:48:40.696403 139806484367104 tool.cpp:1902] rocprofv3_error_signal_handler caught signal 11...
[m# ---- Run standalone_attn_prefill_and_decode_tp8_prefill_then_decode8_8192_128_409632 ----
INFO 09-02 01:48:47 [__init__.py:244] Automatically detected platform rocm.
[0;31mE20250902 01:49:06.386186 140639637079808 output_stream.cpp:105] Opened result file: ./profiles/standalone_attn_prefill_and_decode_tp8_prefill_then_decode8_8192_128_409632_kernel_trace.csv
[m[0;31mE20250902 01:49:06.393507 140639637079808 output_stream.cpp:105] Opened result file: ./profiles/standalone_attn_prefill_and_decode_tp8_prefill_then_decode8_8192_128_409632_agent_info.csv
[m[0;33mW20250902 01:49:15.703160 140639637079808 tool.cpp:1902] rocprofv3_error_signal_handler caught signal 11...
[m# ---- Run standalone_attn_prefill_and_decode_tp8_prefill_then_decode8_8192_128_819232 ----
INFO 09-02 01:49:22 [__init__.py:244] Automatically detected platform rocm.
[0;31mE20250902 01:49:40.688518 140397092513536 output_stream.cpp:105] Opened result file: ./profiles/standalone_attn_prefill_and_decode_tp8_prefill_then_decode8_8192_128_819232_kernel_trace.csv
[m[0;31mE20250902 01:49:40.695663 140397092513536 output_stream.cpp:105] Opened result file: ./profiles/standalone_attn_prefill_and_decode_tp8_prefill_then_decode8_8192_128_819232_agent_info.csv
[m[0;33mW20250902 01:49:50.009491 140397092513536 tool.cpp:1902] rocprofv3_error_signal_handler caught signal 11...
[m# ---- Run standalone_attn_prefill_and_decode_tp8_prefill_then_decode16_256_1_25632 ----
INFO 09-02 01:49:56 [__init__.py:244] Automatically detected platform rocm.
[0;31mE20250902 01:50:16.474202 139719346542336 output_stream.cpp:105] Opened result file: ./profiles/standalone_attn_prefill_and_decode_tp8_prefill_then_decode16_256_1_25632_kernel_trace.csv
[m[0;31mE20250902 01:50:16.481060 139719346542336 output_stream.cpp:105] Opened result file: ./profiles/standalone_attn_prefill_and_decode_tp8_prefill_then_decode16_256_1_25632_agent_info.csv
[m[0;33mW20250902 01:50:26.020222 139719346542336 tool.cpp:1902] rocprofv3_error_signal_handler caught signal 11...
[m# ---- Run standalone_attn_prefill_and_decode_tp8_prefill_then_decode16_256_1_51232 ----
INFO 09-02 01:50:32 [__init__.py:244] Automatically detected platform rocm.
[0;31mE20250902 01:50:50.536301 140639800653568 output_stream.cpp:105] Opened result file: ./profiles/standalone_attn_prefill_and_decode_tp8_prefill_then_decode16_256_1_51232_kernel_trace.csv
[m[0;31mE20250902 01:50:50.542505 140639800653568 output_stream.cpp:105] Opened result file: ./profiles/standalone_attn_prefill_and_decode_tp8_prefill_then_decode16_256_1_51232_agent_info.csv
[m[0;33mW20250902 01:50:59.315365 140639800653568 tool.cpp:1902] rocprofv3_error_signal_handler caught signal 11...
[m# ---- Run standalone_attn_prefill_and_decode_tp8_prefill_then_decode16_256_1_102432 ----
INFO 09-02 01:51:05 [__init__.py:244] Automatically detected platform rocm.
[0;31mE20250902 01:51:23.143544 140333174925056 output_stream.cpp:105] Opened result file: ./profiles/standalone_attn_prefill_and_decode_tp8_prefill_then_decode16_256_1_102432_kernel_trace.csv
[m[0;31mE20250902 01:51:23.149735 140333174925056 output_stream.cpp:105] Opened result file: ./profiles/standalone_attn_prefill_and_decode_tp8_prefill_then_decode16_256_1_102432_agent_info.csv
[m[0;33mW20250902 01:51:31.850019 140333174925056 tool.cpp:1902] rocprofv3_error_signal_handler caught signal 11...
[m# ---- Run standalone_attn_prefill_and_decode_tp8_prefill_then_decode16_256_1_204832 ----
INFO 09-02 01:51:37 [__init__.py:244] Automatically detected platform rocm.
[0;31mE20250902 01:51:55.930958 140262708221696 output_stream.cpp:105] Opened result file: ./profiles/standalone_attn_prefill_and_decode_tp8_prefill_then_decode16_256_1_204832_kernel_trace.csv
[m[0;31mE20250902 01:51:55.937261 140262708221696 output_stream.cpp:105] Opened result file: ./profiles/standalone_attn_prefill_and_decode_tp8_prefill_then_decode16_256_1_204832_agent_info.csv
[m[0;33mW20250902 01:52:05.335674 140262708221696 tool.cpp:1902] rocprofv3_error_signal_handler caught signal 11...
[m# ---- Run standalone_attn_prefill_and_decode_tp8_prefill_then_decode16_256_1_409632 ----
INFO 09-02 01:52:11 [__init__.py:244] Automatically detected platform rocm.
[0;31mE20250902 01:52:29.418386 140525519202048 output_stream.cpp:105] Opened result file: ./profiles/standalone_attn_prefill_and_decode_tp8_prefill_then_decode16_256_1_409632_kernel_trace.csv
[m[0;31mE20250902 01:52:29.424803 140525519202048 output_stream.cpp:105] Opened result file: ./profiles/standalone_attn_prefill_and_decode_tp8_prefill_then_decode16_256_1_409632_agent_info.csv
[m[0;33mW20250902 01:52:38.062058 140525519202048 tool.cpp:1902] rocprofv3_error_signal_handler caught signal 11...
[m# ---- Run standalone_attn_prefill_and_decode_tp8_prefill_then_decode16_256_1_819232 ----
INFO 09-02 01:52:44 [__init__.py:244] Automatically detected platform rocm.
[0;31mE20250902 01:53:02.756464 140417791641344 output_stream.cpp:105] Opened result file: ./profiles/standalone_attn_prefill_and_decode_tp8_prefill_then_decode16_256_1_819232_kernel_trace.csv
[m[0;31mE20250902 01:53:02.762532 140417791641344 output_stream.cpp:105] Opened result file: ./profiles/standalone_attn_prefill_and_decode_tp8_prefill_then_decode16_256_1_819232_agent_info.csv
[m[0;33mW20250902 01:53:11.975015 140417791641344 tool.cpp:1902] rocprofv3_error_signal_handler caught signal 11...
[m# ---- Run standalone_attn_prefill_and_decode_tp8_prefill_then_decode16_256_2_25632 ----
INFO 09-02 01:53:18 [__init__.py:244] Automatically detected platform rocm.
[0;31mE20250902 01:53:35.687437 140109675435776 output_stream.cpp:105] Opened result file: ./profiles/standalone_attn_prefill_and_decode_tp8_prefill_then_decode16_256_2_25632_kernel_trace.csv
[m[0;31mE20250902 01:53:35.693848 140109675435776 output_stream.cpp:105] Opened result file: ./profiles/standalone_attn_prefill_and_decode_tp8_prefill_then_decode16_256_2_25632_agent_info.csv
[m[0;33mW20250902 01:53:44.346621 140109675435776 tool.cpp:1902] rocprofv3_error_signal_handler caught signal 11...
[m# ---- Run standalone_attn_prefill_and_decode_tp8_prefill_then_decode16_256_2_51232 ----
INFO 09-02 01:53:50 [__init__.py:244] Automatically detected platform rocm.
[0;31mE20250902 01:54:08.380310 140007548598016 output_stream.cpp:105] Opened result file: ./profiles/standalone_attn_prefill_and_decode_tp8_prefill_then_decode16_256_2_51232_kernel_trace.csv
[m[0;31mE20250902 01:54:08.386596 140007548598016 output_stream.cpp:105] Opened result file: ./profiles/standalone_attn_prefill_and_decode_tp8_prefill_then_decode16_256_2_51232_agent_info.csv
[m[0;33mW20250902 01:54:17.478634 140007548598016 tool.cpp:1902] rocprofv3_error_signal_handler caught signal 11...
[m# ---- Run standalone_attn_prefill_and_decode_tp8_prefill_then_decode16_256_2_102432 ----
INFO 09-02 01:54:23 [__init__.py:244] Automatically detected platform rocm.
[0;31mE20250902 01:54:41.976589 140362016093952 output_stream.cpp:105] Opened result file: ./profiles/standalone_attn_prefill_and_decode_tp8_prefill_then_decode16_256_2_102432_kernel_trace.csv
[m[0;31mE20250902 01:54:41.983453 140362016093952 output_stream.cpp:105] Opened result file: ./profiles/standalone_attn_prefill_and_decode_tp8_prefill_then_decode16_256_2_102432_agent_info.csv
[m[0;33mW20250902 01:54:51.353802 140362016093952 tool.cpp:1902] rocprofv3_error_signal_handler caught signal 11...
[m# ---- Run standalone_attn_prefill_and_decode_tp8_prefill_then_decode16_256_2_204832 ----
INFO 09-02 01:54:57 [__init__.py:244] Automatically detected platform rocm.
[0;31mE20250902 01:55:15.043589 139706497636096 output_stream.cpp:105] Opened result file: ./profiles/standalone_attn_prefill_and_decode_tp8_prefill_then_decode16_256_2_204832_kernel_trace.csv
[m[0;31mE20250902 01:55:15.049674 139706497636096 output_stream.cpp:105] Opened result file: ./profiles/standalone_attn_prefill_and_decode_tp8_prefill_then_decode16_256_2_204832_agent_info.csv
[m[0;33mW20250902 01:55:23.893553 139706497636096 tool.cpp:1902] rocprofv3_error_signal_handler caught signal 11...
[m# ---- Run standalone_attn_prefill_and_decode_tp8_prefill_then_decode16_256_2_409632 ----
INFO 09-02 01:55:29 [__init__.py:244] Automatically detected platform rocm.
[0;31mE20250902 01:55:47.812182 140003796555520 output_stream.cpp:105] Opened result file: ./profiles/standalone_attn_prefill_and_decode_tp8_prefill_then_decode16_256_2_409632_kernel_trace.csv
[m[0;31mE20250902 01:55:47.818308 140003796555520 output_stream.cpp:105] Opened result file: ./profiles/standalone_attn_prefill_and_decode_tp8_prefill_then_decode16_256_2_409632_agent_info.csv
[m[0;33mW20250902 01:55:57.102916 140003796555520 tool.cpp:1902] rocprofv3_error_signal_handler caught signal 11...
[m# ---- Run standalone_attn_prefill_and_decode_tp8_prefill_then_decode16_256_2_819232 ----
INFO 09-02 01:56:03 [__init__.py:244] Automatically detected platform rocm.
[0;31mE20250902 01:56:20.611378 140377031489280 output_stream.cpp:105] Opened result file: ./profiles/standalone_attn_prefill_and_decode_tp8_prefill_then_decode16_256_2_819232_kernel_trace.csv
[m[0;31mE20250902 01:56:20.618032 140377031489280 output_stream.cpp:105] Opened result file: ./profiles/standalone_attn_prefill_and_decode_tp8_prefill_then_decode16_256_2_819232_agent_info.csv
[m[0;33mW20250902 01:56:29.069122 140377031489280 tool.cpp:1902] rocprofv3_error_signal_handler caught signal 11...
[m# ---- Run standalone_attn_prefill_and_decode_tp8_prefill_then_decode16_256_4_25632 ----
INFO 09-02 01:56:34 [__init__.py:244] Automatically detected platform rocm.
[0;31mE20250902 01:56:52.528899 140187953534720 output_stream.cpp:105] Opened result file: ./profiles/standalone_attn_prefill_and_decode_tp8_prefill_then_decode16_256_4_25632_kernel_trace.csv
[m[0;31mE20250902 01:56:52.534841 140187953534720 output_stream.cpp:105] Opened result file: ./profiles/standalone_attn_prefill_and_decode_tp8_prefill_then_decode16_256_4_25632_agent_info.csv
[m[0;33mW20250902 01:57:01.368358 140187953534720 tool.cpp:1902] rocprofv3_error_signal_handler caught signal 11...
[m# ---- Run standalone_attn_prefill_and_decode_tp8_prefill_then_decode16_256_4_51232 ----
INFO 09-02 01:57:07 [__init__.py:244] Automatically detected platform rocm.
[0;31mE20250902 01:57:24.798672 139901876213504 output_stream.cpp:105] Opened result file: ./profiles/standalone_attn_prefill_and_decode_tp8_prefill_then_decode16_256_4_51232_kernel_trace.csv
[m[0;31mE20250902 01:57:24.804645 139901876213504 output_stream.cpp:105] Opened result file: ./profiles/standalone_attn_prefill_and_decode_tp8_prefill_then_decode16_256_4_51232_agent_info.csv
[m[0;33mW20250902 01:57:33.383897 139901876213504 tool.cpp:1902] rocprofv3_error_signal_handler caught signal 11...
[m# ---- Run standalone_attn_prefill_and_decode_tp8_prefill_then_decode16_256_4_102432 ----
INFO 09-02 01:57:39 [__init__.py:244] Automatically detected platform rocm.
[0;31mE20250902 01:57:59.952670 139975422859008 output_stream.cpp:105] Opened result file: ./profiles/standalone_attn_prefill_and_decode_tp8_prefill_then_decode16_256_4_102432_kernel_trace.csv
[m[0;31mE20250902 01:57:59.960369 139975422859008 output_stream.cpp:105] Opened result file: ./profiles/standalone_attn_prefill_and_decode_tp8_prefill_then_decode16_256_4_102432_agent_info.csv
[m[0;33mW20250902 01:58:09.315471 139975422859008 tool.cpp:1902] rocprofv3_error_signal_handler caught signal 11...
[m# ---- Run standalone_attn_prefill_and_decode_tp8_prefill_then_decode16_256_4_204832 ----
INFO 09-02 01:58:16 [__init__.py:244] Automatically detected platform rocm.
[0;31mE20250902 01:58:37.301078 140066419889920 output_stream.cpp:105] Opened result file: ./profiles/standalone_attn_prefill_and_decode_tp8_prefill_then_decode16_256_4_204832_kernel_trace.csv
[m[0;31mE20250902 01:58:37.308437 140066419889920 output_stream.cpp:105] Opened result file: ./profiles/standalone_attn_prefill_and_decode_tp8_prefill_then_decode16_256_4_204832_agent_info.csv
[m[0;33mW20250902 01:58:46.324654 140066419889920 tool.cpp:1902] rocprofv3_error_signal_handler caught signal 11...
[m# ---- Run standalone_attn_prefill_and_decode_tp8_prefill_then_decode16_256_4_409632 ----
INFO 09-02 01:58:52 [__init__.py:244] Automatically detected platform rocm.
[0;31mE20250902 01:59:10.327246 140064654014208 output_stream.cpp:105] Opened result file: ./profiles/standalone_attn_prefill_and_decode_tp8_prefill_then_decode16_256_4_409632_kernel_trace.csv
[m[0;31mE20250902 01:59:10.334376 140064654014208 output_stream.cpp:105] Opened result file: ./profiles/standalone_attn_prefill_and_decode_tp8_prefill_then_decode16_256_4_409632_agent_info.csv
[m[0;33mW20250902 01:59:18.883689 140064654014208 tool.cpp:1902] rocprofv3_error_signal_handler caught signal 11...
[m# ---- Run standalone_attn_prefill_and_decode_tp8_prefill_then_decode16_256_4_819232 ----
INFO 09-02 01:59:24 [__init__.py:244] Automatically detected platform rocm.
[0;31mE20250902 01:59:46.703589 140181509072640 output_stream.cpp:105] Opened result file: ./profiles/standalone_attn_prefill_and_decode_tp8_prefill_then_decode16_256_4_819232_kernel_trace.csv
[m[0;31mE20250902 01:59:46.710683 140181509072640 output_stream.cpp:105] Opened result file: ./profiles/standalone_attn_prefill_and_decode_tp8_prefill_then_decode16_256_4_819232_agent_info.csv
[m[0;33mW20250902 01:59:56.278458 140181509072640 tool.cpp:1902] rocprofv3_error_signal_handler caught signal 11...
[m# ---- Run standalone_attn_prefill_and_decode_tp8_prefill_then_decode16_256_8_25632 ----
INFO 09-02 02:00:03 [__init__.py:244] Automatically detected platform rocm.
[0;31mE20250902 02:00:24.069394 140524407211776 output_stream.cpp:105] Opened result file: ./profiles/standalone_attn_prefill_and_decode_tp8_prefill_then_decode16_256_8_25632_kernel_trace.csv
[m[0;31mE20250902 02:00:24.076242 140524407211776 output_stream.cpp:105] Opened result file: ./profiles/standalone_attn_prefill_and_decode_tp8_prefill_then_decode16_256_8_25632_agent_info.csv
[m[0;33mW20250902 02:00:33.006901 140524407211776 tool.cpp:1902] rocprofv3_error_signal_handler caught signal 11...
[m# ---- Run standalone_attn_prefill_and_decode_tp8_prefill_then_decode16_256_8_51232 ----
INFO 09-02 02:00:38 [__init__.py:244] Automatically detected platform rocm.
[0;31mE20250902 02:00:58.908423 140184966227712 output_stream.cpp:105] Opened result file: ./profiles/standalone_attn_prefill_and_decode_tp8_prefill_then_decode16_256_8_51232_kernel_trace.csv
[m[0;31mE20250902 02:00:58.915797 140184966227712 output_stream.cpp:105] Opened result file: ./profiles/standalone_attn_prefill_and_decode_tp8_prefill_then_decode16_256_8_51232_agent_info.csv
[m[0;33mW20250902 02:01:08.029734 140184966227712 tool.cpp:1902] rocprofv3_error_signal_handler caught signal 11...
[m# ---- Run standalone_attn_prefill_and_decode_tp8_prefill_then_decode16_256_8_102432 ----
INFO 09-02 02:01:15 [__init__.py:244] Automatically detected platform rocm.
[0;31mE20250902 02:01:37.842217 140323058169600 output_stream.cpp:105] Opened result file: ./profiles/standalone_attn_prefill_and_decode_tp8_prefill_then_decode16_256_8_102432_kernel_trace.csv
[m[0;31mE20250902 02:01:37.849265 140323058169600 output_stream.cpp:105] Opened result file: ./profiles/standalone_attn_prefill_and_decode_tp8_prefill_then_decode16_256_8_102432_agent_info.csv
[m[0;33mW20250902 02:01:46.989030 140323058169600 tool.cpp:1902] rocprofv3_error_signal_handler caught signal 11...
[m# ---- Run standalone_attn_prefill_and_decode_tp8_prefill_then_decode16_256_8_204832 ----
INFO 09-02 02:01:54 [__init__.py:244] Automatically detected platform rocm.
[0;31mE20250902 02:02:14.162857 140188789712640 output_stream.cpp:105] Opened result file: ./profiles/standalone_attn_prefill_and_decode_tp8_prefill_then_decode16_256_8_204832_kernel_trace.csv
[m[0;31mE20250902 02:02:14.168819 140188789712640 output_stream.cpp:105] Opened result file: ./profiles/standalone_attn_prefill_and_decode_tp8_prefill_then_decode16_256_8_204832_agent_info.csv
[m[0;33mW20250902 02:02:23.148268 140188789712640 tool.cpp:1902] rocprofv3_error_signal_handler caught signal 11...
[m# ---- Run standalone_attn_prefill_and_decode_tp8_prefill_then_decode16_256_8_409632 ----
INFO 09-02 02:02:29 [__init__.py:244] Automatically detected platform rocm.
[0;31mE20250902 02:02:47.484912 140459333498624 output_stream.cpp:105] Opened result file: ./profiles/standalone_attn_prefill_and_decode_tp8_prefill_then_decode16_256_8_409632_kernel_trace.csv
[m[0;31mE20250902 02:02:47.491216 140459333498624 output_stream.cpp:105] Opened result file: ./profiles/standalone_attn_prefill_and_decode_tp8_prefill_then_decode16_256_8_409632_agent_info.csv
[m[0;33mW20250902 02:02:56.680163 140459333498624 tool.cpp:1902] rocprofv3_error_signal_handler caught signal 11...
[m# ---- Run standalone_attn_prefill_and_decode_tp8_prefill_then_decode16_256_8_819232 ----
INFO 09-02 02:03:02 [__init__.py:244] Automatically detected platform rocm.
[0;31mE20250902 02:03:20.084107 140228845754112 output_stream.cpp:105] Opened result file: ./profiles/standalone_attn_prefill_and_decode_tp8_prefill_then_decode16_256_8_819232_kernel_trace.csv
[m[0;31mE20250902 02:03:20.090273 140228845754112 output_stream.cpp:105] Opened result file: ./profiles/standalone_attn_prefill_and_decode_tp8_prefill_then_decode16_256_8_819232_agent_info.csv
[m[0;33mW20250902 02:03:28.613899 140228845754112 tool.cpp:1902] rocprofv3_error_signal_handler caught signal 11...
[m# ---- Run standalone_attn_prefill_and_decode_tp8_prefill_then_decode16_256_16_25632 ----
INFO 09-02 02:03:34 [__init__.py:244] Automatically detected platform rocm.
[0;31mE20250902 02:03:52.486055 140598401726208 output_stream.cpp:105] Opened result file: ./profiles/standalone_attn_prefill_and_decode_tp8_prefill_then_decode16_256_16_25632_kernel_trace.csv
[m[0;31mE20250902 02:03:52.492367 140598401726208 output_stream.cpp:105] Opened result file: ./profiles/standalone_attn_prefill_and_decode_tp8_prefill_then_decode16_256_16_25632_agent_info.csv
[m[0;33mW20250902 02:04:01.371963 140598401726208 tool.cpp:1902] rocprofv3_error_signal_handler caught signal 11...
[m# ---- Run standalone_attn_prefill_and_decode_tp8_prefill_then_decode16_256_16_51232 ----
INFO 09-02 02:04:07 [__init__.py:244] Automatically detected platform rocm.
[0;31mE20250902 02:04:25.112444 139690484713216 output_stream.cpp:105] Opened result file: ./profiles/standalone_attn_prefill_and_decode_tp8_prefill_then_decode16_256_16_51232_kernel_trace.csv
[m[0;31mE20250902 02:04:25.118403 139690484713216 output_stream.cpp:105] Opened result file: ./profiles/standalone_attn_prefill_and_decode_tp8_prefill_then_decode16_256_16_51232_agent_info.csv
[m[0;33mW20250902 02:04:33.834474 139690484713216 tool.cpp:1902] rocprofv3_error_signal_handler caught signal 11...
[m# ---- Run standalone_attn_prefill_and_decode_tp8_prefill_then_decode16_256_16_102432 ----
INFO 09-02 02:04:39 [__init__.py:244] Automatically detected platform rocm.
[0;31mE20250902 02:04:57.678733 140618550019840 output_stream.cpp:105] Opened result file: ./profiles/standalone_attn_prefill_and_decode_tp8_prefill_then_decode16_256_16_102432_kernel_trace.csv
[m[0;31mE20250902 02:04:57.685708 140618550019840 output_stream.cpp:105] Opened result file: ./profiles/standalone_attn_prefill_and_decode_tp8_prefill_then_decode16_256_16_102432_agent_info.csv
[m[0;33mW20250902 02:05:06.257507 140618550019840 tool.cpp:1902] rocprofv3_error_signal_handler caught signal 11...
[m# ---- Run standalone_attn_prefill_and_decode_tp8_prefill_then_decode16_256_16_204832 ----
INFO 09-02 02:05:12 [__init__.py:244] Automatically detected platform rocm.
[0;31mE20250902 02:05:29.906087 140367213037312 output_stream.cpp:105] Opened result file: ./profiles/standalone_attn_prefill_and_decode_tp8_prefill_then_decode16_256_16_204832_kernel_trace.csv
[m[0;31mE20250902 02:05:29.912222 140367213037312 output_stream.cpp:105] Opened result file: ./profiles/standalone_attn_prefill_and_decode_tp8_prefill_then_decode16_256_16_204832_agent_info.csv
[m[0;33mW20250902 02:05:39.136165 140367213037312 tool.cpp:1902] rocprofv3_error_signal_handler caught signal 11...
[m# ---- Run standalone_attn_prefill_and_decode_tp8_prefill_then_decode16_256_16_409632 ----
INFO 09-02 02:05:45 [__init__.py:244] Automatically detected platform rocm.
[0;31mE20250902 02:06:03.882898 140644057241344 output_stream.cpp:105] Opened result file: ./profiles/standalone_attn_prefill_and_decode_tp8_prefill_then_decode16_256_16_409632_kernel_trace.csv
[m[0;31mE20250902 02:06:03.889121 140644057241344 output_stream.cpp:105] Opened result file: ./profiles/standalone_attn_prefill_and_decode_tp8_prefill_then_decode16_256_16_409632_agent_info.csv
[m[0;33mW20250902 02:06:12.460206 140644057241344 tool.cpp:1902] rocprofv3_error_signal_handler caught signal 11...
[m# ---- Run standalone_attn_prefill_and_decode_tp8_prefill_then_decode16_256_16_819232 ----
INFO 09-02 02:06:18 [__init__.py:244] Automatically detected platform rocm.
[0;31mE20250902 02:06:37.359610 140235252004608 output_stream.cpp:105] Opened result file: ./profiles/standalone_attn_prefill_and_decode_tp8_prefill_then_decode16_256_16_819232_kernel_trace.csv
[m[0;31mE20250902 02:06:37.366183 140235252004608 output_stream.cpp:105] Opened result file: ./profiles/standalone_attn_prefill_and_decode_tp8_prefill_then_decode16_256_16_819232_agent_info.csv
[m[0;33mW20250902 02:06:46.380067 140235252004608 tool.cpp:1902] rocprofv3_error_signal_handler caught signal 11...
[m# ---- Run standalone_attn_prefill_and_decode_tp8_prefill_then_decode16_256_32_25632 ----
INFO 09-02 02:06:52 [__init__.py:244] Automatically detected platform rocm.
[0;31mE20250902 02:07:12.869381 139638554842880 output_stream.cpp:105] Opened result file: ./profiles/standalone_attn_prefill_and_decode_tp8_prefill_then_decode16_256_32_25632_kernel_trace.csv
[m[0;31mE20250902 02:07:12.876278 139638554842880 output_stream.cpp:105] Opened result file: ./profiles/standalone_attn_prefill_and_decode_tp8_prefill_then_decode16_256_32_25632_agent_info.csv
[m[0;33mW20250902 02:07:21.839214 139638554842880 tool.cpp:1902] rocprofv3_error_signal_handler caught signal 11...
[m# ---- Run standalone_attn_prefill_and_decode_tp8_prefill_then_decode16_256_32_51232 ----
INFO 09-02 02:07:28 [__init__.py:244] Automatically detected platform rocm.
[0;31mE20250902 02:07:48.824689 139636520277760 output_stream.cpp:105] Opened result file: ./profiles/standalone_attn_prefill_and_decode_tp8_prefill_then_decode16_256_32_51232_kernel_trace.csv
[m[0;31mE20250902 02:07:48.831202 139636520277760 output_stream.cpp:105] Opened result file: ./profiles/standalone_attn_prefill_and_decode_tp8_prefill_then_decode16_256_32_51232_agent_info.csv
[m[0;33mW20250902 02:07:57.671305 139636520277760 tool.cpp:1902] rocprofv3_error_signal_handler caught signal 11...
[m# ---- Run standalone_attn_prefill_and_decode_tp8_prefill_then_decode16_256_32_102432 ----
INFO 09-02 02:08:05 [__init__.py:244] Automatically detected platform rocm.
[0;31mE20250902 02:08:25.310131 140352508782336 output_stream.cpp:105] Opened result file: ./profiles/standalone_attn_prefill_and_decode_tp8_prefill_then_decode16_256_32_102432_kernel_trace.csv
[m[0;31mE20250902 02:08:25.317124 140352508782336 output_stream.cpp:105] Opened result file: ./profiles/standalone_attn_prefill_and_decode_tp8_prefill_then_decode16_256_32_102432_agent_info.csv
[m[0;33mW20250902 02:08:34.951314 140352508782336 tool.cpp:1902] rocprofv3_error_signal_handler caught signal 11...
[m# ---- Run standalone_attn_prefill_and_decode_tp8_prefill_then_decode16_256_32_204832 ----
INFO 09-02 02:08:42 [__init__.py:244] Automatically detected platform rocm.
[0;31mE20250902 02:09:03.393667 140268111972096 output_stream.cpp:105] Opened result file: ./profiles/standalone_attn_prefill_and_decode_tp8_prefill_then_decode16_256_32_204832_kernel_trace.csv
[m[0;31mE20250902 02:09:03.400513 140268111972096 output_stream.cpp:105] Opened result file: ./profiles/standalone_attn_prefill_and_decode_tp8_prefill_then_decode16_256_32_204832_agent_info.csv
[m[0;33mW20250902 02:09:13.034287 140268111972096 tool.cpp:1902] rocprofv3_error_signal_handler caught signal 11...
[m# ---- Run standalone_attn_prefill_and_decode_tp8_prefill_then_decode16_256_32_409632 ----
INFO 09-02 02:09:20 [__init__.py:244] Automatically detected platform rocm.
[0;31mE20250902 02:09:43.216405 139737709291264 output_stream.cpp:105] Opened result file: ./profiles/standalone_attn_prefill_and_decode_tp8_prefill_then_decode16_256_32_409632_kernel_trace.csv
[m[0;31mE20250902 02:09:43.223418 139737709291264 output_stream.cpp:105] Opened result file: ./profiles/standalone_attn_prefill_and_decode_tp8_prefill_then_decode16_256_32_409632_agent_info.csv
[m[0;33mW20250902 02:09:53.082943 139737709291264 tool.cpp:1902] rocprofv3_error_signal_handler caught signal 11...
[m# ---- Run standalone_attn_prefill_and_decode_tp8_prefill_then_decode16_256_32_819232 ----
INFO 09-02 02:09:58 [__init__.py:244] Automatically detected platform rocm.
[0;31mE20250902 02:10:16.857361 139978152318720 output_stream.cpp:105] Opened result file: ./profiles/standalone_attn_prefill_and_decode_tp8_prefill_then_decode16_256_32_819232_kernel_trace.csv
[m[0;31mE20250902 02:10:16.863662 139978152318720 output_stream.cpp:105] Opened result file: ./profiles/standalone_attn_prefill_and_decode_tp8_prefill_then_decode16_256_32_819232_agent_info.csv
[m[0;33mW20250902 02:10:25.632180 139978152318720 tool.cpp:1902] rocprofv3_error_signal_handler caught signal 11...
[m# ---- Run standalone_attn_prefill_and_decode_tp8_prefill_then_decode16_256_64_25632 ----
INFO 09-02 02:10:31 [__init__.py:244] Automatically detected platform rocm.
[0;31mE20250902 02:10:49.161635 140080783365888 output_stream.cpp:105] Opened result file: ./profiles/standalone_attn_prefill_and_decode_tp8_prefill_then_decode16_256_64_25632_kernel_trace.csv
[m[0;31mE20250902 02:10:49.167657 140080783365888 output_stream.cpp:105] Opened result file: ./profiles/standalone_attn_prefill_and_decode_tp8_prefill_then_decode16_256_64_25632_agent_info.csv
[m[0;33mW20250902 02:10:57.776645 140080783365888 tool.cpp:1902] rocprofv3_error_signal_handler caught signal 11...
[m# ---- Run standalone_attn_prefill_and_decode_tp8_prefill_then_decode16_256_64_51232 ----
INFO 09-02 02:11:03 [__init__.py:244] Automatically detected platform rocm.
[0;31mE20250902 02:11:20.630053 140665246869248 output_stream.cpp:105] Opened result file: ./profiles/standalone_attn_prefill_and_decode_tp8_prefill_then_decode16_256_64_51232_kernel_trace.csv
[m[0;31mE20250902 02:11:20.636240 140665246869248 output_stream.cpp:105] Opened result file: ./profiles/standalone_attn_prefill_and_decode_tp8_prefill_then_decode16_256_64_51232_agent_info.csv
[m[0;33mW20250902 02:11:29.302110 140665246869248 tool.cpp:1902] rocprofv3_error_signal_handler caught signal 11...
[m# ---- Run standalone_attn_prefill_and_decode_tp8_prefill_then_decode16_256_64_102432 ----
INFO 09-02 02:11:35 [__init__.py:244] Automatically detected platform rocm.
[0;31mE20250902 02:11:53.037744 139960337127168 output_stream.cpp:105] Opened result file: ./profiles/standalone_attn_prefill_and_decode_tp8_prefill_then_decode16_256_64_102432_kernel_trace.csv
[m[0;31mE20250902 02:11:53.043807 139960337127168 output_stream.cpp:105] Opened result file: ./profiles/standalone_attn_prefill_and_decode_tp8_prefill_then_decode16_256_64_102432_agent_info.csv
[m[0;33mW20250902 02:12:01.666226 139960337127168 tool.cpp:1902] rocprofv3_error_signal_handler caught signal 11...
[m# ---- Run standalone_attn_prefill_and_decode_tp8_prefill_then_decode16_256_64_204832 ----
INFO 09-02 02:12:07 [__init__.py:244] Automatically detected platform rocm.
[0;31mE20250902 02:12:25.531330 139706713245440 output_stream.cpp:105] Opened result file: ./profiles/standalone_attn_prefill_and_decode_tp8_prefill_then_decode16_256_64_204832_kernel_trace.csv
[m[0;31mE20250902 02:12:25.537593 139706713245440 output_stream.cpp:105] Opened result file: ./profiles/standalone_attn_prefill_and_decode_tp8_prefill_then_decode16_256_64_204832_agent_info.csv
[m[0;33mW20250902 02:12:34.543689 139706713245440 tool.cpp:1902] rocprofv3_error_signal_handler caught signal 11...
[m# ---- Run standalone_attn_prefill_and_decode_tp8_prefill_then_decode16_256_64_409632 ----
INFO 09-02 02:12:40 [__init__.py:244] Automatically detected platform rocm.
[0;31mE20250902 02:12:58.050066 139964236617472 output_stream.cpp:105] Opened result file: ./profiles/standalone_attn_prefill_and_decode_tp8_prefill_then_decode16_256_64_409632_kernel_trace.csv
[m[0;31mE20250902 02:12:58.056164 139964236617472 output_stream.cpp:105] Opened result file: ./profiles/standalone_attn_prefill_and_decode_tp8_prefill_then_decode16_256_64_409632_agent_info.csv
[m[0;33mW20250902 02:13:06.887591 139964236617472 tool.cpp:1902] rocprofv3_error_signal_handler caught signal 11...
[m# ---- Run standalone_attn_prefill_and_decode_tp8_prefill_then_decode16_256_64_819232 ----
INFO 09-02 02:13:13 [__init__.py:244] Automatically detected platform rocm.
[0;31mE20250902 02:13:30.730820 139989292701440 output_stream.cpp:105] Opened result file: ./profiles/standalone_attn_prefill_and_decode_tp8_prefill_then_decode16_256_64_819232_kernel_trace.csv
[m[0;31mE20250902 02:13:30.736755 139989292701440 output_stream.cpp:105] Opened result file: ./profiles/standalone_attn_prefill_and_decode_tp8_prefill_then_decode16_256_64_819232_agent_info.csv
[m[0;33mW20250902 02:13:39.690862 139989292701440 tool.cpp:1902] rocprofv3_error_signal_handler caught signal 11...
[m# ---- Run standalone_attn_prefill_and_decode_tp8_prefill_then_decode16_256_128_25632 ----
INFO 09-02 02:13:45 [__init__.py:244] Automatically detected platform rocm.
[0;31mE20250902 02:14:01.466152 139864717895424 output_stream.cpp:105] Opened result file: ./profiles/standalone_attn_prefill_and_decode_tp8_prefill_then_decode16_256_128_25632_kernel_trace.csv
[m[0;31mE20250902 02:14:01.472071 139864717895424 output_stream.cpp:105] Opened result file: ./profiles/standalone_attn_prefill_and_decode_tp8_prefill_then_decode16_256_128_25632_agent_info.csv
[m[0;33mW20250902 02:14:10.374045 139864717895424 tool.cpp:1902] rocprofv3_error_signal_handler caught signal 11...
[m# ---- Run standalone_attn_prefill_and_decode_tp8_prefill_then_decode16_256_128_51232 ----
INFO 09-02 02:14:16 [__init__.py:244] Automatically detected platform rocm.
[0;31mE20250902 02:14:31.590309 140276651755264 output_stream.cpp:105] Opened result file: ./profiles/standalone_attn_prefill_and_decode_tp8_prefill_then_decode16_256_128_51232_kernel_trace.csv
[m[0;31mE20250902 02:14:31.596378 140276651755264 output_stream.cpp:105] Opened result file: ./profiles/standalone_attn_prefill_and_decode_tp8_prefill_then_decode16_256_128_51232_agent_info.csv
[m[0;33mW20250902 02:14:40.124480 140276651755264 tool.cpp:1902] rocprofv3_error_signal_handler caught signal 11...
[m# ---- Run standalone_attn_prefill_and_decode_tp8_prefill_then_decode16_256_128_102432 ----
INFO 09-02 02:14:45 [__init__.py:244] Automatically detected platform rocm.
[0;31mE20250902 02:15:01.969598 140569867040512 output_stream.cpp:105] Opened result file: ./profiles/standalone_attn_prefill_and_decode_tp8_prefill_then_decode16_256_128_102432_kernel_trace.csv
[m[0;31mE20250902 02:15:01.975761 140569867040512 output_stream.cpp:105] Opened result file: ./profiles/standalone_attn_prefill_and_decode_tp8_prefill_then_decode16_256_128_102432_agent_info.csv
[m[0;33mW20250902 02:15:10.998709 140569867040512 tool.cpp:1902] rocprofv3_error_signal_handler caught signal 11...
[m# ---- Run standalone_attn_prefill_and_decode_tp8_prefill_then_decode16_256_128_204832 ----
INFO 09-02 02:15:16 [__init__.py:244] Automatically detected platform rocm.
[0;31mE20250902 02:15:32.591536 139715797739264 output_stream.cpp:105] Opened result file: ./profiles/standalone_attn_prefill_and_decode_tp8_prefill_then_decode16_256_128_204832_kernel_trace.csv
[m[0;31mE20250902 02:15:32.598031 139715797739264 output_stream.cpp:105] Opened result file: ./profiles/standalone_attn_prefill_and_decode_tp8_prefill_then_decode16_256_128_204832_agent_info.csv
[m[0;33mW20250902 02:15:41.730463 139715797739264 tool.cpp:1902] rocprofv3_error_signal_handler caught signal 11...
[m# ---- Run standalone_attn_prefill_and_decode_tp8_prefill_then_decode16_256_128_409632 ----
INFO 09-02 02:15:47 [__init__.py:244] Automatically detected platform rocm.
[0;31mE20250902 02:16:03.481374 140291236382464 output_stream.cpp:105] Opened result file: ./profiles/standalone_attn_prefill_and_decode_tp8_prefill_then_decode16_256_128_409632_kernel_trace.csv
[m[0;31mE20250902 02:16:03.487317 140291236382464 output_stream.cpp:105] Opened result file: ./profiles/standalone_attn_prefill_and_decode_tp8_prefill_then_decode16_256_128_409632_agent_info.csv
[m[0;33mW20250902 02:16:11.918291 140291236382464 tool.cpp:1902] rocprofv3_error_signal_handler caught signal 11...
[m# ---- Run standalone_attn_prefill_and_decode_tp8_prefill_then_decode16_256_128_819232 ----
INFO 09-02 02:16:17 [__init__.py:244] Automatically detected platform rocm.
[0;31mE20250902 02:16:33.933038 140058909607680 output_stream.cpp:105] Opened result file: ./profiles/standalone_attn_prefill_and_decode_tp8_prefill_then_decode16_256_128_819232_kernel_trace.csv
[m[0;31mE20250902 02:16:33.939207 140058909607680 output_stream.cpp:105] Opened result file: ./profiles/standalone_attn_prefill_and_decode_tp8_prefill_then_decode16_256_128_819232_agent_info.csv
[m[0;33mW20250902 02:16:42.718409 140058909607680 tool.cpp:1902] rocprofv3_error_signal_handler caught signal 11...
[m# ---- Run standalone_attn_prefill_and_decode_tp8_prefill_then_decode16_512_1_25632 ----
INFO 09-02 02:16:48 [__init__.py:244] Automatically detected platform rocm.
[0;31mE20250902 02:17:06.716258 139952651482880 output_stream.cpp:105] Opened result file: ./profiles/standalone_attn_prefill_and_decode_tp8_prefill_then_decode16_512_1_25632_kernel_trace.csv
[m[0;31mE20250902 02:17:06.722532 139952651482880 output_stream.cpp:105] Opened result file: ./profiles/standalone_attn_prefill_and_decode_tp8_prefill_then_decode16_512_1_25632_agent_info.csv
[m[0;33mW20250902 02:17:15.427222 139952651482880 tool.cpp:1902] rocprofv3_error_signal_handler caught signal 11...
[m# ---- Run standalone_attn_prefill_and_decode_tp8_prefill_then_decode16_512_1_51232 ----
INFO 09-02 02:17:21 [__init__.py:244] Automatically detected platform rocm.
[0;31mE20250902 02:17:39.828141 140480089933568 output_stream.cpp:105] Opened result file: ./profiles/standalone_attn_prefill_and_decode_tp8_prefill_then_decode16_512_1_51232_kernel_trace.csv
[m[0;31mE20250902 02:17:39.834472 140480089933568 output_stream.cpp:105] Opened result file: ./profiles/standalone_attn_prefill_and_decode_tp8_prefill_then_decode16_512_1_51232_agent_info.csv
[m[0;33mW20250902 02:17:49.106942 140480089933568 tool.cpp:1902] rocprofv3_error_signal_handler caught signal 11...
[m# ---- Run standalone_attn_prefill_and_decode_tp8_prefill_then_decode16_512_1_102432 ----
INFO 09-02 02:17:55 [__init__.py:244] Automatically detected platform rocm.
[0;31mE20250902 02:18:13.996763 140668239537920 output_stream.cpp:105] Opened result file: ./profiles/standalone_attn_prefill_and_decode_tp8_prefill_then_decode16_512_1_102432_kernel_trace.csv
[m[0;31mE20250902 02:18:14.004287 140668239537920 output_stream.cpp:105] Opened result file: ./profiles/standalone_attn_prefill_and_decode_tp8_prefill_then_decode16_512_1_102432_agent_info.csv
[m[0;33mW20250902 02:18:22.829005 140668239537920 tool.cpp:1902] rocprofv3_error_signal_handler caught signal 11...
[m# ---- Run standalone_attn_prefill_and_decode_tp8_prefill_then_decode16_512_1_204832 ----
INFO 09-02 02:18:29 [__init__.py:244] Automatically detected platform rocm.
[0;31mE20250902 02:18:49.793869 139787174532864 output_stream.cpp:105] Opened result file: ./profiles/standalone_attn_prefill_and_decode_tp8_prefill_then_decode16_512_1_204832_kernel_trace.csv
[m[0;31mE20250902 02:18:49.801970 139787174532864 output_stream.cpp:105] Opened result file: ./profiles/standalone_attn_prefill_and_decode_tp8_prefill_then_decode16_512_1_204832_agent_info.csv
[m[0;33mW20250902 02:18:59.143110 139787174532864 tool.cpp:1902] rocprofv3_error_signal_handler caught signal 11...
[m# ---- Run standalone_attn_prefill_and_decode_tp8_prefill_then_decode16_512_1_409632 ----
INFO 09-02 02:19:06 [__init__.py:244] Automatically detected platform rocm.
[0;31mE20250902 02:19:26.468194 140485226391296 output_stream.cpp:105] Opened result file: ./profiles/standalone_attn_prefill_and_decode_tp8_prefill_then_decode16_512_1_409632_kernel_trace.csv
[m[0;31mE20250902 02:19:26.475082 140485226391296 output_stream.cpp:105] Opened result file: ./profiles/standalone_attn_prefill_and_decode_tp8_prefill_then_decode16_512_1_409632_agent_info.csv
[m[0;33mW20250902 02:19:35.969572 140485226391296 tool.cpp:1902] rocprofv3_error_signal_handler caught signal 11...
[m# ---- Run standalone_attn_prefill_and_decode_tp8_prefill_then_decode16_512_1_819232 ----
INFO 09-02 02:19:42 [__init__.py:244] Automatically detected platform rocm.
[0;31mE20250902 02:20:02.262309 140313683097344 output_stream.cpp:105] Opened result file: ./profiles/standalone_attn_prefill_and_decode_tp8_prefill_then_decode16_512_1_819232_kernel_trace.csv
[m[0;31mE20250902 02:20:02.268900 140313683097344 output_stream.cpp:105] Opened result file: ./profiles/standalone_attn_prefill_and_decode_tp8_prefill_then_decode16_512_1_819232_agent_info.csv
[m[0;33mW20250902 02:20:11.302655 140313683097344 tool.cpp:1902] rocprofv3_error_signal_handler caught signal 11...
[m# ---- Run standalone_attn_prefill_and_decode_tp8_prefill_then_decode16_512_2_25632 ----
INFO 09-02 02:20:17 [__init__.py:244] Automatically detected platform rocm.
[0;31mE20250902 02:20:36.007682 139737563502336 output_stream.cpp:105] Opened result file: ./profiles/standalone_attn_prefill_and_decode_tp8_prefill_then_decode16_512_2_25632_kernel_trace.csv
[m[0;31mE20250902 02:20:36.014343 139737563502336 output_stream.cpp:105] Opened result file: ./profiles/standalone_attn_prefill_and_decode_tp8_prefill_then_decode16_512_2_25632_agent_info.csv
[m[0;33mW20250902 02:20:44.973952 139737563502336 tool.cpp:1902] rocprofv3_error_signal_handler caught signal 11...
[m# ---- Run standalone_attn_prefill_and_decode_tp8_prefill_then_decode16_512_2_51232 ----
INFO 09-02 02:20:51 [__init__.py:244] Automatically detected platform rocm.
[0;31mE20250902 02:21:09.442302 139719537985280 output_stream.cpp:105] Opened result file: ./profiles/standalone_attn_prefill_and_decode_tp8_prefill_then_decode16_512_2_51232_kernel_trace.csv
[m[0;31mE20250902 02:21:09.448533 139719537985280 output_stream.cpp:105] Opened result file: ./profiles/standalone_attn_prefill_and_decode_tp8_prefill_then_decode16_512_2_51232_agent_info.csv
[m[0;33mW20250902 02:21:18.185709 139719537985280 tool.cpp:1902] rocprofv3_error_signal_handler caught signal 11...
[m# ---- Run standalone_attn_prefill_and_decode_tp8_prefill_then_decode16_512_2_102432 ----
INFO 09-02 02:21:24 [__init__.py:244] Automatically detected platform rocm.
[0;31mE20250902 02:21:42.302149 140209821382400 output_stream.cpp:105] Opened result file: ./profiles/standalone_attn_prefill_and_decode_tp8_prefill_then_decode16_512_2_102432_kernel_trace.csv
[m[0;31mE20250902 02:21:42.308978 140209821382400 output_stream.cpp:105] Opened result file: ./profiles/standalone_attn_prefill_and_decode_tp8_prefill_then_decode16_512_2_102432_agent_info.csv
[m[0;33mW20250902 02:21:51.505035 140209821382400 tool.cpp:1902] rocprofv3_error_signal_handler caught signal 11...
[m# ---- Run standalone_attn_prefill_and_decode_tp8_prefill_then_decode16_512_2_204832 ----
INFO 09-02 02:21:57 [__init__.py:244] Automatically detected platform rocm.
[0;31mE20250902 02:22:15.659405 140009121969920 output_stream.cpp:105] Opened result file: ./profiles/standalone_attn_prefill_and_decode_tp8_prefill_then_decode16_512_2_204832_kernel_trace.csv
[m[0;31mE20250902 02:22:15.665890 140009121969920 output_stream.cpp:105] Opened result file: ./profiles/standalone_attn_prefill_and_decode_tp8_prefill_then_decode16_512_2_204832_agent_info.csv
[m[0;33mW20250902 02:22:24.032279 140009121969920 tool.cpp:1902] rocprofv3_error_signal_handler caught signal 11...
[m# ---- Run standalone_attn_prefill_and_decode_tp8_prefill_then_decode16_512_2_409632 ----
INFO 09-02 02:22:30 [__init__.py:244] Automatically detected platform rocm.
[0;31mE20250902 02:22:47.981689 140629480511232 output_stream.cpp:105] Opened result file: ./profiles/standalone_attn_prefill_and_decode_tp8_prefill_then_decode16_512_2_409632_kernel_trace.csv
[m[0;31mE20250902 02:22:47.987871 140629480511232 output_stream.cpp:105] Opened result file: ./profiles/standalone_attn_prefill_and_decode_tp8_prefill_then_decode16_512_2_409632_agent_info.csv
[m[0;33mW20250902 02:22:56.703517 140629480511232 tool.cpp:1902] rocprofv3_error_signal_handler caught signal 11...
[m# ---- Run standalone_attn_prefill_and_decode_tp8_prefill_then_decode16_512_2_819232 ----
INFO 09-02 02:23:02 [__init__.py:244] Automatically detected platform rocm.
[0;31mE20250902 02:23:20.606489 139682133710592 output_stream.cpp:105] Opened result file: ./profiles/standalone_attn_prefill_and_decode_tp8_prefill_then_decode16_512_2_819232_kernel_trace.csv
[m[0;31mE20250902 02:23:20.613896 139682133710592 output_stream.cpp:105] Opened result file: ./profiles/standalone_attn_prefill_and_decode_tp8_prefill_then_decode16_512_2_819232_agent_info.csv
[m[0;33mW20250902 02:23:29.665860 139682133710592 tool.cpp:1902] rocprofv3_error_signal_handler caught signal 11...
[m# ---- Run standalone_attn_prefill_and_decode_tp8_prefill_then_decode16_512_4_25632 ----
INFO 09-02 02:23:36 [__init__.py:244] Automatically detected platform rocm.
[0;31mE20250902 02:23:56.819252 140546854684416 output_stream.cpp:105] Opened result file: ./profiles/standalone_attn_prefill_and_decode_tp8_prefill_then_decode16_512_4_25632_kernel_trace.csv
[m[0;31mE20250902 02:23:56.826286 140546854684416 output_stream.cpp:105] Opened result file: ./profiles/standalone_attn_prefill_and_decode_tp8_prefill_then_decode16_512_4_25632_agent_info.csv
[m[0;33mW20250902 02:24:05.786923 140546854684416 tool.cpp:1902] rocprofv3_error_signal_handler caught signal 11...
[m# ---- Run standalone_attn_prefill_and_decode_tp8_prefill_then_decode16_512_4_51232 ----
INFO 09-02 02:24:13 [__init__.py:244] Automatically detected platform rocm.
[0;31mE20250902 02:24:34.561353 140411344647936 output_stream.cpp:105] Opened result file: ./profiles/standalone_attn_prefill_and_decode_tp8_prefill_then_decode16_512_4_51232_kernel_trace.csv
[m[0;31mE20250902 02:24:34.569376 140411344647936 output_stream.cpp:105] Opened result file: ./profiles/standalone_attn_prefill_and_decode_tp8_prefill_then_decode16_512_4_51232_agent_info.csv
[m[0;33mW20250902 02:24:44.119413 140411344647936 tool.cpp:1902] rocprofv3_error_signal_handler caught signal 11...
[m# ---- Run standalone_attn_prefill_and_decode_tp8_prefill_then_decode16_512_4_102432 ----
INFO 09-02 02:24:50 [__init__.py:244] Automatically detected platform rocm.
[0;31mE20250902 02:25:08.620930 140255151855360 output_stream.cpp:105] Opened result file: ./profiles/standalone_attn_prefill_and_decode_tp8_prefill_then_decode16_512_4_102432_kernel_trace.csv
[m[0;31mE20250902 02:25:08.627491 140255151855360 output_stream.cpp:105] Opened result file: ./profiles/standalone_attn_prefill_and_decode_tp8_prefill_then_decode16_512_4_102432_agent_info.csv
[m[0;33mW20250902 02:25:17.724489 140255151855360 tool.cpp:1902] rocprofv3_error_signal_handler caught signal 11...
[m# ---- Run standalone_attn_prefill_and_decode_tp8_prefill_then_decode16_512_4_204832 ----
INFO 09-02 02:25:24 [__init__.py:244] Automatically detected platform rocm.
[0;31mE20250902 02:25:42.500730 140597801318144 output_stream.cpp:105] Opened result file: ./profiles/standalone_attn_prefill_and_decode_tp8_prefill_then_decode16_512_4_204832_kernel_trace.csv
[m[0;31mE20250902 02:25:42.507797 140597801318144 output_stream.cpp:105] Opened result file: ./profiles/standalone_attn_prefill_and_decode_tp8_prefill_then_decode16_512_4_204832_agent_info.csv
[m[0;33mW20250902 02:25:51.759525 140597801318144 tool.cpp:1902] rocprofv3_error_signal_handler caught signal 11...
[m# ---- Run standalone_attn_prefill_and_decode_tp8_prefill_then_decode16_512_4_409632 ----
INFO 09-02 02:25:58 [__init__.py:244] Automatically detected platform rocm.
[0;31mE20250902 02:26:16.758952 140510451410688 output_stream.cpp:105] Opened result file: ./profiles/standalone_attn_prefill_and_decode_tp8_prefill_then_decode16_512_4_409632_kernel_trace.csv
[m[0;31mE20250902 02:26:16.766035 140510451410688 output_stream.cpp:105] Opened result file: ./profiles/standalone_attn_prefill_and_decode_tp8_prefill_then_decode16_512_4_409632_agent_info.csv
[m[0;33mW20250902 02:26:25.866328 140510451410688 tool.cpp:1902] rocprofv3_error_signal_handler caught signal 11...
[m# ---- Run standalone_attn_prefill_and_decode_tp8_prefill_then_decode16_512_4_819232 ----
INFO 09-02 02:26:32 [__init__.py:244] Automatically detected platform rocm.
[0;31mE20250902 02:26:52.730337 139867156674304 output_stream.cpp:105] Opened result file: ./profiles/standalone_attn_prefill_and_decode_tp8_prefill_then_decode16_512_4_819232_kernel_trace.csv
[m[0;31mE20250902 02:26:52.738867 139867156674304 output_stream.cpp:105] Opened result file: ./profiles/standalone_attn_prefill_and_decode_tp8_prefill_then_decode16_512_4_819232_agent_info.csv
[m[0;33mW20250902 02:27:01.833588 139867156674304 tool.cpp:1902] rocprofv3_error_signal_handler caught signal 11...
[m# ---- Run standalone_attn_prefill_and_decode_tp8_prefill_then_decode16_512_8_25632 ----
INFO 09-02 02:27:09 [__init__.py:244] Automatically detected platform rocm.
[0;31mE20250902 02:27:30.509822 139838751151872 output_stream.cpp:105] Opened result file: ./profiles/standalone_attn_prefill_and_decode_tp8_prefill_then_decode16_512_8_25632_kernel_trace.csv
[m[0;31mE20250902 02:27:30.517735 139838751151872 output_stream.cpp:105] Opened result file: ./profiles/standalone_attn_prefill_and_decode_tp8_prefill_then_decode16_512_8_25632_agent_info.csv
[m[0;33mW20250902 02:27:39.632997 139838751151872 tool.cpp:1902] rocprofv3_error_signal_handler caught signal 11...
[m# ---- Run standalone_attn_prefill_and_decode_tp8_prefill_then_decode16_512_8_51232 ----
INFO 09-02 02:27:46 [__init__.py:244] Automatically detected platform rocm.
[0;31mE20250902 02:28:06.886685 140216962995968 output_stream.cpp:105] Opened result file: ./profiles/standalone_attn_prefill_and_decode_tp8_prefill_then_decode16_512_8_51232_kernel_trace.csv
[m[0;31mE20250902 02:28:06.894589 140216962995968 output_stream.cpp:105] Opened result file: ./profiles/standalone_attn_prefill_and_decode_tp8_prefill_then_decode16_512_8_51232_agent_info.csv
[m[0;33mW20250902 02:28:15.549221 140216962995968 tool.cpp:1902] rocprofv3_error_signal_handler caught signal 11...
[m# ---- Run standalone_attn_prefill_and_decode_tp8_prefill_then_decode16_512_8_102432 ----
INFO 09-02 02:28:22 [__init__.py:244] Automatically detected platform rocm.
[0;31mE20250902 02:28:43.428841 139844465960704 output_stream.cpp:105] Opened result file: ./profiles/standalone_attn_prefill_and_decode_tp8_prefill_then_decode16_512_8_102432_kernel_trace.csv
[m[0;31mE20250902 02:28:43.436653 139844465960704 output_stream.cpp:105] Opened result file: ./profiles/standalone_attn_prefill_and_decode_tp8_prefill_then_decode16_512_8_102432_agent_info.csv
[m[0;33mW20250902 02:28:52.306364 139844465960704 tool.cpp:1902] rocprofv3_error_signal_handler caught signal 11...
[m# ---- Run standalone_attn_prefill_and_decode_tp8_prefill_then_decode16_512_8_204832 ----
INFO 09-02 02:28:59 [__init__.py:244] Automatically detected platform rocm.
[0;31mE20250902 02:29:20.754777 140676093757184 output_stream.cpp:105] Opened result file: ./profiles/standalone_attn_prefill_and_decode_tp8_prefill_then_decode16_512_8_204832_kernel_trace.csv
[m[0;31mE20250902 02:29:20.762677 140676093757184 output_stream.cpp:105] Opened result file: ./profiles/standalone_attn_prefill_and_decode_tp8_prefill_then_decode16_512_8_204832_agent_info.csv
[m[0;33mW20250902 02:29:30.263530 140676093757184 tool.cpp:1902] rocprofv3_error_signal_handler caught signal 11...
[m# ---- Run standalone_attn_prefill_and_decode_tp8_prefill_then_decode16_512_8_409632 ----
INFO 09-02 02:29:37 [__init__.py:244] Automatically detected platform rocm.
[0;31mE20250902 02:29:57.634158 140593948329728 output_stream.cpp:105] Opened result file: ./profiles/standalone_attn_prefill_and_decode_tp8_prefill_then_decode16_512_8_409632_kernel_trace.csv
[m[0;31mE20250902 02:29:57.640770 140593948329728 output_stream.cpp:105] Opened result file: ./profiles/standalone_attn_prefill_and_decode_tp8_prefill_then_decode16_512_8_409632_agent_info.csv
[m[0;33mW20250902 02:30:07.253385 140593948329728 tool.cpp:1902] rocprofv3_error_signal_handler caught signal 11...
[m# ---- Run standalone_attn_prefill_and_decode_tp8_prefill_then_decode16_512_8_819232 ----
INFO 09-02 02:30:13 [__init__.py:244] Automatically detected platform rocm.
[0;31mE20250902 02:30:32.668708 140556047804160 output_stream.cpp:105] Opened result file: ./profiles/standalone_attn_prefill_and_decode_tp8_prefill_then_decode16_512_8_819232_kernel_trace.csv
[m[0;31mE20250902 02:30:32.675231 140556047804160 output_stream.cpp:105] Opened result file: ./profiles/standalone_attn_prefill_and_decode_tp8_prefill_then_decode16_512_8_819232_agent_info.csv
[m[0;33mW20250902 02:30:42.107088 140556047804160 tool.cpp:1902] rocprofv3_error_signal_handler caught signal 11...
[m# ---- Run standalone_attn_prefill_and_decode_tp8_prefill_then_decode16_512_16_25632 ----
INFO 09-02 02:30:48 [__init__.py:244] Automatically detected platform rocm.
[0;31mE20250902 02:31:07.259341 140020589848320 output_stream.cpp:105] Opened result file: ./profiles/standalone_attn_prefill_and_decode_tp8_prefill_then_decode16_512_16_25632_kernel_trace.csv
[m[0;31mE20250902 02:31:07.266015 140020589848320 output_stream.cpp:105] Opened result file: ./profiles/standalone_attn_prefill_and_decode_tp8_prefill_then_decode16_512_16_25632_agent_info.csv
[m[0;33mW20250902 02:31:16.084341 140020589848320 tool.cpp:1902] rocprofv3_error_signal_handler caught signal 11...
[m# ---- Run standalone_attn_prefill_and_decode_tp8_prefill_then_decode16_512_16_51232 ----
INFO 09-02 02:31:22 [__init__.py:244] Automatically detected platform rocm.
[0;31mE20250902 02:31:41.244535 140626931738368 output_stream.cpp:105] Opened result file: ./profiles/standalone_attn_prefill_and_decode_tp8_prefill_then_decode16_512_16_51232_kernel_trace.csv
[m[0;31mE20250902 02:31:41.251527 140626931738368 output_stream.cpp:105] Opened result file: ./profiles/standalone_attn_prefill_and_decode_tp8_prefill_then_decode16_512_16_51232_agent_info.csv
[m[0;33mW20250902 02:31:50.467117 140626931738368 tool.cpp:1902] rocprofv3_error_signal_handler caught signal 11...
[m# ---- Run standalone_attn_prefill_and_decode_tp8_prefill_then_decode16_512_16_102432 ----
INFO 09-02 02:31:56 [__init__.py:244] Automatically detected platform rocm.
[0;31mE20250902 02:32:15.396534 140032917104384 output_stream.cpp:105] Opened result file: ./profiles/standalone_attn_prefill_and_decode_tp8_prefill_then_decode16_512_16_102432_kernel_trace.csv
[m[0;31mE20250902 02:32:15.403413 140032917104384 output_stream.cpp:105] Opened result file: ./profiles/standalone_attn_prefill_and_decode_tp8_prefill_then_decode16_512_16_102432_agent_info.csv
[m[0;33mW20250902 02:32:24.142213 140032917104384 tool.cpp:1902] rocprofv3_error_signal_handler caught signal 11...
[m# ---- Run standalone_attn_prefill_and_decode_tp8_prefill_then_decode16_512_16_204832 ----
INFO 09-02 02:32:30 [__init__.py:244] Automatically detected platform rocm.
[0;31mE20250902 02:32:49.630792 139698544215808 output_stream.cpp:105] Opened result file: ./profiles/standalone_attn_prefill_and_decode_tp8_prefill_then_decode16_512_16_204832_kernel_trace.csv
[m[0;31mE20250902 02:32:49.637373 139698544215808 output_stream.cpp:105] Opened result file: ./profiles/standalone_attn_prefill_and_decode_tp8_prefill_then_decode16_512_16_204832_agent_info.csv
[m[0;33mW20250902 02:32:58.639323 139698544215808 tool.cpp:1902] rocprofv3_error_signal_handler caught signal 11...
[m# ---- Run standalone_attn_prefill_and_decode_tp8_prefill_then_decode16_512_16_409632 ----
INFO 09-02 02:33:05 [__init__.py:244] Automatically detected platform rocm.
[0;31mE20250902 02:33:24.332069 140354118805248 output_stream.cpp:105] Opened result file: ./profiles/standalone_attn_prefill_and_decode_tp8_prefill_then_decode16_512_16_409632_kernel_trace.csv
[m[0;31mE20250902 02:33:24.338827 140354118805248 output_stream.cpp:105] Opened result file: ./profiles/standalone_attn_prefill_and_decode_tp8_prefill_then_decode16_512_16_409632_agent_info.csv
[m[0;33mW20250902 02:33:33.196868 140354118805248 tool.cpp:1902] rocprofv3_error_signal_handler caught signal 11...
[m# ---- Run standalone_attn_prefill_and_decode_tp8_prefill_then_decode16_512_16_819232 ----
INFO 09-02 02:33:39 [__init__.py:244] Automatically detected platform rocm.
[0;31mE20250902 02:33:58.814551 140062126499584 output_stream.cpp:105] Opened result file: ./profiles/standalone_attn_prefill_and_decode_tp8_prefill_then_decode16_512_16_819232_kernel_trace.csv
[m[0;31mE20250902 02:33:58.820979 140062126499584 output_stream.cpp:105] Opened result file: ./profiles/standalone_attn_prefill_and_decode_tp8_prefill_then_decode16_512_16_819232_agent_info.csv
[m[0;33mW20250902 02:34:07.768950 140062126499584 tool.cpp:1902] rocprofv3_error_signal_handler caught signal 11...
[m# ---- Run standalone_attn_prefill_and_decode_tp8_prefill_then_decode16_512_32_25632 ----
INFO 09-02 02:34:14 [__init__.py:244] Automatically detected platform rocm.
[0;31mE20250902 02:34:33.379237 140709442909952 output_stream.cpp:105] Opened result file: ./profiles/standalone_attn_prefill_and_decode_tp8_prefill_then_decode16_512_32_25632_kernel_trace.csv
[m[0;31mE20250902 02:34:33.386014 140709442909952 output_stream.cpp:105] Opened result file: ./profiles/standalone_attn_prefill_and_decode_tp8_prefill_then_decode16_512_32_25632_agent_info.csv
[m[0;33mW20250902 02:34:42.443825 140709442909952 tool.cpp:1902] rocprofv3_error_signal_handler caught signal 11...
[m# ---- Run standalone_attn_prefill_and_decode_tp8_prefill_then_decode16_512_32_51232 ----
INFO 09-02 02:34:48 [__init__.py:244] Automatically detected platform rocm.
[0;31mE20250902 02:35:07.568819 140300582991616 output_stream.cpp:105] Opened result file: ./profiles/standalone_attn_prefill_and_decode_tp8_prefill_then_decode16_512_32_51232_kernel_trace.csv
[m[0;31mE20250902 02:35:07.575378 140300582991616 output_stream.cpp:105] Opened result file: ./profiles/standalone_attn_prefill_and_decode_tp8_prefill_then_decode16_512_32_51232_agent_info.csv
[m[0;33mW20250902 02:35:16.340951 140300582991616 tool.cpp:1902] rocprofv3_error_signal_handler caught signal 11...
[m# ---- Run standalone_attn_prefill_and_decode_tp8_prefill_then_decode16_512_32_102432 ----
INFO 09-02 02:35:22 [__init__.py:244] Automatically detected platform rocm.
[0;31mE20250902 02:35:43.807688 140149456332544 output_stream.cpp:105] Opened result file: ./profiles/standalone_attn_prefill_and_decode_tp8_prefill_then_decode16_512_32_102432_kernel_trace.csv
[m[0;31mE20250902 02:35:43.815024 140149456332544 output_stream.cpp:105] Opened result file: ./profiles/standalone_attn_prefill_and_decode_tp8_prefill_then_decode16_512_32_102432_agent_info.csv
[m[0;33mW20250902 02:35:53.394740 140149456332544 tool.cpp:1902] rocprofv3_error_signal_handler caught signal 11...
[m# ---- Run standalone_attn_prefill_and_decode_tp8_prefill_then_decode16_512_32_204832 ----
INFO 09-02 02:36:00 [__init__.py:244] Automatically detected platform rocm.
[0;31mE20250902 02:36:20.018394 139903497279232 output_stream.cpp:105] Opened result file: ./profiles/standalone_attn_prefill_and_decode_tp8_prefill_then_decode16_512_32_204832_kernel_trace.csv
[m[0;31mE20250902 02:36:20.026022 139903497279232 output_stream.cpp:105] Opened result file: ./profiles/standalone_attn_prefill_and_decode_tp8_prefill_then_decode16_512_32_204832_agent_info.csv
[m[0;33mW20250902 02:36:29.195097 139903497279232 tool.cpp:1902] rocprofv3_error_signal_handler caught signal 11...
[m# ---- Run standalone_attn_prefill_and_decode_tp8_prefill_then_decode16_512_32_409632 ----
INFO 09-02 02:36:36 [__init__.py:244] Automatically detected platform rocm.
[0;31mE20250902 02:36:56.089258 140437438482176 output_stream.cpp:105] Opened result file: ./profiles/standalone_attn_prefill_and_decode_tp8_prefill_then_decode16_512_32_409632_kernel_trace.csv
[m[0;31mE20250902 02:36:56.096020 140437438482176 output_stream.cpp:105] Opened result file: ./profiles/standalone_attn_prefill_and_decode_tp8_prefill_then_decode16_512_32_409632_agent_info.csv
[m[0;33mW20250902 02:37:05.122662 140437438482176 tool.cpp:1902] rocprofv3_error_signal_handler caught signal 11...
[m# ---- Run standalone_attn_prefill_and_decode_tp8_prefill_then_decode16_512_32_819232 ----
INFO 09-02 02:37:11 [__init__.py:244] Automatically detected platform rocm.
[0;31mE20250902 02:37:32.029359 139672343914240 output_stream.cpp:105] Opened result file: ./profiles/standalone_attn_prefill_and_decode_tp8_prefill_then_decode16_512_32_819232_kernel_trace.csv
[m[0;31mE20250902 02:37:32.036118 139672343914240 output_stream.cpp:105] Opened result file: ./profiles/standalone_attn_prefill_and_decode_tp8_prefill_then_decode16_512_32_819232_agent_info.csv
[m[0;33mW20250902 02:37:41.966232 139672343914240 tool.cpp:1902] rocprofv3_error_signal_handler caught signal 11...
[m# ---- Run standalone_attn_prefill_and_decode_tp8_prefill_then_decode16_512_64_25632 ----
INFO 09-02 02:37:48 [__init__.py:244] Automatically detected platform rocm.
[0;31mE20250902 02:38:08.159902 140570276759296 output_stream.cpp:105] Opened result file: ./profiles/standalone_attn_prefill_and_decode_tp8_prefill_then_decode16_512_64_25632_kernel_trace.csv
[m[0;31mE20250902 02:38:08.166462 140570276759296 output_stream.cpp:105] Opened result file: ./profiles/standalone_attn_prefill_and_decode_tp8_prefill_then_decode16_512_64_25632_agent_info.csv
[m[0;33mW20250902 02:38:17.273844 140570276759296 tool.cpp:1902] rocprofv3_error_signal_handler caught signal 11...
[m# ---- Run standalone_attn_prefill_and_decode_tp8_prefill_then_decode16_512_64_51232 ----
INFO 09-02 02:38:23 [__init__.py:244] Automatically detected platform rocm.
[0;31mE20250902 02:38:41.580997 140179593541376 output_stream.cpp:105] Opened result file: ./profiles/standalone_attn_prefill_and_decode_tp8_prefill_then_decode16_512_64_51232_kernel_trace.csv
[m[0;31mE20250902 02:38:41.587644 140179593541376 output_stream.cpp:105] Opened result file: ./profiles/standalone_attn_prefill_and_decode_tp8_prefill_then_decode16_512_64_51232_agent_info.csv
[m[0;33mW20250902 02:38:50.813037 140179593541376 tool.cpp:1902] rocprofv3_error_signal_handler caught signal 11...
[m# ---- Run standalone_attn_prefill_and_decode_tp8_prefill_then_decode16_512_64_102432 ----
INFO 09-02 02:38:57 [__init__.py:244] Automatically detected platform rocm.
[0;31mE20250902 02:39:15.283457 140242026264320 output_stream.cpp:105] Opened result file: ./profiles/standalone_attn_prefill_and_decode_tp8_prefill_then_decode16_512_64_102432_kernel_trace.csv
[m[0;31mE20250902 02:39:15.290424 140242026264320 output_stream.cpp:105] Opened result file: ./profiles/standalone_attn_prefill_and_decode_tp8_prefill_then_decode16_512_64_102432_agent_info.csv
[m[0;33mW20250902 02:39:24.463660 140242026264320 tool.cpp:1902] rocprofv3_error_signal_handler caught signal 11...
[m# ---- Run standalone_attn_prefill_and_decode_tp8_prefill_then_decode16_512_64_204832 ----
INFO 09-02 02:39:30 [__init__.py:244] Automatically detected platform rocm.
[0;31mE20250902 02:39:49.031958 140615447783168 output_stream.cpp:105] Opened result file: ./profiles/standalone_attn_prefill_and_decode_tp8_prefill_then_decode16_512_64_204832_kernel_trace.csv
[m[0;31mE20250902 02:39:49.039461 140615447783168 output_stream.cpp:105] Opened result file: ./profiles/standalone_attn_prefill_and_decode_tp8_prefill_then_decode16_512_64_204832_agent_info.csv
[m[0;33mW20250902 02:39:58.109972 140615447783168 tool.cpp:1902] rocprofv3_error_signal_handler caught signal 11...
[m# ---- Run standalone_attn_prefill_and_decode_tp8_prefill_then_decode16_512_64_409632 ----
INFO 09-02 02:40:04 [__init__.py:244] Automatically detected platform rocm.
[0;31mE20250902 02:40:22.500657 140470280087296 output_stream.cpp:105] Opened result file: ./profiles/standalone_attn_prefill_and_decode_tp8_prefill_then_decode16_512_64_409632_kernel_trace.csv
[m[0;31mE20250902 02:40:22.507746 140470280087296 output_stream.cpp:105] Opened result file: ./profiles/standalone_attn_prefill_and_decode_tp8_prefill_then_decode16_512_64_409632_agent_info.csv
[m[0;33mW20250902 02:40:31.781908 140470280087296 tool.cpp:1902] rocprofv3_error_signal_handler caught signal 11...
[m# ---- Run standalone_attn_prefill_and_decode_tp8_prefill_then_decode16_512_64_819232 ----
INFO 09-02 02:40:38 [__init__.py:244] Automatically detected platform rocm.
[0;31mE20250902 02:40:56.442373 140437299148544 output_stream.cpp:105] Opened result file: ./profiles/standalone_attn_prefill_and_decode_tp8_prefill_then_decode16_512_64_819232_kernel_trace.csv
[m[0;31mE20250902 02:40:56.449164 140437299148544 output_stream.cpp:105] Opened result file: ./profiles/standalone_attn_prefill_and_decode_tp8_prefill_then_decode16_512_64_819232_agent_info.csv
[m[0;33mW20250902 02:41:05.205783 140437299148544 tool.cpp:1902] rocprofv3_error_signal_handler caught signal 11...
[m# ---- Run standalone_attn_prefill_and_decode_tp8_prefill_then_decode16_512_128_25632 ----
INFO 09-02 02:41:11 [__init__.py:244] Automatically detected platform rocm.
[0;31mE20250902 02:41:27.577578 140607549740800 output_stream.cpp:105] Opened result file: ./profiles/standalone_attn_prefill_and_decode_tp8_prefill_then_decode16_512_128_25632_kernel_trace.csv
[m[0;31mE20250902 02:41:27.584111 140607549740800 output_stream.cpp:105] Opened result file: ./profiles/standalone_attn_prefill_and_decode_tp8_prefill_then_decode16_512_128_25632_agent_info.csv
[m[0;33mW20250902 02:41:36.611403 140607549740800 tool.cpp:1902] rocprofv3_error_signal_handler caught signal 11...
[m# ---- Run standalone_attn_prefill_and_decode_tp8_prefill_then_decode16_512_128_51232 ----
INFO 09-02 02:41:42 [__init__.py:244] Automatically detected platform rocm.
[0;31mE20250902 02:41:58.501756 140622514124544 output_stream.cpp:105] Opened result file: ./profiles/standalone_attn_prefill_and_decode_tp8_prefill_then_decode16_512_128_51232_kernel_trace.csv
[m[0;31mE20250902 02:41:58.508127 140622514124544 output_stream.cpp:105] Opened result file: ./profiles/standalone_attn_prefill_and_decode_tp8_prefill_then_decode16_512_128_51232_agent_info.csv
[m[0;33mW20250902 02:42:07.137258 140622514124544 tool.cpp:1902] rocprofv3_error_signal_handler caught signal 11...
[m# ---- Run standalone_attn_prefill_and_decode_tp8_prefill_then_decode16_512_128_102432 ----
INFO 09-02 02:42:13 [__init__.py:244] Automatically detected platform rocm.
[0;31mE20250902 02:42:28.991048 140061571368704 output_stream.cpp:105] Opened result file: ./profiles/standalone_attn_prefill_and_decode_tp8_prefill_then_decode16_512_128_102432_kernel_trace.csv
[m[0;31mE20250902 02:42:28.997326 140061571368704 output_stream.cpp:105] Opened result file: ./profiles/standalone_attn_prefill_and_decode_tp8_prefill_then_decode16_512_128_102432_agent_info.csv
[m[0;33mW20250902 02:42:37.467994 140061571368704 tool.cpp:1902] rocprofv3_error_signal_handler caught signal 11...
[m# ---- Run standalone_attn_prefill_and_decode_tp8_prefill_then_decode16_512_128_204832 ----
INFO 09-02 02:42:43 [__init__.py:244] Automatically detected platform rocm.
[0;31mE20250902 02:42:59.612096 139862994921216 output_stream.cpp:105] Opened result file: ./profiles/standalone_attn_prefill_and_decode_tp8_prefill_then_decode16_512_128_204832_kernel_trace.csv
[m[0;31mE20250902 02:42:59.618205 139862994921216 output_stream.cpp:105] Opened result file: ./profiles/standalone_attn_prefill_and_decode_tp8_prefill_then_decode16_512_128_204832_agent_info.csv
[m[0;33mW20250902 02:43:08.102644 139862994921216 tool.cpp:1902] rocprofv3_error_signal_handler caught signal 11...
[m# ---- Run standalone_attn_prefill_and_decode_tp8_prefill_then_decode16_512_128_409632 ----
INFO 09-02 02:43:13 [__init__.py:244] Automatically detected platform rocm.
[0;31mE20250902 02:43:29.839831 140203475445504 output_stream.cpp:105] Opened result file: ./profiles/standalone_attn_prefill_and_decode_tp8_prefill_then_decode16_512_128_409632_kernel_trace.csv
[m[0;31mE20250902 02:43:29.845946 140203475445504 output_stream.cpp:105] Opened result file: ./profiles/standalone_attn_prefill_and_decode_tp8_prefill_then_decode16_512_128_409632_agent_info.csv
[m[0;33mW20250902 02:43:38.728564 140203475445504 tool.cpp:1902] rocprofv3_error_signal_handler caught signal 11...
[m# ---- Run standalone_attn_prefill_and_decode_tp8_prefill_then_decode16_512_128_819232 ----
INFO 09-02 02:43:44 [__init__.py:244] Automatically detected platform rocm.
[0;31mE20250902 02:44:02.103082 140443722331904 output_stream.cpp:105] Opened result file: ./profiles/standalone_attn_prefill_and_decode_tp8_prefill_then_decode16_512_128_819232_kernel_trace.csv
[m[0;31mE20250902 02:44:02.110231 140443722331904 output_stream.cpp:105] Opened result file: ./profiles/standalone_attn_prefill_and_decode_tp8_prefill_then_decode16_512_128_819232_agent_info.csv
[m[0;33mW20250902 02:44:11.485115 140443722331904 tool.cpp:1902] rocprofv3_error_signal_handler caught signal 11...
[m# ---- Run standalone_attn_prefill_and_decode_tp8_prefill_then_decode16_1024_1_25632 ----
INFO 09-02 02:44:18 [__init__.py:244] Automatically detected platform rocm.
[0;31mE20250902 02:44:37.065133 139981766780672 output_stream.cpp:105] Opened result file: ./profiles/standalone_attn_prefill_and_decode_tp8_prefill_then_decode16_1024_1_25632_kernel_trace.csv
[m[0;31mE20250902 02:44:37.071687 139981766780672 output_stream.cpp:105] Opened result file: ./profiles/standalone_attn_prefill_and_decode_tp8_prefill_then_decode16_1024_1_25632_agent_info.csv
[m[0;33mW20250902 02:44:46.140057 139981766780672 tool.cpp:1902] rocprofv3_error_signal_handler caught signal 11...
[m# ---- Run standalone_attn_prefill_and_decode_tp8_prefill_then_decode16_1024_1_51232 ----
INFO 09-02 02:44:52 [__init__.py:244] Automatically detected platform rocm.
[0;31mE20250902 02:45:10.181229 140459932235520 output_stream.cpp:105] Opened result file: ./profiles/standalone_attn_prefill_and_decode_tp8_prefill_then_decode16_1024_1_51232_kernel_trace.csv
[m[0;31mE20250902 02:45:10.187839 140459932235520 output_stream.cpp:105] Opened result file: ./profiles/standalone_attn_prefill_and_decode_tp8_prefill_then_decode16_1024_1_51232_agent_info.csv
[m[0;33mW20250902 02:45:18.818576 140459932235520 tool.cpp:1902] rocprofv3_error_signal_handler caught signal 11...
[m# ---- Run standalone_attn_prefill_and_decode_tp8_prefill_then_decode16_1024_1_102432 ----
INFO 09-02 02:45:24 [__init__.py:244] Automatically detected platform rocm.
[0;31mE20250902 02:45:42.812130 139829242713856 output_stream.cpp:105] Opened result file: ./profiles/standalone_attn_prefill_and_decode_tp8_prefill_then_decode16_1024_1_102432_kernel_trace.csv
[m[0;31mE20250902 02:45:42.818823 139829242713856 output_stream.cpp:105] Opened result file: ./profiles/standalone_attn_prefill_and_decode_tp8_prefill_then_decode16_1024_1_102432_agent_info.csv
[m[0;33mW20250902 02:45:51.949261 139829242713856 tool.cpp:1902] rocprofv3_error_signal_handler caught signal 11...
[m# ---- Run standalone_attn_prefill_and_decode_tp8_prefill_then_decode16_1024_1_204832 ----
INFO 09-02 02:45:57 [__init__.py:244] Automatically detected platform rocm.
[0;31mE20250902 02:46:15.461075 140014732044032 output_stream.cpp:105] Opened result file: ./profiles/standalone_attn_prefill_and_decode_tp8_prefill_then_decode16_1024_1_204832_kernel_trace.csv
[m[0;31mE20250902 02:46:15.467583 140014732044032 output_stream.cpp:105] Opened result file: ./profiles/standalone_attn_prefill_and_decode_tp8_prefill_then_decode16_1024_1_204832_agent_info.csv
[m[0;33mW20250902 02:46:24.720033 140014732044032 tool.cpp:1902] rocprofv3_error_signal_handler caught signal 11...
[m# ---- Run standalone_attn_prefill_and_decode_tp8_prefill_then_decode16_1024_1_409632 ----
INFO 09-02 02:46:30 [__init__.py:244] Automatically detected platform rocm.
[0;31mE20250902 02:46:48.971046 140320146867968 output_stream.cpp:105] Opened result file: ./profiles/standalone_attn_prefill_and_decode_tp8_prefill_then_decode16_1024_1_409632_kernel_trace.csv
[m[0;31mE20250902 02:46:48.977614 140320146867968 output_stream.cpp:105] Opened result file: ./profiles/standalone_attn_prefill_and_decode_tp8_prefill_then_decode16_1024_1_409632_agent_info.csv
[m[0;33mW20250902 02:46:57.989300 140320146867968 tool.cpp:1902] rocprofv3_error_signal_handler caught signal 11...
[m# ---- Run standalone_attn_prefill_and_decode_tp8_prefill_then_decode16_1024_1_819232 ----
INFO 09-02 02:47:03 [__init__.py:244] Automatically detected platform rocm.
[0;31mE20250902 02:47:21.976608 140070156232448 output_stream.cpp:105] Opened result file: ./profiles/standalone_attn_prefill_and_decode_tp8_prefill_then_decode16_1024_1_819232_kernel_trace.csv
[m[0;31mE20250902 02:47:21.982725 140070156232448 output_stream.cpp:105] Opened result file: ./profiles/standalone_attn_prefill_and_decode_tp8_prefill_then_decode16_1024_1_819232_agent_info.csv
[m[0;33mW20250902 02:47:31.291820 140070156232448 tool.cpp:1902] rocprofv3_error_signal_handler caught signal 11...
[m# ---- Run standalone_attn_prefill_and_decode_tp8_prefill_then_decode16_1024_2_25632 ----
INFO 09-02 02:47:37 [__init__.py:244] Automatically detected platform rocm.
[0;31mE20250902 02:47:55.077076 140013209290496 output_stream.cpp:105] Opened result file: ./profiles/standalone_attn_prefill_and_decode_tp8_prefill_then_decode16_1024_2_25632_kernel_trace.csv
[m[0;31mE20250902 02:47:55.083033 140013209290496 output_stream.cpp:105] Opened result file: ./profiles/standalone_attn_prefill_and_decode_tp8_prefill_then_decode16_1024_2_25632_agent_info.csv
[m[0;33mW20250902 02:48:03.466323 140013209290496 tool.cpp:1902] rocprofv3_error_signal_handler caught signal 11...
[m# ---- Run standalone_attn_prefill_and_decode_tp8_prefill_then_decode16_1024_2_51232 ----
INFO 09-02 02:48:09 [__init__.py:244] Automatically detected platform rocm.
[0;31mE20250902 02:48:27.198706 139842950756096 output_stream.cpp:105] Opened result file: ./profiles/standalone_attn_prefill_and_decode_tp8_prefill_then_decode16_1024_2_51232_kernel_trace.csv
[m[0;31mE20250902 02:48:27.204562 139842950756096 output_stream.cpp:105] Opened result file: ./profiles/standalone_attn_prefill_and_decode_tp8_prefill_then_decode16_1024_2_51232_agent_info.csv
[m[0;33mW20250902 02:48:36.091788 139842950756096 tool.cpp:1902] rocprofv3_error_signal_handler caught signal 11...
[m# ---- Run standalone_attn_prefill_and_decode_tp8_prefill_then_decode16_1024_2_102432 ----
INFO 09-02 02:48:42 [__init__.py:244] Automatically detected platform rocm.
[0;31mE20250902 02:49:02.176729 140124402784000 output_stream.cpp:105] Opened result file: ./profiles/standalone_attn_prefill_and_decode_tp8_prefill_then_decode16_1024_2_102432_kernel_trace.csv
[m[0;31mE20250902 02:49:02.183988 140124402784000 output_stream.cpp:105] Opened result file: ./profiles/standalone_attn_prefill_and_decode_tp8_prefill_then_decode16_1024_2_102432_agent_info.csv
[m[0;33mW20250902 02:49:11.737371 140124402784000 tool.cpp:1902] rocprofv3_error_signal_handler caught signal 11...
[m# ---- Run standalone_attn_prefill_and_decode_tp8_prefill_then_decode16_1024_2_204832 ----
INFO 09-02 02:49:19 [__init__.py:244] Automatically detected platform rocm.
[0;31mE20250902 02:49:42.089450 140146527676160 output_stream.cpp:105] Opened result file: ./profiles/standalone_attn_prefill_and_decode_tp8_prefill_then_decode16_1024_2_204832_kernel_trace.csv
[m[0;31mE20250902 02:49:42.097405 140146527676160 output_stream.cpp:105] Opened result file: ./profiles/standalone_attn_prefill_and_decode_tp8_prefill_then_decode16_1024_2_204832_agent_info.csv
[m[0;33mW20250902 02:49:51.593696 140146527676160 tool.cpp:1902] rocprofv3_error_signal_handler caught signal 11...
[m# ---- Run standalone_attn_prefill_and_decode_tp8_prefill_then_decode16_1024_2_409632 ----
INFO 09-02 02:49:59 [__init__.py:244] Automatically detected platform rocm.
[0;31mE20250902 02:50:21.123740 140714886772480 output_stream.cpp:105] Opened result file: ./profiles/standalone_attn_prefill_and_decode_tp8_prefill_then_decode16_1024_2_409632_kernel_trace.csv
[m[0;31mE20250902 02:50:21.130644 140714886772480 output_stream.cpp:105] Opened result file: ./profiles/standalone_attn_prefill_and_decode_tp8_prefill_then_decode16_1024_2_409632_agent_info.csv
[m[0;33mW20250902 02:50:30.535619 140714886772480 tool.cpp:1902] rocprofv3_error_signal_handler caught signal 11...
[m# ---- Run standalone_attn_prefill_and_decode_tp8_prefill_then_decode16_1024_2_819232 ----
INFO 09-02 02:50:38 [__init__.py:244] Automatically detected platform rocm.
[0;31mE20250902 02:50:59.801022 140445705619200 output_stream.cpp:105] Opened result file: ./profiles/standalone_attn_prefill_and_decode_tp8_prefill_then_decode16_1024_2_819232_kernel_trace.csv
[m[0;31mE20250902 02:50:59.808153 140445705619200 output_stream.cpp:105] Opened result file: ./profiles/standalone_attn_prefill_and_decode_tp8_prefill_then_decode16_1024_2_819232_agent_info.csv
[m[0;33mW20250902 02:51:09.062953 140445705619200 tool.cpp:1902] rocprofv3_error_signal_handler caught signal 11...
[m# ---- Run standalone_attn_prefill_and_decode_tp8_prefill_then_decode16_1024_4_25632 ----
INFO 09-02 02:51:16 [__init__.py:244] Automatically detected platform rocm.
[0;31mE20250902 02:51:37.525491 140628534904576 output_stream.cpp:105] Opened result file: ./profiles/standalone_attn_prefill_and_decode_tp8_prefill_then_decode16_1024_4_25632_kernel_trace.csv
[m[0;31mE20250902 02:51:37.532531 140628534904576 output_stream.cpp:105] Opened result file: ./profiles/standalone_attn_prefill_and_decode_tp8_prefill_then_decode16_1024_4_25632_agent_info.csv
[m[0;33mW20250902 02:51:46.643324 140628534904576 tool.cpp:1902] rocprofv3_error_signal_handler caught signal 11...
[m# ---- Run standalone_attn_prefill_and_decode_tp8_prefill_then_decode16_1024_4_51232 ----
INFO 09-02 02:51:54 [__init__.py:244] Automatically detected platform rocm.
[0;31mE20250902 02:52:14.432069 139623503283968 output_stream.cpp:105] Opened result file: ./profiles/standalone_attn_prefill_and_decode_tp8_prefill_then_decode16_1024_4_51232_kernel_trace.csv
[m[0;31mE20250902 02:52:14.438175 139623503283968 output_stream.cpp:105] Opened result file: ./profiles/standalone_attn_prefill_and_decode_tp8_prefill_then_decode16_1024_4_51232_agent_info.csv
[m[0;33mW20250902 02:52:23.156159 139623503283968 tool.cpp:1902] rocprofv3_error_signal_handler caught signal 11...
[m# ---- Run standalone_attn_prefill_and_decode_tp8_prefill_then_decode16_1024_4_102432 ----
INFO 09-02 02:52:30 [__init__.py:244] Automatically detected platform rocm.
[0;31mE20250902 02:52:49.639273 140579653035776 output_stream.cpp:105] Opened result file: ./profiles/standalone_attn_prefill_and_decode_tp8_prefill_then_decode16_1024_4_102432_kernel_trace.csv
[m[0;31mE20250902 02:52:49.645259 140579653035776 output_stream.cpp:105] Opened result file: ./profiles/standalone_attn_prefill_and_decode_tp8_prefill_then_decode16_1024_4_102432_agent_info.csv
[m[0;33mW20250902 02:52:58.974668 140579653035776 tool.cpp:1902] rocprofv3_error_signal_handler caught signal 11...
[m# ---- Run standalone_attn_prefill_and_decode_tp8_prefill_then_decode16_1024_4_204832 ----
INFO 09-02 02:53:05 [__init__.py:244] Automatically detected platform rocm.
[0;31mE20250902 02:53:25.831627 140554027611904 output_stream.cpp:105] Opened result file: ./profiles/standalone_attn_prefill_and_decode_tp8_prefill_then_decode16_1024_4_204832_kernel_trace.csv
[m[0;31mE20250902 02:53:25.838231 140554027611904 output_stream.cpp:105] Opened result file: ./profiles/standalone_attn_prefill_and_decode_tp8_prefill_then_decode16_1024_4_204832_agent_info.csv
[m[0;33mW20250902 02:53:35.619116 140554027611904 tool.cpp:1902] rocprofv3_error_signal_handler caught signal 11...
[m# ---- Run standalone_attn_prefill_and_decode_tp8_prefill_then_decode16_1024_4_409632 ----
INFO 09-02 02:53:42 [__init__.py:244] Automatically detected platform rocm.
[0;31mE20250902 02:54:02.813570 139654032180992 output_stream.cpp:105] Opened result file: ./profiles/standalone_attn_prefill_and_decode_tp8_prefill_then_decode16_1024_4_409632_kernel_trace.csv
[m[0;31mE20250902 02:54:02.819551 139654032180992 output_stream.cpp:105] Opened result file: ./profiles/standalone_attn_prefill_and_decode_tp8_prefill_then_decode16_1024_4_409632_agent_info.csv
[m[0;33mW20250902 02:54:11.680086 139654032180992 tool.cpp:1902] rocprofv3_error_signal_handler caught signal 11...
[m# ---- Run standalone_attn_prefill_and_decode_tp8_prefill_then_decode16_1024_4_819232 ----
INFO 09-02 02:54:18 [__init__.py:244] Automatically detected platform rocm.
[0;31mE20250902 02:54:36.757212 140442670925568 output_stream.cpp:105] Opened result file: ./profiles/standalone_attn_prefill_and_decode_tp8_prefill_then_decode16_1024_4_819232_kernel_trace.csv
[m[0;31mE20250902 02:54:36.763481 140442670925568 output_stream.cpp:105] Opened result file: ./profiles/standalone_attn_prefill_and_decode_tp8_prefill_then_decode16_1024_4_819232_agent_info.csv
[m[0;33mW20250902 02:54:45.936959 140442670925568 tool.cpp:1902] rocprofv3_error_signal_handler caught signal 11...
[m# ---- Run standalone_attn_prefill_and_decode_tp8_prefill_then_decode16_1024_8_25632 ----
INFO 09-02 02:54:52 [__init__.py:244] Automatically detected platform rocm.
[0;31mE20250902 02:55:10.977552 140244548581120 output_stream.cpp:105] Opened result file: ./profiles/standalone_attn_prefill_and_decode_tp8_prefill_then_decode16_1024_8_25632_kernel_trace.csv
[m[0;31mE20250902 02:55:10.983722 140244548581120 output_stream.cpp:105] Opened result file: ./profiles/standalone_attn_prefill_and_decode_tp8_prefill_then_decode16_1024_8_25632_agent_info.csv
[m[0;33mW20250902 02:55:19.778794 140244548581120 tool.cpp:1902] rocprofv3_error_signal_handler caught signal 11...
[m# ---- Run standalone_attn_prefill_and_decode_tp8_prefill_then_decode16_1024_8_51232 ----
INFO 09-02 02:55:26 [__init__.py:244] Automatically detected platform rocm.
[0;31mE20250902 02:55:47.276602 140701712545536 output_stream.cpp:105] Opened result file: ./profiles/standalone_attn_prefill_and_decode_tp8_prefill_then_decode16_1024_8_51232_kernel_trace.csv
[m[0;31mE20250902 02:55:47.283148 140701712545536 output_stream.cpp:105] Opened result file: ./profiles/standalone_attn_prefill_and_decode_tp8_prefill_then_decode16_1024_8_51232_agent_info.csv
[m[0;33mW20250902 02:55:57.025216 140701712545536 tool.cpp:1902] rocprofv3_error_signal_handler caught signal 11...
[m# ---- Run standalone_attn_prefill_and_decode_tp8_prefill_then_decode16_1024_8_102432 ----
INFO 09-02 02:56:03 [__init__.py:244] Automatically detected platform rocm.
[0;31mE20250902 02:56:23.244659 140397558007552 output_stream.cpp:105] Opened result file: ./profiles/standalone_attn_prefill_and_decode_tp8_prefill_then_decode16_1024_8_102432_kernel_trace.csv
[m[0;31mE20250902 02:56:23.251482 140397558007552 output_stream.cpp:105] Opened result file: ./profiles/standalone_attn_prefill_and_decode_tp8_prefill_then_decode16_1024_8_102432_agent_info.csv
[m[0;33mW20250902 02:56:32.373268 140397558007552 tool.cpp:1902] rocprofv3_error_signal_handler caught signal 11...
[m# ---- Run standalone_attn_prefill_and_decode_tp8_prefill_then_decode16_1024_8_204832 ----
INFO 09-02 02:56:39 [__init__.py:244] Automatically detected platform rocm.
[0;31mE20250902 02:56:58.866004 139981930899200 output_stream.cpp:105] Opened result file: ./profiles/standalone_attn_prefill_and_decode_tp8_prefill_then_decode16_1024_8_204832_kernel_trace.csv
[m[0;31mE20250902 02:56:58.872616 139981930899200 output_stream.cpp:105] Opened result file: ./profiles/standalone_attn_prefill_and_decode_tp8_prefill_then_decode16_1024_8_204832_agent_info.csv
[m[0;33mW20250902 02:57:07.899110 139981930899200 tool.cpp:1902] rocprofv3_error_signal_handler caught signal 11...
[m# ---- Run standalone_attn_prefill_and_decode_tp8_prefill_then_decode16_1024_8_409632 ----
INFO 09-02 02:57:14 [__init__.py:244] Automatically detected platform rocm.
[0;31mE20250902 02:57:33.333273 140317460805376 output_stream.cpp:105] Opened result file: ./profiles/standalone_attn_prefill_and_decode_tp8_prefill_then_decode16_1024_8_409632_kernel_trace.csv
[m[0;31mE20250902 02:57:33.339748 140317460805376 output_stream.cpp:105] Opened result file: ./profiles/standalone_attn_prefill_and_decode_tp8_prefill_then_decode16_1024_8_409632_agent_info.csv
[m[0;33mW20250902 02:57:42.243675 140317460805376 tool.cpp:1902] rocprofv3_error_signal_handler caught signal 11...
[m# ---- Run standalone_attn_prefill_and_decode_tp8_prefill_then_decode16_1024_8_819232 ----
INFO 09-02 02:57:48 [__init__.py:244] Automatically detected platform rocm.
[0;31mE20250902 02:58:07.924987 139864336635648 output_stream.cpp:105] Opened result file: ./profiles/standalone_attn_prefill_and_decode_tp8_prefill_then_decode16_1024_8_819232_kernel_trace.csv
[m[0;31mE20250902 02:58:07.931363 139864336635648 output_stream.cpp:105] Opened result file: ./profiles/standalone_attn_prefill_and_decode_tp8_prefill_then_decode16_1024_8_819232_agent_info.csv
[m[0;33mW20250902 02:58:16.651888 139864336635648 tool.cpp:1902] rocprofv3_error_signal_handler caught signal 11...
[m# ---- Run standalone_attn_prefill_and_decode_tp8_prefill_then_decode16_1024_16_25632 ----
INFO 09-02 02:58:22 [__init__.py:244] Automatically detected platform rocm.
[0;31mE20250902 02:58:41.943724 140669135939328 output_stream.cpp:105] Opened result file: ./profiles/standalone_attn_prefill_and_decode_tp8_prefill_then_decode16_1024_16_25632_kernel_trace.csv
[m[0;31mE20250902 02:58:41.950904 140669135939328 output_stream.cpp:105] Opened result file: ./profiles/standalone_attn_prefill_and_decode_tp8_prefill_then_decode16_1024_16_25632_agent_info.csv
[m[0;33mW20250902 02:58:51.320868 140669135939328 tool.cpp:1902] rocprofv3_error_signal_handler caught signal 11...
[m# ---- Run standalone_attn_prefill_and_decode_tp8_prefill_then_decode16_1024_16_51232 ----
INFO 09-02 02:58:57 [__init__.py:244] Automatically detected platform rocm.
[0;31mE20250902 02:59:17.879622 140349159188224 output_stream.cpp:105] Opened result file: ./profiles/standalone_attn_prefill_and_decode_tp8_prefill_then_decode16_1024_16_51232_kernel_trace.csv
[m[0;31mE20250902 02:59:17.885760 140349159188224 output_stream.cpp:105] Opened result file: ./profiles/standalone_attn_prefill_and_decode_tp8_prefill_then_decode16_1024_16_51232_agent_info.csv
[m[0;33mW20250902 02:59:26.677079 140349159188224 tool.cpp:1902] rocprofv3_error_signal_handler caught signal 11...
[m# ---- Run standalone_attn_prefill_and_decode_tp8_prefill_then_decode16_1024_16_102432 ----
INFO 09-02 02:59:33 [__init__.py:244] Automatically detected platform rocm.
[0;31mE20250902 02:59:53.228940 139807462979328 output_stream.cpp:105] Opened result file: ./profiles/standalone_attn_prefill_and_decode_tp8_prefill_then_decode16_1024_16_102432_kernel_trace.csv
[m[0;31mE20250902 02:59:53.235470 139807462979328 output_stream.cpp:105] Opened result file: ./profiles/standalone_attn_prefill_and_decode_tp8_prefill_then_decode16_1024_16_102432_agent_info.csv
[m[0;33mW20250902 03:00:01.718162 139807462979328 tool.cpp:1902] rocprofv3_error_signal_handler caught signal 11...
[m# ---- Run standalone_attn_prefill_and_decode_tp8_prefill_then_decode16_1024_16_204832 ----
INFO 09-02 03:00:08 [__init__.py:244] Automatically detected platform rocm.
[0;31mE20250902 03:00:26.804010 140601123825408 output_stream.cpp:105] Opened result file: ./profiles/standalone_attn_prefill_and_decode_tp8_prefill_then_decode16_1024_16_204832_kernel_trace.csv
[m[0;31mE20250902 03:00:26.810092 140601123825408 output_stream.cpp:105] Opened result file: ./profiles/standalone_attn_prefill_and_decode_tp8_prefill_then_decode16_1024_16_204832_agent_info.csv
[m[0;33mW20250902 03:00:35.638670 140601123825408 tool.cpp:1902] rocprofv3_error_signal_handler caught signal 11...
[m# ---- Run standalone_attn_prefill_and_decode_tp8_prefill_then_decode16_1024_16_409632 ----
INFO 09-02 03:00:41 [__init__.py:244] Automatically detected platform rocm.
[0;31mE20250902 03:01:00.658733 139709262612224 output_stream.cpp:105] Opened result file: ./profiles/standalone_attn_prefill_and_decode_tp8_prefill_then_decode16_1024_16_409632_kernel_trace.csv
[m[0;31mE20250902 03:01:00.664848 139709262612224 output_stream.cpp:105] Opened result file: ./profiles/standalone_attn_prefill_and_decode_tp8_prefill_then_decode16_1024_16_409632_agent_info.csv
[m[0;33mW20250902 03:01:09.792152 139709262612224 tool.cpp:1902] rocprofv3_error_signal_handler caught signal 11...
[m# ---- Run standalone_attn_prefill_and_decode_tp8_prefill_then_decode16_1024_16_819232 ----
INFO 09-02 03:01:16 [__init__.py:244] Automatically detected platform rocm.
[0;31mE20250902 03:01:35.789410 140055274104576 output_stream.cpp:105] Opened result file: ./profiles/standalone_attn_prefill_and_decode_tp8_prefill_then_decode16_1024_16_819232_kernel_trace.csv
[m[0;31mE20250902 03:01:35.795850 140055274104576 output_stream.cpp:105] Opened result file: ./profiles/standalone_attn_prefill_and_decode_tp8_prefill_then_decode16_1024_16_819232_agent_info.csv
[m[0;33mW20250902 03:01:45.339290 140055274104576 tool.cpp:1902] rocprofv3_error_signal_handler caught signal 11...
[m# ---- Run standalone_attn_prefill_and_decode_tp8_prefill_then_decode16_1024_32_25632 ----
INFO 09-02 03:01:51 [__init__.py:244] Automatically detected platform rocm.
[0;31mE20250902 03:02:12.098651 140250585798400 output_stream.cpp:105] Opened result file: ./profiles/standalone_attn_prefill_and_decode_tp8_prefill_then_decode16_1024_32_25632_kernel_trace.csv
[m[0;31mE20250902 03:02:12.105502 140250585798400 output_stream.cpp:105] Opened result file: ./profiles/standalone_attn_prefill_and_decode_tp8_prefill_then_decode16_1024_32_25632_agent_info.csv
[m[0;33mW20250902 03:02:21.371794 140250585798400 tool.cpp:1902] rocprofv3_error_signal_handler caught signal 11...
[m# ---- Run standalone_attn_prefill_and_decode_tp8_prefill_then_decode16_1024_32_51232 ----
INFO 09-02 03:02:27 [__init__.py:244] Automatically detected platform rocm.
[0;31mE20250902 03:02:47.524215 139983380010752 output_stream.cpp:105] Opened result file: ./profiles/standalone_attn_prefill_and_decode_tp8_prefill_then_decode16_1024_32_51232_kernel_trace.csv
[m[0;31mE20250902 03:02:47.530997 139983380010752 output_stream.cpp:105] Opened result file: ./profiles/standalone_attn_prefill_and_decode_tp8_prefill_then_decode16_1024_32_51232_agent_info.csv
[m[0;33mW20250902 03:02:56.385177 139983380010752 tool.cpp:1902] rocprofv3_error_signal_handler caught signal 11...
[m# ---- Run standalone_attn_prefill_and_decode_tp8_prefill_then_decode16_1024_32_102432 ----
INFO 09-02 03:03:03 [__init__.py:244] Automatically detected platform rocm.
[0;31mE20250902 03:03:22.414132 140578954614528 output_stream.cpp:105] Opened result file: ./profiles/standalone_attn_prefill_and_decode_tp8_prefill_then_decode16_1024_32_102432_kernel_trace.csv
[m[0;31mE20250902 03:03:22.421564 140578954614528 output_stream.cpp:105] Opened result file: ./profiles/standalone_attn_prefill_and_decode_tp8_prefill_then_decode16_1024_32_102432_agent_info.csv
[m[0;33mW20250902 03:03:31.805039 140578954614528 tool.cpp:1902] rocprofv3_error_signal_handler caught signal 11...
[m# ---- Run standalone_attn_prefill_and_decode_tp8_prefill_then_decode16_1024_32_204832 ----
INFO 09-02 03:03:38 [__init__.py:244] Automatically detected platform rocm.
[0;31mE20250902 03:03:57.761189 139723466700544 output_stream.cpp:105] Opened result file: ./profiles/standalone_attn_prefill_and_decode_tp8_prefill_then_decode16_1024_32_204832_kernel_trace.csv
[m[0;31mE20250902 03:03:57.769006 139723466700544 output_stream.cpp:105] Opened result file: ./profiles/standalone_attn_prefill_and_decode_tp8_prefill_then_decode16_1024_32_204832_agent_info.csv
[m[0;33mW20250902 03:04:06.844549 139723466700544 tool.cpp:1902] rocprofv3_error_signal_handler caught signal 11...
[m# ---- Run standalone_attn_prefill_and_decode_tp8_prefill_then_decode16_1024_32_409632 ----
INFO 09-02 03:04:13 [__init__.py:244] Automatically detected platform rocm.
[0;31mE20250902 03:04:32.503066 140064402294528 output_stream.cpp:105] Opened result file: ./profiles/standalone_attn_prefill_and_decode_tp8_prefill_then_decode16_1024_32_409632_kernel_trace.csv
[m[0;31mE20250902 03:04:32.509357 140064402294528 output_stream.cpp:105] Opened result file: ./profiles/standalone_attn_prefill_and_decode_tp8_prefill_then_decode16_1024_32_409632_agent_info.csv
[m[0;33mW20250902 03:04:42.154718 140064402294528 tool.cpp:1902] rocprofv3_error_signal_handler caught signal 11...
[m# ---- Run standalone_attn_prefill_and_decode_tp8_prefill_then_decode16_1024_32_819232 ----
INFO 09-02 03:04:48 [__init__.py:244] Automatically detected platform rocm.
[0;31mE20250902 03:05:07.491673 139650023458560 output_stream.cpp:105] Opened result file: ./profiles/standalone_attn_prefill_and_decode_tp8_prefill_then_decode16_1024_32_819232_kernel_trace.csv
[m[0;31mE20250902 03:05:07.497314 139650023458560 output_stream.cpp:105] Opened result file: ./profiles/standalone_attn_prefill_and_decode_tp8_prefill_then_decode16_1024_32_819232_agent_info.csv
[m[0;33mW20250902 03:05:16.557033 139650023458560 tool.cpp:1902] rocprofv3_error_signal_handler caught signal 11...
[m# ---- Run standalone_attn_prefill_and_decode_tp8_prefill_then_decode16_1024_64_25632 ----
INFO 09-02 03:05:22 [__init__.py:244] Automatically detected platform rocm.
[0;31mE20250902 03:05:41.317946 140148749420288 output_stream.cpp:105] Opened result file: ./profiles/standalone_attn_prefill_and_decode_tp8_prefill_then_decode16_1024_64_25632_kernel_trace.csv
[m[0;31mE20250902 03:05:41.324429 140148749420288 output_stream.cpp:105] Opened result file: ./profiles/standalone_attn_prefill_and_decode_tp8_prefill_then_decode16_1024_64_25632_agent_info.csv
[m[0;33mW20250902 03:05:50.535624 140148749420288 tool.cpp:1902] rocprofv3_error_signal_handler caught signal 11...
[m# ---- Run standalone_attn_prefill_and_decode_tp8_prefill_then_decode16_1024_64_51232 ----
INFO 09-02 03:05:56 [__init__.py:244] Automatically detected platform rocm.
[0;31mE20250902 03:06:16.193586 140589891753728 output_stream.cpp:105] Opened result file: ./profiles/standalone_attn_prefill_and_decode_tp8_prefill_then_decode16_1024_64_51232_kernel_trace.csv
[m[0;31mE20250902 03:06:16.200233 140589891753728 output_stream.cpp:105] Opened result file: ./profiles/standalone_attn_prefill_and_decode_tp8_prefill_then_decode16_1024_64_51232_agent_info.csv
[m[0;33mW20250902 03:06:24.980930 140589891753728 tool.cpp:1902] rocprofv3_error_signal_handler caught signal 11...
[m# ---- Run standalone_attn_prefill_and_decode_tp8_prefill_then_decode16_1024_64_102432 ----
INFO 09-02 03:06:31 [__init__.py:244] Automatically detected platform rocm.
[0;31mE20250902 03:06:50.668076 140427295909632 output_stream.cpp:105] Opened result file: ./profiles/standalone_attn_prefill_and_decode_tp8_prefill_then_decode16_1024_64_102432_kernel_trace.csv
[m[0;31mE20250902 03:06:50.674828 140427295909632 output_stream.cpp:105] Opened result file: ./profiles/standalone_attn_prefill_and_decode_tp8_prefill_then_decode16_1024_64_102432_agent_info.csv
[m[0;33mW20250902 03:06:59.893836 140427295909632 tool.cpp:1902] rocprofv3_error_signal_handler caught signal 11...
[m# ---- Run standalone_attn_prefill_and_decode_tp8_prefill_then_decode16_1024_64_204832 ----
INFO 09-02 03:07:06 [__init__.py:244] Automatically detected platform rocm.
[0;31mE20250902 03:07:25.742997 140131467335424 output_stream.cpp:105] Opened result file: ./profiles/standalone_attn_prefill_and_decode_tp8_prefill_then_decode16_1024_64_204832_kernel_trace.csv
[m[0;31mE20250902 03:07:25.749742 140131467335424 output_stream.cpp:105] Opened result file: ./profiles/standalone_attn_prefill_and_decode_tp8_prefill_then_decode16_1024_64_204832_agent_info.csv
[m[0;33mW20250902 03:07:34.991216 140131467335424 tool.cpp:1902] rocprofv3_error_signal_handler caught signal 11...
[m# ---- Run standalone_attn_prefill_and_decode_tp8_prefill_then_decode16_1024_64_409632 ----
INFO 09-02 03:07:41 [__init__.py:244] Automatically detected platform rocm.
[0;31mE20250902 03:08:00.383477 140507863557888 output_stream.cpp:105] Opened result file: ./profiles/standalone_attn_prefill_and_decode_tp8_prefill_then_decode16_1024_64_409632_kernel_trace.csv
[m[0;31mE20250902 03:08:00.390993 140507863557888 output_stream.cpp:105] Opened result file: ./profiles/standalone_attn_prefill_and_decode_tp8_prefill_then_decode16_1024_64_409632_agent_info.csv
[m[0;33mW20250902 03:08:09.600446 140507863557888 tool.cpp:1902] rocprofv3_error_signal_handler caught signal 11...
[m# ---- Run standalone_attn_prefill_and_decode_tp8_prefill_then_decode16_1024_64_819232 ----
INFO 09-02 03:08:15 [__init__.py:244] Automatically detected platform rocm.
[0;31mE20250902 03:08:35.348769 140298004035328 output_stream.cpp:105] Opened result file: ./profiles/standalone_attn_prefill_and_decode_tp8_prefill_then_decode16_1024_64_819232_kernel_trace.csv
[m[0;31mE20250902 03:08:35.355763 140298004035328 output_stream.cpp:105] Opened result file: ./profiles/standalone_attn_prefill_and_decode_tp8_prefill_then_decode16_1024_64_819232_agent_info.csv
[m[0;33mW20250902 03:08:45.395264 140298004035328 tool.cpp:1902] rocprofv3_error_signal_handler caught signal 11...
[m# ---- Run standalone_attn_prefill_and_decode_tp8_prefill_then_decode16_1024_128_25632 ----
INFO 09-02 03:08:51 [__init__.py:244] Automatically detected platform rocm.
[0;31mE20250902 03:09:08.513368 140116813096704 output_stream.cpp:105] Opened result file: ./profiles/standalone_attn_prefill_and_decode_tp8_prefill_then_decode16_1024_128_25632_kernel_trace.csv
[m[0;31mE20250902 03:09:08.519578 140116813096704 output_stream.cpp:105] Opened result file: ./profiles/standalone_attn_prefill_and_decode_tp8_prefill_then_decode16_1024_128_25632_agent_info.csv
[m[0;33mW20250902 03:09:17.753218 140116813096704 tool.cpp:1902] rocprofv3_error_signal_handler caught signal 11...
[m# ---- Run standalone_attn_prefill_and_decode_tp8_prefill_then_decode16_1024_128_51232 ----
INFO 09-02 03:09:23 [__init__.py:244] Automatically detected platform rocm.
[0;31mE20250902 03:09:41.161947 140377043019520 output_stream.cpp:105] Opened result file: ./profiles/standalone_attn_prefill_and_decode_tp8_prefill_then_decode16_1024_128_51232_kernel_trace.csv
[m[0;31mE20250902 03:09:41.168996 140377043019520 output_stream.cpp:105] Opened result file: ./profiles/standalone_attn_prefill_and_decode_tp8_prefill_then_decode16_1024_128_51232_agent_info.csv
[m[0;33mW20250902 03:09:50.382144 140377043019520 tool.cpp:1902] rocprofv3_error_signal_handler caught signal 11...
[m# ---- Run standalone_attn_prefill_and_decode_tp8_prefill_then_decode16_1024_128_102432 ----
INFO 09-02 03:09:57 [__init__.py:244] Automatically detected platform rocm.
[0;31mE20250902 03:10:15.831681 140420303251200 output_stream.cpp:105] Opened result file: ./profiles/standalone_attn_prefill_and_decode_tp8_prefill_then_decode16_1024_128_102432_kernel_trace.csv
[m[0;31mE20250902 03:10:15.839256 140420303251200 output_stream.cpp:105] Opened result file: ./profiles/standalone_attn_prefill_and_decode_tp8_prefill_then_decode16_1024_128_102432_agent_info.csv
[m[0;33mW20250902 03:10:24.533052 140420303251200 tool.cpp:1902] rocprofv3_error_signal_handler caught signal 11...
[m# ---- Run standalone_attn_prefill_and_decode_tp8_prefill_then_decode16_1024_128_204832 ----
INFO 09-02 03:10:30 [__init__.py:244] Automatically detected platform rocm.
[0;31mE20250902 03:10:47.294423 140378857793280 output_stream.cpp:105] Opened result file: ./profiles/standalone_attn_prefill_and_decode_tp8_prefill_then_decode16_1024_128_204832_kernel_trace.csv
[m[0;31mE20250902 03:10:47.300576 140378857793280 output_stream.cpp:105] Opened result file: ./profiles/standalone_attn_prefill_and_decode_tp8_prefill_then_decode16_1024_128_204832_agent_info.csv
[m[0;33mW20250902 03:10:56.419333 140378857793280 tool.cpp:1902] rocprofv3_error_signal_handler caught signal 11...
[m# ---- Run standalone_attn_prefill_and_decode_tp8_prefill_then_decode16_1024_128_409632 ----
INFO 09-02 03:11:02 [__init__.py:244] Automatically detected platform rocm.
[0;31mE20250902 03:11:19.931115 140061897721600 output_stream.cpp:105] Opened result file: ./profiles/standalone_attn_prefill_and_decode_tp8_prefill_then_decode16_1024_128_409632_kernel_trace.csv
[m[0;31mE20250902 03:11:19.938457 140061897721600 output_stream.cpp:105] Opened result file: ./profiles/standalone_attn_prefill_and_decode_tp8_prefill_then_decode16_1024_128_409632_agent_info.csv
[m[0;33mW20250902 03:11:29.561238 140061897721600 tool.cpp:1902] rocprofv3_error_signal_handler caught signal 11...
[m# ---- Run standalone_attn_prefill_and_decode_tp8_prefill_then_decode16_1024_128_819232 ----
INFO 09-02 03:11:36 [__init__.py:244] Automatically detected platform rocm.
[0;31mE20250902 03:11:53.784093 140380979934976 output_stream.cpp:105] Opened result file: ./profiles/standalone_attn_prefill_and_decode_tp8_prefill_then_decode16_1024_128_819232_kernel_trace.csv
[m[0;31mE20250902 03:11:53.790286 140380979934976 output_stream.cpp:105] Opened result file: ./profiles/standalone_attn_prefill_and_decode_tp8_prefill_then_decode16_1024_128_819232_agent_info.csv
[m[0;33mW20250902 03:12:02.514078 140380979934976 tool.cpp:1902] rocprofv3_error_signal_handler caught signal 11...
[m# ---- Run standalone_attn_prefill_and_decode_tp8_prefill_then_decode16_2048_1_25632 ----
INFO 09-02 03:12:08 [__init__.py:244] Automatically detected platform rocm.
[0;31mE20250902 03:12:28.884722 140436725278464 output_stream.cpp:105] Opened result file: ./profiles/standalone_attn_prefill_and_decode_tp8_prefill_then_decode16_2048_1_25632_kernel_trace.csv
[m[0;31mE20250902 03:12:28.891469 140436725278464 output_stream.cpp:105] Opened result file: ./profiles/standalone_attn_prefill_and_decode_tp8_prefill_then_decode16_2048_1_25632_agent_info.csv
[m[0;33mW20250902 03:12:37.886942 140436725278464 tool.cpp:1902] rocprofv3_error_signal_handler caught signal 11...
[m# ---- Run standalone_attn_prefill_and_decode_tp8_prefill_then_decode16_2048_1_51232 ----
INFO 09-02 03:12:44 [__init__.py:244] Automatically detected platform rocm.
[0;31mE20250902 03:13:04.690621 140678156609280 output_stream.cpp:105] Opened result file: ./profiles/standalone_attn_prefill_and_decode_tp8_prefill_then_decode16_2048_1_51232_kernel_trace.csv
[m[0;31mE20250902 03:13:04.697718 140678156609280 output_stream.cpp:105] Opened result file: ./profiles/standalone_attn_prefill_and_decode_tp8_prefill_then_decode16_2048_1_51232_agent_info.csv
[m[0;33mW20250902 03:13:13.619326 140678156609280 tool.cpp:1902] rocprofv3_error_signal_handler caught signal 11...
[m# ---- Run standalone_attn_prefill_and_decode_tp8_prefill_then_decode16_2048_1_102432 ----
INFO 09-02 03:13:20 [__init__.py:244] Automatically detected platform rocm.
[0;31mE20250902 03:13:39.658742 139778315589376 output_stream.cpp:105] Opened result file: ./profiles/standalone_attn_prefill_and_decode_tp8_prefill_then_decode16_2048_1_102432_kernel_trace.csv
[m[0;31mE20250902 03:13:39.665694 139778315589376 output_stream.cpp:105] Opened result file: ./profiles/standalone_attn_prefill_and_decode_tp8_prefill_then_decode16_2048_1_102432_agent_info.csv
[m[0;33mW20250902 03:13:49.209893 139778315589376 tool.cpp:1902] rocprofv3_error_signal_handler caught signal 11...
[m# ---- Run standalone_attn_prefill_and_decode_tp8_prefill_then_decode16_2048_1_204832 ----
INFO 09-02 03:13:55 [__init__.py:244] Automatically detected platform rocm.
[0;31mE20250902 03:14:15.080020 140631737730816 output_stream.cpp:105] Opened result file: ./profiles/standalone_attn_prefill_and_decode_tp8_prefill_then_decode16_2048_1_204832_kernel_trace.csv
[m[0;31mE20250902 03:14:15.086761 140631737730816 output_stream.cpp:105] Opened result file: ./profiles/standalone_attn_prefill_and_decode_tp8_prefill_then_decode16_2048_1_204832_agent_info.csv
[m[0;33mW20250902 03:14:24.425071 140631737730816 tool.cpp:1902] rocprofv3_error_signal_handler caught signal 11...
[m# ---- Run standalone_attn_prefill_and_decode_tp8_prefill_then_decode16_2048_1_409632 ----
INFO 09-02 03:14:31 [__init__.py:244] Automatically detected platform rocm.
[0;31mE20250902 03:14:50.732724 140338806728448 output_stream.cpp:105] Opened result file: ./profiles/standalone_attn_prefill_and_decode_tp8_prefill_then_decode16_2048_1_409632_kernel_trace.csv
[m[0;31mE20250902 03:14:50.739663 140338806728448 output_stream.cpp:105] Opened result file: ./profiles/standalone_attn_prefill_and_decode_tp8_prefill_then_decode16_2048_1_409632_agent_info.csv
[m[0;33mW20250902 03:15:00.791189 140338806728448 tool.cpp:1902] rocprofv3_error_signal_handler caught signal 11...
[m# ---- Run standalone_attn_prefill_and_decode_tp8_prefill_then_decode16_2048_1_819232 ----
INFO 09-02 03:15:07 [__init__.py:244] Automatically detected platform rocm.
[0;31mE20250902 03:15:26.515103 140545636538112 output_stream.cpp:105] Opened result file: ./profiles/standalone_attn_prefill_and_decode_tp8_prefill_then_decode16_2048_1_819232_kernel_trace.csv
[m[0;31mE20250902 03:15:26.521330 140545636538112 output_stream.cpp:105] Opened result file: ./profiles/standalone_attn_prefill_and_decode_tp8_prefill_then_decode16_2048_1_819232_agent_info.csv
[m[0;33mW20250902 03:15:36.026436 140545636538112 tool.cpp:1902] rocprofv3_error_signal_handler caught signal 11...
[m# ---- Run standalone_attn_prefill_and_decode_tp8_prefill_then_decode16_2048_2_25632 ----
INFO 09-02 03:15:42 [__init__.py:244] Automatically detected platform rocm.
[0;31mE20250902 03:16:02.416671 140625357170432 output_stream.cpp:105] Opened result file: ./profiles/standalone_attn_prefill_and_decode_tp8_prefill_then_decode16_2048_2_25632_kernel_trace.csv
[m[0;31mE20250902 03:16:02.423448 140625357170432 output_stream.cpp:105] Opened result file: ./profiles/standalone_attn_prefill_and_decode_tp8_prefill_then_decode16_2048_2_25632_agent_info.csv
[m[0;33mW20250902 03:16:12.388639 140625357170432 tool.cpp:1902] rocprofv3_error_signal_handler caught signal 11...
[m# ---- Run standalone_attn_prefill_and_decode_tp8_prefill_then_decode16_2048_2_51232 ----
INFO 09-02 03:16:18 [__init__.py:244] Automatically detected platform rocm.
[0;31mE20250902 03:16:38.060323 140460273518336 output_stream.cpp:105] Opened result file: ./profiles/standalone_attn_prefill_and_decode_tp8_prefill_then_decode16_2048_2_51232_kernel_trace.csv
[m[0;31mE20250902 03:16:38.066909 140460273518336 output_stream.cpp:105] Opened result file: ./profiles/standalone_attn_prefill_and_decode_tp8_prefill_then_decode16_2048_2_51232_agent_info.csv
[m[0;33mW20250902 03:16:47.399054 140460273518336 tool.cpp:1902] rocprofv3_error_signal_handler caught signal 11...
[m# ---- Run standalone_attn_prefill_and_decode_tp8_prefill_then_decode16_2048_2_102432 ----
INFO 09-02 03:16:53 [__init__.py:244] Automatically detected platform rocm.
[0;31mE20250902 03:17:12.560433 139635626428160 output_stream.cpp:105] Opened result file: ./profiles/standalone_attn_prefill_and_decode_tp8_prefill_then_decode16_2048_2_102432_kernel_trace.csv
[m[0;31mE20250902 03:17:12.567254 139635626428160 output_stream.cpp:105] Opened result file: ./profiles/standalone_attn_prefill_and_decode_tp8_prefill_then_decode16_2048_2_102432_agent_info.csv
[m[0;33mW20250902 03:17:21.747876 139635626428160 tool.cpp:1902] rocprofv3_error_signal_handler caught signal 11...
[m# ---- Run standalone_attn_prefill_and_decode_tp8_prefill_then_decode16_2048_2_204832 ----
INFO 09-02 03:17:28 [__init__.py:244] Automatically detected platform rocm.
[0;31mE20250902 03:17:47.114153 140526086870784 output_stream.cpp:105] Opened result file: ./profiles/standalone_attn_prefill_and_decode_tp8_prefill_then_decode16_2048_2_204832_kernel_trace.csv
[m[0;31mE20250902 03:17:47.120687 140526086870784 output_stream.cpp:105] Opened result file: ./profiles/standalone_attn_prefill_and_decode_tp8_prefill_then_decode16_2048_2_204832_agent_info.csv
[m[0;33mW20250902 03:17:56.398936 140526086870784 tool.cpp:1902] rocprofv3_error_signal_handler caught signal 11...
[m# ---- Run standalone_attn_prefill_and_decode_tp8_prefill_then_decode16_2048_2_409632 ----
INFO 09-02 03:18:02 [__init__.py:244] Automatically detected platform rocm.
[0;31mE20250902 03:18:21.959851 140142376847104 output_stream.cpp:105] Opened result file: ./profiles/standalone_attn_prefill_and_decode_tp8_prefill_then_decode16_2048_2_409632_kernel_trace.csv
[m[0;31mE20250902 03:18:21.966681 140142376847104 output_stream.cpp:105] Opened result file: ./profiles/standalone_attn_prefill_and_decode_tp8_prefill_then_decode16_2048_2_409632_agent_info.csv
[m[0;33mW20250902 03:18:30.785499 140142376847104 tool.cpp:1902] rocprofv3_error_signal_handler caught signal 11...
[m# ---- Run standalone_attn_prefill_and_decode_tp8_prefill_then_decode16_2048_2_819232 ----
INFO 09-02 03:18:37 [__init__.py:244] Automatically detected platform rocm.
[0;31mE20250902 03:18:56.725692 139947234555648 output_stream.cpp:105] Opened result file: ./profiles/standalone_attn_prefill_and_decode_tp8_prefill_then_decode16_2048_2_819232_kernel_trace.csv
[m[0;31mE20250902 03:18:56.732296 139947234555648 output_stream.cpp:105] Opened result file: ./profiles/standalone_attn_prefill_and_decode_tp8_prefill_then_decode16_2048_2_819232_agent_info.csv
[m[0;33mW20250902 03:19:06.058430 139947234555648 tool.cpp:1902] rocprofv3_error_signal_handler caught signal 11...
[m# ---- Run standalone_attn_prefill_and_decode_tp8_prefill_then_decode16_2048_4_25632 ----
INFO 09-02 03:19:12 [__init__.py:244] Automatically detected platform rocm.
[0;31mE20250902 03:19:32.485806 140598554769152 output_stream.cpp:105] Opened result file: ./profiles/standalone_attn_prefill_and_decode_tp8_prefill_then_decode16_2048_4_25632_kernel_trace.csv
[m[0;31mE20250902 03:19:32.492534 140598554769152 output_stream.cpp:105] Opened result file: ./profiles/standalone_attn_prefill_and_decode_tp8_prefill_then_decode16_2048_4_25632_agent_info.csv
[m[0;33mW20250902 03:19:42.162045 140598554769152 tool.cpp:1902] rocprofv3_error_signal_handler caught signal 11...
[m# ---- Run standalone_attn_prefill_and_decode_tp8_prefill_then_decode16_2048_4_51232 ----
INFO 09-02 03:19:49 [__init__.py:244] Automatically detected platform rocm.
[0;31mE20250902 03:20:09.648364 139680639067904 output_stream.cpp:105] Opened result file: ./profiles/standalone_attn_prefill_and_decode_tp8_prefill_then_decode16_2048_4_51232_kernel_trace.csv
[m[0;31mE20250902 03:20:09.654791 139680639067904 output_stream.cpp:105] Opened result file: ./profiles/standalone_attn_prefill_and_decode_tp8_prefill_then_decode16_2048_4_51232_agent_info.csv
[m[0;33mW20250902 03:20:18.560473 139680639067904 tool.cpp:1902] rocprofv3_error_signal_handler caught signal 11...
[m# ---- Run standalone_attn_prefill_and_decode_tp8_prefill_then_decode16_2048_4_102432 ----
INFO 09-02 03:20:25 [__init__.py:244] Automatically detected platform rocm.
[0;31mE20250902 03:20:44.297966 140298587711232 output_stream.cpp:105] Opened result file: ./profiles/standalone_attn_prefill_and_decode_tp8_prefill_then_decode16_2048_4_102432_kernel_trace.csv
[m[0;31mE20250902 03:20:44.304921 140298587711232 output_stream.cpp:105] Opened result file: ./profiles/standalone_attn_prefill_and_decode_tp8_prefill_then_decode16_2048_4_102432_agent_info.csv
[m[0;33mW20250902 03:20:52.713553 140298587711232 tool.cpp:1902] rocprofv3_error_signal_handler caught signal 11...
[m# ---- Run standalone_attn_prefill_and_decode_tp8_prefill_then_decode16_2048_4_204832 ----
INFO 09-02 03:20:59 [__init__.py:244] Automatically detected platform rocm.
[0;31mE20250902 03:21:17.888830 140419112724224 output_stream.cpp:105] Opened result file: ./profiles/standalone_attn_prefill_and_decode_tp8_prefill_then_decode16_2048_4_204832_kernel_trace.csv
[m[0;31mE20250902 03:21:17.894981 140419112724224 output_stream.cpp:105] Opened result file: ./profiles/standalone_attn_prefill_and_decode_tp8_prefill_then_decode16_2048_4_204832_agent_info.csv
[m[0;33mW20250902 03:21:27.086630 140419112724224 tool.cpp:1902] rocprofv3_error_signal_handler caught signal 11...
[m# ---- Run standalone_attn_prefill_and_decode_tp8_prefill_then_decode16_2048_4_409632 ----
INFO 09-02 03:21:33 [__init__.py:244] Automatically detected platform rocm.
[0;31mE20250902 03:21:52.991076 140715245074176 output_stream.cpp:105] Opened result file: ./profiles/standalone_attn_prefill_and_decode_tp8_prefill_then_decode16_2048_4_409632_kernel_trace.csv
[m[0;31mE20250902 03:21:52.997189 140715245074176 output_stream.cpp:105] Opened result file: ./profiles/standalone_attn_prefill_and_decode_tp8_prefill_then_decode16_2048_4_409632_agent_info.csv
[m[0;33mW20250902 03:22:01.878216 140715245074176 tool.cpp:1902] rocprofv3_error_signal_handler caught signal 11...
[m# ---- Run standalone_attn_prefill_and_decode_tp8_prefill_then_decode16_2048_4_819232 ----
INFO 09-02 03:22:08 [__init__.py:244] Automatically detected platform rocm.
[0;31mE20250902 03:22:29.380792 139704385296128 output_stream.cpp:105] Opened result file: ./profiles/standalone_attn_prefill_and_decode_tp8_prefill_then_decode16_2048_4_819232_kernel_trace.csv
[m[0;31mE20250902 03:22:29.388952 139704385296128 output_stream.cpp:105] Opened result file: ./profiles/standalone_attn_prefill_and_decode_tp8_prefill_then_decode16_2048_4_819232_agent_info.csv
[m[0;33mW20250902 03:22:38.485444 139704385296128 tool.cpp:1902] rocprofv3_error_signal_handler caught signal 11...
[m# ---- Run standalone_attn_prefill_and_decode_tp8_prefill_then_decode16_2048_8_25632 ----
INFO 09-02 03:22:46 [__init__.py:244] Automatically detected platform rocm.
[0;31mE20250902 03:23:05.441245 140082173200128 output_stream.cpp:105] Opened result file: ./profiles/standalone_attn_prefill_and_decode_tp8_prefill_then_decode16_2048_8_25632_kernel_trace.csv
[m[0;31mE20250902 03:23:05.448307 140082173200128 output_stream.cpp:105] Opened result file: ./profiles/standalone_attn_prefill_and_decode_tp8_prefill_then_decode16_2048_8_25632_agent_info.csv
[m[0;33mW20250902 03:23:14.349842 140082173200128 tool.cpp:1902] rocprofv3_error_signal_handler caught signal 11...
[m# ---- Run standalone_attn_prefill_and_decode_tp8_prefill_then_decode16_2048_8_51232 ----
INFO 09-02 03:23:20 [__init__.py:244] Automatically detected platform rocm.
[0;31mE20250902 03:23:38.753924 139697151854336 output_stream.cpp:105] Opened result file: ./profiles/standalone_attn_prefill_and_decode_tp8_prefill_then_decode16_2048_8_51232_kernel_trace.csv
[m[0;31mE20250902 03:23:38.761336 139697151854336 output_stream.cpp:105] Opened result file: ./profiles/standalone_attn_prefill_and_decode_tp8_prefill_then_decode16_2048_8_51232_agent_info.csv
[m[0;33mW20250902 03:23:47.889072 139697151854336 tool.cpp:1902] rocprofv3_error_signal_handler caught signal 11...
[m# ---- Run standalone_attn_prefill_and_decode_tp8_prefill_then_decode16_2048_8_102432 ----
INFO 09-02 03:23:54 [__init__.py:244] Automatically detected platform rocm.
[0;31mE20250902 03:24:12.528791 140421923067648 output_stream.cpp:105] Opened result file: ./profiles/standalone_attn_prefill_and_decode_tp8_prefill_then_decode16_2048_8_102432_kernel_trace.csv
[m[0;31mE20250902 03:24:12.536064 140421923067648 output_stream.cpp:105] Opened result file: ./profiles/standalone_attn_prefill_and_decode_tp8_prefill_then_decode16_2048_8_102432_agent_info.csv
[m[0;33mW20250902 03:24:21.142433 140421923067648 tool.cpp:1902] rocprofv3_error_signal_handler caught signal 11...
[m# ---- Run standalone_attn_prefill_and_decode_tp8_prefill_then_decode16_2048_8_204832 ----
INFO 09-02 03:24:27 [__init__.py:244] Automatically detected platform rocm.
[0;31mE20250902 03:24:45.894941 139661184513792 output_stream.cpp:105] Opened result file: ./profiles/standalone_attn_prefill_and_decode_tp8_prefill_then_decode16_2048_8_204832_kernel_trace.csv
[m[0;31mE20250902 03:24:45.902856 139661184513792 output_stream.cpp:105] Opened result file: ./profiles/standalone_attn_prefill_and_decode_tp8_prefill_then_decode16_2048_8_204832_agent_info.csv
[m[0;33mW20250902 03:24:54.560843 139661184513792 tool.cpp:1902] rocprofv3_error_signal_handler caught signal 11...
[m# ---- Run standalone_attn_prefill_and_decode_tp8_prefill_then_decode16_2048_8_409632 ----
INFO 09-02 03:25:00 [__init__.py:244] Automatically detected platform rocm.
[0;31mE20250902 03:25:18.743000 140675283949312 output_stream.cpp:105] Opened result file: ./profiles/standalone_attn_prefill_and_decode_tp8_prefill_then_decode16_2048_8_409632_kernel_trace.csv
[m[0;31mE20250902 03:25:18.750888 140675283949312 output_stream.cpp:105] Opened result file: ./profiles/standalone_attn_prefill_and_decode_tp8_prefill_then_decode16_2048_8_409632_agent_info.csv
[m[0;33mW20250902 03:25:28.158745 140675283949312 tool.cpp:1902] rocprofv3_error_signal_handler caught signal 11...
[m# ---- Run standalone_attn_prefill_and_decode_tp8_prefill_then_decode16_2048_8_819232 ----
INFO 09-02 03:25:34 [__init__.py:244] Automatically detected platform rocm.
[0;31mE20250902 03:25:52.837131 139841467942656 output_stream.cpp:105] Opened result file: ./profiles/standalone_attn_prefill_and_decode_tp8_prefill_then_decode16_2048_8_819232_kernel_trace.csv
[m[0;31mE20250902 03:25:52.844193 139841467942656 output_stream.cpp:105] Opened result file: ./profiles/standalone_attn_prefill_and_decode_tp8_prefill_then_decode16_2048_8_819232_agent_info.csv
[m[0;33mW20250902 03:26:01.792672 139841467942656 tool.cpp:1902] rocprofv3_error_signal_handler caught signal 11...
[m# ---- Run standalone_attn_prefill_and_decode_tp8_prefill_then_decode16_2048_16_25632 ----
INFO 09-02 03:26:07 [__init__.py:244] Automatically detected platform rocm.
[0;31mE20250902 03:26:26.336386 140598389425920 output_stream.cpp:105] Opened result file: ./profiles/standalone_attn_prefill_and_decode_tp8_prefill_then_decode16_2048_16_25632_kernel_trace.csv
[m[0;31mE20250902 03:26:26.343939 140598389425920 output_stream.cpp:105] Opened result file: ./profiles/standalone_attn_prefill_and_decode_tp8_prefill_then_decode16_2048_16_25632_agent_info.csv
[m[0;33mW20250902 03:26:35.184161 140598389425920 tool.cpp:1902] rocprofv3_error_signal_handler caught signal 11...
[m# ---- Run standalone_attn_prefill_and_decode_tp8_prefill_then_decode16_2048_16_51232 ----
INFO 09-02 03:26:41 [__init__.py:244] Automatically detected platform rocm.
[0;31mE20250902 03:27:01.214205 140187352430336 output_stream.cpp:105] Opened result file: ./profiles/standalone_attn_prefill_and_decode_tp8_prefill_then_decode16_2048_16_51232_kernel_trace.csv
[m[0;31mE20250902 03:27:01.222236 140187352430336 output_stream.cpp:105] Opened result file: ./profiles/standalone_attn_prefill_and_decode_tp8_prefill_then_decode16_2048_16_51232_agent_info.csv
[m[0;33mW20250902 03:27:10.422394 140187352430336 tool.cpp:1902] rocprofv3_error_signal_handler caught signal 11...
[m# ---- Run standalone_attn_prefill_and_decode_tp8_prefill_then_decode16_2048_16_102432 ----
INFO 09-02 03:27:17 [__init__.py:244] Automatically detected platform rocm.
[0;31mE20250902 03:27:36.991330 139879774197504 output_stream.cpp:105] Opened result file: ./profiles/standalone_attn_prefill_and_decode_tp8_prefill_then_decode16_2048_16_102432_kernel_trace.csv
[m[0;31mE20250902 03:27:36.997815 139879774197504 output_stream.cpp:105] Opened result file: ./profiles/standalone_attn_prefill_and_decode_tp8_prefill_then_decode16_2048_16_102432_agent_info.csv
[m[0;33mW20250902 03:27:46.367167 139879774197504 tool.cpp:1902] rocprofv3_error_signal_handler caught signal 11...
[m# ---- Run standalone_attn_prefill_and_decode_tp8_prefill_then_decode16_2048_16_204832 ----
INFO 09-02 03:27:52 [__init__.py:244] Automatically detected platform rocm.
[0;31mE20250902 03:28:10.246924 140032929404672 output_stream.cpp:105] Opened result file: ./profiles/standalone_attn_prefill_and_decode_tp8_prefill_then_decode16_2048_16_204832_kernel_trace.csv
[m[0;31mE20250902 03:28:10.253150 140032929404672 output_stream.cpp:105] Opened result file: ./profiles/standalone_attn_prefill_and_decode_tp8_prefill_then_decode16_2048_16_204832_agent_info.csv
[m[0;33mW20250902 03:28:19.088135 140032929404672 tool.cpp:1902] rocprofv3_error_signal_handler caught signal 11...
[m# ---- Run standalone_attn_prefill_and_decode_tp8_prefill_then_decode16_2048_16_409632 ----
INFO 09-02 03:28:25 [__init__.py:244] Automatically detected platform rocm.
[0;31mE20250902 03:28:42.750703 139710322419456 output_stream.cpp:105] Opened result file: ./profiles/standalone_attn_prefill_and_decode_tp8_prefill_then_decode16_2048_16_409632_kernel_trace.csv
[m[0;31mE20250902 03:28:42.757508 139710322419456 output_stream.cpp:105] Opened result file: ./profiles/standalone_attn_prefill_and_decode_tp8_prefill_then_decode16_2048_16_409632_agent_info.csv
[m[0;33mW20250902 03:28:51.348894 139710322419456 tool.cpp:1902] rocprofv3_error_signal_handler caught signal 11...
[m# ---- Run standalone_attn_prefill_and_decode_tp8_prefill_then_decode16_2048_16_819232 ----
INFO 09-02 03:28:57 [__init__.py:244] Automatically detected platform rocm.
[0;31mE20250902 03:29:15.134256 139812616025856 output_stream.cpp:105] Opened result file: ./profiles/standalone_attn_prefill_and_decode_tp8_prefill_then_decode16_2048_16_819232_kernel_trace.csv
[m[0;31mE20250902 03:29:15.140689 139812616025856 output_stream.cpp:105] Opened result file: ./profiles/standalone_attn_prefill_and_decode_tp8_prefill_then_decode16_2048_16_819232_agent_info.csv
[m[0;33mW20250902 03:29:23.467634 139812616025856 tool.cpp:1902] rocprofv3_error_signal_handler caught signal 11...
[m# ---- Run standalone_attn_prefill_and_decode_tp8_prefill_then_decode16_2048_32_25632 ----
INFO 09-02 03:29:29 [__init__.py:244] Automatically detected platform rocm.
[0;31mE20250902 03:29:47.214203 140494193891072 output_stream.cpp:105] Opened result file: ./profiles/standalone_attn_prefill_and_decode_tp8_prefill_then_decode16_2048_32_25632_kernel_trace.csv
[m[0;31mE20250902 03:29:47.220304 140494193891072 output_stream.cpp:105] Opened result file: ./profiles/standalone_attn_prefill_and_decode_tp8_prefill_then_decode16_2048_32_25632_agent_info.csv
[m[0;33mW20250902 03:29:56.187045 140494193891072 tool.cpp:1902] rocprofv3_error_signal_handler caught signal 11...
[m# ---- Run standalone_attn_prefill_and_decode_tp8_prefill_then_decode16_2048_32_51232 ----
INFO 09-02 03:30:02 [__init__.py:244] Automatically detected platform rocm.
[0;31mE20250902 03:30:19.874055 139727915865856 output_stream.cpp:105] Opened result file: ./profiles/standalone_attn_prefill_and_decode_tp8_prefill_then_decode16_2048_32_51232_kernel_trace.csv
[m[0;31mE20250902 03:30:19.880200 139727915865856 output_stream.cpp:105] Opened result file: ./profiles/standalone_attn_prefill_and_decode_tp8_prefill_then_decode16_2048_32_51232_agent_info.csv
[m[0;33mW20250902 03:30:28.808945 139727915865856 tool.cpp:1902] rocprofv3_error_signal_handler caught signal 11...
[m# ---- Run standalone_attn_prefill_and_decode_tp8_prefill_then_decode16_2048_32_102432 ----
INFO 09-02 03:30:34 [__init__.py:244] Automatically detected platform rocm.
[0;31mE20250902 03:30:53.059758 139848145901312 output_stream.cpp:105] Opened result file: ./profiles/standalone_attn_prefill_and_decode_tp8_prefill_then_decode16_2048_32_102432_kernel_trace.csv
[m[0;31mE20250902 03:30:53.065789 139848145901312 output_stream.cpp:105] Opened result file: ./profiles/standalone_attn_prefill_and_decode_tp8_prefill_then_decode16_2048_32_102432_agent_info.csv
[m[0;33mW20250902 03:31:01.909531 139848145901312 tool.cpp:1902] rocprofv3_error_signal_handler caught signal 11...
[m# ---- Run standalone_attn_prefill_and_decode_tp8_prefill_then_decode16_2048_32_204832 ----
INFO 09-02 03:31:07 [__init__.py:244] Automatically detected platform rocm.
[0;31mE20250902 03:31:26.264835 140443558323968 output_stream.cpp:105] Opened result file: ./profiles/standalone_attn_prefill_and_decode_tp8_prefill_then_decode16_2048_32_204832_kernel_trace.csv
[m[0;31mE20250902 03:31:26.271525 140443558323968 output_stream.cpp:105] Opened result file: ./profiles/standalone_attn_prefill_and_decode_tp8_prefill_then_decode16_2048_32_204832_agent_info.csv
[m[0;33mW20250902 03:31:35.309791 140443558323968 tool.cpp:1902] rocprofv3_error_signal_handler caught signal 11...
[m# ---- Run standalone_attn_prefill_and_decode_tp8_prefill_then_decode16_2048_32_409632 ----
INFO 09-02 03:31:41 [__init__.py:244] Automatically detected platform rocm.
[0;31mE20250902 03:31:59.472235 139709832279808 output_stream.cpp:105] Opened result file: ./profiles/standalone_attn_prefill_and_decode_tp8_prefill_then_decode16_2048_32_409632_kernel_trace.csv
[m[0;31mE20250902 03:31:59.478583 139709832279808 output_stream.cpp:105] Opened result file: ./profiles/standalone_attn_prefill_and_decode_tp8_prefill_then_decode16_2048_32_409632_agent_info.csv
[m[0;33mW20250902 03:32:08.321807 139709832279808 tool.cpp:1902] rocprofv3_error_signal_handler caught signal 11...
[m# ---- Run standalone_attn_prefill_and_decode_tp8_prefill_then_decode16_2048_32_819232 ----
INFO 09-02 03:32:14 [__init__.py:244] Automatically detected platform rocm.
[0;31mE20250902 03:32:31.975752 139723099240192 output_stream.cpp:105] Opened result file: ./profiles/standalone_attn_prefill_and_decode_tp8_prefill_then_decode16_2048_32_819232_kernel_trace.csv
[m[0;31mE20250902 03:32:31.981977 139723099240192 output_stream.cpp:105] Opened result file: ./profiles/standalone_attn_prefill_and_decode_tp8_prefill_then_decode16_2048_32_819232_agent_info.csv
[m[0;33mW20250902 03:32:40.235170 139723099240192 tool.cpp:1902] rocprofv3_error_signal_handler caught signal 11...
[m# ---- Run standalone_attn_prefill_and_decode_tp8_prefill_then_decode16_2048_64_25632 ----
INFO 09-02 03:32:45 [__init__.py:244] Automatically detected platform rocm.
[0;31mE20250902 03:33:03.367011 140029446874880 output_stream.cpp:105] Opened result file: ./profiles/standalone_attn_prefill_and_decode_tp8_prefill_then_decode16_2048_64_25632_kernel_trace.csv
[m[0;31mE20250902 03:33:03.373164 140029446874880 output_stream.cpp:105] Opened result file: ./profiles/standalone_attn_prefill_and_decode_tp8_prefill_then_decode16_2048_64_25632_agent_info.csv
[m[0;33mW20250902 03:33:12.326685 140029446874880 tool.cpp:1902] rocprofv3_error_signal_handler caught signal 11...
[m# ---- Run standalone_attn_prefill_and_decode_tp8_prefill_then_decode16_2048_64_51232 ----
INFO 09-02 03:33:18 [__init__.py:244] Automatically detected platform rocm.
[0;31mE20250902 03:33:35.361744 139914923128576 output_stream.cpp:105] Opened result file: ./profiles/standalone_attn_prefill_and_decode_tp8_prefill_then_decode16_2048_64_51232_kernel_trace.csv
[m[0;31mE20250902 03:33:35.367911 139914923128576 output_stream.cpp:105] Opened result file: ./profiles/standalone_attn_prefill_and_decode_tp8_prefill_then_decode16_2048_64_51232_agent_info.csv
[m[0;33mW20250902 03:33:44.368047 139914923128576 tool.cpp:1902] rocprofv3_error_signal_handler caught signal 11...
[m# ---- Run standalone_attn_prefill_and_decode_tp8_prefill_then_decode16_2048_64_102432 ----
INFO 09-02 03:33:50 [__init__.py:244] Automatically detected platform rocm.
[0;31mE20250902 03:34:08.443390 140497075713792 output_stream.cpp:105] Opened result file: ./profiles/standalone_attn_prefill_and_decode_tp8_prefill_then_decode16_2048_64_102432_kernel_trace.csv
[m[0;31mE20250902 03:34:08.449378 140497075713792 output_stream.cpp:105] Opened result file: ./profiles/standalone_attn_prefill_and_decode_tp8_prefill_then_decode16_2048_64_102432_agent_info.csv
[m[0;33mW20250902 03:34:17.475641 140497075713792 tool.cpp:1902] rocprofv3_error_signal_handler caught signal 11...
[m# ---- Run standalone_attn_prefill_and_decode_tp8_prefill_then_decode16_2048_64_204832 ----
INFO 09-02 03:34:23 [__init__.py:244] Automatically detected platform rocm.
[0;31mE20250902 03:34:41.750839 140680437450496 output_stream.cpp:105] Opened result file: ./profiles/standalone_attn_prefill_and_decode_tp8_prefill_then_decode16_2048_64_204832_kernel_trace.csv
[m[0;31mE20250902 03:34:41.757276 140680437450496 output_stream.cpp:105] Opened result file: ./profiles/standalone_attn_prefill_and_decode_tp8_prefill_then_decode16_2048_64_204832_agent_info.csv
[m[0;33mW20250902 03:34:50.827159 140680437450496 tool.cpp:1902] rocprofv3_error_signal_handler caught signal 11...
[m# ---- Run standalone_attn_prefill_and_decode_tp8_prefill_then_decode16_2048_64_409632 ----
INFO 09-02 03:34:56 [__init__.py:244] Automatically detected platform rocm.
[0;31mE20250902 03:35:14.964414 140062218024704 output_stream.cpp:105] Opened result file: ./profiles/standalone_attn_prefill_and_decode_tp8_prefill_then_decode16_2048_64_409632_kernel_trace.csv
[m[0;31mE20250902 03:35:14.970490 140062218024704 output_stream.cpp:105] Opened result file: ./profiles/standalone_attn_prefill_and_decode_tp8_prefill_then_decode16_2048_64_409632_agent_info.csv
[m[0;33mW20250902 03:35:23.671929 140062218024704 tool.cpp:1902] rocprofv3_error_signal_handler caught signal 11...
[m# ---- Run standalone_attn_prefill_and_decode_tp8_prefill_then_decode16_2048_64_819232 ----
INFO 09-02 03:35:29 [__init__.py:244] Automatically detected platform rocm.
[0;31mE20250902 03:35:48.587621 140140097791744 output_stream.cpp:105] Opened result file: ./profiles/standalone_attn_prefill_and_decode_tp8_prefill_then_decode16_2048_64_819232_kernel_trace.csv
[m[0;31mE20250902 03:35:48.593831 140140097791744 output_stream.cpp:105] Opened result file: ./profiles/standalone_attn_prefill_and_decode_tp8_prefill_then_decode16_2048_64_819232_agent_info.csv
[m[0;33mW20250902 03:35:57.598685 140140097791744 tool.cpp:1902] rocprofv3_error_signal_handler caught signal 11...
[m# ---- Run standalone_attn_prefill_and_decode_tp8_prefill_then_decode16_2048_128_25632 ----
INFO 09-02 03:36:03 [__init__.py:244] Automatically detected platform rocm.
[0;31mE20250902 03:36:20.312047 140221557937920 output_stream.cpp:105] Opened result file: ./profiles/standalone_attn_prefill_and_decode_tp8_prefill_then_decode16_2048_128_25632_kernel_trace.csv
[m[0;31mE20250902 03:36:20.318406 140221557937920 output_stream.cpp:105] Opened result file: ./profiles/standalone_attn_prefill_and_decode_tp8_prefill_then_decode16_2048_128_25632_agent_info.csv
[m[0;33mW20250902 03:36:29.180015 140221557937920 tool.cpp:1902] rocprofv3_error_signal_handler caught signal 11...
[m# ---- Run standalone_attn_prefill_and_decode_tp8_prefill_then_decode16_2048_128_51232 ----
INFO 09-02 03:36:35 [__init__.py:244] Automatically detected platform rocm.
[0;31mE20250902 03:36:52.395697 139995117319936 output_stream.cpp:105] Opened result file: ./profiles/standalone_attn_prefill_and_decode_tp8_prefill_then_decode16_2048_128_51232_kernel_trace.csv
[m[0;31mE20250902 03:36:52.402804 139995117319936 output_stream.cpp:105] Opened result file: ./profiles/standalone_attn_prefill_and_decode_tp8_prefill_then_decode16_2048_128_51232_agent_info.csv
[m[0;33mW20250902 03:37:01.543877 139995117319936 tool.cpp:1902] rocprofv3_error_signal_handler caught signal 11...
[m# ---- Run standalone_attn_prefill_and_decode_tp8_prefill_then_decode16_2048_128_102432 ----
INFO 09-02 03:37:08 [__init__.py:244] Automatically detected platform rocm.
[0;31mE20250902 03:37:26.011006 139797074388736 output_stream.cpp:105] Opened result file: ./profiles/standalone_attn_prefill_and_decode_tp8_prefill_then_decode16_2048_128_102432_kernel_trace.csv
[m[0;31mE20250902 03:37:26.018617 139797074388736 output_stream.cpp:105] Opened result file: ./profiles/standalone_attn_prefill_and_decode_tp8_prefill_then_decode16_2048_128_102432_agent_info.csv
[m[0;33mW20250902 03:37:34.434081 139797074388736 tool.cpp:1902] rocprofv3_error_signal_handler caught signal 11...
[m# ---- Run standalone_attn_prefill_and_decode_tp8_prefill_then_decode16_2048_128_204832 ----
INFO 09-02 03:37:39 [__init__.py:244] Automatically detected platform rocm.
[0;31mE20250902 03:37:53.783557 140613182142208 output_stream.cpp:105] Opened result file: ./profiles/standalone_attn_prefill_and_decode_tp8_prefill_then_decode16_2048_128_204832_kernel_trace.csv
[m[0;31mE20250902 03:37:53.789845 140613182142208 output_stream.cpp:105] Opened result file: ./profiles/standalone_attn_prefill_and_decode_tp8_prefill_then_decode16_2048_128_204832_agent_info.csv
[m[0;33mW20250902 03:38:02.625255 140613182142208 tool.cpp:1902] rocprofv3_error_signal_handler caught signal 11...
[m# ---- Run standalone_attn_prefill_and_decode_tp8_prefill_then_decode16_2048_128_409632 ----
INFO 09-02 03:38:07 [__init__.py:244] Automatically detected platform rocm.
[0;31mE20250902 03:38:21.869191 140071456982784 output_stream.cpp:105] Opened result file: ./profiles/standalone_attn_prefill_and_decode_tp8_prefill_then_decode16_2048_128_409632_kernel_trace.csv
[m[0;31mE20250902 03:38:21.875149 140071456982784 output_stream.cpp:105] Opened result file: ./profiles/standalone_attn_prefill_and_decode_tp8_prefill_then_decode16_2048_128_409632_agent_info.csv
[m[0;33mW20250902 03:38:30.232029 140071456982784 tool.cpp:1902] rocprofv3_error_signal_handler caught signal 11...
[m# ---- Run standalone_attn_prefill_and_decode_tp8_prefill_then_decode16_2048_128_819232 ----
INFO 09-02 03:38:35 [__init__.py:244] Automatically detected platform rocm.
[0;31mE20250902 03:38:49.368657 140045329532672 output_stream.cpp:105] Opened result file: ./profiles/standalone_attn_prefill_and_decode_tp8_prefill_then_decode16_2048_128_819232_kernel_trace.csv
[m[0;31mE20250902 03:38:49.374475 140045329532672 output_stream.cpp:105] Opened result file: ./profiles/standalone_attn_prefill_and_decode_tp8_prefill_then_decode16_2048_128_819232_agent_info.csv
[m[0;33mW20250902 03:38:57.753464 140045329532672 tool.cpp:1902] rocprofv3_error_signal_handler caught signal 11...
[m# ---- Run standalone_attn_prefill_and_decode_tp8_prefill_then_decode16_4096_1_25632 ----
INFO 09-02 03:39:02 [__init__.py:244] Automatically detected platform rocm.
[0;31mE20250902 03:39:17.905433 140314204378880 output_stream.cpp:105] Opened result file: ./profiles/standalone_attn_prefill_and_decode_tp8_prefill_then_decode16_4096_1_25632_kernel_trace.csv
[m[0;31mE20250902 03:39:17.911313 140314204378880 output_stream.cpp:105] Opened result file: ./profiles/standalone_attn_prefill_and_decode_tp8_prefill_then_decode16_4096_1_25632_agent_info.csv
[m[0;33mW20250902 03:39:26.748360 140314204378880 tool.cpp:1902] rocprofv3_error_signal_handler caught signal 11...
[m# ---- Run standalone_attn_prefill_and_decode_tp8_prefill_then_decode16_4096_1_51232 ----
INFO 09-02 03:39:31 [__init__.py:244] Automatically detected platform rocm.
[0;31mE20250902 03:39:47.092640 139740542494464 output_stream.cpp:105] Opened result file: ./profiles/standalone_attn_prefill_and_decode_tp8_prefill_then_decode16_4096_1_51232_kernel_trace.csv
[m[0;31mE20250902 03:39:47.098506 139740542494464 output_stream.cpp:105] Opened result file: ./profiles/standalone_attn_prefill_and_decode_tp8_prefill_then_decode16_4096_1_51232_agent_info.csv
[m[0;33mW20250902 03:39:55.761508 139740542494464 tool.cpp:1902] rocprofv3_error_signal_handler caught signal 11...
[m# ---- Run standalone_attn_prefill_and_decode_tp8_prefill_then_decode16_4096_1_102432 ----
INFO 09-02 03:40:00 [__init__.py:244] Automatically detected platform rocm.
[0;31mE20250902 03:40:16.200390 140633488193280 output_stream.cpp:105] Opened result file: ./profiles/standalone_attn_prefill_and_decode_tp8_prefill_then_decode16_4096_1_102432_kernel_trace.csv
[m[0;31mE20250902 03:40:16.206279 140633488193280 output_stream.cpp:105] Opened result file: ./profiles/standalone_attn_prefill_and_decode_tp8_prefill_then_decode16_4096_1_102432_agent_info.csv
[m[0;33mW20250902 03:40:25.062582 140633488193280 tool.cpp:1902] rocprofv3_error_signal_handler caught signal 11...
[m# ---- Run standalone_attn_prefill_and_decode_tp8_prefill_then_decode16_4096_1_204832 ----
INFO 09-02 03:40:29 [__init__.py:244] Automatically detected platform rocm.
[0;31mE20250902 03:40:45.194386 140158970328832 output_stream.cpp:105] Opened result file: ./profiles/standalone_attn_prefill_and_decode_tp8_prefill_then_decode16_4096_1_204832_kernel_trace.csv
[m[0;31mE20250902 03:40:45.200420 140158970328832 output_stream.cpp:105] Opened result file: ./profiles/standalone_attn_prefill_and_decode_tp8_prefill_then_decode16_4096_1_204832_agent_info.csv
[m[0;33mW20250902 03:40:54.019160 140158970328832 tool.cpp:1902] rocprofv3_error_signal_handler caught signal 11...
[m# ---- Run standalone_attn_prefill_and_decode_tp8_prefill_then_decode16_4096_1_409632 ----
INFO 09-02 03:40:58 [__init__.py:244] Automatically detected platform rocm.
[0;31mE20250902 03:41:14.320670 140334931228416 output_stream.cpp:105] Opened result file: ./profiles/standalone_attn_prefill_and_decode_tp8_prefill_then_decode16_4096_1_409632_kernel_trace.csv
[m[0;31mE20250902 03:41:14.326643 140334931228416 output_stream.cpp:105] Opened result file: ./profiles/standalone_attn_prefill_and_decode_tp8_prefill_then_decode16_4096_1_409632_agent_info.csv
[m[0;33mW20250902 03:41:23.250710 140334931228416 tool.cpp:1902] rocprofv3_error_signal_handler caught signal 11...
[m# ---- Run standalone_attn_prefill_and_decode_tp8_prefill_then_decode16_4096_1_819232 ----
INFO 09-02 03:41:28 [__init__.py:244] Automatically detected platform rocm.
[0;31mE20250902 03:41:43.510912 139624403666688 output_stream.cpp:105] Opened result file: ./profiles/standalone_attn_prefill_and_decode_tp8_prefill_then_decode16_4096_1_819232_kernel_trace.csv
[m[0;31mE20250902 03:41:43.516877 139624403666688 output_stream.cpp:105] Opened result file: ./profiles/standalone_attn_prefill_and_decode_tp8_prefill_then_decode16_4096_1_819232_agent_info.csv
[m[0;33mW20250902 03:41:51.892265 139624403666688 tool.cpp:1902] rocprofv3_error_signal_handler caught signal 11...
[m# ---- Run standalone_attn_prefill_and_decode_tp8_prefill_then_decode16_4096_2_25632 ----
INFO 09-02 03:41:56 [__init__.py:244] Automatically detected platform rocm.
[0;31mE20250902 03:42:11.941421 139649758914304 output_stream.cpp:105] Opened result file: ./profiles/standalone_attn_prefill_and_decode_tp8_prefill_then_decode16_4096_2_25632_kernel_trace.csv
[m[0;31mE20250902 03:42:11.947362 139649758914304 output_stream.cpp:105] Opened result file: ./profiles/standalone_attn_prefill_and_decode_tp8_prefill_then_decode16_4096_2_25632_agent_info.csv
[m[0;33mW20250902 03:42:20.323749 139649758914304 tool.cpp:1902] rocprofv3_error_signal_handler caught signal 11...
[m# ---- Run standalone_attn_prefill_and_decode_tp8_prefill_then_decode16_4096_2_51232 ----
INFO 09-02 03:42:25 [__init__.py:244] Automatically detected platform rocm.
[0;31mE20250902 03:42:40.298838 139967529641728 output_stream.cpp:105] Opened result file: ./profiles/standalone_attn_prefill_and_decode_tp8_prefill_then_decode16_4096_2_51232_kernel_trace.csv
[m[0;31mE20250902 03:42:40.304908 139967529641728 output_stream.cpp:105] Opened result file: ./profiles/standalone_attn_prefill_and_decode_tp8_prefill_then_decode16_4096_2_51232_agent_info.csv
[m[0;33mW20250902 03:42:48.622911 139967529641728 tool.cpp:1902] rocprofv3_error_signal_handler caught signal 11...
[m# ---- Run standalone_attn_prefill_and_decode_tp8_prefill_then_decode16_4096_2_102432 ----
INFO 09-02 03:42:53 [__init__.py:244] Automatically detected platform rocm.
[0;31mE20250902 03:43:08.889753 140493078128384 output_stream.cpp:105] Opened result file: ./profiles/standalone_attn_prefill_and_decode_tp8_prefill_then_decode16_4096_2_102432_kernel_trace.csv
[m[0;31mE20250902 03:43:08.895714 140493078128384 output_stream.cpp:105] Opened result file: ./profiles/standalone_attn_prefill_and_decode_tp8_prefill_then_decode16_4096_2_102432_agent_info.csv
[m[0;33mW20250902 03:43:17.796991 140493078128384 tool.cpp:1902] rocprofv3_error_signal_handler caught signal 11...
[m# ---- Run standalone_attn_prefill_and_decode_tp8_prefill_then_decode16_4096_2_204832 ----
INFO 09-02 03:43:22 [__init__.py:244] Automatically detected platform rocm.
[0;31mE20250902 03:43:38.128626 140157007894272 output_stream.cpp:105] Opened result file: ./profiles/standalone_attn_prefill_and_decode_tp8_prefill_then_decode16_4096_2_204832_kernel_trace.csv
[m[0;31mE20250902 03:43:38.134523 140157007894272 output_stream.cpp:105] Opened result file: ./profiles/standalone_attn_prefill_and_decode_tp8_prefill_then_decode16_4096_2_204832_agent_info.csv
[m[0;33mW20250902 03:43:46.863789 140157007894272 tool.cpp:1902] rocprofv3_error_signal_handler caught signal 11...
[m# ---- Run standalone_attn_prefill_and_decode_tp8_prefill_then_decode16_4096_2_409632 ----
INFO 09-02 03:43:51 [__init__.py:244] Automatically detected platform rocm.
[0;31mE20250902 03:44:06.951671 139755782588160 output_stream.cpp:105] Opened result file: ./profiles/standalone_attn_prefill_and_decode_tp8_prefill_then_decode16_4096_2_409632_kernel_trace.csv
[m[0;31mE20250902 03:44:06.957771 139755782588160 output_stream.cpp:105] Opened result file: ./profiles/standalone_attn_prefill_and_decode_tp8_prefill_then_decode16_4096_2_409632_agent_info.csv
[m[0;33mW20250902 03:44:15.337365 139755782588160 tool.cpp:1902] rocprofv3_error_signal_handler caught signal 11...
[m# ---- Run standalone_attn_prefill_and_decode_tp8_prefill_then_decode16_4096_2_819232 ----
INFO 09-02 03:44:20 [__init__.py:244] Automatically detected platform rocm.
[0;31mE20250902 03:44:35.681605 140047818577664 output_stream.cpp:105] Opened result file: ./profiles/standalone_attn_prefill_and_decode_tp8_prefill_then_decode16_4096_2_819232_kernel_trace.csv
[m[0;31mE20250902 03:44:35.687397 140047818577664 output_stream.cpp:105] Opened result file: ./profiles/standalone_attn_prefill_and_decode_tp8_prefill_then_decode16_4096_2_819232_agent_info.csv
[m[0;33mW20250902 03:44:43.935937 140047818577664 tool.cpp:1902] rocprofv3_error_signal_handler caught signal 11...
[m# ---- Run standalone_attn_prefill_and_decode_tp8_prefill_then_decode16_4096_4_25632 ----
INFO 09-02 03:44:48 [__init__.py:244] Automatically detected platform rocm.
[0;31mE20250902 03:45:04.357095 140271228798720 output_stream.cpp:105] Opened result file: ./profiles/standalone_attn_prefill_and_decode_tp8_prefill_then_decode16_4096_4_25632_kernel_trace.csv
[m[0;31mE20250902 03:45:04.362976 140271228798720 output_stream.cpp:105] Opened result file: ./profiles/standalone_attn_prefill_and_decode_tp8_prefill_then_decode16_4096_4_25632_agent_info.csv
[m[0;33mW20250902 03:45:13.522888 140271228798720 tool.cpp:1902] rocprofv3_error_signal_handler caught signal 11...
[m# ---- Run standalone_attn_prefill_and_decode_tp8_prefill_then_decode16_4096_4_51232 ----
INFO 09-02 03:45:18 [__init__.py:244] Automatically detected platform rocm.
[0;31mE20250902 03:45:33.640398 140120315451136 output_stream.cpp:105] Opened result file: ./profiles/standalone_attn_prefill_and_decode_tp8_prefill_then_decode16_4096_4_51232_kernel_trace.csv
[m[0;31mE20250902 03:45:33.646444 140120315451136 output_stream.cpp:105] Opened result file: ./profiles/standalone_attn_prefill_and_decode_tp8_prefill_then_decode16_4096_4_51232_agent_info.csv
[m[0;33mW20250902 03:45:42.490822 140120315451136 tool.cpp:1902] rocprofv3_error_signal_handler caught signal 11...
[m# ---- Run standalone_attn_prefill_and_decode_tp8_prefill_then_decode16_4096_4_102432 ----
INFO 09-02 03:45:47 [__init__.py:244] Automatically detected platform rocm.
[0;31mE20250902 03:46:02.633415 140421275739904 output_stream.cpp:105] Opened result file: ./profiles/standalone_attn_prefill_and_decode_tp8_prefill_then_decode16_4096_4_102432_kernel_trace.csv
[m[0;31mE20250902 03:46:02.639361 140421275739904 output_stream.cpp:105] Opened result file: ./profiles/standalone_attn_prefill_and_decode_tp8_prefill_then_decode16_4096_4_102432_agent_info.csv
[m[0;33mW20250902 03:46:11.465170 140421275739904 tool.cpp:1902] rocprofv3_error_signal_handler caught signal 11...
[m# ---- Run standalone_attn_prefill_and_decode_tp8_prefill_then_decode16_4096_4_204832 ----
INFO 09-02 03:46:16 [__init__.py:244] Automatically detected platform rocm.
[0;31mE20250902 03:46:31.561439 140256656803584 output_stream.cpp:105] Opened result file: ./profiles/standalone_attn_prefill_and_decode_tp8_prefill_then_decode16_4096_4_204832_kernel_trace.csv
[m[0;31mE20250902 03:46:31.567241 140256656803584 output_stream.cpp:105] Opened result file: ./profiles/standalone_attn_prefill_and_decode_tp8_prefill_then_decode16_4096_4_204832_agent_info.csv
[m[0;33mW20250902 03:46:40.495412 140256656803584 tool.cpp:1902] rocprofv3_error_signal_handler caught signal 11...
[m# ---- Run standalone_attn_prefill_and_decode_tp8_prefill_then_decode16_4096_4_409632 ----
INFO 09-02 03:46:45 [__init__.py:244] Automatically detected platform rocm.
[0;31mE20250902 03:47:00.627188 140187101857536 output_stream.cpp:105] Opened result file: ./profiles/standalone_attn_prefill_and_decode_tp8_prefill_then_decode16_4096_4_409632_kernel_trace.csv
[m[0;31mE20250902 03:47:00.633183 140187101857536 output_stream.cpp:105] Opened result file: ./profiles/standalone_attn_prefill_and_decode_tp8_prefill_then_decode16_4096_4_409632_agent_info.csv
[m[0;33mW20250902 03:47:09.335538 140187101857536 tool.cpp:1902] rocprofv3_error_signal_handler caught signal 11...
[m# ---- Run standalone_attn_prefill_and_decode_tp8_prefill_then_decode16_4096_4_819232 ----
INFO 09-02 03:47:14 [__init__.py:244] Automatically detected platform rocm.
[0;31mE20250902 03:47:29.496184 140514649798400 output_stream.cpp:105] Opened result file: ./profiles/standalone_attn_prefill_and_decode_tp8_prefill_then_decode16_4096_4_819232_kernel_trace.csv
[m[0;31mE20250902 03:47:29.502189 140514649798400 output_stream.cpp:105] Opened result file: ./profiles/standalone_attn_prefill_and_decode_tp8_prefill_then_decode16_4096_4_819232_agent_info.csv
[m[0;33mW20250902 03:47:38.145143 140514649798400 tool.cpp:1902] rocprofv3_error_signal_handler caught signal 11...
[m# ---- Run standalone_attn_prefill_and_decode_tp8_prefill_then_decode16_4096_8_25632 ----
INFO 09-02 03:47:42 [__init__.py:244] Automatically detected platform rocm.
[0;31mE20250902 03:47:58.273175 140680219723520 output_stream.cpp:105] Opened result file: ./profiles/standalone_attn_prefill_and_decode_tp8_prefill_then_decode16_4096_8_25632_kernel_trace.csv
[m[0;31mE20250902 03:47:58.279239 140680219723520 output_stream.cpp:105] Opened result file: ./profiles/standalone_attn_prefill_and_decode_tp8_prefill_then_decode16_4096_8_25632_agent_info.csv
[m[0;33mW20250902 03:48:07.069929 140680219723520 tool.cpp:1902] rocprofv3_error_signal_handler caught signal 11...
[m# ---- Run standalone_attn_prefill_and_decode_tp8_prefill_then_decode16_4096_8_51232 ----
INFO 09-02 03:48:11 [__init__.py:244] Automatically detected platform rocm.
[0;31mE20250902 03:48:27.400531 140044222727936 output_stream.cpp:105] Opened result file: ./profiles/standalone_attn_prefill_and_decode_tp8_prefill_then_decode16_4096_8_51232_kernel_trace.csv
[m[0;31mE20250902 03:48:27.406468 140044222727936 output_stream.cpp:105] Opened result file: ./profiles/standalone_attn_prefill_and_decode_tp8_prefill_then_decode16_4096_8_51232_agent_info.csv
[m[0;33mW20250902 03:48:36.400424 140044222727936 tool.cpp:1902] rocprofv3_error_signal_handler caught signal 11...
[m# ---- Run standalone_attn_prefill_and_decode_tp8_prefill_then_decode16_4096_8_102432 ----
INFO 09-02 03:48:41 [__init__.py:244] Automatically detected platform rocm.
[0;31mE20250902 03:48:56.640728 140300395947776 output_stream.cpp:105] Opened result file: ./profiles/standalone_attn_prefill_and_decode_tp8_prefill_then_decode16_4096_8_102432_kernel_trace.csv
[m[0;31mE20250902 03:48:56.646768 140300395947776 output_stream.cpp:105] Opened result file: ./profiles/standalone_attn_prefill_and_decode_tp8_prefill_then_decode16_4096_8_102432_agent_info.csv
[m[0;33mW20250902 03:49:05.351645 140300395947776 tool.cpp:1902] rocprofv3_error_signal_handler caught signal 11...
[m# ---- Run standalone_attn_prefill_and_decode_tp8_prefill_then_decode16_4096_8_204832 ----
INFO 09-02 03:49:10 [__init__.py:244] Automatically detected platform rocm.
[0;31mE20250902 03:49:25.496768 140091185583872 output_stream.cpp:105] Opened result file: ./profiles/standalone_attn_prefill_and_decode_tp8_prefill_then_decode16_4096_8_204832_kernel_trace.csv
[m[0;31mE20250902 03:49:25.502748 140091185583872 output_stream.cpp:105] Opened result file: ./profiles/standalone_attn_prefill_and_decode_tp8_prefill_then_decode16_4096_8_204832_agent_info.csv
[m[0;33mW20250902 03:49:34.477313 140091185583872 tool.cpp:1902] rocprofv3_error_signal_handler caught signal 11...
[m# ---- Run standalone_attn_prefill_and_decode_tp8_prefill_then_decode16_4096_8_409632 ----
INFO 09-02 03:49:39 [__init__.py:244] Automatically detected platform rocm.
[0;31mE20250902 03:49:54.756121 140714496362240 output_stream.cpp:105] Opened result file: ./profiles/standalone_attn_prefill_and_decode_tp8_prefill_then_decode16_4096_8_409632_kernel_trace.csv
[m[0;31mE20250902 03:49:54.762091 140714496362240 output_stream.cpp:105] Opened result file: ./profiles/standalone_attn_prefill_and_decode_tp8_prefill_then_decode16_4096_8_409632_agent_info.csv
[m[0;33mW20250902 03:50:03.328592 140714496362240 tool.cpp:1902] rocprofv3_error_signal_handler caught signal 11...
[m# ---- Run standalone_attn_prefill_and_decode_tp8_prefill_then_decode16_4096_8_819232 ----
INFO 09-02 03:50:08 [__init__.py:244] Automatically detected platform rocm.
[0;31mE20250902 03:50:23.617344 139691536410368 output_stream.cpp:105] Opened result file: ./profiles/standalone_attn_prefill_and_decode_tp8_prefill_then_decode16_4096_8_819232_kernel_trace.csv
[m[0;31mE20250902 03:50:23.623374 139691536410368 output_stream.cpp:105] Opened result file: ./profiles/standalone_attn_prefill_and_decode_tp8_prefill_then_decode16_4096_8_819232_agent_info.csv
[m[0;33mW20250902 03:50:32.304018 139691536410368 tool.cpp:1902] rocprofv3_error_signal_handler caught signal 11...
[m# ---- Run standalone_attn_prefill_and_decode_tp8_prefill_then_decode16_4096_16_25632 ----
INFO 09-02 03:50:37 [__init__.py:244] Automatically detected platform rocm.
[0;31mE20250902 03:50:52.585737 139663371810560 output_stream.cpp:105] Opened result file: ./profiles/standalone_attn_prefill_and_decode_tp8_prefill_then_decode16_4096_16_25632_kernel_trace.csv
[m[0;31mE20250902 03:50:52.591562 139663371810560 output_stream.cpp:105] Opened result file: ./profiles/standalone_attn_prefill_and_decode_tp8_prefill_then_decode16_4096_16_25632_agent_info.csv
[m[0;33mW20250902 03:51:01.082209 139663371810560 tool.cpp:1902] rocprofv3_error_signal_handler caught signal 11...
[m# ---- Run standalone_attn_prefill_and_decode_tp8_prefill_then_decode16_4096_16_51232 ----
INFO 09-02 03:51:05 [__init__.py:244] Automatically detected platform rocm.
[0;31mE20250902 03:51:21.531680 139757575341824 output_stream.cpp:105] Opened result file: ./profiles/standalone_attn_prefill_and_decode_tp8_prefill_then_decode16_4096_16_51232_kernel_trace.csv
[m[0;31mE20250902 03:51:21.537588 139757575341824 output_stream.cpp:105] Opened result file: ./profiles/standalone_attn_prefill_and_decode_tp8_prefill_then_decode16_4096_16_51232_agent_info.csv
[m[0;33mW20250902 03:51:30.571049 139757575341824 tool.cpp:1902] rocprofv3_error_signal_handler caught signal 11...
[m# ---- Run standalone_attn_prefill_and_decode_tp8_prefill_then_decode16_4096_16_102432 ----
INFO 09-02 03:51:35 [__init__.py:244] Automatically detected platform rocm.
[0;31mE20250902 03:51:51.016256 139760683824896 output_stream.cpp:105] Opened result file: ./profiles/standalone_attn_prefill_and_decode_tp8_prefill_then_decode16_4096_16_102432_kernel_trace.csv
[m[0;31mE20250902 03:51:51.022308 139760683824896 output_stream.cpp:105] Opened result file: ./profiles/standalone_attn_prefill_and_decode_tp8_prefill_then_decode16_4096_16_102432_agent_info.csv
[m[0;33mW20250902 03:51:59.483732 139760683824896 tool.cpp:1902] rocprofv3_error_signal_handler caught signal 11...
[m# ---- Run standalone_attn_prefill_and_decode_tp8_prefill_then_decode16_4096_16_204832 ----
INFO 09-02 03:52:04 [__init__.py:244] Automatically detected platform rocm.
[0;31mE20250902 03:52:20.157346 140606915176192 output_stream.cpp:105] Opened result file: ./profiles/standalone_attn_prefill_and_decode_tp8_prefill_then_decode16_4096_16_204832_kernel_trace.csv
[m[0;31mE20250902 03:52:20.163335 140606915176192 output_stream.cpp:105] Opened result file: ./profiles/standalone_attn_prefill_and_decode_tp8_prefill_then_decode16_4096_16_204832_agent_info.csv
[m[0;33mW20250902 03:52:29.033352 140606915176192 tool.cpp:1902] rocprofv3_error_signal_handler caught signal 11...
[m# ---- Run standalone_attn_prefill_and_decode_tp8_prefill_then_decode16_4096_16_409632 ----
INFO 09-02 03:52:33 [__init__.py:244] Automatically detected platform rocm.
[0;31mE20250902 03:52:49.186714 139980867790592 output_stream.cpp:105] Opened result file: ./profiles/standalone_attn_prefill_and_decode_tp8_prefill_then_decode16_4096_16_409632_kernel_trace.csv
[m[0;31mE20250902 03:52:49.192564 139980867790592 output_stream.cpp:105] Opened result file: ./profiles/standalone_attn_prefill_and_decode_tp8_prefill_then_decode16_4096_16_409632_agent_info.csv
[m[0;33mW20250902 03:52:57.852085 139980867790592 tool.cpp:1902] rocprofv3_error_signal_handler caught signal 11...
[m# ---- Run standalone_attn_prefill_and_decode_tp8_prefill_then_decode16_4096_16_819232 ----
INFO 09-02 03:53:02 [__init__.py:244] Automatically detected platform rocm.
[0;31mE20250902 03:53:18.362260 140600671065856 output_stream.cpp:105] Opened result file: ./profiles/standalone_attn_prefill_and_decode_tp8_prefill_then_decode16_4096_16_819232_kernel_trace.csv
[m[0;31mE20250902 03:53:18.368400 140600671065856 output_stream.cpp:105] Opened result file: ./profiles/standalone_attn_prefill_and_decode_tp8_prefill_then_decode16_4096_16_819232_agent_info.csv
[m[0;33mW20250902 03:53:27.391424 140600671065856 tool.cpp:1902] rocprofv3_error_signal_handler caught signal 11...
[m# ---- Run standalone_attn_prefill_and_decode_tp8_prefill_then_decode16_4096_32_25632 ----
INFO 09-02 03:53:32 [__init__.py:244] Automatically detected platform rocm.
[0;31mE20250902 03:53:47.762892 139837033649920 output_stream.cpp:105] Opened result file: ./profiles/standalone_attn_prefill_and_decode_tp8_prefill_then_decode16_4096_32_25632_kernel_trace.csv
[m[0;31mE20250902 03:53:47.768753 139837033649920 output_stream.cpp:105] Opened result file: ./profiles/standalone_attn_prefill_and_decode_tp8_prefill_then_decode16_4096_32_25632_agent_info.csv
[m[0;33mW20250902 03:53:56.570707 139837033649920 tool.cpp:1902] rocprofv3_error_signal_handler caught signal 11...
[m# ---- Run standalone_attn_prefill_and_decode_tp8_prefill_then_decode16_4096_32_51232 ----
INFO 09-02 03:54:01 [__init__.py:244] Automatically detected platform rocm.
[0;31mE20250902 03:54:17.133451 140538822981376 output_stream.cpp:105] Opened result file: ./profiles/standalone_attn_prefill_and_decode_tp8_prefill_then_decode16_4096_32_51232_kernel_trace.csv
[m[0;31mE20250902 03:54:17.139299 140538822981376 output_stream.cpp:105] Opened result file: ./profiles/standalone_attn_prefill_and_decode_tp8_prefill_then_decode16_4096_32_51232_agent_info.csv
[m[0;33mW20250902 03:54:25.909601 140538822981376 tool.cpp:1902] rocprofv3_error_signal_handler caught signal 11...
[m# ---- Run standalone_attn_prefill_and_decode_tp8_prefill_then_decode16_4096_32_102432 ----
INFO 09-02 03:54:30 [__init__.py:244] Automatically detected platform rocm.
[0;31mE20250902 03:54:46.483900 139883885430528 output_stream.cpp:105] Opened result file: ./profiles/standalone_attn_prefill_and_decode_tp8_prefill_then_decode16_4096_32_102432_kernel_trace.csv
[m[0;31mE20250902 03:54:46.489772 139883885430528 output_stream.cpp:105] Opened result file: ./profiles/standalone_attn_prefill_and_decode_tp8_prefill_then_decode16_4096_32_102432_agent_info.csv
[m[0;33mW20250902 03:54:55.566229 139883885430528 tool.cpp:1902] rocprofv3_error_signal_handler caught signal 11...
[m# ---- Run standalone_attn_prefill_and_decode_tp8_prefill_then_decode16_4096_32_204832 ----
INFO 09-02 03:55:00 [__init__.py:244] Automatically detected platform rocm.
[0;31mE20250902 03:55:16.104754 139891086063360 output_stream.cpp:105] Opened result file: ./profiles/standalone_attn_prefill_and_decode_tp8_prefill_then_decode16_4096_32_204832_kernel_trace.csv
[m[0;31mE20250902 03:55:16.110713 139891086063360 output_stream.cpp:105] Opened result file: ./profiles/standalone_attn_prefill_and_decode_tp8_prefill_then_decode16_4096_32_204832_agent_info.csv
[m[0;33mW20250902 03:55:24.869544 139891086063360 tool.cpp:1902] rocprofv3_error_signal_handler caught signal 11...
[m# ---- Run standalone_attn_prefill_and_decode_tp8_prefill_then_decode16_4096_32_409632 ----
INFO 09-02 03:55:29 [__init__.py:244] Automatically detected platform rocm.
[0;31mE20250902 03:55:45.090379 140515391043328 output_stream.cpp:105] Opened result file: ./profiles/standalone_attn_prefill_and_decode_tp8_prefill_then_decode16_4096_32_409632_kernel_trace.csv
[m[0;31mE20250902 03:55:45.096514 140515391043328 output_stream.cpp:105] Opened result file: ./profiles/standalone_attn_prefill_and_decode_tp8_prefill_then_decode16_4096_32_409632_agent_info.csv
[m[0;33mW20250902 03:55:54.019592 140515391043328 tool.cpp:1902] rocprofv3_error_signal_handler caught signal 11...
[m# ---- Run standalone_attn_prefill_and_decode_tp8_prefill_then_decode16_4096_32_819232 ----
INFO 09-02 03:55:58 [__init__.py:244] Automatically detected platform rocm.
[0;31mE20250902 03:56:14.322793 139637783148288 output_stream.cpp:105] Opened result file: ./profiles/standalone_attn_prefill_and_decode_tp8_prefill_then_decode16_4096_32_819232_kernel_trace.csv
[m[0;31mE20250902 03:56:14.328725 139637783148288 output_stream.cpp:105] Opened result file: ./profiles/standalone_attn_prefill_and_decode_tp8_prefill_then_decode16_4096_32_819232_agent_info.csv
[m[0;33mW20250902 03:56:23.555034 139637783148288 tool.cpp:1902] rocprofv3_error_signal_handler caught signal 11...
[m# ---- Run standalone_attn_prefill_and_decode_tp8_prefill_then_decode16_4096_64_25632 ----
INFO 09-02 03:56:28 [__init__.py:244] Automatically detected platform rocm.
[0;31mE20250902 03:56:43.927023 140465210742528 output_stream.cpp:105] Opened result file: ./profiles/standalone_attn_prefill_and_decode_tp8_prefill_then_decode16_4096_64_25632_kernel_trace.csv
[m[0;31mE20250902 03:56:43.933108 140465210742528 output_stream.cpp:105] Opened result file: ./profiles/standalone_attn_prefill_and_decode_tp8_prefill_then_decode16_4096_64_25632_agent_info.csv
[m[0;33mW20250902 03:56:52.413933 140465210742528 tool.cpp:1902] rocprofv3_error_signal_handler caught signal 11...
[m# ---- Run standalone_attn_prefill_and_decode_tp8_prefill_then_decode16_4096_64_51232 ----
INFO 09-02 03:56:57 [__init__.py:244] Automatically detected platform rocm.
[0;31mE20250902 03:57:12.628008 139990524557056 output_stream.cpp:105] Opened result file: ./profiles/standalone_attn_prefill_and_decode_tp8_prefill_then_decode16_4096_64_51232_kernel_trace.csv
[m[0;31mE20250902 03:57:12.634207 139990524557056 output_stream.cpp:105] Opened result file: ./profiles/standalone_attn_prefill_and_decode_tp8_prefill_then_decode16_4096_64_51232_agent_info.csv
[m[0;33mW20250902 03:57:21.761844 139990524557056 tool.cpp:1902] rocprofv3_error_signal_handler caught signal 11...
[m# ---- Run standalone_attn_prefill_and_decode_tp8_prefill_then_decode16_4096_64_102432 ----
INFO 09-02 03:57:26 [__init__.py:244] Automatically detected platform rocm.
[0;31mE20250902 03:57:41.729450 140572798588672 output_stream.cpp:105] Opened result file: ./profiles/standalone_attn_prefill_and_decode_tp8_prefill_then_decode16_4096_64_102432_kernel_trace.csv
[m[0;31mE20250902 03:57:41.735403 140572798588672 output_stream.cpp:105] Opened result file: ./profiles/standalone_attn_prefill_and_decode_tp8_prefill_then_decode16_4096_64_102432_agent_info.csv
[m[0;33mW20250902 03:57:50.270665 140572798588672 tool.cpp:1902] rocprofv3_error_signal_handler caught signal 11...
[m# ---- Run standalone_attn_prefill_and_decode_tp8_prefill_then_decode16_4096_64_204832 ----
INFO 09-02 03:57:55 [__init__.py:244] Automatically detected platform rocm.
[0;31mE20250902 03:58:10.084333 139765754705664 output_stream.cpp:105] Opened result file: ./profiles/standalone_attn_prefill_and_decode_tp8_prefill_then_decode16_4096_64_204832_kernel_trace.csv
[m[0;31mE20250902 03:58:10.090386 139765754705664 output_stream.cpp:105] Opened result file: ./profiles/standalone_attn_prefill_and_decode_tp8_prefill_then_decode16_4096_64_204832_agent_info.csv
[m[0;33mW20250902 03:58:18.577340 139765754705664 tool.cpp:1902] rocprofv3_error_signal_handler caught signal 11...
[m# ---- Run standalone_attn_prefill_and_decode_tp8_prefill_then_decode16_4096_64_409632 ----
INFO 09-02 03:58:23 [__init__.py:244] Automatically detected platform rocm.
[0;31mE20250902 03:58:38.441146 139909619345152 output_stream.cpp:105] Opened result file: ./profiles/standalone_attn_prefill_and_decode_tp8_prefill_then_decode16_4096_64_409632_kernel_trace.csv
[m[0;31mE20250902 03:58:38.447156 139909619345152 output_stream.cpp:105] Opened result file: ./profiles/standalone_attn_prefill_and_decode_tp8_prefill_then_decode16_4096_64_409632_agent_info.csv
[m[0;33mW20250902 03:58:47.055448 139909619345152 tool.cpp:1902] rocprofv3_error_signal_handler caught signal 11...
[m# ---- Run standalone_attn_prefill_and_decode_tp8_prefill_then_decode16_4096_64_819232 ----
INFO 09-02 03:58:51 [__init__.py:244] Automatically detected platform rocm.
[0;31mE20250902 03:59:07.028152 140171795236608 output_stream.cpp:105] Opened result file: ./profiles/standalone_attn_prefill_and_decode_tp8_prefill_then_decode16_4096_64_819232_kernel_trace.csv
[m[0;31mE20250902 03:59:07.034153 140171795236608 output_stream.cpp:105] Opened result file: ./profiles/standalone_attn_prefill_and_decode_tp8_prefill_then_decode16_4096_64_819232_agent_info.csv
[m[0;33mW20250902 03:59:15.494077 140171795236608 tool.cpp:1902] rocprofv3_error_signal_handler caught signal 11...
[m# ---- Run standalone_attn_prefill_and_decode_tp8_prefill_then_decode16_4096_128_25632 ----
INFO 09-02 03:59:20 [__init__.py:244] Automatically detected platform rocm.
[0;31mE20250902 03:59:34.626761 140466611382016 output_stream.cpp:105] Opened result file: ./profiles/standalone_attn_prefill_and_decode_tp8_prefill_then_decode16_4096_128_25632_kernel_trace.csv
[m[0;31mE20250902 03:59:34.632811 140466611382016 output_stream.cpp:105] Opened result file: ./profiles/standalone_attn_prefill_and_decode_tp8_prefill_then_decode16_4096_128_25632_agent_info.csv
[m[0;33mW20250902 03:59:43.787494 140466611382016 tool.cpp:1902] rocprofv3_error_signal_handler caught signal 11...
[m# ---- Run standalone_attn_prefill_and_decode_tp8_prefill_then_decode16_4096_128_51232 ----
INFO 09-02 03:59:48 [__init__.py:244] Automatically detected platform rocm.
[0;31mE20250902 04:00:02.913318 139860749117184 output_stream.cpp:105] Opened result file: ./profiles/standalone_attn_prefill_and_decode_tp8_prefill_then_decode16_4096_128_51232_kernel_trace.csv
[m[0;31mE20250902 04:00:02.919318 139860749117184 output_stream.cpp:105] Opened result file: ./profiles/standalone_attn_prefill_and_decode_tp8_prefill_then_decode16_4096_128_51232_agent_info.csv
[m[0;33mW20250902 04:00:11.584965 139860749117184 tool.cpp:1902] rocprofv3_error_signal_handler caught signal 11...
[m# ---- Run standalone_attn_prefill_and_decode_tp8_prefill_then_decode16_4096_128_102432 ----
INFO 09-02 04:00:16 [__init__.py:244] Automatically detected platform rocm.
[0;31mE20250902 04:00:30.707762 140270046037760 output_stream.cpp:105] Opened result file: ./profiles/standalone_attn_prefill_and_decode_tp8_prefill_then_decode16_4096_128_102432_kernel_trace.csv
[m[0;31mE20250902 04:00:30.713791 140270046037760 output_stream.cpp:105] Opened result file: ./profiles/standalone_attn_prefill_and_decode_tp8_prefill_then_decode16_4096_128_102432_agent_info.csv
[m[0;33mW20250902 04:00:39.381225 140270046037760 tool.cpp:1902] rocprofv3_error_signal_handler caught signal 11...
[m# ---- Run standalone_attn_prefill_and_decode_tp8_prefill_then_decode16_4096_128_204832 ----
INFO 09-02 04:00:44 [__init__.py:244] Automatically detected platform rocm.
[0;31mE20250902 04:00:58.887587 140609882822400 output_stream.cpp:105] Opened result file: ./profiles/standalone_attn_prefill_and_decode_tp8_prefill_then_decode16_4096_128_204832_kernel_trace.csv
[m[0;31mE20250902 04:00:58.893519 140609882822400 output_stream.cpp:105] Opened result file: ./profiles/standalone_attn_prefill_and_decode_tp8_prefill_then_decode16_4096_128_204832_agent_info.csv
[m[0;33mW20250902 04:01:07.830974 140609882822400 tool.cpp:1902] rocprofv3_error_signal_handler caught signal 11...
[m# ---- Run standalone_attn_prefill_and_decode_tp8_prefill_then_decode16_4096_128_409632 ----
INFO 09-02 04:01:12 [__init__.py:244] Automatically detected platform rocm.
[0;31mE20250902 04:01:26.978100 140135631816448 output_stream.cpp:105] Opened result file: ./profiles/standalone_attn_prefill_and_decode_tp8_prefill_then_decode16_4096_128_409632_kernel_trace.csv
[m[0;31mE20250902 04:01:26.984152 140135631816448 output_stream.cpp:105] Opened result file: ./profiles/standalone_attn_prefill_and_decode_tp8_prefill_then_decode16_4096_128_409632_agent_info.csv
[m[0;33mW20250902 04:01:35.651355 140135631816448 tool.cpp:1902] rocprofv3_error_signal_handler caught signal 11...
[m# ---- Run standalone_attn_prefill_and_decode_tp8_prefill_then_decode16_4096_128_819232 ----
INFO 09-02 04:01:40 [__init__.py:244] Automatically detected platform rocm.
[0;31mE20250902 04:01:55.102512 139696711522048 output_stream.cpp:105] Opened result file: ./profiles/standalone_attn_prefill_and_decode_tp8_prefill_then_decode16_4096_128_819232_kernel_trace.csv
[m[0;31mE20250902 04:01:55.108623 139696711522048 output_stream.cpp:105] Opened result file: ./profiles/standalone_attn_prefill_and_decode_tp8_prefill_then_decode16_4096_128_819232_agent_info.csv
[m[0;33mW20250902 04:02:04.641890 139696711522048 tool.cpp:1902] rocprofv3_error_signal_handler caught signal 11...
[m# ---- Run standalone_attn_prefill_and_decode_tp8_prefill_then_decode16_8192_1_25632 ----
INFO 09-02 04:02:09 [__init__.py:244] Automatically detected platform rocm.
[0;31mE20250902 04:02:25.243024 140643689981696 output_stream.cpp:105] Opened result file: ./profiles/standalone_attn_prefill_and_decode_tp8_prefill_then_decode16_8192_1_25632_kernel_trace.csv
[m[0;31mE20250902 04:02:25.249142 140643689981696 output_stream.cpp:105] Opened result file: ./profiles/standalone_attn_prefill_and_decode_tp8_prefill_then_decode16_8192_1_25632_agent_info.csv
[m[0;33mW20250902 04:02:33.877165 140643689981696 tool.cpp:1902] rocprofv3_error_signal_handler caught signal 11...
[m# ---- Run standalone_attn_prefill_and_decode_tp8_prefill_then_decode16_8192_1_51232 ----
INFO 09-02 04:02:38 [__init__.py:244] Automatically detected platform rocm.
[0;31mE20250902 04:02:54.224604 140562257278720 output_stream.cpp:105] Opened result file: ./profiles/standalone_attn_prefill_and_decode_tp8_prefill_then_decode16_8192_1_51232_kernel_trace.csv
[m[0;31mE20250902 04:02:54.230630 140562257278720 output_stream.cpp:105] Opened result file: ./profiles/standalone_attn_prefill_and_decode_tp8_prefill_then_decode16_8192_1_51232_agent_info.csv
[m[0;33mW20250902 04:03:02.698589 140562257278720 tool.cpp:1902] rocprofv3_error_signal_handler caught signal 11...
[m# ---- Run standalone_attn_prefill_and_decode_tp8_prefill_then_decode16_8192_1_102432 ----
INFO 09-02 04:03:07 [__init__.py:244] Automatically detected platform rocm.
[0;31mE20250902 04:03:23.053555 140038670714624 output_stream.cpp:105] Opened result file: ./profiles/standalone_attn_prefill_and_decode_tp8_prefill_then_decode16_8192_1_102432_kernel_trace.csv
[m[0;31mE20250902 04:03:23.059608 140038670714624 output_stream.cpp:105] Opened result file: ./profiles/standalone_attn_prefill_and_decode_tp8_prefill_then_decode16_8192_1_102432_agent_info.csv
[m[0;33mW20250902 04:03:31.482955 140038670714624 tool.cpp:1902] rocprofv3_error_signal_handler caught signal 11...
[m# ---- Run standalone_attn_prefill_and_decode_tp8_prefill_then_decode16_8192_1_204832 ----
INFO 09-02 04:03:36 [__init__.py:244] Automatically detected platform rocm.
[0;31mE20250902 04:03:52.100523 139877901870848 output_stream.cpp:105] Opened result file: ./profiles/standalone_attn_prefill_and_decode_tp8_prefill_then_decode16_8192_1_204832_kernel_trace.csv
[m[0;31mE20250902 04:03:52.106615 139877901870848 output_stream.cpp:105] Opened result file: ./profiles/standalone_attn_prefill_and_decode_tp8_prefill_then_decode16_8192_1_204832_agent_info.csv
[m[0;33mW20250902 04:04:01.019052 139877901870848 tool.cpp:1902] rocprofv3_error_signal_handler caught signal 11...
[m# ---- Run standalone_attn_prefill_and_decode_tp8_prefill_then_decode16_8192_1_409632 ----
INFO 09-02 04:04:05 [__init__.py:244] Automatically detected platform rocm.
[0;31mE20250902 04:04:21.477388 140454717486848 output_stream.cpp:105] Opened result file: ./profiles/standalone_attn_prefill_and_decode_tp8_prefill_then_decode16_8192_1_409632_kernel_trace.csv
[m[0;31mE20250902 04:04:21.483368 140454717486848 output_stream.cpp:105] Opened result file: ./profiles/standalone_attn_prefill_and_decode_tp8_prefill_then_decode16_8192_1_409632_agent_info.csv
[m[0;33mW20250902 04:04:29.887007 140454717486848 tool.cpp:1902] rocprofv3_error_signal_handler caught signal 11...
[m# ---- Run standalone_attn_prefill_and_decode_tp8_prefill_then_decode16_8192_1_819232 ----
INFO 09-02 04:04:34 [__init__.py:244] Automatically detected platform rocm.
[0;31mE20250902 04:04:50.237341 140230205269760 output_stream.cpp:105] Opened result file: ./profiles/standalone_attn_prefill_and_decode_tp8_prefill_then_decode16_8192_1_819232_kernel_trace.csv
[m[0;31mE20250902 04:04:50.243249 140230205269760 output_stream.cpp:105] Opened result file: ./profiles/standalone_attn_prefill_and_decode_tp8_prefill_then_decode16_8192_1_819232_agent_info.csv
[m[0;33mW20250902 04:04:58.657518 140230205269760 tool.cpp:1902] rocprofv3_error_signal_handler caught signal 11...
[m# ---- Run standalone_attn_prefill_and_decode_tp8_prefill_then_decode16_8192_2_25632 ----
INFO 09-02 04:05:03 [__init__.py:244] Automatically detected platform rocm.
[0;31mE20250902 04:05:18.919077 140422448445184 output_stream.cpp:105] Opened result file: ./profiles/standalone_attn_prefill_and_decode_tp8_prefill_then_decode16_8192_2_25632_kernel_trace.csv
[m[0;31mE20250902 04:05:18.925183 140422448445184 output_stream.cpp:105] Opened result file: ./profiles/standalone_attn_prefill_and_decode_tp8_prefill_then_decode16_8192_2_25632_agent_info.csv
[m[0;33mW20250902 04:05:27.409660 140422448445184 tool.cpp:1902] rocprofv3_error_signal_handler caught signal 11...
[m# ---- Run standalone_attn_prefill_and_decode_tp8_prefill_then_decode16_8192_2_51232 ----
INFO 09-02 04:05:32 [__init__.py:244] Automatically detected platform rocm.
[0;31mE20250902 04:05:47.874257 139790880143104 output_stream.cpp:105] Opened result file: ./profiles/standalone_attn_prefill_and_decode_tp8_prefill_then_decode16_8192_2_51232_kernel_trace.csv
[m[0;31mE20250902 04:05:47.880499 139790880143104 output_stream.cpp:105] Opened result file: ./profiles/standalone_attn_prefill_and_decode_tp8_prefill_then_decode16_8192_2_51232_agent_info.csv
[m[0;33mW20250902 04:05:56.349308 139790880143104 tool.cpp:1902] rocprofv3_error_signal_handler caught signal 11...
[m# ---- Run standalone_attn_prefill_and_decode_tp8_prefill_then_decode16_8192_2_102432 ----
INFO 09-02 04:06:01 [__init__.py:244] Automatically detected platform rocm.
[0;31mE20250902 04:06:16.979120 139909317547776 output_stream.cpp:105] Opened result file: ./profiles/standalone_attn_prefill_and_decode_tp8_prefill_then_decode16_8192_2_102432_kernel_trace.csv
[m[0;31mE20250902 04:06:16.985252 139909317547776 output_stream.cpp:105] Opened result file: ./profiles/standalone_attn_prefill_and_decode_tp8_prefill_then_decode16_8192_2_102432_agent_info.csv
[m[0;33mW20250902 04:06:25.381419 139909317547776 tool.cpp:1902] rocprofv3_error_signal_handler caught signal 11...
[m# ---- Run standalone_attn_prefill_and_decode_tp8_prefill_then_decode16_8192_2_204832 ----
INFO 09-02 04:06:30 [__init__.py:244] Automatically detected platform rocm.
[0;31mE20250902 04:06:46.027302 140265224304384 output_stream.cpp:105] Opened result file: ./profiles/standalone_attn_prefill_and_decode_tp8_prefill_then_decode16_8192_2_204832_kernel_trace.csv
[m[0;31mE20250902 04:06:46.033424 140265224304384 output_stream.cpp:105] Opened result file: ./profiles/standalone_attn_prefill_and_decode_tp8_prefill_then_decode16_8192_2_204832_agent_info.csv
[m[0;33mW20250902 04:06:54.539023 140265224304384 tool.cpp:1902] rocprofv3_error_signal_handler caught signal 11...
[m# ---- Run standalone_attn_prefill_and_decode_tp8_prefill_then_decode16_8192_2_409632 ----
INFO 09-02 04:06:59 [__init__.py:244] Automatically detected platform rocm.
[0;31mE20250902 04:07:15.252961 139637392815872 output_stream.cpp:105] Opened result file: ./profiles/standalone_attn_prefill_and_decode_tp8_prefill_then_decode16_8192_2_409632_kernel_trace.csv
[m[0;31mE20250902 04:07:15.258998 139637392815872 output_stream.cpp:105] Opened result file: ./profiles/standalone_attn_prefill_and_decode_tp8_prefill_then_decode16_8192_2_409632_agent_info.csv
[m[0;33mW20250902 04:07:23.937946 139637392815872 tool.cpp:1902] rocprofv3_error_signal_handler caught signal 11...
[m# ---- Run standalone_attn_prefill_and_decode_tp8_prefill_then_decode16_8192_2_819232 ----
INFO 09-02 04:07:28 [__init__.py:244] Automatically detected platform rocm.
[0;31mE20250902 04:07:44.651637 140340446680832 output_stream.cpp:105] Opened result file: ./profiles/standalone_attn_prefill_and_decode_tp8_prefill_then_decode16_8192_2_819232_kernel_trace.csv
[m[0;31mE20250902 04:07:44.657847 140340446680832 output_stream.cpp:105] Opened result file: ./profiles/standalone_attn_prefill_and_decode_tp8_prefill_then_decode16_8192_2_819232_agent_info.csv
[m[0;33mW20250902 04:07:53.278983 140340446680832 tool.cpp:1902] rocprofv3_error_signal_handler caught signal 11...
[m# ---- Run standalone_attn_prefill_and_decode_tp8_prefill_then_decode16_8192_4_25632 ----
INFO 09-02 04:07:58 [__init__.py:244] Automatically detected platform rocm.
[0;31mE20250902 04:08:13.887388 140241361909504 output_stream.cpp:105] Opened result file: ./profiles/standalone_attn_prefill_and_decode_tp8_prefill_then_decode16_8192_4_25632_kernel_trace.csv
[m[0;31mE20250902 04:08:13.893240 140241361909504 output_stream.cpp:105] Opened result file: ./profiles/standalone_attn_prefill_and_decode_tp8_prefill_then_decode16_8192_4_25632_agent_info.csv
[m[0;33mW20250902 04:08:22.529321 140241361909504 tool.cpp:1902] rocprofv3_error_signal_handler caught signal 11...
[m# ---- Run standalone_attn_prefill_and_decode_tp8_prefill_then_decode16_8192_4_51232 ----
INFO 09-02 04:08:27 [__init__.py:244] Automatically detected platform rocm.
[0;31mE20250902 04:08:42.963629 140447241549568 output_stream.cpp:105] Opened result file: ./profiles/standalone_attn_prefill_and_decode_tp8_prefill_then_decode16_8192_4_51232_kernel_trace.csv
[m[0;31mE20250902 04:08:42.969763 140447241549568 output_stream.cpp:105] Opened result file: ./profiles/standalone_attn_prefill_and_decode_tp8_prefill_then_decode16_8192_4_51232_agent_info.csv
[m[0;33mW20250902 04:08:51.705459 140447241549568 tool.cpp:1902] rocprofv3_error_signal_handler caught signal 11...
[m# ---- Run standalone_attn_prefill_and_decode_tp8_prefill_then_decode16_8192_4_102432 ----
INFO 09-02 04:08:56 [__init__.py:244] Automatically detected platform rocm.
[0;31mE20250902 04:09:12.118003 139924431931136 output_stream.cpp:105] Opened result file: ./profiles/standalone_attn_prefill_and_decode_tp8_prefill_then_decode16_8192_4_102432_kernel_trace.csv
[m[0;31mE20250902 04:09:12.123936 139924431931136 output_stream.cpp:105] Opened result file: ./profiles/standalone_attn_prefill_and_decode_tp8_prefill_then_decode16_8192_4_102432_agent_info.csv
[m[0;33mW20250902 04:09:20.660326 139924431931136 tool.cpp:1902] rocprofv3_error_signal_handler caught signal 11...
[m# ---- Run standalone_attn_prefill_and_decode_tp8_prefill_then_decode16_8192_4_204832 ----
INFO 09-02 04:09:25 [__init__.py:244] Automatically detected platform rocm.
[0;31mE20250902 04:09:41.242351 140281870489344 output_stream.cpp:105] Opened result file: ./profiles/standalone_attn_prefill_and_decode_tp8_prefill_then_decode16_8192_4_204832_kernel_trace.csv
[m[0;31mE20250902 04:09:41.249020 140281870489344 output_stream.cpp:105] Opened result file: ./profiles/standalone_attn_prefill_and_decode_tp8_prefill_then_decode16_8192_4_204832_agent_info.csv
[m[0;33mW20250902 04:09:50.038644 140281870489344 tool.cpp:1902] rocprofv3_error_signal_handler caught signal 11...
[m# ---- Run standalone_attn_prefill_and_decode_tp8_prefill_then_decode16_8192_4_409632 ----
INFO 09-02 04:09:54 [__init__.py:244] Automatically detected platform rocm.
[0;31mE20250902 04:10:10.449571 139833096668928 output_stream.cpp:105] Opened result file: ./profiles/standalone_attn_prefill_and_decode_tp8_prefill_then_decode16_8192_4_409632_kernel_trace.csv
[m[0;31mE20250902 04:10:10.455853 139833096668928 output_stream.cpp:105] Opened result file: ./profiles/standalone_attn_prefill_and_decode_tp8_prefill_then_decode16_8192_4_409632_agent_info.csv
[m[0;33mW20250902 04:10:19.266347 139833096668928 tool.cpp:1902] rocprofv3_error_signal_handler caught signal 11...
[m# ---- Run standalone_attn_prefill_and_decode_tp8_prefill_then_decode16_8192_4_819232 ----
INFO 09-02 04:10:24 [__init__.py:244] Automatically detected platform rocm.
[0;31mE20250902 04:10:39.603892 139884926658304 output_stream.cpp:105] Opened result file: ./profiles/standalone_attn_prefill_and_decode_tp8_prefill_then_decode16_8192_4_819232_kernel_trace.csv
[m[0;31mE20250902 04:10:39.610280 139884926658304 output_stream.cpp:105] Opened result file: ./profiles/standalone_attn_prefill_and_decode_tp8_prefill_then_decode16_8192_4_819232_agent_info.csv
[m[0;33mW20250902 04:10:48.533570 139884926658304 tool.cpp:1902] rocprofv3_error_signal_handler caught signal 11...
[m# ---- Run standalone_attn_prefill_and_decode_tp8_prefill_then_decode16_8192_8_25632 ----
INFO 09-02 04:10:53 [__init__.py:244] Automatically detected platform rocm.
[0;31mE20250902 04:11:09.177813 140101777925888 output_stream.cpp:105] Opened result file: ./profiles/standalone_attn_prefill_and_decode_tp8_prefill_then_decode16_8192_8_25632_kernel_trace.csv
[m[0;31mE20250902 04:11:09.183927 140101777925888 output_stream.cpp:105] Opened result file: ./profiles/standalone_attn_prefill_and_decode_tp8_prefill_then_decode16_8192_8_25632_agent_info.csv
[m[0;33mW20250902 04:11:18.019416 140101777925888 tool.cpp:1902] rocprofv3_error_signal_handler caught signal 11...
[m# ---- Run standalone_attn_prefill_and_decode_tp8_prefill_then_decode16_8192_8_51232 ----
INFO 09-02 04:11:22 [__init__.py:244] Automatically detected platform rocm.
[0;31mE20250902 04:11:38.460166 140287544907520 output_stream.cpp:105] Opened result file: ./profiles/standalone_attn_prefill_and_decode_tp8_prefill_then_decode16_8192_8_51232_kernel_trace.csv
[m[0;31mE20250902 04:11:38.466154 140287544907520 output_stream.cpp:105] Opened result file: ./profiles/standalone_attn_prefill_and_decode_tp8_prefill_then_decode16_8192_8_51232_agent_info.csv
[m[0;33mW20250902 04:11:47.355035 140287544907520 tool.cpp:1902] rocprofv3_error_signal_handler caught signal 11...
[m# ---- Run standalone_attn_prefill_and_decode_tp8_prefill_then_decode16_8192_8_102432 ----
INFO 09-02 04:11:52 [__init__.py:244] Automatically detected platform rocm.
[0;31mE20250902 04:12:07.981686 140532958197504 output_stream.cpp:105] Opened result file: ./profiles/standalone_attn_prefill_and_decode_tp8_prefill_then_decode16_8192_8_102432_kernel_trace.csv
[m[0;31mE20250902 04:12:07.987751 140532958197504 output_stream.cpp:105] Opened result file: ./profiles/standalone_attn_prefill_and_decode_tp8_prefill_then_decode16_8192_8_102432_agent_info.csv
[m[0;33mW20250902 04:12:16.531076 140532958197504 tool.cpp:1902] rocprofv3_error_signal_handler caught signal 11...
[m# ---- Run standalone_attn_prefill_and_decode_tp8_prefill_then_decode16_8192_8_204832 ----
INFO 09-02 04:12:21 [__init__.py:244] Automatically detected platform rocm.
[0;31mE20250902 04:12:37.256359 139727791277824 output_stream.cpp:105] Opened result file: ./profiles/standalone_attn_prefill_and_decode_tp8_prefill_then_decode16_8192_8_204832_kernel_trace.csv
[m[0;31mE20250902 04:12:37.262356 139727791277824 output_stream.cpp:105] Opened result file: ./profiles/standalone_attn_prefill_and_decode_tp8_prefill_then_decode16_8192_8_204832_agent_info.csv
[m[0;33mW20250902 04:12:46.179976 139727791277824 tool.cpp:1902] rocprofv3_error_signal_handler caught signal 11...
[m# ---- Run standalone_attn_prefill_and_decode_tp8_prefill_then_decode16_8192_8_409632 ----
INFO 09-02 04:12:51 [__init__.py:244] Automatically detected platform rocm.
[0;31mE20250902 04:13:06.607239 139801816766208 output_stream.cpp:105] Opened result file: ./profiles/standalone_attn_prefill_and_decode_tp8_prefill_then_decode16_8192_8_409632_kernel_trace.csv
[m[0;31mE20250902 04:13:06.613322 139801816766208 output_stream.cpp:105] Opened result file: ./profiles/standalone_attn_prefill_and_decode_tp8_prefill_then_decode16_8192_8_409632_agent_info.csv
[m[0;33mW20250902 04:13:15.011885 139801816766208 tool.cpp:1902] rocprofv3_error_signal_handler caught signal 11...
[m# ---- Run standalone_attn_prefill_and_decode_tp8_prefill_then_decode16_8192_8_819232 ----
INFO 09-02 04:13:19 [__init__.py:244] Automatically detected platform rocm.
[0;31mE20250902 04:13:35.538243 140113685837568 output_stream.cpp:105] Opened result file: ./profiles/standalone_attn_prefill_and_decode_tp8_prefill_then_decode16_8192_8_819232_kernel_trace.csv
[m[0;31mE20250902 04:13:35.544323 140113685837568 output_stream.cpp:105] Opened result file: ./profiles/standalone_attn_prefill_and_decode_tp8_prefill_then_decode16_8192_8_819232_agent_info.csv
[m[0;33mW20250902 04:13:44.407574 140113685837568 tool.cpp:1902] rocprofv3_error_signal_handler caught signal 11...
[m# ---- Run standalone_attn_prefill_and_decode_tp8_prefill_then_decode16_8192_16_25632 ----
INFO 09-02 04:13:49 [__init__.py:244] Automatically detected platform rocm.
[0;31mE20250902 04:14:05.015210 140619594258176 output_stream.cpp:105] Opened result file: ./profiles/standalone_attn_prefill_and_decode_tp8_prefill_then_decode16_8192_16_25632_kernel_trace.csv
[m[0;31mE20250902 04:14:05.021246 140619594258176 output_stream.cpp:105] Opened result file: ./profiles/standalone_attn_prefill_and_decode_tp8_prefill_then_decode16_8192_16_25632_agent_info.csv
[m[0;33mW20250902 04:14:13.939488 140619594258176 tool.cpp:1902] rocprofv3_error_signal_handler caught signal 11...
[m# ---- Run standalone_attn_prefill_and_decode_tp8_prefill_then_decode16_8192_16_51232 ----
INFO 09-02 04:14:18 [__init__.py:244] Automatically detected platform rocm.
[0;31mE20250902 04:14:34.675138 140207489111808 output_stream.cpp:105] Opened result file: ./profiles/standalone_attn_prefill_and_decode_tp8_prefill_then_decode16_8192_16_51232_kernel_trace.csv
[m[0;31mE20250902 04:14:34.681244 140207489111808 output_stream.cpp:105] Opened result file: ./profiles/standalone_attn_prefill_and_decode_tp8_prefill_then_decode16_8192_16_51232_agent_info.csv
[m[0;33mW20250902 04:14:43.462106 140207489111808 tool.cpp:1902] rocprofv3_error_signal_handler caught signal 11...
[m# ---- Run standalone_attn_prefill_and_decode_tp8_prefill_then_decode16_8192_16_102432 ----
INFO 09-02 04:14:48 [__init__.py:244] Automatically detected platform rocm.
[0;31mE20250902 04:15:04.138384 140437135906560 output_stream.cpp:105] Opened result file: ./profiles/standalone_attn_prefill_and_decode_tp8_prefill_then_decode16_8192_16_102432_kernel_trace.csv
[m[0;31mE20250902 04:15:04.144288 140437135906560 output_stream.cpp:105] Opened result file: ./profiles/standalone_attn_prefill_and_decode_tp8_prefill_then_decode16_8192_16_102432_agent_info.csv
[m[0;33mW20250902 04:15:12.972966 140437135906560 tool.cpp:1902] rocprofv3_error_signal_handler caught signal 11...
[m# ---- Run standalone_attn_prefill_and_decode_tp8_prefill_then_decode16_8192_16_204832 ----
INFO 09-02 04:15:18 [__init__.py:244] Automatically detected platform rocm.
[0;31mE20250902 04:15:33.839575 140502228489984 output_stream.cpp:105] Opened result file: ./profiles/standalone_attn_prefill_and_decode_tp8_prefill_then_decode16_8192_16_204832_kernel_trace.csv
[m[0;31mE20250902 04:15:33.845733 140502228489984 output_stream.cpp:105] Opened result file: ./profiles/standalone_attn_prefill_and_decode_tp8_prefill_then_decode16_8192_16_204832_agent_info.csv
[m[0;33mW20250902 04:15:42.639916 140502228489984 tool.cpp:1902] rocprofv3_error_signal_handler caught signal 11...
[m# ---- Run standalone_attn_prefill_and_decode_tp8_prefill_then_decode16_8192_16_409632 ----
INFO 09-02 04:15:47 [__init__.py:244] Automatically detected platform rocm.
[0;31mE20250902 04:16:03.276974 139863638411008 output_stream.cpp:105] Opened result file: ./profiles/standalone_attn_prefill_and_decode_tp8_prefill_then_decode16_8192_16_409632_kernel_trace.csv
[m[0;31mE20250902 04:16:03.282934 139863638411008 output_stream.cpp:105] Opened result file: ./profiles/standalone_attn_prefill_and_decode_tp8_prefill_then_decode16_8192_16_409632_agent_info.csv
[m[0;33mW20250902 04:16:12.253900 139863638411008 tool.cpp:1902] rocprofv3_error_signal_handler caught signal 11...
[m# ---- Run standalone_attn_prefill_and_decode_tp8_prefill_then_decode16_8192_16_819232 ----
INFO 09-02 04:16:17 [__init__.py:244] Automatically detected platform rocm.
[0;31mE20250902 04:16:32.998369 140312849737472 output_stream.cpp:105] Opened result file: ./profiles/standalone_attn_prefill_and_decode_tp8_prefill_then_decode16_8192_16_819232_kernel_trace.csv
[m[0;31mE20250902 04:16:33.004463 140312849737472 output_stream.cpp:105] Opened result file: ./profiles/standalone_attn_prefill_and_decode_tp8_prefill_then_decode16_8192_16_819232_agent_info.csv
[m[0;33mW20250902 04:16:41.806777 140312849737472 tool.cpp:1902] rocprofv3_error_signal_handler caught signal 11...
[m# ---- Run standalone_attn_prefill_and_decode_tp8_prefill_then_decode16_8192_32_25632 ----
INFO 09-02 04:16:46 [__init__.py:244] Automatically detected platform rocm.
[0;31mE20250902 04:17:02.792338 139977342629632 output_stream.cpp:105] Opened result file: ./profiles/standalone_attn_prefill_and_decode_tp8_prefill_then_decode16_8192_32_25632_kernel_trace.csv
[m[0;31mE20250902 04:17:02.798931 139977342629632 output_stream.cpp:105] Opened result file: ./profiles/standalone_attn_prefill_and_decode_tp8_prefill_then_decode16_8192_32_25632_agent_info.csv
[m[0;33mW20250902 04:17:11.270812 139977342629632 tool.cpp:1902] rocprofv3_error_signal_handler caught signal 11...
[m# ---- Run standalone_attn_prefill_and_decode_tp8_prefill_then_decode16_8192_32_51232 ----
INFO 09-02 04:17:16 [__init__.py:244] Automatically detected platform rocm.
[0;31mE20250902 04:17:31.764766 140195780765440 output_stream.cpp:105] Opened result file: ./profiles/standalone_attn_prefill_and_decode_tp8_prefill_then_decode16_8192_32_51232_kernel_trace.csv
[m[0;31mE20250902 04:17:31.771236 140195780765440 output_stream.cpp:105] Opened result file: ./profiles/standalone_attn_prefill_and_decode_tp8_prefill_then_decode16_8192_32_51232_agent_info.csv
[m[0;33mW20250902 04:17:40.815471 140195780765440 tool.cpp:1902] rocprofv3_error_signal_handler caught signal 11...
[m# ---- Run standalone_attn_prefill_and_decode_tp8_prefill_then_decode16_8192_32_102432 ----
INFO 09-02 04:17:45 [__init__.py:244] Automatically detected platform rocm.
[0;31mE20250902 04:18:01.275326 140349769316096 output_stream.cpp:105] Opened result file: ./profiles/standalone_attn_prefill_and_decode_tp8_prefill_then_decode16_8192_32_102432_kernel_trace.csv
[m[0;31mE20250902 04:18:01.281307 140349769316096 output_stream.cpp:105] Opened result file: ./profiles/standalone_attn_prefill_and_decode_tp8_prefill_then_decode16_8192_32_102432_agent_info.csv
[m[0;33mW20250902 04:18:09.724865 140349769316096 tool.cpp:1902] rocprofv3_error_signal_handler caught signal 11...
[m# ---- Run standalone_attn_prefill_and_decode_tp8_prefill_then_decode16_8192_32_204832 ----
INFO 09-02 04:18:14 [__init__.py:244] Automatically detected platform rocm.
[0;31mE20250902 04:18:30.188384 139630755657472 output_stream.cpp:105] Opened result file: ./profiles/standalone_attn_prefill_and_decode_tp8_prefill_then_decode16_8192_32_204832_kernel_trace.csv
[m[0;31mE20250902 04:18:30.194475 139630755657472 output_stream.cpp:105] Opened result file: ./profiles/standalone_attn_prefill_and_decode_tp8_prefill_then_decode16_8192_32_204832_agent_info.csv
[m[0;33mW20250902 04:18:38.699262 139630755657472 tool.cpp:1902] rocprofv3_error_signal_handler caught signal 11...
[m# ---- Run standalone_attn_prefill_and_decode_tp8_prefill_then_decode16_8192_32_409632 ----
INFO 09-02 04:18:43 [__init__.py:244] Automatically detected platform rocm.
[0;31mE20250902 04:18:59.431905 139842130618112 output_stream.cpp:105] Opened result file: ./profiles/standalone_attn_prefill_and_decode_tp8_prefill_then_decode16_8192_32_409632_kernel_trace.csv
[m[0;31mE20250902 04:18:59.437758 139842130618112 output_stream.cpp:105] Opened result file: ./profiles/standalone_attn_prefill_and_decode_tp8_prefill_then_decode16_8192_32_409632_agent_info.csv
[m[0;33mW20250902 04:19:08.229028 139842130618112 tool.cpp:1902] rocprofv3_error_signal_handler caught signal 11...
[m# ---- Run standalone_attn_prefill_and_decode_tp8_prefill_then_decode16_8192_32_819232 ----
INFO 09-02 04:19:13 [__init__.py:244] Automatically detected platform rocm.
[0;31mE20250902 04:19:29.086928 140253799384832 output_stream.cpp:105] Opened result file: ./profiles/standalone_attn_prefill_and_decode_tp8_prefill_then_decode16_8192_32_819232_kernel_trace.csv
[m[0;31mE20250902 04:19:29.092964 140253799384832 output_stream.cpp:105] Opened result file: ./profiles/standalone_attn_prefill_and_decode_tp8_prefill_then_decode16_8192_32_819232_agent_info.csv
[m[0;33mW20250902 04:19:37.742237 140253799384832 tool.cpp:1902] rocprofv3_error_signal_handler caught signal 11...
[m# ---- Run standalone_attn_prefill_and_decode_tp8_prefill_then_decode16_8192_64_25632 ----
INFO 09-02 04:19:42 [__init__.py:244] Automatically detected platform rocm.
[0;31mE20250902 04:19:58.710335 140044166170368 output_stream.cpp:105] Opened result file: ./profiles/standalone_attn_prefill_and_decode_tp8_prefill_then_decode16_8192_64_25632_kernel_trace.csv
[m[0;31mE20250902 04:19:58.717018 140044166170368 output_stream.cpp:105] Opened result file: ./profiles/standalone_attn_prefill_and_decode_tp8_prefill_then_decode16_8192_64_25632_agent_info.csv
[m[0;33mW20250902 04:20:07.590067 140044166170368 tool.cpp:1902] rocprofv3_error_signal_handler caught signal 11...
[m# ---- Run standalone_attn_prefill_and_decode_tp8_prefill_then_decode16_8192_64_51232 ----
INFO 09-02 04:20:12 [__init__.py:244] Automatically detected platform rocm.
[0;31mE20250902 04:20:28.205977 140113211700992 output_stream.cpp:105] Opened result file: ./profiles/standalone_attn_prefill_and_decode_tp8_prefill_then_decode16_8192_64_51232_kernel_trace.csv
[m[0;31mE20250902 04:20:28.211920 140113211700992 output_stream.cpp:105] Opened result file: ./profiles/standalone_attn_prefill_and_decode_tp8_prefill_then_decode16_8192_64_51232_agent_info.csv
[m[0;33mW20250902 04:20:36.633347 140113211700992 tool.cpp:1902] rocprofv3_error_signal_handler caught signal 11...
[m# ---- Run standalone_attn_prefill_and_decode_tp8_prefill_then_decode16_8192_64_102432 ----
INFO 09-02 04:20:41 [__init__.py:244] Automatically detected platform rocm.
[0;31mE20250902 04:20:57.210450 140071403984640 output_stream.cpp:105] Opened result file: ./profiles/standalone_attn_prefill_and_decode_tp8_prefill_then_decode16_8192_64_102432_kernel_trace.csv
[m[0;31mE20250902 04:20:57.216488 140071403984640 output_stream.cpp:105] Opened result file: ./profiles/standalone_attn_prefill_and_decode_tp8_prefill_then_decode16_8192_64_102432_agent_info.csv
[m[0;33mW20250902 04:21:06.036771 140071403984640 tool.cpp:1902] rocprofv3_error_signal_handler caught signal 11...
[m# ---- Run standalone_attn_prefill_and_decode_tp8_prefill_then_decode16_8192_64_204832 ----
INFO 09-02 04:21:10 [__init__.py:244] Automatically detected platform rocm.
[0;31mE20250902 04:21:26.423730 140352887961344 output_stream.cpp:105] Opened result file: ./profiles/standalone_attn_prefill_and_decode_tp8_prefill_then_decode16_8192_64_204832_kernel_trace.csv
[m[0;31mE20250902 04:21:26.429650 140352887961344 output_stream.cpp:105] Opened result file: ./profiles/standalone_attn_prefill_and_decode_tp8_prefill_then_decode16_8192_64_204832_agent_info.csv
[m[0;33mW20250902 04:21:35.185667 140352887961344 tool.cpp:1902] rocprofv3_error_signal_handler caught signal 11...
[m# ---- Run standalone_attn_prefill_and_decode_tp8_prefill_then_decode16_8192_64_409632 ----
INFO 09-02 04:21:40 [__init__.py:244] Automatically detected platform rocm.
[0;31mE20250902 04:21:55.821551 139994597136128 output_stream.cpp:105] Opened result file: ./profiles/standalone_attn_prefill_and_decode_tp8_prefill_then_decode16_8192_64_409632_kernel_trace.csv
[m[0;31mE20250902 04:21:55.827501 139994597136128 output_stream.cpp:105] Opened result file: ./profiles/standalone_attn_prefill_and_decode_tp8_prefill_then_decode16_8192_64_409632_agent_info.csv
[m[0;33mW20250902 04:22:04.401947 139994597136128 tool.cpp:1902] rocprofv3_error_signal_handler caught signal 11...
[m# ---- Run standalone_attn_prefill_and_decode_tp8_prefill_then_decode16_8192_64_819232 ----
INFO 09-02 04:22:09 [__init__.py:244] Automatically detected platform rocm.
[0;31mE20250902 04:22:25.306147 139860935685888 output_stream.cpp:105] Opened result file: ./profiles/standalone_attn_prefill_and_decode_tp8_prefill_then_decode16_8192_64_819232_kernel_trace.csv
[m[0;31mE20250902 04:22:25.312180 139860935685888 output_stream.cpp:105] Opened result file: ./profiles/standalone_attn_prefill_and_decode_tp8_prefill_then_decode16_8192_64_819232_agent_info.csv
[m[0;33mW20250902 04:22:33.693712 139860935685888 tool.cpp:1902] rocprofv3_error_signal_handler caught signal 11...
[m# ---- Run standalone_attn_prefill_and_decode_tp8_prefill_then_decode16_8192_128_25632 ----
INFO 09-02 04:22:38 [__init__.py:244] Automatically detected platform rocm.
[0;31mE20250902 04:22:53.327712 140679683925760 output_stream.cpp:105] Opened result file: ./profiles/standalone_attn_prefill_and_decode_tp8_prefill_then_decode16_8192_128_25632_kernel_trace.csv
[m[0;31mE20250902 04:22:53.333716 140679683925760 output_stream.cpp:105] Opened result file: ./profiles/standalone_attn_prefill_and_decode_tp8_prefill_then_decode16_8192_128_25632_agent_info.csv
[m[0;33mW20250902 04:23:02.287957 140679683925760 tool.cpp:1902] rocprofv3_error_signal_handler caught signal 11...
[m# ---- Run standalone_attn_prefill_and_decode_tp8_prefill_then_decode16_8192_128_51232 ----
INFO 09-02 04:23:07 [__init__.py:244] Automatically detected platform rocm.
[0;31mE20250902 04:23:21.726911 140108341081856 output_stream.cpp:105] Opened result file: ./profiles/standalone_attn_prefill_and_decode_tp8_prefill_then_decode16_8192_128_51232_kernel_trace.csv
[m[0;31mE20250902 04:23:21.732946 140108341081856 output_stream.cpp:105] Opened result file: ./profiles/standalone_attn_prefill_and_decode_tp8_prefill_then_decode16_8192_128_51232_agent_info.csv
[m[0;33mW20250902 04:23:30.245885 140108341081856 tool.cpp:1902] rocprofv3_error_signal_handler caught signal 11...
[m# ---- Run standalone_attn_prefill_and_decode_tp8_prefill_then_decode16_8192_128_102432 ----
INFO 09-02 04:23:35 [__init__.py:244] Automatically detected platform rocm.
[0;31mE20250902 04:23:49.855056 140143829878528 output_stream.cpp:105] Opened result file: ./profiles/standalone_attn_prefill_and_decode_tp8_prefill_then_decode16_8192_128_102432_kernel_trace.csv
[m[0;31mE20250902 04:23:49.861405 140143829878528 output_stream.cpp:105] Opened result file: ./profiles/standalone_attn_prefill_and_decode_tp8_prefill_then_decode16_8192_128_102432_agent_info.csv
[m[0;33mW20250902 04:23:59.049725 140143829878528 tool.cpp:1902] rocprofv3_error_signal_handler caught signal 11...
[m# ---- Run standalone_attn_prefill_and_decode_tp8_prefill_then_decode16_8192_128_204832 ----
INFO 09-02 04:24:04 [__init__.py:244] Automatically detected platform rocm.
[0;31mE20250902 04:24:18.827339 140057964394240 output_stream.cpp:105] Opened result file: ./profiles/standalone_attn_prefill_and_decode_tp8_prefill_then_decode16_8192_128_204832_kernel_trace.csv
[m[0;31mE20250902 04:24:18.833093 140057964394240 output_stream.cpp:105] Opened result file: ./profiles/standalone_attn_prefill_and_decode_tp8_prefill_then_decode16_8192_128_204832_agent_info.csv
[m[0;33mW20250902 04:24:27.436696 140057964394240 tool.cpp:1902] rocprofv3_error_signal_handler caught signal 11...
[m# ---- Run standalone_attn_prefill_and_decode_tp8_prefill_then_decode16_8192_128_409632 ----
INFO 09-02 04:24:32 [__init__.py:244] Automatically detected platform rocm.
[0;31mE20250902 04:24:47.109271 140089936459520 output_stream.cpp:105] Opened result file: ./profiles/standalone_attn_prefill_and_decode_tp8_prefill_then_decode16_8192_128_409632_kernel_trace.csv
[m[0;31mE20250902 04:24:47.115175 140089936459520 output_stream.cpp:105] Opened result file: ./profiles/standalone_attn_prefill_and_decode_tp8_prefill_then_decode16_8192_128_409632_agent_info.csv
[m[0;33mW20250902 04:24:55.989652 140089936459520 tool.cpp:1902] rocprofv3_error_signal_handler caught signal 11...
[m# ---- Run standalone_attn_prefill_and_decode_tp8_prefill_then_decode16_8192_128_819232 ----
INFO 09-02 04:25:00 [__init__.py:244] Automatically detected platform rocm.
[0;31mE20250902 04:25:15.383177 140594586031872 output_stream.cpp:105] Opened result file: ./profiles/standalone_attn_prefill_and_decode_tp8_prefill_then_decode16_8192_128_819232_kernel_trace.csv
[m[0;31mE20250902 04:25:15.389089 140594586031872 output_stream.cpp:105] Opened result file: ./profiles/standalone_attn_prefill_and_decode_tp8_prefill_then_decode16_8192_128_819232_agent_info.csv
[m[0;33mW20250902 04:25:23.960321 140594586031872 tool.cpp:1902] rocprofv3_error_signal_handler caught signal 11...
[m# ---- Run standalone_attn_prefill_1_256_32 ----
Fatal error: [Errno 2] No such file or directory: ' metrics_2.txt'
# ---- Run standalone_attn_prefill_1_256_160 ----
Fatal error: [Errno 2] No such file or directory: ' metrics_2.txt'
# ---- Run standalone_attn_prefill_1_512_32 ----
Fatal error: [Errno 2] No such file or directory: ' metrics_2.txt'
# ---- Run standalone_attn_prefill_1_512_160 ----
Fatal error: [Errno 2] No such file or directory: ' metrics_2.txt'
# ---- Run standalone_attn_prefill_1_1024_32 ----
Fatal error: [Errno 2] No such file or directory: ' metrics_2.txt'
# ---- Run standalone_attn_prefill_1_1024_160 ----
Fatal error: [Errno 2] No such file or directory: ' metrics_2.txt'
# ---- Run standalone_attn_prefill_1_2048_32 ----
Fatal error: [Errno 2] No such file or directory: ' metrics_2.txt'
# ---- Run standalone_attn_prefill_1_2048_160 ----
Fatal error: [Errno 2] No such file or directory: ' metrics_2.txt'
# ---- Run standalone_attn_prefill_1_4096_32 ----
Fatal error: [Errno 2] No such file or directory: ' metrics_2.txt'
# ---- Run standalone_attn_prefill_1_4096_160 ----
Fatal error: [Errno 2] No such file or directory: ' metrics_2.txt'
# ---- Run standalone_attn_prefill_1_8192_32 ----
Fatal error: [Errno 2] No such file or directory: ' metrics_2.txt'
# ---- Run standalone_attn_prefill_1_8192_160 ----
Fatal error: [Errno 2] No such file or directory: ' metrics_2.txt'
# ---- Run standalone_attn_prefill_4_256_32 ----
Fatal error: [Errno 2] No such file or directory: ' metrics_2.txt'
# ---- Run standalone_attn_prefill_4_256_160 ----
Fatal error: [Errno 2] No such file or directory: ' metrics_2.txt'
# ---- Run standalone_attn_prefill_4_512_32 ----
Fatal error: [Errno 2] No such file or directory: ' metrics_2.txt'
# ---- Run standalone_attn_prefill_4_512_160 ----
Fatal error: [Errno 2] No such file or directory: ' metrics_2.txt'
# ---- Run standalone_attn_prefill_4_1024_32 ----
Fatal error: [Errno 2] No such file or directory: ' metrics_2.txt'
# ---- Run standalone_attn_prefill_4_1024_160 ----
Fatal error: [Errno 2] No such file or directory: ' metrics_2.txt'
# ---- Run standalone_attn_prefill_4_2048_32 ----
Fatal error: [Errno 2] No such file or directory: ' metrics_2.txt'
# ---- Run standalone_attn_prefill_4_2048_160 ----
Fatal error: [Errno 2] No such file or directory: ' metrics_2.txt'
# ---- Run standalone_attn_prefill_4_4096_32 ----
Fatal error: [Errno 2] No such file or directory: ' metrics_2.txt'
# ---- Run standalone_attn_prefill_4_4096_160 ----
Fatal error: [Errno 2] No such file or directory: ' metrics_2.txt'
# ---- Run standalone_attn_prefill_4_8192_32 ----
Fatal error: [Errno 2] No such file or directory: ' metrics_2.txt'
# ---- Run standalone_attn_prefill_4_8192_160 ----
Fatal error: [Errno 2] No such file or directory: ' metrics_2.txt'
# ---- Run standalone_attn_prefill_8_256_32 ----
Fatal error: [Errno 2] No such file or directory: ' metrics_2.txt'
# ---- Run standalone_attn_prefill_8_256_160 ----
Fatal error: [Errno 2] No such file or directory: ' metrics_2.txt'
# ---- Run standalone_attn_prefill_8_512_32 ----
Fatal error: [Errno 2] No such file or directory: ' metrics_2.txt'
# ---- Run standalone_attn_prefill_8_512_160 ----
Fatal error: [Errno 2] No such file or directory: ' metrics_2.txt'
# ---- Run standalone_attn_prefill_8_1024_32 ----
Fatal error: [Errno 2] No such file or directory: ' metrics_2.txt'
# ---- Run standalone_attn_prefill_8_1024_160 ----
Fatal error: [Errno 2] No such file or directory: ' metrics_2.txt'
# ---- Run standalone_attn_prefill_8_2048_32 ----
Fatal error: [Errno 2] No such file or directory: ' metrics_2.txt'
# ---- Run standalone_attn_prefill_8_2048_160 ----
Fatal error: [Errno 2] No such file or directory: ' metrics_2.txt'
# ---- Run standalone_attn_prefill_8_4096_32 ----
Fatal error: [Errno 2] No such file or directory: ' metrics_2.txt'
# ---- Run standalone_attn_prefill_8_4096_160 ----
Fatal error: [Errno 2] No such file or directory: ' metrics_2.txt'
# ---- Run standalone_attn_prefill_8_8192_32 ----
Fatal error: [Errno 2] No such file or directory: ' metrics_2.txt'
# ---- Run standalone_attn_prefill_8_8192_160 ----
Fatal error: [Errno 2] No such file or directory: ' metrics_2.txt'
# ---- Run standalone_attn_prefill_16_256_32 ----
Fatal error: [Errno 2] No such file or directory: ' metrics_2.txt'
# ---- Run standalone_attn_prefill_16_256_160 ----
Fatal error: [Errno 2] No such file or directory: ' metrics_2.txt'
# ---- Run standalone_attn_prefill_16_512_32 ----
Fatal error: [Errno 2] No such file or directory: ' metrics_2.txt'
# ---- Run standalone_attn_prefill_16_512_160 ----
Fatal error: [Errno 2] No such file or directory: ' metrics_2.txt'
# ---- Run standalone_attn_prefill_16_1024_32 ----
Fatal error: [Errno 2] No such file or directory: ' metrics_2.txt'
# ---- Run standalone_attn_prefill_16_1024_160 ----
Fatal error: [Errno 2] No such file or directory: ' metrics_2.txt'
# ---- Run standalone_attn_prefill_16_2048_32 ----
Fatal error: [Errno 2] No such file or directory: ' metrics_2.txt'
# ---- Run standalone_attn_prefill_16_2048_160 ----
Fatal error: [Errno 2] No such file or directory: ' metrics_2.txt'
# ---- Run standalone_attn_prefill_16_4096_32 ----
Fatal error: [Errno 2] No such file or directory: ' metrics_2.txt'
# ---- Run standalone_attn_prefill_16_4096_160 ----
Fatal error: [Errno 2] No such file or directory: ' metrics_2.txt'
# ---- Run standalone_attn_prefill_16_8192_32 ----
Fatal error: [Errno 2] No such file or directory: ' metrics_2.txt'
# ---- Run standalone_attn_prefill_16_8192_160 ----
Fatal error: [Errno 2] No such file or directory: ' metrics_2.txt'
# ---- Run standalone_attn_prefill_fetch_size_1_256_32 ----
INFO 09-02 06:39:35 [__init__.py:244] Automatically detected platform rocm.
[0;31mE20250902 06:39:52.426073 140246547740416 output_stream.cpp:105] Opened result file: ./hwcount/pmc_1/standalone_attn_prefill_fetch_size_1_256_32_counter_collection.csv
[m[0;31mE20250902 06:39:52.434565 140246547740416 output_stream.cpp:105] Opened result file: ./hwcount/pmc_1/standalone_attn_prefill_fetch_size_1_256_32_agent_info.csv
[m[0;33mW20250902 06:40:01.926194 140246547740416 tool.cpp:1902] rocprofv3_error_signal_handler caught signal 11...
[mFatal error: Command '['python3', 'standalone_attn_prefill.py', '--prefill-batch', '1', '--prefill-len', '256', '--iters', '5', '--decode-mask', '32']' died with <Signals.SIGSEGV: 11>.

# ---- Run standalone_attn_prefill_fetch_size_1_256_160 ----
INFO 09-02 06:40:07 [__init__.py:244] Automatically detected platform rocm.
[0;31mE20250902 06:40:23.619909 140656468031232 output_stream.cpp:105] Opened result file: ./hwcount/pmc_1/standalone_attn_prefill_fetch_size_1_256_160_counter_collection.csv
[m[0;31mE20250902 06:40:23.628150 140656468031232 output_stream.cpp:105] Opened result file: ./hwcount/pmc_1/standalone_attn_prefill_fetch_size_1_256_160_agent_info.csv
[m[0;33mW20250902 06:40:32.715553 140656468031232 tool.cpp:1902] rocprofv3_error_signal_handler caught signal 11...
[mFatal error: Command '['python3', 'standalone_attn_prefill.py', '--prefill-batch', '1', '--prefill-len', '256', '--iters', '5', '--decode-mask', '160']' died with <Signals.SIGSEGV: 11>.

# ---- Run standalone_attn_prefill_fetch_size_1_512_32 ----
INFO 09-02 06:40:38 [__init__.py:244] Automatically detected platform rocm.
[0;31mE20250902 06:40:54.466405 139942436693760 output_stream.cpp:105] Opened result file: ./hwcount/pmc_1/standalone_attn_prefill_fetch_size_1_512_32_counter_collection.csv
[m[0;31mE20250902 06:40:54.474430 139942436693760 output_stream.cpp:105] Opened result file: ./hwcount/pmc_1/standalone_attn_prefill_fetch_size_1_512_32_agent_info.csv
[m[0;33mW20250902 06:41:03.184517 139942436693760 tool.cpp:1902] rocprofv3_error_signal_handler caught signal 11...
[mFatal error: Command '['python3', 'standalone_attn_prefill.py', '--prefill-batch', '1', '--prefill-len', '512', '--iters', '5', '--decode-mask', '32']' died with <Signals.SIGSEGV: 11>.

# ---- Run standalone_attn_prefill_fetch_size_1_512_160 ----
INFO 09-02 06:41:09 [__init__.py:244] Automatically detected platform rocm.
[0;31mE20250902 06:41:26.835325 140179272865536 output_stream.cpp:105] Opened result file: ./hwcount/pmc_1/standalone_attn_prefill_fetch_size_1_512_160_counter_collection.csv
[m[0;31mE20250902 06:41:26.844367 140179272865536 output_stream.cpp:105] Opened result file: ./hwcount/pmc_1/standalone_attn_prefill_fetch_size_1_512_160_agent_info.csv
[m[0;33mW20250902 06:41:36.129399 140179272865536 tool.cpp:1902] rocprofv3_error_signal_handler caught signal 11...
[mFatal error: Command '['python3', 'standalone_attn_prefill.py', '--prefill-batch', '1', '--prefill-len', '512', '--iters', '5', '--decode-mask', '160']' died with <Signals.SIGSEGV: 11>.

# ---- Run standalone_attn_prefill_fetch_size_1_256_32 ----
INFO 09-02 06:43:28 [__init__.py:244] Automatically detected platform rocm.
[0;31mE20250902 06:43:45.395542 139824886945536 output_stream.cpp:105] Opened result file: ./hwcount/pmc_1/standalone_attn_prefill_fetch_size_1_256_32_counter_collection.csv
[m[0;31mE20250902 06:43:45.404104 139824886945536 output_stream.cpp:105] Opened result file: ./hwcount/pmc_1/standalone_attn_prefill_fetch_size_1_256_32_agent_info.csv
[m[0;33mW20250902 06:43:54.467591 139824886945536 tool.cpp:1902] rocprofv3_error_signal_handler caught signal 11...
[m# ---- Run standalone_attn_prefill_fetch_size_1_256_160 ----
INFO 09-02 06:43:59 [__init__.py:244] Automatically detected platform rocm.
[0;31mE20250902 06:44:15.777051 139850510907136 output_stream.cpp:105] Opened result file: ./hwcount/pmc_1/standalone_attn_prefill_fetch_size_1_256_160_counter_collection.csv
[m[0;31mE20250902 06:44:15.785867 139850510907136 output_stream.cpp:105] Opened result file: ./hwcount/pmc_1/standalone_attn_prefill_fetch_size_1_256_160_agent_info.csv
[m[0;33mW20250902 06:44:23.928211 139850510907136 tool.cpp:1902] rocprofv3_error_signal_handler caught signal 11...
[m# ---- Run standalone_attn_prefill_fetch_size_1_512_32 ----
INFO 09-02 06:44:29 [__init__.py:244] Automatically detected platform rocm.
[0;31mE20250902 06:44:45.202124 140305405978368 output_stream.cpp:105] Opened result file: ./hwcount/pmc_1/standalone_attn_prefill_fetch_size_1_512_32_counter_collection.csv
[m[0;31mE20250902 06:44:45.211221 140305405978368 output_stream.cpp:105] Opened result file: ./hwcount/pmc_1/standalone_attn_prefill_fetch_size_1_512_32_agent_info.csv
[m[0;33mW20250902 06:44:54.330644 140305405978368 tool.cpp:1902] rocprofv3_error_signal_handler caught signal 11...
[m# ---- Run standalone_attn_prefill_fetch_size_1_512_160 ----
INFO 09-02 06:45:00 [__init__.py:244] Automatically detected platform rocm.
[0;31mE20250902 06:45:16.351897 140708282943232 output_stream.cpp:105] Opened result file: ./hwcount/pmc_1/standalone_attn_prefill_fetch_size_1_512_160_counter_collection.csv
[m[0;31mE20250902 06:45:16.362109 140708282943232 output_stream.cpp:105] Opened result file: ./hwcount/pmc_1/standalone_attn_prefill_fetch_size_1_512_160_agent_info.csv
[m[0;33mW20250902 06:45:25.710860 140708282943232 tool.cpp:1902] rocprofv3_error_signal_handler caught signal 11...
[m# ---- Run standalone_attn_prefill_fetch_size_1_1024_32 ----
INFO 09-02 06:45:32 [__init__.py:244] Automatically detected platform rocm.
[0;31mE20250902 06:45:49.463443 139847253255936 output_stream.cpp:105] Opened result file: ./hwcount/pmc_1/standalone_attn_prefill_fetch_size_1_1024_32_counter_collection.csv
[m[0;31mE20250902 06:45:49.471787 139847253255936 output_stream.cpp:105] Opened result file: ./hwcount/pmc_1/standalone_attn_prefill_fetch_size_1_1024_32_agent_info.csv
[m[0;33mW20250902 06:45:58.569908 139847253255936 tool.cpp:1902] rocprofv3_error_signal_handler caught signal 11...
[m# ---- Run standalone_attn_prefill_fetch_size_1_1024_160 ----
INFO 09-02 06:46:03 [__init__.py:244] Automatically detected platform rocm.
[0;31mE20250902 06:46:19.545358 140479794190080 output_stream.cpp:105] Opened result file: ./hwcount/pmc_1/standalone_attn_prefill_fetch_size_1_1024_160_counter_collection.csv
[m[0;31mE20250902 06:46:19.553544 140479794190080 output_stream.cpp:105] Opened result file: ./hwcount/pmc_1/standalone_attn_prefill_fetch_size_1_1024_160_agent_info.csv
[m[0;33mW20250902 06:46:28.433072 140479794190080 tool.cpp:1902] rocprofv3_error_signal_handler caught signal 11...
[m# ---- Run standalone_attn_prefill_fetch_size_1_2048_32 ----
INFO 09-02 06:46:33 [__init__.py:244] Automatically detected platform rocm.
[0;31mE20250902 06:46:49.599678 140433609107200 output_stream.cpp:105] Opened result file: ./hwcount/pmc_1/standalone_attn_prefill_fetch_size_1_2048_32_counter_collection.csv
[m[0;31mE20250902 06:46:49.607741 140433609107200 output_stream.cpp:105] Opened result file: ./hwcount/pmc_1/standalone_attn_prefill_fetch_size_1_2048_32_agent_info.csv
[m[0;33mW20250902 06:46:58.575609 140433609107200 tool.cpp:1902] rocprofv3_error_signal_handler caught signal 11...
[m# ---- Run standalone_attn_prefill_fetch_size_1_2048_160 ----
INFO 09-02 06:47:04 [__init__.py:244] Automatically detected platform rocm.
[0;31mE20250902 06:47:22.385857 139701541885696 output_stream.cpp:105] Opened result file: ./hwcount/pmc_1/standalone_attn_prefill_fetch_size_1_2048_160_counter_collection.csv
[m[0;31mE20250902 06:47:22.396489 139701541885696 output_stream.cpp:105] Opened result file: ./hwcount/pmc_1/standalone_attn_prefill_fetch_size_1_2048_160_agent_info.csv
[m[0;33mW20250902 06:47:32.726266 139701541885696 tool.cpp:1902] rocprofv3_error_signal_handler caught signal 11...
[m# ---- Run standalone_attn_prefill_fetch_size_1_4096_32 ----
INFO 09-02 06:47:39 [__init__.py:244] Automatically detected platform rocm.
[0;31mE20250902 06:47:56.851844 140063633843968 output_stream.cpp:105] Opened result file: ./hwcount/pmc_1/standalone_attn_prefill_fetch_size_1_4096_32_counter_collection.csv
[m[0;31mE20250902 06:47:56.859994 140063633843968 output_stream.cpp:105] Opened result file: ./hwcount/pmc_1/standalone_attn_prefill_fetch_size_1_4096_32_agent_info.csv
[m[0;33mW20250902 06:48:05.767053 140063633843968 tool.cpp:1902] rocprofv3_error_signal_handler caught signal 11...
[m# ---- Run standalone_attn_prefill_fetch_size_1_4096_160 ----
INFO 09-02 06:48:11 [__init__.py:244] Automatically detected platform rocm.
[0;31mE20250902 06:48:27.854391 139746283894528 output_stream.cpp:105] Opened result file: ./hwcount/pmc_1/standalone_attn_prefill_fetch_size_1_4096_160_counter_collection.csv
[m[0;31mE20250902 06:48:27.865256 139746283894528 output_stream.cpp:105] Opened result file: ./hwcount/pmc_1/standalone_attn_prefill_fetch_size_1_4096_160_agent_info.csv
[m[0;33mW20250902 06:48:37.943130 139746283894528 tool.cpp:1902] rocprofv3_error_signal_handler caught signal 11...
[m# ---- Run standalone_attn_prefill_fetch_size_1_8192_32 ----
INFO 09-02 06:48:44 [__init__.py:244] Automatically detected platform rocm.
[0;31mE20250902 06:49:01.201638 140330003552000 output_stream.cpp:105] Opened result file: ./hwcount/pmc_1/standalone_attn_prefill_fetch_size_1_8192_32_counter_collection.csv
[m[0;31mE20250902 06:49:01.209862 140330003552000 output_stream.cpp:105] Opened result file: ./hwcount/pmc_1/standalone_attn_prefill_fetch_size_1_8192_32_agent_info.csv
[m[0;33mW20250902 06:49:09.704740 140330003552000 tool.cpp:1902] rocprofv3_error_signal_handler caught signal 11...
[m# ---- Run standalone_attn_prefill_fetch_size_1_8192_160 ----
INFO 09-02 06:49:15 [__init__.py:244] Automatically detected platform rocm.
[0;31mE20250902 06:49:31.074359 140053576587008 output_stream.cpp:105] Opened result file: ./hwcount/pmc_1/standalone_attn_prefill_fetch_size_1_8192_160_counter_collection.csv
[m[0;31mE20250902 06:49:31.082790 140053576587008 output_stream.cpp:105] Opened result file: ./hwcount/pmc_1/standalone_attn_prefill_fetch_size_1_8192_160_agent_info.csv
[m[0;33mW20250902 06:49:40.091112 140053576587008 tool.cpp:1902] rocprofv3_error_signal_handler caught signal 11...
[m# ---- Run standalone_attn_prefill_fetch_size_4_256_32 ----
INFO 09-02 06:49:45 [__init__.py:244] Automatically detected platform rocm.
[0;31mE20250902 06:50:01.869232 140353374725888 output_stream.cpp:105] Opened result file: ./hwcount/pmc_1/standalone_attn_prefill_fetch_size_4_256_32_counter_collection.csv
[m[0;31mE20250902 06:50:01.877388 140353374725888 output_stream.cpp:105] Opened result file: ./hwcount/pmc_1/standalone_attn_prefill_fetch_size_4_256_32_agent_info.csv
[m[0;33mW20250902 06:50:11.027859 140353374725888 tool.cpp:1902] rocprofv3_error_signal_handler caught signal 11...
[m# ---- Run standalone_attn_prefill_fetch_size_4_256_160 ----
INFO 09-02 06:50:16 [__init__.py:244] Automatically detected platform rocm.
[0;31mE20250902 06:50:32.229848 140154564355840 output_stream.cpp:105] Opened result file: ./hwcount/pmc_1/standalone_attn_prefill_fetch_size_4_256_160_counter_collection.csv
[m[0;31mE20250902 06:50:32.237896 140154564355840 output_stream.cpp:105] Opened result file: ./hwcount/pmc_1/standalone_attn_prefill_fetch_size_4_256_160_agent_info.csv
[m[0;33mW20250902 06:50:41.215655 140154564355840 tool.cpp:1902] rocprofv3_error_signal_handler caught signal 11...
[m# ---- Run standalone_attn_prefill_fetch_size_4_512_32 ----
INFO 09-02 06:50:46 [__init__.py:244] Automatically detected platform rocm.
[0;31mE20250902 06:51:04.139604 139652788381440 output_stream.cpp:105] Opened result file: ./hwcount/pmc_1/standalone_attn_prefill_fetch_size_4_512_32_counter_collection.csv
[m[0;31mE20250902 06:51:04.149235 139652788381440 output_stream.cpp:105] Opened result file: ./hwcount/pmc_1/standalone_attn_prefill_fetch_size_4_512_32_agent_info.csv
[m[0;33mW20250902 06:51:13.458771 139652788381440 tool.cpp:1902] rocprofv3_error_signal_handler caught signal 11...
[m# ---- Run standalone_attn_prefill_fetch_size_4_512_160 ----
INFO 09-02 06:51:19 [__init__.py:244] Automatically detected platform rocm.
[0;31mE20250902 06:51:36.646522 140621232367360 output_stream.cpp:105] Opened result file: ./hwcount/pmc_1/standalone_attn_prefill_fetch_size_4_512_160_counter_collection.csv
[m[0;31mE20250902 06:51:36.655214 140621232367360 output_stream.cpp:105] Opened result file: ./hwcount/pmc_1/standalone_attn_prefill_fetch_size_4_512_160_agent_info.csv
[m[0;33mW20250902 06:51:46.054095 140621232367360 tool.cpp:1902] rocprofv3_error_signal_handler caught signal 11...
[m# ---- Run standalone_attn_prefill_fetch_size_4_1024_32 ----
INFO 09-02 06:51:51 [__init__.py:244] Automatically detected platform rocm.
[0;31mE20250902 06:52:07.059541 140390077339392 output_stream.cpp:105] Opened result file: ./hwcount/pmc_1/standalone_attn_prefill_fetch_size_4_1024_32_counter_collection.csv
[m[0;31mE20250902 06:52:07.068247 140390077339392 output_stream.cpp:105] Opened result file: ./hwcount/pmc_1/standalone_attn_prefill_fetch_size_4_1024_32_agent_info.csv
[m[0;33mW20250902 06:52:16.424217 140390077339392 tool.cpp:1902] rocprofv3_error_signal_handler caught signal 11...
[m# ---- Run standalone_attn_prefill_fetch_size_4_1024_160 ----
INFO 09-02 06:52:22 [__init__.py:244] Automatically detected platform rocm.
[0;31mE20250902 06:52:37.471025 139889466754816 output_stream.cpp:105] Opened result file: ./hwcount/pmc_1/standalone_attn_prefill_fetch_size_4_1024_160_counter_collection.csv
[m[0;31mE20250902 06:52:37.478802 139889466754816 output_stream.cpp:105] Opened result file: ./hwcount/pmc_1/standalone_attn_prefill_fetch_size_4_1024_160_agent_info.csv
[m[0;33mW20250902 06:52:46.433211 139889466754816 tool.cpp:1902] rocprofv3_error_signal_handler caught signal 11...
[m# ---- Run standalone_attn_prefill_fetch_size_4_2048_32 ----
INFO 09-02 06:52:52 [__init__.py:244] Automatically detected platform rocm.
[0;31mE20250902 06:53:07.871706 140111682492160 output_stream.cpp:105] Opened result file: ./hwcount/pmc_1/standalone_attn_prefill_fetch_size_4_2048_32_counter_collection.csv
[m[0;31mE20250902 06:53:07.879613 140111682492160 output_stream.cpp:105] Opened result file: ./hwcount/pmc_1/standalone_attn_prefill_fetch_size_4_2048_32_agent_info.csv
[m[0;33mW20250902 06:53:17.032315 140111682492160 tool.cpp:1902] rocprofv3_error_signal_handler caught signal 11...
[m# ---- Run standalone_attn_prefill_fetch_size_4_2048_160 ----
INFO 09-02 06:53:22 [__init__.py:244] Automatically detected platform rocm.
[0;31mE20250902 06:53:38.439973 140481983182592 output_stream.cpp:105] Opened result file: ./hwcount/pmc_1/standalone_attn_prefill_fetch_size_4_2048_160_counter_collection.csv
[m[0;31mE20250902 06:53:38.448108 140481983182592 output_stream.cpp:105] Opened result file: ./hwcount/pmc_1/standalone_attn_prefill_fetch_size_4_2048_160_agent_info.csv
[m[0;33mW20250902 06:53:47.317790 140481983182592 tool.cpp:1902] rocprofv3_error_signal_handler caught signal 11...
[m# ---- Run standalone_attn_prefill_fetch_size_4_4096_32 ----
INFO 09-02 06:53:53 [__init__.py:244] Automatically detected platform rocm.
[0;31mE20250902 06:54:09.336103 140050075432704 output_stream.cpp:105] Opened result file: ./hwcount/pmc_1/standalone_attn_prefill_fetch_size_4_4096_32_counter_collection.csv
[m[0;31mE20250902 06:54:09.343965 140050075432704 output_stream.cpp:105] Opened result file: ./hwcount/pmc_1/standalone_attn_prefill_fetch_size_4_4096_32_agent_info.csv
[m[0;33mW20250902 06:54:17.880490 140050075432704 tool.cpp:1902] rocprofv3_error_signal_handler caught signal 11...
[m# ---- Run standalone_attn_prefill_fetch_size_4_4096_160 ----
INFO 09-02 06:54:23 [__init__.py:244] Automatically detected platform rocm.
[0;31mE20250902 06:54:40.199474 139822146074368 output_stream.cpp:105] Opened result file: ./hwcount/pmc_1/standalone_attn_prefill_fetch_size_4_4096_160_counter_collection.csv
[m[0;31mE20250902 06:54:40.207428 139822146074368 output_stream.cpp:105] Opened result file: ./hwcount/pmc_1/standalone_attn_prefill_fetch_size_4_4096_160_agent_info.csv
[m[0;33mW20250902 06:54:48.859475 139822146074368 tool.cpp:1902] rocprofv3_error_signal_handler caught signal 11...
[m# ---- Run standalone_attn_prefill_fetch_size_4_8192_32 ----
INFO 09-02 06:54:54 [__init__.py:244] Automatically detected platform rocm.
[0;31mE20250902 06:55:10.499906 140137728214784 output_stream.cpp:105] Opened result file: ./hwcount/pmc_1/standalone_attn_prefill_fetch_size_4_8192_32_counter_collection.csv
[m[0;31mE20250902 06:55:10.508061 140137728214784 output_stream.cpp:105] Opened result file: ./hwcount/pmc_1/standalone_attn_prefill_fetch_size_4_8192_32_agent_info.csv
[m[0;33mW20250902 06:55:20.112169 140137728214784 tool.cpp:1902] rocprofv3_error_signal_handler caught signal 11...
[m# ---- Run standalone_attn_prefill_fetch_size_4_8192_160 ----
INFO 09-02 06:55:25 [__init__.py:244] Automatically detected platform rocm.
[0;31mE20250902 06:55:42.046982 140668777420544 output_stream.cpp:105] Opened result file: ./hwcount/pmc_1/standalone_attn_prefill_fetch_size_4_8192_160_counter_collection.csv
[m[0;31mE20250902 06:55:42.055904 140668777420544 output_stream.cpp:105] Opened result file: ./hwcount/pmc_1/standalone_attn_prefill_fetch_size_4_8192_160_agent_info.csv
[m[0;33mW20250902 06:55:51.068068 140668777420544 tool.cpp:1902] rocprofv3_error_signal_handler caught signal 11...
[m# ---- Run standalone_attn_prefill_fetch_size_8_256_32 ----
INFO 09-02 06:55:56 [__init__.py:244] Automatically detected platform rocm.
[0;31mE20250902 06:56:13.113517 140490235229952 output_stream.cpp:105] Opened result file: ./hwcount/pmc_1/standalone_attn_prefill_fetch_size_8_256_32_counter_collection.csv
[m[0;31mE20250902 06:56:13.121729 140490235229952 output_stream.cpp:105] Opened result file: ./hwcount/pmc_1/standalone_attn_prefill_fetch_size_8_256_32_agent_info.csv
[m[0;33mW20250902 06:56:22.068870 140490235229952 tool.cpp:1902] rocprofv3_error_signal_handler caught signal 11...
[m# ---- Run standalone_attn_prefill_fetch_size_8_256_160 ----
INFO 09-02 06:56:27 [__init__.py:244] Automatically detected platform rocm.
[0;31mE20250902 06:56:45.491005 140213719951104 output_stream.cpp:105] Opened result file: ./hwcount/pmc_1/standalone_attn_prefill_fetch_size_8_256_160_counter_collection.csv
[m[0;31mE20250902 06:56:45.500959 140213719951104 output_stream.cpp:105] Opened result file: ./hwcount/pmc_1/standalone_attn_prefill_fetch_size_8_256_160_agent_info.csv
[m[0;33mW20250902 06:56:55.565399 140213719951104 tool.cpp:1902] rocprofv3_error_signal_handler caught signal 11...
[m# ---- Run standalone_attn_prefill_fetch_size_8_512_32 ----
INFO 09-02 06:57:03 [__init__.py:244] Automatically detected platform rocm.
[0;31mE20250902 06:57:21.533687 140187388360448 output_stream.cpp:105] Opened result file: ./hwcount/pmc_1/standalone_attn_prefill_fetch_size_8_512_32_counter_collection.csv
[m[0;31mE20250902 06:57:21.542654 140187388360448 output_stream.cpp:105] Opened result file: ./hwcount/pmc_1/standalone_attn_prefill_fetch_size_8_512_32_agent_info.csv
[m[0;33mW20250902 06:57:31.614042 140187388360448 tool.cpp:1902] rocprofv3_error_signal_handler caught signal 11...
[m# ---- Run standalone_attn_prefill_fetch_size_8_512_160 ----
INFO 09-02 06:57:38 [__init__.py:244] Automatically detected platform rocm.
[0;31mE20250902 06:57:56.482970 139797906237184 output_stream.cpp:105] Opened result file: ./hwcount/pmc_1/standalone_attn_prefill_fetch_size_8_512_160_counter_collection.csv
[m[0;31mE20250902 06:57:56.491794 139797906237184 output_stream.cpp:105] Opened result file: ./hwcount/pmc_1/standalone_attn_prefill_fetch_size_8_512_160_agent_info.csv
[m[0;33mW20250902 06:58:05.711382 139797906237184 tool.cpp:1902] rocprofv3_error_signal_handler caught signal 11...
[m# ---- Run standalone_attn_prefill_fetch_size_8_1024_32 ----
INFO 09-02 06:58:11 [__init__.py:244] Automatically detected platform rocm.
[0;31mE20250902 06:58:27.039611 140550266840832 output_stream.cpp:105] Opened result file: ./hwcount/pmc_1/standalone_attn_prefill_fetch_size_8_1024_32_counter_collection.csv
[m[0;31mE20250902 06:58:27.047993 140550266840832 output_stream.cpp:105] Opened result file: ./hwcount/pmc_1/standalone_attn_prefill_fetch_size_8_1024_32_agent_info.csv
[m[0;33mW20250902 06:58:35.748035 140550266840832 tool.cpp:1902] rocprofv3_error_signal_handler caught signal 11...
[m# ---- Run standalone_attn_prefill_fetch_size_8_1024_160 ----
INFO 09-02 06:58:41 [__init__.py:244] Automatically detected platform rocm.
[0;31mE20250902 06:58:57.094836 140549636450048 output_stream.cpp:105] Opened result file: ./hwcount/pmc_1/standalone_attn_prefill_fetch_size_8_1024_160_counter_collection.csv
[m[0;31mE20250902 06:58:57.103629 140549636450048 output_stream.cpp:105] Opened result file: ./hwcount/pmc_1/standalone_attn_prefill_fetch_size_8_1024_160_agent_info.csv
[m[0;33mW20250902 06:59:05.849181 140549636450048 tool.cpp:1902] rocprofv3_error_signal_handler caught signal 11...
[m# ---- Run standalone_attn_prefill_fetch_size_8_2048_32 ----
INFO 09-02 06:59:11 [__init__.py:244] Automatically detected platform rocm.
[0;31mE20250902 06:59:27.528424 139646742513408 output_stream.cpp:105] Opened result file: ./hwcount/pmc_1/standalone_attn_prefill_fetch_size_8_2048_32_counter_collection.csv
[m[0;31mE20250902 06:59:27.536456 139646742513408 output_stream.cpp:105] Opened result file: ./hwcount/pmc_1/standalone_attn_prefill_fetch_size_8_2048_32_agent_info.csv
[m[0;33mW20250902 06:59:36.339787 139646742513408 tool.cpp:1902] rocprofv3_error_signal_handler caught signal 11...
[m# ---- Run standalone_attn_prefill_fetch_size_8_2048_160 ----
INFO 09-02 06:59:42 [__init__.py:244] Automatically detected platform rocm.
[0;31mE20250902 06:59:58.278853 140488343582464 output_stream.cpp:105] Opened result file: ./hwcount/pmc_1/standalone_attn_prefill_fetch_size_8_2048_160_counter_collection.csv
[m[0;31mE20250902 06:59:58.287007 140488343582464 output_stream.cpp:105] Opened result file: ./hwcount/pmc_1/standalone_attn_prefill_fetch_size_8_2048_160_agent_info.csv
[m[0;33mW20250902 07:00:06.840871 140488343582464 tool.cpp:1902] rocprofv3_error_signal_handler caught signal 11...
[m# ---- Run standalone_attn_prefill_fetch_size_8_4096_32 ----
INFO 09-02 07:00:12 [__init__.py:244] Automatically detected platform rocm.
[0;31mE20250902 07:00:30.179383 140666387068672 output_stream.cpp:105] Opened result file: ./hwcount/pmc_1/standalone_attn_prefill_fetch_size_8_4096_32_counter_collection.csv
[m[0;31mE20250902 07:00:30.187648 140666387068672 output_stream.cpp:105] Opened result file: ./hwcount/pmc_1/standalone_attn_prefill_fetch_size_8_4096_32_agent_info.csv
[m[0;33mW20250902 07:00:38.978939 140666387068672 tool.cpp:1902] rocprofv3_error_signal_handler caught signal 11...
[m# ---- Run standalone_attn_prefill_fetch_size_8_4096_160 ----
INFO 09-02 07:00:45 [__init__.py:244] Automatically detected platform rocm.
[0;31mE20250902 07:01:02.432272 140119760570112 output_stream.cpp:105] Opened result file: ./hwcount/pmc_1/standalone_attn_prefill_fetch_size_8_4096_160_counter_collection.csv
[m[0;31mE20250902 07:01:02.441194 140119760570112 output_stream.cpp:105] Opened result file: ./hwcount/pmc_1/standalone_attn_prefill_fetch_size_8_4096_160_agent_info.csv
[m[0;33mW20250902 07:01:11.816689 140119760570112 tool.cpp:1902] rocprofv3_error_signal_handler caught signal 11...
[m# ---- Run standalone_attn_prefill_fetch_size_8_8192_32 ----
INFO 09-02 07:01:18 [__init__.py:244] Automatically detected platform rocm.
[0;31mE20250902 07:01:38.593682 140308388906752 output_stream.cpp:105] Opened result file: ./hwcount/pmc_1/standalone_attn_prefill_fetch_size_8_8192_32_counter_collection.csv
[m[0;31mE20250902 07:01:38.603278 140308388906752 output_stream.cpp:105] Opened result file: ./hwcount/pmc_1/standalone_attn_prefill_fetch_size_8_8192_32_agent_info.csv
[m[0;33mW20250902 07:01:48.231857 140308388906752 tool.cpp:1902] rocprofv3_error_signal_handler caught signal 11...
[m# ---- Run standalone_attn_prefill_fetch_size_8_8192_160 ----
INFO 09-02 07:01:59 [__init__.py:244] Automatically detected platform rocm.
[0;31mE20250902 07:02:20.605129 140294111168256 output_stream.cpp:105] Opened result file: ./hwcount/pmc_1/standalone_attn_prefill_fetch_size_8_8192_160_counter_collection.csv
[m[0;31mE20250902 07:02:20.615000 140294111168256 output_stream.cpp:105] Opened result file: ./hwcount/pmc_1/standalone_attn_prefill_fetch_size_8_8192_160_agent_info.csv
[m[0;33mW20250902 07:02:29.635498 140294111168256 tool.cpp:1902] rocprofv3_error_signal_handler caught signal 11...
[m# ---- Run standalone_attn_prefill_fetch_size_16_256_32 ----
INFO 09-02 07:02:36 [__init__.py:244] Automatically detected platform rocm.
[0;31mE20250902 07:02:57.217783 140405385537280 output_stream.cpp:105] Opened result file: ./hwcount/pmc_1/standalone_attn_prefill_fetch_size_16_256_32_counter_collection.csv
[m[0;31mE20250902 07:02:57.227272 140405385537280 output_stream.cpp:105] Opened result file: ./hwcount/pmc_1/standalone_attn_prefill_fetch_size_16_256_32_agent_info.csv
[m[0;33mW20250902 07:03:06.417500 140405385537280 tool.cpp:1902] rocprofv3_error_signal_handler caught signal 11...
[m# ---- Run standalone_attn_prefill_fetch_size_16_256_160 ----
INFO 09-02 07:03:17 [__init__.py:244] Automatically detected platform rocm.
[0;31mE20250902 07:03:40.493216 140157260166912 output_stream.cpp:105] Opened result file: ./hwcount/pmc_1/standalone_attn_prefill_fetch_size_16_256_160_counter_collection.csv
[m[0;31mE20250902 07:03:40.502807 140157260166912 output_stream.cpp:105] Opened result file: ./hwcount/pmc_1/standalone_attn_prefill_fetch_size_16_256_160_agent_info.csv
[m[0;33mW20250902 07:03:50.298304 140157260166912 tool.cpp:1902] rocprofv3_error_signal_handler caught signal 11...
[m# ---- Run standalone_attn_prefill_fetch_size_16_512_32 ----
INFO 09-02 07:04:00 [__init__.py:244] Automatically detected platform rocm.
[0;31mE20250902 07:04:22.575483 140155503372032 output_stream.cpp:105] Opened result file: ./hwcount/pmc_1/standalone_attn_prefill_fetch_size_16_512_32_counter_collection.csv
[m[0;31mE20250902 07:04:22.585607 140155503372032 output_stream.cpp:105] Opened result file: ./hwcount/pmc_1/standalone_attn_prefill_fetch_size_16_512_32_agent_info.csv
[m[0;33mW20250902 07:04:31.950999 140155503372032 tool.cpp:1902] rocprofv3_error_signal_handler caught signal 11...
[m# ---- Run standalone_attn_prefill_fetch_size_16_512_160 ----
INFO 09-02 07:04:41 [__init__.py:244] Automatically detected platform rocm.
[0;31mE20250902 07:05:03.021835 140363184899840 output_stream.cpp:105] Opened result file: ./hwcount/pmc_1/standalone_attn_prefill_fetch_size_16_512_160_counter_collection.csv
[m[0;31mE20250902 07:05:03.031653 140363184899840 output_stream.cpp:105] Opened result file: ./hwcount/pmc_1/standalone_attn_prefill_fetch_size_16_512_160_agent_info.csv
[m[0;33mW20250902 07:05:12.465320 140363184899840 tool.cpp:1902] rocprofv3_error_signal_handler caught signal 11...
[m# ---- Run standalone_attn_prefill_fetch_size_16_1024_32 ----
INFO 09-02 07:05:22 [__init__.py:244] Automatically detected platform rocm.
[0;31mE20250902 07:05:43.531991 139875023324928 output_stream.cpp:105] Opened result file: ./hwcount/pmc_1/standalone_attn_prefill_fetch_size_16_1024_32_counter_collection.csv
[m[0;31mE20250902 07:05:43.541456 139875023324928 output_stream.cpp:105] Opened result file: ./hwcount/pmc_1/standalone_attn_prefill_fetch_size_16_1024_32_agent_info.csv
[m[0;33mW20250902 07:05:52.991675 139875023324928 tool.cpp:1902] rocprofv3_error_signal_handler caught signal 11...
[m# ---- Run standalone_attn_prefill_fetch_size_16_1024_160 ----
INFO 09-02 07:06:00 [__init__.py:244] Automatically detected platform rocm.
[0;31mE20250902 07:06:20.705895 140226929817344 output_stream.cpp:105] Opened result file: ./hwcount/pmc_1/standalone_attn_prefill_fetch_size_16_1024_160_counter_collection.csv
[m[0;31mE20250902 07:06:20.715739 140226929817344 output_stream.cpp:105] Opened result file: ./hwcount/pmc_1/standalone_attn_prefill_fetch_size_16_1024_160_agent_info.csv
[m[0;33mW20250902 07:06:30.456530 140226929817344 tool.cpp:1902] rocprofv3_error_signal_handler caught signal 11...
[m# ---- Run standalone_attn_prefill_fetch_size_16_2048_32 ----
INFO 09-02 07:06:39 [__init__.py:244] Automatically detected platform rocm.
[0;31mE20250902 07:07:00.927842 140252909135616 output_stream.cpp:105] Opened result file: ./hwcount/pmc_1/standalone_attn_prefill_fetch_size_16_2048_32_counter_collection.csv
[m[0;31mE20250902 07:07:00.937451 140252909135616 output_stream.cpp:105] Opened result file: ./hwcount/pmc_1/standalone_attn_prefill_fetch_size_16_2048_32_agent_info.csv
[m[0;33mW20250902 07:07:10.845139 140252909135616 tool.cpp:1902] rocprofv3_error_signal_handler caught signal 11...
[m# ---- Run standalone_attn_prefill_fetch_size_16_2048_160 ----
INFO 09-02 07:07:20 [__init__.py:244] Automatically detected platform rocm.
[0;31mE20250902 07:07:40.093837 140468349150976 output_stream.cpp:105] Opened result file: ./hwcount/pmc_1/standalone_attn_prefill_fetch_size_16_2048_160_counter_collection.csv
[m[0;31mE20250902 07:07:40.104248 140468349150976 output_stream.cpp:105] Opened result file: ./hwcount/pmc_1/standalone_attn_prefill_fetch_size_16_2048_160_agent_info.csv
[m[0;33mW20250902 07:07:49.568067 140468349150976 tool.cpp:1902] rocprofv3_error_signal_handler caught signal 11...
[m# ---- Run standalone_attn_prefill_fetch_size_16_4096_32 ----
INFO 09-02 07:07:57 [__init__.py:244] Automatically detected platform rocm.
[0;31mE20250902 07:08:17.567082 139820600461056 output_stream.cpp:105] Opened result file: ./hwcount/pmc_1/standalone_attn_prefill_fetch_size_16_4096_32_counter_collection.csv
[m[0;31mE20250902 07:08:17.576114 139820600461056 output_stream.cpp:105] Opened result file: ./hwcount/pmc_1/standalone_attn_prefill_fetch_size_16_4096_32_agent_info.csv
[m[0;33mW20250902 07:08:26.943439 139820600461056 tool.cpp:1902] rocprofv3_error_signal_handler caught signal 11...
[m# ---- Run standalone_attn_prefill_fetch_size_16_4096_160 ----
INFO 09-02 07:08:36 [__init__.py:244] Automatically detected platform rocm.
[0;31mE20250902 07:08:58.588659 140505223866112 output_stream.cpp:105] Opened result file: ./hwcount/pmc_1/standalone_attn_prefill_fetch_size_16_4096_160_counter_collection.csv
[m[0;31mE20250902 07:08:58.598081 140505223866112 output_stream.cpp:105] Opened result file: ./hwcount/pmc_1/standalone_attn_prefill_fetch_size_16_4096_160_agent_info.csv
[m[0;33mW20250902 07:09:08.273374 140505223866112 tool.cpp:1902] rocprofv3_error_signal_handler caught signal 11...
[m# ---- Run standalone_attn_prefill_fetch_size_16_8192_32 ----
INFO 09-02 07:09:18 [__init__.py:244] Automatically detected platform rocm.
[0;31mE20250902 07:09:39.761594 139798470182656 output_stream.cpp:105] Opened result file: ./hwcount/pmc_1/standalone_attn_prefill_fetch_size_16_8192_32_counter_collection.csv
[m[0;31mE20250902 07:09:39.772839 139798470182656 output_stream.cpp:105] Opened result file: ./hwcount/pmc_1/standalone_attn_prefill_fetch_size_16_8192_32_agent_info.csv
[m[0;33mW20250902 07:09:49.359157 139798470182656 tool.cpp:1902] rocprofv3_error_signal_handler caught signal 11...
[m# ---- Run standalone_attn_prefill_fetch_size_16_8192_160 ----
INFO 09-02 07:09:56 [__init__.py:244] Automatically detected platform rocm.
[0;31mE20250902 07:10:15.880792 140470852097792 output_stream.cpp:105] Opened result file: ./hwcount/pmc_1/standalone_attn_prefill_fetch_size_16_8192_160_counter_collection.csv
[m[0;31mE20250902 07:10:15.889510 140470852097792 output_stream.cpp:105] Opened result file: ./hwcount/pmc_1/standalone_attn_prefill_fetch_size_16_8192_160_agent_info.csv
[m[0;33mW20250902 07:10:25.557458 140470852097792 tool.cpp:1902] rocprofv3_error_signal_handler caught signal 11...
[m# ---- Run standalone_attn_prefill_write_size_1_256_32 ----
INFO 09-02 07:13:15 [__init__.py:244] Automatically detected platform rocm.
[0;31mE20250902 07:13:35.327462 140632008029952 output_stream.cpp:105] Opened result file: ./hwcount/pmc_1/standalone_attn_prefill_write_size_1_256_32_counter_collection.csv
[m[0;31mE20250902 07:13:35.337477 140632008029952 output_stream.cpp:105] Opened result file: ./hwcount/pmc_1/standalone_attn_prefill_write_size_1_256_32_agent_info.csv
[m[0;33mW20250902 07:13:44.856708 140632008029952 tool.cpp:1902] rocprofv3_error_signal_handler caught signal 11...
[m# ---- Run standalone_attn_prefill_write_size_1_256_160 ----
INFO 09-02 07:13:52 [__init__.py:244] Automatically detected platform rocm.
[0;31mE20250902 07:14:10.433432 140502681048832 output_stream.cpp:105] Opened result file: ./hwcount/pmc_1/standalone_attn_prefill_write_size_1_256_160_counter_collection.csv
[m[0;31mE20250902 07:14:10.443071 140502681048832 output_stream.cpp:105] Opened result file: ./hwcount/pmc_1/standalone_attn_prefill_write_size_1_256_160_agent_info.csv
[m[0;33mW20250902 07:14:19.786413 140502681048832 tool.cpp:1902] rocprofv3_error_signal_handler caught signal 11...
[m# ---- Run standalone_attn_prefill_write_size_1_512_32 ----
INFO 09-02 07:14:26 [__init__.py:244] Automatically detected platform rocm.
[0;31mE20250902 07:14:45.693718 140527711024896 output_stream.cpp:105] Opened result file: ./hwcount/pmc_1/standalone_attn_prefill_write_size_1_512_32_counter_collection.csv
[m[0;31mE20250902 07:14:45.704332 140527711024896 output_stream.cpp:105] Opened result file: ./hwcount/pmc_1/standalone_attn_prefill_write_size_1_512_32_agent_info.csv
[m[0;33mW20250902 07:14:54.936882 140527711024896 tool.cpp:1902] rocprofv3_error_signal_handler caught signal 11...
[m# ---- Run standalone_attn_prefill_write_size_1_512_160 ----
INFO 09-02 07:15:01 [__init__.py:244] Automatically detected platform rocm.
[0;31mE20250902 07:15:20.289096 140626576631552 output_stream.cpp:105] Opened result file: ./hwcount/pmc_1/standalone_attn_prefill_write_size_1_512_160_counter_collection.csv
[m[0;31mE20250902 07:15:20.298544 140626576631552 output_stream.cpp:105] Opened result file: ./hwcount/pmc_1/standalone_attn_prefill_write_size_1_512_160_agent_info.csv
[m[0;33mW20250902 07:15:29.982875 140626576631552 tool.cpp:1902] rocprofv3_error_signal_handler caught signal 11...
[m# ---- Run standalone_attn_prefill_write_size_1_1024_32 ----
INFO 09-02 07:15:36 [__init__.py:244] Automatically detected platform rocm.
[0;31mE20250902 07:15:55.080178 140403096794880 output_stream.cpp:105] Opened result file: ./hwcount/pmc_1/standalone_attn_prefill_write_size_1_1024_32_counter_collection.csv
[m[0;31mE20250902 07:15:55.090469 140403096794880 output_stream.cpp:105] Opened result file: ./hwcount/pmc_1/standalone_attn_prefill_write_size_1_1024_32_agent_info.csv
[m[0;33mW20250902 07:16:04.700578 140403096794880 tool.cpp:1902] rocprofv3_error_signal_handler caught signal 11...
[m# ---- Run standalone_attn_prefill_write_size_1_1024_160 ----
INFO 09-02 07:16:11 [__init__.py:244] Automatically detected platform rocm.
[0;31mE20250902 07:16:30.579248 140222018877184 output_stream.cpp:105] Opened result file: ./hwcount/pmc_1/standalone_attn_prefill_write_size_1_1024_160_counter_collection.csv
[m[0;31mE20250902 07:16:30.588483 140222018877184 output_stream.cpp:105] Opened result file: ./hwcount/pmc_1/standalone_attn_prefill_write_size_1_1024_160_agent_info.csv
[m[0;33mW20250902 07:16:39.988132 140222018877184 tool.cpp:1902] rocprofv3_error_signal_handler caught signal 11...
[m# ---- Run standalone_attn_prefill_write_size_1_2048_32 ----
INFO 09-02 07:16:47 [__init__.py:244] Automatically detected platform rocm.
[0;31mE20250902 07:17:05.434713 140043328640768 output_stream.cpp:105] Opened result file: ./hwcount/pmc_1/standalone_attn_prefill_write_size_1_2048_32_counter_collection.csv
[m[0;31mE20250902 07:17:05.443942 140043328640768 output_stream.cpp:105] Opened result file: ./hwcount/pmc_1/standalone_attn_prefill_write_size_1_2048_32_agent_info.csv
[m[0;33mW20250902 07:17:15.480291 140043328640768 tool.cpp:1902] rocprofv3_error_signal_handler caught signal 11...
[m# ---- Run standalone_attn_prefill_write_size_1_2048_160 ----
INFO 09-02 07:17:22 [__init__.py:244] Automatically detected platform rocm.
[0;31mE20250902 07:17:41.854374 140678451574528 output_stream.cpp:105] Opened result file: ./hwcount/pmc_1/standalone_attn_prefill_write_size_1_2048_160_counter_collection.csv
[m[0;31mE20250902 07:17:41.863504 140678451574528 output_stream.cpp:105] Opened result file: ./hwcount/pmc_1/standalone_attn_prefill_write_size_1_2048_160_agent_info.csv
[m[0;33mW20250902 07:17:51.008294 140678451574528 tool.cpp:1902] rocprofv3_error_signal_handler caught signal 11...
[m# ---- Run standalone_attn_prefill_write_size_1_4096_32 ----
INFO 09-02 07:17:58 [__init__.py:244] Automatically detected platform rocm.
[0;31mE20250902 07:18:18.416503 140609279235840 output_stream.cpp:105] Opened result file: ./hwcount/pmc_1/standalone_attn_prefill_write_size_1_4096_32_counter_collection.csv
[m[0;31mE20250902 07:18:18.426302 140609279235840 output_stream.cpp:105] Opened result file: ./hwcount/pmc_1/standalone_attn_prefill_write_size_1_4096_32_agent_info.csv
[m[0;33mW20250902 07:18:28.598271 140609279235840 tool.cpp:1902] rocprofv3_error_signal_handler caught signal 11...
[m# ---- Run standalone_attn_prefill_write_size_1_4096_160 ----
INFO 09-02 07:18:37 [__init__.py:244] Automatically detected platform rocm.
[0;31mE20250902 07:18:57.811930 140563354949376 output_stream.cpp:105] Opened result file: ./hwcount/pmc_1/standalone_attn_prefill_write_size_1_4096_160_counter_collection.csv
[m[0;31mE20250902 07:18:57.822569 140563354949376 output_stream.cpp:105] Opened result file: ./hwcount/pmc_1/standalone_attn_prefill_write_size_1_4096_160_agent_info.csv
[m[0;33mW20250902 07:19:07.834996 140563354949376 tool.cpp:1902] rocprofv3_error_signal_handler caught signal 11...
[m# ---- Run standalone_attn_prefill_write_size_1_8192_32 ----
INFO 09-02 07:19:15 [__init__.py:244] Automatically detected platform rocm.
[0;31mE20250902 07:19:34.201323 139845535606528 output_stream.cpp:105] Opened result file: ./hwcount/pmc_1/standalone_attn_prefill_write_size_1_8192_32_counter_collection.csv
[m[0;31mE20250902 07:19:34.211241 139845535606528 output_stream.cpp:105] Opened result file: ./hwcount/pmc_1/standalone_attn_prefill_write_size_1_8192_32_agent_info.csv
[m[0;33mW20250902 07:19:44.257097 139845535606528 tool.cpp:1902] rocprofv3_error_signal_handler caught signal 11...
[m# ---- Run standalone_attn_prefill_write_size_1_8192_160 ----
INFO 09-02 07:19:51 [__init__.py:244] Automatically detected platform rocm.
[0;31mE20250902 07:20:10.085529 139848271582976 output_stream.cpp:105] Opened result file: ./hwcount/pmc_1/standalone_attn_prefill_write_size_1_8192_160_counter_collection.csv
[m[0;31mE20250902 07:20:10.095731 139848271582976 output_stream.cpp:105] Opened result file: ./hwcount/pmc_1/standalone_attn_prefill_write_size_1_8192_160_agent_info.csv
[m[0;33mW20250902 07:20:19.556581 139848271582976 tool.cpp:1902] rocprofv3_error_signal_handler caught signal 11...
[m# ---- Run standalone_attn_prefill_write_size_4_256_32 ----
INFO 09-02 07:20:26 [__init__.py:244] Automatically detected platform rocm.
[0;31mE20250902 07:20:45.003745 140679204325120 output_stream.cpp:105] Opened result file: ./hwcount/pmc_1/standalone_attn_prefill_write_size_4_256_32_counter_collection.csv
[m[0;31mE20250902 07:20:45.014333 140679204325120 output_stream.cpp:105] Opened result file: ./hwcount/pmc_1/standalone_attn_prefill_write_size_4_256_32_agent_info.csv
[m[0;33mW20250902 07:20:55.141823 140679204325120 tool.cpp:1902] rocprofv3_error_signal_handler caught signal 11...
[m# ---- Run standalone_attn_prefill_write_size_4_256_160 ----
INFO 09-02 07:21:02 [__init__.py:244] Automatically detected platform rocm.
[0;31mE20250902 07:21:21.020559 140555832608512 output_stream.cpp:105] Opened result file: ./hwcount/pmc_1/standalone_attn_prefill_write_size_4_256_160_counter_collection.csv
[m[0;31mE20250902 07:21:21.029793 140555832608512 output_stream.cpp:105] Opened result file: ./hwcount/pmc_1/standalone_attn_prefill_write_size_4_256_160_agent_info.csv
[m[0;33mW20250902 07:21:30.767527 140555832608512 tool.cpp:1902] rocprofv3_error_signal_handler caught signal 11...
[m# ---- Run standalone_attn_prefill_write_size_4_512_32 ----
INFO 09-02 07:21:38 [__init__.py:244] Automatically detected platform rocm.
[0;31mE20250902 07:21:56.986433 140549522720512 output_stream.cpp:105] Opened result file: ./hwcount/pmc_1/standalone_attn_prefill_write_size_4_512_32_counter_collection.csv
[m[0;31mE20250902 07:21:56.996082 140549522720512 output_stream.cpp:105] Opened result file: ./hwcount/pmc_1/standalone_attn_prefill_write_size_4_512_32_agent_info.csv
[m[0;33mW20250902 07:22:05.895082 140549522720512 tool.cpp:1902] rocprofv3_error_signal_handler caught signal 11...
[m# ---- Run standalone_attn_prefill_write_size_4_512_160 ----
INFO 09-02 07:22:13 [__init__.py:244] Automatically detected platform rocm.
[0;31mE20250902 07:22:31.422495 140452244109056 output_stream.cpp:105] Opened result file: ./hwcount/pmc_1/standalone_attn_prefill_write_size_4_512_160_counter_collection.csv
[m[0;31mE20250902 07:22:31.433449 140452244109056 output_stream.cpp:105] Opened result file: ./hwcount/pmc_1/standalone_attn_prefill_write_size_4_512_160_agent_info.csv
[m[0;33mW20250902 07:22:41.093272 140452244109056 tool.cpp:1902] rocprofv3_error_signal_handler caught signal 11...
[m# ---- Run standalone_attn_prefill_write_size_4_1024_32 ----
INFO 09-02 07:22:48 [__init__.py:244] Automatically detected platform rocm.
[0;31mE20250902 07:23:06.296470 140294134359808 output_stream.cpp:105] Opened result file: ./hwcount/pmc_1/standalone_attn_prefill_write_size_4_1024_32_counter_collection.csv
[m[0;31mE20250902 07:23:06.305433 140294134359808 output_stream.cpp:105] Opened result file: ./hwcount/pmc_1/standalone_attn_prefill_write_size_4_1024_32_agent_info.csv
[m[0;33mW20250902 07:23:15.802366 140294134359808 tool.cpp:1902] rocprofv3_error_signal_handler caught signal 11...
[m# ---- Run standalone_attn_prefill_write_size_4_1024_160 ----
INFO 09-02 07:23:22 [__init__.py:244] Automatically detected platform rocm.
[0;31mE20250902 07:23:41.644472 140016590841600 output_stream.cpp:105] Opened result file: ./hwcount/pmc_1/standalone_attn_prefill_write_size_4_1024_160_counter_collection.csv
[m[0;31mE20250902 07:23:41.653288 140016590841600 output_stream.cpp:105] Opened result file: ./hwcount/pmc_1/standalone_attn_prefill_write_size_4_1024_160_agent_info.csv
[m[0;33mW20250902 07:23:50.901009 140016590841600 tool.cpp:1902] rocprofv3_error_signal_handler caught signal 11...
[m# ---- Run standalone_attn_prefill_write_size_4_2048_32 ----
INFO 09-02 07:23:57 [__init__.py:244] Automatically detected platform rocm.
[0;31mE20250902 07:24:16.141876 139794440533760 output_stream.cpp:105] Opened result file: ./hwcount/pmc_1/standalone_attn_prefill_write_size_4_2048_32_counter_collection.csv
[m[0;31mE20250902 07:24:16.150572 139794440533760 output_stream.cpp:105] Opened result file: ./hwcount/pmc_1/standalone_attn_prefill_write_size_4_2048_32_agent_info.csv
[m[0;33mW20250902 07:24:25.837557 139794440533760 tool.cpp:1902] rocprofv3_error_signal_handler caught signal 11...
[m# ---- Run standalone_attn_prefill_write_size_4_2048_160 ----
INFO 09-02 07:24:32 [__init__.py:244] Automatically detected platform rocm.
[0;31mE20250902 07:24:52.006947 140481680815872 output_stream.cpp:105] Opened result file: ./hwcount/pmc_1/standalone_attn_prefill_write_size_4_2048_160_counter_collection.csv
[m[0;31mE20250902 07:24:52.017250 140481680815872 output_stream.cpp:105] Opened result file: ./hwcount/pmc_1/standalone_attn_prefill_write_size_4_2048_160_agent_info.csv
[m[0;33mW20250902 07:25:01.432239 140481680815872 tool.cpp:1902] rocprofv3_error_signal_handler caught signal 11...
[m# ---- Run standalone_attn_prefill_write_size_4_4096_32 ----
INFO 09-02 07:25:08 [__init__.py:244] Automatically detected platform rocm.
[0;31mE20250902 07:25:27.066531 139656145778432 output_stream.cpp:105] Opened result file: ./hwcount/pmc_1/standalone_attn_prefill_write_size_4_4096_32_counter_collection.csv
[m[0;31mE20250902 07:25:27.075769 139656145778432 output_stream.cpp:105] Opened result file: ./hwcount/pmc_1/standalone_attn_prefill_write_size_4_4096_32_agent_info.csv
[m[0;33mW20250902 07:25:36.629398 139656145778432 tool.cpp:1902] rocprofv3_error_signal_handler caught signal 11...
[m# ---- Run standalone_attn_prefill_write_size_4_4096_160 ----
INFO 09-02 07:25:43 [__init__.py:244] Automatically detected platform rocm.
[0;31mE20250902 07:26:01.810169 140393138865920 output_stream.cpp:105] Opened result file: ./hwcount/pmc_1/standalone_attn_prefill_write_size_4_4096_160_counter_collection.csv
[m[0;31mE20250902 07:26:01.818975 140393138865920 output_stream.cpp:105] Opened result file: ./hwcount/pmc_1/standalone_attn_prefill_write_size_4_4096_160_agent_info.csv
[m[0;33mW20250902 07:26:11.155144 140393138865920 tool.cpp:1902] rocprofv3_error_signal_handler caught signal 11...
[m# ---- Run standalone_attn_prefill_write_size_4_8192_32 ----
INFO 09-02 07:26:18 [__init__.py:244] Automatically detected platform rocm.
[0;31mE20250902 07:26:38.069568 140173047510784 output_stream.cpp:105] Opened result file: ./hwcount/pmc_1/standalone_attn_prefill_write_size_4_8192_32_counter_collection.csv
[m[0;31mE20250902 07:26:38.080356 140173047510784 output_stream.cpp:105] Opened result file: ./hwcount/pmc_1/standalone_attn_prefill_write_size_4_8192_32_agent_info.csv
[m[0;33mW20250902 07:26:47.814526 140173047510784 tool.cpp:1902] rocprofv3_error_signal_handler caught signal 11...
[m# ---- Run standalone_attn_prefill_write_size_4_8192_160 ----
INFO 09-02 07:26:55 [__init__.py:244] Automatically detected platform rocm.
[0;31mE20250902 07:27:15.549897 140461680424704 output_stream.cpp:105] Opened result file: ./hwcount/pmc_1/standalone_attn_prefill_write_size_4_8192_160_counter_collection.csv
[m[0;31mE20250902 07:27:15.561409 140461680424704 output_stream.cpp:105] Opened result file: ./hwcount/pmc_1/standalone_attn_prefill_write_size_4_8192_160_agent_info.csv
[m[0;33mW20250902 07:27:25.285100 140461680424704 tool.cpp:1902] rocprofv3_error_signal_handler caught signal 11...
[m# ---- Run standalone_attn_prefill_write_size_8_256_32 ----
INFO 09-02 07:27:33 [__init__.py:244] Automatically detected platform rocm.
[0;31mE20250902 07:27:51.935081 140205098669824 output_stream.cpp:105] Opened result file: ./hwcount/pmc_1/standalone_attn_prefill_write_size_8_256_32_counter_collection.csv
[m[0;31mE20250902 07:27:51.944503 140205098669824 output_stream.cpp:105] Opened result file: ./hwcount/pmc_1/standalone_attn_prefill_write_size_8_256_32_agent_info.csv
[m[0;33mW20250902 07:28:01.469682 140205098669824 tool.cpp:1902] rocprofv3_error_signal_handler caught signal 11...
[m# ---- Run standalone_attn_prefill_write_size_8_256_160 ----
INFO 09-02 07:28:08 [__init__.py:244] Automatically detected platform rocm.
[0;31mE20250902 07:28:26.769930 140533674108672 output_stream.cpp:105] Opened result file: ./hwcount/pmc_1/standalone_attn_prefill_write_size_8_256_160_counter_collection.csv
[m[0;31mE20250902 07:28:26.779835 140533674108672 output_stream.cpp:105] Opened result file: ./hwcount/pmc_1/standalone_attn_prefill_write_size_8_256_160_agent_info.csv
[m[0;33mW20250902 07:28:36.607106 140533674108672 tool.cpp:1902] rocprofv3_error_signal_handler caught signal 11...
[m# ---- Run standalone_attn_prefill_write_size_8_512_32 ----
INFO 09-02 07:28:44 [__init__.py:244] Automatically detected platform rocm.
[0;31mE20250902 07:29:02.335898 140156118722304 output_stream.cpp:105] Opened result file: ./hwcount/pmc_1/standalone_attn_prefill_write_size_8_512_32_counter_collection.csv
[m[0;31mE20250902 07:29:02.345474 140156118722304 output_stream.cpp:105] Opened result file: ./hwcount/pmc_1/standalone_attn_prefill_write_size_8_512_32_agent_info.csv
[m[0;33mW20250902 07:29:11.833672 140156118722304 tool.cpp:1902] rocprofv3_error_signal_handler caught signal 11...
[m# ---- Run standalone_attn_prefill_write_size_8_512_160 ----
INFO 09-02 07:29:19 [__init__.py:244] Automatically detected platform rocm.
[0;31mE20250902 07:29:37.463413 140635085260544 output_stream.cpp:105] Opened result file: ./hwcount/pmc_1/standalone_attn_prefill_write_size_8_512_160_counter_collection.csv
[m[0;31mE20250902 07:29:37.473250 140635085260544 output_stream.cpp:105] Opened result file: ./hwcount/pmc_1/standalone_attn_prefill_write_size_8_512_160_agent_info.csv
[m[0;33mW20250902 07:29:46.411729 140635085260544 tool.cpp:1902] rocprofv3_error_signal_handler caught signal 11...
[m# ---- Run standalone_attn_prefill_write_size_8_1024_32 ----
INFO 09-02 07:29:53 [__init__.py:244] Automatically detected platform rocm.
[0;31mE20250902 07:30:12.286065 140635487348480 output_stream.cpp:105] Opened result file: ./hwcount/pmc_1/standalone_attn_prefill_write_size_8_1024_32_counter_collection.csv
[m[0;31mE20250902 07:30:12.296103 140635487348480 output_stream.cpp:105] Opened result file: ./hwcount/pmc_1/standalone_attn_prefill_write_size_8_1024_32_agent_info.csv
[m[0;33mW20250902 07:30:21.513474 140635487348480 tool.cpp:1902] rocprofv3_error_signal_handler caught signal 11...
[m# ---- Run standalone_attn_prefill_write_size_8_1024_160 ----
INFO 09-02 07:30:29 [__init__.py:244] Automatically detected platform rocm.
[0;31mE20250902 07:30:48.744216 140396002838272 output_stream.cpp:105] Opened result file: ./hwcount/pmc_1/standalone_attn_prefill_write_size_8_1024_160_counter_collection.csv
[m[0;31mE20250902 07:30:48.753475 140396002838272 output_stream.cpp:105] Opened result file: ./hwcount/pmc_1/standalone_attn_prefill_write_size_8_1024_160_agent_info.csv
[m[0;33mW20250902 07:30:58.412526 140396002838272 tool.cpp:1902] rocprofv3_error_signal_handler caught signal 11...
[m# ---- Run standalone_attn_prefill_write_size_8_2048_32 ----
INFO 09-02 07:31:05 [__init__.py:244] Automatically detected platform rocm.
[0;31mE20250902 07:31:26.072700 139822536398592 output_stream.cpp:105] Opened result file: ./hwcount/pmc_1/standalone_attn_prefill_write_size_8_2048_32_counter_collection.csv
[m[0;31mE20250902 07:31:26.082670 139822536398592 output_stream.cpp:105] Opened result file: ./hwcount/pmc_1/standalone_attn_prefill_write_size_8_2048_32_agent_info.csv
[m[0;33mW20250902 07:31:35.358131 139822536398592 tool.cpp:1902] rocprofv3_error_signal_handler caught signal 11...
[m# ---- Run standalone_attn_prefill_write_size_8_2048_160 ----
INFO 09-02 07:31:44 [__init__.py:244] Automatically detected platform rocm.
[0;31mE20250902 07:32:05.807969 140245833094912 output_stream.cpp:105] Opened result file: ./hwcount/pmc_1/standalone_attn_prefill_write_size_8_2048_160_counter_collection.csv
[m[0;31mE20250902 07:32:05.817288 140245833094912 output_stream.cpp:105] Opened result file: ./hwcount/pmc_1/standalone_attn_prefill_write_size_8_2048_160_agent_info.csv
[m[0;33mW20250902 07:32:15.136276 140245833094912 tool.cpp:1902] rocprofv3_error_signal_handler caught signal 11...
[m# ---- Run standalone_attn_prefill_write_size_8_4096_32 ----
INFO 09-02 07:32:23 [__init__.py:244] Automatically detected platform rocm.
[0;31mE20250902 07:32:44.475629 140717128304384 output_stream.cpp:105] Opened result file: ./hwcount/pmc_1/standalone_attn_prefill_write_size_8_4096_32_counter_collection.csv
[m[0;31mE20250902 07:32:44.485962 140717128304384 output_stream.cpp:105] Opened result file: ./hwcount/pmc_1/standalone_attn_prefill_write_size_8_4096_32_agent_info.csv
[m[0;33mW20250902 07:32:54.882351 140717128304384 tool.cpp:1902] rocprofv3_error_signal_handler caught signal 11...
[m# ---- Run standalone_attn_prefill_write_size_8_4096_160 ----
INFO 09-02 07:33:02 [__init__.py:244] Automatically detected platform rocm.
[0;31mE20250902 07:33:21.948425 140455857911552 output_stream.cpp:105] Opened result file: ./hwcount/pmc_1/standalone_attn_prefill_write_size_8_4096_160_counter_collection.csv
[m[0;31mE20250902 07:33:21.958248 140455857911552 output_stream.cpp:105] Opened result file: ./hwcount/pmc_1/standalone_attn_prefill_write_size_8_4096_160_agent_info.csv
[m[0;33mW20250902 07:33:31.891383 140455857911552 tool.cpp:1902] rocprofv3_error_signal_handler caught signal 11...
[m# ---- Run standalone_attn_prefill_write_size_8_8192_32 ----
INFO 09-02 07:33:39 [__init__.py:244] Automatically detected platform rocm.
[0;31mE20250902 07:33:59.855850 140208307595008 output_stream.cpp:105] Opened result file: ./hwcount/pmc_1/standalone_attn_prefill_write_size_8_8192_32_counter_collection.csv
[m[0;31mE20250902 07:33:59.866569 140208307595008 output_stream.cpp:105] Opened result file: ./hwcount/pmc_1/standalone_attn_prefill_write_size_8_8192_32_agent_info.csv
[m[0;33mW20250902 07:34:09.540522 140208307595008 tool.cpp:1902] rocprofv3_error_signal_handler caught signal 11...
[m# ---- Run standalone_attn_prefill_write_size_8_8192_160 ----
INFO 09-02 07:34:17 [__init__.py:244] Automatically detected platform rocm.
[0;31mE20250902 07:34:38.448771 140300376598272 output_stream.cpp:105] Opened result file: ./hwcount/pmc_1/standalone_attn_prefill_write_size_8_8192_160_counter_collection.csv
[m[0;31mE20250902 07:34:38.459715 140300376598272 output_stream.cpp:105] Opened result file: ./hwcount/pmc_1/standalone_attn_prefill_write_size_8_8192_160_agent_info.csv
[m[0;33mW20250902 07:34:48.556106 140300376598272 tool.cpp:1902] rocprofv3_error_signal_handler caught signal 11...
[m# ---- Run standalone_attn_prefill_write_size_16_256_32 ----
INFO 09-02 07:34:56 [__init__.py:244] Automatically detected platform rocm.
[0;31mE20250902 07:35:14.961190 140023051888384 output_stream.cpp:105] Opened result file: ./hwcount/pmc_1/standalone_attn_prefill_write_size_16_256_32_counter_collection.csv
[m[0;31mE20250902 07:35:14.970678 140023051888384 output_stream.cpp:105] Opened result file: ./hwcount/pmc_1/standalone_attn_prefill_write_size_16_256_32_agent_info.csv
[m[0;33mW20250902 07:35:24.199997 140023051888384 tool.cpp:1902] rocprofv3_error_signal_handler caught signal 11...
[m# ---- Run standalone_attn_prefill_write_size_16_256_160 ----
INFO 09-02 07:35:31 [__init__.py:244] Automatically detected platform rocm.
[0;31mE20250902 07:35:51.184934 140559007704832 output_stream.cpp:105] Opened result file: ./hwcount/pmc_1/standalone_attn_prefill_write_size_16_256_160_counter_collection.csv
[m[0;31mE20250902 07:35:51.194371 140559007704832 output_stream.cpp:105] Opened result file: ./hwcount/pmc_1/standalone_attn_prefill_write_size_16_256_160_agent_info.csv
[m[0;33mW20250902 07:36:00.807201 140559007704832 tool.cpp:1902] rocprofv3_error_signal_handler caught signal 11...
[m# ---- Run standalone_attn_prefill_write_size_16_512_32 ----
INFO 09-02 07:36:08 [__init__.py:244] Automatically detected platform rocm.
[0;31mE20250902 07:36:28.322773 139786039162624 output_stream.cpp:105] Opened result file: ./hwcount/pmc_1/standalone_attn_prefill_write_size_16_512_32_counter_collection.csv
[m[0;31mE20250902 07:36:28.333607 139786039162624 output_stream.cpp:105] Opened result file: ./hwcount/pmc_1/standalone_attn_prefill_write_size_16_512_32_agent_info.csv
[m[0;33mW20250902 07:36:37.871589 139786039162624 tool.cpp:1902] rocprofv3_error_signal_handler caught signal 11...
[m# ---- Run standalone_attn_prefill_write_size_16_512_160 ----
INFO 09-02 07:36:46 [__init__.py:244] Automatically detected platform rocm.
[0;31mE20250902 07:37:06.005087 140511571056384 output_stream.cpp:105] Opened result file: ./hwcount/pmc_1/standalone_attn_prefill_write_size_16_512_160_counter_collection.csv
[m[0;31mE20250902 07:37:06.014640 140511571056384 output_stream.cpp:105] Opened result file: ./hwcount/pmc_1/standalone_attn_prefill_write_size_16_512_160_agent_info.csv
[m[0;33mW20250902 07:37:15.410156 140511571056384 tool.cpp:1902] rocprofv3_error_signal_handler caught signal 11...
[m# ---- Run standalone_attn_prefill_write_size_16_1024_32 ----
INFO 09-02 07:37:23 [__init__.py:244] Automatically detected platform rocm.
[0;31mE20250902 07:37:44.005729 140609487406848 output_stream.cpp:105] Opened result file: ./hwcount/pmc_1/standalone_attn_prefill_write_size_16_1024_32_counter_collection.csv
[m[0;31mE20250902 07:37:44.015382 140609487406848 output_stream.cpp:105] Opened result file: ./hwcount/pmc_1/standalone_attn_prefill_write_size_16_1024_32_agent_info.csv
[m[0;33mW20250902 07:37:53.637478 140609487406848 tool.cpp:1902] rocprofv3_error_signal_handler caught signal 11...
[m# ---- Run standalone_attn_prefill_write_size_16_1024_160 ----
INFO 09-02 07:38:02 [__init__.py:244] Automatically detected platform rocm.
[0;31mE20250902 07:38:22.874116 140631697786624 output_stream.cpp:105] Opened result file: ./hwcount/pmc_1/standalone_attn_prefill_write_size_16_1024_160_counter_collection.csv
[m[0;31mE20250902 07:38:22.883305 140631697786624 output_stream.cpp:105] Opened result file: ./hwcount/pmc_1/standalone_attn_prefill_write_size_16_1024_160_agent_info.csv
[m[0;33mW20250902 07:38:32.309744 140631697786624 tool.cpp:1902] rocprofv3_error_signal_handler caught signal 11...
[m# ---- Run standalone_attn_prefill_write_size_16_2048_32 ----
INFO 09-02 07:38:41 [__init__.py:244] Automatically detected platform rocm.
[0;31mE20250902 07:39:02.797729 140191527524096 output_stream.cpp:105] Opened result file: ./hwcount/pmc_1/standalone_attn_prefill_write_size_16_2048_32_counter_collection.csv
[m[0;31mE20250902 07:39:02.806971 140191527524096 output_stream.cpp:105] Opened result file: ./hwcount/pmc_1/standalone_attn_prefill_write_size_16_2048_32_agent_info.csv
[m[0;33mW20250902 07:39:12.289831 140191527524096 tool.cpp:1902] rocprofv3_error_signal_handler caught signal 11...
[m# ---- Run standalone_attn_prefill_write_size_16_2048_160 ----
INFO 09-02 07:39:21 [__init__.py:244] Automatically detected platform rocm.
[0;31mE20250902 07:39:41.563770 140215966525184 output_stream.cpp:105] Opened result file: ./hwcount/pmc_1/standalone_attn_prefill_write_size_16_2048_160_counter_collection.csv
[m[0;31mE20250902 07:39:41.573395 140215966525184 output_stream.cpp:105] Opened result file: ./hwcount/pmc_1/standalone_attn_prefill_write_size_16_2048_160_agent_info.csv
[m[0;33mW20250902 07:39:51.331101 140215966525184 tool.cpp:1902] rocprofv3_error_signal_handler caught signal 11...
[m# ---- Run standalone_attn_prefill_write_size_16_4096_32 ----
INFO 09-02 07:40:00 [__init__.py:244] Automatically detected platform rocm.
[0;31mE20250902 07:40:21.397625 140538058385152 output_stream.cpp:105] Opened result file: ./hwcount/pmc_1/standalone_attn_prefill_write_size_16_4096_32_counter_collection.csv
[m[0;31mE20250902 07:40:21.408192 140538058385152 output_stream.cpp:105] Opened result file: ./hwcount/pmc_1/standalone_attn_prefill_write_size_16_4096_32_agent_info.csv
[m[0;33mW20250902 07:40:30.994804 140538058385152 tool.cpp:1902] rocprofv3_error_signal_handler caught signal 11...
[m# ---- Run standalone_attn_prefill_write_size_16_4096_160 ----
INFO 09-02 07:40:40 [__init__.py:244] Automatically detected platform rocm.
[0;31mE20250902 07:41:01.157265 140125209409280 output_stream.cpp:105] Opened result file: ./hwcount/pmc_1/standalone_attn_prefill_write_size_16_4096_160_counter_collection.csv
[m[0;31mE20250902 07:41:01.167280 140125209409280 output_stream.cpp:105] Opened result file: ./hwcount/pmc_1/standalone_attn_prefill_write_size_16_4096_160_agent_info.csv
[m[0;33mW20250902 07:41:11.106389 140125209409280 tool.cpp:1902] rocprofv3_error_signal_handler caught signal 11...
[m# ---- Run standalone_attn_prefill_write_size_16_8192_32 ----
INFO 09-02 07:41:18 [__init__.py:244] Automatically detected platform rocm.
[0;31mE20250902 07:41:37.225680 140265879340800 output_stream.cpp:105] Opened result file: ./hwcount/pmc_1/standalone_attn_prefill_write_size_16_8192_32_counter_collection.csv
[m[0;31mE20250902 07:41:37.235252 140265879340800 output_stream.cpp:105] Opened result file: ./hwcount/pmc_1/standalone_attn_prefill_write_size_16_8192_32_agent_info.csv
[m[0;33mW20250902 07:41:46.830585 140265879340800 tool.cpp:1902] rocprofv3_error_signal_handler caught signal 11...
[m# ---- Run standalone_attn_prefill_write_size_16_8192_160 ----
INFO 09-02 07:41:53 [__init__.py:244] Automatically detected platform rocm.
[0;31mE20250902 07:42:13.238507 139630298744576 output_stream.cpp:105] Opened result file: ./hwcount/pmc_1/standalone_attn_prefill_write_size_16_8192_160_counter_collection.csv
[m[0;31mE20250902 07:42:13.248155 139630298744576 output_stream.cpp:105] Opened result file: ./hwcount/pmc_1/standalone_attn_prefill_write_size_16_8192_160_agent_info.csv
[m[0;33mW20250902 07:42:23.000163 139630298744576 tool.cpp:1902] rocprofv3_error_signal_handler caught signal 11...
[m