# ---- Run standalone_attn_prefill_and_decode_tp8_prefill_then_decode1_256_1_256nan ----
INFO 09-01 18:09:47 [__init__.py:244] Automatically detected platform rocm.
No masking
[0;31mE20250901 18:10:05.504138 139793367492352 output_stream.cpp:105] Opened result file: ./profiles/standalone_attn_prefill_and_decode_tp8_prefill_then_decode1_256_1_256nan_kernel_trace.csv
[m[0;31mE20250901 18:10:05.511175 139793367492352 output_stream.cpp:105] Opened result file: ./profiles/standalone_attn_prefill_and_decode_tp8_prefill_then_decode1_256_1_256nan_agent_info.csv
[m# ---- Run standalone_attn_prefill_and_decode_tp8_prefill_then_decode1_256_1_512nan ----
INFO 09-01 18:10:21 [__init__.py:244] Automatically detected platform rocm.
No masking
[0;31mE20250901 18:10:40.486133 140571635394304 output_stream.cpp:105] Opened result file: ./profiles/standalone_attn_prefill_and_decode_tp8_prefill_then_decode1_256_1_512nan_kernel_trace.csv
[m[0;31mE20250901 18:10:40.494142 140571635394304 output_stream.cpp:105] Opened result file: ./profiles/standalone_attn_prefill_and_decode_tp8_prefill_then_decode1_256_1_512nan_agent_info.csv
[m# ---- Run standalone_attn_prefill_and_decode_tp8_prefill_then_decode1_256_1_1024nan ----
INFO 09-01 18:10:56 [__init__.py:244] Automatically detected platform rocm.
No masking
[0;31mE20250901 18:11:15.252130 139812494579456 output_stream.cpp:105] Opened result file: ./profiles/standalone_attn_prefill_and_decode_tp8_prefill_then_decode1_256_1_1024nan_kernel_trace.csv
[m[0;31mE20250901 18:11:15.259578 139812494579456 output_stream.cpp:105] Opened result file: ./profiles/standalone_attn_prefill_and_decode_tp8_prefill_then_decode1_256_1_1024nan_agent_info.csv
[m# ---- Run standalone_attn_prefill_and_decode_tp8_prefill_then_decode1_256_1_2048nan ----
INFO 09-01 18:11:30 [__init__.py:244] Automatically detected platform rocm.
No masking
[0;31mE20250901 18:11:49.633055 139881125488384 output_stream.cpp:105] Opened result file: ./profiles/standalone_attn_prefill_and_decode_tp8_prefill_then_decode1_256_1_2048nan_kernel_trace.csv
[m[0;31mE20250901 18:11:49.639994 139881125488384 output_stream.cpp:105] Opened result file: ./profiles/standalone_attn_prefill_and_decode_tp8_prefill_then_decode1_256_1_2048nan_agent_info.csv
[m# ---- Run standalone_attn_prefill_and_decode_tp8_prefill_then_decode1_256_1_4096nan ----
INFO 09-01 18:12:04 [__init__.py:244] Automatically detected platform rocm.
No masking
[0;31mE20250901 18:12:23.243217 140697454012160 output_stream.cpp:105] Opened result file: ./profiles/standalone_attn_prefill_and_decode_tp8_prefill_then_decode1_256_1_4096nan_kernel_trace.csv
[m[0;31mE20250901 18:12:23.250484 140697454012160 output_stream.cpp:105] Opened result file: ./profiles/standalone_attn_prefill_and_decode_tp8_prefill_then_decode1_256_1_4096nan_agent_info.csv
[m# ---- Run standalone_attn_prefill_and_decode_tp8_prefill_then_decode1_256_1_8192nan ----
INFO 09-01 18:12:38 [__init__.py:244] Automatically detected platform rocm.
No masking
[0;31mE20250901 18:12:58.965834 140064307783424 output_stream.cpp:105] Opened result file: ./profiles/standalone_attn_prefill_and_decode_tp8_prefill_then_decode1_256_1_8192nan_kernel_trace.csv
[m[0;31mE20250901 18:12:58.973411 140064307783424 output_stream.cpp:105] Opened result file: ./profiles/standalone_attn_prefill_and_decode_tp8_prefill_then_decode1_256_1_8192nan_agent_info.csv
[m# ---- Run standalone_attn_prefill_and_decode_tp8_prefill_then_decode1_256_2_256nan ----
INFO 09-01 18:13:15 [__init__.py:244] Automatically detected platform rocm.
No masking
[0;31mE20250901 18:13:36.676187 139887074600704 output_stream.cpp:105] Opened result file: ./profiles/standalone_attn_prefill_and_decode_tp8_prefill_then_decode1_256_2_256nan_kernel_trace.csv
[m[0;31mE20250901 18:13:36.683822 139887074600704 output_stream.cpp:105] Opened result file: ./profiles/standalone_attn_prefill_and_decode_tp8_prefill_then_decode1_256_2_256nan_agent_info.csv
[m# ---- Run standalone_attn_prefill_and_decode_tp8_prefill_then_decode1_256_2_512nan ----
INFO 09-01 18:13:52 [__init__.py:244] Automatically detected platform rocm.
No masking
[0;31mE20250901 18:14:10.749007 140107267016448 output_stream.cpp:105] Opened result file: ./profiles/standalone_attn_prefill_and_decode_tp8_prefill_then_decode1_256_2_512nan_kernel_trace.csv
[m[0;31mE20250901 18:14:10.756661 140107267016448 output_stream.cpp:105] Opened result file: ./profiles/standalone_attn_prefill_and_decode_tp8_prefill_then_decode1_256_2_512nan_agent_info.csv
[m# ---- Run standalone_attn_prefill_and_decode_tp8_prefill_then_decode1_256_2_1024nan ----
INFO 09-01 18:14:26 [__init__.py:244] Automatically detected platform rocm.
No masking
[0;31mE20250901 18:14:45.492496 140212499707648 output_stream.cpp:105] Opened result file: ./profiles/standalone_attn_prefill_and_decode_tp8_prefill_then_decode1_256_2_1024nan_kernel_trace.csv
[m[0;31mE20250901 18:14:45.499237 140212499707648 output_stream.cpp:105] Opened result file: ./profiles/standalone_attn_prefill_and_decode_tp8_prefill_then_decode1_256_2_1024nan_agent_info.csv
[m# ---- Run standalone_attn_prefill_and_decode_tp8_prefill_then_decode1_256_2_2048nan ----
INFO 09-01 18:15:01 [__init__.py:244] Automatically detected platform rocm.
No masking
[0;31mE20250901 18:15:20.587196 139749995382528 output_stream.cpp:105] Opened result file: ./profiles/standalone_attn_prefill_and_decode_tp8_prefill_then_decode1_256_2_2048nan_kernel_trace.csv
[m[0;31mE20250901 18:15:20.594016 139749995382528 output_stream.cpp:105] Opened result file: ./profiles/standalone_attn_prefill_and_decode_tp8_prefill_then_decode1_256_2_2048nan_agent_info.csv
[m# ---- Run standalone_attn_prefill_and_decode_tp8_prefill_then_decode1_256_2_4096nan ----
INFO 09-01 18:15:36 [__init__.py:244] Automatically detected platform rocm.
No masking
[0;31mE20250901 18:15:54.943811 139741909157632 output_stream.cpp:105] Opened result file: ./profiles/standalone_attn_prefill_and_decode_tp8_prefill_then_decode1_256_2_4096nan_kernel_trace.csv
[m[0;31mE20250901 18:15:54.951925 139741909157632 output_stream.cpp:105] Opened result file: ./profiles/standalone_attn_prefill_and_decode_tp8_prefill_then_decode1_256_2_4096nan_agent_info.csv
[m# ---- Run standalone_attn_prefill_and_decode_tp8_prefill_then_decode1_256_2_8192nan ----
INFO 09-01 18:16:10 [__init__.py:244] Automatically detected platform rocm.
No masking
[0;31mE20250901 18:16:29.559038 140099307628288 output_stream.cpp:105] Opened result file: ./profiles/standalone_attn_prefill_and_decode_tp8_prefill_then_decode1_256_2_8192nan_kernel_trace.csv
[m[0;31mE20250901 18:16:29.565610 140099307628288 output_stream.cpp:105] Opened result file: ./profiles/standalone_attn_prefill_and_decode_tp8_prefill_then_decode1_256_2_8192nan_agent_info.csv
[m# ---- Run standalone_attn_prefill_and_decode_tp8_prefill_then_decode1_256_4_256nan ----
INFO 09-01 18:16:45 [__init__.py:244] Automatically detected platform rocm.
No masking
[0;31mE20250901 18:17:04.785764 140217482069760 output_stream.cpp:105] Opened result file: ./profiles/standalone_attn_prefill_and_decode_tp8_prefill_then_decode1_256_4_256nan_kernel_trace.csv
[m[0;31mE20250901 18:17:04.792728 140217482069760 output_stream.cpp:105] Opened result file: ./profiles/standalone_attn_prefill_and_decode_tp8_prefill_then_decode1_256_4_256nan_agent_info.csv
[m# ---- Run standalone_attn_prefill_and_decode_tp8_prefill_then_decode1_256_4_512nan ----
INFO 09-01 18:17:20 [__init__.py:244] Automatically detected platform rocm.
No masking
[0;31mE20250901 18:17:40.584940 140560081254144 output_stream.cpp:105] Opened result file: ./profiles/standalone_attn_prefill_and_decode_tp8_prefill_then_decode1_256_4_512nan_kernel_trace.csv
[m[0;31mE20250901 18:17:40.591906 140560081254144 output_stream.cpp:105] Opened result file: ./profiles/standalone_attn_prefill_and_decode_tp8_prefill_then_decode1_256_4_512nan_agent_info.csv
[m# ---- Run standalone_attn_prefill_and_decode_tp8_prefill_then_decode1_256_4_1024nan ----
INFO 09-01 18:17:56 [__init__.py:244] Automatically detected platform rocm.
No masking
[0;31mE20250901 18:18:16.594634 139728387544832 output_stream.cpp:105] Opened result file: ./profiles/standalone_attn_prefill_and_decode_tp8_prefill_then_decode1_256_4_1024nan_kernel_trace.csv
[m[0;31mE20250901 18:18:16.601607 139728387544832 output_stream.cpp:105] Opened result file: ./profiles/standalone_attn_prefill_and_decode_tp8_prefill_then_decode1_256_4_1024nan_agent_info.csv
[m# ---- Run standalone_attn_prefill_and_decode_tp8_prefill_then_decode1_256_4_2048nan ----
INFO 09-01 18:18:33 [__init__.py:244] Automatically detected platform rocm.
No masking
[0;31mE20250901 18:18:53.020997 140126448031488 output_stream.cpp:105] Opened result file: ./profiles/standalone_attn_prefill_and_decode_tp8_prefill_then_decode1_256_4_2048nan_kernel_trace.csv
[m[0;31mE20250901 18:18:53.027907 140126448031488 output_stream.cpp:105] Opened result file: ./profiles/standalone_attn_prefill_and_decode_tp8_prefill_then_decode1_256_4_2048nan_agent_info.csv
[m# ---- Run standalone_attn_prefill_and_decode_tp8_prefill_then_decode1_256_4_4096nan ----
INFO 09-01 18:19:09 [__init__.py:244] Automatically detected platform rocm.
No masking
[0;31mE20250901 18:19:28.956087 140165457913600 output_stream.cpp:105] Opened result file: ./profiles/standalone_attn_prefill_and_decode_tp8_prefill_then_decode1_256_4_4096nan_kernel_trace.csv
[m[0;31mE20250901 18:19:28.963171 140165457913600 output_stream.cpp:105] Opened result file: ./profiles/standalone_attn_prefill_and_decode_tp8_prefill_then_decode1_256_4_4096nan_agent_info.csv
[m# ---- Run standalone_attn_prefill_and_decode_tp8_prefill_then_decode1_256_4_8192nan ----
INFO 09-01 18:19:45 [__init__.py:244] Automatically detected platform rocm.
No masking
[0;31mE20250901 18:20:05.111740 140197795735296 output_stream.cpp:105] Opened result file: ./profiles/standalone_attn_prefill_and_decode_tp8_prefill_then_decode1_256_4_8192nan_kernel_trace.csv
[m[0;31mE20250901 18:20:05.119278 140197795735296 output_stream.cpp:105] Opened result file: ./profiles/standalone_attn_prefill_and_decode_tp8_prefill_then_decode1_256_4_8192nan_agent_info.csv
[m# ---- Run standalone_attn_prefill_and_decode_tp8_prefill_then_decode1_256_8_256nan ----
INFO 09-01 18:20:21 [__init__.py:244] Automatically detected platform rocm.
No masking
[0;31mE20250901 18:20:41.267770 140486328518400 output_stream.cpp:105] Opened result file: ./profiles/standalone_attn_prefill_and_decode_tp8_prefill_then_decode1_256_8_256nan_kernel_trace.csv
[m[0;31mE20250901 18:20:41.274615 140486328518400 output_stream.cpp:105] Opened result file: ./profiles/standalone_attn_prefill_and_decode_tp8_prefill_then_decode1_256_8_256nan_agent_info.csv
[m# ---- Run standalone_attn_prefill_and_decode_tp8_prefill_then_decode1_256_8_512nan ----
INFO 09-01 18:20:57 [__init__.py:244] Automatically detected platform rocm.
No masking
[0;31mE20250901 18:21:18.276604 140691391821568 output_stream.cpp:105] Opened result file: ./profiles/standalone_attn_prefill_and_decode_tp8_prefill_then_decode1_256_8_512nan_kernel_trace.csv
[m[0;31mE20250901 18:21:18.284049 140691391821568 output_stream.cpp:105] Opened result file: ./profiles/standalone_attn_prefill_and_decode_tp8_prefill_then_decode1_256_8_512nan_agent_info.csv
[m# ---- Run standalone_attn_prefill_and_decode_tp8_prefill_then_decode1_256_8_1024nan ----
INFO 09-01 18:21:34 [__init__.py:244] Automatically detected platform rocm.
No masking
[0;31mE20250901 18:21:55.825810 139957472753408 output_stream.cpp:105] Opened result file: ./profiles/standalone_attn_prefill_and_decode_tp8_prefill_then_decode1_256_8_1024nan_kernel_trace.csv
[m[0;31mE20250901 18:21:55.833165 139957472753408 output_stream.cpp:105] Opened result file: ./profiles/standalone_attn_prefill_and_decode_tp8_prefill_then_decode1_256_8_1024nan_agent_info.csv
[m# ---- Run standalone_attn_prefill_and_decode_tp8_prefill_then_decode1_256_8_2048nan ----
INFO 09-01 18:22:12 [__init__.py:244] Automatically detected platform rocm.
No masking
[0;31mE20250901 18:22:33.534208 140173069887232 output_stream.cpp:105] Opened result file: ./profiles/standalone_attn_prefill_and_decode_tp8_prefill_then_decode1_256_8_2048nan_kernel_trace.csv
[m[0;31mE20250901 18:22:33.541609 140173069887232 output_stream.cpp:105] Opened result file: ./profiles/standalone_attn_prefill_and_decode_tp8_prefill_then_decode1_256_8_2048nan_agent_info.csv
[m# ---- Run standalone_attn_prefill_and_decode_tp8_prefill_then_decode1_256_8_4096nan ----
INFO 09-01 18:22:50 [__init__.py:244] Automatically detected platform rocm.
No masking
[0;31mE20250901 18:23:11.709690 140028007204608 output_stream.cpp:105] Opened result file: ./profiles/standalone_attn_prefill_and_decode_tp8_prefill_then_decode1_256_8_4096nan_kernel_trace.csv
[m[0;31mE20250901 18:23:11.716676 140028007204608 output_stream.cpp:105] Opened result file: ./profiles/standalone_attn_prefill_and_decode_tp8_prefill_then_decode1_256_8_4096nan_agent_info.csv
[m# ---- Run standalone_attn_prefill_and_decode_tp8_prefill_then_decode1_256_8_8192nan ----
INFO 09-01 18:23:28 [__init__.py:244] Automatically detected platform rocm.
No masking
[0;31mE20250901 18:23:49.680219 139952841242368 output_stream.cpp:105] Opened result file: ./profiles/standalone_attn_prefill_and_decode_tp8_prefill_then_decode1_256_8_8192nan_kernel_trace.csv
[m[0;31mE20250901 18:23:49.687084 139952841242368 output_stream.cpp:105] Opened result file: ./profiles/standalone_attn_prefill_and_decode_tp8_prefill_then_decode1_256_8_8192nan_agent_info.csv
[m# ---- Run standalone_attn_prefill_and_decode_tp8_prefill_then_decode1_256_16_256nan ----
INFO 09-01 18:24:06 [__init__.py:244] Automatically detected platform rocm.
No masking
[0;31mE20250901 18:24:27.606681 140061111789312 output_stream.cpp:105] Opened result file: ./profiles/standalone_attn_prefill_and_decode_tp8_prefill_then_decode1_256_16_256nan_kernel_trace.csv
[m[0;31mE20250901 18:24:27.613774 140061111789312 output_stream.cpp:105] Opened result file: ./profiles/standalone_attn_prefill_and_decode_tp8_prefill_then_decode1_256_16_256nan_agent_info.csv
[m# ---- Run standalone_attn_prefill_and_decode_tp8_prefill_then_decode1_256_16_512nan ----
INFO 09-01 18:24:44 [__init__.py:244] Automatically detected platform rocm.
No masking
[0;31mE20250901 18:25:05.689692 140020209817344 output_stream.cpp:105] Opened result file: ./profiles/standalone_attn_prefill_and_decode_tp8_prefill_then_decode1_256_16_512nan_kernel_trace.csv
[m[0;31mE20250901 18:25:05.696585 140020209817344 output_stream.cpp:105] Opened result file: ./profiles/standalone_attn_prefill_and_decode_tp8_prefill_then_decode1_256_16_512nan_agent_info.csv
[m# ---- Run standalone_attn_prefill_and_decode_tp8_prefill_then_decode1_256_16_1024nan ----
INFO 09-01 18:25:22 [__init__.py:244] Automatically detected platform rocm.
No masking
[0;31mE20250901 18:25:44.311938 140706299385600 output_stream.cpp:105] Opened result file: ./profiles/standalone_attn_prefill_and_decode_tp8_prefill_then_decode1_256_16_1024nan_kernel_trace.csv
[m[0;31mE20250901 18:25:44.318773 140706299385600 output_stream.cpp:105] Opened result file: ./profiles/standalone_attn_prefill_and_decode_tp8_prefill_then_decode1_256_16_1024nan_agent_info.csv
[m# ---- Run standalone_attn_prefill_and_decode_tp8_prefill_then_decode1_256_16_2048nan ----
INFO 09-01 18:26:01 [__init__.py:244] Automatically detected platform rocm.
No masking
[0;31mE20250901 18:26:21.793194 139633180690176 output_stream.cpp:105] Opened result file: ./profiles/standalone_attn_prefill_and_decode_tp8_prefill_then_decode1_256_16_2048nan_kernel_trace.csv
[m[0;31mE20250901 18:26:21.800637 139633180690176 output_stream.cpp:105] Opened result file: ./profiles/standalone_attn_prefill_and_decode_tp8_prefill_then_decode1_256_16_2048nan_agent_info.csv
[m# ---- Run standalone_attn_prefill_and_decode_tp8_prefill_then_decode1_256_16_4096nan ----
INFO 09-01 18:26:38 [__init__.py:244] Automatically detected platform rocm.
No masking
[0;31mE20250901 18:26:59.714292 140680092010240 output_stream.cpp:105] Opened result file: ./profiles/standalone_attn_prefill_and_decode_tp8_prefill_then_decode1_256_16_4096nan_kernel_trace.csv
[m[0;31mE20250901 18:26:59.721695 140680092010240 output_stream.cpp:105] Opened result file: ./profiles/standalone_attn_prefill_and_decode_tp8_prefill_then_decode1_256_16_4096nan_agent_info.csv
[m# ---- Run standalone_attn_prefill_and_decode_tp8_prefill_then_decode1_256_16_8192nan ----
INFO 09-01 18:27:16 [__init__.py:244] Automatically detected platform rocm.
No masking
[0;31mE20250901 18:27:36.126312 140061160068864 output_stream.cpp:105] Opened result file: ./profiles/standalone_attn_prefill_and_decode_tp8_prefill_then_decode1_256_16_8192nan_kernel_trace.csv
[m[0;31mE20250901 18:27:36.132495 140061160068864 output_stream.cpp:105] Opened result file: ./profiles/standalone_attn_prefill_and_decode_tp8_prefill_then_decode1_256_16_8192nan_agent_info.csv
[m# ---- Run standalone_attn_prefill_and_decode_tp8_prefill_then_decode1_256_32_256nan ----
INFO 09-01 18:27:51 [__init__.py:244] Automatically detected platform rocm.
No masking
[0;31mE20250901 18:28:09.080916 139629778278144 output_stream.cpp:105] Opened result file: ./profiles/standalone_attn_prefill_and_decode_tp8_prefill_then_decode1_256_32_256nan_kernel_trace.csv
[m[0;31mE20250901 18:28:09.087049 139629778278144 output_stream.cpp:105] Opened result file: ./profiles/standalone_attn_prefill_and_decode_tp8_prefill_then_decode1_256_32_256nan_agent_info.csv
[m# ---- Run standalone_attn_prefill_and_decode_tp8_prefill_then_decode1_256_32_512nan ----
INFO 09-01 18:28:23 [__init__.py:244] Automatically detected platform rocm.
No masking
[0;31mE20250901 18:28:42.142468 140343646910208 output_stream.cpp:105] Opened result file: ./profiles/standalone_attn_prefill_and_decode_tp8_prefill_then_decode1_256_32_512nan_kernel_trace.csv
[m[0;31mE20250901 18:28:42.149245 140343646910208 output_stream.cpp:105] Opened result file: ./profiles/standalone_attn_prefill_and_decode_tp8_prefill_then_decode1_256_32_512nan_agent_info.csv
[m# ---- Run standalone_attn_prefill_and_decode_tp8_prefill_then_decode1_256_32_1024nan ----
INFO 09-01 18:28:57 [__init__.py:244] Automatically detected platform rocm.
No masking
[0;31mE20250901 18:29:15.091698 140160528324352 output_stream.cpp:105] Opened result file: ./profiles/standalone_attn_prefill_and_decode_tp8_prefill_then_decode1_256_32_1024nan_kernel_trace.csv
[m[0;31mE20250901 18:29:15.098099 140160528324352 output_stream.cpp:105] Opened result file: ./profiles/standalone_attn_prefill_and_decode_tp8_prefill_then_decode1_256_32_1024nan_agent_info.csv
[m# ---- Run standalone_attn_prefill_and_decode_tp8_prefill_then_decode1_256_32_2048nan ----
INFO 09-01 18:29:30 [__init__.py:244] Automatically detected platform rocm.
No masking
[0;31mE20250901 18:29:48.760517 140197641987840 output_stream.cpp:105] Opened result file: ./profiles/standalone_attn_prefill_and_decode_tp8_prefill_then_decode1_256_32_2048nan_kernel_trace.csv
[m[0;31mE20250901 18:29:48.766739 140197641987840 output_stream.cpp:105] Opened result file: ./profiles/standalone_attn_prefill_and_decode_tp8_prefill_then_decode1_256_32_2048nan_agent_info.csv
[m# ---- Run standalone_attn_prefill_and_decode_tp8_prefill_then_decode1_256_32_4096nan ----
INFO 09-01 18:30:03 [__init__.py:244] Automatically detected platform rocm.
No masking
[0;31mE20250901 18:30:22.046908 140245861709568 output_stream.cpp:105] Opened result file: ./profiles/standalone_attn_prefill_and_decode_tp8_prefill_then_decode1_256_32_4096nan_kernel_trace.csv
[m[0;31mE20250901 18:30:22.053401 140245861709568 output_stream.cpp:105] Opened result file: ./profiles/standalone_attn_prefill_and_decode_tp8_prefill_then_decode1_256_32_4096nan_agent_info.csv
[m# ---- Run standalone_attn_prefill_and_decode_tp8_prefill_then_decode1_256_32_8192nan ----
INFO 09-01 18:30:37 [__init__.py:244] Automatically detected platform rocm.
No masking
[0;31mE20250901 18:30:55.503310 140017703274240 output_stream.cpp:105] Opened result file: ./profiles/standalone_attn_prefill_and_decode_tp8_prefill_then_decode1_256_32_8192nan_kernel_trace.csv
[m[0;31mE20250901 18:30:55.509947 140017703274240 output_stream.cpp:105] Opened result file: ./profiles/standalone_attn_prefill_and_decode_tp8_prefill_then_decode1_256_32_8192nan_agent_info.csv
[m# ---- Run standalone_attn_prefill_and_decode_tp8_prefill_then_decode1_256_64_256nan ----
INFO 09-01 18:31:10 [__init__.py:244] Automatically detected platform rocm.
No masking
[0;31mE20250901 18:31:28.362236 140357744326400 output_stream.cpp:105] Opened result file: ./profiles/standalone_attn_prefill_and_decode_tp8_prefill_then_decode1_256_64_256nan_kernel_trace.csv
[m[0;31mE20250901 18:31:28.368440 140357744326400 output_stream.cpp:105] Opened result file: ./profiles/standalone_attn_prefill_and_decode_tp8_prefill_then_decode1_256_64_256nan_agent_info.csv
[m# ---- Run standalone_attn_prefill_and_decode_tp8_prefill_then_decode1_256_64_512nan ----
INFO 09-01 18:31:43 [__init__.py:244] Automatically detected platform rocm.
No masking
[0;31mE20250901 18:32:01.275413 139654723897088 output_stream.cpp:105] Opened result file: ./profiles/standalone_attn_prefill_and_decode_tp8_prefill_then_decode1_256_64_512nan_kernel_trace.csv
[m[0;31mE20250901 18:32:01.282066 139654723897088 output_stream.cpp:105] Opened result file: ./profiles/standalone_attn_prefill_and_decode_tp8_prefill_then_decode1_256_64_512nan_agent_info.csv
[m# ---- Run standalone_attn_prefill_and_decode_tp8_prefill_then_decode1_256_64_1024nan ----
INFO 09-01 18:32:16 [__init__.py:244] Automatically detected platform rocm.
No masking
[0;31mE20250901 18:32:34.657856 140071502038784 output_stream.cpp:105] Opened result file: ./profiles/standalone_attn_prefill_and_decode_tp8_prefill_then_decode1_256_64_1024nan_kernel_trace.csv
[m[0;31mE20250901 18:32:34.664616 140071502038784 output_stream.cpp:105] Opened result file: ./profiles/standalone_attn_prefill_and_decode_tp8_prefill_then_decode1_256_64_1024nan_agent_info.csv
[m# ---- Run standalone_attn_prefill_and_decode_tp8_prefill_then_decode1_256_64_2048nan ----
INFO 09-01 18:32:49 [__init__.py:244] Automatically detected platform rocm.
No masking
[0;31mE20250901 18:33:08.024717 140140092704512 output_stream.cpp:105] Opened result file: ./profiles/standalone_attn_prefill_and_decode_tp8_prefill_then_decode1_256_64_2048nan_kernel_trace.csv
[m[0;31mE20250901 18:33:08.031523 140140092704512 output_stream.cpp:105] Opened result file: ./profiles/standalone_attn_prefill_and_decode_tp8_prefill_then_decode1_256_64_2048nan_agent_info.csv
[m# ---- Run standalone_attn_prefill_and_decode_tp8_prefill_then_decode1_256_64_4096nan ----
INFO 09-01 18:33:22 [__init__.py:244] Automatically detected platform rocm.
No masking
[0;31mE20250901 18:33:41.560074 140164506367744 output_stream.cpp:105] Opened result file: ./profiles/standalone_attn_prefill_and_decode_tp8_prefill_then_decode1_256_64_4096nan_kernel_trace.csv
[m[0;31mE20250901 18:33:41.567133 140164506367744 output_stream.cpp:105] Opened result file: ./profiles/standalone_attn_prefill_and_decode_tp8_prefill_then_decode1_256_64_4096nan_agent_info.csv
[m# ---- Run standalone_attn_prefill_and_decode_tp8_prefill_then_decode1_256_64_8192nan ----
INFO 09-01 18:33:56 [__init__.py:244] Automatically detected platform rocm.
No masking
[0;31mE20250901 18:34:14.504209 140147353937664 output_stream.cpp:105] Opened result file: ./profiles/standalone_attn_prefill_and_decode_tp8_prefill_then_decode1_256_64_8192nan_kernel_trace.csv
[m[0;31mE20250901 18:34:14.510658 140147353937664 output_stream.cpp:105] Opened result file: ./profiles/standalone_attn_prefill_and_decode_tp8_prefill_then_decode1_256_64_8192nan_agent_info.csv
[m# ---- Run standalone_attn_prefill_and_decode_tp8_prefill_then_decode1_256_128_256nan ----
INFO 09-01 18:34:29 [__init__.py:244] Automatically detected platform rocm.
No masking
[0;31mE20250901 18:34:46.532684 139845807130368 output_stream.cpp:105] Opened result file: ./profiles/standalone_attn_prefill_and_decode_tp8_prefill_then_decode1_256_128_256nan_kernel_trace.csv
[m[0;31mE20250901 18:34:46.539965 139845807130368 output_stream.cpp:105] Opened result file: ./profiles/standalone_attn_prefill_and_decode_tp8_prefill_then_decode1_256_128_256nan_agent_info.csv
[m# ---- Run standalone_attn_prefill_and_decode_tp8_prefill_then_decode1_256_128_512nan ----
INFO 09-01 18:35:01 [__init__.py:244] Automatically detected platform rocm.
No masking
[0;31mE20250901 18:35:19.064937 140017783777024 output_stream.cpp:105] Opened result file: ./profiles/standalone_attn_prefill_and_decode_tp8_prefill_then_decode1_256_128_512nan_kernel_trace.csv
[m[0;31mE20250901 18:35:19.071433 140017783777024 output_stream.cpp:105] Opened result file: ./profiles/standalone_attn_prefill_and_decode_tp8_prefill_then_decode1_256_128_512nan_agent_info.csv
[m# ---- Run standalone_attn_prefill_and_decode_tp8_prefill_then_decode1_256_128_1024nan ----
INFO 09-01 18:35:33 [__init__.py:244] Automatically detected platform rocm.
No masking
[0;31mE20250901 18:35:51.431974 140458805049088 output_stream.cpp:105] Opened result file: ./profiles/standalone_attn_prefill_and_decode_tp8_prefill_then_decode1_256_128_1024nan_kernel_trace.csv
[m[0;31mE20250901 18:35:51.438282 140458805049088 output_stream.cpp:105] Opened result file: ./profiles/standalone_attn_prefill_and_decode_tp8_prefill_then_decode1_256_128_1024nan_agent_info.csv
[m# ---- Run standalone_attn_prefill_and_decode_tp8_prefill_then_decode1_256_128_2048nan ----
INFO 09-01 18:36:06 [__init__.py:244] Automatically detected platform rocm.
No masking
[0;31mE20250901 18:36:24.424449 139753568028416 output_stream.cpp:105] Opened result file: ./profiles/standalone_attn_prefill_and_decode_tp8_prefill_then_decode1_256_128_2048nan_kernel_trace.csv
[m[0;31mE20250901 18:36:24.430702 139753568028416 output_stream.cpp:105] Opened result file: ./profiles/standalone_attn_prefill_and_decode_tp8_prefill_then_decode1_256_128_2048nan_agent_info.csv
[m# ---- Run standalone_attn_prefill_and_decode_tp8_prefill_then_decode1_256_128_4096nan ----
INFO 09-01 18:36:39 [__init__.py:244] Automatically detected platform rocm.
No masking
[0;31mE20250901 18:36:57.101688 140429846406912 output_stream.cpp:105] Opened result file: ./profiles/standalone_attn_prefill_and_decode_tp8_prefill_then_decode1_256_128_4096nan_kernel_trace.csv
[m[0;31mE20250901 18:36:57.107677 140429846406912 output_stream.cpp:105] Opened result file: ./profiles/standalone_attn_prefill_and_decode_tp8_prefill_then_decode1_256_128_4096nan_agent_info.csv
[m# ---- Run standalone_attn_prefill_and_decode_tp8_prefill_then_decode1_256_128_8192nan ----
INFO 09-01 18:37:12 [__init__.py:244] Automatically detected platform rocm.
No masking
[0;31mE20250901 18:37:29.479267 139938537436928 output_stream.cpp:105] Opened result file: ./profiles/standalone_attn_prefill_and_decode_tp8_prefill_then_decode1_256_128_8192nan_kernel_trace.csv
[m[0;31mE20250901 18:37:29.485449 139938537436928 output_stream.cpp:105] Opened result file: ./profiles/standalone_attn_prefill_and_decode_tp8_prefill_then_decode1_256_128_8192nan_agent_info.csv
[m# ---- Run standalone_attn_prefill_and_decode_tp8_prefill_then_decode1_512_1_256nan ----
INFO 09-01 18:37:44 [__init__.py:244] Automatically detected platform rocm.
No masking
[0;31mE20250901 18:38:02.696190 140184917268224 output_stream.cpp:105] Opened result file: ./profiles/standalone_attn_prefill_and_decode_tp8_prefill_then_decode1_512_1_256nan_kernel_trace.csv
[m[0;31mE20250901 18:38:02.702346 140184917268224 output_stream.cpp:105] Opened result file: ./profiles/standalone_attn_prefill_and_decode_tp8_prefill_then_decode1_512_1_256nan_agent_info.csv
[m# ---- Run standalone_attn_prefill_and_decode_tp8_prefill_then_decode1_512_1_512nan ----
INFO 09-01 18:38:17 [__init__.py:244] Automatically detected platform rocm.
No masking
[0;31mE20250901 18:38:36.088001 140019032323840 output_stream.cpp:105] Opened result file: ./profiles/standalone_attn_prefill_and_decode_tp8_prefill_then_decode1_512_1_512nan_kernel_trace.csv
[m[0;31mE20250901 18:38:36.094049 140019032323840 output_stream.cpp:105] Opened result file: ./profiles/standalone_attn_prefill_and_decode_tp8_prefill_then_decode1_512_1_512nan_agent_info.csv
[m# ---- Run standalone_attn_prefill_and_decode_tp8_prefill_then_decode1_512_1_1024nan ----
INFO 09-01 18:38:51 [__init__.py:244] Automatically detected platform rocm.
No masking
[0;31mE20250901 18:39:09.701651 140036699526912 output_stream.cpp:105] Opened result file: ./profiles/standalone_attn_prefill_and_decode_tp8_prefill_then_decode1_512_1_1024nan_kernel_trace.csv
[m[0;31mE20250901 18:39:09.707675 140036699526912 output_stream.cpp:105] Opened result file: ./profiles/standalone_attn_prefill_and_decode_tp8_prefill_then_decode1_512_1_1024nan_agent_info.csv
[m# ---- Run standalone_attn_prefill_and_decode_tp8_prefill_then_decode1_512_1_2048nan ----
INFO 09-01 18:39:24 [__init__.py:244] Automatically detected platform rocm.
No masking
[0;31mE20250901 18:39:42.790852 140239049791232 output_stream.cpp:105] Opened result file: ./profiles/standalone_attn_prefill_and_decode_tp8_prefill_then_decode1_512_1_2048nan_kernel_trace.csv
[m[0;31mE20250901 18:39:42.797628 140239049791232 output_stream.cpp:105] Opened result file: ./profiles/standalone_attn_prefill_and_decode_tp8_prefill_then_decode1_512_1_2048nan_agent_info.csv
[m# ---- Run standalone_attn_prefill_and_decode_tp8_prefill_then_decode1_512_1_4096nan ----
INFO 09-01 18:39:57 [__init__.py:244] Automatically detected platform rocm.
No masking
[0;31mE20250901 18:40:15.473606 140549640021760 output_stream.cpp:105] Opened result file: ./profiles/standalone_attn_prefill_and_decode_tp8_prefill_then_decode1_512_1_4096nan_kernel_trace.csv
[m[0;31mE20250901 18:40:15.479743 140549640021760 output_stream.cpp:105] Opened result file: ./profiles/standalone_attn_prefill_and_decode_tp8_prefill_then_decode1_512_1_4096nan_agent_info.csv
[m# ---- Run standalone_attn_prefill_and_decode_tp8_prefill_then_decode1_512_1_8192nan ----
INFO 09-01 18:40:30 [__init__.py:244] Automatically detected platform rocm.
No masking
[0;31mE20250901 18:40:47.769768 139770216408832 output_stream.cpp:105] Opened result file: ./profiles/standalone_attn_prefill_and_decode_tp8_prefill_then_decode1_512_1_8192nan_kernel_trace.csv
[m[0;31mE20250901 18:40:47.776010 139770216408832 output_stream.cpp:105] Opened result file: ./profiles/standalone_attn_prefill_and_decode_tp8_prefill_then_decode1_512_1_8192nan_agent_info.csv
[m# ---- Run standalone_attn_prefill_and_decode_tp8_prefill_then_decode1_512_2_256nan ----
INFO 09-01 18:41:02 [__init__.py:244] Automatically detected platform rocm.
No masking
[0;31mE20250901 18:41:20.553858 140230240073472 output_stream.cpp:105] Opened result file: ./profiles/standalone_attn_prefill_and_decode_tp8_prefill_then_decode1_512_2_256nan_kernel_trace.csv
[m[0;31mE20250901 18:41:20.559929 140230240073472 output_stream.cpp:105] Opened result file: ./profiles/standalone_attn_prefill_and_decode_tp8_prefill_then_decode1_512_2_256nan_agent_info.csv
[m# ---- Run standalone_attn_prefill_and_decode_tp8_prefill_then_decode1_512_2_512nan ----
INFO 09-01 18:41:35 [__init__.py:244] Automatically detected platform rocm.
No masking
[0;31mE20250901 18:41:52.653515 140711253661440 output_stream.cpp:105] Opened result file: ./profiles/standalone_attn_prefill_and_decode_tp8_prefill_then_decode1_512_2_512nan_kernel_trace.csv
[m[0;31mE20250901 18:41:52.659852 140711253661440 output_stream.cpp:105] Opened result file: ./profiles/standalone_attn_prefill_and_decode_tp8_prefill_then_decode1_512_2_512nan_agent_info.csv
[m# ---- Run standalone_attn_prefill_and_decode_tp8_prefill_then_decode1_512_2_1024nan ----
INFO 09-01 18:42:07 [__init__.py:244] Automatically detected platform rocm.
No masking
[0;31mE20250901 18:42:24.939113 139667127437056 output_stream.cpp:105] Opened result file: ./profiles/standalone_attn_prefill_and_decode_tp8_prefill_then_decode1_512_2_1024nan_kernel_trace.csv
[m[0;31mE20250901 18:42:24.945185 139667127437056 output_stream.cpp:105] Opened result file: ./profiles/standalone_attn_prefill_and_decode_tp8_prefill_then_decode1_512_2_1024nan_agent_info.csv
[m# ---- Run standalone_attn_prefill_and_decode_tp8_prefill_then_decode1_512_2_2048nan ----
INFO 09-01 18:42:39 [__init__.py:244] Automatically detected platform rocm.
No masking
[0;31mE20250901 18:42:57.255443 139719916508928 output_stream.cpp:105] Opened result file: ./profiles/standalone_attn_prefill_and_decode_tp8_prefill_then_decode1_512_2_2048nan_kernel_trace.csv
[m[0;31mE20250901 18:42:57.261711 139719916508928 output_stream.cpp:105] Opened result file: ./profiles/standalone_attn_prefill_and_decode_tp8_prefill_then_decode1_512_2_2048nan_agent_info.csv
[m# ---- Run standalone_attn_prefill_and_decode_tp8_prefill_then_decode1_512_2_4096nan ----
INFO 09-01 18:43:12 [__init__.py:244] Automatically detected platform rocm.
No masking
[0;31mE20250901 18:43:29.561060 139897233340160 output_stream.cpp:105] Opened result file: ./profiles/standalone_attn_prefill_and_decode_tp8_prefill_then_decode1_512_2_4096nan_kernel_trace.csv
[m[0;31mE20250901 18:43:29.568080 139897233340160 output_stream.cpp:105] Opened result file: ./profiles/standalone_attn_prefill_and_decode_tp8_prefill_then_decode1_512_2_4096nan_agent_info.csv
[m# ---- Run standalone_attn_prefill_and_decode_tp8_prefill_then_decode1_512_2_8192nan ----
INFO 09-01 18:43:45 [__init__.py:244] Automatically detected platform rocm.
No masking
[0;31mE20250901 18:44:02.643728 140535382120192 output_stream.cpp:105] Opened result file: ./profiles/standalone_attn_prefill_and_decode_tp8_prefill_then_decode1_512_2_8192nan_kernel_trace.csv
[m[0;31mE20250901 18:44:02.649876 140535382120192 output_stream.cpp:105] Opened result file: ./profiles/standalone_attn_prefill_and_decode_tp8_prefill_then_decode1_512_2_8192nan_agent_info.csv
[m# ---- Run standalone_attn_prefill_and_decode_tp8_prefill_then_decode1_512_4_256nan ----
INFO 09-01 18:44:17 [__init__.py:244] Automatically detected platform rocm.
No masking
[0;31mE20250901 18:44:35.039380 139938294023936 output_stream.cpp:105] Opened result file: ./profiles/standalone_attn_prefill_and_decode_tp8_prefill_then_decode1_512_4_256nan_kernel_trace.csv
[m[0;31mE20250901 18:44:35.045669 139938294023936 output_stream.cpp:105] Opened result file: ./profiles/standalone_attn_prefill_and_decode_tp8_prefill_then_decode1_512_4_256nan_agent_info.csv
[m# ---- Run standalone_attn_prefill_and_decode_tp8_prefill_then_decode1_512_4_512nan ----
INFO 09-01 18:44:49 [__init__.py:244] Automatically detected platform rocm.
No masking
[0;31mE20250901 18:45:08.928012 140198658103040 output_stream.cpp:105] Opened result file: ./profiles/standalone_attn_prefill_and_decode_tp8_prefill_then_decode1_512_4_512nan_kernel_trace.csv
[m[0;31mE20250901 18:45:08.936208 140198658103040 output_stream.cpp:105] Opened result file: ./profiles/standalone_attn_prefill_and_decode_tp8_prefill_then_decode1_512_4_512nan_agent_info.csv
[m# ---- Run standalone_attn_prefill_and_decode_tp8_prefill_then_decode1_512_4_1024nan ----
INFO 09-01 18:45:26 [__init__.py:244] Automatically detected platform rocm.
No masking
[0;31mE20250901 18:45:46.511932 140216148649728 output_stream.cpp:105] Opened result file: ./profiles/standalone_attn_prefill_and_decode_tp8_prefill_then_decode1_512_4_1024nan_kernel_trace.csv
[m[0;31mE20250901 18:45:46.518181 140216148649728 output_stream.cpp:105] Opened result file: ./profiles/standalone_attn_prefill_and_decode_tp8_prefill_then_decode1_512_4_1024nan_agent_info.csv
[m# ---- Run standalone_attn_prefill_and_decode_tp8_prefill_then_decode1_512_4_2048nan ----
INFO 09-01 18:46:01 [__init__.py:244] Automatically detected platform rocm.
No masking
[0;31mE20250901 18:46:22.306628 140262707455744 output_stream.cpp:105] Opened result file: ./profiles/standalone_attn_prefill_and_decode_tp8_prefill_then_decode1_512_4_2048nan_kernel_trace.csv
[m[0;31mE20250901 18:46:22.313637 140262707455744 output_stream.cpp:105] Opened result file: ./profiles/standalone_attn_prefill_and_decode_tp8_prefill_then_decode1_512_4_2048nan_agent_info.csv
[m# ---- Run standalone_attn_prefill_and_decode_tp8_prefill_then_decode1_512_4_4096nan ----
INFO 09-01 18:46:40 [__init__.py:244] Automatically detected platform rocm.
No masking
[0;31mE20250901 18:47:00.222129 140670234048256 output_stream.cpp:105] Opened result file: ./profiles/standalone_attn_prefill_and_decode_tp8_prefill_then_decode1_512_4_4096nan_kernel_trace.csv
[m[0;31mE20250901 18:47:00.228318 140670234048256 output_stream.cpp:105] Opened result file: ./profiles/standalone_attn_prefill_and_decode_tp8_prefill_then_decode1_512_4_4096nan_agent_info.csv
[m# ---- Run standalone_attn_prefill_and_decode_tp8_prefill_then_decode1_512_4_8192nan ----
INFO 09-01 18:47:15 [__init__.py:244] Automatically detected platform rocm.
No masking
[0;31mE20250901 18:47:33.454051 140691158980352 output_stream.cpp:105] Opened result file: ./profiles/standalone_attn_prefill_and_decode_tp8_prefill_then_decode1_512_4_8192nan_kernel_trace.csv
[m[0;31mE20250901 18:47:33.460389 140691158980352 output_stream.cpp:105] Opened result file: ./profiles/standalone_attn_prefill_and_decode_tp8_prefill_then_decode1_512_4_8192nan_agent_info.csv
[m# ---- Run standalone_attn_prefill_and_decode_tp8_prefill_then_decode1_512_8_256nan ----
INFO 09-01 18:47:48 [__init__.py:244] Automatically detected platform rocm.
No masking
[0;31mE20250901 18:48:06.215751 140021170038528 output_stream.cpp:105] Opened result file: ./profiles/standalone_attn_prefill_and_decode_tp8_prefill_then_decode1_512_8_256nan_kernel_trace.csv
[m[0;31mE20250901 18:48:06.222373 140021170038528 output_stream.cpp:105] Opened result file: ./profiles/standalone_attn_prefill_and_decode_tp8_prefill_then_decode1_512_8_256nan_agent_info.csv
[m# ---- Run standalone_attn_prefill_and_decode_tp8_prefill_then_decode1_512_8_512nan ----
INFO 09-01 18:48:21 [__init__.py:244] Automatically detected platform rocm.
No masking
[0;31mE20250901 18:48:39.128553 140206058010368 output_stream.cpp:105] Opened result file: ./profiles/standalone_attn_prefill_and_decode_tp8_prefill_then_decode1_512_8_512nan_kernel_trace.csv
[m[0;31mE20250901 18:48:39.134878 140206058010368 output_stream.cpp:105] Opened result file: ./profiles/standalone_attn_prefill_and_decode_tp8_prefill_then_decode1_512_8_512nan_agent_info.csv
[m# ---- Run standalone_attn_prefill_and_decode_tp8_prefill_then_decode1_512_8_1024nan ----
INFO 09-01 18:48:54 [__init__.py:244] Automatically detected platform rocm.
No masking
[0;31mE20250901 18:49:12.141008 140462402275072 output_stream.cpp:105] Opened result file: ./profiles/standalone_attn_prefill_and_decode_tp8_prefill_then_decode1_512_8_1024nan_kernel_trace.csv
[m[0;31mE20250901 18:49:12.147113 140462402275072 output_stream.cpp:105] Opened result file: ./profiles/standalone_attn_prefill_and_decode_tp8_prefill_then_decode1_512_8_1024nan_agent_info.csv
[m# ---- Run standalone_attn_prefill_and_decode_tp8_prefill_then_decode1_512_8_2048nan ----
INFO 09-01 18:49:27 [__init__.py:244] Automatically detected platform rocm.
No masking
[0;31mE20250901 18:49:45.496014 139811514005248 output_stream.cpp:105] Opened result file: ./profiles/standalone_attn_prefill_and_decode_tp8_prefill_then_decode1_512_8_2048nan_kernel_trace.csv
[m[0;31mE20250901 18:49:45.502254 139811514005248 output_stream.cpp:105] Opened result file: ./profiles/standalone_attn_prefill_and_decode_tp8_prefill_then_decode1_512_8_2048nan_agent_info.csv
[m# ---- Run standalone_attn_prefill_and_decode_tp8_prefill_then_decode1_512_8_4096nan ----
INFO 09-01 18:50:00 [__init__.py:244] Automatically detected platform rocm.
No masking
[0;31mE20250901 18:50:18.696806 139808525051648 output_stream.cpp:105] Opened result file: ./profiles/standalone_attn_prefill_and_decode_tp8_prefill_then_decode1_512_8_4096nan_kernel_trace.csv
[m[0;31mE20250901 18:50:18.702974 139808525051648 output_stream.cpp:105] Opened result file: ./profiles/standalone_attn_prefill_and_decode_tp8_prefill_then_decode1_512_8_4096nan_agent_info.csv
[m# ---- Run standalone_attn_prefill_and_decode_tp8_prefill_then_decode1_512_8_8192nan ----
INFO 09-01 18:50:33 [__init__.py:244] Automatically detected platform rocm.
No masking
[0;31mE20250901 18:50:51.983049 140678175364864 output_stream.cpp:105] Opened result file: ./profiles/standalone_attn_prefill_and_decode_tp8_prefill_then_decode1_512_8_8192nan_kernel_trace.csv
[m[0;31mE20250901 18:50:51.989894 140678175364864 output_stream.cpp:105] Opened result file: ./profiles/standalone_attn_prefill_and_decode_tp8_prefill_then_decode1_512_8_8192nan_agent_info.csv
[m# ---- Run standalone_attn_prefill_and_decode_tp8_prefill_then_decode1_512_16_256nan ----
INFO 09-01 18:51:07 [__init__.py:244] Automatically detected platform rocm.
No masking
[0;31mE20250901 18:51:27.256701 139700394440448 output_stream.cpp:105] Opened result file: ./profiles/standalone_attn_prefill_and_decode_tp8_prefill_then_decode1_512_16_256nan_kernel_trace.csv
[m[0;31mE20250901 18:51:27.263506 139700394440448 output_stream.cpp:105] Opened result file: ./profiles/standalone_attn_prefill_and_decode_tp8_prefill_then_decode1_512_16_256nan_agent_info.csv
[m# ---- Run standalone_attn_prefill_and_decode_tp8_prefill_then_decode1_512_16_512nan ----
INFO 09-01 18:51:44 [__init__.py:244] Automatically detected platform rocm.
No masking
[0;31mE20250901 18:52:06.204531 140065127266048 output_stream.cpp:105] Opened result file: ./profiles/standalone_attn_prefill_and_decode_tp8_prefill_then_decode1_512_16_512nan_kernel_trace.csv
[m[0;31mE20250901 18:52:06.211626 140065127266048 output_stream.cpp:105] Opened result file: ./profiles/standalone_attn_prefill_and_decode_tp8_prefill_then_decode1_512_16_512nan_agent_info.csv
[m# ---- Run standalone_attn_prefill_and_decode_tp8_prefill_then_decode1_512_16_1024nan ----
INFO 09-01 18:52:22 [__init__.py:244] Automatically detected platform rocm.
No masking
[0;31mE20250901 18:52:42.997359 140605840590592 output_stream.cpp:105] Opened result file: ./profiles/standalone_attn_prefill_and_decode_tp8_prefill_then_decode1_512_16_1024nan_kernel_trace.csv
[m[0;31mE20250901 18:52:43.005473 140605840590592 output_stream.cpp:105] Opened result file: ./profiles/standalone_attn_prefill_and_decode_tp8_prefill_then_decode1_512_16_1024nan_agent_info.csv
[m# ---- Run standalone_attn_prefill_and_decode_tp8_prefill_then_decode1_512_16_2048nan ----
INFO 09-01 18:52:59 [__init__.py:244] Automatically detected platform rocm.
No masking
[0;31mE20250901 18:53:19.562190 140483115267840 output_stream.cpp:105] Opened result file: ./profiles/standalone_attn_prefill_and_decode_tp8_prefill_then_decode1_512_16_2048nan_kernel_trace.csv
[m[0;31mE20250901 18:53:19.569911 140483115267840 output_stream.cpp:105] Opened result file: ./profiles/standalone_attn_prefill_and_decode_tp8_prefill_then_decode1_512_16_2048nan_agent_info.csv
[m# ---- Run standalone_attn_prefill_and_decode_tp8_prefill_then_decode1_512_16_4096nan ----
INFO 09-01 18:53:35 [__init__.py:244] Automatically detected platform rocm.
No masking
[0;31mE20250901 18:53:56.691802 140624424027904 output_stream.cpp:105] Opened result file: ./profiles/standalone_attn_prefill_and_decode_tp8_prefill_then_decode1_512_16_4096nan_kernel_trace.csv
[m[0;31mE20250901 18:53:56.698784 140624424027904 output_stream.cpp:105] Opened result file: ./profiles/standalone_attn_prefill_and_decode_tp8_prefill_then_decode1_512_16_4096nan_agent_info.csv
[m# ---- Run standalone_attn_prefill_and_decode_tp8_prefill_then_decode1_512_16_8192nan ----
INFO 09-01 18:54:13 [__init__.py:244] Automatically detected platform rocm.
No masking
[0;31mE20250901 18:54:33.197529 140518647355136 output_stream.cpp:105] Opened result file: ./profiles/standalone_attn_prefill_and_decode_tp8_prefill_then_decode1_512_16_8192nan_kernel_trace.csv
[m[0;31mE20250901 18:54:33.203834 140518647355136 output_stream.cpp:105] Opened result file: ./profiles/standalone_attn_prefill_and_decode_tp8_prefill_then_decode1_512_16_8192nan_agent_info.csv
[m# ---- Run standalone_attn_prefill_and_decode_tp8_prefill_then_decode1_512_32_256nan ----
INFO 09-01 18:54:48 [__init__.py:244] Automatically detected platform rocm.
No masking
[0;31mE20250901 18:55:07.031754 139929797031680 output_stream.cpp:105] Opened result file: ./profiles/standalone_attn_prefill_and_decode_tp8_prefill_then_decode1_512_32_256nan_kernel_trace.csv
[m[0;31mE20250901 18:55:07.038501 139929797031680 output_stream.cpp:105] Opened result file: ./profiles/standalone_attn_prefill_and_decode_tp8_prefill_then_decode1_512_32_256nan_agent_info.csv
[m# ---- Run standalone_attn_prefill_and_decode_tp8_prefill_then_decode1_512_32_512nan ----
INFO 09-01 18:55:22 [__init__.py:244] Automatically detected platform rocm.
No masking
[0;31mE20250901 18:55:42.068184 139849912375040 output_stream.cpp:105] Opened result file: ./profiles/standalone_attn_prefill_and_decode_tp8_prefill_then_decode1_512_32_512nan_kernel_trace.csv
[m[0;31mE20250901 18:55:42.075039 139849912375040 output_stream.cpp:105] Opened result file: ./profiles/standalone_attn_prefill_and_decode_tp8_prefill_then_decode1_512_32_512nan_agent_info.csv
[m# ---- Run standalone_attn_prefill_and_decode_tp8_prefill_then_decode1_512_32_1024nan ----
INFO 09-01 18:55:57 [__init__.py:244] Automatically detected platform rocm.
No masking
[0;31mE20250901 18:56:16.925548 139761780512512 output_stream.cpp:105] Opened result file: ./profiles/standalone_attn_prefill_and_decode_tp8_prefill_then_decode1_512_32_1024nan_kernel_trace.csv
[m[0;31mE20250901 18:56:16.932245 139761780512512 output_stream.cpp:105] Opened result file: ./profiles/standalone_attn_prefill_and_decode_tp8_prefill_then_decode1_512_32_1024nan_agent_info.csv
[m# ---- Run standalone_attn_prefill_and_decode_tp8_prefill_then_decode1_512_32_2048nan ----
INFO 09-01 18:56:32 [__init__.py:244] Automatically detected platform rocm.
No masking
[0;31mE20250901 18:56:51.247406 140088798979840 output_stream.cpp:105] Opened result file: ./profiles/standalone_attn_prefill_and_decode_tp8_prefill_then_decode1_512_32_2048nan_kernel_trace.csv
[m[0;31mE20250901 18:56:51.253769 140088798979840 output_stream.cpp:105] Opened result file: ./profiles/standalone_attn_prefill_and_decode_tp8_prefill_then_decode1_512_32_2048nan_agent_info.csv
[m# ---- Run standalone_attn_prefill_and_decode_tp8_prefill_then_decode1_512_32_4096nan ----
INFO 09-01 18:57:06 [__init__.py:244] Automatically detected platform rocm.
No masking
[0;31mE20250901 18:57:25.403037 140555337475840 output_stream.cpp:105] Opened result file: ./profiles/standalone_attn_prefill_and_decode_tp8_prefill_then_decode1_512_32_4096nan_kernel_trace.csv
[m[0;31mE20250901 18:57:25.410702 140555337475840 output_stream.cpp:105] Opened result file: ./profiles/standalone_attn_prefill_and_decode_tp8_prefill_then_decode1_512_32_4096nan_agent_info.csv
[m# ---- Run standalone_attn_prefill_and_decode_tp8_prefill_then_decode1_512_32_8192nan ----
INFO 09-01 18:57:42 [__init__.py:244] Automatically detected platform rocm.
No masking
[0;31mE20250901 18:58:02.608904 140567230785280 output_stream.cpp:105] Opened result file: ./profiles/standalone_attn_prefill_and_decode_tp8_prefill_then_decode1_512_32_8192nan_kernel_trace.csv
[m[0;31mE20250901 18:58:02.615304 140567230785280 output_stream.cpp:105] Opened result file: ./profiles/standalone_attn_prefill_and_decode_tp8_prefill_then_decode1_512_32_8192nan_agent_info.csv
[m# ---- Run standalone_attn_prefill_and_decode_tp8_prefill_then_decode1_512_64_256nan ----
INFO 09-01 18:58:17 [__init__.py:244] Automatically detected platform rocm.
No masking
[0;31mE20250901 18:58:36.536102 140071729452800 output_stream.cpp:105] Opened result file: ./profiles/standalone_attn_prefill_and_decode_tp8_prefill_then_decode1_512_64_256nan_kernel_trace.csv
[m[0;31mE20250901 18:58:36.543149 140071729452800 output_stream.cpp:105] Opened result file: ./profiles/standalone_attn_prefill_and_decode_tp8_prefill_then_decode1_512_64_256nan_agent_info.csv
[m# ---- Run standalone_attn_prefill_and_decode_tp8_prefill_then_decode1_512_64_512nan ----
INFO 09-01 18:58:52 [__init__.py:244] Automatically detected platform rocm.
No masking
[0;31mE20250901 18:59:12.472399 140574331131648 output_stream.cpp:105] Opened result file: ./profiles/standalone_attn_prefill_and_decode_tp8_prefill_then_decode1_512_64_512nan_kernel_trace.csv
[m[0;31mE20250901 18:59:12.479908 140574331131648 output_stream.cpp:105] Opened result file: ./profiles/standalone_attn_prefill_and_decode_tp8_prefill_then_decode1_512_64_512nan_agent_info.csv
[m# ---- Run standalone_attn_prefill_and_decode_tp8_prefill_then_decode1_512_64_1024nan ----
INFO 09-01 18:59:28 [__init__.py:244] Automatically detected platform rocm.
No masking
[0;31mE20250901 18:59:47.885068 140319519831808 output_stream.cpp:105] Opened result file: ./profiles/standalone_attn_prefill_and_decode_tp8_prefill_then_decode1_512_64_1024nan_kernel_trace.csv
[m[0;31mE20250901 18:59:47.891904 140319519831808 output_stream.cpp:105] Opened result file: ./profiles/standalone_attn_prefill_and_decode_tp8_prefill_then_decode1_512_64_1024nan_agent_info.csv
[m# ---- Run standalone_attn_prefill_and_decode_tp8_prefill_then_decode1_512_64_2048nan ----
INFO 09-01 19:00:04 [__init__.py:244] Automatically detected platform rocm.
No masking
[0;31mE20250901 19:00:24.180126 140613009413888 output_stream.cpp:105] Opened result file: ./profiles/standalone_attn_prefill_and_decode_tp8_prefill_then_decode1_512_64_2048nan_kernel_trace.csv
[m[0;31mE20250901 19:00:24.186967 140613009413888 output_stream.cpp:105] Opened result file: ./profiles/standalone_attn_prefill_and_decode_tp8_prefill_then_decode1_512_64_2048nan_agent_info.csv
[m# ---- Run standalone_attn_prefill_and_decode_tp8_prefill_then_decode1_512_64_4096nan ----
INFO 09-01 19:00:39 [__init__.py:244] Automatically detected platform rocm.
No masking
[0;31mE20250901 19:00:58.724693 140011465578240 output_stream.cpp:105] Opened result file: ./profiles/standalone_attn_prefill_and_decode_tp8_prefill_then_decode1_512_64_4096nan_kernel_trace.csv
[m[0;31mE20250901 19:00:58.731005 140011465578240 output_stream.cpp:105] Opened result file: ./profiles/standalone_attn_prefill_and_decode_tp8_prefill_then_decode1_512_64_4096nan_agent_info.csv
[m# ---- Run standalone_attn_prefill_and_decode_tp8_prefill_then_decode1_512_64_8192nan ----
INFO 09-01 19:01:13 [__init__.py:244] Automatically detected platform rocm.
No masking
[0;31mE20250901 19:01:32.179398 139964221536000 output_stream.cpp:105] Opened result file: ./profiles/standalone_attn_prefill_and_decode_tp8_prefill_then_decode1_512_64_8192nan_kernel_trace.csv
[m[0;31mE20250901 19:01:32.185811 139964221536000 output_stream.cpp:105] Opened result file: ./profiles/standalone_attn_prefill_and_decode_tp8_prefill_then_decode1_512_64_8192nan_agent_info.csv
[m# ---- Run standalone_attn_prefill_and_decode_tp8_prefill_then_decode1_512_128_256nan ----
INFO 09-01 19:01:47 [__init__.py:244] Automatically detected platform rocm.
No masking
[0;31mE20250901 19:02:04.720040 139668077799168 output_stream.cpp:105] Opened result file: ./profiles/standalone_attn_prefill_and_decode_tp8_prefill_then_decode1_512_128_256nan_kernel_trace.csv
[m[0;31mE20250901 19:02:04.726425 139668077799168 output_stream.cpp:105] Opened result file: ./profiles/standalone_attn_prefill_and_decode_tp8_prefill_then_decode1_512_128_256nan_agent_info.csv
[m# ---- Run standalone_attn_prefill_and_decode_tp8_prefill_then_decode1_512_128_512nan ----
INFO 09-01 19:02:20 [__init__.py:244] Automatically detected platform rocm.
No masking
[0;31mE20250901 19:02:37.065865 140639910987520 output_stream.cpp:105] Opened result file: ./profiles/standalone_attn_prefill_and_decode_tp8_prefill_then_decode1_512_128_512nan_kernel_trace.csv
[m[0;31mE20250901 19:02:37.071922 140639910987520 output_stream.cpp:105] Opened result file: ./profiles/standalone_attn_prefill_and_decode_tp8_prefill_then_decode1_512_128_512nan_agent_info.csv
[m# ---- Run standalone_attn_prefill_and_decode_tp8_prefill_then_decode1_512_128_1024nan ----
INFO 09-01 19:02:52 [__init__.py:244] Automatically detected platform rocm.
No masking
[0;31mE20250901 19:03:10.228613 140432582899456 output_stream.cpp:105] Opened result file: ./profiles/standalone_attn_prefill_and_decode_tp8_prefill_then_decode1_512_128_1024nan_kernel_trace.csv
[m[0;31mE20250901 19:03:10.235891 140432582899456 output_stream.cpp:105] Opened result file: ./profiles/standalone_attn_prefill_and_decode_tp8_prefill_then_decode1_512_128_1024nan_agent_info.csv
[m# ---- Run standalone_attn_prefill_and_decode_tp8_prefill_then_decode1_512_128_2048nan ----
INFO 09-01 19:03:26 [__init__.py:244] Automatically detected platform rocm.
No masking
[0;31mE20250901 19:03:45.234838 140409761339136 output_stream.cpp:105] Opened result file: ./profiles/standalone_attn_prefill_and_decode_tp8_prefill_then_decode1_512_128_2048nan_kernel_trace.csv
[m[0;31mE20250901 19:03:45.242391 140409761339136 output_stream.cpp:105] Opened result file: ./profiles/standalone_attn_prefill_and_decode_tp8_prefill_then_decode1_512_128_2048nan_agent_info.csv
[m# ---- Run standalone_attn_prefill_and_decode_tp8_prefill_then_decode1_512_128_4096nan ----
INFO 09-01 19:04:01 [__init__.py:244] Automatically detected platform rocm.
No masking
[0;31mE20250901 19:04:19.989242 140005485717248 output_stream.cpp:105] Opened result file: ./profiles/standalone_attn_prefill_and_decode_tp8_prefill_then_decode1_512_128_4096nan_kernel_trace.csv
[m[0;31mE20250901 19:04:19.995849 140005485717248 output_stream.cpp:105] Opened result file: ./profiles/standalone_attn_prefill_and_decode_tp8_prefill_then_decode1_512_128_4096nan_agent_info.csv
[m# ---- Run standalone_attn_prefill_and_decode_tp8_prefill_then_decode1_512_128_8192nan ----
INFO 09-01 19:04:35 [__init__.py:244] Automatically detected platform rocm.
No masking
[0;31mE20250901 19:04:53.894614 140160017721088 output_stream.cpp:105] Opened result file: ./profiles/standalone_attn_prefill_and_decode_tp8_prefill_then_decode1_512_128_8192nan_kernel_trace.csv
[m[0;31mE20250901 19:04:53.901681 140160017721088 output_stream.cpp:105] Opened result file: ./profiles/standalone_attn_prefill_and_decode_tp8_prefill_then_decode1_512_128_8192nan_agent_info.csv
[m# ---- Run standalone_attn_prefill_and_decode_tp8_prefill_then_decode1_1024_1_256nan ----
INFO 09-01 19:05:10 [__init__.py:244] Automatically detected platform rocm.
No masking
[0;31mE20250901 19:05:30.574353 140149111932672 output_stream.cpp:105] Opened result file: ./profiles/standalone_attn_prefill_and_decode_tp8_prefill_then_decode1_1024_1_256nan_kernel_trace.csv
[m[0;31mE20250901 19:05:30.581283 140149111932672 output_stream.cpp:105] Opened result file: ./profiles/standalone_attn_prefill_and_decode_tp8_prefill_then_decode1_1024_1_256nan_agent_info.csv
[m# ---- Run standalone_attn_prefill_and_decode_tp8_prefill_then_decode1_1024_1_512nan ----
INFO 09-01 19:05:46 [__init__.py:244] Automatically detected platform rocm.
No masking
[0;31mE20250901 19:06:07.644464 140646890989312 output_stream.cpp:105] Opened result file: ./profiles/standalone_attn_prefill_and_decode_tp8_prefill_then_decode1_1024_1_512nan_kernel_trace.csv
[m[0;31mE20250901 19:06:07.652540 140646890989312 output_stream.cpp:105] Opened result file: ./profiles/standalone_attn_prefill_and_decode_tp8_prefill_then_decode1_1024_1_512nan_agent_info.csv
[m# ---- Run standalone_attn_prefill_and_decode_tp8_prefill_then_decode1_1024_1_1024nan ----
INFO 09-01 19:06:24 [__init__.py:244] Automatically detected platform rocm.
No masking
[0;31mE20250901 19:06:44.455196 140241683851008 output_stream.cpp:105] Opened result file: ./profiles/standalone_attn_prefill_and_decode_tp8_prefill_then_decode1_1024_1_1024nan_kernel_trace.csv
[m[0;31mE20250901 19:06:44.461342 140241683851008 output_stream.cpp:105] Opened result file: ./profiles/standalone_attn_prefill_and_decode_tp8_prefill_then_decode1_1024_1_1024nan_agent_info.csv
[m# ---- Run standalone_attn_prefill_and_decode_tp8_prefill_then_decode1_1024_1_2048nan ----
INFO 09-01 19:06:59 [__init__.py:244] Automatically detected platform rocm.
No masking
[0;31mE20250901 19:07:18.920702 140707411789568 output_stream.cpp:105] Opened result file: ./profiles/standalone_attn_prefill_and_decode_tp8_prefill_then_decode1_1024_1_2048nan_kernel_trace.csv
[m[0;31mE20250901 19:07:18.928242 140707411789568 output_stream.cpp:105] Opened result file: ./profiles/standalone_attn_prefill_and_decode_tp8_prefill_then_decode1_1024_1_2048nan_agent_info.csv
[m# ---- Run standalone_attn_prefill_and_decode_tp8_prefill_then_decode1_1024_1_4096nan ----
INFO 09-01 19:07:35 [__init__.py:244] Automatically detected platform rocm.
No masking
[0;31mE20250901 19:07:56.205784 140218330068736 output_stream.cpp:105] Opened result file: ./profiles/standalone_attn_prefill_and_decode_tp8_prefill_then_decode1_1024_1_4096nan_kernel_trace.csv
[m[0;31mE20250901 19:07:56.213183 140218330068736 output_stream.cpp:105] Opened result file: ./profiles/standalone_attn_prefill_and_decode_tp8_prefill_then_decode1_1024_1_4096nan_agent_info.csv
[m# ---- Run standalone_attn_prefill_and_decode_tp8_prefill_then_decode1_1024_1_8192nan ----
INFO 09-01 19:08:12 [__init__.py:244] Automatically detected platform rocm.
No masking
[0;31mE20250901 19:08:33.444458 139951630251776 output_stream.cpp:105] Opened result file: ./profiles/standalone_attn_prefill_and_decode_tp8_prefill_then_decode1_1024_1_8192nan_kernel_trace.csv
[m[0;31mE20250901 19:08:33.451477 139951630251776 output_stream.cpp:105] Opened result file: ./profiles/standalone_attn_prefill_and_decode_tp8_prefill_then_decode1_1024_1_8192nan_agent_info.csv
[m# ---- Run standalone_attn_prefill_and_decode_tp8_prefill_then_decode1_1024_2_256nan ----
INFO 09-01 19:08:49 [__init__.py:244] Automatically detected platform rocm.
No masking
[0;31mE20250901 19:09:09.782623 140213498873600 output_stream.cpp:105] Opened result file: ./profiles/standalone_attn_prefill_and_decode_tp8_prefill_then_decode1_1024_2_256nan_kernel_trace.csv
[m[0;31mE20250901 19:09:09.788938 140213498873600 output_stream.cpp:105] Opened result file: ./profiles/standalone_attn_prefill_and_decode_tp8_prefill_then_decode1_1024_2_256nan_agent_info.csv
[m# ---- Run standalone_attn_prefill_and_decode_tp8_prefill_then_decode1_1024_2_512nan ----
INFO 09-01 19:09:25 [__init__.py:244] Automatically detected platform rocm.
No masking
[0;31mE20250901 19:09:44.885806 140147822872320 output_stream.cpp:105] Opened result file: ./profiles/standalone_attn_prefill_and_decode_tp8_prefill_then_decode1_1024_2_512nan_kernel_trace.csv
[m[0;31mE20250901 19:09:44.891805 140147822872320 output_stream.cpp:105] Opened result file: ./profiles/standalone_attn_prefill_and_decode_tp8_prefill_then_decode1_1024_2_512nan_agent_info.csv
[m# ---- Run standalone_attn_prefill_and_decode_tp8_prefill_then_decode1_1024_2_1024nan ----
INFO 09-01 19:09:59 [__init__.py:244] Automatically detected platform rocm.
No masking
[0;31mE20250901 19:10:18.388670 140393076025088 output_stream.cpp:105] Opened result file: ./profiles/standalone_attn_prefill_and_decode_tp8_prefill_then_decode1_1024_2_1024nan_kernel_trace.csv
[m[0;31mE20250901 19:10:18.394570 140393076025088 output_stream.cpp:105] Opened result file: ./profiles/standalone_attn_prefill_and_decode_tp8_prefill_then_decode1_1024_2_1024nan_agent_info.csv
[m# ---- Run standalone_attn_prefill_and_decode_tp8_prefill_then_decode1_1024_2_2048nan ----
INFO 09-01 19:10:33 [__init__.py:244] Automatically detected platform rocm.
No masking
[0;31mE20250901 19:10:51.519437 140713300408064 output_stream.cpp:105] Opened result file: ./profiles/standalone_attn_prefill_and_decode_tp8_prefill_then_decode1_1024_2_2048nan_kernel_trace.csv
[m[0;31mE20250901 19:10:51.525629 140713300408064 output_stream.cpp:105] Opened result file: ./profiles/standalone_attn_prefill_and_decode_tp8_prefill_then_decode1_1024_2_2048nan_agent_info.csv
[m# ---- Run standalone_attn_prefill_and_decode_tp8_prefill_then_decode1_1024_2_4096nan ----
INFO 09-01 19:11:06 [__init__.py:244] Automatically detected platform rocm.
No masking
[0;31mE20250901 19:11:25.338311 140003844957952 output_stream.cpp:105] Opened result file: ./profiles/standalone_attn_prefill_and_decode_tp8_prefill_then_decode1_1024_2_4096nan_kernel_trace.csv
[m[0;31mE20250901 19:11:25.345860 140003844957952 output_stream.cpp:105] Opened result file: ./profiles/standalone_attn_prefill_and_decode_tp8_prefill_then_decode1_1024_2_4096nan_agent_info.csv
[m# ---- Run standalone_attn_prefill_and_decode_tp8_prefill_then_decode1_1024_2_8192nan ----
INFO 09-01 19:11:40 [__init__.py:244] Automatically detected platform rocm.
No masking
[0;31mE20250901 19:11:58.535969 140414150604544 output_stream.cpp:105] Opened result file: ./profiles/standalone_attn_prefill_and_decode_tp8_prefill_then_decode1_1024_2_8192nan_kernel_trace.csv
[m[0;31mE20250901 19:11:58.542719 140414150604544 output_stream.cpp:105] Opened result file: ./profiles/standalone_attn_prefill_and_decode_tp8_prefill_then_decode1_1024_2_8192nan_agent_info.csv
[m# ---- Run standalone_attn_prefill_and_decode_tp8_prefill_then_decode1_1024_4_256nan ----
INFO 09-01 19:12:13 [__init__.py:244] Automatically detected platform rocm.
No masking
[0;31mE20250901 19:12:32.056790 140273559648000 output_stream.cpp:105] Opened result file: ./profiles/standalone_attn_prefill_and_decode_tp8_prefill_then_decode1_1024_4_256nan_kernel_trace.csv
[m[0;31mE20250901 19:12:32.063769 140273559648000 output_stream.cpp:105] Opened result file: ./profiles/standalone_attn_prefill_and_decode_tp8_prefill_then_decode1_1024_4_256nan_agent_info.csv
[m# ---- Run standalone_attn_prefill_and_decode_tp8_prefill_then_decode1_1024_4_512nan ----
INFO 09-01 19:12:47 [__init__.py:244] Automatically detected platform rocm.
No masking
[0;31mE20250901 19:13:06.328704 139699520923392 output_stream.cpp:105] Opened result file: ./profiles/standalone_attn_prefill_and_decode_tp8_prefill_then_decode1_1024_4_512nan_kernel_trace.csv
[m[0;31mE20250901 19:13:06.335808 139699520923392 output_stream.cpp:105] Opened result file: ./profiles/standalone_attn_prefill_and_decode_tp8_prefill_then_decode1_1024_4_512nan_agent_info.csv
[m# ---- Run standalone_attn_prefill_and_decode_tp8_prefill_then_decode1_1024_4_1024nan ----
INFO 09-01 19:13:21 [__init__.py:244] Automatically detected platform rocm.
No masking
[0;31mE20250901 19:13:41.367422 140591758010112 output_stream.cpp:105] Opened result file: ./profiles/standalone_attn_prefill_and_decode_tp8_prefill_then_decode1_1024_4_1024nan_kernel_trace.csv
[m[0;31mE20250901 19:13:41.375510 140591758010112 output_stream.cpp:105] Opened result file: ./profiles/standalone_attn_prefill_and_decode_tp8_prefill_then_decode1_1024_4_1024nan_agent_info.csv
[m# ---- Run standalone_attn_prefill_and_decode_tp8_prefill_then_decode1_1024_4_2048nan ----
INFO 09-01 19:13:57 [__init__.py:244] Automatically detected platform rocm.
No masking
[0;31mE20250901 19:14:18.897931 139897093089024 output_stream.cpp:105] Opened result file: ./profiles/standalone_attn_prefill_and_decode_tp8_prefill_then_decode1_1024_4_2048nan_kernel_trace.csv
[m[0;31mE20250901 19:14:18.904548 139897093089024 output_stream.cpp:105] Opened result file: ./profiles/standalone_attn_prefill_and_decode_tp8_prefill_then_decode1_1024_4_2048nan_agent_info.csv
[m# ---- Run standalone_attn_prefill_and_decode_tp8_prefill_then_decode1_1024_4_4096nan ----
INFO 09-01 19:14:34 [__init__.py:244] Automatically detected platform rocm.
No masking
[0;31mE20250901 19:14:52.497167 140450245392128 output_stream.cpp:105] Opened result file: ./profiles/standalone_attn_prefill_and_decode_tp8_prefill_then_decode1_1024_4_4096nan_kernel_trace.csv
[m[0;31mE20250901 19:14:52.504077 140450245392128 output_stream.cpp:105] Opened result file: ./profiles/standalone_attn_prefill_and_decode_tp8_prefill_then_decode1_1024_4_4096nan_agent_info.csv
[m# ---- Run standalone_attn_prefill_and_decode_tp8_prefill_then_decode1_1024_4_8192nan ----
INFO 09-01 19:15:07 [__init__.py:244] Automatically detected platform rocm.
No masking
[0;31mE20250901 19:15:26.278570 139704932873984 output_stream.cpp:105] Opened result file: ./profiles/standalone_attn_prefill_and_decode_tp8_prefill_then_decode1_1024_4_8192nan_kernel_trace.csv
[m[0;31mE20250901 19:15:26.284648 139704932873984 output_stream.cpp:105] Opened result file: ./profiles/standalone_attn_prefill_and_decode_tp8_prefill_then_decode1_1024_4_8192nan_agent_info.csv
[m# ---- Run standalone_attn_prefill_and_decode_tp8_prefill_then_decode1_1024_8_256nan ----
INFO 09-01 19:15:41 [__init__.py:244] Automatically detected platform rocm.
No masking
[0;31mE20250901 19:15:59.407815 140479166605056 output_stream.cpp:105] Opened result file: ./profiles/standalone_attn_prefill_and_decode_tp8_prefill_then_decode1_1024_8_256nan_kernel_trace.csv
[m[0;31mE20250901 19:15:59.414381 140479166605056 output_stream.cpp:105] Opened result file: ./profiles/standalone_attn_prefill_and_decode_tp8_prefill_then_decode1_1024_8_256nan_agent_info.csv
[m# ---- Run standalone_attn_prefill_and_decode_tp8_prefill_then_decode1_1024_8_512nan ----
INFO 09-01 19:16:14 [__init__.py:244] Automatically detected platform rocm.
No masking
[0;31mE20250901 19:16:33.006151 140643637720832 output_stream.cpp:105] Opened result file: ./profiles/standalone_attn_prefill_and_decode_tp8_prefill_then_decode1_1024_8_512nan_kernel_trace.csv
[m[0;31mE20250901 19:16:33.014022 140643637720832 output_stream.cpp:105] Opened result file: ./profiles/standalone_attn_prefill_and_decode_tp8_prefill_then_decode1_1024_8_512nan_agent_info.csv
[m# ---- Run standalone_attn_prefill_and_decode_tp8_prefill_then_decode1_1024_8_1024nan ----
INFO 09-01 19:16:48 [__init__.py:244] Automatically detected platform rocm.
No masking
[0;31mE20250901 19:17:06.255544 140273887536896 output_stream.cpp:105] Opened result file: ./profiles/standalone_attn_prefill_and_decode_tp8_prefill_then_decode1_1024_8_1024nan_kernel_trace.csv
[m[0;31mE20250901 19:17:06.262326 140273887536896 output_stream.cpp:105] Opened result file: ./profiles/standalone_attn_prefill_and_decode_tp8_prefill_then_decode1_1024_8_1024nan_agent_info.csv
[m# ---- Run standalone_attn_prefill_and_decode_tp8_prefill_then_decode1_1024_8_2048nan ----
INFO 09-01 19:17:20 [__init__.py:244] Automatically detected platform rocm.
No masking
[0;31mE20250901 19:17:38.814304 140702249903872 output_stream.cpp:105] Opened result file: ./profiles/standalone_attn_prefill_and_decode_tp8_prefill_then_decode1_1024_8_2048nan_kernel_trace.csv
[m[0;31mE20250901 19:17:38.820645 140702249903872 output_stream.cpp:105] Opened result file: ./profiles/standalone_attn_prefill_and_decode_tp8_prefill_then_decode1_1024_8_2048nan_agent_info.csv
[m# ---- Run standalone_attn_prefill_and_decode_tp8_prefill_then_decode1_1024_8_4096nan ----
INFO 09-01 19:17:53 [__init__.py:244] Automatically detected platform rocm.
No masking
[0;31mE20250901 19:18:12.469386 140232808007424 output_stream.cpp:105] Opened result file: ./profiles/standalone_attn_prefill_and_decode_tp8_prefill_then_decode1_1024_8_4096nan_kernel_trace.csv
[m[0;31mE20250901 19:18:12.475766 140232808007424 output_stream.cpp:105] Opened result file: ./profiles/standalone_attn_prefill_and_decode_tp8_prefill_then_decode1_1024_8_4096nan_agent_info.csv
[m# ---- Run standalone_attn_prefill_and_decode_tp8_prefill_then_decode1_1024_8_8192nan ----
INFO 09-01 19:18:27 [__init__.py:244] Automatically detected platform rocm.
No masking
[0;31mE20250901 19:18:44.973437 140703029978880 output_stream.cpp:105] Opened result file: ./profiles/standalone_attn_prefill_and_decode_tp8_prefill_then_decode1_1024_8_8192nan_kernel_trace.csv
[m[0;31mE20250901 19:18:44.979639 140703029978880 output_stream.cpp:105] Opened result file: ./profiles/standalone_attn_prefill_and_decode_tp8_prefill_then_decode1_1024_8_8192nan_agent_info.csv
[m# ---- Run standalone_attn_prefill_and_decode_tp8_prefill_then_decode1_1024_16_256nan ----
INFO 09-01 19:18:59 [__init__.py:244] Automatically detected platform rocm.
No masking
[0;31mE20250901 19:19:17.805282 140693404436224 output_stream.cpp:105] Opened result file: ./profiles/standalone_attn_prefill_and_decode_tp8_prefill_then_decode1_1024_16_256nan_kernel_trace.csv
[m[0;31mE20250901 19:19:17.811517 140693404436224 output_stream.cpp:105] Opened result file: ./profiles/standalone_attn_prefill_and_decode_tp8_prefill_then_decode1_1024_16_256nan_agent_info.csv
[m# ---- Run standalone_attn_prefill_and_decode_tp8_prefill_then_decode1_1024_16_512nan ----
INFO 09-01 19:19:33 [__init__.py:244] Automatically detected platform rocm.
No masking
[0;31mE20250901 19:19:51.137598 139936652039936 output_stream.cpp:105] Opened result file: ./profiles/standalone_attn_prefill_and_decode_tp8_prefill_then_decode1_1024_16_512nan_kernel_trace.csv
[m[0;31mE20250901 19:19:51.143742 139936652039936 output_stream.cpp:105] Opened result file: ./profiles/standalone_attn_prefill_and_decode_tp8_prefill_then_decode1_1024_16_512nan_agent_info.csv
[m# ---- Run standalone_attn_prefill_and_decode_tp8_prefill_then_decode1_1024_16_1024nan ----
INFO 09-01 19:20:05 [__init__.py:244] Automatically detected platform rocm.
No masking
[0;31mE20250901 19:20:23.796291 140096419817216 output_stream.cpp:105] Opened result file: ./profiles/standalone_attn_prefill_and_decode_tp8_prefill_then_decode1_1024_16_1024nan_kernel_trace.csv
[m[0;31mE20250901 19:20:23.802298 140096419817216 output_stream.cpp:105] Opened result file: ./profiles/standalone_attn_prefill_and_decode_tp8_prefill_then_decode1_1024_16_1024nan_agent_info.csv
[m# ---- Run standalone_attn_prefill_and_decode_tp8_prefill_then_decode1_1024_16_2048nan ----
INFO 09-01 19:20:38 [__init__.py:244] Automatically detected platform rocm.
No masking
[0;31mE20250901 19:20:56.569438 139880946411264 output_stream.cpp:105] Opened result file: ./profiles/standalone_attn_prefill_and_decode_tp8_prefill_then_decode1_1024_16_2048nan_kernel_trace.csv
[m[0;31mE20250901 19:20:56.575732 139880946411264 output_stream.cpp:105] Opened result file: ./profiles/standalone_attn_prefill_and_decode_tp8_prefill_then_decode1_1024_16_2048nan_agent_info.csv
[m# ---- Run standalone_attn_prefill_and_decode_tp8_prefill_then_decode1_1024_16_4096nan ----
INFO 09-01 19:21:11 [__init__.py:244] Automatically detected platform rocm.
No masking
[0;31mE20250901 19:21:29.502536 139754476513024 output_stream.cpp:105] Opened result file: ./profiles/standalone_attn_prefill_and_decode_tp8_prefill_then_decode1_1024_16_4096nan_kernel_trace.csv
[m[0;31mE20250901 19:21:29.508580 139754476513024 output_stream.cpp:105] Opened result file: ./profiles/standalone_attn_prefill_and_decode_tp8_prefill_then_decode1_1024_16_4096nan_agent_info.csv
[m# ---- Run standalone_attn_prefill_and_decode_tp8_prefill_then_decode1_1024_16_8192nan ----
INFO 09-01 19:21:44 [__init__.py:244] Automatically detected platform rocm.
No masking
[0;31mE20250901 19:22:02.746385 140484568995584 output_stream.cpp:105] Opened result file: ./profiles/standalone_attn_prefill_and_decode_tp8_prefill_then_decode1_1024_16_8192nan_kernel_trace.csv
[m[0;31mE20250901 19:22:02.752059 140484568995584 output_stream.cpp:105] Opened result file: ./profiles/standalone_attn_prefill_and_decode_tp8_prefill_then_decode1_1024_16_8192nan_agent_info.csv
[m# ---- Run standalone_attn_prefill_and_decode_tp8_prefill_then_decode1_1024_32_256nan ----
INFO 09-01 19:22:17 [__init__.py:244] Automatically detected platform rocm.
No masking
[0;31mE20250901 19:22:36.055803 140470889158400 output_stream.cpp:105] Opened result file: ./profiles/standalone_attn_prefill_and_decode_tp8_prefill_then_decode1_1024_32_256nan_kernel_trace.csv
[m[0;31mE20250901 19:22:36.062065 140470889158400 output_stream.cpp:105] Opened result file: ./profiles/standalone_attn_prefill_and_decode_tp8_prefill_then_decode1_1024_32_256nan_agent_info.csv
[m# ---- Run standalone_attn_prefill_and_decode_tp8_prefill_then_decode1_1024_32_512nan ----
INFO 09-01 19:22:51 [__init__.py:244] Automatically detected platform rocm.
No masking
[0;31mE20250901 19:23:11.359484 140706356639488 output_stream.cpp:105] Opened result file: ./profiles/standalone_attn_prefill_and_decode_tp8_prefill_then_decode1_1024_32_512nan_kernel_trace.csv
[m[0;31mE20250901 19:23:11.367502 140706356639488 output_stream.cpp:105] Opened result file: ./profiles/standalone_attn_prefill_and_decode_tp8_prefill_then_decode1_1024_32_512nan_agent_info.csv
[m# ---- Run standalone_attn_prefill_and_decode_tp8_prefill_then_decode1_1024_32_1024nan ----
INFO 09-01 19:23:28 [__init__.py:244] Automatically detected platform rocm.
No masking
[0;31mE20250901 19:23:49.019501 140301372634880 output_stream.cpp:105] Opened result file: ./profiles/standalone_attn_prefill_and_decode_tp8_prefill_then_decode1_1024_32_1024nan_kernel_trace.csv
[m[0;31mE20250901 19:23:49.026524 140301372634880 output_stream.cpp:105] Opened result file: ./profiles/standalone_attn_prefill_and_decode_tp8_prefill_then_decode1_1024_32_1024nan_agent_info.csv
[m# ---- Run standalone_attn_prefill_and_decode_tp8_prefill_then_decode1_1024_32_2048nan ----
INFO 09-01 19:24:05 [__init__.py:244] Automatically detected platform rocm.
No masking
[0;31mE20250901 19:24:24.864151 140329624483584 output_stream.cpp:105] Opened result file: ./profiles/standalone_attn_prefill_and_decode_tp8_prefill_then_decode1_1024_32_2048nan_kernel_trace.csv
[m[0;31mE20250901 19:24:24.871427 140329624483584 output_stream.cpp:105] Opened result file: ./profiles/standalone_attn_prefill_and_decode_tp8_prefill_then_decode1_1024_32_2048nan_agent_info.csv
[m# ---- Run standalone_attn_prefill_and_decode_tp8_prefill_then_decode1_1024_32_4096nan ----
INFO 09-01 19:24:41 [__init__.py:244] Automatically detected platform rocm.
No masking
[0;31mE20250901 19:25:01.254341 140188857136896 output_stream.cpp:105] Opened result file: ./profiles/standalone_attn_prefill_and_decode_tp8_prefill_then_decode1_1024_32_4096nan_kernel_trace.csv
[m[0;31mE20250901 19:25:01.261450 140188857136896 output_stream.cpp:105] Opened result file: ./profiles/standalone_attn_prefill_and_decode_tp8_prefill_then_decode1_1024_32_4096nan_agent_info.csv
[m# ---- Run standalone_attn_prefill_and_decode_tp8_prefill_then_decode1_1024_32_8192nan ----
INFO 09-01 19:25:17 [__init__.py:244] Automatically detected platform rocm.
No masking
[0;31mE20250901 19:25:38.210959 140006281697024 output_stream.cpp:105] Opened result file: ./profiles/standalone_attn_prefill_and_decode_tp8_prefill_then_decode1_1024_32_8192nan_kernel_trace.csv
[m[0;31mE20250901 19:25:38.217909 140006281697024 output_stream.cpp:105] Opened result file: ./profiles/standalone_attn_prefill_and_decode_tp8_prefill_then_decode1_1024_32_8192nan_agent_info.csv
[m# ---- Run standalone_attn_prefill_and_decode_tp8_prefill_then_decode1_1024_64_256nan ----
INFO 09-01 19:25:54 [__init__.py:244] Automatically detected platform rocm.
No masking
[0;31mE20250901 19:26:14.795173 139664200050432 output_stream.cpp:105] Opened result file: ./profiles/standalone_attn_prefill_and_decode_tp8_prefill_then_decode1_1024_64_256nan_kernel_trace.csv
[m[0;31mE20250901 19:26:14.802294 139664200050432 output_stream.cpp:105] Opened result file: ./profiles/standalone_attn_prefill_and_decode_tp8_prefill_then_decode1_1024_64_256nan_agent_info.csv
[m# ---- Run standalone_attn_prefill_and_decode_tp8_prefill_then_decode1_1024_64_512nan ----
INFO 09-01 19:26:30 [__init__.py:244] Automatically detected platform rocm.
No masking
[0;31mE20250901 19:26:50.522623 139631437182720 output_stream.cpp:105] Opened result file: ./profiles/standalone_attn_prefill_and_decode_tp8_prefill_then_decode1_1024_64_512nan_kernel_trace.csv
[m[0;31mE20250901 19:26:50.530188 139631437182720 output_stream.cpp:105] Opened result file: ./profiles/standalone_attn_prefill_and_decode_tp8_prefill_then_decode1_1024_64_512nan_agent_info.csv
[m# ---- Run standalone_attn_prefill_and_decode_tp8_prefill_then_decode1_1024_64_1024nan ----
INFO 09-01 19:27:05 [__init__.py:244] Automatically detected platform rocm.
No masking
[0;31mE20250901 19:27:24.615576 139749165201152 output_stream.cpp:105] Opened result file: ./profiles/standalone_attn_prefill_and_decode_tp8_prefill_then_decode1_1024_64_1024nan_kernel_trace.csv
[m[0;31mE20250901 19:27:24.623022 139749165201152 output_stream.cpp:105] Opened result file: ./profiles/standalone_attn_prefill_and_decode_tp8_prefill_then_decode1_1024_64_1024nan_agent_info.csv
[m# ---- Run standalone_attn_prefill_and_decode_tp8_prefill_then_decode1_1024_64_2048nan ----
INFO 09-01 19:27:40 [__init__.py:244] Automatically detected platform rocm.
No masking
[0;31mE20250901 19:27:58.909225 139823181321984 output_stream.cpp:105] Opened result file: ./profiles/standalone_attn_prefill_and_decode_tp8_prefill_then_decode1_1024_64_2048nan_kernel_trace.csv
[m[0;31mE20250901 19:27:58.916567 139823181321984 output_stream.cpp:105] Opened result file: ./profiles/standalone_attn_prefill_and_decode_tp8_prefill_then_decode1_1024_64_2048nan_agent_info.csv
[m# ---- Run standalone_attn_prefill_and_decode_tp8_prefill_then_decode1_1024_64_4096nan ----
INFO 09-01 19:28:14 [__init__.py:244] Automatically detected platform rocm.
No masking
[0;31mE20250901 19:28:33.871886 139933558286080 output_stream.cpp:105] Opened result file: ./profiles/standalone_attn_prefill_and_decode_tp8_prefill_then_decode1_1024_64_4096nan_kernel_trace.csv
[m[0;31mE20250901 19:28:33.879937 139933558286080 output_stream.cpp:105] Opened result file: ./profiles/standalone_attn_prefill_and_decode_tp8_prefill_then_decode1_1024_64_4096nan_agent_info.csv
[m# ---- Run standalone_attn_prefill_and_decode_tp8_prefill_then_decode1_1024_64_8192nan ----
INFO 09-01 19:28:49 [__init__.py:244] Automatically detected platform rocm.
No masking
[0;31mE20250901 19:29:09.541100 140032388339456 output_stream.cpp:105] Opened result file: ./profiles/standalone_attn_prefill_and_decode_tp8_prefill_then_decode1_1024_64_8192nan_kernel_trace.csv
[m[0;31mE20250901 19:29:09.549056 140032388339456 output_stream.cpp:105] Opened result file: ./profiles/standalone_attn_prefill_and_decode_tp8_prefill_then_decode1_1024_64_8192nan_agent_info.csv
[m# ---- Run standalone_attn_prefill_and_decode_tp8_prefill_then_decode1_1024_128_256nan ----
INFO 09-01 19:29:25 [__init__.py:244] Automatically detected platform rocm.
No masking
[0;31mE20250901 19:29:44.285254 140665868904192 output_stream.cpp:105] Opened result file: ./profiles/standalone_attn_prefill_and_decode_tp8_prefill_then_decode1_1024_128_256nan_kernel_trace.csv
[m[0;31mE20250901 19:29:44.291717 140665868904192 output_stream.cpp:105] Opened result file: ./profiles/standalone_attn_prefill_and_decode_tp8_prefill_then_decode1_1024_128_256nan_agent_info.csv
[m# ---- Run standalone_attn_prefill_and_decode_tp8_prefill_then_decode1_1024_128_512nan ----
INFO 09-01 19:29:59 [__init__.py:244] Automatically detected platform rocm.
No masking
[0;31mE20250901 19:30:17.020633 140097042069248 output_stream.cpp:105] Opened result file: ./profiles/standalone_attn_prefill_and_decode_tp8_prefill_then_decode1_1024_128_512nan_kernel_trace.csv
[m[0;31mE20250901 19:30:17.027012 140097042069248 output_stream.cpp:105] Opened result file: ./profiles/standalone_attn_prefill_and_decode_tp8_prefill_then_decode1_1024_128_512nan_agent_info.csv
[m# ---- Run standalone_attn_prefill_and_decode_tp8_prefill_then_decode1_1024_128_1024nan ----
INFO 09-01 19:30:31 [__init__.py:244] Automatically detected platform rocm.
No masking
[0;31mE20250901 19:30:49.753148 140527030060800 output_stream.cpp:105] Opened result file: ./profiles/standalone_attn_prefill_and_decode_tp8_prefill_then_decode1_1024_128_1024nan_kernel_trace.csv
[m[0;31mE20250901 19:30:49.759754 140527030060800 output_stream.cpp:105] Opened result file: ./profiles/standalone_attn_prefill_and_decode_tp8_prefill_then_decode1_1024_128_1024nan_agent_info.csv
[m# ---- Run standalone_attn_prefill_and_decode_tp8_prefill_then_decode1_1024_128_2048nan ----
INFO 09-01 19:31:04 [__init__.py:244] Automatically detected platform rocm.
No masking
[0;31mE20250901 19:31:21.579845 140559981201152 output_stream.cpp:105] Opened result file: ./profiles/standalone_attn_prefill_and_decode_tp8_prefill_then_decode1_1024_128_2048nan_kernel_trace.csv
[m[0;31mE20250901 19:31:21.586599 140559981201152 output_stream.cpp:105] Opened result file: ./profiles/standalone_attn_prefill_and_decode_tp8_prefill_then_decode1_1024_128_2048nan_agent_info.csv
[m# ---- Run standalone_attn_prefill_and_decode_tp8_prefill_then_decode1_1024_128_4096nan ----
INFO 09-01 19:31:37 [__init__.py:244] Automatically detected platform rocm.
No masking
[0;31mE20250901 19:31:53.851988 140007744931584 output_stream.cpp:105] Opened result file: ./profiles/standalone_attn_prefill_and_decode_tp8_prefill_then_decode1_1024_128_4096nan_kernel_trace.csv
[m[0;31mE20250901 19:31:53.858996 140007744931584 output_stream.cpp:105] Opened result file: ./profiles/standalone_attn_prefill_and_decode_tp8_prefill_then_decode1_1024_128_4096nan_agent_info.csv
[m# ---- Run standalone_attn_prefill_and_decode_tp8_prefill_then_decode1_1024_128_8192nan ----
INFO 09-01 19:32:08 [__init__.py:244] Automatically detected platform rocm.
No masking
[0;31mE20250901 19:32:25.767574 139788141115136 output_stream.cpp:105] Opened result file: ./profiles/standalone_attn_prefill_and_decode_tp8_prefill_then_decode1_1024_128_8192nan_kernel_trace.csv
[m[0;31mE20250901 19:32:25.774068 139788141115136 output_stream.cpp:105] Opened result file: ./profiles/standalone_attn_prefill_and_decode_tp8_prefill_then_decode1_1024_128_8192nan_agent_info.csv
[m# ---- Run standalone_attn_prefill_and_decode_tp8_prefill_then_decode1_2048_1_256nan ----
INFO 09-01 19:32:40 [__init__.py:244] Automatically detected platform rocm.
No masking
[0;31mE20250901 19:32:58.664011 140534441625344 output_stream.cpp:105] Opened result file: ./profiles/standalone_attn_prefill_and_decode_tp8_prefill_then_decode1_2048_1_256nan_kernel_trace.csv
[m[0;31mE20250901 19:32:58.670710 140534441625344 output_stream.cpp:105] Opened result file: ./profiles/standalone_attn_prefill_and_decode_tp8_prefill_then_decode1_2048_1_256nan_agent_info.csv
[m# ---- Run standalone_attn_prefill_and_decode_tp8_prefill_then_decode1_2048_1_512nan ----
INFO 09-01 19:33:13 [__init__.py:244] Automatically detected platform rocm.
No masking
[0;31mE20250901 19:33:31.008761 140328881788672 output_stream.cpp:105] Opened result file: ./profiles/standalone_attn_prefill_and_decode_tp8_prefill_then_decode1_2048_1_512nan_kernel_trace.csv
[m[0;31mE20250901 19:33:31.015434 140328881788672 output_stream.cpp:105] Opened result file: ./profiles/standalone_attn_prefill_and_decode_tp8_prefill_then_decode1_2048_1_512nan_agent_info.csv
[m# ---- Run standalone_attn_prefill_and_decode_tp8_prefill_then_decode1_2048_1_1024nan ----
INFO 09-01 19:33:46 [__init__.py:244] Automatically detected platform rocm.
No masking
[0;31mE20250901 19:34:04.198244 140614577207040 output_stream.cpp:105] Opened result file: ./profiles/standalone_attn_prefill_and_decode_tp8_prefill_then_decode1_2048_1_1024nan_kernel_trace.csv
[m[0;31mE20250901 19:34:04.204617 140614577207040 output_stream.cpp:105] Opened result file: ./profiles/standalone_attn_prefill_and_decode_tp8_prefill_then_decode1_2048_1_1024nan_agent_info.csv
[m# ---- Run standalone_attn_prefill_and_decode_tp8_prefill_then_decode1_2048_1_2048nan ----
INFO 09-01 19:34:19 [__init__.py:244] Automatically detected platform rocm.
No masking
[0;31mE20250901 19:34:37.518265 140068998285056 output_stream.cpp:105] Opened result file: ./profiles/standalone_attn_prefill_and_decode_tp8_prefill_then_decode1_2048_1_2048nan_kernel_trace.csv
[m[0;31mE20250901 19:34:37.524908 140068998285056 output_stream.cpp:105] Opened result file: ./profiles/standalone_attn_prefill_and_decode_tp8_prefill_then_decode1_2048_1_2048nan_agent_info.csv
[m# ---- Run standalone_attn_prefill_and_decode_tp8_prefill_then_decode1_2048_1_4096nan ----
INFO 09-01 19:34:52 [__init__.py:244] Automatically detected platform rocm.
No masking
[0;31mE20250901 19:35:13.157005 140126004963072 output_stream.cpp:105] Opened result file: ./profiles/standalone_attn_prefill_and_decode_tp8_prefill_then_decode1_2048_1_4096nan_kernel_trace.csv
[m[0;31mE20250901 19:35:13.164682 140126004963072 output_stream.cpp:105] Opened result file: ./profiles/standalone_attn_prefill_and_decode_tp8_prefill_then_decode1_2048_1_4096nan_agent_info.csv
[m# ---- Run standalone_attn_prefill_and_decode_tp8_prefill_then_decode1_2048_1_8192nan ----
INFO 09-01 19:35:30 [__init__.py:244] Automatically detected platform rocm.
No masking
[0;31mE20250901 19:35:52.078983 140539124225792 output_stream.cpp:105] Opened result file: ./profiles/standalone_attn_prefill_and_decode_tp8_prefill_then_decode1_2048_1_8192nan_kernel_trace.csv
[m[0;31mE20250901 19:35:52.086358 140539124225792 output_stream.cpp:105] Opened result file: ./profiles/standalone_attn_prefill_and_decode_tp8_prefill_then_decode1_2048_1_8192nan_agent_info.csv
[m# ---- Run standalone_attn_prefill_and_decode_tp8_prefill_then_decode1_2048_2_256nan ----
INFO 09-01 19:36:08 [__init__.py:244] Automatically detected platform rocm.
No masking
[0;31mE20250901 19:36:28.383111 140069901637376 output_stream.cpp:105] Opened result file: ./profiles/standalone_attn_prefill_and_decode_tp8_prefill_then_decode1_2048_2_256nan_kernel_trace.csv
[m[0;31mE20250901 19:36:28.389756 140069901637376 output_stream.cpp:105] Opened result file: ./profiles/standalone_attn_prefill_and_decode_tp8_prefill_then_decode1_2048_2_256nan_agent_info.csv
[m# ---- Run standalone_attn_prefill_and_decode_tp8_prefill_then_decode1_2048_2_512nan ----
INFO 09-01 19:36:43 [__init__.py:244] Automatically detected platform rocm.
No masking
[0;31mE20250901 19:37:01.738560 140390180509440 output_stream.cpp:105] Opened result file: ./profiles/standalone_attn_prefill_and_decode_tp8_prefill_then_decode1_2048_2_512nan_kernel_trace.csv
[m[0;31mE20250901 19:37:01.744832 140390180509440 output_stream.cpp:105] Opened result file: ./profiles/standalone_attn_prefill_and_decode_tp8_prefill_then_decode1_2048_2_512nan_agent_info.csv
[m# ---- Run standalone_attn_prefill_and_decode_tp8_prefill_then_decode1_2048_2_1024nan ----
INFO 09-01 19:37:16 [__init__.py:244] Automatically detected platform rocm.
No masking
[0;31mE20250901 19:37:34.934542 139703872280320 output_stream.cpp:105] Opened result file: ./profiles/standalone_attn_prefill_and_decode_tp8_prefill_then_decode1_2048_2_1024nan_kernel_trace.csv
[m[0;31mE20250901 19:37:34.940904 139703872280320 output_stream.cpp:105] Opened result file: ./profiles/standalone_attn_prefill_and_decode_tp8_prefill_then_decode1_2048_2_1024nan_agent_info.csv
[m# ---- Run standalone_attn_prefill_and_decode_tp8_prefill_then_decode1_2048_2_2048nan ----
INFO 09-01 19:37:50 [__init__.py:244] Automatically detected platform rocm.
No masking
[0;31mE20250901 19:38:08.802255 140658509190912 output_stream.cpp:105] Opened result file: ./profiles/standalone_attn_prefill_and_decode_tp8_prefill_then_decode1_2048_2_2048nan_kernel_trace.csv
[m[0;31mE20250901 19:38:08.808303 140658509190912 output_stream.cpp:105] Opened result file: ./profiles/standalone_attn_prefill_and_decode_tp8_prefill_then_decode1_2048_2_2048nan_agent_info.csv
[m# ---- Run standalone_attn_prefill_and_decode_tp8_prefill_then_decode1_2048_2_4096nan ----
INFO 09-01 19:38:23 [__init__.py:244] Automatically detected platform rocm.
No masking
[0;31mE20250901 19:38:42.699778 139977193191168 output_stream.cpp:105] Opened result file: ./profiles/standalone_attn_prefill_and_decode_tp8_prefill_then_decode1_2048_2_4096nan_kernel_trace.csv
[m[0;31mE20250901 19:38:42.706359 139977193191168 output_stream.cpp:105] Opened result file: ./profiles/standalone_attn_prefill_and_decode_tp8_prefill_then_decode1_2048_2_4096nan_agent_info.csv
[m# ---- Run standalone_attn_prefill_and_decode_tp8_prefill_then_decode1_2048_2_8192nan ----
INFO 09-01 19:38:57 [__init__.py:244] Automatically detected platform rocm.
No masking
[0;31mE20250901 19:39:16.435397 140582693660416 output_stream.cpp:105] Opened result file: ./profiles/standalone_attn_prefill_and_decode_tp8_prefill_then_decode1_2048_2_8192nan_kernel_trace.csv
[m[0;31mE20250901 19:39:16.442204 140582693660416 output_stream.cpp:105] Opened result file: ./profiles/standalone_attn_prefill_and_decode_tp8_prefill_then_decode1_2048_2_8192nan_agent_info.csv
[m# ---- Run standalone_attn_prefill_and_decode_tp8_prefill_then_decode1_2048_4_256nan ----
INFO 09-01 19:39:31 [__init__.py:244] Automatically detected platform rocm.
No masking
[0;31mE20250901 19:39:50.850692 140077336876800 output_stream.cpp:105] Opened result file: ./profiles/standalone_attn_prefill_and_decode_tp8_prefill_then_decode1_2048_4_256nan_kernel_trace.csv
[m[0;31mE20250901 19:39:50.857716 140077336876800 output_stream.cpp:105] Opened result file: ./profiles/standalone_attn_prefill_and_decode_tp8_prefill_then_decode1_2048_4_256nan_agent_info.csv
[m# ---- Run standalone_attn_prefill_and_decode_tp8_prefill_then_decode1_2048_4_512nan ----
INFO 09-01 19:40:08 [__init__.py:244] Automatically detected platform rocm.
No masking
[0;31mE20250901 19:40:28.972397 139878052034304 output_stream.cpp:105] Opened result file: ./profiles/standalone_attn_prefill_and_decode_tp8_prefill_then_decode1_2048_4_512nan_kernel_trace.csv
[m[0;31mE20250901 19:40:28.979459 139878052034304 output_stream.cpp:105] Opened result file: ./profiles/standalone_attn_prefill_and_decode_tp8_prefill_then_decode1_2048_4_512nan_agent_info.csv
[m# ---- Run standalone_attn_prefill_and_decode_tp8_prefill_then_decode1_2048_4_1024nan ----
INFO 09-01 19:40:44 [__init__.py:244] Automatically detected platform rocm.
No masking
[0;31mE20250901 19:41:02.847070 139863458645760 output_stream.cpp:105] Opened result file: ./profiles/standalone_attn_prefill_and_decode_tp8_prefill_then_decode1_2048_4_1024nan_kernel_trace.csv
[m[0;31mE20250901 19:41:02.853281 139863458645760 output_stream.cpp:105] Opened result file: ./profiles/standalone_attn_prefill_and_decode_tp8_prefill_then_decode1_2048_4_1024nan_agent_info.csv
[m# ---- Run standalone_attn_prefill_and_decode_tp8_prefill_then_decode1_2048_4_2048nan ----
INFO 09-01 19:41:17 [__init__.py:244] Automatically detected platform rocm.
No masking
[0;31mE20250901 19:41:35.827575 140316835251968 output_stream.cpp:105] Opened result file: ./profiles/standalone_attn_prefill_and_decode_tp8_prefill_then_decode1_2048_4_2048nan_kernel_trace.csv
[m[0;31mE20250901 19:41:35.834176 140316835251968 output_stream.cpp:105] Opened result file: ./profiles/standalone_attn_prefill_and_decode_tp8_prefill_then_decode1_2048_4_2048nan_agent_info.csv
[m# ---- Run standalone_attn_prefill_and_decode_tp8_prefill_then_decode1_2048_4_4096nan ----
INFO 09-01 19:41:50 [__init__.py:244] Automatically detected platform rocm.
No masking
[0;31mE20250901 19:42:09.501235 140469368002304 output_stream.cpp:105] Opened result file: ./profiles/standalone_attn_prefill_and_decode_tp8_prefill_then_decode1_2048_4_4096nan_kernel_trace.csv
[m[0;31mE20250901 19:42:09.507805 140469368002304 output_stream.cpp:105] Opened result file: ./profiles/standalone_attn_prefill_and_decode_tp8_prefill_then_decode1_2048_4_4096nan_agent_info.csv
[m# ---- Run standalone_attn_prefill_and_decode_tp8_prefill_then_decode1_2048_4_8192nan ----
INFO 09-01 19:42:24 [__init__.py:244] Automatically detected platform rocm.
No masking
[0;31mE20250901 19:42:43.663100 140541979080448 output_stream.cpp:105] Opened result file: ./profiles/standalone_attn_prefill_and_decode_tp8_prefill_then_decode1_2048_4_8192nan_kernel_trace.csv
[m[0;31mE20250901 19:42:43.669869 140541979080448 output_stream.cpp:105] Opened result file: ./profiles/standalone_attn_prefill_and_decode_tp8_prefill_then_decode1_2048_4_8192nan_agent_info.csv
[m# ---- Run standalone_attn_prefill_and_decode_tp8_prefill_then_decode1_2048_8_256nan ----
INFO 09-01 19:42:59 [__init__.py:244] Automatically detected platform rocm.
No masking
[0;31mE20250901 19:43:17.483753 140048718448384 output_stream.cpp:105] Opened result file: ./profiles/standalone_attn_prefill_and_decode_tp8_prefill_then_decode1_2048_8_256nan_kernel_trace.csv
[m[0;31mE20250901 19:43:17.490290 140048718448384 output_stream.cpp:105] Opened result file: ./profiles/standalone_attn_prefill_and_decode_tp8_prefill_then_decode1_2048_8_256nan_agent_info.csv
[m# ---- Run standalone_attn_prefill_and_decode_tp8_prefill_then_decode1_2048_8_512nan ----
INFO 09-01 19:43:33 [__init__.py:244] Automatically detected platform rocm.
No masking
[0;31mE20250901 19:43:53.328409 140038178690816 output_stream.cpp:105] Opened result file: ./profiles/standalone_attn_prefill_and_decode_tp8_prefill_then_decode1_2048_8_512nan_kernel_trace.csv
[m[0;31mE20250901 19:43:53.336343 140038178690816 output_stream.cpp:105] Opened result file: ./profiles/standalone_attn_prefill_and_decode_tp8_prefill_then_decode1_2048_8_512nan_agent_info.csv
[m# ---- Run standalone_attn_prefill_and_decode_tp8_prefill_then_decode1_2048_8_1024nan ----
INFO 09-01 19:44:09 [__init__.py:244] Automatically detected platform rocm.
No masking
[0;31mE20250901 19:44:30.081550 140712696858368 output_stream.cpp:105] Opened result file: ./profiles/standalone_attn_prefill_and_decode_tp8_prefill_then_decode1_2048_8_1024nan_kernel_trace.csv
[m[0;31mE20250901 19:44:30.088503 140712696858368 output_stream.cpp:105] Opened result file: ./profiles/standalone_attn_prefill_and_decode_tp8_prefill_then_decode1_2048_8_1024nan_agent_info.csv
[m# ---- Run standalone_attn_prefill_and_decode_tp8_prefill_then_decode1_2048_8_2048nan ----
INFO 09-01 19:44:47 [__init__.py:244] Automatically detected platform rocm.
No masking
[0;31mE20250901 19:45:06.533296 139857659008768 output_stream.cpp:105] Opened result file: ./profiles/standalone_attn_prefill_and_decode_tp8_prefill_then_decode1_2048_8_2048nan_kernel_trace.csv
[m[0;31mE20250901 19:45:06.540823 139857659008768 output_stream.cpp:105] Opened result file: ./profiles/standalone_attn_prefill_and_decode_tp8_prefill_then_decode1_2048_8_2048nan_agent_info.csv
[m# ---- Run standalone_attn_prefill_and_decode_tp8_prefill_then_decode1_2048_8_4096nan ----
INFO 09-01 19:45:22 [__init__.py:244] Automatically detected platform rocm.
No masking
[0;31mE20250901 19:45:41.329043 139996573796096 output_stream.cpp:105] Opened result file: ./profiles/standalone_attn_prefill_and_decode_tp8_prefill_then_decode1_2048_8_4096nan_kernel_trace.csv
[m[0;31mE20250901 19:45:41.335688 139996573796096 output_stream.cpp:105] Opened result file: ./profiles/standalone_attn_prefill_and_decode_tp8_prefill_then_decode1_2048_8_4096nan_agent_info.csv
[m# ---- Run standalone_attn_prefill_and_decode_tp8_prefill_then_decode1_2048_8_8192nan ----
INFO 09-01 19:45:57 [__init__.py:244] Automatically detected platform rocm.
No masking
[0;31mE20250901 19:46:16.044355 140039535490816 output_stream.cpp:105] Opened result file: ./profiles/standalone_attn_prefill_and_decode_tp8_prefill_then_decode1_2048_8_8192nan_kernel_trace.csv
[m[0;31mE20250901 19:46:16.050875 140039535490816 output_stream.cpp:105] Opened result file: ./profiles/standalone_attn_prefill_and_decode_tp8_prefill_then_decode1_2048_8_8192nan_agent_info.csv
[m# ---- Run standalone_attn_prefill_and_decode_tp8_prefill_then_decode1_2048_16_256nan ----
INFO 09-01 19:46:31 [__init__.py:244] Automatically detected platform rocm.
No masking
[0;31mE20250901 19:46:50.335954 140551494244096 output_stream.cpp:105] Opened result file: ./profiles/standalone_attn_prefill_and_decode_tp8_prefill_then_decode1_2048_16_256nan_kernel_trace.csv
[m[0;31mE20250901 19:46:50.342691 140551494244096 output_stream.cpp:105] Opened result file: ./profiles/standalone_attn_prefill_and_decode_tp8_prefill_then_decode1_2048_16_256nan_agent_info.csv
[m# ---- Run standalone_attn_prefill_and_decode_tp8_prefill_then_decode1_2048_16_512nan ----
INFO 09-01 19:47:05 [__init__.py:244] Automatically detected platform rocm.
No masking
[0;31mE20250901 19:47:24.773185 140243518502656 output_stream.cpp:105] Opened result file: ./profiles/standalone_attn_prefill_and_decode_tp8_prefill_then_decode1_2048_16_512nan_kernel_trace.csv
[m[0;31mE20250901 19:47:24.780653 140243518502656 output_stream.cpp:105] Opened result file: ./profiles/standalone_attn_prefill_and_decode_tp8_prefill_then_decode1_2048_16_512nan_agent_info.csv
[m# ---- Run standalone_attn_prefill_and_decode_tp8_prefill_then_decode1_2048_16_1024nan ----
INFO 09-01 19:47:39 [__init__.py:244] Automatically detected platform rocm.
No masking
[0;31mE20250901 19:47:59.005116 139824238900992 output_stream.cpp:105] Opened result file: ./profiles/standalone_attn_prefill_and_decode_tp8_prefill_then_decode1_2048_16_1024nan_kernel_trace.csv
[m[0;31mE20250901 19:47:59.011702 139824238900992 output_stream.cpp:105] Opened result file: ./profiles/standalone_attn_prefill_and_decode_tp8_prefill_then_decode1_2048_16_1024nan_agent_info.csv
[m# ---- Run standalone_attn_prefill_and_decode_tp8_prefill_then_decode1_2048_16_2048nan ----
INFO 09-01 19:48:14 [__init__.py:244] Automatically detected platform rocm.
No masking
[0;31mE20250901 19:48:33.684354 140670443599616 output_stream.cpp:105] Opened result file: ./profiles/standalone_attn_prefill_and_decode_tp8_prefill_then_decode1_2048_16_2048nan_kernel_trace.csv
[m[0;31mE20250901 19:48:33.690836 140670443599616 output_stream.cpp:105] Opened result file: ./profiles/standalone_attn_prefill_and_decode_tp8_prefill_then_decode1_2048_16_2048nan_agent_info.csv
[m# ---- Run standalone_attn_prefill_and_decode_tp8_prefill_then_decode1_2048_16_4096nan ----
INFO 09-01 19:48:48 [__init__.py:244] Automatically detected platform rocm.
No masking
[0;31mE20250901 19:49:07.711498 140608429250304 output_stream.cpp:105] Opened result file: ./profiles/standalone_attn_prefill_and_decode_tp8_prefill_then_decode1_2048_16_4096nan_kernel_trace.csv
[m[0;31mE20250901 19:49:07.718228 140608429250304 output_stream.cpp:105] Opened result file: ./profiles/standalone_attn_prefill_and_decode_tp8_prefill_then_decode1_2048_16_4096nan_agent_info.csv
[m# ---- Run standalone_attn_prefill_and_decode_tp8_prefill_then_decode1_2048_16_8192nan ----
INFO 09-01 19:49:23 [__init__.py:244] Automatically detected platform rocm.
No masking
[0;31mE20250901 19:49:43.358933 140376831088384 output_stream.cpp:105] Opened result file: ./profiles/standalone_attn_prefill_and_decode_tp8_prefill_then_decode1_2048_16_8192nan_kernel_trace.csv
[m[0;31mE20250901 19:49:43.366408 140376831088384 output_stream.cpp:105] Opened result file: ./profiles/standalone_attn_prefill_and_decode_tp8_prefill_then_decode1_2048_16_8192nan_agent_info.csv
[m# ---- Run standalone_attn_prefill_and_decode_tp8_prefill_then_decode1_2048_32_256nan ----
INFO 09-01 19:49:59 [__init__.py:244] Automatically detected platform rocm.
No masking
[0;31mE20250901 19:50:19.926177 140368881624832 output_stream.cpp:105] Opened result file: ./profiles/standalone_attn_prefill_and_decode_tp8_prefill_then_decode1_2048_32_256nan_kernel_trace.csv
[m[0;31mE20250901 19:50:19.933568 140368881624832 output_stream.cpp:105] Opened result file: ./profiles/standalone_attn_prefill_and_decode_tp8_prefill_then_decode1_2048_32_256nan_agent_info.csv
[m# ---- Run standalone_attn_prefill_and_decode_tp8_prefill_then_decode1_2048_32_512nan ----
INFO 09-01 19:50:35 [__init__.py:244] Automatically detected platform rocm.
No masking
[0;31mE20250901 19:50:56.045111 140639652083456 output_stream.cpp:105] Opened result file: ./profiles/standalone_attn_prefill_and_decode_tp8_prefill_then_decode1_2048_32_512nan_kernel_trace.csv
[m[0;31mE20250901 19:50:56.052049 140639652083456 output_stream.cpp:105] Opened result file: ./profiles/standalone_attn_prefill_and_decode_tp8_prefill_then_decode1_2048_32_512nan_agent_info.csv
[m# ---- Run standalone_attn_prefill_and_decode_tp8_prefill_then_decode1_2048_32_1024nan ----
INFO 09-01 19:51:12 [__init__.py:244] Automatically detected platform rocm.
No masking
[0;31mE20250901 19:51:33.324996 140279708768000 output_stream.cpp:105] Opened result file: ./profiles/standalone_attn_prefill_and_decode_tp8_prefill_then_decode1_2048_32_1024nan_kernel_trace.csv
[m[0;31mE20250901 19:51:33.331889 140279708768000 output_stream.cpp:105] Opened result file: ./profiles/standalone_attn_prefill_and_decode_tp8_prefill_then_decode1_2048_32_1024nan_agent_info.csv
[m# ---- Run standalone_attn_prefill_and_decode_tp8_prefill_then_decode1_2048_32_2048nan ----
INFO 09-01 19:51:50 [__init__.py:244] Automatically detected platform rocm.
No masking
[0;31mE20250901 19:52:10.252894 139999348541184 output_stream.cpp:105] Opened result file: ./profiles/standalone_attn_prefill_and_decode_tp8_prefill_then_decode1_2048_32_2048nan_kernel_trace.csv
[m[0;31mE20250901 19:52:10.259736 139999348541184 output_stream.cpp:105] Opened result file: ./profiles/standalone_attn_prefill_and_decode_tp8_prefill_then_decode1_2048_32_2048nan_agent_info.csv
[m# ---- Run standalone_attn_prefill_and_decode_tp8_prefill_then_decode1_2048_32_4096nan ----
INFO 09-01 19:52:26 [__init__.py:244] Automatically detected platform rocm.
No masking
[0;31mE20250901 19:52:47.186122 140350971225856 output_stream.cpp:105] Opened result file: ./profiles/standalone_attn_prefill_and_decode_tp8_prefill_then_decode1_2048_32_4096nan_kernel_trace.csv
[m[0;31mE20250901 19:52:47.192996 140350971225856 output_stream.cpp:105] Opened result file: ./profiles/standalone_attn_prefill_and_decode_tp8_prefill_then_decode1_2048_32_4096nan_agent_info.csv
[m# ---- Run standalone_attn_prefill_and_decode_tp8_prefill_then_decode1_2048_32_8192nan ----
INFO 09-01 19:53:03 [__init__.py:244] Automatically detected platform rocm.
No masking
[0;31mE20250901 19:53:23.481180 140587064268544 output_stream.cpp:105] Opened result file: ./profiles/standalone_attn_prefill_and_decode_tp8_prefill_then_decode1_2048_32_8192nan_kernel_trace.csv
[m[0;31mE20250901 19:53:23.487943 140587064268544 output_stream.cpp:105] Opened result file: ./profiles/standalone_attn_prefill_and_decode_tp8_prefill_then_decode1_2048_32_8192nan_agent_info.csv
[m# ---- Run standalone_attn_prefill_and_decode_tp8_prefill_then_decode1_2048_64_256nan ----
INFO 09-01 19:53:38 [__init__.py:244] Automatically detected platform rocm.
No masking
[0;31mE20250901 19:53:58.385186 140546355218176 output_stream.cpp:105] Opened result file: ./profiles/standalone_attn_prefill_and_decode_tp8_prefill_then_decode1_2048_64_256nan_kernel_trace.csv
[m[0;31mE20250901 19:53:58.393141 140546355218176 output_stream.cpp:105] Opened result file: ./profiles/standalone_attn_prefill_and_decode_tp8_prefill_then_decode1_2048_64_256nan_agent_info.csv
[m# ---- Run standalone_attn_prefill_and_decode_tp8_prefill_then_decode1_2048_64_512nan ----
INFO 09-01 19:54:15 [__init__.py:244] Automatically detected platform rocm.
No masking
[0;31mE20250901 19:54:34.202507 139789798536960 output_stream.cpp:105] Opened result file: ./profiles/standalone_attn_prefill_and_decode_tp8_prefill_then_decode1_2048_64_512nan_kernel_trace.csv
[m[0;31mE20250901 19:54:34.209287 139789798536960 output_stream.cpp:105] Opened result file: ./profiles/standalone_attn_prefill_and_decode_tp8_prefill_then_decode1_2048_64_512nan_agent_info.csv
[m# ---- Run standalone_attn_prefill_and_decode_tp8_prefill_then_decode1_2048_64_1024nan ----
INFO 09-01 19:54:49 [__init__.py:244] Automatically detected platform rocm.
No masking
[0;31mE20250901 19:55:07.928351 140206263875328 output_stream.cpp:105] Opened result file: ./profiles/standalone_attn_prefill_and_decode_tp8_prefill_then_decode1_2048_64_1024nan_kernel_trace.csv
[m[0;31mE20250901 19:55:07.935501 140206263875328 output_stream.cpp:105] Opened result file: ./profiles/standalone_attn_prefill_and_decode_tp8_prefill_then_decode1_2048_64_1024nan_agent_info.csv
[m# ---- Run standalone_attn_prefill_and_decode_tp8_prefill_then_decode1_2048_64_2048nan ----
INFO 09-01 19:55:23 [__init__.py:244] Automatically detected platform rocm.
No masking
[0;31mE20250901 19:55:42.515801 140670206002944 output_stream.cpp:105] Opened result file: ./profiles/standalone_attn_prefill_and_decode_tp8_prefill_then_decode1_2048_64_2048nan_kernel_trace.csv
[m[0;31mE20250901 19:55:42.522637 140670206002944 output_stream.cpp:105] Opened result file: ./profiles/standalone_attn_prefill_and_decode_tp8_prefill_then_decode1_2048_64_2048nan_agent_info.csv
[m# ---- Run standalone_attn_prefill_and_decode_tp8_prefill_then_decode1_2048_64_4096nan ----
INFO 09-01 19:55:57 [__init__.py:244] Automatically detected platform rocm.
No masking
[0;31mE20250901 19:56:17.135576 140295829489408 output_stream.cpp:105] Opened result file: ./profiles/standalone_attn_prefill_and_decode_tp8_prefill_then_decode1_2048_64_4096nan_kernel_trace.csv
[m[0;31mE20250901 19:56:17.143339 140295829489408 output_stream.cpp:105] Opened result file: ./profiles/standalone_attn_prefill_and_decode_tp8_prefill_then_decode1_2048_64_4096nan_agent_info.csv
[m# ---- Run standalone_attn_prefill_and_decode_tp8_prefill_then_decode1_2048_64_8192nan ----
INFO 09-01 19:56:33 [__init__.py:244] Automatically detected platform rocm.
No masking
[0;31mE20250901 19:56:53.469390 139683704751872 output_stream.cpp:105] Opened result file: ./profiles/standalone_attn_prefill_and_decode_tp8_prefill_then_decode1_2048_64_8192nan_kernel_trace.csv
[m[0;31mE20250901 19:56:53.476218 139683704751872 output_stream.cpp:105] Opened result file: ./profiles/standalone_attn_prefill_and_decode_tp8_prefill_then_decode1_2048_64_8192nan_agent_info.csv
[m# ---- Run standalone_attn_prefill_and_decode_tp8_prefill_then_decode1_2048_128_256nan ----
INFO 09-01 19:57:10 [__init__.py:244] Automatically detected platform rocm.
No masking
[0;31mE20250901 19:57:28.965802 140252230903552 output_stream.cpp:105] Opened result file: ./profiles/standalone_attn_prefill_and_decode_tp8_prefill_then_decode1_2048_128_256nan_kernel_trace.csv
[m[0;31mE20250901 19:57:28.972835 140252230903552 output_stream.cpp:105] Opened result file: ./profiles/standalone_attn_prefill_and_decode_tp8_prefill_then_decode1_2048_128_256nan_agent_info.csv
[m# ---- Run standalone_attn_prefill_and_decode_tp8_prefill_then_decode1_2048_128_512nan ----
INFO 09-01 19:57:46 [__init__.py:244] Automatically detected platform rocm.
No masking
[0;31mE20250901 19:58:04.929270 140486255216384 output_stream.cpp:105] Opened result file: ./profiles/standalone_attn_prefill_and_decode_tp8_prefill_then_decode1_2048_128_512nan_kernel_trace.csv
[m[0;31mE20250901 19:58:04.935967 140486255216384 output_stream.cpp:105] Opened result file: ./profiles/standalone_attn_prefill_and_decode_tp8_prefill_then_decode1_2048_128_512nan_agent_info.csv
[m# ---- Run standalone_attn_prefill_and_decode_tp8_prefill_then_decode1_2048_128_1024nan ----
INFO 09-01 19:58:20 [__init__.py:244] Automatically detected platform rocm.
No masking
[0;31mE20250901 19:58:38.749608 140412659758848 output_stream.cpp:105] Opened result file: ./profiles/standalone_attn_prefill_and_decode_tp8_prefill_then_decode1_2048_128_1024nan_kernel_trace.csv
[m[0;31mE20250901 19:58:38.756678 140412659758848 output_stream.cpp:105] Opened result file: ./profiles/standalone_attn_prefill_and_decode_tp8_prefill_then_decode1_2048_128_1024nan_agent_info.csv
[m# ---- Run standalone_attn_prefill_and_decode_tp8_prefill_then_decode1_2048_128_2048nan ----
INFO 09-01 19:58:55 [__init__.py:244] Automatically detected platform rocm.
No masking
[0;31mE20250901 19:59:13.987856 140231537882880 output_stream.cpp:105] Opened result file: ./profiles/standalone_attn_prefill_and_decode_tp8_prefill_then_decode1_2048_128_2048nan_kernel_trace.csv
[m[0;31mE20250901 19:59:13.994162 140231537882880 output_stream.cpp:105] Opened result file: ./profiles/standalone_attn_prefill_and_decode_tp8_prefill_then_decode1_2048_128_2048nan_agent_info.csv
[m# ---- Run standalone_attn_prefill_and_decode_tp8_prefill_then_decode1_2048_128_4096nan ----
INFO 09-01 19:59:30 [__init__.py:244] Automatically detected platform rocm.
No masking
[0;31mE20250901 19:59:48.607031 139916553447168 output_stream.cpp:105] Opened result file: ./profiles/standalone_attn_prefill_and_decode_tp8_prefill_then_decode1_2048_128_4096nan_kernel_trace.csv
[m[0;31mE20250901 19:59:48.613264 139916553447168 output_stream.cpp:105] Opened result file: ./profiles/standalone_attn_prefill_and_decode_tp8_prefill_then_decode1_2048_128_4096nan_agent_info.csv
[m# ---- Run standalone_attn_prefill_and_decode_tp8_prefill_then_decode1_2048_128_8192nan ----
INFO 09-01 20:00:03 [__init__.py:244] Automatically detected platform rocm.
No masking
[0;31mE20250901 20:00:21.547357 140333970544384 output_stream.cpp:105] Opened result file: ./profiles/standalone_attn_prefill_and_decode_tp8_prefill_then_decode1_2048_128_8192nan_kernel_trace.csv
[m[0;31mE20250901 20:00:21.553567 140333970544384 output_stream.cpp:105] Opened result file: ./profiles/standalone_attn_prefill_and_decode_tp8_prefill_then_decode1_2048_128_8192nan_agent_info.csv
[m# ---- Run standalone_attn_prefill_and_decode_tp8_prefill_then_decode1_4096_1_256nan ----
INFO 09-01 20:00:36 [__init__.py:244] Automatically detected platform rocm.
No masking
[0;31mE20250901 20:00:54.942969 140092976572160 output_stream.cpp:105] Opened result file: ./profiles/standalone_attn_prefill_and_decode_tp8_prefill_then_decode1_4096_1_256nan_kernel_trace.csv
[m[0;31mE20250901 20:00:54.949036 140092976572160 output_stream.cpp:105] Opened result file: ./profiles/standalone_attn_prefill_and_decode_tp8_prefill_then_decode1_4096_1_256nan_agent_info.csv
[m# ---- Run standalone_attn_prefill_and_decode_tp8_prefill_then_decode1_4096_1_512nan ----
INFO 09-01 20:01:09 [__init__.py:244] Automatically detected platform rocm.
No masking
[0;31mE20250901 20:01:27.560540 139669241648896 output_stream.cpp:105] Opened result file: ./profiles/standalone_attn_prefill_and_decode_tp8_prefill_then_decode1_4096_1_512nan_kernel_trace.csv
[m[0;31mE20250901 20:01:27.566627 139669241648896 output_stream.cpp:105] Opened result file: ./profiles/standalone_attn_prefill_and_decode_tp8_prefill_then_decode1_4096_1_512nan_agent_info.csv
[m# ---- Run standalone_attn_prefill_and_decode_tp8_prefill_then_decode1_4096_1_1024nan ----
INFO 09-01 20:01:42 [__init__.py:244] Automatically detected platform rocm.
No masking
[0;31mE20250901 20:01:59.816778 140486310233856 output_stream.cpp:105] Opened result file: ./profiles/standalone_attn_prefill_and_decode_tp8_prefill_then_decode1_4096_1_1024nan_kernel_trace.csv
[m[0;31mE20250901 20:01:59.822974 140486310233856 output_stream.cpp:105] Opened result file: ./profiles/standalone_attn_prefill_and_decode_tp8_prefill_then_decode1_4096_1_1024nan_agent_info.csv
[m# ---- Run standalone_attn_prefill_and_decode_tp8_prefill_then_decode1_4096_1_2048nan ----
INFO 09-01 20:02:15 [__init__.py:244] Automatically detected platform rocm.
No masking
[0;31mE20250901 20:02:32.932221 139627072206592 output_stream.cpp:105] Opened result file: ./profiles/standalone_attn_prefill_and_decode_tp8_prefill_then_decode1_4096_1_2048nan_kernel_trace.csv
[m[0;31mE20250901 20:02:32.938296 139627072206592 output_stream.cpp:105] Opened result file: ./profiles/standalone_attn_prefill_and_decode_tp8_prefill_then_decode1_4096_1_2048nan_agent_info.csv
[m# ---- Run standalone_attn_prefill_and_decode_tp8_prefill_then_decode1_4096_1_4096nan ----
INFO 09-01 20:02:47 [__init__.py:244] Automatically detected platform rocm.
No masking
[0;31mE20250901 20:03:08.078391 140688268338944 output_stream.cpp:105] Opened result file: ./profiles/standalone_attn_prefill_and_decode_tp8_prefill_then_decode1_4096_1_4096nan_kernel_trace.csv
[m[0;31mE20250901 20:03:08.085548 140688268338944 output_stream.cpp:105] Opened result file: ./profiles/standalone_attn_prefill_and_decode_tp8_prefill_then_decode1_4096_1_4096nan_agent_info.csv
[m# ---- Run standalone_attn_prefill_and_decode_tp8_prefill_then_decode1_4096_1_8192nan ----
INFO 09-01 20:03:25 [__init__.py:244] Automatically detected platform rocm.
No masking
[0;31mE20250901 20:03:47.696101 140640461797120 output_stream.cpp:105] Opened result file: ./profiles/standalone_attn_prefill_and_decode_tp8_prefill_then_decode1_4096_1_8192nan_kernel_trace.csv
[m[0;31mE20250901 20:03:47.703249 140640461797120 output_stream.cpp:105] Opened result file: ./profiles/standalone_attn_prefill_and_decode_tp8_prefill_then_decode1_4096_1_8192nan_agent_info.csv
[m# ---- Run standalone_attn_prefill_and_decode_tp8_prefill_then_decode1_4096_2_256nan ----
INFO 09-01 20:04:05 [__init__.py:244] Automatically detected platform rocm.
No masking
[0;31mE20250901 20:04:25.838703 139965174478592 output_stream.cpp:105] Opened result file: ./profiles/standalone_attn_prefill_and_decode_tp8_prefill_then_decode1_4096_2_256nan_kernel_trace.csv
[m[0;31mE20250901 20:04:25.845192 139965174478592 output_stream.cpp:105] Opened result file: ./profiles/standalone_attn_prefill_and_decode_tp8_prefill_then_decode1_4096_2_256nan_agent_info.csv
[m# ---- Run standalone_attn_prefill_and_decode_tp8_prefill_then_decode1_4096_2_512nan ----
INFO 09-01 20:04:41 [__init__.py:244] Automatically detected platform rocm.
No masking
[0;31mE20250901 20:05:01.647223 140687808964352 output_stream.cpp:105] Opened result file: ./profiles/standalone_attn_prefill_and_decode_tp8_prefill_then_decode1_4096_2_512nan_kernel_trace.csv
[m[0;31mE20250901 20:05:01.653350 140687808964352 output_stream.cpp:105] Opened result file: ./profiles/standalone_attn_prefill_and_decode_tp8_prefill_then_decode1_4096_2_512nan_agent_info.csv
[m# ---- Run standalone_attn_prefill_and_decode_tp8_prefill_then_decode1_4096_2_1024nan ----
INFO 09-01 20:05:16 [__init__.py:244] Automatically detected platform rocm.
No masking
[0;31mE20250901 20:05:34.436191 139872694699776 output_stream.cpp:105] Opened result file: ./profiles/standalone_attn_prefill_and_decode_tp8_prefill_then_decode1_4096_2_1024nan_kernel_trace.csv
[m[0;31mE20250901 20:05:34.442829 139872694699776 output_stream.cpp:105] Opened result file: ./profiles/standalone_attn_prefill_and_decode_tp8_prefill_then_decode1_4096_2_1024nan_agent_info.csv
[m# ---- Run standalone_attn_prefill_and_decode_tp8_prefill_then_decode1_4096_2_2048nan ----
INFO 09-01 20:05:49 [__init__.py:244] Automatically detected platform rocm.
No masking
[0;31mE20250901 20:06:07.626782 139856675448576 output_stream.cpp:105] Opened result file: ./profiles/standalone_attn_prefill_and_decode_tp8_prefill_then_decode1_4096_2_2048nan_kernel_trace.csv
[m[0;31mE20250901 20:06:07.633177 139856675448576 output_stream.cpp:105] Opened result file: ./profiles/standalone_attn_prefill_and_decode_tp8_prefill_then_decode1_4096_2_2048nan_agent_info.csv
[m# ---- Run standalone_attn_prefill_and_decode_tp8_prefill_then_decode1_4096_2_4096nan ----
INFO 09-01 20:06:22 [__init__.py:244] Automatically detected platform rocm.
No masking
[0;31mE20250901 20:06:40.795531 139653386360576 output_stream.cpp:105] Opened result file: ./profiles/standalone_attn_prefill_and_decode_tp8_prefill_then_decode1_4096_2_4096nan_kernel_trace.csv
[m[0;31mE20250901 20:06:40.802509 139653386360576 output_stream.cpp:105] Opened result file: ./profiles/standalone_attn_prefill_and_decode_tp8_prefill_then_decode1_4096_2_4096nan_agent_info.csv
[m# ---- Run standalone_attn_prefill_and_decode_tp8_prefill_then_decode1_4096_2_8192nan ----
INFO 09-01 20:06:56 [__init__.py:244] Automatically detected platform rocm.
No masking
[0;31mE20250901 20:07:15.837568 139781399627520 output_stream.cpp:105] Opened result file: ./profiles/standalone_attn_prefill_and_decode_tp8_prefill_then_decode1_4096_2_8192nan_kernel_trace.csv
[m[0;31mE20250901 20:07:15.844085 139781399627520 output_stream.cpp:105] Opened result file: ./profiles/standalone_attn_prefill_and_decode_tp8_prefill_then_decode1_4096_2_8192nan_agent_info.csv
[m# ---- Run standalone_attn_prefill_and_decode_tp8_prefill_then_decode1_4096_4_256nan ----
INFO 09-01 20:07:31 [__init__.py:244] Automatically detected platform rocm.
No masking
[0;31mE20250901 20:07:49.890010 140666437560064 output_stream.cpp:105] Opened result file: ./profiles/standalone_attn_prefill_and_decode_tp8_prefill_then_decode1_4096_4_256nan_kernel_trace.csv
[m[0;31mE20250901 20:07:49.896912 140666437560064 output_stream.cpp:105] Opened result file: ./profiles/standalone_attn_prefill_and_decode_tp8_prefill_then_decode1_4096_4_256nan_agent_info.csv
[m# ---- Run standalone_attn_prefill_and_decode_tp8_prefill_then_decode1_4096_4_512nan ----
INFO 09-01 20:08:04 [__init__.py:244] Automatically detected platform rocm.
No masking
[0;31mE20250901 20:08:23.270192 139664634095360 output_stream.cpp:105] Opened result file: ./profiles/standalone_attn_prefill_and_decode_tp8_prefill_then_decode1_4096_4_512nan_kernel_trace.csv
[m[0;31mE20250901 20:08:23.277161 139664634095360 output_stream.cpp:105] Opened result file: ./profiles/standalone_attn_prefill_and_decode_tp8_prefill_then_decode1_4096_4_512nan_agent_info.csv
[m# ---- Run standalone_attn_prefill_and_decode_tp8_prefill_then_decode1_4096_4_1024nan ----
INFO 09-01 20:08:39 [__init__.py:244] Automatically detected platform rocm.
No masking
[0;31mE20250901 20:08:59.113165 139649273128704 output_stream.cpp:105] Opened result file: ./profiles/standalone_attn_prefill_and_decode_tp8_prefill_then_decode1_4096_4_1024nan_kernel_trace.csv
[m[0;31mE20250901 20:08:59.120627 139649273128704 output_stream.cpp:105] Opened result file: ./profiles/standalone_attn_prefill_and_decode_tp8_prefill_then_decode1_4096_4_1024nan_agent_info.csv
[m# ---- Run standalone_attn_prefill_and_decode_tp8_prefill_then_decode1_4096_4_2048nan ----
INFO 09-01 20:09:14 [__init__.py:244] Automatically detected platform rocm.
No masking
[0;31mE20250901 20:09:32.757812 140310513972992 output_stream.cpp:105] Opened result file: ./profiles/standalone_attn_prefill_and_decode_tp8_prefill_then_decode1_4096_4_2048nan_kernel_trace.csv
[m[0;31mE20250901 20:09:32.764351 140310513972992 output_stream.cpp:105] Opened result file: ./profiles/standalone_attn_prefill_and_decode_tp8_prefill_then_decode1_4096_4_2048nan_agent_info.csv
[m# ---- Run standalone_attn_prefill_and_decode_tp8_prefill_then_decode1_4096_4_4096nan ----
INFO 09-01 20:09:47 [__init__.py:244] Automatically detected platform rocm.
No masking
[0;31mE20250901 20:10:05.805001 140188685141760 output_stream.cpp:105] Opened result file: ./profiles/standalone_attn_prefill_and_decode_tp8_prefill_then_decode1_4096_4_4096nan_kernel_trace.csv
[m[0;31mE20250901 20:10:05.811741 140188685141760 output_stream.cpp:105] Opened result file: ./profiles/standalone_attn_prefill_and_decode_tp8_prefill_then_decode1_4096_4_4096nan_agent_info.csv
[m# ---- Run standalone_attn_prefill_and_decode_tp8_prefill_then_decode1_4096_4_8192nan ----
INFO 09-01 20:10:20 [__init__.py:244] Automatically detected platform rocm.
No masking
[0;31mE20250901 20:10:40.323835 140105652659968 output_stream.cpp:105] Opened result file: ./profiles/standalone_attn_prefill_and_decode_tp8_prefill_then_decode1_4096_4_8192nan_kernel_trace.csv
[m[0;31mE20250901 20:10:40.330718 140105652659968 output_stream.cpp:105] Opened result file: ./profiles/standalone_attn_prefill_and_decode_tp8_prefill_then_decode1_4096_4_8192nan_agent_info.csv
[m# ---- Run standalone_attn_prefill_and_decode_tp8_prefill_then_decode1_4096_8_256nan ----
INFO 09-01 20:10:56 [__init__.py:244] Automatically detected platform rocm.
No masking
[0;31mE20250901 20:11:17.182206 140107024750336 output_stream.cpp:105] Opened result file: ./profiles/standalone_attn_prefill_and_decode_tp8_prefill_then_decode1_4096_8_256nan_kernel_trace.csv
[m[0;31mE20250901 20:11:17.189275 140107024750336 output_stream.cpp:105] Opened result file: ./profiles/standalone_attn_prefill_and_decode_tp8_prefill_then_decode1_4096_8_256nan_agent_info.csv
[m# ---- Run standalone_attn_prefill_and_decode_tp8_prefill_then_decode1_4096_8_512nan ----
INFO 09-01 20:11:33 [__init__.py:244] Automatically detected platform rocm.
No masking
[0;31mE20250901 20:11:54.149823 140395472746240 output_stream.cpp:105] Opened result file: ./profiles/standalone_attn_prefill_and_decode_tp8_prefill_then_decode1_4096_8_512nan_kernel_trace.csv
[m[0;31mE20250901 20:11:54.156816 140395472746240 output_stream.cpp:105] Opened result file: ./profiles/standalone_attn_prefill_and_decode_tp8_prefill_then_decode1_4096_8_512nan_agent_info.csv
[m# ---- Run standalone_attn_prefill_and_decode_tp8_prefill_then_decode1_4096_8_1024nan ----
INFO 09-01 20:12:10 [__init__.py:244] Automatically detected platform rocm.
No masking
[0;31mE20250901 20:12:29.779877 139760752736000 output_stream.cpp:105] Opened result file: ./profiles/standalone_attn_prefill_and_decode_tp8_prefill_then_decode1_4096_8_1024nan_kernel_trace.csv
[m[0;31mE20250901 20:12:29.786140 139760752736000 output_stream.cpp:105] Opened result file: ./profiles/standalone_attn_prefill_and_decode_tp8_prefill_then_decode1_4096_8_1024nan_agent_info.csv
[m# ---- Run standalone_attn_prefill_and_decode_tp8_prefill_then_decode1_4096_8_2048nan ----
INFO 09-01 20:12:45 [__init__.py:244] Automatically detected platform rocm.
No masking
[0;31mE20250901 20:13:03.966238 139883178567424 output_stream.cpp:105] Opened result file: ./profiles/standalone_attn_prefill_and_decode_tp8_prefill_then_decode1_4096_8_2048nan_kernel_trace.csv
[m[0;31mE20250901 20:13:03.972741 139883178567424 output_stream.cpp:105] Opened result file: ./profiles/standalone_attn_prefill_and_decode_tp8_prefill_then_decode1_4096_8_2048nan_agent_info.csv
[m# ---- Run standalone_attn_prefill_and_decode_tp8_prefill_then_decode1_4096_8_4096nan ----
INFO 09-01 20:13:19 [__init__.py:244] Automatically detected platform rocm.
No masking
[0;31mE20250901 20:13:37.723356 140559021491968 output_stream.cpp:105] Opened result file: ./profiles/standalone_attn_prefill_and_decode_tp8_prefill_then_decode1_4096_8_4096nan_kernel_trace.csv
[m[0;31mE20250901 20:13:37.729453 140559021491968 output_stream.cpp:105] Opened result file: ./profiles/standalone_attn_prefill_and_decode_tp8_prefill_then_decode1_4096_8_4096nan_agent_info.csv
[m# ---- Run standalone_attn_prefill_and_decode_tp8_prefill_then_decode1_4096_8_8192nan ----
INFO 09-01 20:13:52 [__init__.py:244] Automatically detected platform rocm.
No masking
[0;31mE20250901 20:14:10.964501 140278309422848 output_stream.cpp:105] Opened result file: ./profiles/standalone_attn_prefill_and_decode_tp8_prefill_then_decode1_4096_8_8192nan_kernel_trace.csv
[m[0;31mE20250901 20:14:10.971068 140278309422848 output_stream.cpp:105] Opened result file: ./profiles/standalone_attn_prefill_and_decode_tp8_prefill_then_decode1_4096_8_8192nan_agent_info.csv
[m# ---- Run standalone_attn_prefill_and_decode_tp8_prefill_then_decode1_4096_16_256nan ----
INFO 09-01 20:14:26 [__init__.py:244] Automatically detected platform rocm.
No masking
[0;31mE20250901 20:14:44.286869 140537563924224 output_stream.cpp:105] Opened result file: ./profiles/standalone_attn_prefill_and_decode_tp8_prefill_then_decode1_4096_16_256nan_kernel_trace.csv
[m[0;31mE20250901 20:14:44.294196 140537563924224 output_stream.cpp:105] Opened result file: ./profiles/standalone_attn_prefill_and_decode_tp8_prefill_then_decode1_4096_16_256nan_agent_info.csv
[m# ---- Run standalone_attn_prefill_and_decode_tp8_prefill_then_decode1_4096_16_512nan ----
INFO 09-01 20:14:59 [__init__.py:244] Automatically detected platform rocm.
No masking
[0;31mE20250901 20:15:17.290666 140618958161664 output_stream.cpp:105] Opened result file: ./profiles/standalone_attn_prefill_and_decode_tp8_prefill_then_decode1_4096_16_512nan_kernel_trace.csv
[m[0;31mE20250901 20:15:17.296842 140618958161664 output_stream.cpp:105] Opened result file: ./profiles/standalone_attn_prefill_and_decode_tp8_prefill_then_decode1_4096_16_512nan_agent_info.csv
[m# ---- Run standalone_attn_prefill_and_decode_tp8_prefill_then_decode1_4096_16_1024nan ----
INFO 09-01 20:15:32 [__init__.py:244] Automatically detected platform rocm.
No masking
[0;31mE20250901 20:15:52.283856 140107279918848 output_stream.cpp:105] Opened result file: ./profiles/standalone_attn_prefill_and_decode_tp8_prefill_then_decode1_4096_16_1024nan_kernel_trace.csv
[m[0;31mE20250901 20:15:52.291260 140107279918848 output_stream.cpp:105] Opened result file: ./profiles/standalone_attn_prefill_and_decode_tp8_prefill_then_decode1_4096_16_1024nan_agent_info.csv
[m# ---- Run standalone_attn_prefill_and_decode_tp8_prefill_then_decode1_4096_16_2048nan ----
INFO 09-01 20:16:08 [__init__.py:244] Automatically detected platform rocm.
No masking
[0;31mE20250901 20:16:28.346104 140397534312192 output_stream.cpp:105] Opened result file: ./profiles/standalone_attn_prefill_and_decode_tp8_prefill_then_decode1_4096_16_2048nan_kernel_trace.csv
[m[0;31mE20250901 20:16:28.353489 140397534312192 output_stream.cpp:105] Opened result file: ./profiles/standalone_attn_prefill_and_decode_tp8_prefill_then_decode1_4096_16_2048nan_agent_info.csv
[m# ---- Run standalone_attn_prefill_and_decode_tp8_prefill_then_decode1_4096_16_4096nan ----
INFO 09-01 20:16:44 [__init__.py:244] Automatically detected platform rocm.
No masking
[0;31mE20250901 20:17:04.865831 140421585684224 output_stream.cpp:105] Opened result file: ./profiles/standalone_attn_prefill_and_decode_tp8_prefill_then_decode1_4096_16_4096nan_kernel_trace.csv
[m[0;31mE20250901 20:17:04.872874 140421585684224 output_stream.cpp:105] Opened result file: ./profiles/standalone_attn_prefill_and_decode_tp8_prefill_then_decode1_4096_16_4096nan_agent_info.csv
[m# ---- Run standalone_attn_prefill_and_decode_tp8_prefill_then_decode1_4096_16_8192nan ----
INFO 09-01 20:17:21 [__init__.py:244] Automatically detected platform rocm.
No masking
[0;31mE20250901 20:17:41.386065 140380103255808 output_stream.cpp:105] Opened result file: ./profiles/standalone_attn_prefill_and_decode_tp8_prefill_then_decode1_4096_16_8192nan_kernel_trace.csv
[m[0;31mE20250901 20:17:41.393467 140380103255808 output_stream.cpp:105] Opened result file: ./profiles/standalone_attn_prefill_and_decode_tp8_prefill_then_decode1_4096_16_8192nan_agent_info.csv
[m# ---- Run standalone_attn_prefill_and_decode_tp8_prefill_then_decode1_4096_32_256nan ----
INFO 09-01 20:17:56 [__init__.py:244] Automatically detected platform rocm.
No masking
[0;31mE20250901 20:18:15.413252 140372018124544 output_stream.cpp:105] Opened result file: ./profiles/standalone_attn_prefill_and_decode_tp8_prefill_then_decode1_4096_32_256nan_kernel_trace.csv
[m[0;31mE20250901 20:18:15.421296 140372018124544 output_stream.cpp:105] Opened result file: ./profiles/standalone_attn_prefill_and_decode_tp8_prefill_then_decode1_4096_32_256nan_agent_info.csv
[m# ---- Run standalone_attn_prefill_and_decode_tp8_prefill_then_decode1_4096_32_512nan ----
INFO 09-01 20:18:30 [__init__.py:244] Automatically detected platform rocm.
No masking
[0;31mE20250901 20:18:50.250035 140649479481088 output_stream.cpp:105] Opened result file: ./profiles/standalone_attn_prefill_and_decode_tp8_prefill_then_decode1_4096_32_512nan_kernel_trace.csv
[m[0;31mE20250901 20:18:50.257372 140649479481088 output_stream.cpp:105] Opened result file: ./profiles/standalone_attn_prefill_and_decode_tp8_prefill_then_decode1_4096_32_512nan_agent_info.csv
[m# ---- Run standalone_attn_prefill_and_decode_tp8_prefill_then_decode1_4096_32_1024nan ----
INFO 09-01 20:19:06 [__init__.py:244] Automatically detected platform rocm.
No masking
[0;31mE20250901 20:19:26.516035 139702184544000 output_stream.cpp:105] Opened result file: ./profiles/standalone_attn_prefill_and_decode_tp8_prefill_then_decode1_4096_32_1024nan_kernel_trace.csv
[m[0;31mE20250901 20:19:26.523394 139702184544000 output_stream.cpp:105] Opened result file: ./profiles/standalone_attn_prefill_and_decode_tp8_prefill_then_decode1_4096_32_1024nan_agent_info.csv
[m# ---- Run standalone_attn_prefill_and_decode_tp8_prefill_then_decode1_4096_32_2048nan ----
INFO 09-01 20:19:42 [__init__.py:244] Automatically detected platform rocm.
No masking
[0;31mE20250901 20:20:02.011463 140455379531520 output_stream.cpp:105] Opened result file: ./profiles/standalone_attn_prefill_and_decode_tp8_prefill_then_decode1_4096_32_2048nan_kernel_trace.csv
[m[0;31mE20250901 20:20:02.018176 140455379531520 output_stream.cpp:105] Opened result file: ./profiles/standalone_attn_prefill_and_decode_tp8_prefill_then_decode1_4096_32_2048nan_agent_info.csv
[m# ---- Run standalone_attn_prefill_and_decode_tp8_prefill_then_decode1_4096_32_4096nan ----
INFO 09-01 20:20:17 [__init__.py:244] Automatically detected platform rocm.
No masking
[0;31mE20250901 20:20:36.793876 140371704551168 output_stream.cpp:105] Opened result file: ./profiles/standalone_attn_prefill_and_decode_tp8_prefill_then_decode1_4096_32_4096nan_kernel_trace.csv
[m[0;31mE20250901 20:20:36.800311 140371704551168 output_stream.cpp:105] Opened result file: ./profiles/standalone_attn_prefill_and_decode_tp8_prefill_then_decode1_4096_32_4096nan_agent_info.csv
[m# ---- Run standalone_attn_prefill_and_decode_tp8_prefill_then_decode1_4096_32_8192nan ----
INFO 09-01 20:20:51 [__init__.py:244] Automatically detected platform rocm.
No masking
[0;31mE20250901 20:21:10.942820 139795716781824 output_stream.cpp:105] Opened result file: ./profiles/standalone_attn_prefill_and_decode_tp8_prefill_then_decode1_4096_32_8192nan_kernel_trace.csv
[m[0;31mE20250901 20:21:10.949468 139795716781824 output_stream.cpp:105] Opened result file: ./profiles/standalone_attn_prefill_and_decode_tp8_prefill_then_decode1_4096_32_8192nan_agent_info.csv
[m# ---- Run standalone_attn_prefill_and_decode_tp8_prefill_then_decode1_4096_64_256nan ----
INFO 09-01 20:21:26 [__init__.py:244] Automatically detected platform rocm.
No masking
[0;31mE20250901 20:21:45.788347 140298008422144 output_stream.cpp:105] Opened result file: ./profiles/standalone_attn_prefill_and_decode_tp8_prefill_then_decode1_4096_64_256nan_kernel_trace.csv
[m[0;31mE20250901 20:21:45.795190 140298008422144 output_stream.cpp:105] Opened result file: ./profiles/standalone_attn_prefill_and_decode_tp8_prefill_then_decode1_4096_64_256nan_agent_info.csv
[m# ---- Run standalone_attn_prefill_and_decode_tp8_prefill_then_decode1_4096_64_512nan ----
INFO 09-01 20:22:01 [__init__.py:244] Automatically detected platform rocm.
No masking
[0;31mE20250901 20:22:20.594893 140122965731072 output_stream.cpp:105] Opened result file: ./profiles/standalone_attn_prefill_and_decode_tp8_prefill_then_decode1_4096_64_512nan_kernel_trace.csv
[m[0;31mE20250901 20:22:20.601881 140122965731072 output_stream.cpp:105] Opened result file: ./profiles/standalone_attn_prefill_and_decode_tp8_prefill_then_decode1_4096_64_512nan_agent_info.csv
[m# ---- Run standalone_attn_prefill_and_decode_tp8_prefill_then_decode1_4096_64_1024nan ----
INFO 09-01 20:22:35 [__init__.py:244] Automatically detected platform rocm.
No masking
[0;31mE20250901 20:22:55.058693 140358011705088 output_stream.cpp:105] Opened result file: ./profiles/standalone_attn_prefill_and_decode_tp8_prefill_then_decode1_4096_64_1024nan_kernel_trace.csv
[m[0;31mE20250901 20:22:55.065726 140358011705088 output_stream.cpp:105] Opened result file: ./profiles/standalone_attn_prefill_and_decode_tp8_prefill_then_decode1_4096_64_1024nan_agent_info.csv
[m# ---- Run standalone_attn_prefill_and_decode_tp8_prefill_then_decode1_4096_64_2048nan ----
INFO 09-01 20:23:10 [__init__.py:244] Automatically detected platform rocm.
No masking
[0;31mE20250901 20:23:29.395863 140562308220672 output_stream.cpp:105] Opened result file: ./profiles/standalone_attn_prefill_and_decode_tp8_prefill_then_decode1_4096_64_2048nan_kernel_trace.csv
[m[0;31mE20250901 20:23:29.402679 140562308220672 output_stream.cpp:105] Opened result file: ./profiles/standalone_attn_prefill_and_decode_tp8_prefill_then_decode1_4096_64_2048nan_agent_info.csv
[m# ---- Run standalone_attn_prefill_and_decode_tp8_prefill_then_decode1_4096_64_4096nan ----
INFO 09-01 20:23:45 [__init__.py:244] Automatically detected platform rocm.
No masking
[0;31mE20250901 20:24:05.309868 139742675949312 output_stream.cpp:105] Opened result file: ./profiles/standalone_attn_prefill_and_decode_tp8_prefill_then_decode1_4096_64_4096nan_kernel_trace.csv
[m[0;31mE20250901 20:24:05.317151 139742675949312 output_stream.cpp:105] Opened result file: ./profiles/standalone_attn_prefill_and_decode_tp8_prefill_then_decode1_4096_64_4096nan_agent_info.csv
[m# ---- Run standalone_attn_prefill_and_decode_tp8_prefill_then_decode1_4096_64_8192nan ----
INFO 09-01 20:24:21 [__init__.py:244] Automatically detected platform rocm.
No masking
[0;31mE20250901 20:24:40.922154 139723694704384 output_stream.cpp:105] Opened result file: ./profiles/standalone_attn_prefill_and_decode_tp8_prefill_then_decode1_4096_64_8192nan_kernel_trace.csv
[m[0;31mE20250901 20:24:40.929217 139723694704384 output_stream.cpp:105] Opened result file: ./profiles/standalone_attn_prefill_and_decode_tp8_prefill_then_decode1_4096_64_8192nan_agent_info.csv
[m# ---- Run standalone_attn_prefill_and_decode_tp8_prefill_then_decode1_4096_128_256nan ----
INFO 09-01 20:24:57 [__init__.py:244] Automatically detected platform rocm.
No masking
[0;31mE20250901 20:25:15.427240 140242147432192 output_stream.cpp:105] Opened result file: ./profiles/standalone_attn_prefill_and_decode_tp8_prefill_then_decode1_4096_128_256nan_kernel_trace.csv
[m[0;31mE20250901 20:25:15.434186 140242147432192 output_stream.cpp:105] Opened result file: ./profiles/standalone_attn_prefill_and_decode_tp8_prefill_then_decode1_4096_128_256nan_agent_info.csv
[m# ---- Run standalone_attn_prefill_and_decode_tp8_prefill_then_decode1_4096_128_512nan ----
INFO 09-01 20:25:31 [__init__.py:244] Automatically detected platform rocm.
No masking
[0;31mE20250901 20:25:49.931295 140553304954624 output_stream.cpp:105] Opened result file: ./profiles/standalone_attn_prefill_and_decode_tp8_prefill_then_decode1_4096_128_512nan_kernel_trace.csv
[m[0;31mE20250901 20:25:49.937981 140553304954624 output_stream.cpp:105] Opened result file: ./profiles/standalone_attn_prefill_and_decode_tp8_prefill_then_decode1_4096_128_512nan_agent_info.csv
[m# ---- Run standalone_attn_prefill_and_decode_tp8_prefill_then_decode1_4096_128_1024nan ----
INFO 09-01 20:26:05 [__init__.py:244] Automatically detected platform rocm.
No masking
[0;31mE20250901 20:26:23.292752 139718300165888 output_stream.cpp:105] Opened result file: ./profiles/standalone_attn_prefill_and_decode_tp8_prefill_then_decode1_4096_128_1024nan_kernel_trace.csv
[m[0;31mE20250901 20:26:23.299454 139718300165888 output_stream.cpp:105] Opened result file: ./profiles/standalone_attn_prefill_and_decode_tp8_prefill_then_decode1_4096_128_1024nan_agent_info.csv
[m# ---- Run standalone_attn_prefill_and_decode_tp8_prefill_then_decode1_4096_128_2048nan ----
INFO 09-01 20:26:39 [__init__.py:244] Automatically detected platform rocm.
No masking
[0;31mE20250901 20:26:57.315004 139957639964416 output_stream.cpp:105] Opened result file: ./profiles/standalone_attn_prefill_and_decode_tp8_prefill_then_decode1_4096_128_2048nan_kernel_trace.csv
[m[0;31mE20250901 20:26:57.321743 139957639964416 output_stream.cpp:105] Opened result file: ./profiles/standalone_attn_prefill_and_decode_tp8_prefill_then_decode1_4096_128_2048nan_agent_info.csv
[m# ---- Run standalone_attn_prefill_and_decode_tp8_prefill_then_decode1_4096_128_4096nan ----
INFO 09-01 20:27:13 [__init__.py:244] Automatically detected platform rocm.
No masking
[0;31mE20250901 20:27:31.411831 140459881907968 output_stream.cpp:105] Opened result file: ./profiles/standalone_attn_prefill_and_decode_tp8_prefill_then_decode1_4096_128_4096nan_kernel_trace.csv
[m[0;31mE20250901 20:27:31.418619 140459881907968 output_stream.cpp:105] Opened result file: ./profiles/standalone_attn_prefill_and_decode_tp8_prefill_then_decode1_4096_128_4096nan_agent_info.csv
[m# ---- Run standalone_attn_prefill_and_decode_tp8_prefill_then_decode1_4096_128_8192nan ----
INFO 09-01 20:27:47 [__init__.py:244] Automatically detected platform rocm.
No masking
[0;31mE20250901 20:28:05.527913 140514559125248 output_stream.cpp:105] Opened result file: ./profiles/standalone_attn_prefill_and_decode_tp8_prefill_then_decode1_4096_128_8192nan_kernel_trace.csv
[m[0;31mE20250901 20:28:05.534626 140514559125248 output_stream.cpp:105] Opened result file: ./profiles/standalone_attn_prefill_and_decode_tp8_prefill_then_decode1_4096_128_8192nan_agent_info.csv
[m# ---- Run standalone_attn_prefill_and_decode_tp8_prefill_then_decode1_8192_1_256nan ----
INFO 09-01 20:28:21 [__init__.py:244] Automatically detected platform rocm.
No masking
[0;31mE20250901 20:28:41.232265 140690881148672 output_stream.cpp:105] Opened result file: ./profiles/standalone_attn_prefill_and_decode_tp8_prefill_then_decode1_8192_1_256nan_kernel_trace.csv
[m[0;31mE20250901 20:28:41.240304 140690881148672 output_stream.cpp:105] Opened result file: ./profiles/standalone_attn_prefill_and_decode_tp8_prefill_then_decode1_8192_1_256nan_agent_info.csv
[m# ---- Run standalone_attn_prefill_and_decode_tp8_prefill_then_decode1_8192_1_512nan ----
INFO 09-01 20:28:56 [__init__.py:244] Automatically detected platform rocm.
No masking
[0;31mE20250901 20:29:15.999864 140070906271488 output_stream.cpp:105] Opened result file: ./profiles/standalone_attn_prefill_and_decode_tp8_prefill_then_decode1_8192_1_512nan_kernel_trace.csv
[m[0;31mE20250901 20:29:16.007264 140070906271488 output_stream.cpp:105] Opened result file: ./profiles/standalone_attn_prefill_and_decode_tp8_prefill_then_decode1_8192_1_512nan_agent_info.csv
[m# ---- Run standalone_attn_prefill_and_decode_tp8_prefill_then_decode1_8192_1_1024nan ----
INFO 09-01 20:29:31 [__init__.py:244] Automatically detected platform rocm.
No masking
[0;31mE20250901 20:29:51.347371 140712914216704 output_stream.cpp:105] Opened result file: ./profiles/standalone_attn_prefill_and_decode_tp8_prefill_then_decode1_8192_1_1024nan_kernel_trace.csv
[m[0;31mE20250901 20:29:51.354187 140712914216704 output_stream.cpp:105] Opened result file: ./profiles/standalone_attn_prefill_and_decode_tp8_prefill_then_decode1_8192_1_1024nan_agent_info.csv
[m# ---- Run standalone_attn_prefill_and_decode_tp8_prefill_then_decode1_8192_1_2048nan ----
INFO 09-01 20:30:06 [__init__.py:244] Automatically detected platform rocm.
No masking
[0;31mE20250901 20:30:25.355879 140543441319680 output_stream.cpp:105] Opened result file: ./profiles/standalone_attn_prefill_and_decode_tp8_prefill_then_decode1_8192_1_2048nan_kernel_trace.csv
[m[0;31mE20250901 20:30:25.363796 140543441319680 output_stream.cpp:105] Opened result file: ./profiles/standalone_attn_prefill_and_decode_tp8_prefill_then_decode1_8192_1_2048nan_agent_info.csv
[m# ---- Run standalone_attn_prefill_and_decode_tp8_prefill_then_decode1_8192_1_4096nan ----
INFO 09-01 20:30:40 [__init__.py:244] Automatically detected platform rocm.
No masking
[0;31mE20250901 20:30:58.573682 140274990028544 output_stream.cpp:105] Opened result file: ./profiles/standalone_attn_prefill_and_decode_tp8_prefill_then_decode1_8192_1_4096nan_kernel_trace.csv
[m[0;31mE20250901 20:30:58.579928 140274990028544 output_stream.cpp:105] Opened result file: ./profiles/standalone_attn_prefill_and_decode_tp8_prefill_then_decode1_8192_1_4096nan_agent_info.csv
[m# ---- Run standalone_attn_prefill_and_decode_tp8_prefill_then_decode1_8192_1_8192nan ----
INFO 09-01 20:31:13 [__init__.py:244] Automatically detected platform rocm.
No masking
[0;31mE20250901 20:31:33.421522 140340633564928 output_stream.cpp:105] Opened result file: ./profiles/standalone_attn_prefill_and_decode_tp8_prefill_then_decode1_8192_1_8192nan_kernel_trace.csv
[m[0;31mE20250901 20:31:33.428959 140340633564928 output_stream.cpp:105] Opened result file: ./profiles/standalone_attn_prefill_and_decode_tp8_prefill_then_decode1_8192_1_8192nan_agent_info.csv
[m# ---- Run standalone_attn_prefill_and_decode_tp8_prefill_then_decode1_8192_2_256nan ----
INFO 09-01 20:31:50 [__init__.py:244] Automatically detected platform rocm.
No masking
[0;31mE20250901 20:32:09.417201 140287142024960 output_stream.cpp:105] Opened result file: ./profiles/standalone_attn_prefill_and_decode_tp8_prefill_then_decode1_8192_2_256nan_kernel_trace.csv
[m[0;31mE20250901 20:32:09.424227 140287142024960 output_stream.cpp:105] Opened result file: ./profiles/standalone_attn_prefill_and_decode_tp8_prefill_then_decode1_8192_2_256nan_agent_info.csv
[m# ---- Run standalone_attn_prefill_and_decode_tp8_prefill_then_decode1_8192_2_512nan ----
INFO 09-01 20:32:23 [__init__.py:244] Automatically detected platform rocm.
No masking
[0;31mE20250901 20:32:41.703359 140045937280768 output_stream.cpp:105] Opened result file: ./profiles/standalone_attn_prefill_and_decode_tp8_prefill_then_decode1_8192_2_512nan_kernel_trace.csv
[m[0;31mE20250901 20:32:41.710315 140045937280768 output_stream.cpp:105] Opened result file: ./profiles/standalone_attn_prefill_and_decode_tp8_prefill_then_decode1_8192_2_512nan_agent_info.csv
[m# ---- Run standalone_attn_prefill_and_decode_tp8_prefill_then_decode1_8192_2_1024nan ----
INFO 09-01 20:32:56 [__init__.py:244] Automatically detected platform rocm.
No masking
[0;31mE20250901 20:33:13.887878 140611123394304 output_stream.cpp:105] Opened result file: ./profiles/standalone_attn_prefill_and_decode_tp8_prefill_then_decode1_8192_2_1024nan_kernel_trace.csv
[m[0;31mE20250901 20:33:13.894784 140611123394304 output_stream.cpp:105] Opened result file: ./profiles/standalone_attn_prefill_and_decode_tp8_prefill_then_decode1_8192_2_1024nan_agent_info.csv
[m# ---- Run standalone_attn_prefill_and_decode_tp8_prefill_then_decode1_8192_2_2048nan ----
INFO 09-01 20:33:28 [__init__.py:244] Automatically detected platform rocm.
No masking
[0;31mE20250901 20:33:46.739168 139764775401216 output_stream.cpp:105] Opened result file: ./profiles/standalone_attn_prefill_and_decode_tp8_prefill_then_decode1_8192_2_2048nan_kernel_trace.csv
[m[0;31mE20250901 20:33:46.746243 139764775401216 output_stream.cpp:105] Opened result file: ./profiles/standalone_attn_prefill_and_decode_tp8_prefill_then_decode1_8192_2_2048nan_agent_info.csv
[m# ---- Run standalone_attn_prefill_and_decode_tp8_prefill_then_decode1_8192_2_4096nan ----
INFO 09-01 20:34:01 [__init__.py:244] Automatically detected platform rocm.
No masking
[0;31mE20250901 20:34:19.343291 140710878910208 output_stream.cpp:105] Opened result file: ./profiles/standalone_attn_prefill_and_decode_tp8_prefill_then_decode1_8192_2_4096nan_kernel_trace.csv
[m[0;31mE20250901 20:34:19.349663 140710878910208 output_stream.cpp:105] Opened result file: ./profiles/standalone_attn_prefill_and_decode_tp8_prefill_then_decode1_8192_2_4096nan_agent_info.csv
[m# ---- Run standalone_attn_prefill_and_decode_tp8_prefill_then_decode1_8192_2_8192nan ----
INFO 09-01 20:34:34 [__init__.py:244] Automatically detected platform rocm.
No masking
[0;31mE20250901 20:34:51.830131 140484945495808 output_stream.cpp:105] Opened result file: ./profiles/standalone_attn_prefill_and_decode_tp8_prefill_then_decode1_8192_2_8192nan_kernel_trace.csv
[m[0;31mE20250901 20:34:51.836615 140484945495808 output_stream.cpp:105] Opened result file: ./profiles/standalone_attn_prefill_and_decode_tp8_prefill_then_decode1_8192_2_8192nan_agent_info.csv
[m# ---- Run standalone_attn_prefill_and_decode_tp8_prefill_then_decode1_8192_4_256nan ----
INFO 09-01 20:35:07 [__init__.py:244] Automatically detected platform rocm.
No masking
[0;31mE20250901 20:35:24.767200 139796885030656 output_stream.cpp:105] Opened result file: ./profiles/standalone_attn_prefill_and_decode_tp8_prefill_then_decode1_8192_4_256nan_kernel_trace.csv
[m[0;31mE20250901 20:35:24.773550 139796885030656 output_stream.cpp:105] Opened result file: ./profiles/standalone_attn_prefill_and_decode_tp8_prefill_then_decode1_8192_4_256nan_agent_info.csv
[m# ---- Run standalone_attn_prefill_and_decode_tp8_prefill_then_decode1_8192_4_512nan ----
INFO 09-01 20:35:38 [__init__.py:244] Automatically detected platform rocm.
No masking
[0;31mE20250901 20:35:56.196435 139852182472448 output_stream.cpp:105] Opened result file: ./profiles/standalone_attn_prefill_and_decode_tp8_prefill_then_decode1_8192_4_512nan_kernel_trace.csv
[m[0;31mE20250901 20:35:56.202827 139852182472448 output_stream.cpp:105] Opened result file: ./profiles/standalone_attn_prefill_and_decode_tp8_prefill_then_decode1_8192_4_512nan_agent_info.csv
[m# ---- Run standalone_attn_prefill_and_decode_tp8_prefill_then_decode1_8192_4_1024nan ----
INFO 09-01 20:36:10 [__init__.py:244] Automatically detected platform rocm.
No masking
[0;31mE20250901 20:36:27.812557 140112268125952 output_stream.cpp:105] Opened result file: ./profiles/standalone_attn_prefill_and_decode_tp8_prefill_then_decode1_8192_4_1024nan_kernel_trace.csv
[m[0;31mE20250901 20:36:27.818884 140112268125952 output_stream.cpp:105] Opened result file: ./profiles/standalone_attn_prefill_and_decode_tp8_prefill_then_decode1_8192_4_1024nan_agent_info.csv
[m# ---- Run standalone_attn_prefill_and_decode_tp8_prefill_then_decode1_8192_4_2048nan ----
INFO 09-01 20:36:42 [__init__.py:244] Automatically detected platform rocm.
No masking
[0;31mE20250901 20:37:00.028105 140379287369472 output_stream.cpp:105] Opened result file: ./profiles/standalone_attn_prefill_and_decode_tp8_prefill_then_decode1_8192_4_2048nan_kernel_trace.csv
[m[0;31mE20250901 20:37:00.035063 140379287369472 output_stream.cpp:105] Opened result file: ./profiles/standalone_attn_prefill_and_decode_tp8_prefill_then_decode1_8192_4_2048nan_agent_info.csv
[m# ---- Run standalone_attn_prefill_and_decode_tp8_prefill_then_decode1_8192_4_4096nan ----
INFO 09-01 20:37:14 [__init__.py:244] Automatically detected platform rocm.
No masking
[0;31mE20250901 20:37:33.162490 140078831331072 output_stream.cpp:105] Opened result file: ./profiles/standalone_attn_prefill_and_decode_tp8_prefill_then_decode1_8192_4_4096nan_kernel_trace.csv
[m[0;31mE20250901 20:37:33.169037 140078831331072 output_stream.cpp:105] Opened result file: ./profiles/standalone_attn_prefill_and_decode_tp8_prefill_then_decode1_8192_4_4096nan_agent_info.csv
[m# ---- Run standalone_attn_prefill_and_decode_tp8_prefill_then_decode1_8192_4_8192nan ----
INFO 09-01 20:37:48 [__init__.py:244] Automatically detected platform rocm.
No masking
[0;31mE20250901 20:38:06.622776 140180917176064 output_stream.cpp:105] Opened result file: ./profiles/standalone_attn_prefill_and_decode_tp8_prefill_then_decode1_8192_4_8192nan_kernel_trace.csv
[m[0;31mE20250901 20:38:06.629875 140180917176064 output_stream.cpp:105] Opened result file: ./profiles/standalone_attn_prefill_and_decode_tp8_prefill_then_decode1_8192_4_8192nan_agent_info.csv
[m# ---- Run standalone_attn_prefill_and_decode_tp8_prefill_then_decode1_8192_8_256nan ----
INFO 09-01 20:38:21 [__init__.py:244] Automatically detected platform rocm.
No masking
[0;31mE20250901 20:38:39.473214 139813769582336 output_stream.cpp:105] Opened result file: ./profiles/standalone_attn_prefill_and_decode_tp8_prefill_then_decode1_8192_8_256nan_kernel_trace.csv
[m[0;31mE20250901 20:38:39.479739 139813769582336 output_stream.cpp:105] Opened result file: ./profiles/standalone_attn_prefill_and_decode_tp8_prefill_then_decode1_8192_8_256nan_agent_info.csv
[m# ---- Run standalone_attn_prefill_and_decode_tp8_prefill_then_decode1_8192_8_512nan ----
INFO 09-01 20:38:53 [__init__.py:244] Automatically detected platform rocm.
No masking
[0;31mE20250901 20:39:11.845364 140133401667328 output_stream.cpp:105] Opened result file: ./profiles/standalone_attn_prefill_and_decode_tp8_prefill_then_decode1_8192_8_512nan_kernel_trace.csv
[m[0;31mE20250901 20:39:11.851845 140133401667328 output_stream.cpp:105] Opened result file: ./profiles/standalone_attn_prefill_and_decode_tp8_prefill_then_decode1_8192_8_512nan_agent_info.csv
[m# ---- Run standalone_attn_prefill_and_decode_tp8_prefill_then_decode1_8192_8_1024nan ----
INFO 09-01 20:39:26 [__init__.py:244] Automatically detected platform rocm.
No masking
[0;31mE20250901 20:39:46.763527 139891743192832 output_stream.cpp:105] Opened result file: ./profiles/standalone_attn_prefill_and_decode_tp8_prefill_then_decode1_8192_8_1024nan_kernel_trace.csv
[m[0;31mE20250901 20:39:46.770479 139891743192832 output_stream.cpp:105] Opened result file: ./profiles/standalone_attn_prefill_and_decode_tp8_prefill_then_decode1_8192_8_1024nan_agent_info.csv
[m# ---- Run standalone_attn_prefill_and_decode_tp8_prefill_then_decode1_8192_8_2048nan ----
INFO 09-01 20:40:03 [__init__.py:244] Automatically detected platform rocm.
No masking
[0;31mE20250901 20:40:22.832889 140244317964032 output_stream.cpp:105] Opened result file: ./profiles/standalone_attn_prefill_and_decode_tp8_prefill_then_decode1_8192_8_2048nan_kernel_trace.csv
[m[0;31mE20250901 20:40:22.839194 140244317964032 output_stream.cpp:105] Opened result file: ./profiles/standalone_attn_prefill_and_decode_tp8_prefill_then_decode1_8192_8_2048nan_agent_info.csv
[m# ---- Run standalone_attn_prefill_and_decode_tp8_prefill_then_decode1_8192_8_4096nan ----
INFO 09-01 20:40:38 [__init__.py:244] Automatically detected platform rocm.
No masking
[0;31mE20250901 20:40:56.327707 140633286084352 output_stream.cpp:105] Opened result file: ./profiles/standalone_attn_prefill_and_decode_tp8_prefill_then_decode1_8192_8_4096nan_kernel_trace.csv
[m[0;31mE20250901 20:40:56.333569 140633286084352 output_stream.cpp:105] Opened result file: ./profiles/standalone_attn_prefill_and_decode_tp8_prefill_then_decode1_8192_8_4096nan_agent_info.csv
[m# ---- Run standalone_attn_prefill_and_decode_tp8_prefill_then_decode1_8192_8_8192nan ----
INFO 09-01 20:41:10 [__init__.py:244] Automatically detected platform rocm.
No masking
[0;31mE20250901 20:41:28.744034 139978818189056 output_stream.cpp:105] Opened result file: ./profiles/standalone_attn_prefill_and_decode_tp8_prefill_then_decode1_8192_8_8192nan_kernel_trace.csv
[m[0;31mE20250901 20:41:28.750111 139978818189056 output_stream.cpp:105] Opened result file: ./profiles/standalone_attn_prefill_and_decode_tp8_prefill_then_decode1_8192_8_8192nan_agent_info.csv
[m# ---- Run standalone_attn_prefill_and_decode_tp8_prefill_then_decode1_8192_16_256nan ----
INFO 09-01 20:41:44 [__init__.py:244] Automatically detected platform rocm.
No masking
[0;31mE20250901 20:42:02.122752 139951919273728 output_stream.cpp:105] Opened result file: ./profiles/standalone_attn_prefill_and_decode_tp8_prefill_then_decode1_8192_16_256nan_kernel_trace.csv
[m[0;31mE20250901 20:42:02.128866 139951919273728 output_stream.cpp:105] Opened result file: ./profiles/standalone_attn_prefill_and_decode_tp8_prefill_then_decode1_8192_16_256nan_agent_info.csv
[m# ---- Run standalone_attn_prefill_and_decode_tp8_prefill_then_decode1_8192_16_512nan ----
INFO 09-01 20:42:16 [__init__.py:244] Automatically detected platform rocm.
No masking
[0;31mE20250901 20:42:34.600890 140442524878592 output_stream.cpp:105] Opened result file: ./profiles/standalone_attn_prefill_and_decode_tp8_prefill_then_decode1_8192_16_512nan_kernel_trace.csv
[m[0;31mE20250901 20:42:34.606912 140442524878592 output_stream.cpp:105] Opened result file: ./profiles/standalone_attn_prefill_and_decode_tp8_prefill_then_decode1_8192_16_512nan_agent_info.csv
[m# ---- Run standalone_attn_prefill_and_decode_tp8_prefill_then_decode1_8192_16_1024nan ----
INFO 09-01 20:42:49 [__init__.py:244] Automatically detected platform rocm.
No masking
[0;31mE20250901 20:43:06.805868 140059487942400 output_stream.cpp:105] Opened result file: ./profiles/standalone_attn_prefill_and_decode_tp8_prefill_then_decode1_8192_16_1024nan_kernel_trace.csv
[m[0;31mE20250901 20:43:06.812056 140059487942400 output_stream.cpp:105] Opened result file: ./profiles/standalone_attn_prefill_and_decode_tp8_prefill_then_decode1_8192_16_1024nan_agent_info.csv
[m# ---- Run standalone_attn_prefill_and_decode_tp8_prefill_then_decode1_8192_16_2048nan ----
INFO 09-01 20:43:21 [__init__.py:244] Automatically detected platform rocm.
No masking
[0;31mE20250901 20:43:39.521429 140194206332672 output_stream.cpp:105] Opened result file: ./profiles/standalone_attn_prefill_and_decode_tp8_prefill_then_decode1_8192_16_2048nan_kernel_trace.csv
[m[0;31mE20250901 20:43:39.528060 140194206332672 output_stream.cpp:105] Opened result file: ./profiles/standalone_attn_prefill_and_decode_tp8_prefill_then_decode1_8192_16_2048nan_agent_info.csv
[m# ---- Run standalone_attn_prefill_and_decode_tp8_prefill_then_decode1_8192_16_4096nan ----
INFO 09-01 20:43:54 [__init__.py:244] Automatically detected platform rocm.
No masking
[0;31mE20250901 20:44:14.886743 139964012353280 output_stream.cpp:105] Opened result file: ./profiles/standalone_attn_prefill_and_decode_tp8_prefill_then_decode1_8192_16_4096nan_kernel_trace.csv
[m[0;31mE20250901 20:44:14.894564 139964012353280 output_stream.cpp:105] Opened result file: ./profiles/standalone_attn_prefill_and_decode_tp8_prefill_then_decode1_8192_16_4096nan_agent_info.csv
[m# ---- Run standalone_attn_prefill_and_decode_tp8_prefill_then_decode1_8192_16_8192nan ----
INFO 09-01 20:44:31 [__init__.py:244] Automatically detected platform rocm.
No masking
[0;31mE20250901 20:44:50.599546 140477974701824 output_stream.cpp:105] Opened result file: ./profiles/standalone_attn_prefill_and_decode_tp8_prefill_then_decode1_8192_16_8192nan_kernel_trace.csv
[m[0;31mE20250901 20:44:50.605547 140477974701824 output_stream.cpp:105] Opened result file: ./profiles/standalone_attn_prefill_and_decode_tp8_prefill_then_decode1_8192_16_8192nan_agent_info.csv
[m# ---- Run standalone_attn_prefill_and_decode_tp8_prefill_then_decode1_8192_32_256nan ----
INFO 09-01 20:45:05 [__init__.py:244] Automatically detected platform rocm.
No masking
[0;31mE20250901 20:45:24.390930 140692468033280 output_stream.cpp:105] Opened result file: ./profiles/standalone_attn_prefill_and_decode_tp8_prefill_then_decode1_8192_32_256nan_kernel_trace.csv
[m[0;31mE20250901 20:45:24.398546 140692468033280 output_stream.cpp:105] Opened result file: ./profiles/standalone_attn_prefill_and_decode_tp8_prefill_then_decode1_8192_32_256nan_agent_info.csv
[m# ---- Run standalone_attn_prefill_and_decode_tp8_prefill_then_decode1_8192_32_512nan ----
INFO 09-01 20:45:39 [__init__.py:244] Automatically detected platform rocm.
No masking
[0;31mE20250901 20:45:57.831058 140246617646848 output_stream.cpp:105] Opened result file: ./profiles/standalone_attn_prefill_and_decode_tp8_prefill_then_decode1_8192_32_512nan_kernel_trace.csv
[m[0;31mE20250901 20:45:57.838708 140246617646848 output_stream.cpp:105] Opened result file: ./profiles/standalone_attn_prefill_and_decode_tp8_prefill_then_decode1_8192_32_512nan_agent_info.csv
[m# ---- Run standalone_attn_prefill_and_decode_tp8_prefill_then_decode1_8192_32_1024nan ----
INFO 09-01 20:46:12 [__init__.py:244] Automatically detected platform rocm.
No masking
[0;31mE20250901 20:46:31.338168 140593354897152 output_stream.cpp:105] Opened result file: ./profiles/standalone_attn_prefill_and_decode_tp8_prefill_then_decode1_8192_32_1024nan_kernel_trace.csv
[m[0;31mE20250901 20:46:31.345367 140593354897152 output_stream.cpp:105] Opened result file: ./profiles/standalone_attn_prefill_and_decode_tp8_prefill_then_decode1_8192_32_1024nan_agent_info.csv
[m# ---- Run standalone_attn_prefill_and_decode_tp8_prefill_then_decode1_8192_32_2048nan ----
INFO 09-01 20:46:46 [__init__.py:244] Automatically detected platform rocm.
No masking
[0;31mE20250901 20:47:05.350264 140718493779712 output_stream.cpp:105] Opened result file: ./profiles/standalone_attn_prefill_and_decode_tp8_prefill_then_decode1_8192_32_2048nan_kernel_trace.csv
[m[0;31mE20250901 20:47:05.357275 140718493779712 output_stream.cpp:105] Opened result file: ./profiles/standalone_attn_prefill_and_decode_tp8_prefill_then_decode1_8192_32_2048nan_agent_info.csv
[m# ---- Run standalone_attn_prefill_and_decode_tp8_prefill_then_decode1_8192_32_4096nan ----
INFO 09-01 20:47:20 [__init__.py:244] Automatically detected platform rocm.
No masking
[0;31mE20250901 20:47:38.681810 140321027204864 output_stream.cpp:105] Opened result file: ./profiles/standalone_attn_prefill_and_decode_tp8_prefill_then_decode1_8192_32_4096nan_kernel_trace.csv
[m[0;31mE20250901 20:47:38.688732 140321027204864 output_stream.cpp:105] Opened result file: ./profiles/standalone_attn_prefill_and_decode_tp8_prefill_then_decode1_8192_32_4096nan_agent_info.csv
[m# ---- Run standalone_attn_prefill_and_decode_tp8_prefill_then_decode1_8192_32_8192nan ----
INFO 09-01 20:47:54 [__init__.py:244] Automatically detected platform rocm.
No masking
[0;31mE20250901 20:48:13.016659 140713038046976 output_stream.cpp:105] Opened result file: ./profiles/standalone_attn_prefill_and_decode_tp8_prefill_then_decode1_8192_32_8192nan_kernel_trace.csv
[m[0;31mE20250901 20:48:13.024317 140713038046976 output_stream.cpp:105] Opened result file: ./profiles/standalone_attn_prefill_and_decode_tp8_prefill_then_decode1_8192_32_8192nan_agent_info.csv
[m# ---- Run standalone_attn_prefill_and_decode_tp8_prefill_then_decode1_8192_64_256nan ----
INFO 09-01 20:48:28 [__init__.py:244] Automatically detected platform rocm.
No masking
[0;31mE20250901 20:48:46.915181 140482034538240 output_stream.cpp:105] Opened result file: ./profiles/standalone_attn_prefill_and_decode_tp8_prefill_then_decode1_8192_64_256nan_kernel_trace.csv
[m[0;31mE20250901 20:48:46.922101 140482034538240 output_stream.cpp:105] Opened result file: ./profiles/standalone_attn_prefill_and_decode_tp8_prefill_then_decode1_8192_64_256nan_agent_info.csv
[m# ---- Run standalone_attn_prefill_and_decode_tp8_prefill_then_decode1_8192_64_512nan ----
INFO 09-01 20:49:01 [__init__.py:244] Automatically detected platform rocm.
No masking
[0;31mE20250901 20:49:19.737134 139652997781248 output_stream.cpp:105] Opened result file: ./profiles/standalone_attn_prefill_and_decode_tp8_prefill_then_decode1_8192_64_512nan_kernel_trace.csv
[m[0;31mE20250901 20:49:19.744164 139652997781248 output_stream.cpp:105] Opened result file: ./profiles/standalone_attn_prefill_and_decode_tp8_prefill_then_decode1_8192_64_512nan_agent_info.csv
[m# ---- Run standalone_attn_prefill_and_decode_tp8_prefill_then_decode1_8192_64_1024nan ----
INFO 09-01 20:49:35 [__init__.py:244] Automatically detected platform rocm.
No masking
[0;31mE20250901 20:49:53.186065 140596818200320 output_stream.cpp:105] Opened result file: ./profiles/standalone_attn_prefill_and_decode_tp8_prefill_then_decode1_8192_64_1024nan_kernel_trace.csv
[m[0;31mE20250901 20:49:53.194505 140596818200320 output_stream.cpp:105] Opened result file: ./profiles/standalone_attn_prefill_and_decode_tp8_prefill_then_decode1_8192_64_1024nan_agent_info.csv
[m# ---- Run standalone_attn_prefill_and_decode_tp8_prefill_then_decode1_8192_64_2048nan ----
INFO 09-01 20:50:08 [__init__.py:244] Automatically detected platform rocm.
No masking
[0;31mE20250901 20:50:26.952890 139673627072256 output_stream.cpp:105] Opened result file: ./profiles/standalone_attn_prefill_and_decode_tp8_prefill_then_decode1_8192_64_2048nan_kernel_trace.csv
[m[0;31mE20250901 20:50:26.959595 139673627072256 output_stream.cpp:105] Opened result file: ./profiles/standalone_attn_prefill_and_decode_tp8_prefill_then_decode1_8192_64_2048nan_agent_info.csv
[m# ---- Run standalone_attn_prefill_and_decode_tp8_prefill_then_decode1_8192_64_4096nan ----
INFO 09-01 20:50:42 [__init__.py:244] Automatically detected platform rocm.
No masking
[0;31mE20250901 20:51:03.163277 140042040121088 output_stream.cpp:105] Opened result file: ./profiles/standalone_attn_prefill_and_decode_tp8_prefill_then_decode1_8192_64_4096nan_kernel_trace.csv
[m[0;31mE20250901 20:51:03.170048 140042040121088 output_stream.cpp:105] Opened result file: ./profiles/standalone_attn_prefill_and_decode_tp8_prefill_then_decode1_8192_64_4096nan_agent_info.csv
[m# ---- Run standalone_attn_prefill_and_decode_tp8_prefill_then_decode1_8192_64_8192nan ----
INFO 09-01 20:51:19 [__init__.py:244] Automatically detected platform rocm.
No masking
[0;31mE20250901 20:51:39.629991 139761076791040 output_stream.cpp:105] Opened result file: ./profiles/standalone_attn_prefill_and_decode_tp8_prefill_then_decode1_8192_64_8192nan_kernel_trace.csv
[m[0;31mE20250901 20:51:39.636744 139761076791040 output_stream.cpp:105] Opened result file: ./profiles/standalone_attn_prefill_and_decode_tp8_prefill_then_decode1_8192_64_8192nan_agent_info.csv
[m# ---- Run standalone_attn_prefill_and_decode_tp8_prefill_then_decode1_8192_128_256nan ----
INFO 09-01 20:51:55 [__init__.py:244] Automatically detected platform rocm.
No masking
[0;31mE20250901 20:52:15.299572 140709058713344 output_stream.cpp:105] Opened result file: ./profiles/standalone_attn_prefill_and_decode_tp8_prefill_then_decode1_8192_128_256nan_kernel_trace.csv
[m[0;31mE20250901 20:52:15.306348 140709058713344 output_stream.cpp:105] Opened result file: ./profiles/standalone_attn_prefill_and_decode_tp8_prefill_then_decode1_8192_128_256nan_agent_info.csv
[m# ---- Run standalone_attn_prefill_and_decode_tp8_prefill_then_decode1_8192_128_512nan ----
INFO 09-01 20:52:31 [__init__.py:244] Automatically detected platform rocm.
No masking
[0;31mE20250901 20:52:51.081078 140473170876160 output_stream.cpp:105] Opened result file: ./profiles/standalone_attn_prefill_and_decode_tp8_prefill_then_decode1_8192_128_512nan_kernel_trace.csv
[m[0;31mE20250901 20:52:51.087988 140473170876160 output_stream.cpp:105] Opened result file: ./profiles/standalone_attn_prefill_and_decode_tp8_prefill_then_decode1_8192_128_512nan_agent_info.csv
[m# ---- Run standalone_attn_prefill_and_decode_tp8_prefill_then_decode1_8192_128_1024nan ----
INFO 09-01 20:53:07 [__init__.py:244] Automatically detected platform rocm.
No masking
[0;31mE20250901 20:53:26.590162 139727858767616 output_stream.cpp:105] Opened result file: ./profiles/standalone_attn_prefill_and_decode_tp8_prefill_then_decode1_8192_128_1024nan_kernel_trace.csv
[m[0;31mE20250901 20:53:26.597371 139727858767616 output_stream.cpp:105] Opened result file: ./profiles/standalone_attn_prefill_and_decode_tp8_prefill_then_decode1_8192_128_1024nan_agent_info.csv
[m# ---- Run standalone_attn_prefill_and_decode_tp8_prefill_then_decode1_8192_128_2048nan ----
INFO 09-01 20:53:43 [__init__.py:244] Automatically detected platform rocm.
No masking
[0;31mE20250901 20:54:01.773228 140619854112512 output_stream.cpp:105] Opened result file: ./profiles/standalone_attn_prefill_and_decode_tp8_prefill_then_decode1_8192_128_2048nan_kernel_trace.csv
[m[0;31mE20250901 20:54:01.779659 140619854112512 output_stream.cpp:105] Opened result file: ./profiles/standalone_attn_prefill_and_decode_tp8_prefill_then_decode1_8192_128_2048nan_agent_info.csv
[m# ---- Run standalone_attn_prefill_and_decode_tp8_prefill_then_decode1_8192_128_4096nan ----
INFO 09-01 20:54:16 [__init__.py:244] Automatically detected platform rocm.
No masking
[0;31mE20250901 20:54:33.947711 139783747835648 output_stream.cpp:105] Opened result file: ./profiles/standalone_attn_prefill_and_decode_tp8_prefill_then_decode1_8192_128_4096nan_kernel_trace.csv
[m[0;31mE20250901 20:54:33.954235 139783747835648 output_stream.cpp:105] Opened result file: ./profiles/standalone_attn_prefill_and_decode_tp8_prefill_then_decode1_8192_128_4096nan_agent_info.csv
[m# ---- Run standalone_attn_prefill_and_decode_tp8_prefill_then_decode1_8192_128_8192nan ----
INFO 09-01 20:54:49 [__init__.py:244] Automatically detected platform rocm.
No masking
[0;31mE20250901 20:55:08.275605 139805161858816 output_stream.cpp:105] Opened result file: ./profiles/standalone_attn_prefill_and_decode_tp8_prefill_then_decode1_8192_128_8192nan_kernel_trace.csv
[m[0;31mE20250901 20:55:08.282730 139805161858816 output_stream.cpp:105] Opened result file: ./profiles/standalone_attn_prefill_and_decode_tp8_prefill_then_decode1_8192_128_8192nan_agent_info.csv
[m# ---- Run standalone_attn_prefill_and_decode_tp8_prefill_then_decode4_256_1_256nan ----
INFO 09-01 20:55:25 [__init__.py:244] Automatically detected platform rocm.
No masking
[0;31mE20250901 20:55:45.069614 140074425333504 output_stream.cpp:105] Opened result file: ./profiles/standalone_attn_prefill_and_decode_tp8_prefill_then_decode4_256_1_256nan_kernel_trace.csv
[m[0;31mE20250901 20:55:45.076332 140074425333504 output_stream.cpp:105] Opened result file: ./profiles/standalone_attn_prefill_and_decode_tp8_prefill_then_decode4_256_1_256nan_agent_info.csv
[m# ---- Run standalone_attn_prefill_and_decode_tp8_prefill_then_decode4_256_1_512nan ----
INFO 09-01 20:56:00 [__init__.py:244] Automatically detected platform rocm.
No masking
[0;31mE20250901 20:56:17.495738 140046781785856 output_stream.cpp:105] Opened result file: ./profiles/standalone_attn_prefill_and_decode_tp8_prefill_then_decode4_256_1_512nan_kernel_trace.csv
[m[0;31mE20250901 20:56:17.501988 140046781785856 output_stream.cpp:105] Opened result file: ./profiles/standalone_attn_prefill_and_decode_tp8_prefill_then_decode4_256_1_512nan_agent_info.csv
[m# ---- Run standalone_attn_prefill_and_decode_tp8_prefill_then_decode4_256_1_1024nan ----
INFO 09-01 20:56:31 [__init__.py:244] Automatically detected platform rocm.
No masking
[0;31mE20250901 20:56:48.911285 139901623895808 output_stream.cpp:105] Opened result file: ./profiles/standalone_attn_prefill_and_decode_tp8_prefill_then_decode4_256_1_1024nan_kernel_trace.csv
[m[0;31mE20250901 20:56:48.918427 139901623895808 output_stream.cpp:105] Opened result file: ./profiles/standalone_attn_prefill_and_decode_tp8_prefill_then_decode4_256_1_1024nan_agent_info.csv
[m# ---- Run standalone_attn_prefill_and_decode_tp8_prefill_then_decode4_256_1_2048nan ----
INFO 09-01 20:57:04 [__init__.py:244] Automatically detected platform rocm.
No masking
[0;31mE20250901 20:57:21.430585 140142142998272 output_stream.cpp:105] Opened result file: ./profiles/standalone_attn_prefill_and_decode_tp8_prefill_then_decode4_256_1_2048nan_kernel_trace.csv
[m[0;31mE20250901 20:57:21.437652 140142142998272 output_stream.cpp:105] Opened result file: ./profiles/standalone_attn_prefill_and_decode_tp8_prefill_then_decode4_256_1_2048nan_agent_info.csv
[m# ---- Run standalone_attn_prefill_and_decode_tp8_prefill_then_decode4_256_1_4096nan ----
INFO 09-01 20:57:35 [__init__.py:244] Automatically detected platform rocm.
No masking
[0;31mE20250901 20:57:53.420736 139692999046912 output_stream.cpp:105] Opened result file: ./profiles/standalone_attn_prefill_and_decode_tp8_prefill_then_decode4_256_1_4096nan_kernel_trace.csv
[m[0;31mE20250901 20:57:53.426654 139692999046912 output_stream.cpp:105] Opened result file: ./profiles/standalone_attn_prefill_and_decode_tp8_prefill_then_decode4_256_1_4096nan_agent_info.csv
[m# ---- Run standalone_attn_prefill_and_decode_tp8_prefill_then_decode4_256_1_8192nan ----
INFO 09-01 20:58:07 [__init__.py:244] Automatically detected platform rocm.
No masking
[0;31mE20250901 20:58:25.552702 140571375281920 output_stream.cpp:105] Opened result file: ./profiles/standalone_attn_prefill_and_decode_tp8_prefill_then_decode4_256_1_8192nan_kernel_trace.csv
[m[0;31mE20250901 20:58:25.559199 140571375281920 output_stream.cpp:105] Opened result file: ./profiles/standalone_attn_prefill_and_decode_tp8_prefill_then_decode4_256_1_8192nan_agent_info.csv
[m# ---- Run standalone_attn_prefill_and_decode_tp8_prefill_then_decode4_256_2_256nan ----
INFO 09-01 20:58:40 [__init__.py:244] Automatically detected platform rocm.
No masking
[0;31mE20250901 20:58:57.966799 140023750448896 output_stream.cpp:105] Opened result file: ./profiles/standalone_attn_prefill_and_decode_tp8_prefill_then_decode4_256_2_256nan_kernel_trace.csv
[m[0;31mE20250901 20:58:57.972873 140023750448896 output_stream.cpp:105] Opened result file: ./profiles/standalone_attn_prefill_and_decode_tp8_prefill_then_decode4_256_2_256nan_agent_info.csv
[m# ---- Run standalone_attn_prefill_and_decode_tp8_prefill_then_decode4_256_2_512nan ----
INFO 09-01 20:59:12 [__init__.py:244] Automatically detected platform rocm.
No masking
[0;31mE20250901 20:59:29.596609 139719224153856 output_stream.cpp:105] Opened result file: ./profiles/standalone_attn_prefill_and_decode_tp8_prefill_then_decode4_256_2_512nan_kernel_trace.csv
[m[0;31mE20250901 20:59:29.603217 139719224153856 output_stream.cpp:105] Opened result file: ./profiles/standalone_attn_prefill_and_decode_tp8_prefill_then_decode4_256_2_512nan_agent_info.csv
[m# ---- Run standalone_attn_prefill_and_decode_tp8_prefill_then_decode4_256_2_1024nan ----
INFO 09-01 20:59:44 [__init__.py:244] Automatically detected platform rocm.
No masking
[0;31mE20250901 21:00:01.787342 140013248476928 output_stream.cpp:105] Opened result file: ./profiles/standalone_attn_prefill_and_decode_tp8_prefill_then_decode4_256_2_1024nan_kernel_trace.csv
[m[0;31mE20250901 21:00:01.793092 140013248476928 output_stream.cpp:105] Opened result file: ./profiles/standalone_attn_prefill_and_decode_tp8_prefill_then_decode4_256_2_1024nan_agent_info.csv
[m# ---- Run standalone_attn_prefill_and_decode_tp8_prefill_then_decode4_256_2_2048nan ----
INFO 09-01 21:00:16 [__init__.py:244] Automatically detected platform rocm.
No masking
[0;31mE20250901 21:00:36.610027 140454772922112 output_stream.cpp:105] Opened result file: ./profiles/standalone_attn_prefill_and_decode_tp8_prefill_then_decode4_256_2_2048nan_kernel_trace.csv
[m[0;31mE20250901 21:00:36.617202 140454772922112 output_stream.cpp:105] Opened result file: ./profiles/standalone_attn_prefill_and_decode_tp8_prefill_then_decode4_256_2_2048nan_agent_info.csv
[m# ---- Run standalone_attn_prefill_and_decode_tp8_prefill_then_decode4_256_2_4096nan ----
INFO 09-01 21:00:54 [__init__.py:244] Automatically detected platform rocm.
No masking
[0;31mE20250901 21:01:15.170252 140564918470400 output_stream.cpp:105] Opened result file: ./profiles/standalone_attn_prefill_and_decode_tp8_prefill_then_decode4_256_2_4096nan_kernel_trace.csv
[m[0;31mE20250901 21:01:15.177364 140564918470400 output_stream.cpp:105] Opened result file: ./profiles/standalone_attn_prefill_and_decode_tp8_prefill_then_decode4_256_2_4096nan_agent_info.csv
[m# ---- Run standalone_attn_prefill_and_decode_tp8_prefill_then_decode4_256_2_8192nan ----
INFO 09-01 21:01:32 [__init__.py:244] Automatically detected platform rocm.
No masking
[0;31mE20250901 21:01:52.221062 139875852117760 output_stream.cpp:105] Opened result file: ./profiles/standalone_attn_prefill_and_decode_tp8_prefill_then_decode4_256_2_8192nan_kernel_trace.csv
[m[0;31mE20250901 21:01:52.227938 139875852117760 output_stream.cpp:105] Opened result file: ./profiles/standalone_attn_prefill_and_decode_tp8_prefill_then_decode4_256_2_8192nan_agent_info.csv
[m# ---- Run standalone_attn_prefill_and_decode_tp8_prefill_then_decode4_256_4_256nan ----
INFO 09-01 21:02:07 [__init__.py:244] Automatically detected platform rocm.
No masking
[0;31mE20250901 21:02:25.974972 140083042834176 output_stream.cpp:105] Opened result file: ./profiles/standalone_attn_prefill_and_decode_tp8_prefill_then_decode4_256_4_256nan_kernel_trace.csv
[m[0;31mE20250901 21:02:25.981404 140083042834176 output_stream.cpp:105] Opened result file: ./profiles/standalone_attn_prefill_and_decode_tp8_prefill_then_decode4_256_4_256nan_agent_info.csv
[m# ---- Run standalone_attn_prefill_and_decode_tp8_prefill_then_decode4_256_4_512nan ----
INFO 09-01 21:02:41 [__init__.py:244] Automatically detected platform rocm.
No masking
[0;31mE20250901 21:02:59.342399 140172244272896 output_stream.cpp:105] Opened result file: ./profiles/standalone_attn_prefill_and_decode_tp8_prefill_then_decode4_256_4_512nan_kernel_trace.csv
[m[0;31mE20250901 21:02:59.349046 140172244272896 output_stream.cpp:105] Opened result file: ./profiles/standalone_attn_prefill_and_decode_tp8_prefill_then_decode4_256_4_512nan_agent_info.csv
[m# ---- Run standalone_attn_prefill_and_decode_tp8_prefill_then_decode4_256_4_1024nan ----
INFO 09-01 21:03:14 [__init__.py:244] Automatically detected platform rocm.
No masking
[0;31mE20250901 21:03:32.954752 140557953668864 output_stream.cpp:105] Opened result file: ./profiles/standalone_attn_prefill_and_decode_tp8_prefill_then_decode4_256_4_1024nan_kernel_trace.csv
[m[0;31mE20250901 21:03:32.961589 140557953668864 output_stream.cpp:105] Opened result file: ./profiles/standalone_attn_prefill_and_decode_tp8_prefill_then_decode4_256_4_1024nan_agent_info.csv
[m# ---- Run standalone_attn_prefill_and_decode_tp8_prefill_then_decode4_256_4_2048nan ----
INFO 09-01 21:03:48 [__init__.py:244] Automatically detected platform rocm.
No masking
[0;31mE20250901 21:04:09.628288 140306068518656 output_stream.cpp:105] Opened result file: ./profiles/standalone_attn_prefill_and_decode_tp8_prefill_then_decode4_256_4_2048nan_kernel_trace.csv
[m[0;31mE20250901 21:04:09.635521 140306068518656 output_stream.cpp:105] Opened result file: ./profiles/standalone_attn_prefill_and_decode_tp8_prefill_then_decode4_256_4_2048nan_agent_info.csv
[m# ---- Run standalone_attn_prefill_and_decode_tp8_prefill_then_decode4_256_4_4096nan ----
INFO 09-01 21:04:26 [__init__.py:244] Automatically detected platform rocm.
No masking
[0;31mE20250901 21:04:45.932249 140307566700288 output_stream.cpp:105] Opened result file: ./profiles/standalone_attn_prefill_and_decode_tp8_prefill_then_decode4_256_4_4096nan_kernel_trace.csv
[m[0;31mE20250901 21:04:45.939083 140307566700288 output_stream.cpp:105] Opened result file: ./profiles/standalone_attn_prefill_and_decode_tp8_prefill_then_decode4_256_4_4096nan_agent_info.csv
[m# ---- Run standalone_attn_prefill_and_decode_tp8_prefill_then_decode4_256_4_8192nan ----
INFO 09-01 21:05:01 [__init__.py:244] Automatically detected platform rocm.
No masking
[0;31mE20250901 21:05:18.855355 140061358495488 output_stream.cpp:105] Opened result file: ./profiles/standalone_attn_prefill_and_decode_tp8_prefill_then_decode4_256_4_8192nan_kernel_trace.csv
[m[0;31mE20250901 21:05:18.861881 140061358495488 output_stream.cpp:105] Opened result file: ./profiles/standalone_attn_prefill_and_decode_tp8_prefill_then_decode4_256_4_8192nan_agent_info.csv
[m# ---- Run standalone_attn_prefill_and_decode_tp8_prefill_then_decode4_256_8_256nan ----
INFO 09-01 21:05:34 [__init__.py:244] Automatically detected platform rocm.
No masking
[0;31mE20250901 21:05:55.105307 140566163023616 output_stream.cpp:105] Opened result file: ./profiles/standalone_attn_prefill_and_decode_tp8_prefill_then_decode4_256_8_256nan_kernel_trace.csv
[m[0;31mE20250901 21:05:55.112742 140566163023616 output_stream.cpp:105] Opened result file: ./profiles/standalone_attn_prefill_and_decode_tp8_prefill_then_decode4_256_8_256nan_agent_info.csv
[m# ---- Run standalone_attn_prefill_and_decode_tp8_prefill_then_decode4_256_8_512nan ----
INFO 09-01 21:06:12 [__init__.py:244] Automatically detected platform rocm.
No masking
[0;31mE20250901 21:06:33.936708 140451404183296 output_stream.cpp:105] Opened result file: ./profiles/standalone_attn_prefill_and_decode_tp8_prefill_then_decode4_256_8_512nan_kernel_trace.csv
[m[0;31mE20250901 21:06:33.944585 140451404183296 output_stream.cpp:105] Opened result file: ./profiles/standalone_attn_prefill_and_decode_tp8_prefill_then_decode4_256_8_512nan_agent_info.csv
[m# ---- Run standalone_attn_prefill_and_decode_tp8_prefill_then_decode4_256_8_1024nan ----
INFO 09-01 21:06:50 [__init__.py:244] Automatically detected platform rocm.
No masking
[0;31mE20250901 21:07:12.683514 140050593056512 output_stream.cpp:105] Opened result file: ./profiles/standalone_attn_prefill_and_decode_tp8_prefill_then_decode4_256_8_1024nan_kernel_trace.csv
[m[0;31mE20250901 21:07:12.691062 140050593056512 output_stream.cpp:105] Opened result file: ./profiles/standalone_attn_prefill_and_decode_tp8_prefill_then_decode4_256_8_1024nan_agent_info.csv
[m# ---- Run standalone_attn_prefill_and_decode_tp8_prefill_then_decode4_256_8_2048nan ----
INFO 09-01 21:07:29 [__init__.py:244] Automatically detected platform rocm.
No masking
[0;31mE20250901 21:07:51.342577 140489000191744 output_stream.cpp:105] Opened result file: ./profiles/standalone_attn_prefill_and_decode_tp8_prefill_then_decode4_256_8_2048nan_kernel_trace.csv
[m[0;31mE20250901 21:07:51.349573 140489000191744 output_stream.cpp:105] Opened result file: ./profiles/standalone_attn_prefill_and_decode_tp8_prefill_then_decode4_256_8_2048nan_agent_info.csv
[m# ---- Run standalone_attn_prefill_and_decode_tp8_prefill_then_decode4_256_8_4096nan ----
INFO 09-01 21:08:08 [__init__.py:244] Automatically detected platform rocm.
No masking
[0;31mE20250901 21:08:29.862576 139785356343040 output_stream.cpp:105] Opened result file: ./profiles/standalone_attn_prefill_and_decode_tp8_prefill_then_decode4_256_8_4096nan_kernel_trace.csv
[m[0;31mE20250901 21:08:29.869297 139785356343040 output_stream.cpp:105] Opened result file: ./profiles/standalone_attn_prefill_and_decode_tp8_prefill_then_decode4_256_8_4096nan_agent_info.csv
[m# ---- Run standalone_attn_prefill_and_decode_tp8_prefill_then_decode4_256_8_8192nan ----
INFO 09-01 21:08:46 [__init__.py:244] Automatically detected platform rocm.
No masking
[0;31mE20250901 21:09:07.985615 140121506125568 output_stream.cpp:105] Opened result file: ./profiles/standalone_attn_prefill_and_decode_tp8_prefill_then_decode4_256_8_8192nan_kernel_trace.csv
[m[0;31mE20250901 21:09:07.992269 140121506125568 output_stream.cpp:105] Opened result file: ./profiles/standalone_attn_prefill_and_decode_tp8_prefill_then_decode4_256_8_8192nan_agent_info.csv
[m# ---- Run standalone_attn_prefill_and_decode_tp8_prefill_then_decode4_256_16_256nan ----
INFO 09-01 21:09:24 [__init__.py:244] Automatically detected platform rocm.
No masking
[0;31mE20250901 21:09:44.864597 140110304716544 output_stream.cpp:105] Opened result file: ./profiles/standalone_attn_prefill_and_decode_tp8_prefill_then_decode4_256_16_256nan_kernel_trace.csv
[m[0;31mE20250901 21:09:44.871333 140110304716544 output_stream.cpp:105] Opened result file: ./profiles/standalone_attn_prefill_and_decode_tp8_prefill_then_decode4_256_16_256nan_agent_info.csv
[m# ---- Run standalone_attn_prefill_and_decode_tp8_prefill_then_decode4_256_16_512nan ----
INFO 09-01 21:10:00 [__init__.py:244] Automatically detected platform rocm.
No masking
[0;31mE20250901 21:10:19.844611 140651367069440 output_stream.cpp:105] Opened result file: ./profiles/standalone_attn_prefill_and_decode_tp8_prefill_then_decode4_256_16_512nan_kernel_trace.csv
[m[0;31mE20250901 21:10:19.853614 140651367069440 output_stream.cpp:105] Opened result file: ./profiles/standalone_attn_prefill_and_decode_tp8_prefill_then_decode4_256_16_512nan_agent_info.csv
[m# ---- Run standalone_attn_prefill_and_decode_tp8_prefill_then_decode4_256_16_1024nan ----
INFO 09-01 21:10:34 [__init__.py:244] Automatically detected platform rocm.
No masking
[0;31mE20250901 21:10:54.043728 140407916594944 output_stream.cpp:105] Opened result file: ./profiles/standalone_attn_prefill_and_decode_tp8_prefill_then_decode4_256_16_1024nan_kernel_trace.csv
[m[0;31mE20250901 21:10:54.050241 140407916594944 output_stream.cpp:105] Opened result file: ./profiles/standalone_attn_prefill_and_decode_tp8_prefill_then_decode4_256_16_1024nan_agent_info.csv
[m# ---- Run standalone_attn_prefill_and_decode_tp8_prefill_then_decode4_256_16_2048nan ----
INFO 09-01 21:11:09 [__init__.py:244] Automatically detected platform rocm.
No masking
[0;31mE20250901 21:11:30.186209 139748571379456 output_stream.cpp:105] Opened result file: ./profiles/standalone_attn_prefill_and_decode_tp8_prefill_then_decode4_256_16_2048nan_kernel_trace.csv
[m[0;31mE20250901 21:11:30.193807 139748571379456 output_stream.cpp:105] Opened result file: ./profiles/standalone_attn_prefill_and_decode_tp8_prefill_then_decode4_256_16_2048nan_agent_info.csv
[m# ---- Run standalone_attn_prefill_and_decode_tp8_prefill_then_decode4_256_16_4096nan ----
INFO 09-01 21:11:47 [__init__.py:244] Automatically detected platform rocm.
No masking
[0;31mE20250901 21:12:07.490567 140035116680960 output_stream.cpp:105] Opened result file: ./profiles/standalone_attn_prefill_and_decode_tp8_prefill_then_decode4_256_16_4096nan_kernel_trace.csv
[m[0;31mE20250901 21:12:07.496646 140035116680960 output_stream.cpp:105] Opened result file: ./profiles/standalone_attn_prefill_and_decode_tp8_prefill_then_decode4_256_16_4096nan_agent_info.csv
[m# ---- Run standalone_attn_prefill_and_decode_tp8_prefill_then_decode4_256_16_8192nan ----
INFO 09-01 21:12:22 [__init__.py:244] Automatically detected platform rocm.
No masking
[0;31mE20250901 21:12:39.997835 140178136819456 output_stream.cpp:105] Opened result file: ./profiles/standalone_attn_prefill_and_decode_tp8_prefill_then_decode4_256_16_8192nan_kernel_trace.csv
[m[0;31mE20250901 21:12:40.004300 140178136819456 output_stream.cpp:105] Opened result file: ./profiles/standalone_attn_prefill_and_decode_tp8_prefill_then_decode4_256_16_8192nan_agent_info.csv
[m# ---- Run standalone_attn_prefill_and_decode_tp8_prefill_then_decode4_256_32_256nan ----
INFO 09-01 21:12:54 [__init__.py:244] Automatically detected platform rocm.
No masking
[0;31mE20250901 21:13:12.188957 140058021365504 output_stream.cpp:105] Opened result file: ./profiles/standalone_attn_prefill_and_decode_tp8_prefill_then_decode4_256_32_256nan_kernel_trace.csv
[m[0;31mE20250901 21:13:12.195072 140058021365504 output_stream.cpp:105] Opened result file: ./profiles/standalone_attn_prefill_and_decode_tp8_prefill_then_decode4_256_32_256nan_agent_info.csv
[m# ---- Run standalone_attn_prefill_and_decode_tp8_prefill_then_decode4_256_32_512nan ----
INFO 09-01 21:13:26 [__init__.py:244] Automatically detected platform rocm.
No masking
[0;31mE20250901 21:13:47.988053 140176089134848 output_stream.cpp:105] Opened result file: ./profiles/standalone_attn_prefill_and_decode_tp8_prefill_then_decode4_256_32_512nan_kernel_trace.csv
[m[0;31mE20250901 21:13:47.996371 140176089134848 output_stream.cpp:105] Opened result file: ./profiles/standalone_attn_prefill_and_decode_tp8_prefill_then_decode4_256_32_512nan_agent_info.csv
[m# ---- Run standalone_attn_prefill_and_decode_tp8_prefill_then_decode4_256_32_1024nan ----
INFO 09-01 21:14:05 [__init__.py:244] Automatically detected platform rocm.
No masking
[0;31mE20250901 21:14:26.824474 140230939924224 output_stream.cpp:105] Opened result file: ./profiles/standalone_attn_prefill_and_decode_tp8_prefill_then_decode4_256_32_1024nan_kernel_trace.csv
[m[0;31mE20250901 21:14:26.831788 140230939924224 output_stream.cpp:105] Opened result file: ./profiles/standalone_attn_prefill_and_decode_tp8_prefill_then_decode4_256_32_1024nan_agent_info.csv
[m# ---- Run standalone_attn_prefill_and_decode_tp8_prefill_then_decode4_256_32_2048nan ----
INFO 09-01 21:14:43 [__init__.py:244] Automatically detected platform rocm.
No masking
[0;31mE20250901 21:15:02.819864 140319858878208 output_stream.cpp:105] Opened result file: ./profiles/standalone_attn_prefill_and_decode_tp8_prefill_then_decode4_256_32_2048nan_kernel_trace.csv
[m[0;31mE20250901 21:15:02.826213 140319858878208 output_stream.cpp:105] Opened result file: ./profiles/standalone_attn_prefill_and_decode_tp8_prefill_then_decode4_256_32_2048nan_agent_info.csv
[m# ---- Run standalone_attn_prefill_and_decode_tp8_prefill_then_decode4_256_32_4096nan ----
INFO 09-01 21:15:17 [__init__.py:244] Automatically detected platform rocm.
No masking
[0;31mE20250901 21:15:35.024795 139846579369728 output_stream.cpp:105] Opened result file: ./profiles/standalone_attn_prefill_and_decode_tp8_prefill_then_decode4_256_32_4096nan_kernel_trace.csv
[m[0;31mE20250901 21:15:35.031223 139846579369728 output_stream.cpp:105] Opened result file: ./profiles/standalone_attn_prefill_and_decode_tp8_prefill_then_decode4_256_32_4096nan_agent_info.csv
[m# ---- Run standalone_attn_prefill_and_decode_tp8_prefill_then_decode4_256_32_8192nan ----
INFO 09-01 21:15:49 [__init__.py:244] Automatically detected platform rocm.
No masking
[0;31mE20250901 21:16:07.436804 139834112997120 output_stream.cpp:105] Opened result file: ./profiles/standalone_attn_prefill_and_decode_tp8_prefill_then_decode4_256_32_8192nan_kernel_trace.csv
[m[0;31mE20250901 21:16:07.442779 139834112997120 output_stream.cpp:105] Opened result file: ./profiles/standalone_attn_prefill_and_decode_tp8_prefill_then_decode4_256_32_8192nan_agent_info.csv
[m# ---- Run standalone_attn_prefill_and_decode_tp8_prefill_then_decode4_256_64_256nan ----
INFO 09-01 21:16:21 [__init__.py:244] Automatically detected platform rocm.
No masking
[0;31mE20250901 21:16:39.275589 140116623402752 output_stream.cpp:105] Opened result file: ./profiles/standalone_attn_prefill_and_decode_tp8_prefill_then_decode4_256_64_256nan_kernel_trace.csv
[m[0;31mE20250901 21:16:39.281661 140116623402752 output_stream.cpp:105] Opened result file: ./profiles/standalone_attn_prefill_and_decode_tp8_prefill_then_decode4_256_64_256nan_agent_info.csv
[m# ---- Run standalone_attn_prefill_and_decode_tp8_prefill_then_decode4_256_64_512nan ----
INFO 09-01 21:16:53 [__init__.py:244] Automatically detected platform rocm.
No masking
[0;31mE20250901 21:17:10.584989 140308234753792 output_stream.cpp:105] Opened result file: ./profiles/standalone_attn_prefill_and_decode_tp8_prefill_then_decode4_256_64_512nan_kernel_trace.csv
[m[0;31mE20250901 21:17:10.591568 140308234753792 output_stream.cpp:105] Opened result file: ./profiles/standalone_attn_prefill_and_decode_tp8_prefill_then_decode4_256_64_512nan_agent_info.csv
[m# ---- Run standalone_attn_prefill_and_decode_tp8_prefill_then_decode4_256_64_1024nan ----
INFO 09-01 21:17:24 [__init__.py:244] Automatically detected platform rocm.
No masking
[0;31mE20250901 21:17:42.324180 140581844043520 output_stream.cpp:105] Opened result file: ./profiles/standalone_attn_prefill_and_decode_tp8_prefill_then_decode4_256_64_1024nan_kernel_trace.csv
[m[0;31mE20250901 21:17:42.331157 140581844043520 output_stream.cpp:105] Opened result file: ./profiles/standalone_attn_prefill_and_decode_tp8_prefill_then_decode4_256_64_1024nan_agent_info.csv
[m# ---- Run standalone_attn_prefill_and_decode_tp8_prefill_then_decode4_256_64_2048nan ----
INFO 09-01 21:17:56 [__init__.py:244] Automatically detected platform rocm.
No masking
[0;31mE20250901 21:18:12.221533 140583162164992 output_stream.cpp:105] Opened result file: ./profiles/standalone_attn_prefill_and_decode_tp8_prefill_then_decode4_256_64_2048nan_kernel_trace.csv
[m[0;31mE20250901 21:18:12.228282 140583162164992 output_stream.cpp:105] Opened result file: ./profiles/standalone_attn_prefill_and_decode_tp8_prefill_then_decode4_256_64_2048nan_agent_info.csv
[m# ---- Run standalone_attn_prefill_and_decode_tp8_prefill_then_decode4_256_64_4096nan ----
INFO 09-01 21:18:25 [__init__.py:244] Automatically detected platform rocm.
No masking
[0;31mE20250901 21:18:41.308535 139809686599424 output_stream.cpp:105] Opened result file: ./profiles/standalone_attn_prefill_and_decode_tp8_prefill_then_decode4_256_64_4096nan_kernel_trace.csv
[m[0;31mE20250901 21:18:41.315185 139809686599424 output_stream.cpp:105] Opened result file: ./profiles/standalone_attn_prefill_and_decode_tp8_prefill_then_decode4_256_64_4096nan_agent_info.csv
[m# ---- Run standalone_attn_prefill_and_decode_tp8_prefill_then_decode4_256_64_8192nan ----
INFO 09-01 21:18:55 [__init__.py:244] Automatically detected platform rocm.
No masking
[0;31mE20250901 21:19:10.513066 140040592107264 output_stream.cpp:105] Opened result file: ./profiles/standalone_attn_prefill_and_decode_tp8_prefill_then_decode4_256_64_8192nan_kernel_trace.csv
[m[0;31mE20250901 21:19:10.519847 140040592107264 output_stream.cpp:105] Opened result file: ./profiles/standalone_attn_prefill_and_decode_tp8_prefill_then_decode4_256_64_8192nan_agent_info.csv
[m# ---- Run standalone_attn_prefill_and_decode_tp8_prefill_then_decode4_256_128_256nan ----
INFO 09-01 21:19:24 [__init__.py:244] Automatically detected platform rocm.
No masking
[0;31mE20250901 21:19:39.522088 139934550091520 output_stream.cpp:105] Opened result file: ./profiles/standalone_attn_prefill_and_decode_tp8_prefill_then_decode4_256_128_256nan_kernel_trace.csv
[m[0;31mE20250901 21:19:39.528933 139934550091520 output_stream.cpp:105] Opened result file: ./profiles/standalone_attn_prefill_and_decode_tp8_prefill_then_decode4_256_128_256nan_agent_info.csv
[m# ---- Run standalone_attn_prefill_and_decode_tp8_prefill_then_decode4_256_128_512nan ----
INFO 09-01 21:19:53 [__init__.py:244] Automatically detected platform rocm.
No masking
[0;31mE20250901 21:20:08.501633 140128253003520 output_stream.cpp:105] Opened result file: ./profiles/standalone_attn_prefill_and_decode_tp8_prefill_then_decode4_256_128_512nan_kernel_trace.csv
[m[0;31mE20250901 21:20:08.508551 140128253003520 output_stream.cpp:105] Opened result file: ./profiles/standalone_attn_prefill_and_decode_tp8_prefill_then_decode4_256_128_512nan_agent_info.csv
[m# ---- Run standalone_attn_prefill_and_decode_tp8_prefill_then_decode4_256_128_1024nan ----
INFO 09-01 21:20:22 [__init__.py:244] Automatically detected platform rocm.
No masking
[0;31mE20250901 21:20:36.847844 140422918768384 output_stream.cpp:105] Opened result file: ./profiles/standalone_attn_prefill_and_decode_tp8_prefill_then_decode4_256_128_1024nan_kernel_trace.csv
[m[0;31mE20250901 21:20:36.854550 140422918768384 output_stream.cpp:105] Opened result file: ./profiles/standalone_attn_prefill_and_decode_tp8_prefill_then_decode4_256_128_1024nan_agent_info.csv
[m# ---- Run standalone_attn_prefill_and_decode_tp8_prefill_then_decode4_256_128_2048nan ----
INFO 09-01 21:20:50 [__init__.py:244] Automatically detected platform rocm.
No masking
[0;31mE20250901 21:21:04.861580 139972667541248 output_stream.cpp:105] Opened result file: ./profiles/standalone_attn_prefill_and_decode_tp8_prefill_then_decode4_256_128_2048nan_kernel_trace.csv
[m[0;31mE20250901 21:21:04.868415 139972667541248 output_stream.cpp:105] Opened result file: ./profiles/standalone_attn_prefill_and_decode_tp8_prefill_then_decode4_256_128_2048nan_agent_info.csv
[m# ---- Run standalone_attn_prefill_and_decode_tp8_prefill_then_decode4_256_128_4096nan ----
INFO 09-01 21:21:18 [__init__.py:244] Automatically detected platform rocm.
No masking
[0;31mE20250901 21:21:33.711222 140452760336128 output_stream.cpp:105] Opened result file: ./profiles/standalone_attn_prefill_and_decode_tp8_prefill_then_decode4_256_128_4096nan_kernel_trace.csv
[m[0;31mE20250901 21:21:33.717936 140452760336128 output_stream.cpp:105] Opened result file: ./profiles/standalone_attn_prefill_and_decode_tp8_prefill_then_decode4_256_128_4096nan_agent_info.csv
[m# ---- Run standalone_attn_prefill_and_decode_tp8_prefill_then_decode4_256_128_8192nan ----
INFO 09-01 21:21:48 [__init__.py:244] Automatically detected platform rocm.
No masking
[0;31mE20250901 21:22:03.169234 139911162660608 output_stream.cpp:105] Opened result file: ./profiles/standalone_attn_prefill_and_decode_tp8_prefill_then_decode4_256_128_8192nan_kernel_trace.csv
[m[0;31mE20250901 21:22:03.176012 139911162660608 output_stream.cpp:105] Opened result file: ./profiles/standalone_attn_prefill_and_decode_tp8_prefill_then_decode4_256_128_8192nan_agent_info.csv
[m# ---- Run standalone_attn_prefill_and_decode_tp8_prefill_then_decode4_512_1_256nan ----
INFO 09-01 21:22:17 [__init__.py:244] Automatically detected platform rocm.
No masking
[0;31mE20250901 21:22:32.502118 140710598207232 output_stream.cpp:105] Opened result file: ./profiles/standalone_attn_prefill_and_decode_tp8_prefill_then_decode4_512_1_256nan_kernel_trace.csv
[m[0;31mE20250901 21:22:32.508834 140710598207232 output_stream.cpp:105] Opened result file: ./profiles/standalone_attn_prefill_and_decode_tp8_prefill_then_decode4_512_1_256nan_agent_info.csv
[m# ---- Run standalone_attn_prefill_and_decode_tp8_prefill_then_decode4_512_1_512nan ----
INFO 09-01 21:22:46 [__init__.py:244] Automatically detected platform rocm.
No masking
[0;31mE20250901 21:23:01.207513 140339845793536 output_stream.cpp:105] Opened result file: ./profiles/standalone_attn_prefill_and_decode_tp8_prefill_then_decode4_512_1_512nan_kernel_trace.csv
[m[0;31mE20250901 21:23:01.214034 140339845793536 output_stream.cpp:105] Opened result file: ./profiles/standalone_attn_prefill_and_decode_tp8_prefill_then_decode4_512_1_512nan_agent_info.csv
[m# ---- Run standalone_attn_prefill_and_decode_tp8_prefill_then_decode4_512_1_1024nan ----
INFO 09-01 21:23:14 [__init__.py:244] Automatically detected platform rocm.
No masking
[0;31mE20250901 21:23:29.761551 140541867693824 output_stream.cpp:105] Opened result file: ./profiles/standalone_attn_prefill_and_decode_tp8_prefill_then_decode4_512_1_1024nan_kernel_trace.csv
[m[0;31mE20250901 21:23:29.768408 140541867693824 output_stream.cpp:105] Opened result file: ./profiles/standalone_attn_prefill_and_decode_tp8_prefill_then_decode4_512_1_1024nan_agent_info.csv
[m# ---- Run standalone_attn_prefill_and_decode_tp8_prefill_then_decode4_512_1_2048nan ----
INFO 09-01 21:23:43 [__init__.py:244] Automatically detected platform rocm.
No masking
[0;31mE20250901 21:23:58.779281 140069609875200 output_stream.cpp:105] Opened result file: ./profiles/standalone_attn_prefill_and_decode_tp8_prefill_then_decode4_512_1_2048nan_kernel_trace.csv
[m[0;31mE20250901 21:23:58.786247 140069609875200 output_stream.cpp:105] Opened result file: ./profiles/standalone_attn_prefill_and_decode_tp8_prefill_then_decode4_512_1_2048nan_agent_info.csv
[m# ---- Run standalone_attn_prefill_and_decode_tp8_prefill_then_decode4_512_1_4096nan ----
INFO 09-01 21:24:13 [__init__.py:244] Automatically detected platform rocm.
No masking
[0;31mE20250901 21:24:28.232602 140627026892544 output_stream.cpp:105] Opened result file: ./profiles/standalone_attn_prefill_and_decode_tp8_prefill_then_decode4_512_1_4096nan_kernel_trace.csv
[m[0;31mE20250901 21:24:28.239445 140627026892544 output_stream.cpp:105] Opened result file: ./profiles/standalone_attn_prefill_and_decode_tp8_prefill_then_decode4_512_1_4096nan_agent_info.csv
[m# ---- Run standalone_attn_prefill_and_decode_tp8_prefill_then_decode4_512_1_8192nan ----
INFO 09-01 21:24:42 [__init__.py:244] Automatically detected platform rocm.
No masking
[0;31mE20250901 21:24:57.365345 140171584792320 output_stream.cpp:105] Opened result file: ./profiles/standalone_attn_prefill_and_decode_tp8_prefill_then_decode4_512_1_8192nan_kernel_trace.csv
[m[0;31mE20250901 21:24:57.372281 140171584792320 output_stream.cpp:105] Opened result file: ./profiles/standalone_attn_prefill_and_decode_tp8_prefill_then_decode4_512_1_8192nan_agent_info.csv
[m# ---- Run standalone_attn_prefill_and_decode_tp8_prefill_then_decode4_512_2_256nan ----
INFO 09-01 21:25:11 [__init__.py:244] Automatically detected platform rocm.
No masking
[0;31mE20250901 21:25:26.684857 140662975284992 output_stream.cpp:105] Opened result file: ./profiles/standalone_attn_prefill_and_decode_tp8_prefill_then_decode4_512_2_256nan_kernel_trace.csv
[m[0;31mE20250901 21:25:26.691870 140662975284992 output_stream.cpp:105] Opened result file: ./profiles/standalone_attn_prefill_and_decode_tp8_prefill_then_decode4_512_2_256nan_agent_info.csv
[m# ---- Run standalone_attn_prefill_and_decode_tp8_prefill_then_decode4_512_2_512nan ----
INFO 09-01 21:25:40 [__init__.py:244] Automatically detected platform rocm.
No masking
[0;31mE20250901 21:25:55.651371 140164273440512 output_stream.cpp:105] Opened result file: ./profiles/standalone_attn_prefill_and_decode_tp8_prefill_then_decode4_512_2_512nan_kernel_trace.csv
[m[0;31mE20250901 21:25:55.657518 140164273440512 output_stream.cpp:105] Opened result file: ./profiles/standalone_attn_prefill_and_decode_tp8_prefill_then_decode4_512_2_512nan_agent_info.csv
[m# ---- Run standalone_attn_prefill_and_decode_tp8_prefill_then_decode4_512_2_1024nan ----
INFO 09-01 21:26:09 [__init__.py:244] Automatically detected platform rocm.
No masking
[0;31mE20250901 21:26:24.783330 139934020527872 output_stream.cpp:105] Opened result file: ./profiles/standalone_attn_prefill_and_decode_tp8_prefill_then_decode4_512_2_1024nan_kernel_trace.csv
[m[0;31mE20250901 21:26:24.789569 139934020527872 output_stream.cpp:105] Opened result file: ./profiles/standalone_attn_prefill_and_decode_tp8_prefill_then_decode4_512_2_1024nan_agent_info.csv
[m# ---- Run standalone_attn_prefill_and_decode_tp8_prefill_then_decode4_512_2_2048nan ----
INFO 09-01 21:26:38 [__init__.py:244] Automatically detected platform rocm.
No masking
[0;31mE20250901 21:26:53.495974 140532332128000 output_stream.cpp:105] Opened result file: ./profiles/standalone_attn_prefill_and_decode_tp8_prefill_then_decode4_512_2_2048nan_kernel_trace.csv
[m[0;31mE20250901 21:26:53.501974 140532332128000 output_stream.cpp:105] Opened result file: ./profiles/standalone_attn_prefill_and_decode_tp8_prefill_then_decode4_512_2_2048nan_agent_info.csv
[m# ---- Run standalone_attn_prefill_and_decode_tp8_prefill_then_decode4_512_2_4096nan ----
INFO 09-01 21:27:07 [__init__.py:244] Automatically detected platform rocm.
No masking
[0;31mE20250901 21:27:22.632101 139846209238784 output_stream.cpp:105] Opened result file: ./profiles/standalone_attn_prefill_and_decode_tp8_prefill_then_decode4_512_2_4096nan_kernel_trace.csv
[m[0;31mE20250901 21:27:22.638427 139846209238784 output_stream.cpp:105] Opened result file: ./profiles/standalone_attn_prefill_and_decode_tp8_prefill_then_decode4_512_2_4096nan_agent_info.csv
[m# ---- Run standalone_attn_prefill_and_decode_tp8_prefill_then_decode4_512_2_8192nan ----
INFO 09-01 21:27:36 [__init__.py:244] Automatically detected platform rocm.
No masking
[0;31mE20250901 21:27:51.597505 139769799640832 output_stream.cpp:105] Opened result file: ./profiles/standalone_attn_prefill_and_decode_tp8_prefill_then_decode4_512_2_8192nan_kernel_trace.csv
[m[0;31mE20250901 21:27:51.603729 139769799640832 output_stream.cpp:105] Opened result file: ./profiles/standalone_attn_prefill_and_decode_tp8_prefill_then_decode4_512_2_8192nan_agent_info.csv
[m# ---- Run standalone_attn_prefill_and_decode_tp8_prefill_then_decode4_512_4_256nan ----
INFO 09-01 21:28:05 [__init__.py:244] Automatically detected platform rocm.
No masking
[0;31mE20250901 21:28:21.021592 140481595180800 output_stream.cpp:105] Opened result file: ./profiles/standalone_attn_prefill_and_decode_tp8_prefill_then_decode4_512_4_256nan_kernel_trace.csv
[m[0;31mE20250901 21:28:21.027595 140481595180800 output_stream.cpp:105] Opened result file: ./profiles/standalone_attn_prefill_and_decode_tp8_prefill_then_decode4_512_4_256nan_agent_info.csv
[m# ---- Run standalone_attn_prefill_and_decode_tp8_prefill_then_decode4_512_4_512nan ----
INFO 09-01 21:28:34 [__init__.py:244] Automatically detected platform rocm.
No masking
[0;31mE20250901 21:28:49.643699 140141903423232 output_stream.cpp:105] Opened result file: ./profiles/standalone_attn_prefill_and_decode_tp8_prefill_then_decode4_512_4_512nan_kernel_trace.csv
[m[0;31mE20250901 21:28:49.649968 140141903423232 output_stream.cpp:105] Opened result file: ./profiles/standalone_attn_prefill_and_decode_tp8_prefill_then_decode4_512_4_512nan_agent_info.csv
[m# ---- Run standalone_attn_prefill_and_decode_tp8_prefill_then_decode4_512_4_1024nan ----
INFO 09-01 21:29:03 [__init__.py:244] Automatically detected platform rocm.
No masking
[0;31mE20250901 21:29:18.999422 140216492066560 output_stream.cpp:105] Opened result file: ./profiles/standalone_attn_prefill_and_decode_tp8_prefill_then_decode4_512_4_1024nan_kernel_trace.csv
[m[0;31mE20250901 21:29:19.005705 140216492066560 output_stream.cpp:105] Opened result file: ./profiles/standalone_attn_prefill_and_decode_tp8_prefill_then_decode4_512_4_1024nan_agent_info.csv
[m# ---- Run standalone_attn_prefill_and_decode_tp8_prefill_then_decode4_512_4_2048nan ----
INFO 09-01 21:29:32 [__init__.py:244] Automatically detected platform rocm.
No masking
[0;31mE20250901 21:29:47.907184 140712051746560 output_stream.cpp:105] Opened result file: ./profiles/standalone_attn_prefill_and_decode_tp8_prefill_then_decode4_512_4_2048nan_kernel_trace.csv
[m[0;31mE20250901 21:29:47.913611 140712051746560 output_stream.cpp:105] Opened result file: ./profiles/standalone_attn_prefill_and_decode_tp8_prefill_then_decode4_512_4_2048nan_agent_info.csv
[m# ---- Run standalone_attn_prefill_and_decode_tp8_prefill_then_decode4_512_4_4096nan ----
INFO 09-01 21:30:01 [__init__.py:244] Automatically detected platform rocm.
No masking
[0;31mE20250901 21:30:16.632476 140151421495040 output_stream.cpp:105] Opened result file: ./profiles/standalone_attn_prefill_and_decode_tp8_prefill_then_decode4_512_4_4096nan_kernel_trace.csv
[m[0;31mE20250901 21:30:16.638924 140151421495040 output_stream.cpp:105] Opened result file: ./profiles/standalone_attn_prefill_and_decode_tp8_prefill_then_decode4_512_4_4096nan_agent_info.csv
[m# ---- Run standalone_attn_prefill_and_decode_tp8_prefill_then_decode4_512_4_8192nan ----
INFO 09-01 21:30:30 [__init__.py:244] Automatically detected platform rocm.
No masking
[0;31mE20250901 21:30:45.682806 139656465463040 output_stream.cpp:105] Opened result file: ./profiles/standalone_attn_prefill_and_decode_tp8_prefill_then_decode4_512_4_8192nan_kernel_trace.csv
[m[0;31mE20250901 21:30:45.689070 139656465463040 output_stream.cpp:105] Opened result file: ./profiles/standalone_attn_prefill_and_decode_tp8_prefill_then_decode4_512_4_8192nan_agent_info.csv
[m# ---- Run standalone_attn_prefill_and_decode_tp8_prefill_then_decode4_512_8_256nan ----
INFO 09-01 21:30:59 [__init__.py:244] Automatically detected platform rocm.
No masking
[0;31mE20250901 21:31:14.312710 140303061280512 output_stream.cpp:105] Opened result file: ./profiles/standalone_attn_prefill_and_decode_tp8_prefill_then_decode4_512_8_256nan_kernel_trace.csv
[m[0;31mE20250901 21:31:14.319010 140303061280512 output_stream.cpp:105] Opened result file: ./profiles/standalone_attn_prefill_and_decode_tp8_prefill_then_decode4_512_8_256nan_agent_info.csv
[m# ---- Run standalone_attn_prefill_and_decode_tp8_prefill_then_decode4_512_8_512nan ----
INFO 09-01 21:31:27 [__init__.py:244] Automatically detected platform rocm.
No masking
[0;31mE20250901 21:31:42.875834 140332924712704 output_stream.cpp:105] Opened result file: ./profiles/standalone_attn_prefill_and_decode_tp8_prefill_then_decode4_512_8_512nan_kernel_trace.csv
[m[0;31mE20250901 21:31:42.881989 140332924712704 output_stream.cpp:105] Opened result file: ./profiles/standalone_attn_prefill_and_decode_tp8_prefill_then_decode4_512_8_512nan_agent_info.csv
[m# ---- Run standalone_attn_prefill_and_decode_tp8_prefill_then_decode4_512_8_1024nan ----
INFO 09-01 21:31:56 [__init__.py:244] Automatically detected platform rocm.
No masking
[0;31mE20250901 21:32:11.635442 140006813411072 output_stream.cpp:105] Opened result file: ./profiles/standalone_attn_prefill_and_decode_tp8_prefill_then_decode4_512_8_1024nan_kernel_trace.csv
[m[0;31mE20250901 21:32:11.641619 140006813411072 output_stream.cpp:105] Opened result file: ./profiles/standalone_attn_prefill_and_decode_tp8_prefill_then_decode4_512_8_1024nan_agent_info.csv
[m# ---- Run standalone_attn_prefill_and_decode_tp8_prefill_then_decode4_512_8_2048nan ----
INFO 09-01 21:32:24 [__init__.py:244] Automatically detected platform rocm.
No masking
[0;31mE20250901 21:32:40.295651 140391553025792 output_stream.cpp:105] Opened result file: ./profiles/standalone_attn_prefill_and_decode_tp8_prefill_then_decode4_512_8_2048nan_kernel_trace.csv
[m[0;31mE20250901 21:32:40.302396 140391553025792 output_stream.cpp:105] Opened result file: ./profiles/standalone_attn_prefill_and_decode_tp8_prefill_then_decode4_512_8_2048nan_agent_info.csv
[m# ---- Run standalone_attn_prefill_and_decode_tp8_prefill_then_decode4_512_8_4096nan ----
INFO 09-01 21:32:54 [__init__.py:244] Automatically detected platform rocm.
No masking
[0;31mE20250901 21:33:09.613079 140361126536960 output_stream.cpp:105] Opened result file: ./profiles/standalone_attn_prefill_and_decode_tp8_prefill_then_decode4_512_8_4096nan_kernel_trace.csv
[m[0;31mE20250901 21:33:09.619146 140361126536960 output_stream.cpp:105] Opened result file: ./profiles/standalone_attn_prefill_and_decode_tp8_prefill_then_decode4_512_8_4096nan_agent_info.csv
[m# ---- Run standalone_attn_prefill_and_decode_tp8_prefill_then_decode4_512_8_8192nan ----
INFO 09-01 21:33:23 [__init__.py:244] Automatically detected platform rocm.
No masking
[0;31mE20250901 21:33:39.270553 140005202597632 output_stream.cpp:105] Opened result file: ./profiles/standalone_attn_prefill_and_decode_tp8_prefill_then_decode4_512_8_8192nan_kernel_trace.csv
[m[0;31mE20250901 21:33:39.276702 140005202597632 output_stream.cpp:105] Opened result file: ./profiles/standalone_attn_prefill_and_decode_tp8_prefill_then_decode4_512_8_8192nan_agent_info.csv
[m# ---- Run standalone_attn_prefill_and_decode_tp8_prefill_then_decode4_512_16_256nan ----
INFO 09-01 21:33:53 [__init__.py:244] Automatically detected platform rocm.
No masking
[0;31mE20250901 21:34:08.531458 140116173633280 output_stream.cpp:105] Opened result file: ./profiles/standalone_attn_prefill_and_decode_tp8_prefill_then_decode4_512_16_256nan_kernel_trace.csv
[m[0;31mE20250901 21:34:08.537902 140116173633280 output_stream.cpp:105] Opened result file: ./profiles/standalone_attn_prefill_and_decode_tp8_prefill_then_decode4_512_16_256nan_agent_info.csv
[m# ---- Run standalone_attn_prefill_and_decode_tp8_prefill_then_decode4_512_16_512nan ----
INFO 09-01 21:34:22 [__init__.py:244] Automatically detected platform rocm.
No masking
[0;31mE20250901 21:34:37.608453 140587704186624 output_stream.cpp:105] Opened result file: ./profiles/standalone_attn_prefill_and_decode_tp8_prefill_then_decode4_512_16_512nan_kernel_trace.csv
[m[0;31mE20250901 21:34:37.614355 140587704186624 output_stream.cpp:105] Opened result file: ./profiles/standalone_attn_prefill_and_decode_tp8_prefill_then_decode4_512_16_512nan_agent_info.csv
[m# ---- Run standalone_attn_prefill_and_decode_tp8_prefill_then_decode4_512_16_1024nan ----
INFO 09-01 21:34:51 [__init__.py:244] Automatically detected platform rocm.
No masking
[0;31mE20250901 21:35:06.243604 139787818034944 output_stream.cpp:105] Opened result file: ./profiles/standalone_attn_prefill_and_decode_tp8_prefill_then_decode4_512_16_1024nan_kernel_trace.csv
[m[0;31mE20250901 21:35:06.250285 139787818034944 output_stream.cpp:105] Opened result file: ./profiles/standalone_attn_prefill_and_decode_tp8_prefill_then_decode4_512_16_1024nan_agent_info.csv
[m# ---- Run standalone_attn_prefill_and_decode_tp8_prefill_then_decode4_512_16_2048nan ----
INFO 09-01 21:35:19 [__init__.py:244] Automatically detected platform rocm.
No masking
[0;31mE20250901 21:35:34.579637 139837079303936 output_stream.cpp:105] Opened result file: ./profiles/standalone_attn_prefill_and_decode_tp8_prefill_then_decode4_512_16_2048nan_kernel_trace.csv
[m[0;31mE20250901 21:35:34.585864 139837079303936 output_stream.cpp:105] Opened result file: ./profiles/standalone_attn_prefill_and_decode_tp8_prefill_then_decode4_512_16_2048nan_agent_info.csv
[m# ---- Run standalone_attn_prefill_and_decode_tp8_prefill_then_decode4_512_16_4096nan ----
INFO 09-01 21:35:47 [__init__.py:244] Automatically detected platform rocm.
No masking
[0;31mE20250901 21:36:03.330075 140561109231360 output_stream.cpp:105] Opened result file: ./profiles/standalone_attn_prefill_and_decode_tp8_prefill_then_decode4_512_16_4096nan_kernel_trace.csv
[m[0;31mE20250901 21:36:03.336800 140561109231360 output_stream.cpp:105] Opened result file: ./profiles/standalone_attn_prefill_and_decode_tp8_prefill_then_decode4_512_16_4096nan_agent_info.csv
[m# ---- Run standalone_attn_prefill_and_decode_tp8_prefill_then_decode4_512_16_8192nan ----
INFO 09-01 21:36:17 [__init__.py:244] Automatically detected platform rocm.
No masking
[0;31mE20250901 21:36:32.537106 139896623740672 output_stream.cpp:105] Opened result file: ./profiles/standalone_attn_prefill_and_decode_tp8_prefill_then_decode4_512_16_8192nan_kernel_trace.csv
[m[0;31mE20250901 21:36:32.543985 139896623740672 output_stream.cpp:105] Opened result file: ./profiles/standalone_attn_prefill_and_decode_tp8_prefill_then_decode4_512_16_8192nan_agent_info.csv
[m# ---- Run standalone_attn_prefill_and_decode_tp8_prefill_then_decode4_512_32_256nan ----
INFO 09-01 21:36:46 [__init__.py:244] Automatically detected platform rocm.
No masking
[0;31mE20250901 21:37:01.495811 139715760748288 output_stream.cpp:105] Opened result file: ./profiles/standalone_attn_prefill_and_decode_tp8_prefill_then_decode4_512_32_256nan_kernel_trace.csv
[m[0;31mE20250901 21:37:01.502590 139715760748288 output_stream.cpp:105] Opened result file: ./profiles/standalone_attn_prefill_and_decode_tp8_prefill_then_decode4_512_32_256nan_agent_info.csv
[m# ---- Run standalone_attn_prefill_and_decode_tp8_prefill_then_decode4_512_32_512nan ----
INFO 09-01 21:37:14 [__init__.py:244] Automatically detected platform rocm.
No masking
[0;31mE20250901 21:37:30.346584 140249357633280 output_stream.cpp:105] Opened result file: ./profiles/standalone_attn_prefill_and_decode_tp8_prefill_then_decode4_512_32_512nan_kernel_trace.csv
[m[0;31mE20250901 21:37:30.352912 140249357633280 output_stream.cpp:105] Opened result file: ./profiles/standalone_attn_prefill_and_decode_tp8_prefill_then_decode4_512_32_512nan_agent_info.csv
[m# ---- Run standalone_attn_prefill_and_decode_tp8_prefill_then_decode4_512_32_1024nan ----
INFO 09-01 21:37:43 [__init__.py:244] Automatically detected platform rocm.
No masking
[0;31mE20250901 21:37:59.346141 139998668941056 output_stream.cpp:105] Opened result file: ./profiles/standalone_attn_prefill_and_decode_tp8_prefill_then_decode4_512_32_1024nan_kernel_trace.csv
[m[0;31mE20250901 21:37:59.352489 139998668941056 output_stream.cpp:105] Opened result file: ./profiles/standalone_attn_prefill_and_decode_tp8_prefill_then_decode4_512_32_1024nan_agent_info.csv
[m# ---- Run standalone_attn_prefill_and_decode_tp8_prefill_then_decode4_512_32_2048nan ----
INFO 09-01 21:38:12 [__init__.py:244] Automatically detected platform rocm.
No masking
[0;31mE20250901 21:38:28.162952 140632354440960 output_stream.cpp:105] Opened result file: ./profiles/standalone_attn_prefill_and_decode_tp8_prefill_then_decode4_512_32_2048nan_kernel_trace.csv
[m[0;31mE20250901 21:38:28.168854 140632354440960 output_stream.cpp:105] Opened result file: ./profiles/standalone_attn_prefill_and_decode_tp8_prefill_then_decode4_512_32_2048nan_agent_info.csv
[m# ---- Run standalone_attn_prefill_and_decode_tp8_prefill_then_decode4_512_32_4096nan ----
INFO 09-01 21:38:41 [__init__.py:244] Automatically detected platform rocm.
No masking
[0;31mE20250901 21:38:56.975331 140232631949056 output_stream.cpp:105] Opened result file: ./profiles/standalone_attn_prefill_and_decode_tp8_prefill_then_decode4_512_32_4096nan_kernel_trace.csv
[m[0;31mE20250901 21:38:56.982133 140232631949056 output_stream.cpp:105] Opened result file: ./profiles/standalone_attn_prefill_and_decode_tp8_prefill_then_decode4_512_32_4096nan_agent_info.csv
[m# ---- Run standalone_attn_prefill_and_decode_tp8_prefill_then_decode4_512_32_8192nan ----
INFO 09-01 21:39:10 [__init__.py:244] Automatically detected platform rocm.
No masking
[0;31mE20250901 21:39:26.081070 139773118121728 output_stream.cpp:105] Opened result file: ./profiles/standalone_attn_prefill_and_decode_tp8_prefill_then_decode4_512_32_8192nan_kernel_trace.csv
[m[0;31mE20250901 21:39:26.087932 139773118121728 output_stream.cpp:105] Opened result file: ./profiles/standalone_attn_prefill_and_decode_tp8_prefill_then_decode4_512_32_8192nan_agent_info.csv
[m# ---- Run standalone_attn_prefill_and_decode_tp8_prefill_then_decode4_512_64_256nan ----
INFO 09-01 21:39:40 [__init__.py:244] Automatically detected platform rocm.
No masking
[0;31mE20250901 21:39:55.333714 139751560595200 output_stream.cpp:105] Opened result file: ./profiles/standalone_attn_prefill_and_decode_tp8_prefill_then_decode4_512_64_256nan_kernel_trace.csv
[m[0;31mE20250901 21:39:55.339955 139751560595200 output_stream.cpp:105] Opened result file: ./profiles/standalone_attn_prefill_and_decode_tp8_prefill_then_decode4_512_64_256nan_agent_info.csv
[m# ---- Run standalone_attn_prefill_and_decode_tp8_prefill_then_decode4_512_64_512nan ----
INFO 09-01 21:40:08 [__init__.py:244] Automatically detected platform rocm.
No masking
[0;31mE20250901 21:40:24.412512 140414358972160 output_stream.cpp:105] Opened result file: ./profiles/standalone_attn_prefill_and_decode_tp8_prefill_then_decode4_512_64_512nan_kernel_trace.csv
[m[0;31mE20250901 21:40:24.418920 140414358972160 output_stream.cpp:105] Opened result file: ./profiles/standalone_attn_prefill_and_decode_tp8_prefill_then_decode4_512_64_512nan_agent_info.csv
[m# ---- Run standalone_attn_prefill_and_decode_tp8_prefill_then_decode4_512_64_1024nan ----
INFO 09-01 21:40:38 [__init__.py:244] Automatically detected platform rocm.
No masking
[0;31mE20250901 21:40:53.586759 139712077125376 output_stream.cpp:105] Opened result file: ./profiles/standalone_attn_prefill_and_decode_tp8_prefill_then_decode4_512_64_1024nan_kernel_trace.csv
[m[0;31mE20250901 21:40:53.593203 139712077125376 output_stream.cpp:105] Opened result file: ./profiles/standalone_attn_prefill_and_decode_tp8_prefill_then_decode4_512_64_1024nan_agent_info.csv
[m# ---- Run standalone_attn_prefill_and_decode_tp8_prefill_then_decode4_512_64_2048nan ----
INFO 09-01 21:41:07 [__init__.py:244] Automatically detected platform rocm.
No masking
[0;31mE20250901 21:41:23.101677 140070986336000 output_stream.cpp:105] Opened result file: ./profiles/standalone_attn_prefill_and_decode_tp8_prefill_then_decode4_512_64_2048nan_kernel_trace.csv
[m[0;31mE20250901 21:41:23.107992 140070986336000 output_stream.cpp:105] Opened result file: ./profiles/standalone_attn_prefill_and_decode_tp8_prefill_then_decode4_512_64_2048nan_agent_info.csv
[m# ---- Run standalone_attn_prefill_and_decode_tp8_prefill_then_decode4_512_64_4096nan ----
INFO 09-01 21:41:36 [__init__.py:244] Automatically detected platform rocm.
No masking
[0;31mE20250901 21:41:51.931165 139675053180672 output_stream.cpp:105] Opened result file: ./profiles/standalone_attn_prefill_and_decode_tp8_prefill_then_decode4_512_64_4096nan_kernel_trace.csv
[m[0;31mE20250901 21:41:51.937519 139675053180672 output_stream.cpp:105] Opened result file: ./profiles/standalone_attn_prefill_and_decode_tp8_prefill_then_decode4_512_64_4096nan_agent_info.csv
[m# ---- Run standalone_attn_prefill_and_decode_tp8_prefill_then_decode4_512_64_8192nan ----
INFO 09-01 21:42:05 [__init__.py:244] Automatically detected platform rocm.
No masking
[0;31mE20250901 21:42:20.457322 140424689481472 output_stream.cpp:105] Opened result file: ./profiles/standalone_attn_prefill_and_decode_tp8_prefill_then_decode4_512_64_8192nan_kernel_trace.csv
[m[0;31mE20250901 21:42:20.463646 140424689481472 output_stream.cpp:105] Opened result file: ./profiles/standalone_attn_prefill_and_decode_tp8_prefill_then_decode4_512_64_8192nan_agent_info.csv
[m# ---- Run standalone_attn_prefill_and_decode_tp8_prefill_then_decode4_512_128_256nan ----
INFO 09-01 21:42:34 [__init__.py:244] Automatically detected platform rocm.
No masking
[0;31mE20250901 21:42:48.794098 140365424834304 output_stream.cpp:105] Opened result file: ./profiles/standalone_attn_prefill_and_decode_tp8_prefill_then_decode4_512_128_256nan_kernel_trace.csv
[m[0;31mE20250901 21:42:48.800149 140365424834304 output_stream.cpp:105] Opened result file: ./profiles/standalone_attn_prefill_and_decode_tp8_prefill_then_decode4_512_128_256nan_agent_info.csv
[m# ---- Run standalone_attn_prefill_and_decode_tp8_prefill_then_decode4_512_128_512nan ----
INFO 09-01 21:43:02 [__init__.py:244] Automatically detected platform rocm.
No masking
[0;31mE20250901 21:43:17.422299 140238354228992 output_stream.cpp:105] Opened result file: ./profiles/standalone_attn_prefill_and_decode_tp8_prefill_then_decode4_512_128_512nan_kernel_trace.csv
[m[0;31mE20250901 21:43:17.428355 140238354228992 output_stream.cpp:105] Opened result file: ./profiles/standalone_attn_prefill_and_decode_tp8_prefill_then_decode4_512_128_512nan_agent_info.csv
[m# ---- Run standalone_attn_prefill_and_decode_tp8_prefill_then_decode4_512_128_1024nan ----
INFO 09-01 21:43:31 [__init__.py:244] Automatically detected platform rocm.
No masking
[0;31mE20250901 21:43:45.900756 139661035738880 output_stream.cpp:105] Opened result file: ./profiles/standalone_attn_prefill_and_decode_tp8_prefill_then_decode4_512_128_1024nan_kernel_trace.csv
[m[0;31mE20250901 21:43:45.906641 139661035738880 output_stream.cpp:105] Opened result file: ./profiles/standalone_attn_prefill_and_decode_tp8_prefill_then_decode4_512_128_1024nan_agent_info.csv
[m# ---- Run standalone_attn_prefill_and_decode_tp8_prefill_then_decode4_512_128_2048nan ----
INFO 09-01 21:43:59 [__init__.py:244] Automatically detected platform rocm.
No masking
[0;31mE20250901 21:44:14.046130 140013807769344 output_stream.cpp:105] Opened result file: ./profiles/standalone_attn_prefill_and_decode_tp8_prefill_then_decode4_512_128_2048nan_kernel_trace.csv
[m[0;31mE20250901 21:44:14.052162 140013807769344 output_stream.cpp:105] Opened result file: ./profiles/standalone_attn_prefill_and_decode_tp8_prefill_then_decode4_512_128_2048nan_agent_info.csv
[m# ---- Run standalone_attn_prefill_and_decode_tp8_prefill_then_decode4_512_128_4096nan ----
INFO 09-01 21:44:27 [__init__.py:244] Automatically detected platform rocm.
No masking
[0;31mE20250901 21:44:42.578917 139841427183360 output_stream.cpp:105] Opened result file: ./profiles/standalone_attn_prefill_and_decode_tp8_prefill_then_decode4_512_128_4096nan_kernel_trace.csv
[m[0;31mE20250901 21:44:42.585074 139841427183360 output_stream.cpp:105] Opened result file: ./profiles/standalone_attn_prefill_and_decode_tp8_prefill_then_decode4_512_128_4096nan_agent_info.csv
[m# ---- Run standalone_attn_prefill_and_decode_tp8_prefill_then_decode4_512_128_8192nan ----
INFO 09-01 21:44:56 [__init__.py:244] Automatically detected platform rocm.
No masking
[0;31mE20250901 21:45:11.134952 139622594582272 output_stream.cpp:105] Opened result file: ./profiles/standalone_attn_prefill_and_decode_tp8_prefill_then_decode4_512_128_8192nan_kernel_trace.csv
[m[0;31mE20250901 21:45:11.140864 139622594582272 output_stream.cpp:105] Opened result file: ./profiles/standalone_attn_prefill_and_decode_tp8_prefill_then_decode4_512_128_8192nan_agent_info.csv
[m# ---- Run standalone_attn_prefill_and_decode_tp8_prefill_then_decode4_1024_1_256nan ----
INFO 09-01 21:45:25 [__init__.py:244] Automatically detected platform rocm.
No masking
[0;31mE20250901 21:45:40.547968 140510885730048 output_stream.cpp:105] Opened result file: ./profiles/standalone_attn_prefill_and_decode_tp8_prefill_then_decode4_1024_1_256nan_kernel_trace.csv
[m[0;31mE20250901 21:45:40.553954 140510885730048 output_stream.cpp:105] Opened result file: ./profiles/standalone_attn_prefill_and_decode_tp8_prefill_then_decode4_1024_1_256nan_agent_info.csv
[m# ---- Run standalone_attn_prefill_and_decode_tp8_prefill_then_decode4_1024_1_512nan ----
INFO 09-01 21:45:54 [__init__.py:244] Automatically detected platform rocm.
No masking
[0;31mE20250901 21:46:09.219154 140028475098880 output_stream.cpp:105] Opened result file: ./profiles/standalone_attn_prefill_and_decode_tp8_prefill_then_decode4_1024_1_512nan_kernel_trace.csv
[m[0;31mE20250901 21:46:09.225193 140028475098880 output_stream.cpp:105] Opened result file: ./profiles/standalone_attn_prefill_and_decode_tp8_prefill_then_decode4_1024_1_512nan_agent_info.csv
[m# ---- Run standalone_attn_prefill_and_decode_tp8_prefill_then_decode4_1024_1_1024nan ----
INFO 09-01 21:46:22 [__init__.py:244] Automatically detected platform rocm.
No masking
[0;31mE20250901 21:46:37.513852 139929016190720 output_stream.cpp:105] Opened result file: ./profiles/standalone_attn_prefill_and_decode_tp8_prefill_then_decode4_1024_1_1024nan_kernel_trace.csv
[m[0;31mE20250901 21:46:37.519981 139929016190720 output_stream.cpp:105] Opened result file: ./profiles/standalone_attn_prefill_and_decode_tp8_prefill_then_decode4_1024_1_1024nan_agent_info.csv
[m# ---- Run standalone_attn_prefill_and_decode_tp8_prefill_then_decode4_1024_1_2048nan ----
INFO 09-01 21:46:51 [__init__.py:244] Automatically detected platform rocm.
No masking
[0;31mE20250901 21:47:05.960564 139765220857600 output_stream.cpp:105] Opened result file: ./profiles/standalone_attn_prefill_and_decode_tp8_prefill_then_decode4_1024_1_2048nan_kernel_trace.csv
[m[0;31mE20250901 21:47:05.966643 139765220857600 output_stream.cpp:105] Opened result file: ./profiles/standalone_attn_prefill_and_decode_tp8_prefill_then_decode4_1024_1_2048nan_agent_info.csv
[m# ---- Run standalone_attn_prefill_and_decode_tp8_prefill_then_decode4_1024_1_4096nan ----
INFO 09-01 21:47:19 [__init__.py:244] Automatically detected platform rocm.
No masking
[0;31mE20250901 21:47:34.959291 140397694408448 output_stream.cpp:105] Opened result file: ./profiles/standalone_attn_prefill_and_decode_tp8_prefill_then_decode4_1024_1_4096nan_kernel_trace.csv
[m[0;31mE20250901 21:47:34.965485 140397694408448 output_stream.cpp:105] Opened result file: ./profiles/standalone_attn_prefill_and_decode_tp8_prefill_then_decode4_1024_1_4096nan_agent_info.csv
[m# ---- Run standalone_attn_prefill_and_decode_tp8_prefill_then_decode4_1024_1_8192nan ----
INFO 09-01 21:47:48 [__init__.py:244] Automatically detected platform rocm.
No masking
[0;31mE20250901 21:48:04.067991 140672701683456 output_stream.cpp:105] Opened result file: ./profiles/standalone_attn_prefill_and_decode_tp8_prefill_then_decode4_1024_1_8192nan_kernel_trace.csv
[m[0;31mE20250901 21:48:04.074136 140672701683456 output_stream.cpp:105] Opened result file: ./profiles/standalone_attn_prefill_and_decode_tp8_prefill_then_decode4_1024_1_8192nan_agent_info.csv
[m# ---- Run standalone_attn_prefill_and_decode_tp8_prefill_then_decode4_1024_2_256nan ----
INFO 09-01 21:48:17 [__init__.py:244] Automatically detected platform rocm.
No masking
[0;31mE20250901 21:48:32.911686 140680298415872 output_stream.cpp:105] Opened result file: ./profiles/standalone_attn_prefill_and_decode_tp8_prefill_then_decode4_1024_2_256nan_kernel_trace.csv
[m[0;31mE20250901 21:48:32.917786 140680298415872 output_stream.cpp:105] Opened result file: ./profiles/standalone_attn_prefill_and_decode_tp8_prefill_then_decode4_1024_2_256nan_agent_info.csv
[m# ---- Run standalone_attn_prefill_and_decode_tp8_prefill_then_decode4_1024_2_512nan ----
INFO 09-01 21:48:46 [__init__.py:244] Automatically detected platform rocm.
No masking
[0;31mE20250901 21:49:02.059886 139764277364480 output_stream.cpp:105] Opened result file: ./profiles/standalone_attn_prefill_and_decode_tp8_prefill_then_decode4_1024_2_512nan_kernel_trace.csv
[m[0;31mE20250901 21:49:02.065570 139764277364480 output_stream.cpp:105] Opened result file: ./profiles/standalone_attn_prefill_and_decode_tp8_prefill_then_decode4_1024_2_512nan_agent_info.csv
[m# ---- Run standalone_attn_prefill_and_decode_tp8_prefill_then_decode4_1024_2_1024nan ----
INFO 09-01 21:49:15 [__init__.py:244] Automatically detected platform rocm.
No masking
[0;31mE20250901 21:49:30.786384 140678958696192 output_stream.cpp:105] Opened result file: ./profiles/standalone_attn_prefill_and_decode_tp8_prefill_then_decode4_1024_2_1024nan_kernel_trace.csv
[m[0;31mE20250901 21:49:30.792458 140678958696192 output_stream.cpp:105] Opened result file: ./profiles/standalone_attn_prefill_and_decode_tp8_prefill_then_decode4_1024_2_1024nan_agent_info.csv
[m# ---- Run standalone_attn_prefill_and_decode_tp8_prefill_then_decode4_1024_2_2048nan ----
INFO 09-01 21:49:44 [__init__.py:244] Automatically detected platform rocm.
No masking
[0;31mE20250901 21:50:00.046763 140578008459008 output_stream.cpp:105] Opened result file: ./profiles/standalone_attn_prefill_and_decode_tp8_prefill_then_decode4_1024_2_2048nan_kernel_trace.csv
[m[0;31mE20250901 21:50:00.052807 140578008459008 output_stream.cpp:105] Opened result file: ./profiles/standalone_attn_prefill_and_decode_tp8_prefill_then_decode4_1024_2_2048nan_agent_info.csv
[m# ---- Run standalone_attn_prefill_and_decode_tp8_prefill_then_decode4_1024_2_4096nan ----
INFO 09-01 21:50:14 [__init__.py:244] Automatically detected platform rocm.
No masking
[0;31mE20250901 21:50:29.241151 139792012711680 output_stream.cpp:105] Opened result file: ./profiles/standalone_attn_prefill_and_decode_tp8_prefill_then_decode4_1024_2_4096nan_kernel_trace.csv
[m[0;31mE20250901 21:50:29.247379 139792012711680 output_stream.cpp:105] Opened result file: ./profiles/standalone_attn_prefill_and_decode_tp8_prefill_then_decode4_1024_2_4096nan_agent_info.csv
[m# ---- Run standalone_attn_prefill_and_decode_tp8_prefill_then_decode4_1024_2_8192nan ----
INFO 09-01 21:50:42 [__init__.py:244] Automatically detected platform rocm.
No masking
[0;31mE20250901 21:50:58.382005 140279858628352 output_stream.cpp:105] Opened result file: ./profiles/standalone_attn_prefill_and_decode_tp8_prefill_then_decode4_1024_2_8192nan_kernel_trace.csv
[m[0;31mE20250901 21:50:58.388223 140279858628352 output_stream.cpp:105] Opened result file: ./profiles/standalone_attn_prefill_and_decode_tp8_prefill_then_decode4_1024_2_8192nan_agent_info.csv
[m# ---- Run standalone_attn_prefill_and_decode_tp8_prefill_then_decode4_1024_4_256nan ----
INFO 09-01 21:51:11 [__init__.py:244] Automatically detected platform rocm.
No masking
[0;31mE20250901 21:51:27.021907 139744925927168 output_stream.cpp:105] Opened result file: ./profiles/standalone_attn_prefill_and_decode_tp8_prefill_then_decode4_1024_4_256nan_kernel_trace.csv
[m[0;31mE20250901 21:51:27.028170 139744925927168 output_stream.cpp:105] Opened result file: ./profiles/standalone_attn_prefill_and_decode_tp8_prefill_then_decode4_1024_4_256nan_agent_info.csv
[m# ---- Run standalone_attn_prefill_and_decode_tp8_prefill_then_decode4_1024_4_512nan ----
INFO 09-01 21:51:40 [__init__.py:244] Automatically detected platform rocm.
No masking
[0;31mE20250901 21:51:56.013617 140203281336064 output_stream.cpp:105] Opened result file: ./profiles/standalone_attn_prefill_and_decode_tp8_prefill_then_decode4_1024_4_512nan_kernel_trace.csv
[m[0;31mE20250901 21:51:56.020155 140203281336064 output_stream.cpp:105] Opened result file: ./profiles/standalone_attn_prefill_and_decode_tp8_prefill_then_decode4_1024_4_512nan_agent_info.csv
[m# ---- Run standalone_attn_prefill_and_decode_tp8_prefill_then_decode4_1024_4_1024nan ----
INFO 09-01 21:52:09 [__init__.py:244] Automatically detected platform rocm.
No masking
[0;31mE20250901 21:52:24.366675 140387792303872 output_stream.cpp:105] Opened result file: ./profiles/standalone_attn_prefill_and_decode_tp8_prefill_then_decode4_1024_4_1024nan_kernel_trace.csv
[m[0;31mE20250901 21:52:24.372973 140387792303872 output_stream.cpp:105] Opened result file: ./profiles/standalone_attn_prefill_and_decode_tp8_prefill_then_decode4_1024_4_1024nan_agent_info.csv
[m# ---- Run standalone_attn_prefill_and_decode_tp8_prefill_then_decode4_1024_4_2048nan ----
INFO 09-01 21:52:38 [__init__.py:244] Automatically detected platform rocm.
No masking
[0;31mE20250901 21:52:53.869998 140706292995840 output_stream.cpp:105] Opened result file: ./profiles/standalone_attn_prefill_and_decode_tp8_prefill_then_decode4_1024_4_2048nan_kernel_trace.csv
[m[0;31mE20250901 21:52:53.875939 140706292995840 output_stream.cpp:105] Opened result file: ./profiles/standalone_attn_prefill_and_decode_tp8_prefill_then_decode4_1024_4_2048nan_agent_info.csv
[m# ---- Run standalone_attn_prefill_and_decode_tp8_prefill_then_decode4_1024_4_4096nan ----
INFO 09-01 21:53:07 [__init__.py:244] Automatically detected platform rocm.
No masking
[0;31mE20250901 21:53:22.927089 140169061439232 output_stream.cpp:105] Opened result file: ./profiles/standalone_attn_prefill_and_decode_tp8_prefill_then_decode4_1024_4_4096nan_kernel_trace.csv
[m[0;31mE20250901 21:53:22.933945 140169061439232 output_stream.cpp:105] Opened result file: ./profiles/standalone_attn_prefill_and_decode_tp8_prefill_then_decode4_1024_4_4096nan_agent_info.csv
[m# ---- Run standalone_attn_prefill_and_decode_tp8_prefill_then_decode4_1024_4_8192nan ----
INFO 09-01 21:53:36 [__init__.py:244] Automatically detected platform rocm.
No masking
[0;31mE20250901 21:53:52.024959 140421162166016 output_stream.cpp:105] Opened result file: ./profiles/standalone_attn_prefill_and_decode_tp8_prefill_then_decode4_1024_4_8192nan_kernel_trace.csv
[m[0;31mE20250901 21:53:52.030924 140421162166016 output_stream.cpp:105] Opened result file: ./profiles/standalone_attn_prefill_and_decode_tp8_prefill_then_decode4_1024_4_8192nan_agent_info.csv
[m# ---- Run standalone_attn_prefill_and_decode_tp8_prefill_then_decode4_1024_8_256nan ----
INFO 09-01 21:54:05 [__init__.py:244] Automatically detected platform rocm.
No masking
[0;31mE20250901 21:54:20.642815 140632714290944 output_stream.cpp:105] Opened result file: ./profiles/standalone_attn_prefill_and_decode_tp8_prefill_then_decode4_1024_8_256nan_kernel_trace.csv
[m[0;31mE20250901 21:54:20.648689 140632714290944 output_stream.cpp:105] Opened result file: ./profiles/standalone_attn_prefill_and_decode_tp8_prefill_then_decode4_1024_8_256nan_agent_info.csv
[m# ---- Run standalone_attn_prefill_and_decode_tp8_prefill_then_decode4_1024_8_512nan ----
INFO 09-01 21:54:34 [__init__.py:244] Automatically detected platform rocm.
No masking
[0;31mE20250901 21:54:49.157911 139746555496192 output_stream.cpp:105] Opened result file: ./profiles/standalone_attn_prefill_and_decode_tp8_prefill_then_decode4_1024_8_512nan_kernel_trace.csv
[m[0;31mE20250901 21:54:49.163848 139746555496192 output_stream.cpp:105] Opened result file: ./profiles/standalone_attn_prefill_and_decode_tp8_prefill_then_decode4_1024_8_512nan_agent_info.csv
[m# ---- Run standalone_attn_prefill_and_decode_tp8_prefill_then_decode4_1024_8_1024nan ----
INFO 09-01 21:55:02 [__init__.py:244] Automatically detected platform rocm.
No masking
[0;31mE20250901 21:55:17.780123 140381064623872 output_stream.cpp:105] Opened result file: ./profiles/standalone_attn_prefill_and_decode_tp8_prefill_then_decode4_1024_8_1024nan_kernel_trace.csv
[m[0;31mE20250901 21:55:17.786155 140381064623872 output_stream.cpp:105] Opened result file: ./profiles/standalone_attn_prefill_and_decode_tp8_prefill_then_decode4_1024_8_1024nan_agent_info.csv
[m# ---- Run standalone_attn_prefill_and_decode_tp8_prefill_then_decode4_1024_8_2048nan ----
INFO 09-01 21:55:31 [__init__.py:244] Automatically detected platform rocm.
No masking
[0;31mE20250901 21:55:46.700151 140174527559424 output_stream.cpp:105] Opened result file: ./profiles/standalone_attn_prefill_and_decode_tp8_prefill_then_decode4_1024_8_2048nan_kernel_trace.csv
[m[0;31mE20250901 21:55:46.706432 140174527559424 output_stream.cpp:105] Opened result file: ./profiles/standalone_attn_prefill_and_decode_tp8_prefill_then_decode4_1024_8_2048nan_agent_info.csv
[m# ---- Run standalone_attn_prefill_and_decode_tp8_prefill_then_decode4_1024_8_4096nan ----
INFO 09-01 21:56:00 [__init__.py:244] Automatically detected platform rocm.
No masking
[0;31mE20250901 21:56:15.481589 139954519045888 output_stream.cpp:105] Opened result file: ./profiles/standalone_attn_prefill_and_decode_tp8_prefill_then_decode4_1024_8_4096nan_kernel_trace.csv
[m[0;31mE20250901 21:56:15.487960 139954519045888 output_stream.cpp:105] Opened result file: ./profiles/standalone_attn_prefill_and_decode_tp8_prefill_then_decode4_1024_8_4096nan_agent_info.csv
[m# ---- Run standalone_attn_prefill_and_decode_tp8_prefill_then_decode4_1024_8_8192nan ----
INFO 09-01 21:56:29 [__init__.py:244] Automatically detected platform rocm.
No masking
[0;31mE20250901 21:56:44.789468 140487505909504 output_stream.cpp:105] Opened result file: ./profiles/standalone_attn_prefill_and_decode_tp8_prefill_then_decode4_1024_8_8192nan_kernel_trace.csv
[m[0;31mE20250901 21:56:44.796320 140487505909504 output_stream.cpp:105] Opened result file: ./profiles/standalone_attn_prefill_and_decode_tp8_prefill_then_decode4_1024_8_8192nan_agent_info.csv
[m# ---- Run standalone_attn_prefill_and_decode_tp8_prefill_then_decode4_1024_16_256nan ----
INFO 09-01 21:56:58 [__init__.py:244] Automatically detected platform rocm.
No masking
[0;31mE20250901 21:57:13.126876 140667017787136 output_stream.cpp:105] Opened result file: ./profiles/standalone_attn_prefill_and_decode_tp8_prefill_then_decode4_1024_16_256nan_kernel_trace.csv
[m[0;31mE20250901 21:57:13.133274 140667017787136 output_stream.cpp:105] Opened result file: ./profiles/standalone_attn_prefill_and_decode_tp8_prefill_then_decode4_1024_16_256nan_agent_info.csv
[m# ---- Run standalone_attn_prefill_and_decode_tp8_prefill_then_decode4_1024_16_512nan ----
INFO 09-01 21:57:26 [__init__.py:244] Automatically detected platform rocm.
No masking
[0;31mE20250901 21:57:41.756681 140438394423040 output_stream.cpp:105] Opened result file: ./profiles/standalone_attn_prefill_and_decode_tp8_prefill_then_decode4_1024_16_512nan_kernel_trace.csv
[m[0;31mE20250901 21:57:41.763546 140438394423040 output_stream.cpp:105] Opened result file: ./profiles/standalone_attn_prefill_and_decode_tp8_prefill_then_decode4_1024_16_512nan_agent_info.csv
[m# ---- Run standalone_attn_prefill_and_decode_tp8_prefill_then_decode4_1024_16_1024nan ----
INFO 09-01 21:57:55 [__init__.py:244] Automatically detected platform rocm.
No masking
[0;31mE20250901 21:58:11.020026 140169381639936 output_stream.cpp:105] Opened result file: ./profiles/standalone_attn_prefill_and_decode_tp8_prefill_then_decode4_1024_16_1024nan_kernel_trace.csv
[m[0;31mE20250901 21:58:11.026827 140169381639936 output_stream.cpp:105] Opened result file: ./profiles/standalone_attn_prefill_and_decode_tp8_prefill_then_decode4_1024_16_1024nan_agent_info.csv
[m# ---- Run standalone_attn_prefill_and_decode_tp8_prefill_then_decode4_1024_16_2048nan ----
INFO 09-01 21:58:24 [__init__.py:244] Automatically detected platform rocm.
No masking
[0;31mE20250901 21:58:39.563064 139739411138304 output_stream.cpp:105] Opened result file: ./profiles/standalone_attn_prefill_and_decode_tp8_prefill_then_decode4_1024_16_2048nan_kernel_trace.csv
[m[0;31mE20250901 21:58:39.570121 139739411138304 output_stream.cpp:105] Opened result file: ./profiles/standalone_attn_prefill_and_decode_tp8_prefill_then_decode4_1024_16_2048nan_agent_info.csv
[m# ---- Run standalone_attn_prefill_and_decode_tp8_prefill_then_decode4_1024_16_4096nan ----
INFO 09-01 21:58:52 [__init__.py:244] Automatically detected platform rocm.
No masking
[0;31mE20250901 21:59:07.801525 140487565575936 output_stream.cpp:105] Opened result file: ./profiles/standalone_attn_prefill_and_decode_tp8_prefill_then_decode4_1024_16_4096nan_kernel_trace.csv
[m[0;31mE20250901 21:59:07.807498 140487565575936 output_stream.cpp:105] Opened result file: ./profiles/standalone_attn_prefill_and_decode_tp8_prefill_then_decode4_1024_16_4096nan_agent_info.csv
[m# ---- Run standalone_attn_prefill_and_decode_tp8_prefill_then_decode4_1024_16_8192nan ----
INFO 09-01 21:59:21 [__init__.py:244] Automatically detected platform rocm.
No masking
[0;31mE20250901 21:59:36.299344 140266024736512 output_stream.cpp:105] Opened result file: ./profiles/standalone_attn_prefill_and_decode_tp8_prefill_then_decode4_1024_16_8192nan_kernel_trace.csv
[m[0;31mE20250901 21:59:36.305201 140266024736512 output_stream.cpp:105] Opened result file: ./profiles/standalone_attn_prefill_and_decode_tp8_prefill_then_decode4_1024_16_8192nan_agent_info.csv
[m# ---- Run standalone_attn_prefill_and_decode_tp8_prefill_then_decode4_1024_32_256nan ----
INFO 09-01 21:59:50 [__init__.py:244] Automatically detected platform rocm.
No masking
[0;31mE20250901 22:00:05.181720 140152692336384 output_stream.cpp:105] Opened result file: ./profiles/standalone_attn_prefill_and_decode_tp8_prefill_then_decode4_1024_32_256nan_kernel_trace.csv
[m[0;31mE20250901 22:00:05.188993 140152692336384 output_stream.cpp:105] Opened result file: ./profiles/standalone_attn_prefill_and_decode_tp8_prefill_then_decode4_1024_32_256nan_agent_info.csv
[m# ---- Run standalone_attn_prefill_and_decode_tp8_prefill_then_decode4_1024_32_512nan ----
INFO 09-01 22:00:18 [__init__.py:244] Automatically detected platform rocm.
No masking
[0;31mE20250901 22:00:33.589623 139764212426496 output_stream.cpp:105] Opened result file: ./profiles/standalone_attn_prefill_and_decode_tp8_prefill_then_decode4_1024_32_512nan_kernel_trace.csv
[m[0;31mE20250901 22:00:33.595672 139764212426496 output_stream.cpp:105] Opened result file: ./profiles/standalone_attn_prefill_and_decode_tp8_prefill_then_decode4_1024_32_512nan_agent_info.csv
[m# ---- Run standalone_attn_prefill_and_decode_tp8_prefill_then_decode4_1024_32_1024nan ----
INFO 09-01 22:00:47 [__init__.py:244] Automatically detected platform rocm.
No masking
[0;31mE20250901 22:01:02.242573 139825565984512 output_stream.cpp:105] Opened result file: ./profiles/standalone_attn_prefill_and_decode_tp8_prefill_then_decode4_1024_32_1024nan_kernel_trace.csv
[m[0;31mE20250901 22:01:02.248588 139825565984512 output_stream.cpp:105] Opened result file: ./profiles/standalone_attn_prefill_and_decode_tp8_prefill_then_decode4_1024_32_1024nan_agent_info.csv
[m# ---- Run standalone_attn_prefill_and_decode_tp8_prefill_then_decode4_1024_32_2048nan ----
INFO 09-01 22:01:15 [__init__.py:244] Automatically detected platform rocm.
No masking
[0;31mE20250901 22:01:30.989881 140620971656960 output_stream.cpp:105] Opened result file: ./profiles/standalone_attn_prefill_and_decode_tp8_prefill_then_decode4_1024_32_2048nan_kernel_trace.csv
[m[0;31mE20250901 22:01:30.995861 140620971656960 output_stream.cpp:105] Opened result file: ./profiles/standalone_attn_prefill_and_decode_tp8_prefill_then_decode4_1024_32_2048nan_agent_info.csv
[m# ---- Run standalone_attn_prefill_and_decode_tp8_prefill_then_decode4_1024_32_4096nan ----
INFO 09-01 22:01:44 [__init__.py:244] Automatically detected platform rocm.
No masking
[0;31mE20250901 22:01:59.570397 140700273825536 output_stream.cpp:105] Opened result file: ./profiles/standalone_attn_prefill_and_decode_tp8_prefill_then_decode4_1024_32_4096nan_kernel_trace.csv
[m[0;31mE20250901 22:01:59.576229 140700273825536 output_stream.cpp:105] Opened result file: ./profiles/standalone_attn_prefill_and_decode_tp8_prefill_then_decode4_1024_32_4096nan_agent_info.csv
[m# ---- Run standalone_attn_prefill_and_decode_tp8_prefill_then_decode4_1024_32_8192nan ----
INFO 09-01 22:02:12 [__init__.py:244] Automatically detected platform rocm.
No masking
[0;31mE20250901 22:02:27.905657 140176717330176 output_stream.cpp:105] Opened result file: ./profiles/standalone_attn_prefill_and_decode_tp8_prefill_then_decode4_1024_32_8192nan_kernel_trace.csv
[m[0;31mE20250901 22:02:27.911412 140176717330176 output_stream.cpp:105] Opened result file: ./profiles/standalone_attn_prefill_and_decode_tp8_prefill_then_decode4_1024_32_8192nan_agent_info.csv
[m# ---- Run standalone_attn_prefill_and_decode_tp8_prefill_then_decode4_1024_64_256nan ----
INFO 09-01 22:02:41 [__init__.py:244] Automatically detected platform rocm.
No masking
[0;31mE20250901 22:02:57.188710 140691406616320 output_stream.cpp:105] Opened result file: ./profiles/standalone_attn_prefill_and_decode_tp8_prefill_then_decode4_1024_64_256nan_kernel_trace.csv
[m[0;31mE20250901 22:02:57.194554 140691406616320 output_stream.cpp:105] Opened result file: ./profiles/standalone_attn_prefill_and_decode_tp8_prefill_then_decode4_1024_64_256nan_agent_info.csv
[m# ---- Run standalone_attn_prefill_and_decode_tp8_prefill_then_decode4_1024_64_512nan ----
INFO 09-01 22:03:11 [__init__.py:244] Automatically detected platform rocm.
No masking
[0;31mE20250901 22:03:26.501439 139859669231360 output_stream.cpp:105] Opened result file: ./profiles/standalone_attn_prefill_and_decode_tp8_prefill_then_decode4_1024_64_512nan_kernel_trace.csv
[m[0;31mE20250901 22:03:26.507622 139859669231360 output_stream.cpp:105] Opened result file: ./profiles/standalone_attn_prefill_and_decode_tp8_prefill_then_decode4_1024_64_512nan_agent_info.csv
[m# ---- Run standalone_attn_prefill_and_decode_tp8_prefill_then_decode4_1024_64_1024nan ----
INFO 09-01 22:03:40 [__init__.py:244] Automatically detected platform rocm.
No masking
[0;31mE20250901 22:03:55.495457 140644633958144 output_stream.cpp:105] Opened result file: ./profiles/standalone_attn_prefill_and_decode_tp8_prefill_then_decode4_1024_64_1024nan_kernel_trace.csv
[m[0;31mE20250901 22:03:55.501810 140644633958144 output_stream.cpp:105] Opened result file: ./profiles/standalone_attn_prefill_and_decode_tp8_prefill_then_decode4_1024_64_1024nan_agent_info.csv
[m# ---- Run standalone_attn_prefill_and_decode_tp8_prefill_then_decode4_1024_64_2048nan ----
INFO 09-01 22:04:09 [__init__.py:244] Automatically detected platform rocm.
No masking
[0;31mE20250901 22:04:24.404573 140549715302144 output_stream.cpp:105] Opened result file: ./profiles/standalone_attn_prefill_and_decode_tp8_prefill_then_decode4_1024_64_2048nan_kernel_trace.csv
[m[0;31mE20250901 22:04:24.410459 140549715302144 output_stream.cpp:105] Opened result file: ./profiles/standalone_attn_prefill_and_decode_tp8_prefill_then_decode4_1024_64_2048nan_agent_info.csv
[m# ---- Run standalone_attn_prefill_and_decode_tp8_prefill_then_decode4_1024_64_4096nan ----
INFO 09-01 22:04:37 [__init__.py:244] Automatically detected platform rocm.
No masking
[0;31mE20250901 22:04:52.599706 140100825454336 output_stream.cpp:105] Opened result file: ./profiles/standalone_attn_prefill_and_decode_tp8_prefill_then_decode4_1024_64_4096nan_kernel_trace.csv
[m[0;31mE20250901 22:04:52.605639 140100825454336 output_stream.cpp:105] Opened result file: ./profiles/standalone_attn_prefill_and_decode_tp8_prefill_then_decode4_1024_64_4096nan_agent_info.csv
[m# ---- Run standalone_attn_prefill_and_decode_tp8_prefill_then_decode4_1024_64_8192nan ----
INFO 09-01 22:05:05 [__init__.py:244] Automatically detected platform rocm.
No masking
[0;31mE20250901 22:05:21.091964 140406945584896 output_stream.cpp:105] Opened result file: ./profiles/standalone_attn_prefill_and_decode_tp8_prefill_then_decode4_1024_64_8192nan_kernel_trace.csv
[m[0;31mE20250901 22:05:21.097947 140406945584896 output_stream.cpp:105] Opened result file: ./profiles/standalone_attn_prefill_and_decode_tp8_prefill_then_decode4_1024_64_8192nan_agent_info.csv
[m# ---- Run standalone_attn_prefill_and_decode_tp8_prefill_then_decode4_1024_128_256nan ----
INFO 09-01 22:05:34 [__init__.py:244] Automatically detected platform rocm.
No masking
[0;31mE20250901 22:05:49.228311 139774820706048 output_stream.cpp:105] Opened result file: ./profiles/standalone_attn_prefill_and_decode_tp8_prefill_then_decode4_1024_128_256nan_kernel_trace.csv
[m[0;31mE20250901 22:05:49.234114 139774820706048 output_stream.cpp:105] Opened result file: ./profiles/standalone_attn_prefill_and_decode_tp8_prefill_then_decode4_1024_128_256nan_agent_info.csv
[m# ---- Run standalone_attn_prefill_and_decode_tp8_prefill_then_decode4_1024_128_512nan ----
INFO 09-01 22:06:02 [__init__.py:244] Automatically detected platform rocm.
No masking
[0;31mE20250901 22:06:17.390139 140635924600576 output_stream.cpp:105] Opened result file: ./profiles/standalone_attn_prefill_and_decode_tp8_prefill_then_decode4_1024_128_512nan_kernel_trace.csv
[m[0;31mE20250901 22:06:17.396116 140635924600576 output_stream.cpp:105] Opened result file: ./profiles/standalone_attn_prefill_and_decode_tp8_prefill_then_decode4_1024_128_512nan_agent_info.csv
[m# ---- Run standalone_attn_prefill_and_decode_tp8_prefill_then_decode4_1024_128_1024nan ----
INFO 09-01 22:06:30 [__init__.py:244] Automatically detected platform rocm.
No masking
[0;31mE20250901 22:06:45.542293 139988178581248 output_stream.cpp:105] Opened result file: ./profiles/standalone_attn_prefill_and_decode_tp8_prefill_then_decode4_1024_128_1024nan_kernel_trace.csv
[m[0;31mE20250901 22:06:45.548283 139988178581248 output_stream.cpp:105] Opened result file: ./profiles/standalone_attn_prefill_and_decode_tp8_prefill_then_decode4_1024_128_1024nan_agent_info.csv
[m# ---- Run standalone_attn_prefill_and_decode_tp8_prefill_then_decode4_1024_128_2048nan ----
INFO 09-01 22:06:58 [__init__.py:244] Automatically detected platform rocm.
No masking
[0;31mE20250901 22:07:13.720346 139980451911424 output_stream.cpp:105] Opened result file: ./profiles/standalone_attn_prefill_and_decode_tp8_prefill_then_decode4_1024_128_2048nan_kernel_trace.csv
[m[0;31mE20250901 22:07:13.726300 139980451911424 output_stream.cpp:105] Opened result file: ./profiles/standalone_attn_prefill_and_decode_tp8_prefill_then_decode4_1024_128_2048nan_agent_info.csv
[m# ---- Run standalone_attn_prefill_and_decode_tp8_prefill_then_decode4_1024_128_4096nan ----
INFO 09-01 22:07:27 [__init__.py:244] Automatically detected platform rocm.
No masking
[0;31mE20250901 22:07:41.837245 139862792734464 output_stream.cpp:105] Opened result file: ./profiles/standalone_attn_prefill_and_decode_tp8_prefill_then_decode4_1024_128_4096nan_kernel_trace.csv
[m[0;31mE20250901 22:07:41.843071 139862792734464 output_stream.cpp:105] Opened result file: ./profiles/standalone_attn_prefill_and_decode_tp8_prefill_then_decode4_1024_128_4096nan_agent_info.csv
[m# ---- Run standalone_attn_prefill_and_decode_tp8_prefill_then_decode4_1024_128_8192nan ----
INFO 09-01 22:07:55 [__init__.py:244] Automatically detected platform rocm.
No masking
[0;31mE20250901 22:08:10.044617 139862666999552 output_stream.cpp:105] Opened result file: ./profiles/standalone_attn_prefill_and_decode_tp8_prefill_then_decode4_1024_128_8192nan_kernel_trace.csv
[m[0;31mE20250901 22:08:10.051306 139862666999552 output_stream.cpp:105] Opened result file: ./profiles/standalone_attn_prefill_and_decode_tp8_prefill_then_decode4_1024_128_8192nan_agent_info.csv
[m# ---- Run standalone_attn_prefill_and_decode_tp8_prefill_then_decode4_2048_1_256nan ----
INFO 09-01 22:08:23 [__init__.py:244] Automatically detected platform rocm.
No masking
[0;31mE20250901 22:08:39.038328 139692633499392 output_stream.cpp:105] Opened result file: ./profiles/standalone_attn_prefill_and_decode_tp8_prefill_then_decode4_2048_1_256nan_kernel_trace.csv
[m[0;31mE20250901 22:08:39.045112 139692633499392 output_stream.cpp:105] Opened result file: ./profiles/standalone_attn_prefill_and_decode_tp8_prefill_then_decode4_2048_1_256nan_agent_info.csv
[m# ---- Run standalone_attn_prefill_and_decode_tp8_prefill_then_decode4_2048_1_512nan ----
INFO 09-01 22:08:53 [__init__.py:244] Automatically detected platform rocm.
No masking
[0;31mE20250901 22:09:08.663833 139739307370240 output_stream.cpp:105] Opened result file: ./profiles/standalone_attn_prefill_and_decode_tp8_prefill_then_decode4_2048_1_512nan_kernel_trace.csv
[m[0;31mE20250901 22:09:08.669778 139739307370240 output_stream.cpp:105] Opened result file: ./profiles/standalone_attn_prefill_and_decode_tp8_prefill_then_decode4_2048_1_512nan_agent_info.csv
[m# ---- Run standalone_attn_prefill_and_decode_tp8_prefill_then_decode4_2048_1_1024nan ----
INFO 09-01 22:09:22 [__init__.py:244] Automatically detected platform rocm.
No masking
[0;31mE20250901 22:09:36.997035 140344221177600 output_stream.cpp:105] Opened result file: ./profiles/standalone_attn_prefill_and_decode_tp8_prefill_then_decode4_2048_1_1024nan_kernel_trace.csv
[m[0;31mE20250901 22:09:37.002950 140344221177600 output_stream.cpp:105] Opened result file: ./profiles/standalone_attn_prefill_and_decode_tp8_prefill_then_decode4_2048_1_1024nan_agent_info.csv
[m# ---- Run standalone_attn_prefill_and_decode_tp8_prefill_then_decode4_2048_1_2048nan ----
INFO 09-01 22:09:50 [__init__.py:244] Automatically detected platform rocm.
No masking
[0;31mE20250901 22:10:05.796400 140444473243392 output_stream.cpp:105] Opened result file: ./profiles/standalone_attn_prefill_and_decode_tp8_prefill_then_decode4_2048_1_2048nan_kernel_trace.csv
[m[0;31mE20250901 22:10:05.802297 140444473243392 output_stream.cpp:105] Opened result file: ./profiles/standalone_attn_prefill_and_decode_tp8_prefill_then_decode4_2048_1_2048nan_agent_info.csv
[m# ---- Run standalone_attn_prefill_and_decode_tp8_prefill_then_decode4_2048_1_4096nan ----
INFO 09-01 22:10:19 [__init__.py:244] Automatically detected platform rocm.
No masking
[0;31mE20250901 22:10:34.633641 140384050534144 output_stream.cpp:105] Opened result file: ./profiles/standalone_attn_prefill_and_decode_tp8_prefill_then_decode4_2048_1_4096nan_kernel_trace.csv
[m[0;31mE20250901 22:10:34.639545 140384050534144 output_stream.cpp:105] Opened result file: ./profiles/standalone_attn_prefill_and_decode_tp8_prefill_then_decode4_2048_1_4096nan_agent_info.csv
[m# ---- Run standalone_attn_prefill_and_decode_tp8_prefill_then_decode4_2048_1_8192nan ----
INFO 09-01 22:10:48 [__init__.py:244] Automatically detected platform rocm.
No masking
[0;31mE20250901 22:11:03.789110 140679637415680 output_stream.cpp:105] Opened result file: ./profiles/standalone_attn_prefill_and_decode_tp8_prefill_then_decode4_2048_1_8192nan_kernel_trace.csv
[m[0;31mE20250901 22:11:03.795098 140679637415680 output_stream.cpp:105] Opened result file: ./profiles/standalone_attn_prefill_and_decode_tp8_prefill_then_decode4_2048_1_8192nan_agent_info.csv
[m# ---- Run standalone_attn_prefill_and_decode_tp8_prefill_then_decode4_2048_2_256nan ----
INFO 09-01 22:11:17 [__init__.py:244] Automatically detected platform rocm.
No masking
[0;31mE20250901 22:11:32.439696 140410875975424 output_stream.cpp:105] Opened result file: ./profiles/standalone_attn_prefill_and_decode_tp8_prefill_then_decode4_2048_2_256nan_kernel_trace.csv
[m[0;31mE20250901 22:11:32.445763 140410875975424 output_stream.cpp:105] Opened result file: ./profiles/standalone_attn_prefill_and_decode_tp8_prefill_then_decode4_2048_2_256nan_agent_info.csv
[m# ---- Run standalone_attn_prefill_and_decode_tp8_prefill_then_decode4_2048_2_512nan ----
INFO 09-01 22:11:45 [__init__.py:244] Automatically detected platform rocm.
No masking
[0;31mE20250901 22:12:00.746709 139708352694016 output_stream.cpp:105] Opened result file: ./profiles/standalone_attn_prefill_and_decode_tp8_prefill_then_decode4_2048_2_512nan_kernel_trace.csv
[m[0;31mE20250901 22:12:00.752734 139708352694016 output_stream.cpp:105] Opened result file: ./profiles/standalone_attn_prefill_and_decode_tp8_prefill_then_decode4_2048_2_512nan_agent_info.csv
[m# ---- Run standalone_attn_prefill_and_decode_tp8_prefill_then_decode4_2048_2_1024nan ----
INFO 09-01 22:12:14 [__init__.py:244] Automatically detected platform rocm.
No masking
[0;31mE20250901 22:12:29.235200 139664047650560 output_stream.cpp:105] Opened result file: ./profiles/standalone_attn_prefill_and_decode_tp8_prefill_then_decode4_2048_2_1024nan_kernel_trace.csv
[m[0;31mE20250901 22:12:29.241191 139664047650560 output_stream.cpp:105] Opened result file: ./profiles/standalone_attn_prefill_and_decode_tp8_prefill_then_decode4_2048_2_1024nan_agent_info.csv
[m# ---- Run standalone_attn_prefill_and_decode_tp8_prefill_then_decode4_2048_2_2048nan ----
INFO 09-01 22:12:42 [__init__.py:244] Automatically detected platform rocm.
No masking
[0;31mE20250901 22:12:58.078984 139720640247552 output_stream.cpp:105] Opened result file: ./profiles/standalone_attn_prefill_and_decode_tp8_prefill_then_decode4_2048_2_2048nan_kernel_trace.csv
[m[0;31mE20250901 22:12:58.084869 139720640247552 output_stream.cpp:105] Opened result file: ./profiles/standalone_attn_prefill_and_decode_tp8_prefill_then_decode4_2048_2_2048nan_agent_info.csv
[m# ---- Run standalone_attn_prefill_and_decode_tp8_prefill_then_decode4_2048_2_4096nan ----
INFO 09-01 22:13:11 [__init__.py:244] Automatically detected platform rocm.
No masking
[0;31mE20250901 22:13:26.734330 140035290998528 output_stream.cpp:105] Opened result file: ./profiles/standalone_attn_prefill_and_decode_tp8_prefill_then_decode4_2048_2_4096nan_kernel_trace.csv
[m[0;31mE20250901 22:13:26.740305 140035290998528 output_stream.cpp:105] Opened result file: ./profiles/standalone_attn_prefill_and_decode_tp8_prefill_then_decode4_2048_2_4096nan_agent_info.csv
[m# ---- Run standalone_attn_prefill_and_decode_tp8_prefill_then_decode4_2048_2_8192nan ----
INFO 09-01 22:13:40 [__init__.py:244] Automatically detected platform rocm.
No masking
[0;31mE20250901 22:13:55.411038 140423723165440 output_stream.cpp:105] Opened result file: ./profiles/standalone_attn_prefill_and_decode_tp8_prefill_then_decode4_2048_2_8192nan_kernel_trace.csv
[m[0;31mE20250901 22:13:55.416966 140423723165440 output_stream.cpp:105] Opened result file: ./profiles/standalone_attn_prefill_and_decode_tp8_prefill_then_decode4_2048_2_8192nan_agent_info.csv
[m# ---- Run standalone_attn_prefill_and_decode_tp8_prefill_then_decode4_2048_4_256nan ----
INFO 09-01 22:14:08 [__init__.py:244] Automatically detected platform rocm.
No masking
[0;31mE20250901 22:14:23.938717 140420815562496 output_stream.cpp:105] Opened result file: ./profiles/standalone_attn_prefill_and_decode_tp8_prefill_then_decode4_2048_4_256nan_kernel_trace.csv
[m[0;31mE20250901 22:14:23.944833 140420815562496 output_stream.cpp:105] Opened result file: ./profiles/standalone_attn_prefill_and_decode_tp8_prefill_then_decode4_2048_4_256nan_agent_info.csv
[m# ---- Run standalone_attn_prefill_and_decode_tp8_prefill_then_decode4_2048_4_512nan ----
INFO 09-01 22:14:37 [__init__.py:244] Automatically detected platform rocm.
No masking
[0;31mE20250901 22:14:53.252459 140527061239552 output_stream.cpp:105] Opened result file: ./profiles/standalone_attn_prefill_and_decode_tp8_prefill_then_decode4_2048_4_512nan_kernel_trace.csv
[m[0;31mE20250901 22:14:53.259284 140527061239552 output_stream.cpp:105] Opened result file: ./profiles/standalone_attn_prefill_and_decode_tp8_prefill_then_decode4_2048_4_512nan_agent_info.csv
[m# ---- Run standalone_attn_prefill_and_decode_tp8_prefill_then_decode4_2048_4_1024nan ----
INFO 09-01 22:15:07 [__init__.py:244] Automatically detected platform rocm.
No masking
[0;31mE20250901 22:15:22.728171 140333882345216 output_stream.cpp:105] Opened result file: ./profiles/standalone_attn_prefill_and_decode_tp8_prefill_then_decode4_2048_4_1024nan_kernel_trace.csv
[m[0;31mE20250901 22:15:22.735012 140333882345216 output_stream.cpp:105] Opened result file: ./profiles/standalone_attn_prefill_and_decode_tp8_prefill_then_decode4_2048_4_1024nan_agent_info.csv
[m# ---- Run standalone_attn_prefill_and_decode_tp8_prefill_then_decode4_2048_4_2048nan ----
INFO 09-01 22:15:36 [__init__.py:244] Automatically detected platform rocm.
No masking
[0;31mE20250901 22:15:52.037636 139694068713216 output_stream.cpp:105] Opened result file: ./profiles/standalone_attn_prefill_and_decode_tp8_prefill_then_decode4_2048_4_2048nan_kernel_trace.csv
[m[0;31mE20250901 22:15:52.044481 139694068713216 output_stream.cpp:105] Opened result file: ./profiles/standalone_attn_prefill_and_decode_tp8_prefill_then_decode4_2048_4_2048nan_agent_info.csv
[m# ---- Run standalone_attn_prefill_and_decode_tp8_prefill_then_decode4_2048_4_4096nan ----
INFO 09-01 22:16:06 [__init__.py:244] Automatically detected platform rocm.
No masking
[0;31mE20250901 22:16:21.278218 139738000406272 output_stream.cpp:105] Opened result file: ./profiles/standalone_attn_prefill_and_decode_tp8_prefill_then_decode4_2048_4_4096nan_kernel_trace.csv
[m[0;31mE20250901 22:16:21.285021 139738000406272 output_stream.cpp:105] Opened result file: ./profiles/standalone_attn_prefill_and_decode_tp8_prefill_then_decode4_2048_4_4096nan_agent_info.csv
[m# ---- Run standalone_attn_prefill_and_decode_tp8_prefill_then_decode4_2048_4_8192nan ----
INFO 09-01 22:16:34 [__init__.py:244] Automatically detected platform rocm.
No masking
[0;31mE20250901 22:16:49.885462 140688950916864 output_stream.cpp:105] Opened result file: ./profiles/standalone_attn_prefill_and_decode_tp8_prefill_then_decode4_2048_4_8192nan_kernel_trace.csv
[m[0;31mE20250901 22:16:49.892174 140688950916864 output_stream.cpp:105] Opened result file: ./profiles/standalone_attn_prefill_and_decode_tp8_prefill_then_decode4_2048_4_8192nan_agent_info.csv
[m# ---- Run standalone_attn_prefill_and_decode_tp8_prefill_then_decode4_2048_8_256nan ----
INFO 09-01 22:17:03 [__init__.py:244] Automatically detected platform rocm.
No masking
[0;31mE20250901 22:17:18.914109 139893679056640 output_stream.cpp:105] Opened result file: ./profiles/standalone_attn_prefill_and_decode_tp8_prefill_then_decode4_2048_8_256nan_kernel_trace.csv
[m[0;31mE20250901 22:17:18.920910 139893679056640 output_stream.cpp:105] Opened result file: ./profiles/standalone_attn_prefill_and_decode_tp8_prefill_then_decode4_2048_8_256nan_agent_info.csv
[m# ---- Run standalone_attn_prefill_and_decode_tp8_prefill_then_decode4_2048_8_512nan ----
INFO 09-01 22:17:32 [__init__.py:244] Automatically detected platform rocm.
No masking
[0;31mE20250901 22:17:48.161639 140628357945088 output_stream.cpp:105] Opened result file: ./profiles/standalone_attn_prefill_and_decode_tp8_prefill_then_decode4_2048_8_512nan_kernel_trace.csv
[m[0;31mE20250901 22:17:48.168409 140628357945088 output_stream.cpp:105] Opened result file: ./profiles/standalone_attn_prefill_and_decode_tp8_prefill_then_decode4_2048_8_512nan_agent_info.csv
[m# ---- Run standalone_attn_prefill_and_decode_tp8_prefill_then_decode4_2048_8_1024nan ----
INFO 09-01 22:18:02 [__init__.py:244] Automatically detected platform rocm.
No masking
[0;31mE20250901 22:18:17.580580 140654689179392 output_stream.cpp:105] Opened result file: ./profiles/standalone_attn_prefill_and_decode_tp8_prefill_then_decode4_2048_8_1024nan_kernel_trace.csv
[m[0;31mE20250901 22:18:17.587442 140654689179392 output_stream.cpp:105] Opened result file: ./profiles/standalone_attn_prefill_and_decode_tp8_prefill_then_decode4_2048_8_1024nan_agent_info.csv
[m# ---- Run standalone_attn_prefill_and_decode_tp8_prefill_then_decode4_2048_8_2048nan ----
INFO 09-01 22:18:31 [__init__.py:244] Automatically detected platform rocm.
No masking
[0;31mE20250901 22:18:46.663192 139663513630464 output_stream.cpp:105] Opened result file: ./profiles/standalone_attn_prefill_and_decode_tp8_prefill_then_decode4_2048_8_2048nan_kernel_trace.csv
[m[0;31mE20250901 22:18:46.669539 139663513630464 output_stream.cpp:105] Opened result file: ./profiles/standalone_attn_prefill_and_decode_tp8_prefill_then_decode4_2048_8_2048nan_agent_info.csv
[m# ---- Run standalone_attn_prefill_and_decode_tp8_prefill_then_decode4_2048_8_4096nan ----
INFO 09-01 22:19:00 [__init__.py:244] Automatically detected platform rocm.
No masking
[0;31mE20250901 22:19:15.542379 140310674491136 output_stream.cpp:105] Opened result file: ./profiles/standalone_attn_prefill_and_decode_tp8_prefill_then_decode4_2048_8_4096nan_kernel_trace.csv
[m[0;31mE20250901 22:19:15.548802 140310674491136 output_stream.cpp:105] Opened result file: ./profiles/standalone_attn_prefill_and_decode_tp8_prefill_then_decode4_2048_8_4096nan_agent_info.csv
[m# ---- Run standalone_attn_prefill_and_decode_tp8_prefill_then_decode4_2048_8_8192nan ----
INFO 09-01 22:19:29 [__init__.py:244] Automatically detected platform rocm.
No masking
[0;31mE20250901 22:19:44.936620 140392909543168 output_stream.cpp:105] Opened result file: ./profiles/standalone_attn_prefill_and_decode_tp8_prefill_then_decode4_2048_8_8192nan_kernel_trace.csv
[m[0;31mE20250901 22:19:44.942758 140392909543168 output_stream.cpp:105] Opened result file: ./profiles/standalone_attn_prefill_and_decode_tp8_prefill_then_decode4_2048_8_8192nan_agent_info.csv
[m# ---- Run standalone_attn_prefill_and_decode_tp8_prefill_then_decode4_2048_16_256nan ----
INFO 09-01 22:19:59 [__init__.py:244] Automatically detected platform rocm.
No masking
[0;31mE20250901 22:20:14.356762 139969459394304 output_stream.cpp:105] Opened result file: ./profiles/standalone_attn_prefill_and_decode_tp8_prefill_then_decode4_2048_16_256nan_kernel_trace.csv
[m[0;31mE20250901 22:20:14.363223 139969459394304 output_stream.cpp:105] Opened result file: ./profiles/standalone_attn_prefill_and_decode_tp8_prefill_then_decode4_2048_16_256nan_agent_info.csv
[m# ---- Run standalone_attn_prefill_and_decode_tp8_prefill_then_decode4_2048_16_512nan ----
INFO 09-01 22:20:28 [__init__.py:244] Automatically detected platform rocm.
No masking
[0;31mE20250901 22:20:43.381876 140194402965248 output_stream.cpp:105] Opened result file: ./profiles/standalone_attn_prefill_and_decode_tp8_prefill_then_decode4_2048_16_512nan_kernel_trace.csv
[m[0;31mE20250901 22:20:43.388855 140194402965248 output_stream.cpp:105] Opened result file: ./profiles/standalone_attn_prefill_and_decode_tp8_prefill_then_decode4_2048_16_512nan_agent_info.csv
[m# ---- Run standalone_attn_prefill_and_decode_tp8_prefill_then_decode4_2048_16_1024nan ----
INFO 09-01 22:20:57 [__init__.py:244] Automatically detected platform rocm.
No masking
[0;31mE20250901 22:21:12.487652 139984883222272 output_stream.cpp:105] Opened result file: ./profiles/standalone_attn_prefill_and_decode_tp8_prefill_then_decode4_2048_16_1024nan_kernel_trace.csv
[m[0;31mE20250901 22:21:12.493769 139984883222272 output_stream.cpp:105] Opened result file: ./profiles/standalone_attn_prefill_and_decode_tp8_prefill_then_decode4_2048_16_1024nan_agent_info.csv
[m# ---- Run standalone_attn_prefill_and_decode_tp8_prefill_then_decode4_2048_16_2048nan ----
INFO 09-01 22:21:26 [__init__.py:244] Automatically detected platform rocm.
No masking
[0;31mE20250901 22:21:41.286832 140197942667008 output_stream.cpp:105] Opened result file: ./profiles/standalone_attn_prefill_and_decode_tp8_prefill_then_decode4_2048_16_2048nan_kernel_trace.csv
[m[0;31mE20250901 22:21:41.292693 140197942667008 output_stream.cpp:105] Opened result file: ./profiles/standalone_attn_prefill_and_decode_tp8_prefill_then_decode4_2048_16_2048nan_agent_info.csv
[m# ---- Run standalone_attn_prefill_and_decode_tp8_prefill_then_decode4_2048_16_4096nan ----
INFO 09-01 22:21:54 [__init__.py:244] Automatically detected platform rocm.
No masking
[0;31mE20250901 22:22:09.956538 140567154145024 output_stream.cpp:105] Opened result file: ./profiles/standalone_attn_prefill_and_decode_tp8_prefill_then_decode4_2048_16_4096nan_kernel_trace.csv
[m[0;31mE20250901 22:22:09.962638 140567154145024 output_stream.cpp:105] Opened result file: ./profiles/standalone_attn_prefill_and_decode_tp8_prefill_then_decode4_2048_16_4096nan_agent_info.csv
[m# ---- Run standalone_attn_prefill_and_decode_tp8_prefill_then_decode4_2048_16_8192nan ----
INFO 09-01 22:22:23 [__init__.py:244] Automatically detected platform rocm.
No masking
[0;31mE20250901 22:22:39.072371 140626298689280 output_stream.cpp:105] Opened result file: ./profiles/standalone_attn_prefill_and_decode_tp8_prefill_then_decode4_2048_16_8192nan_kernel_trace.csv
[m[0;31mE20250901 22:22:39.079006 140626298689280 output_stream.cpp:105] Opened result file: ./profiles/standalone_attn_prefill_and_decode_tp8_prefill_then_decode4_2048_16_8192nan_agent_info.csv
[m# ---- Run standalone_attn_prefill_and_decode_tp8_prefill_then_decode4_2048_32_256nan ----
INFO 09-01 22:22:53 [__init__.py:244] Automatically detected platform rocm.
No masking
[0;31mE20250901 22:23:08.122711 140004034963200 output_stream.cpp:105] Opened result file: ./profiles/standalone_attn_prefill_and_decode_tp8_prefill_then_decode4_2048_32_256nan_kernel_trace.csv
[m[0;31mE20250901 22:23:08.129625 140004034963200 output_stream.cpp:105] Opened result file: ./profiles/standalone_attn_prefill_and_decode_tp8_prefill_then_decode4_2048_32_256nan_agent_info.csv
[m# ---- Run standalone_attn_prefill_and_decode_tp8_prefill_then_decode4_2048_32_512nan ----
INFO 09-01 22:23:21 [__init__.py:244] Automatically detected platform rocm.
No masking
[0;31mE20250901 22:23:36.703847 140079003420416 output_stream.cpp:105] Opened result file: ./profiles/standalone_attn_prefill_and_decode_tp8_prefill_then_decode4_2048_32_512nan_kernel_trace.csv
[m[0;31mE20250901 22:23:36.709839 140079003420416 output_stream.cpp:105] Opened result file: ./profiles/standalone_attn_prefill_and_decode_tp8_prefill_then_decode4_2048_32_512nan_agent_info.csv
[m# ---- Run standalone_attn_prefill_and_decode_tp8_prefill_then_decode4_2048_32_1024nan ----
INFO 09-01 22:23:50 [__init__.py:244] Automatically detected platform rocm.
No masking
[0;31mE20250901 22:24:05.860596 139995577403136 output_stream.cpp:105] Opened result file: ./profiles/standalone_attn_prefill_and_decode_tp8_prefill_then_decode4_2048_32_1024nan_kernel_trace.csv
[m[0;31mE20250901 22:24:05.866389 139995577403136 output_stream.cpp:105] Opened result file: ./profiles/standalone_attn_prefill_and_decode_tp8_prefill_then_decode4_2048_32_1024nan_agent_info.csv
[m# ---- Run standalone_attn_prefill_and_decode_tp8_prefill_then_decode4_2048_32_2048nan ----
INFO 09-01 22:24:19 [__init__.py:244] Automatically detected platform rocm.
No masking
[0;31mE20250901 22:24:35.465407 140061182752512 output_stream.cpp:105] Opened result file: ./profiles/standalone_attn_prefill_and_decode_tp8_prefill_then_decode4_2048_32_2048nan_kernel_trace.csv
[m[0;31mE20250901 22:24:35.472250 140061182752512 output_stream.cpp:105] Opened result file: ./profiles/standalone_attn_prefill_and_decode_tp8_prefill_then_decode4_2048_32_2048nan_agent_info.csv
[m# ---- Run standalone_attn_prefill_and_decode_tp8_prefill_then_decode4_2048_32_4096nan ----
INFO 09-01 22:24:49 [__init__.py:244] Automatically detected platform rocm.
No masking
[0;31mE20250901 22:25:04.960826 140003747829504 output_stream.cpp:105] Opened result file: ./profiles/standalone_attn_prefill_and_decode_tp8_prefill_then_decode4_2048_32_4096nan_kernel_trace.csv
[m[0;31mE20250901 22:25:04.967652 140003747829504 output_stream.cpp:105] Opened result file: ./profiles/standalone_attn_prefill_and_decode_tp8_prefill_then_decode4_2048_32_4096nan_agent_info.csv
[m# ---- Run standalone_attn_prefill_and_decode_tp8_prefill_then_decode4_2048_32_8192nan ----
INFO 09-01 22:25:18 [__init__.py:244] Automatically detected platform rocm.
No masking
[0;31mE20250901 22:25:33.889254 140267481802496 output_stream.cpp:105] Opened result file: ./profiles/standalone_attn_prefill_and_decode_tp8_prefill_then_decode4_2048_32_8192nan_kernel_trace.csv
[m[0;31mE20250901 22:25:33.895817 140267481802496 output_stream.cpp:105] Opened result file: ./profiles/standalone_attn_prefill_and_decode_tp8_prefill_then_decode4_2048_32_8192nan_agent_info.csv
[m# ---- Run standalone_attn_prefill_and_decode_tp8_prefill_then_decode4_2048_64_256nan ----
INFO 09-01 22:25:47 [__init__.py:244] Automatically detected platform rocm.
No masking
[0;31mE20250901 22:26:03.496394 140438201644800 output_stream.cpp:105] Opened result file: ./profiles/standalone_attn_prefill_and_decode_tp8_prefill_then_decode4_2048_64_256nan_kernel_trace.csv
[m[0;31mE20250901 22:26:03.502373 140438201644800 output_stream.cpp:105] Opened result file: ./profiles/standalone_attn_prefill_and_decode_tp8_prefill_then_decode4_2048_64_256nan_agent_info.csv
[m# ---- Run standalone_attn_prefill_and_decode_tp8_prefill_then_decode4_2048_64_512nan ----
INFO 09-01 22:26:16 [__init__.py:244] Automatically detected platform rocm.
No masking
[0;31mE20250901 22:26:32.101588 140024383469312 output_stream.cpp:105] Opened result file: ./profiles/standalone_attn_prefill_and_decode_tp8_prefill_then_decode4_2048_64_512nan_kernel_trace.csv
[m[0;31mE20250901 22:26:32.108197 140024383469312 output_stream.cpp:105] Opened result file: ./profiles/standalone_attn_prefill_and_decode_tp8_prefill_then_decode4_2048_64_512nan_agent_info.csv
[m# ---- Run standalone_attn_prefill_and_decode_tp8_prefill_then_decode4_2048_64_1024nan ----
INFO 09-01 22:26:45 [__init__.py:244] Automatically detected platform rocm.
No masking
[0;31mE20250901 22:27:01.026943 139731971770112 output_stream.cpp:105] Opened result file: ./profiles/standalone_attn_prefill_and_decode_tp8_prefill_then_decode4_2048_64_1024nan_kernel_trace.csv
[m[0;31mE20250901 22:27:01.033760 139731971770112 output_stream.cpp:105] Opened result file: ./profiles/standalone_attn_prefill_and_decode_tp8_prefill_then_decode4_2048_64_1024nan_agent_info.csv
[m# ---- Run standalone_attn_prefill_and_decode_tp8_prefill_then_decode4_2048_64_2048nan ----
INFO 09-01 22:27:14 [__init__.py:244] Automatically detected platform rocm.
No masking
[0;31mE20250901 22:27:30.196123 139835785008896 output_stream.cpp:105] Opened result file: ./profiles/standalone_attn_prefill_and_decode_tp8_prefill_then_decode4_2048_64_2048nan_kernel_trace.csv
[m[0;31mE20250901 22:27:30.203093 139835785008896 output_stream.cpp:105] Opened result file: ./profiles/standalone_attn_prefill_and_decode_tp8_prefill_then_decode4_2048_64_2048nan_agent_info.csv
[m# ---- Run standalone_attn_prefill_and_decode_tp8_prefill_then_decode4_2048_64_4096nan ----
INFO 09-01 22:27:44 [__init__.py:244] Automatically detected platform rocm.
No masking
[0;31mE20250901 22:27:59.752139 140482254001920 output_stream.cpp:105] Opened result file: ./profiles/standalone_attn_prefill_and_decode_tp8_prefill_then_decode4_2048_64_4096nan_kernel_trace.csv
[m[0;31mE20250901 22:27:59.758650 140482254001920 output_stream.cpp:105] Opened result file: ./profiles/standalone_attn_prefill_and_decode_tp8_prefill_then_decode4_2048_64_4096nan_agent_info.csv
[m# ---- Run standalone_attn_prefill_and_decode_tp8_prefill_then_decode4_2048_64_8192nan ----
INFO 09-01 22:28:13 [__init__.py:244] Automatically detected platform rocm.
No masking
[0;31mE20250901 22:28:28.681361 140435623315200 output_stream.cpp:105] Opened result file: ./profiles/standalone_attn_prefill_and_decode_tp8_prefill_then_decode4_2048_64_8192nan_kernel_trace.csv
[m[0;31mE20250901 22:28:28.687769 140435623315200 output_stream.cpp:105] Opened result file: ./profiles/standalone_attn_prefill_and_decode_tp8_prefill_then_decode4_2048_64_8192nan_agent_info.csv
[m# ---- Run standalone_attn_prefill_and_decode_tp8_prefill_then_decode4_2048_128_256nan ----
INFO 09-01 22:28:42 [__init__.py:244] Automatically detected platform rocm.
No masking
[0;31mE20250901 22:28:57.141718 139772511958784 output_stream.cpp:105] Opened result file: ./profiles/standalone_attn_prefill_and_decode_tp8_prefill_then_decode4_2048_128_256nan_kernel_trace.csv
[m[0;31mE20250901 22:28:57.148089 139772511958784 output_stream.cpp:105] Opened result file: ./profiles/standalone_attn_prefill_and_decode_tp8_prefill_then_decode4_2048_128_256nan_agent_info.csv
[m# ---- Run standalone_attn_prefill_and_decode_tp8_prefill_then_decode4_2048_128_512nan ----
INFO 09-01 22:29:11 [__init__.py:244] Automatically detected platform rocm.
No masking
[0;31mE20250901 22:29:25.642923 140695344273152 output_stream.cpp:105] Opened result file: ./profiles/standalone_attn_prefill_and_decode_tp8_prefill_then_decode4_2048_128_512nan_kernel_trace.csv
[m[0;31mE20250901 22:29:25.649094 140695344273152 output_stream.cpp:105] Opened result file: ./profiles/standalone_attn_prefill_and_decode_tp8_prefill_then_decode4_2048_128_512nan_agent_info.csv
[m# ---- Run standalone_attn_prefill_and_decode_tp8_prefill_then_decode4_2048_128_1024nan ----
INFO 09-01 22:29:39 [__init__.py:244] Automatically detected platform rocm.
No masking
[0;31mE20250901 22:29:53.986896 139849036424960 output_stream.cpp:105] Opened result file: ./profiles/standalone_attn_prefill_and_decode_tp8_prefill_then_decode4_2048_128_1024nan_kernel_trace.csv
[m[0;31mE20250901 22:29:53.992735 139849036424960 output_stream.cpp:105] Opened result file: ./profiles/standalone_attn_prefill_and_decode_tp8_prefill_then_decode4_2048_128_1024nan_agent_info.csv
[m# ---- Run standalone_attn_prefill_and_decode_tp8_prefill_then_decode4_2048_128_2048nan ----
INFO 09-01 22:30:07 [__init__.py:244] Automatically detected platform rocm.
No masking
[0;31mE20250901 22:30:22.264207 140290729731840 output_stream.cpp:105] Opened result file: ./profiles/standalone_attn_prefill_and_decode_tp8_prefill_then_decode4_2048_128_2048nan_kernel_trace.csv
[m[0;31mE20250901 22:30:22.270046 140290729731840 output_stream.cpp:105] Opened result file: ./profiles/standalone_attn_prefill_and_decode_tp8_prefill_then_decode4_2048_128_2048nan_agent_info.csv
[m# ---- Run standalone_attn_prefill_and_decode_tp8_prefill_then_decode4_2048_128_4096nan ----
INFO 09-01 22:30:36 [__init__.py:244] Automatically detected platform rocm.
No masking
[0;31mE20250901 22:30:50.907521 139993112434432 output_stream.cpp:105] Opened result file: ./profiles/standalone_attn_prefill_and_decode_tp8_prefill_then_decode4_2048_128_4096nan_kernel_trace.csv
[m[0;31mE20250901 22:30:50.913545 139993112434432 output_stream.cpp:105] Opened result file: ./profiles/standalone_attn_prefill_and_decode_tp8_prefill_then_decode4_2048_128_4096nan_agent_info.csv
[m# ---- Run standalone_attn_prefill_and_decode_tp8_prefill_then_decode4_2048_128_8192nan ----
INFO 09-01 22:31:04 [__init__.py:244] Automatically detected platform rocm.
No masking
[0;31mE20250901 22:31:19.666718 140204240037632 output_stream.cpp:105] Opened result file: ./profiles/standalone_attn_prefill_and_decode_tp8_prefill_then_decode4_2048_128_8192nan_kernel_trace.csv
[m[0;31mE20250901 22:31:19.673556 140204240037632 output_stream.cpp:105] Opened result file: ./profiles/standalone_attn_prefill_and_decode_tp8_prefill_then_decode4_2048_128_8192nan_agent_info.csv
[m# ---- Run standalone_attn_prefill_and_decode_tp8_prefill_then_decode4_4096_1_256nan ----
INFO 09-01 22:31:33 [__init__.py:244] Automatically detected platform rocm.
No masking
[0;31mE20250901 22:31:49.598761 140651636254464 output_stream.cpp:105] Opened result file: ./profiles/standalone_attn_prefill_and_decode_tp8_prefill_then_decode4_4096_1_256nan_kernel_trace.csv
[m[0;31mE20250901 22:31:49.605327 140651636254464 output_stream.cpp:105] Opened result file: ./profiles/standalone_attn_prefill_and_decode_tp8_prefill_then_decode4_4096_1_256nan_agent_info.csv
[m# ---- Run standalone_attn_prefill_and_decode_tp8_prefill_then_decode4_4096_1_512nan ----
INFO 09-01 22:32:03 [__init__.py:244] Automatically detected platform rocm.
No masking
[0;31mE20250901 22:32:19.025652 139667550451456 output_stream.cpp:105] Opened result file: ./profiles/standalone_attn_prefill_and_decode_tp8_prefill_then_decode4_4096_1_512nan_kernel_trace.csv
[m[0;31mE20250901 22:32:19.032413 139667550451456 output_stream.cpp:105] Opened result file: ./profiles/standalone_attn_prefill_and_decode_tp8_prefill_then_decode4_4096_1_512nan_agent_info.csv
[m# ---- Run standalone_attn_prefill_and_decode_tp8_prefill_then_decode4_4096_1_1024nan ----
INFO 09-01 22:32:33 [__init__.py:244] Automatically detected platform rocm.
No masking
[0;31mE20250901 22:32:48.663255 140427482519296 output_stream.cpp:105] Opened result file: ./profiles/standalone_attn_prefill_and_decode_tp8_prefill_then_decode4_4096_1_1024nan_kernel_trace.csv
[m[0;31mE20250901 22:32:48.669346 140427482519296 output_stream.cpp:105] Opened result file: ./profiles/standalone_attn_prefill_and_decode_tp8_prefill_then_decode4_4096_1_1024nan_agent_info.csv
[m# ---- Run standalone_attn_prefill_and_decode_tp8_prefill_then_decode4_4096_1_2048nan ----
INFO 09-01 22:33:02 [__init__.py:244] Automatically detected platform rocm.
No masking
[0;31mE20250901 22:33:17.757300 140697980602112 output_stream.cpp:105] Opened result file: ./profiles/standalone_attn_prefill_and_decode_tp8_prefill_then_decode4_4096_1_2048nan_kernel_trace.csv
[m[0;31mE20250901 22:33:17.763540 140697980602112 output_stream.cpp:105] Opened result file: ./profiles/standalone_attn_prefill_and_decode_tp8_prefill_then_decode4_4096_1_2048nan_agent_info.csv
[m# ---- Run standalone_attn_prefill_and_decode_tp8_prefill_then_decode4_4096_1_4096nan ----
INFO 09-01 22:33:31 [__init__.py:244] Automatically detected platform rocm.
No masking
[0;31mE20250901 22:33:47.410305 139694522373888 output_stream.cpp:105] Opened result file: ./profiles/standalone_attn_prefill_and_decode_tp8_prefill_then_decode4_4096_1_4096nan_kernel_trace.csv
[m[0;31mE20250901 22:33:47.416201 139694522373888 output_stream.cpp:105] Opened result file: ./profiles/standalone_attn_prefill_and_decode_tp8_prefill_then_decode4_4096_1_4096nan_agent_info.csv
[m# ---- Run standalone_attn_prefill_and_decode_tp8_prefill_then_decode4_4096_1_8192nan ----
INFO 09-01 22:34:00 [__init__.py:244] Automatically detected platform rocm.
No masking
[0;31mE20250901 22:34:16.127062 140018843285248 output_stream.cpp:105] Opened result file: ./profiles/standalone_attn_prefill_and_decode_tp8_prefill_then_decode4_4096_1_8192nan_kernel_trace.csv
[m[0;31mE20250901 22:34:16.133003 140018843285248 output_stream.cpp:105] Opened result file: ./profiles/standalone_attn_prefill_and_decode_tp8_prefill_then_decode4_4096_1_8192nan_agent_info.csv
[m# ---- Run standalone_attn_prefill_and_decode_tp8_prefill_then_decode4_4096_2_256nan ----
INFO 09-01 22:34:30 [__init__.py:244] Automatically detected platform rocm.
No masking
[0;31mE20250901 22:34:45.408400 140088405333760 output_stream.cpp:105] Opened result file: ./profiles/standalone_attn_prefill_and_decode_tp8_prefill_then_decode4_4096_2_256nan_kernel_trace.csv
[m[0;31mE20250901 22:34:45.414284 140088405333760 output_stream.cpp:105] Opened result file: ./profiles/standalone_attn_prefill_and_decode_tp8_prefill_then_decode4_4096_2_256nan_agent_info.csv
[m# ---- Run standalone_attn_prefill_and_decode_tp8_prefill_then_decode4_4096_2_512nan ----
INFO 09-01 22:34:59 [__init__.py:244] Automatically detected platform rocm.
No masking
[0;31mE20250901 22:35:15.056885 140389373044480 output_stream.cpp:105] Opened result file: ./profiles/standalone_attn_prefill_and_decode_tp8_prefill_then_decode4_4096_2_512nan_kernel_trace.csv
[m[0;31mE20250901 22:35:15.062864 140389373044480 output_stream.cpp:105] Opened result file: ./profiles/standalone_attn_prefill_and_decode_tp8_prefill_then_decode4_4096_2_512nan_agent_info.csv
[m# ---- Run standalone_attn_prefill_and_decode_tp8_prefill_then_decode4_4096_2_1024nan ----
INFO 09-01 22:35:29 [__init__.py:244] Automatically detected platform rocm.
No masking
[0;31mE20250901 22:35:44.462682 140426223437568 output_stream.cpp:105] Opened result file: ./profiles/standalone_attn_prefill_and_decode_tp8_prefill_then_decode4_4096_2_1024nan_kernel_trace.csv
[m[0;31mE20250901 22:35:44.468608 140426223437568 output_stream.cpp:105] Opened result file: ./profiles/standalone_attn_prefill_and_decode_tp8_prefill_then_decode4_4096_2_1024nan_agent_info.csv
[m# ---- Run standalone_attn_prefill_and_decode_tp8_prefill_then_decode4_4096_2_2048nan ----
INFO 09-01 22:35:58 [__init__.py:244] Automatically detected platform rocm.
No masking
[0;31mE20250901 22:36:13.365711 140559006144256 output_stream.cpp:105] Opened result file: ./profiles/standalone_attn_prefill_and_decode_tp8_prefill_then_decode4_4096_2_2048nan_kernel_trace.csv
[m[0;31mE20250901 22:36:13.371782 140559006144256 output_stream.cpp:105] Opened result file: ./profiles/standalone_attn_prefill_and_decode_tp8_prefill_then_decode4_4096_2_2048nan_agent_info.csv
[m# ---- Run standalone_attn_prefill_and_decode_tp8_prefill_then_decode4_4096_2_4096nan ----
INFO 09-01 22:36:27 [__init__.py:244] Automatically detected platform rocm.
No masking
[0;31mE20250901 22:36:42.557745 140309438080768 output_stream.cpp:105] Opened result file: ./profiles/standalone_attn_prefill_and_decode_tp8_prefill_then_decode4_4096_2_4096nan_kernel_trace.csv
[m[0;31mE20250901 22:36:42.563709 140309438080768 output_stream.cpp:105] Opened result file: ./profiles/standalone_attn_prefill_and_decode_tp8_prefill_then_decode4_4096_2_4096nan_agent_info.csv
[m# ---- Run standalone_attn_prefill_and_decode_tp8_prefill_then_decode4_4096_2_8192nan ----
INFO 09-01 22:36:56 [__init__.py:244] Automatically detected platform rocm.
No masking
[0;31mE20250901 22:37:11.535628 140284467930880 output_stream.cpp:105] Opened result file: ./profiles/standalone_attn_prefill_and_decode_tp8_prefill_then_decode4_4096_2_8192nan_kernel_trace.csv
[m[0;31mE20250901 22:37:11.541594 140284467930880 output_stream.cpp:105] Opened result file: ./profiles/standalone_attn_prefill_and_decode_tp8_prefill_then_decode4_4096_2_8192nan_agent_info.csv
[m# ---- Run standalone_attn_prefill_and_decode_tp8_prefill_then_decode4_4096_4_256nan ----
INFO 09-01 22:37:25 [__init__.py:244] Automatically detected platform rocm.
No masking
[0;31mE20250901 22:37:40.350078 139821980509952 output_stream.cpp:105] Opened result file: ./profiles/standalone_attn_prefill_and_decode_tp8_prefill_then_decode4_4096_4_256nan_kernel_trace.csv
[m[0;31mE20250901 22:37:40.356368 139821980509952 output_stream.cpp:105] Opened result file: ./profiles/standalone_attn_prefill_and_decode_tp8_prefill_then_decode4_4096_4_256nan_agent_info.csv
[m# ---- Run standalone_attn_prefill_and_decode_tp8_prefill_then_decode4_4096_4_512nan ----
INFO 09-01 22:37:54 [__init__.py:244] Automatically detected platform rocm.
No masking
[0;31mE20250901 22:38:09.414038 140372912531200 output_stream.cpp:105] Opened result file: ./profiles/standalone_attn_prefill_and_decode_tp8_prefill_then_decode4_4096_4_512nan_kernel_trace.csv
[m[0;31mE20250901 22:38:09.419983 140372912531200 output_stream.cpp:105] Opened result file: ./profiles/standalone_attn_prefill_and_decode_tp8_prefill_then_decode4_4096_4_512nan_agent_info.csv
[m# ---- Run standalone_attn_prefill_and_decode_tp8_prefill_then_decode4_4096_4_1024nan ----
INFO 09-01 22:38:23 [__init__.py:244] Automatically detected platform rocm.
No masking
[0;31mE20250901 22:38:38.357855 140014585968384 output_stream.cpp:105] Opened result file: ./profiles/standalone_attn_prefill_and_decode_tp8_prefill_then_decode4_4096_4_1024nan_kernel_trace.csv
[m[0;31mE20250901 22:38:38.364054 140014585968384 output_stream.cpp:105] Opened result file: ./profiles/standalone_attn_prefill_and_decode_tp8_prefill_then_decode4_4096_4_1024nan_agent_info.csv
[m# ---- Run standalone_attn_prefill_and_decode_tp8_prefill_then_decode4_4096_4_2048nan ----
INFO 09-01 22:38:51 [__init__.py:244] Automatically detected platform rocm.
No masking
[0;31mE20250901 22:39:07.333621 140190837106432 output_stream.cpp:105] Opened result file: ./profiles/standalone_attn_prefill_and_decode_tp8_prefill_then_decode4_4096_4_2048nan_kernel_trace.csv
[m[0;31mE20250901 22:39:07.340210 140190837106432 output_stream.cpp:105] Opened result file: ./profiles/standalone_attn_prefill_and_decode_tp8_prefill_then_decode4_4096_4_2048nan_agent_info.csv
[m# ---- Run standalone_attn_prefill_and_decode_tp8_prefill_then_decode4_4096_4_4096nan ----
INFO 09-01 22:39:20 [__init__.py:244] Automatically detected platform rocm.
No masking
[0;31mE20250901 22:39:36.004284 139880120739584 output_stream.cpp:105] Opened result file: ./profiles/standalone_attn_prefill_and_decode_tp8_prefill_then_decode4_4096_4_4096nan_kernel_trace.csv
[m[0;31mE20250901 22:39:36.010230 139880120739584 output_stream.cpp:105] Opened result file: ./profiles/standalone_attn_prefill_and_decode_tp8_prefill_then_decode4_4096_4_4096nan_agent_info.csv
[m# ---- Run standalone_attn_prefill_and_decode_tp8_prefill_then_decode4_4096_4_8192nan ----
INFO 09-01 22:39:50 [__init__.py:244] Automatically detected platform rocm.
No masking
[0;31mE20250901 22:40:05.232584 140079891912448 output_stream.cpp:105] Opened result file: ./profiles/standalone_attn_prefill_and_decode_tp8_prefill_then_decode4_4096_4_8192nan_kernel_trace.csv
[m[0;31mE20250901 22:40:05.238532 140079891912448 output_stream.cpp:105] Opened result file: ./profiles/standalone_attn_prefill_and_decode_tp8_prefill_then_decode4_4096_4_8192nan_agent_info.csv
[m# ---- Run standalone_attn_prefill_and_decode_tp8_prefill_then_decode4_4096_8_256nan ----
INFO 09-01 22:40:18 [__init__.py:244] Automatically detected platform rocm.
No masking
[0;31mE20250901 22:40:34.166668 139834142979840 output_stream.cpp:105] Opened result file: ./profiles/standalone_attn_prefill_and_decode_tp8_prefill_then_decode4_4096_8_256nan_kernel_trace.csv
[m[0;31mE20250901 22:40:34.172806 139834142979840 output_stream.cpp:105] Opened result file: ./profiles/standalone_attn_prefill_and_decode_tp8_prefill_then_decode4_4096_8_256nan_agent_info.csv
[m# ---- Run standalone_attn_prefill_and_decode_tp8_prefill_then_decode4_4096_8_512nan ----
INFO 09-01 22:40:47 [__init__.py:244] Automatically detected platform rocm.
No masking
[0;31mE20250901 22:41:02.760130 140048615835392 output_stream.cpp:105] Opened result file: ./profiles/standalone_attn_prefill_and_decode_tp8_prefill_then_decode4_4096_8_512nan_kernel_trace.csv
[m[0;31mE20250901 22:41:02.765984 140048615835392 output_stream.cpp:105] Opened result file: ./profiles/standalone_attn_prefill_and_decode_tp8_prefill_then_decode4_4096_8_512nan_agent_info.csv
[m# ---- Run standalone_attn_prefill_and_decode_tp8_prefill_then_decode4_4096_8_1024nan ----
INFO 09-01 22:41:16 [__init__.py:244] Automatically detected platform rocm.
No masking
[0;31mE20250901 22:41:31.554219 139860761900800 output_stream.cpp:105] Opened result file: ./profiles/standalone_attn_prefill_and_decode_tp8_prefill_then_decode4_4096_8_1024nan_kernel_trace.csv
[m[0;31mE20250901 22:41:31.560068 139860761900800 output_stream.cpp:105] Opened result file: ./profiles/standalone_attn_prefill_and_decode_tp8_prefill_then_decode4_4096_8_1024nan_agent_info.csv
[m# ---- Run standalone_attn_prefill_and_decode_tp8_prefill_then_decode4_4096_8_2048nan ----
INFO 09-01 22:41:45 [__init__.py:244] Automatically detected platform rocm.
No masking
[0;31mE20250901 22:42:00.366913 140621732947712 output_stream.cpp:105] Opened result file: ./profiles/standalone_attn_prefill_and_decode_tp8_prefill_then_decode4_4096_8_2048nan_kernel_trace.csv
[m[0;31mE20250901 22:42:00.372846 140621732947712 output_stream.cpp:105] Opened result file: ./profiles/standalone_attn_prefill_and_decode_tp8_prefill_then_decode4_4096_8_2048nan_agent_info.csv
[m# ---- Run standalone_attn_prefill_and_decode_tp8_prefill_then_decode4_4096_8_4096nan ----
INFO 09-01 22:42:14 [__init__.py:244] Automatically detected platform rocm.
No masking
[0;31mE20250901 22:42:29.479222 140481942685440 output_stream.cpp:105] Opened result file: ./profiles/standalone_attn_prefill_and_decode_tp8_prefill_then_decode4_4096_8_4096nan_kernel_trace.csv
[m[0;31mE20250901 22:42:29.485583 140481942685440 output_stream.cpp:105] Opened result file: ./profiles/standalone_attn_prefill_and_decode_tp8_prefill_then_decode4_4096_8_4096nan_agent_info.csv
[m# ---- Run standalone_attn_prefill_and_decode_tp8_prefill_then_decode4_4096_8_8192nan ----
INFO 09-01 22:42:43 [__init__.py:244] Automatically detected platform rocm.
No masking
[0;31mE20250901 22:42:58.982717 140128448210688 output_stream.cpp:105] Opened result file: ./profiles/standalone_attn_prefill_and_decode_tp8_prefill_then_decode4_4096_8_8192nan_kernel_trace.csv
[m[0;31mE20250901 22:42:58.989024 140128448210688 output_stream.cpp:105] Opened result file: ./profiles/standalone_attn_prefill_and_decode_tp8_prefill_then_decode4_4096_8_8192nan_agent_info.csv
[m# ---- Run standalone_attn_prefill_and_decode_tp8_prefill_then_decode4_4096_16_256nan ----
INFO 09-01 22:43:13 [__init__.py:244] Automatically detected platform rocm.
No masking
[0;31mE20250901 22:43:28.277337 140549746878208 output_stream.cpp:105] Opened result file: ./profiles/standalone_attn_prefill_and_decode_tp8_prefill_then_decode4_4096_16_256nan_kernel_trace.csv
[m[0;31mE20250901 22:43:28.283406 140549746878208 output_stream.cpp:105] Opened result file: ./profiles/standalone_attn_prefill_and_decode_tp8_prefill_then_decode4_4096_16_256nan_agent_info.csv
[m# ---- Run standalone_attn_prefill_and_decode_tp8_prefill_then_decode4_4096_16_512nan ----
INFO 09-01 22:43:41 [__init__.py:244] Automatically detected platform rocm.
No masking
[0;31mE20250901 22:43:56.991503 140475725387520 output_stream.cpp:105] Opened result file: ./profiles/standalone_attn_prefill_and_decode_tp8_prefill_then_decode4_4096_16_512nan_kernel_trace.csv
[m[0;31mE20250901 22:43:56.997853 140475725387520 output_stream.cpp:105] Opened result file: ./profiles/standalone_attn_prefill_and_decode_tp8_prefill_then_decode4_4096_16_512nan_agent_info.csv
[m# ---- Run standalone_attn_prefill_and_decode_tp8_prefill_then_decode4_4096_16_1024nan ----
INFO 09-01 22:44:10 [__init__.py:244] Automatically detected platform rocm.
No masking
[0;31mE20250901 22:44:25.717806 139754960897792 output_stream.cpp:105] Opened result file: ./profiles/standalone_attn_prefill_and_decode_tp8_prefill_then_decode4_4096_16_1024nan_kernel_trace.csv
[m[0;31mE20250901 22:44:25.724260 139754960897792 output_stream.cpp:105] Opened result file: ./profiles/standalone_attn_prefill_and_decode_tp8_prefill_then_decode4_4096_16_1024nan_agent_info.csv
[m# ---- Run standalone_attn_prefill_and_decode_tp8_prefill_then_decode4_4096_16_2048nan ----
INFO 09-01 22:44:39 [__init__.py:244] Automatically detected platform rocm.
No masking
[0;31mE20250901 22:44:55.147349 140711251900160 output_stream.cpp:105] Opened result file: ./profiles/standalone_attn_prefill_and_decode_tp8_prefill_then_decode4_4096_16_2048nan_kernel_trace.csv
[m[0;31mE20250901 22:44:55.153394 140711251900160 output_stream.cpp:105] Opened result file: ./profiles/standalone_attn_prefill_and_decode_tp8_prefill_then_decode4_4096_16_2048nan_agent_info.csv
[m# ---- Run standalone_attn_prefill_and_decode_tp8_prefill_then_decode4_4096_16_4096nan ----
INFO 09-01 22:45:08 [__init__.py:244] Automatically detected platform rocm.
No masking
[0;31mE20250901 22:45:24.089034 139748828432128 output_stream.cpp:105] Opened result file: ./profiles/standalone_attn_prefill_and_decode_tp8_prefill_then_decode4_4096_16_4096nan_kernel_trace.csv
[m[0;31mE20250901 22:45:24.094995 139748828432128 output_stream.cpp:105] Opened result file: ./profiles/standalone_attn_prefill_and_decode_tp8_prefill_then_decode4_4096_16_4096nan_agent_info.csv
[m# ---- Run standalone_attn_prefill_and_decode_tp8_prefill_then_decode4_4096_16_8192nan ----
INFO 09-01 22:45:37 [__init__.py:244] Automatically detected platform rocm.
No masking
[0;31mE20250901 22:45:53.173370 139627378341632 output_stream.cpp:105] Opened result file: ./profiles/standalone_attn_prefill_and_decode_tp8_prefill_then_decode4_4096_16_8192nan_kernel_trace.csv
[m[0;31mE20250901 22:45:53.179236 139627378341632 output_stream.cpp:105] Opened result file: ./profiles/standalone_attn_prefill_and_decode_tp8_prefill_then_decode4_4096_16_8192nan_agent_info.csv
[m# ---- Run standalone_attn_prefill_and_decode_tp8_prefill_then_decode4_4096_32_256nan ----
INFO 09-01 22:46:06 [__init__.py:244] Automatically detected platform rocm.
No masking
[0;31mE20250901 22:46:22.230022 139846157162240 output_stream.cpp:105] Opened result file: ./profiles/standalone_attn_prefill_and_decode_tp8_prefill_then_decode4_4096_32_256nan_kernel_trace.csv
[m[0;31mE20250901 22:46:22.235876 139846157162240 output_stream.cpp:105] Opened result file: ./profiles/standalone_attn_prefill_and_decode_tp8_prefill_then_decode4_4096_32_256nan_agent_info.csv
[m# ---- Run standalone_attn_prefill_and_decode_tp8_prefill_then_decode4_4096_32_512nan ----
INFO 09-01 22:46:36 [__init__.py:244] Automatically detected platform rocm.
No masking
[0;31mE20250901 22:46:51.516611 140617492887296 output_stream.cpp:105] Opened result file: ./profiles/standalone_attn_prefill_and_decode_tp8_prefill_then_decode4_4096_32_512nan_kernel_trace.csv
[m[0;31mE20250901 22:46:51.522575 140617492887296 output_stream.cpp:105] Opened result file: ./profiles/standalone_attn_prefill_and_decode_tp8_prefill_then_decode4_4096_32_512nan_agent_info.csv
[m# ---- Run standalone_attn_prefill_and_decode_tp8_prefill_then_decode4_4096_32_1024nan ----
INFO 09-01 22:47:05 [__init__.py:244] Automatically detected platform rocm.
No masking
[0;31mE20250901 22:47:20.370512 140041981650688 output_stream.cpp:105] Opened result file: ./profiles/standalone_attn_prefill_and_decode_tp8_prefill_then_decode4_4096_32_1024nan_kernel_trace.csv
[m[0;31mE20250901 22:47:20.376450 140041981650688 output_stream.cpp:105] Opened result file: ./profiles/standalone_attn_prefill_and_decode_tp8_prefill_then_decode4_4096_32_1024nan_agent_info.csv
[m# ---- Run standalone_attn_prefill_and_decode_tp8_prefill_then_decode4_4096_32_2048nan ----
INFO 09-01 22:47:34 [__init__.py:244] Automatically detected platform rocm.
No masking
[0;31mE20250901 22:47:49.349535 139741168604928 output_stream.cpp:105] Opened result file: ./profiles/standalone_attn_prefill_and_decode_tp8_prefill_then_decode4_4096_32_2048nan_kernel_trace.csv
[m[0;31mE20250901 22:47:49.355881 139741168604928 output_stream.cpp:105] Opened result file: ./profiles/standalone_attn_prefill_and_decode_tp8_prefill_then_decode4_4096_32_2048nan_agent_info.csv
[m# ---- Run standalone_attn_prefill_and_decode_tp8_prefill_then_decode4_4096_32_4096nan ----
INFO 09-01 22:48:03 [__init__.py:244] Automatically detected platform rocm.
No masking
[0;31mE20250901 22:48:18.376639 139830698981120 output_stream.cpp:105] Opened result file: ./profiles/standalone_attn_prefill_and_decode_tp8_prefill_then_decode4_4096_32_4096nan_kernel_trace.csv
[m[0;31mE20250901 22:48:18.382791 139830698981120 output_stream.cpp:105] Opened result file: ./profiles/standalone_attn_prefill_and_decode_tp8_prefill_then_decode4_4096_32_4096nan_agent_info.csv
[m# ---- Run standalone_attn_prefill_and_decode_tp8_prefill_then_decode4_4096_32_8192nan ----
INFO 09-01 22:48:32 [__init__.py:244] Automatically detected platform rocm.
No masking
[0;31mE20250901 22:48:47.178991 140201274267392 output_stream.cpp:105] Opened result file: ./profiles/standalone_attn_prefill_and_decode_tp8_prefill_then_decode4_4096_32_8192nan_kernel_trace.csv
[m[0;31mE20250901 22:48:47.185073 140201274267392 output_stream.cpp:105] Opened result file: ./profiles/standalone_attn_prefill_and_decode_tp8_prefill_then_decode4_4096_32_8192nan_agent_info.csv
[m# ---- Run standalone_attn_prefill_and_decode_tp8_prefill_then_decode4_4096_64_256nan ----
INFO 09-01 22:49:00 [__init__.py:244] Automatically detected platform rocm.
No masking
[0;31mE20250901 22:49:15.954641 140438529697536 output_stream.cpp:105] Opened result file: ./profiles/standalone_attn_prefill_and_decode_tp8_prefill_then_decode4_4096_64_256nan_kernel_trace.csv
[m[0;31mE20250901 22:49:15.960601 140438529697536 output_stream.cpp:105] Opened result file: ./profiles/standalone_attn_prefill_and_decode_tp8_prefill_then_decode4_4096_64_256nan_agent_info.csv
[m# ---- Run standalone_attn_prefill_and_decode_tp8_prefill_then_decode4_4096_64_512nan ----
INFO 09-01 22:49:30 [__init__.py:244] Automatically detected platform rocm.
No masking
[0;31mE20250901 22:49:45.472471 140214067242752 output_stream.cpp:105] Opened result file: ./profiles/standalone_attn_prefill_and_decode_tp8_prefill_then_decode4_4096_64_512nan_kernel_trace.csv
[m[0;31mE20250901 22:49:45.478271 140214067242752 output_stream.cpp:105] Opened result file: ./profiles/standalone_attn_prefill_and_decode_tp8_prefill_then_decode4_4096_64_512nan_agent_info.csv
[m# ---- Run standalone_attn_prefill_and_decode_tp8_prefill_then_decode4_4096_64_1024nan ----
INFO 09-01 22:49:59 [__init__.py:244] Automatically detected platform rocm.
No masking
[0;31mE20250901 22:50:14.551600 140125932795648 output_stream.cpp:105] Opened result file: ./profiles/standalone_attn_prefill_and_decode_tp8_prefill_then_decode4_4096_64_1024nan_kernel_trace.csv
[m[0;31mE20250901 22:50:14.557454 140125932795648 output_stream.cpp:105] Opened result file: ./profiles/standalone_attn_prefill_and_decode_tp8_prefill_then_decode4_4096_64_1024nan_agent_info.csv
[m# ---- Run standalone_attn_prefill_and_decode_tp8_prefill_then_decode4_4096_64_2048nan ----
INFO 09-01 22:50:28 [__init__.py:244] Automatically detected platform rocm.
No masking
[0;31mE20250901 22:50:43.856496 140291969222400 output_stream.cpp:105] Opened result file: ./profiles/standalone_attn_prefill_and_decode_tp8_prefill_then_decode4_4096_64_2048nan_kernel_trace.csv
[m[0;31mE20250901 22:50:43.862518 140291969222400 output_stream.cpp:105] Opened result file: ./profiles/standalone_attn_prefill_and_decode_tp8_prefill_then_decode4_4096_64_2048nan_agent_info.csv
[m# ---- Run standalone_attn_prefill_and_decode_tp8_prefill_then_decode4_4096_64_4096nan ----
INFO 09-01 22:50:57 [__init__.py:244] Automatically detected platform rocm.
No masking
[0;31mE20250901 22:51:12.489895 140206650951424 output_stream.cpp:105] Opened result file: ./profiles/standalone_attn_prefill_and_decode_tp8_prefill_then_decode4_4096_64_4096nan_kernel_trace.csv
[m[0;31mE20250901 22:51:12.495898 140206650951424 output_stream.cpp:105] Opened result file: ./profiles/standalone_attn_prefill_and_decode_tp8_prefill_then_decode4_4096_64_4096nan_agent_info.csv
[m# ---- Run standalone_attn_prefill_and_decode_tp8_prefill_then_decode4_4096_64_8192nan ----
INFO 09-01 22:51:26 [__init__.py:244] Automatically detected platform rocm.
No masking
[0;31mE20250901 22:51:41.558325 139987536840448 output_stream.cpp:105] Opened result file: ./profiles/standalone_attn_prefill_and_decode_tp8_prefill_then_decode4_4096_64_8192nan_kernel_trace.csv
[m[0;31mE20250901 22:51:41.564265 139987536840448 output_stream.cpp:105] Opened result file: ./profiles/standalone_attn_prefill_and_decode_tp8_prefill_then_decode4_4096_64_8192nan_agent_info.csv
[m# ---- Run standalone_attn_prefill_and_decode_tp8_prefill_then_decode4_4096_128_256nan ----
INFO 09-01 22:51:55 [__init__.py:244] Automatically detected platform rocm.
No masking
[0;31mE20250901 22:52:09.977193 140515145742080 output_stream.cpp:105] Opened result file: ./profiles/standalone_attn_prefill_and_decode_tp8_prefill_then_decode4_4096_128_256nan_kernel_trace.csv
[m[0;31mE20250901 22:52:09.983090 140515145742080 output_stream.cpp:105] Opened result file: ./profiles/standalone_attn_prefill_and_decode_tp8_prefill_then_decode4_4096_128_256nan_agent_info.csv
[m# ---- Run standalone_attn_prefill_and_decode_tp8_prefill_then_decode4_4096_128_512nan ----
INFO 09-01 22:52:23 [__init__.py:244] Automatically detected platform rocm.
No masking
[0;31mE20250901 22:52:38.272595 140436286748416 output_stream.cpp:105] Opened result file: ./profiles/standalone_attn_prefill_and_decode_tp8_prefill_then_decode4_4096_128_512nan_kernel_trace.csv
[m[0;31mE20250901 22:52:38.278649 140436286748416 output_stream.cpp:105] Opened result file: ./profiles/standalone_attn_prefill_and_decode_tp8_prefill_then_decode4_4096_128_512nan_agent_info.csv
[m# ---- Run standalone_attn_prefill_and_decode_tp8_prefill_then_decode4_4096_128_1024nan ----
INFO 09-01 22:52:51 [__init__.py:244] Automatically detected platform rocm.
No masking
[0;31mE20250901 22:53:06.752543 140444497987328 output_stream.cpp:105] Opened result file: ./profiles/standalone_attn_prefill_and_decode_tp8_prefill_then_decode4_4096_128_1024nan_kernel_trace.csv
[m[0;31mE20250901 22:53:06.758649 140444497987328 output_stream.cpp:105] Opened result file: ./profiles/standalone_attn_prefill_and_decode_tp8_prefill_then_decode4_4096_128_1024nan_agent_info.csv
[m# ---- Run standalone_attn_prefill_and_decode_tp8_prefill_then_decode4_4096_128_2048nan ----
INFO 09-01 22:53:20 [__init__.py:244] Automatically detected platform rocm.
No masking
[0;31mE20250901 22:53:35.307133 140660246955776 output_stream.cpp:105] Opened result file: ./profiles/standalone_attn_prefill_and_decode_tp8_prefill_then_decode4_4096_128_2048nan_kernel_trace.csv
[m[0;31mE20250901 22:53:35.313093 140660246955776 output_stream.cpp:105] Opened result file: ./profiles/standalone_attn_prefill_and_decode_tp8_prefill_then_decode4_4096_128_2048nan_agent_info.csv
[m# ---- Run standalone_attn_prefill_and_decode_tp8_prefill_then_decode4_4096_128_4096nan ----
INFO 09-01 22:53:48 [__init__.py:244] Automatically detected platform rocm.
No masking
[0;31mE20250901 22:54:03.411183 140510660859648 output_stream.cpp:105] Opened result file: ./profiles/standalone_attn_prefill_and_decode_tp8_prefill_then_decode4_4096_128_4096nan_kernel_trace.csv
[m[0;31mE20250901 22:54:03.417257 140510660859648 output_stream.cpp:105] Opened result file: ./profiles/standalone_attn_prefill_and_decode_tp8_prefill_then_decode4_4096_128_4096nan_agent_info.csv
[m# ---- Run standalone_attn_prefill_and_decode_tp8_prefill_then_decode4_4096_128_8192nan ----
INFO 09-01 22:54:17 [__init__.py:244] Automatically detected platform rocm.
No masking
[0;31mE20250901 22:54:32.070552 139770476787456 output_stream.cpp:105] Opened result file: ./profiles/standalone_attn_prefill_and_decode_tp8_prefill_then_decode4_4096_128_8192nan_kernel_trace.csv
[m[0;31mE20250901 22:54:32.076699 139770476787456 output_stream.cpp:105] Opened result file: ./profiles/standalone_attn_prefill_and_decode_tp8_prefill_then_decode4_4096_128_8192nan_agent_info.csv
[m# ---- Run standalone_attn_prefill_and_decode_tp8_prefill_then_decode4_8192_1_256nan ----
INFO 09-01 22:54:45 [__init__.py:244] Automatically detected platform rocm.
No masking
[0;31mE20250901 22:55:01.452062 140561132513024 output_stream.cpp:105] Opened result file: ./profiles/standalone_attn_prefill_and_decode_tp8_prefill_then_decode4_8192_1_256nan_kernel_trace.csv
[m[0;31mE20250901 22:55:01.458066 140561132513024 output_stream.cpp:105] Opened result file: ./profiles/standalone_attn_prefill_and_decode_tp8_prefill_then_decode4_8192_1_256nan_agent_info.csv
[m# ---- Run standalone_attn_prefill_and_decode_tp8_prefill_then_decode4_8192_1_512nan ----
INFO 09-01 22:55:14 [__init__.py:244] Automatically detected platform rocm.
No masking
[0;31mE20250901 22:55:30.504799 140224201332480 output_stream.cpp:105] Opened result file: ./profiles/standalone_attn_prefill_and_decode_tp8_prefill_then_decode4_8192_1_512nan_kernel_trace.csv
[m[0;31mE20250901 22:55:30.510660 140224201332480 output_stream.cpp:105] Opened result file: ./profiles/standalone_attn_prefill_and_decode_tp8_prefill_then_decode4_8192_1_512nan_agent_info.csv
[m# ---- Run standalone_attn_prefill_and_decode_tp8_prefill_then_decode4_8192_1_1024nan ----
INFO 09-01 22:55:44 [__init__.py:244] Automatically detected platform rocm.
No masking
[0;31mE20250901 22:55:59.944559 139935257962240 output_stream.cpp:105] Opened result file: ./profiles/standalone_attn_prefill_and_decode_tp8_prefill_then_decode4_8192_1_1024nan_kernel_trace.csv
[m[0;31mE20250901 22:55:59.950519 139935257962240 output_stream.cpp:105] Opened result file: ./profiles/standalone_attn_prefill_and_decode_tp8_prefill_then_decode4_8192_1_1024nan_agent_info.csv
[m# ---- Run standalone_attn_prefill_and_decode_tp8_prefill_then_decode4_8192_1_2048nan ----
INFO 09-01 22:56:13 [__init__.py:244] Automatically detected platform rocm.
No masking
[0;31mE20250901 22:56:29.350209 139814027298560 output_stream.cpp:105] Opened result file: ./profiles/standalone_attn_prefill_and_decode_tp8_prefill_then_decode4_8192_1_2048nan_kernel_trace.csv
[m[0;31mE20250901 22:56:29.356074 139814027298560 output_stream.cpp:105] Opened result file: ./profiles/standalone_attn_prefill_and_decode_tp8_prefill_then_decode4_8192_1_2048nan_agent_info.csv
[m# ---- Run standalone_attn_prefill_and_decode_tp8_prefill_then_decode4_8192_1_4096nan ----
INFO 09-01 22:56:42 [__init__.py:244] Automatically detected platform rocm.
No masking
[0;31mE20250901 22:56:58.195619 140703707244288 output_stream.cpp:105] Opened result file: ./profiles/standalone_attn_prefill_and_decode_tp8_prefill_then_decode4_8192_1_4096nan_kernel_trace.csv
[m[0;31mE20250901 22:56:58.201606 140703707244288 output_stream.cpp:105] Opened result file: ./profiles/standalone_attn_prefill_and_decode_tp8_prefill_then_decode4_8192_1_4096nan_agent_info.csv
[m# ---- Run standalone_attn_prefill_and_decode_tp8_prefill_then_decode4_8192_1_8192nan ----
INFO 09-01 22:57:12 [__init__.py:244] Automatically detected platform rocm.
No masking
[0;31mE20250901 22:57:27.821345 139830278338304 output_stream.cpp:105] Opened result file: ./profiles/standalone_attn_prefill_and_decode_tp8_prefill_then_decode4_8192_1_8192nan_kernel_trace.csv
[m[0;31mE20250901 22:57:27.827185 139830278338304 output_stream.cpp:105] Opened result file: ./profiles/standalone_attn_prefill_and_decode_tp8_prefill_then_decode4_8192_1_8192nan_agent_info.csv
[m# ---- Run standalone_attn_prefill_and_decode_tp8_prefill_then_decode4_8192_2_256nan ----
INFO 09-01 22:57:41 [__init__.py:244] Automatically detected platform rocm.
No masking
[0;31mE20250901 22:57:56.721287 140551117502208 output_stream.cpp:105] Opened result file: ./profiles/standalone_attn_prefill_and_decode_tp8_prefill_then_decode4_8192_2_256nan_kernel_trace.csv
[m[0;31mE20250901 22:57:56.727196 140551117502208 output_stream.cpp:105] Opened result file: ./profiles/standalone_attn_prefill_and_decode_tp8_prefill_then_decode4_8192_2_256nan_agent_info.csv
[m# ---- Run standalone_attn_prefill_and_decode_tp8_prefill_then_decode4_8192_2_512nan ----
INFO 09-01 22:58:10 [__init__.py:244] Automatically detected platform rocm.
No masking
[0;31mE20250901 22:58:25.573409 140121934108416 output_stream.cpp:105] Opened result file: ./profiles/standalone_attn_prefill_and_decode_tp8_prefill_then_decode4_8192_2_512nan_kernel_trace.csv
[m[0;31mE20250901 22:58:25.579455 140121934108416 output_stream.cpp:105] Opened result file: ./profiles/standalone_attn_prefill_and_decode_tp8_prefill_then_decode4_8192_2_512nan_agent_info.csv
[m# ---- Run standalone_attn_prefill_and_decode_tp8_prefill_then_decode4_8192_2_1024nan ----
INFO 09-01 22:58:39 [__init__.py:244] Automatically detected platform rocm.
No masking
[0;31mE20250901 22:58:55.013609 140339185465088 output_stream.cpp:105] Opened result file: ./profiles/standalone_attn_prefill_and_decode_tp8_prefill_then_decode4_8192_2_1024nan_kernel_trace.csv
[m[0;31mE20250901 22:58:55.019417 140339185465088 output_stream.cpp:105] Opened result file: ./profiles/standalone_attn_prefill_and_decode_tp8_prefill_then_decode4_8192_2_1024nan_agent_info.csv
[m# ---- Run standalone_attn_prefill_and_decode_tp8_prefill_then_decode4_8192_2_2048nan ----
INFO 09-01 22:59:08 [__init__.py:244] Automatically detected platform rocm.
No masking
[0;31mE20250901 22:59:24.388609 140116215576320 output_stream.cpp:105] Opened result file: ./profiles/standalone_attn_prefill_and_decode_tp8_prefill_then_decode4_8192_2_2048nan_kernel_trace.csv
[m[0;31mE20250901 22:59:24.395112 140116215576320 output_stream.cpp:105] Opened result file: ./profiles/standalone_attn_prefill_and_decode_tp8_prefill_then_decode4_8192_2_2048nan_agent_info.csv
[m# ---- Run standalone_attn_prefill_and_decode_tp8_prefill_then_decode4_8192_2_4096nan ----
INFO 09-01 22:59:38 [__init__.py:244] Automatically detected platform rocm.
No masking
[0;31mE20250901 22:59:53.584493 140541068547840 output_stream.cpp:105] Opened result file: ./profiles/standalone_attn_prefill_and_decode_tp8_prefill_then_decode4_8192_2_4096nan_kernel_trace.csv
[m[0;31mE20250901 22:59:53.591129 140541068547840 output_stream.cpp:105] Opened result file: ./profiles/standalone_attn_prefill_and_decode_tp8_prefill_then_decode4_8192_2_4096nan_agent_info.csv
[m# ---- Run standalone_attn_prefill_and_decode_tp8_prefill_then_decode4_8192_2_8192nan ----
INFO 09-01 23:00:06 [__init__.py:244] Automatically detected platform rocm.
No masking
[0;31mE20250901 23:00:22.561481 140533052892928 output_stream.cpp:105] Opened result file: ./profiles/standalone_attn_prefill_and_decode_tp8_prefill_then_decode4_8192_2_8192nan_kernel_trace.csv
[m[0;31mE20250901 23:00:22.568280 140533052892928 output_stream.cpp:105] Opened result file: ./profiles/standalone_attn_prefill_and_decode_tp8_prefill_then_decode4_8192_2_8192nan_agent_info.csv
[m# ---- Run standalone_attn_prefill_and_decode_tp8_prefill_then_decode4_8192_4_256nan ----
INFO 09-01 23:00:36 [__init__.py:244] Automatically detected platform rocm.
No masking
[0;31mE20250901 23:00:51.807345 139860778665728 output_stream.cpp:105] Opened result file: ./profiles/standalone_attn_prefill_and_decode_tp8_prefill_then_decode4_8192_4_256nan_kernel_trace.csv
[m[0;31mE20250901 23:00:51.814364 139860778665728 output_stream.cpp:105] Opened result file: ./profiles/standalone_attn_prefill_and_decode_tp8_prefill_then_decode4_8192_4_256nan_agent_info.csv
[m# ---- Run standalone_attn_prefill_and_decode_tp8_prefill_then_decode4_8192_4_512nan ----
INFO 09-01 23:01:05 [__init__.py:244] Automatically detected platform rocm.
No masking
[0;31mE20250901 23:01:20.463743 140285904852736 output_stream.cpp:105] Opened result file: ./profiles/standalone_attn_prefill_and_decode_tp8_prefill_then_decode4_8192_4_512nan_kernel_trace.csv
[m[0;31mE20250901 23:01:20.469745 140285904852736 output_stream.cpp:105] Opened result file: ./profiles/standalone_attn_prefill_and_decode_tp8_prefill_then_decode4_8192_4_512nan_agent_info.csv
[m# ---- Run standalone_attn_prefill_and_decode_tp8_prefill_then_decode4_8192_4_1024nan ----
INFO 09-01 23:01:34 [__init__.py:244] Automatically detected platform rocm.
No masking
[0;31mE20250901 23:01:50.052130 140432541259520 output_stream.cpp:105] Opened result file: ./profiles/standalone_attn_prefill_and_decode_tp8_prefill_then_decode4_8192_4_1024nan_kernel_trace.csv
[m[0;31mE20250901 23:01:50.058465 140432541259520 output_stream.cpp:105] Opened result file: ./profiles/standalone_attn_prefill_and_decode_tp8_prefill_then_decode4_8192_4_1024nan_agent_info.csv
[m# ---- Run standalone_attn_prefill_and_decode_tp8_prefill_then_decode4_8192_4_2048nan ----
INFO 09-01 23:02:04 [__init__.py:244] Automatically detected platform rocm.
No masking
[0;31mE20250901 23:02:19.389310 140439349606144 output_stream.cpp:105] Opened result file: ./profiles/standalone_attn_prefill_and_decode_tp8_prefill_then_decode4_8192_4_2048nan_kernel_trace.csv
[m[0;31mE20250901 23:02:19.396143 140439349606144 output_stream.cpp:105] Opened result file: ./profiles/standalone_attn_prefill_and_decode_tp8_prefill_then_decode4_8192_4_2048nan_agent_info.csv
[m# ---- Run standalone_attn_prefill_and_decode_tp8_prefill_then_decode4_8192_4_4096nan ----
INFO 09-01 23:02:33 [__init__.py:244] Automatically detected platform rocm.
No masking
[0;31mE20250901 23:02:48.818309 140519322224384 output_stream.cpp:105] Opened result file: ./profiles/standalone_attn_prefill_and_decode_tp8_prefill_then_decode4_8192_4_4096nan_kernel_trace.csv
[m[0;31mE20250901 23:02:48.824722 140519322224384 output_stream.cpp:105] Opened result file: ./profiles/standalone_attn_prefill_and_decode_tp8_prefill_then_decode4_8192_4_4096nan_agent_info.csv
[m# ---- Run standalone_attn_prefill_and_decode_tp8_prefill_then_decode4_8192_4_8192nan ----
INFO 09-01 23:03:02 [__init__.py:244] Automatically detected platform rocm.
No masking
[0;31mE20250901 23:03:18.083320 140384205973248 output_stream.cpp:105] Opened result file: ./profiles/standalone_attn_prefill_and_decode_tp8_prefill_then_decode4_8192_4_8192nan_kernel_trace.csv
[m[0;31mE20250901 23:03:18.090252 140384205973248 output_stream.cpp:105] Opened result file: ./profiles/standalone_attn_prefill_and_decode_tp8_prefill_then_decode4_8192_4_8192nan_agent_info.csv
[m# ---- Run standalone_attn_prefill_and_decode_tp8_prefill_then_decode4_8192_8_256nan ----
INFO 09-01 23:03:32 [__init__.py:244] Automatically detected platform rocm.
No masking
[0;31mE20250901 23:03:47.393056 140006295111424 output_stream.cpp:105] Opened result file: ./profiles/standalone_attn_prefill_and_decode_tp8_prefill_then_decode4_8192_8_256nan_kernel_trace.csv
[m[0;31mE20250901 23:03:47.398942 140006295111424 output_stream.cpp:105] Opened result file: ./profiles/standalone_attn_prefill_and_decode_tp8_prefill_then_decode4_8192_8_256nan_agent_info.csv
[m# ---- Run standalone_attn_prefill_and_decode_tp8_prefill_then_decode4_8192_8_512nan ----
INFO 09-01 23:04:01 [__init__.py:244] Automatically detected platform rocm.
No masking
[0;31mE20250901 23:04:16.549715 140245813364480 output_stream.cpp:105] Opened result file: ./profiles/standalone_attn_prefill_and_decode_tp8_prefill_then_decode4_8192_8_512nan_kernel_trace.csv
[m[0;31mE20250901 23:04:16.555657 140245813364480 output_stream.cpp:105] Opened result file: ./profiles/standalone_attn_prefill_and_decode_tp8_prefill_then_decode4_8192_8_512nan_agent_info.csv
[m# ---- Run standalone_attn_prefill_and_decode_tp8_prefill_then_decode4_8192_8_1024nan ----
INFO 09-01 23:04:29 [__init__.py:244] Automatically detected platform rocm.
No masking
[0;31mE20250901 23:04:45.340734 140136775620352 output_stream.cpp:105] Opened result file: ./profiles/standalone_attn_prefill_and_decode_tp8_prefill_then_decode4_8192_8_1024nan_kernel_trace.csv
[m[0;31mE20250901 23:04:45.349506 140136775620352 output_stream.cpp:105] Opened result file: ./profiles/standalone_attn_prefill_and_decode_tp8_prefill_then_decode4_8192_8_1024nan_agent_info.csv
[m# ---- Run standalone_attn_prefill_and_decode_tp8_prefill_then_decode4_8192_8_2048nan ----
INFO 09-01 23:04:58 [__init__.py:244] Automatically detected platform rocm.
No masking
[0;31mE20250901 23:05:14.237830 140182165616384 output_stream.cpp:105] Opened result file: ./profiles/standalone_attn_prefill_and_decode_tp8_prefill_then_decode4_8192_8_2048nan_kernel_trace.csv
[m[0;31mE20250901 23:05:14.243748 140182165616384 output_stream.cpp:105] Opened result file: ./profiles/standalone_attn_prefill_and_decode_tp8_prefill_then_decode4_8192_8_2048nan_agent_info.csv
[m# ---- Run standalone_attn_prefill_and_decode_tp8_prefill_then_decode4_8192_8_4096nan ----
INFO 09-01 23:05:27 [__init__.py:244] Automatically detected platform rocm.
No masking
[0;31mE20250901 23:05:43.328179 139809968699136 output_stream.cpp:105] Opened result file: ./profiles/standalone_attn_prefill_and_decode_tp8_prefill_then_decode4_8192_8_4096nan_kernel_trace.csv
[m[0;31mE20250901 23:05:43.334264 139809968699136 output_stream.cpp:105] Opened result file: ./profiles/standalone_attn_prefill_and_decode_tp8_prefill_then_decode4_8192_8_4096nan_agent_info.csv
[m# ---- Run standalone_attn_prefill_and_decode_tp8_prefill_then_decode4_8192_8_8192nan ----
INFO 09-01 23:05:57 [__init__.py:244] Automatically detected platform rocm.
No masking
[0;31mE20250901 23:06:12.772498 140206896539392 output_stream.cpp:105] Opened result file: ./profiles/standalone_attn_prefill_and_decode_tp8_prefill_then_decode4_8192_8_8192nan_kernel_trace.csv
[m[0;31mE20250901 23:06:12.779304 140206896539392 output_stream.cpp:105] Opened result file: ./profiles/standalone_attn_prefill_and_decode_tp8_prefill_then_decode4_8192_8_8192nan_agent_info.csv
[m# ---- Run standalone_attn_prefill_and_decode_tp8_prefill_then_decode4_8192_16_256nan ----
INFO 09-01 23:06:26 [__init__.py:244] Automatically detected platform rocm.
No masking
[0;31mE20250901 23:06:42.346131 140610562684672 output_stream.cpp:105] Opened result file: ./profiles/standalone_attn_prefill_and_decode_tp8_prefill_then_decode4_8192_16_256nan_kernel_trace.csv
[m[0;31mE20250901 23:06:42.352517 140610562684672 output_stream.cpp:105] Opened result file: ./profiles/standalone_attn_prefill_and_decode_tp8_prefill_then_decode4_8192_16_256nan_agent_info.csv
[m# ---- Run standalone_attn_prefill_and_decode_tp8_prefill_then_decode4_8192_16_512nan ----
INFO 09-01 23:06:55 [__init__.py:244] Automatically detected platform rocm.
No masking
[0;31mE20250901 23:07:11.265286 140704490542848 output_stream.cpp:105] Opened result file: ./profiles/standalone_attn_prefill_and_decode_tp8_prefill_then_decode4_8192_16_512nan_kernel_trace.csv
[m[0;31mE20250901 23:07:11.271949 140704490542848 output_stream.cpp:105] Opened result file: ./profiles/standalone_attn_prefill_and_decode_tp8_prefill_then_decode4_8192_16_512nan_agent_info.csv
[m# ---- Run standalone_attn_prefill_and_decode_tp8_prefill_then_decode4_8192_16_1024nan ----
INFO 09-01 23:07:25 [__init__.py:244] Automatically detected platform rocm.
No masking
[0;31mE20250901 23:07:40.237219 140160003180288 output_stream.cpp:105] Opened result file: ./profiles/standalone_attn_prefill_and_decode_tp8_prefill_then_decode4_8192_16_1024nan_kernel_trace.csv
[m[0;31mE20250901 23:07:40.244168 140160003180288 output_stream.cpp:105] Opened result file: ./profiles/standalone_attn_prefill_and_decode_tp8_prefill_then_decode4_8192_16_1024nan_agent_info.csv
[m# ---- Run standalone_attn_prefill_and_decode_tp8_prefill_then_decode4_8192_16_2048nan ----
INFO 09-01 23:07:53 [__init__.py:244] Automatically detected platform rocm.
No masking
[0;31mE20250901 23:08:09.395290 140458614908672 output_stream.cpp:105] Opened result file: ./profiles/standalone_attn_prefill_and_decode_tp8_prefill_then_decode4_8192_16_2048nan_kernel_trace.csv
[m[0;31mE20250901 23:08:09.401062 140458614908672 output_stream.cpp:105] Opened result file: ./profiles/standalone_attn_prefill_and_decode_tp8_prefill_then_decode4_8192_16_2048nan_agent_info.csv
[m# ---- Run standalone_attn_prefill_and_decode_tp8_prefill_then_decode4_8192_16_4096nan ----
INFO 09-01 23:08:22 [__init__.py:244] Automatically detected platform rocm.
No masking
[0;31mE20250901 23:08:38.078709 140389735991040 output_stream.cpp:105] Opened result file: ./profiles/standalone_attn_prefill_and_decode_tp8_prefill_then_decode4_8192_16_4096nan_kernel_trace.csv
[m[0;31mE20250901 23:08:38.084694 140389735991040 output_stream.cpp:105] Opened result file: ./profiles/standalone_attn_prefill_and_decode_tp8_prefill_then_decode4_8192_16_4096nan_agent_info.csv
[m# ---- Run standalone_attn_prefill_and_decode_tp8_prefill_then_decode4_8192_16_8192nan ----
INFO 09-01 23:08:51 [__init__.py:244] Automatically detected platform rocm.
No masking
[0;31mE20250901 23:09:07.147821 140717520938752 output_stream.cpp:105] Opened result file: ./profiles/standalone_attn_prefill_and_decode_tp8_prefill_then_decode4_8192_16_8192nan_kernel_trace.csv
[m[0;31mE20250901 23:09:07.153771 140717520938752 output_stream.cpp:105] Opened result file: ./profiles/standalone_attn_prefill_and_decode_tp8_prefill_then_decode4_8192_16_8192nan_agent_info.csv
[m# ---- Run standalone_attn_prefill_and_decode_tp8_prefill_then_decode4_8192_32_256nan ----
INFO 09-01 23:09:20 [__init__.py:244] Automatically detected platform rocm.
No masking
[0;31mE20250901 23:09:35.911417 140643767342848 output_stream.cpp:105] Opened result file: ./profiles/standalone_attn_prefill_and_decode_tp8_prefill_then_decode4_8192_32_256nan_kernel_trace.csv
[m[0;31mE20250901 23:09:35.917318 140643767342848 output_stream.cpp:105] Opened result file: ./profiles/standalone_attn_prefill_and_decode_tp8_prefill_then_decode4_8192_32_256nan_agent_info.csv
[m# ---- Run standalone_attn_prefill_and_decode_tp8_prefill_then_decode4_8192_32_512nan ----
INFO 09-01 23:09:49 [__init__.py:244] Automatically detected platform rocm.
No masking
[0;31mE20250901 23:10:05.439326 140280487479040 output_stream.cpp:105] Opened result file: ./profiles/standalone_attn_prefill_and_decode_tp8_prefill_then_decode4_8192_32_512nan_kernel_trace.csv
[m[0;31mE20250901 23:10:05.446691 140280487479040 output_stream.cpp:105] Opened result file: ./profiles/standalone_attn_prefill_and_decode_tp8_prefill_then_decode4_8192_32_512nan_agent_info.csv
[m# ---- Run standalone_attn_prefill_and_decode_tp8_prefill_then_decode4_8192_32_1024nan ----
INFO 09-01 23:10:19 [__init__.py:244] Automatically detected platform rocm.
No masking
[0;31mE20250901 23:10:34.615101 139893017732864 output_stream.cpp:105] Opened result file: ./profiles/standalone_attn_prefill_and_decode_tp8_prefill_then_decode4_8192_32_1024nan_kernel_trace.csv
[m[0;31mE20250901 23:10:34.622299 139893017732864 output_stream.cpp:105] Opened result file: ./profiles/standalone_attn_prefill_and_decode_tp8_prefill_then_decode4_8192_32_1024nan_agent_info.csv
[m# ---- Run standalone_attn_prefill_and_decode_tp8_prefill_then_decode4_8192_32_2048nan ----
INFO 09-01 23:10:48 [__init__.py:244] Automatically detected platform rocm.
No masking
[0;31mE20250901 23:11:03.865382 140443042608896 output_stream.cpp:105] Opened result file: ./profiles/standalone_attn_prefill_and_decode_tp8_prefill_then_decode4_8192_32_2048nan_kernel_trace.csv
[m[0;31mE20250901 23:11:03.872140 140443042608896 output_stream.cpp:105] Opened result file: ./profiles/standalone_attn_prefill_and_decode_tp8_prefill_then_decode4_8192_32_2048nan_agent_info.csv
[m# ---- Run standalone_attn_prefill_and_decode_tp8_prefill_then_decode4_8192_32_4096nan ----
INFO 09-01 23:11:17 [__init__.py:244] Automatically detected platform rocm.
No masking
[0;31mE20250901 23:11:32.073471 139717620197120 output_stream.cpp:105] Opened result file: ./profiles/standalone_attn_prefill_and_decode_tp8_prefill_then_decode4_8192_32_4096nan_kernel_trace.csv
[m[0;31mE20250901 23:11:32.080548 139717620197120 output_stream.cpp:105] Opened result file: ./profiles/standalone_attn_prefill_and_decode_tp8_prefill_then_decode4_8192_32_4096nan_agent_info.csv
[m# ---- Run standalone_attn_prefill_and_decode_tp8_prefill_then_decode4_8192_32_8192nan ----
INFO 09-01 23:11:45 [__init__.py:244] Automatically detected platform rocm.
No masking
[0;31mE20250901 23:12:00.955252 139729991923456 output_stream.cpp:105] Opened result file: ./profiles/standalone_attn_prefill_and_decode_tp8_prefill_then_decode4_8192_32_8192nan_kernel_trace.csv
[m[0;31mE20250901 23:12:00.961339 139729991923456 output_stream.cpp:105] Opened result file: ./profiles/standalone_attn_prefill_and_decode_tp8_prefill_then_decode4_8192_32_8192nan_agent_info.csv
[m# ---- Run standalone_attn_prefill_and_decode_tp8_prefill_then_decode4_8192_64_256nan ----
INFO 09-01 23:12:14 [__init__.py:244] Automatically detected platform rocm.
No masking
[0;31mE20250901 23:12:29.955496 140511160502016 output_stream.cpp:105] Opened result file: ./profiles/standalone_attn_prefill_and_decode_tp8_prefill_then_decode4_8192_64_256nan_kernel_trace.csv
[m[0;31mE20250901 23:12:29.961564 140511160502016 output_stream.cpp:105] Opened result file: ./profiles/standalone_attn_prefill_and_decode_tp8_prefill_then_decode4_8192_64_256nan_agent_info.csv
[m# ---- Run standalone_attn_prefill_and_decode_tp8_prefill_then_decode4_8192_64_512nan ----
INFO 09-01 23:12:43 [__init__.py:244] Automatically detected platform rocm.
No masking
[0;31mE20250901 23:12:58.592759 140020858050304 output_stream.cpp:105] Opened result file: ./profiles/standalone_attn_prefill_and_decode_tp8_prefill_then_decode4_8192_64_512nan_kernel_trace.csv
[m[0;31mE20250901 23:12:58.598747 140020858050304 output_stream.cpp:105] Opened result file: ./profiles/standalone_attn_prefill_and_decode_tp8_prefill_then_decode4_8192_64_512nan_agent_info.csv
[m# ---- Run standalone_attn_prefill_and_decode_tp8_prefill_then_decode4_8192_64_1024nan ----
INFO 09-01 23:13:12 [__init__.py:244] Automatically detected platform rocm.
No masking
[0;31mE20250901 23:13:27.493430 140315791841024 output_stream.cpp:105] Opened result file: ./profiles/standalone_attn_prefill_and_decode_tp8_prefill_then_decode4_8192_64_1024nan_kernel_trace.csv
[m[0;31mE20250901 23:13:27.499398 140315791841024 output_stream.cpp:105] Opened result file: ./profiles/standalone_attn_prefill_and_decode_tp8_prefill_then_decode4_8192_64_1024nan_agent_info.csv
[m# ---- Run standalone_attn_prefill_and_decode_tp8_prefill_then_decode4_8192_64_2048nan ----
INFO 09-01 23:13:41 [__init__.py:244] Automatically detected platform rocm.
No masking
[0;31mE20250901 23:13:56.428738 140065294329600 output_stream.cpp:105] Opened result file: ./profiles/standalone_attn_prefill_and_decode_tp8_prefill_then_decode4_8192_64_2048nan_kernel_trace.csv
[m[0;31mE20250901 23:13:56.435227 140065294329600 output_stream.cpp:105] Opened result file: ./profiles/standalone_attn_prefill_and_decode_tp8_prefill_then_decode4_8192_64_2048nan_agent_info.csv
[m# ---- Run standalone_attn_prefill_and_decode_tp8_prefill_then_decode4_8192_64_4096nan ----
INFO 09-01 23:14:09 [__init__.py:244] Automatically detected platform rocm.
No masking
[0;31mE20250901 23:14:24.870854 140241234642688 output_stream.cpp:105] Opened result file: ./profiles/standalone_attn_prefill_and_decode_tp8_prefill_then_decode4_8192_64_4096nan_kernel_trace.csv
[m[0;31mE20250901 23:14:24.876806 140241234642688 output_stream.cpp:105] Opened result file: ./profiles/standalone_attn_prefill_and_decode_tp8_prefill_then_decode4_8192_64_4096nan_agent_info.csv
[m# ---- Run standalone_attn_prefill_and_decode_tp8_prefill_then_decode4_8192_64_8192nan ----
INFO 09-01 23:14:38 [__init__.py:244] Automatically detected platform rocm.
No masking
[0;31mE20250901 23:14:54.029164 140102702257920 output_stream.cpp:105] Opened result file: ./profiles/standalone_attn_prefill_and_decode_tp8_prefill_then_decode4_8192_64_8192nan_kernel_trace.csv
[m[0;31mE20250901 23:14:54.035131 140102702257920 output_stream.cpp:105] Opened result file: ./profiles/standalone_attn_prefill_and_decode_tp8_prefill_then_decode4_8192_64_8192nan_agent_info.csv
[m# ---- Run standalone_attn_prefill_and_decode_tp8_prefill_then_decode4_8192_128_256nan ----
INFO 09-01 23:15:07 [__init__.py:244] Automatically detected platform rocm.
No masking
[0;31mE20250901 23:15:22.412459 140629734823680 output_stream.cpp:105] Opened result file: ./profiles/standalone_attn_prefill_and_decode_tp8_prefill_then_decode4_8192_128_256nan_kernel_trace.csv
[m[0;31mE20250901 23:15:22.418270 140629734823680 output_stream.cpp:105] Opened result file: ./profiles/standalone_attn_prefill_and_decode_tp8_prefill_then_decode4_8192_128_256nan_agent_info.csv
[m# ---- Run standalone_attn_prefill_and_decode_tp8_prefill_then_decode4_8192_128_512nan ----
INFO 09-01 23:15:35 [__init__.py:244] Automatically detected platform rocm.
No masking
[0;31mE20250901 23:15:50.779561 140656946829056 output_stream.cpp:105] Opened result file: ./profiles/standalone_attn_prefill_and_decode_tp8_prefill_then_decode4_8192_128_512nan_kernel_trace.csv
[m[0;31mE20250901 23:15:50.785821 140656946829056 output_stream.cpp:105] Opened result file: ./profiles/standalone_attn_prefill_and_decode_tp8_prefill_then_decode4_8192_128_512nan_agent_info.csv
[m# ---- Run standalone_attn_prefill_and_decode_tp8_prefill_then_decode4_8192_128_1024nan ----
INFO 09-01 23:16:04 [__init__.py:244] Automatically detected platform rocm.
No masking
[0;31mE20250901 23:16:18.986069 140504094934784 output_stream.cpp:105] Opened result file: ./profiles/standalone_attn_prefill_and_decode_tp8_prefill_then_decode4_8192_128_1024nan_kernel_trace.csv
[m[0;31mE20250901 23:16:18.991969 140504094934784 output_stream.cpp:105] Opened result file: ./profiles/standalone_attn_prefill_and_decode_tp8_prefill_then_decode4_8192_128_1024nan_agent_info.csv
[m# ---- Run standalone_attn_prefill_and_decode_tp8_prefill_then_decode4_8192_128_2048nan ----
INFO 09-01 23:16:32 [__init__.py:244] Automatically detected platform rocm.
No masking
[0;31mE20250901 23:16:47.416170 140071480346368 output_stream.cpp:105] Opened result file: ./profiles/standalone_attn_prefill_and_decode_tp8_prefill_then_decode4_8192_128_2048nan_kernel_trace.csv
[m[0;31mE20250901 23:16:47.421989 140071480346368 output_stream.cpp:105] Opened result file: ./profiles/standalone_attn_prefill_and_decode_tp8_prefill_then_decode4_8192_128_2048nan_agent_info.csv
[m# ---- Run standalone_attn_prefill_and_decode_tp8_prefill_then_decode4_8192_128_4096nan ----
INFO 09-01 23:17:00 [__init__.py:244] Automatically detected platform rocm.
No masking
[0;31mE20250901 23:17:15.614013 140170451908352 output_stream.cpp:105] Opened result file: ./profiles/standalone_attn_prefill_and_decode_tp8_prefill_then_decode4_8192_128_4096nan_kernel_trace.csv
[m[0;31mE20250901 23:17:15.619970 140170451908352 output_stream.cpp:105] Opened result file: ./profiles/standalone_attn_prefill_and_decode_tp8_prefill_then_decode4_8192_128_4096nan_agent_info.csv
[m# ---- Run standalone_attn_prefill_and_decode_tp8_prefill_then_decode4_8192_128_8192nan ----
INFO 09-01 23:17:29 [__init__.py:244] Automatically detected platform rocm.
No masking
[0;31mE20250901 23:17:44.294518 139654360184576 output_stream.cpp:105] Opened result file: ./profiles/standalone_attn_prefill_and_decode_tp8_prefill_then_decode4_8192_128_8192nan_kernel_trace.csv
[m[0;31mE20250901 23:17:44.300363 139654360184576 output_stream.cpp:105] Opened result file: ./profiles/standalone_attn_prefill_and_decode_tp8_prefill_then_decode4_8192_128_8192nan_agent_info.csv
[m# ---- Run standalone_attn_prefill_and_decode_tp8_prefill_then_decode8_256_1_256nan ----
INFO 09-01 23:17:58 [__init__.py:244] Automatically detected platform rocm.
No masking
[0;31mE20250901 23:18:13.477094 140702946502400 output_stream.cpp:105] Opened result file: ./profiles/standalone_attn_prefill_and_decode_tp8_prefill_then_decode8_256_1_256nan_kernel_trace.csv
[m[0;31mE20250901 23:18:13.482923 140702946502400 output_stream.cpp:105] Opened result file: ./profiles/standalone_attn_prefill_and_decode_tp8_prefill_then_decode8_256_1_256nan_agent_info.csv
[m# ---- Run standalone_attn_prefill_and_decode_tp8_prefill_then_decode8_256_1_512nan ----
INFO 09-01 23:18:26 [__init__.py:244] Automatically detected platform rocm.
No masking
[0;31mE20250901 23:18:41.904492 140469756147456 output_stream.cpp:105] Opened result file: ./profiles/standalone_attn_prefill_and_decode_tp8_prefill_then_decode8_256_1_512nan_kernel_trace.csv
[m[0;31mE20250901 23:18:41.910393 140469756147456 output_stream.cpp:105] Opened result file: ./profiles/standalone_attn_prefill_and_decode_tp8_prefill_then_decode8_256_1_512nan_agent_info.csv
[m# ---- Run standalone_attn_prefill_and_decode_tp8_prefill_then_decode8_256_1_1024nan ----
INFO 09-01 23:18:55 [__init__.py:244] Automatically detected platform rocm.
No masking
[0;31mE20250901 23:19:10.469426 140484047013632 output_stream.cpp:105] Opened result file: ./profiles/standalone_attn_prefill_and_decode_tp8_prefill_then_decode8_256_1_1024nan_kernel_trace.csv
[m[0;31mE20250901 23:19:10.475452 140484047013632 output_stream.cpp:105] Opened result file: ./profiles/standalone_attn_prefill_and_decode_tp8_prefill_then_decode8_256_1_1024nan_agent_info.csv
[m# ---- Run standalone_attn_prefill_and_decode_tp8_prefill_then_decode8_256_1_2048nan ----
INFO 09-01 23:19:24 [__init__.py:244] Automatically detected platform rocm.
No masking
[0;31mE20250901 23:19:39.557316 140231158265600 output_stream.cpp:105] Opened result file: ./profiles/standalone_attn_prefill_and_decode_tp8_prefill_then_decode8_256_1_2048nan_kernel_trace.csv
[m[0;31mE20250901 23:19:39.563338 140231158265600 output_stream.cpp:105] Opened result file: ./profiles/standalone_attn_prefill_and_decode_tp8_prefill_then_decode8_256_1_2048nan_agent_info.csv
[m# ---- Run standalone_attn_prefill_and_decode_tp8_prefill_then_decode8_256_1_4096nan ----
INFO 09-01 23:19:53 [__init__.py:244] Automatically detected platform rocm.
No masking
[0;31mE20250901 23:20:08.492494 139822683379456 output_stream.cpp:105] Opened result file: ./profiles/standalone_attn_prefill_and_decode_tp8_prefill_then_decode8_256_1_4096nan_kernel_trace.csv
[m[0;31mE20250901 23:20:08.498366 139822683379456 output_stream.cpp:105] Opened result file: ./profiles/standalone_attn_prefill_and_decode_tp8_prefill_then_decode8_256_1_4096nan_agent_info.csv
[m# ---- Run standalone_attn_prefill_and_decode_tp8_prefill_then_decode8_256_1_8192nan ----
INFO 09-01 23:20:21 [__init__.py:244] Automatically detected platform rocm.
No masking
[0;31mE20250901 23:20:37.597751 140666778306304 output_stream.cpp:105] Opened result file: ./profiles/standalone_attn_prefill_and_decode_tp8_prefill_then_decode8_256_1_8192nan_kernel_trace.csv
[m[0;31mE20250901 23:20:37.603317 140666778306304 output_stream.cpp:105] Opened result file: ./profiles/standalone_attn_prefill_and_decode_tp8_prefill_then_decode8_256_1_8192nan_agent_info.csv
[m# ---- Run standalone_attn_prefill_and_decode_tp8_prefill_then_decode8_256_2_256nan ----
INFO 09-01 23:20:51 [__init__.py:244] Automatically detected platform rocm.
No masking
[0;31mE20250901 23:21:06.755635 140230643676928 output_stream.cpp:105] Opened result file: ./profiles/standalone_attn_prefill_and_decode_tp8_prefill_then_decode8_256_2_256nan_kernel_trace.csv
[m[0;31mE20250901 23:21:06.761550 140230643676928 output_stream.cpp:105] Opened result file: ./profiles/standalone_attn_prefill_and_decode_tp8_prefill_then_decode8_256_2_256nan_agent_info.csv
[m# ---- Run standalone_attn_prefill_and_decode_tp8_prefill_then_decode8_256_2_512nan ----
INFO 09-01 23:21:19 [__init__.py:244] Automatically detected platform rocm.
No masking
[0;31mE20250901 23:21:35.349988 139917173520128 output_stream.cpp:105] Opened result file: ./profiles/standalone_attn_prefill_and_decode_tp8_prefill_then_decode8_256_2_512nan_kernel_trace.csv
[m[0;31mE20250901 23:21:35.355903 139917173520128 output_stream.cpp:105] Opened result file: ./profiles/standalone_attn_prefill_and_decode_tp8_prefill_then_decode8_256_2_512nan_agent_info.csv
[m# ---- Run standalone_attn_prefill_and_decode_tp8_prefill_then_decode8_256_2_1024nan ----
INFO 09-01 23:21:49 [__init__.py:244] Automatically detected platform rocm.
No masking
[0;31mE20250901 23:22:04.561188 140560703960832 output_stream.cpp:105] Opened result file: ./profiles/standalone_attn_prefill_and_decode_tp8_prefill_then_decode8_256_2_1024nan_kernel_trace.csv
[m[0;31mE20250901 23:22:04.567004 140560703960832 output_stream.cpp:105] Opened result file: ./profiles/standalone_attn_prefill_and_decode_tp8_prefill_then_decode8_256_2_1024nan_agent_info.csv
[m# ---- Run standalone_attn_prefill_and_decode_tp8_prefill_then_decode8_256_2_2048nan ----
INFO 09-01 23:22:18 [__init__.py:244] Automatically detected platform rocm.
No masking
[0;31mE20250901 23:22:33.856448 139909662615296 output_stream.cpp:105] Opened result file: ./profiles/standalone_attn_prefill_and_decode_tp8_prefill_then_decode8_256_2_2048nan_kernel_trace.csv
[m[0;31mE20250901 23:22:33.862684 139909662615296 output_stream.cpp:105] Opened result file: ./profiles/standalone_attn_prefill_and_decode_tp8_prefill_then_decode8_256_2_2048nan_agent_info.csv
[m# ---- Run standalone_attn_prefill_and_decode_tp8_prefill_then_decode8_256_2_4096nan ----
INFO 09-01 23:22:47 [__init__.py:244] Automatically detected platform rocm.
No masking
[0;31mE20250901 23:23:02.730202 139682244495104 output_stream.cpp:105] Opened result file: ./profiles/standalone_attn_prefill_and_decode_tp8_prefill_then_decode8_256_2_4096nan_kernel_trace.csv
[m[0;31mE20250901 23:23:02.736319 139682244495104 output_stream.cpp:105] Opened result file: ./profiles/standalone_attn_prefill_and_decode_tp8_prefill_then_decode8_256_2_4096nan_agent_info.csv
[m# ---- Run standalone_attn_prefill_and_decode_tp8_prefill_then_decode8_256_2_8192nan ----
INFO 09-01 23:23:16 [__init__.py:244] Automatically detected platform rocm.
No masking
[0;31mE20250901 23:23:32.156003 140376433379072 output_stream.cpp:105] Opened result file: ./profiles/standalone_attn_prefill_and_decode_tp8_prefill_then_decode8_256_2_8192nan_kernel_trace.csv
[m[0;31mE20250901 23:23:32.162088 140376433379072 output_stream.cpp:105] Opened result file: ./profiles/standalone_attn_prefill_and_decode_tp8_prefill_then_decode8_256_2_8192nan_agent_info.csv
[m# ---- Run standalone_attn_prefill_and_decode_tp8_prefill_then_decode8_256_4_256nan ----
INFO 09-01 23:23:46 [__init__.py:244] Automatically detected platform rocm.
No masking
[0;31mE20250901 23:24:01.270781 140510269753088 output_stream.cpp:105] Opened result file: ./profiles/standalone_attn_prefill_and_decode_tp8_prefill_then_decode8_256_4_256nan_kernel_trace.csv
[m[0;31mE20250901 23:24:01.276673 140510269753088 output_stream.cpp:105] Opened result file: ./profiles/standalone_attn_prefill_and_decode_tp8_prefill_then_decode8_256_4_256nan_agent_info.csv
[m# ---- Run standalone_attn_prefill_and_decode_tp8_prefill_then_decode8_256_4_512nan ----
INFO 09-01 23:24:14 [__init__.py:244] Automatically detected platform rocm.
No masking
[0;31mE20250901 23:24:30.454633 140140832126720 output_stream.cpp:105] Opened result file: ./profiles/standalone_attn_prefill_and_decode_tp8_prefill_then_decode8_256_4_512nan_kernel_trace.csv
[m[0;31mE20250901 23:24:30.460702 140140832126720 output_stream.cpp:105] Opened result file: ./profiles/standalone_attn_prefill_and_decode_tp8_prefill_then_decode8_256_4_512nan_agent_info.csv
[m# ---- Run standalone_attn_prefill_and_decode_tp8_prefill_then_decode8_256_4_1024nan ----
INFO 09-01 23:24:44 [__init__.py:244] Automatically detected platform rocm.
No masking
[0;31mE20250901 23:24:59.836452 140044303378176 output_stream.cpp:105] Opened result file: ./profiles/standalone_attn_prefill_and_decode_tp8_prefill_then_decode8_256_4_1024nan_kernel_trace.csv
[m[0;31mE20250901 23:24:59.843252 140044303378176 output_stream.cpp:105] Opened result file: ./profiles/standalone_attn_prefill_and_decode_tp8_prefill_then_decode8_256_4_1024nan_agent_info.csv
[m# ---- Run standalone_attn_prefill_and_decode_tp8_prefill_then_decode8_256_4_2048nan ----
INFO 09-01 23:25:13 [__init__.py:244] Automatically detected platform rocm.
No masking
[0;31mE20250901 23:25:28.906152 139985762682624 output_stream.cpp:105] Opened result file: ./profiles/standalone_attn_prefill_and_decode_tp8_prefill_then_decode8_256_4_2048nan_kernel_trace.csv
[m[0;31mE20250901 23:25:28.912259 139985762682624 output_stream.cpp:105] Opened result file: ./profiles/standalone_attn_prefill_and_decode_tp8_prefill_then_decode8_256_4_2048nan_agent_info.csv
[m# ---- Run standalone_attn_prefill_and_decode_tp8_prefill_then_decode8_256_4_4096nan ----
INFO 09-01 23:25:43 [__init__.py:244] Automatically detected platform rocm.
No masking
[0;31mE20250901 23:25:58.027021 140128797251328 output_stream.cpp:105] Opened result file: ./profiles/standalone_attn_prefill_and_decode_tp8_prefill_then_decode8_256_4_4096nan_kernel_trace.csv
[m[0;31mE20250901 23:25:58.032948 140128797251328 output_stream.cpp:105] Opened result file: ./profiles/standalone_attn_prefill_and_decode_tp8_prefill_then_decode8_256_4_4096nan_agent_info.csv
[m# ---- Run standalone_attn_prefill_and_decode_tp8_prefill_then_decode8_256_4_8192nan ----
INFO 09-01 23:26:11 [__init__.py:244] Automatically detected platform rocm.
No masking
[0;31mE20250901 23:26:26.780354 140086391097088 output_stream.cpp:105] Opened result file: ./profiles/standalone_attn_prefill_and_decode_tp8_prefill_then_decode8_256_4_8192nan_kernel_trace.csv
[m[0;31mE20250901 23:26:26.786771 140086391097088 output_stream.cpp:105] Opened result file: ./profiles/standalone_attn_prefill_and_decode_tp8_prefill_then_decode8_256_4_8192nan_agent_info.csv
[m# ---- Run standalone_attn_prefill_and_decode_tp8_prefill_then_decode8_256_8_256nan ----
INFO 09-01 23:26:40 [__init__.py:244] Automatically detected platform rocm.
No masking
[0;31mE20250901 23:26:56.137430 140416779110144 output_stream.cpp:105] Opened result file: ./profiles/standalone_attn_prefill_and_decode_tp8_prefill_then_decode8_256_8_256nan_kernel_trace.csv
[m[0;31mE20250901 23:26:56.143763 140416779110144 output_stream.cpp:105] Opened result file: ./profiles/standalone_attn_prefill_and_decode_tp8_prefill_then_decode8_256_8_256nan_agent_info.csv
[m# ---- Run standalone_attn_prefill_and_decode_tp8_prefill_then_decode8_256_8_512nan ----
INFO 09-01 23:27:09 [__init__.py:244] Automatically detected platform rocm.
No masking
[0;31mE20250901 23:27:24.877948 140037501265664 output_stream.cpp:105] Opened result file: ./profiles/standalone_attn_prefill_and_decode_tp8_prefill_then_decode8_256_8_512nan_kernel_trace.csv
[m[0;31mE20250901 23:27:24.884288 140037501265664 output_stream.cpp:105] Opened result file: ./profiles/standalone_attn_prefill_and_decode_tp8_prefill_then_decode8_256_8_512nan_agent_info.csv
[m# ---- Run standalone_attn_prefill_and_decode_tp8_prefill_then_decode8_256_8_1024nan ----
INFO 09-01 23:27:38 [__init__.py:244] Automatically detected platform rocm.
No masking
[0;31mE20250901 23:27:54.088836 140254727255808 output_stream.cpp:105] Opened result file: ./profiles/standalone_attn_prefill_and_decode_tp8_prefill_then_decode8_256_8_1024nan_kernel_trace.csv
[m[0;31mE20250901 23:27:54.095222 140254727255808 output_stream.cpp:105] Opened result file: ./profiles/standalone_attn_prefill_and_decode_tp8_prefill_then_decode8_256_8_1024nan_agent_info.csv
[m# ---- Run standalone_attn_prefill_and_decode_tp8_prefill_then_decode8_256_8_2048nan ----
INFO 09-01 23:28:07 [__init__.py:244] Automatically detected platform rocm.
No masking
[0;31mE20250901 23:28:22.368931 140712038573824 output_stream.cpp:105] Opened result file: ./profiles/standalone_attn_prefill_and_decode_tp8_prefill_then_decode8_256_8_2048nan_kernel_trace.csv
[m[0;31mE20250901 23:28:22.375269 140712038573824 output_stream.cpp:105] Opened result file: ./profiles/standalone_attn_prefill_and_decode_tp8_prefill_then_decode8_256_8_2048nan_agent_info.csv
[m# ---- Run standalone_attn_prefill_and_decode_tp8_prefill_then_decode8_256_8_4096nan ----
INFO 09-01 23:28:35 [__init__.py:244] Automatically detected platform rocm.
No masking
[0;31mE20250901 23:28:50.949882 140144136963840 output_stream.cpp:105] Opened result file: ./profiles/standalone_attn_prefill_and_decode_tp8_prefill_then_decode8_256_8_4096nan_kernel_trace.csv
[m[0;31mE20250901 23:28:50.956499 140144136963840 output_stream.cpp:105] Opened result file: ./profiles/standalone_attn_prefill_and_decode_tp8_prefill_then_decode8_256_8_4096nan_agent_info.csv
[m# ---- Run standalone_attn_prefill_and_decode_tp8_prefill_then_decode8_256_8_8192nan ----
INFO 09-01 23:29:04 [__init__.py:244] Automatically detected platform rocm.
No masking
[0;31mE20250901 23:29:19.670058 139868247963392 output_stream.cpp:105] Opened result file: ./profiles/standalone_attn_prefill_and_decode_tp8_prefill_then_decode8_256_8_8192nan_kernel_trace.csv
[m[0;31mE20250901 23:29:19.676353 139868247963392 output_stream.cpp:105] Opened result file: ./profiles/standalone_attn_prefill_and_decode_tp8_prefill_then_decode8_256_8_8192nan_agent_info.csv
[m# ---- Run standalone_attn_prefill_and_decode_tp8_prefill_then_decode8_256_16_256nan ----
INFO 09-01 23:29:32 [__init__.py:244] Automatically detected platform rocm.
No masking
[0;31mE20250901 23:29:48.341788 139631423960832 output_stream.cpp:105] Opened result file: ./profiles/standalone_attn_prefill_and_decode_tp8_prefill_then_decode8_256_16_256nan_kernel_trace.csv
[m[0;31mE20250901 23:29:48.348153 139631423960832 output_stream.cpp:105] Opened result file: ./profiles/standalone_attn_prefill_and_decode_tp8_prefill_then_decode8_256_16_256nan_agent_info.csv
[m# ---- Run standalone_attn_prefill_and_decode_tp8_prefill_then_decode8_256_16_512nan ----
INFO 09-01 23:30:02 [__init__.py:244] Automatically detected platform rocm.
No masking
[0;31mE20250901 23:30:17.251079 139881616369408 output_stream.cpp:105] Opened result file: ./profiles/standalone_attn_prefill_and_decode_tp8_prefill_then_decode8_256_16_512nan_kernel_trace.csv
[m[0;31mE20250901 23:30:17.257277 139881616369408 output_stream.cpp:105] Opened result file: ./profiles/standalone_attn_prefill_and_decode_tp8_prefill_then_decode8_256_16_512nan_agent_info.csv
[m# ---- Run standalone_attn_prefill_and_decode_tp8_prefill_then_decode8_256_16_1024nan ----
INFO 09-01 23:30:30 [__init__.py:244] Automatically detected platform rocm.
No masking
[0;31mE20250901 23:30:45.556218 140146453333760 output_stream.cpp:105] Opened result file: ./profiles/standalone_attn_prefill_and_decode_tp8_prefill_then_decode8_256_16_1024nan_kernel_trace.csv
[m[0;31mE20250901 23:30:45.562245 140146453333760 output_stream.cpp:105] Opened result file: ./profiles/standalone_attn_prefill_and_decode_tp8_prefill_then_decode8_256_16_1024nan_agent_info.csv
[m# ---- Run standalone_attn_prefill_and_decode_tp8_prefill_then_decode8_256_16_2048nan ----
INFO 09-01 23:30:59 [__init__.py:244] Automatically detected platform rocm.
No masking
[0;31mE20250901 23:31:14.649849 140381409220352 output_stream.cpp:105] Opened result file: ./profiles/standalone_attn_prefill_and_decode_tp8_prefill_then_decode8_256_16_2048nan_kernel_trace.csv
[m[0;31mE20250901 23:31:14.655957 140381409220352 output_stream.cpp:105] Opened result file: ./profiles/standalone_attn_prefill_and_decode_tp8_prefill_then_decode8_256_16_2048nan_agent_info.csv
[m# ---- Run standalone_attn_prefill_and_decode_tp8_prefill_then_decode8_256_16_4096nan ----
INFO 09-01 23:31:28 [__init__.py:244] Automatically detected platform rocm.
No masking
[0;31mE20250901 23:31:43.392433 139884030396160 output_stream.cpp:105] Opened result file: ./profiles/standalone_attn_prefill_and_decode_tp8_prefill_then_decode8_256_16_4096nan_kernel_trace.csv
[m[0;31mE20250901 23:31:43.398497 139884030396160 output_stream.cpp:105] Opened result file: ./profiles/standalone_attn_prefill_and_decode_tp8_prefill_then_decode8_256_16_4096nan_agent_info.csv
[m# ---- Run standalone_attn_prefill_and_decode_tp8_prefill_then_decode8_256_16_8192nan ----
INFO 09-01 23:31:56 [__init__.py:244] Automatically detected platform rocm.
No masking
[0;31mE20250901 23:32:12.146564 139816373327616 output_stream.cpp:105] Opened result file: ./profiles/standalone_attn_prefill_and_decode_tp8_prefill_then_decode8_256_16_8192nan_kernel_trace.csv
[m[0;31mE20250901 23:32:12.152449 139816373327616 output_stream.cpp:105] Opened result file: ./profiles/standalone_attn_prefill_and_decode_tp8_prefill_then_decode8_256_16_8192nan_agent_info.csv
[m# ---- Run standalone_attn_prefill_and_decode_tp8_prefill_then_decode8_256_32_256nan ----
INFO 09-01 23:32:26 [__init__.py:244] Automatically detected platform rocm.
No masking
[0;31mE20250901 23:32:41.342171 139930584917760 output_stream.cpp:105] Opened result file: ./profiles/standalone_attn_prefill_and_decode_tp8_prefill_then_decode8_256_32_256nan_kernel_trace.csv
[m[0;31mE20250901 23:32:41.348059 139930584917760 output_stream.cpp:105] Opened result file: ./profiles/standalone_attn_prefill_and_decode_tp8_prefill_then_decode8_256_32_256nan_agent_info.csv
[m# ---- Run standalone_attn_prefill_and_decode_tp8_prefill_then_decode8_256_32_512nan ----
INFO 09-01 23:32:55 [__init__.py:244] Automatically detected platform rocm.
No masking
[0;31mE20250901 23:33:10.593473 139631826933504 output_stream.cpp:105] Opened result file: ./profiles/standalone_attn_prefill_and_decode_tp8_prefill_then_decode8_256_32_512nan_kernel_trace.csv
[m[0;31mE20250901 23:33:10.599737 139631826933504 output_stream.cpp:105] Opened result file: ./profiles/standalone_attn_prefill_and_decode_tp8_prefill_then_decode8_256_32_512nan_agent_info.csv
[m# ---- Run standalone_attn_prefill_and_decode_tp8_prefill_then_decode8_256_32_1024nan ----
INFO 09-01 23:33:24 [__init__.py:244] Automatically detected platform rocm.
No masking
[0;31mE20250901 23:33:39.646191 139724601812736 output_stream.cpp:105] Opened result file: ./profiles/standalone_attn_prefill_and_decode_tp8_prefill_then_decode8_256_32_1024nan_kernel_trace.csv
[m[0;31mE20250901 23:33:39.651899 139724601812736 output_stream.cpp:105] Opened result file: ./profiles/standalone_attn_prefill_and_decode_tp8_prefill_then_decode8_256_32_1024nan_agent_info.csv
[m# ---- Run standalone_attn_prefill_and_decode_tp8_prefill_then_decode8_256_32_2048nan ----
INFO 09-01 23:33:53 [__init__.py:244] Automatically detected platform rocm.
No masking
[0;31mE20250901 23:34:08.697062 140677706860288 output_stream.cpp:105] Opened result file: ./profiles/standalone_attn_prefill_and_decode_tp8_prefill_then_decode8_256_32_2048nan_kernel_trace.csv
[m[0;31mE20250901 23:34:08.703052 140677706860288 output_stream.cpp:105] Opened result file: ./profiles/standalone_attn_prefill_and_decode_tp8_prefill_then_decode8_256_32_2048nan_agent_info.csv
[m# ---- Run standalone_attn_prefill_and_decode_tp8_prefill_then_decode8_256_32_4096nan ----
INFO 09-01 23:34:22 [__init__.py:244] Automatically detected platform rocm.
No masking
[0;31mE20250901 23:34:37.862246 139781027272448 output_stream.cpp:105] Opened result file: ./profiles/standalone_attn_prefill_and_decode_tp8_prefill_then_decode8_256_32_4096nan_kernel_trace.csv
[m[0;31mE20250901 23:34:37.868065 139781027272448 output_stream.cpp:105] Opened result file: ./profiles/standalone_attn_prefill_and_decode_tp8_prefill_then_decode8_256_32_4096nan_agent_info.csv
[m# ---- Run standalone_attn_prefill_and_decode_tp8_prefill_then_decode8_256_32_8192nan ----
INFO 09-01 23:34:51 [__init__.py:244] Automatically detected platform rocm.
No masking
[0;31mE20250901 23:35:06.487690 140448494941952 output_stream.cpp:105] Opened result file: ./profiles/standalone_attn_prefill_and_decode_tp8_prefill_then_decode8_256_32_8192nan_kernel_trace.csv
[m[0;31mE20250901 23:35:06.493610 140448494941952 output_stream.cpp:105] Opened result file: ./profiles/standalone_attn_prefill_and_decode_tp8_prefill_then_decode8_256_32_8192nan_agent_info.csv
[m# ---- Run standalone_attn_prefill_and_decode_tp8_prefill_then_decode8_256_64_256nan ----
INFO 09-01 23:35:19 [__init__.py:244] Automatically detected platform rocm.
No masking
[0;31mE20250901 23:35:35.154744 140214459676416 output_stream.cpp:105] Opened result file: ./profiles/standalone_attn_prefill_and_decode_tp8_prefill_then_decode8_256_64_256nan_kernel_trace.csv
[m[0;31mE20250901 23:35:35.160638 140214459676416 output_stream.cpp:105] Opened result file: ./profiles/standalone_attn_prefill_and_decode_tp8_prefill_then_decode8_256_64_256nan_agent_info.csv
[m# ---- Run standalone_attn_prefill_and_decode_tp8_prefill_then_decode8_256_64_512nan ----
INFO 09-01 23:35:48 [__init__.py:244] Automatically detected platform rocm.
No masking
[0;31mE20250901 23:36:04.141937 140412556490496 output_stream.cpp:105] Opened result file: ./profiles/standalone_attn_prefill_and_decode_tp8_prefill_then_decode8_256_64_512nan_kernel_trace.csv
[m[0;31mE20250901 23:36:04.148091 140412556490496 output_stream.cpp:105] Opened result file: ./profiles/standalone_attn_prefill_and_decode_tp8_prefill_then_decode8_256_64_512nan_agent_info.csv
[m# ---- Run standalone_attn_prefill_and_decode_tp8_prefill_then_decode8_256_64_1024nan ----
INFO 09-01 23:36:17 [__init__.py:244] Automatically detected platform rocm.
No masking
[0;31mE20250901 23:36:32.837469 140643335055104 output_stream.cpp:105] Opened result file: ./profiles/standalone_attn_prefill_and_decode_tp8_prefill_then_decode8_256_64_1024nan_kernel_trace.csv
[m[0;31mE20250901 23:36:32.843516 140643335055104 output_stream.cpp:105] Opened result file: ./profiles/standalone_attn_prefill_and_decode_tp8_prefill_then_decode8_256_64_1024nan_agent_info.csv
[m# ---- Run standalone_attn_prefill_and_decode_tp8_prefill_then_decode8_256_64_2048nan ----
INFO 09-01 23:36:46 [__init__.py:244] Automatically detected platform rocm.
No masking
[0;31mE20250901 23:37:01.377974 140268574664448 output_stream.cpp:105] Opened result file: ./profiles/standalone_attn_prefill_and_decode_tp8_prefill_then_decode8_256_64_2048nan_kernel_trace.csv
[m[0;31mE20250901 23:37:01.383991 140268574664448 output_stream.cpp:105] Opened result file: ./profiles/standalone_attn_prefill_and_decode_tp8_prefill_then_decode8_256_64_2048nan_agent_info.csv
[m# ---- Run standalone_attn_prefill_and_decode_tp8_prefill_then_decode8_256_64_4096nan ----
INFO 09-01 23:37:15 [__init__.py:244] Automatically detected platform rocm.
No masking
[0;31mE20250901 23:37:30.776890 140106197874432 output_stream.cpp:105] Opened result file: ./profiles/standalone_attn_prefill_and_decode_tp8_prefill_then_decode8_256_64_4096nan_kernel_trace.csv
[m[0;31mE20250901 23:37:30.782973 140106197874432 output_stream.cpp:105] Opened result file: ./profiles/standalone_attn_prefill_and_decode_tp8_prefill_then_decode8_256_64_4096nan_agent_info.csv
[m# ---- Run standalone_attn_prefill_and_decode_tp8_prefill_then_decode8_256_64_8192nan ----
INFO 09-01 23:37:44 [__init__.py:244] Automatically detected platform rocm.
No masking
[0;31mE20250901 23:37:59.522310 139792075384576 output_stream.cpp:105] Opened result file: ./profiles/standalone_attn_prefill_and_decode_tp8_prefill_then_decode8_256_64_8192nan_kernel_trace.csv
[m[0;31mE20250901 23:37:59.528232 139792075384576 output_stream.cpp:105] Opened result file: ./profiles/standalone_attn_prefill_and_decode_tp8_prefill_then_decode8_256_64_8192nan_agent_info.csv
[m# ---- Run standalone_attn_prefill_and_decode_tp8_prefill_then_decode8_256_128_256nan ----
INFO 09-01 23:38:12 [__init__.py:244] Automatically detected platform rocm.
No masking
[0;31mE20250901 23:38:27.318878 139761992660736 output_stream.cpp:105] Opened result file: ./profiles/standalone_attn_prefill_and_decode_tp8_prefill_then_decode8_256_128_256nan_kernel_trace.csv
[m[0;31mE20250901 23:38:27.324823 139761992660736 output_stream.cpp:105] Opened result file: ./profiles/standalone_attn_prefill_and_decode_tp8_prefill_then_decode8_256_128_256nan_agent_info.csv
[m# ---- Run standalone_attn_prefill_and_decode_tp8_prefill_then_decode8_256_128_512nan ----
INFO 09-01 23:38:40 [__init__.py:244] Automatically detected platform rocm.
No masking
[0;31mE20250901 23:38:55.657656 140565314668288 output_stream.cpp:105] Opened result file: ./profiles/standalone_attn_prefill_and_decode_tp8_prefill_then_decode8_256_128_512nan_kernel_trace.csv
[m[0;31mE20250901 23:38:55.663664 140565314668288 output_stream.cpp:105] Opened result file: ./profiles/standalone_attn_prefill_and_decode_tp8_prefill_then_decode8_256_128_512nan_agent_info.csv
[m# ---- Run standalone_attn_prefill_and_decode_tp8_prefill_then_decode8_256_128_1024nan ----
INFO 09-01 23:39:09 [__init__.py:244] Automatically detected platform rocm.
No masking
[0;31mE20250901 23:39:23.735128 139750243694336 output_stream.cpp:105] Opened result file: ./profiles/standalone_attn_prefill_and_decode_tp8_prefill_then_decode8_256_128_1024nan_kernel_trace.csv
[m[0;31mE20250901 23:39:23.741253 139750243694336 output_stream.cpp:105] Opened result file: ./profiles/standalone_attn_prefill_and_decode_tp8_prefill_then_decode8_256_128_1024nan_agent_info.csv
[m# ---- Run standalone_attn_prefill_and_decode_tp8_prefill_then_decode8_256_128_2048nan ----
INFO 09-01 23:39:37 [__init__.py:244] Automatically detected platform rocm.
No masking
[0;31mE20250901 23:39:52.488470 140604420511488 output_stream.cpp:105] Opened result file: ./profiles/standalone_attn_prefill_and_decode_tp8_prefill_then_decode8_256_128_2048nan_kernel_trace.csv
[m[0;31mE20250901 23:39:52.494409 140604420511488 output_stream.cpp:105] Opened result file: ./profiles/standalone_attn_prefill_and_decode_tp8_prefill_then_decode8_256_128_2048nan_agent_info.csv
[m# ---- Run standalone_attn_prefill_and_decode_tp8_prefill_then_decode8_256_128_4096nan ----
INFO 09-01 23:40:06 [__init__.py:244] Automatically detected platform rocm.
No masking
[0;31mE20250901 23:40:20.711194 139944920127232 output_stream.cpp:105] Opened result file: ./profiles/standalone_attn_prefill_and_decode_tp8_prefill_then_decode8_256_128_4096nan_kernel_trace.csv
[m[0;31mE20250901 23:40:20.717227 139944920127232 output_stream.cpp:105] Opened result file: ./profiles/standalone_attn_prefill_and_decode_tp8_prefill_then_decode8_256_128_4096nan_agent_info.csv
[m# ---- Run standalone_attn_prefill_and_decode_tp8_prefill_then_decode8_256_128_8192nan ----
INFO 09-01 23:40:34 [__init__.py:244] Automatically detected platform rocm.
No masking
[0;31mE20250901 23:40:49.278564 140418288129792 output_stream.cpp:105] Opened result file: ./profiles/standalone_attn_prefill_and_decode_tp8_prefill_then_decode8_256_128_8192nan_kernel_trace.csv
[m[0;31mE20250901 23:40:49.284633 140418288129792 output_stream.cpp:105] Opened result file: ./profiles/standalone_attn_prefill_and_decode_tp8_prefill_then_decode8_256_128_8192nan_agent_info.csv
[m# ---- Run standalone_attn_prefill_and_decode_tp8_prefill_then_decode8_512_1_256nan ----
INFO 09-01 23:41:02 [__init__.py:244] Automatically detected platform rocm.
No masking
[0;31mE20250901 23:41:17.514302 140185627363072 output_stream.cpp:105] Opened result file: ./profiles/standalone_attn_prefill_and_decode_tp8_prefill_then_decode8_512_1_256nan_kernel_trace.csv
[m[0;31mE20250901 23:41:17.520385 140185627363072 output_stream.cpp:105] Opened result file: ./profiles/standalone_attn_prefill_and_decode_tp8_prefill_then_decode8_512_1_256nan_agent_info.csv
[m# ---- Run standalone_attn_prefill_and_decode_tp8_prefill_then_decode8_512_1_512nan ----
INFO 09-01 23:41:31 [__init__.py:244] Automatically detected platform rocm.
No masking
[0;31mE20250901 23:41:46.391496 140007594563328 output_stream.cpp:105] Opened result file: ./profiles/standalone_attn_prefill_and_decode_tp8_prefill_then_decode8_512_1_512nan_kernel_trace.csv
[m[0;31mE20250901 23:41:46.397476 140007594563328 output_stream.cpp:105] Opened result file: ./profiles/standalone_attn_prefill_and_decode_tp8_prefill_then_decode8_512_1_512nan_agent_info.csv
[m# ---- Run standalone_attn_prefill_and_decode_tp8_prefill_then_decode8_512_1_1024nan ----
INFO 09-01 23:41:59 [__init__.py:244] Automatically detected platform rocm.
No masking
[0;31mE20250901 23:42:14.963723 140559456728832 output_stream.cpp:105] Opened result file: ./profiles/standalone_attn_prefill_and_decode_tp8_prefill_then_decode8_512_1_1024nan_kernel_trace.csv
[m[0;31mE20250901 23:42:14.969744 140559456728832 output_stream.cpp:105] Opened result file: ./profiles/standalone_attn_prefill_and_decode_tp8_prefill_then_decode8_512_1_1024nan_agent_info.csv
[m# ---- Run standalone_attn_prefill_and_decode_tp8_prefill_then_decode8_512_1_2048nan ----
INFO 09-01 23:42:28 [__init__.py:244] Automatically detected platform rocm.
No masking
[0;31mE20250901 23:42:43.857742 139797312091904 output_stream.cpp:105] Opened result file: ./profiles/standalone_attn_prefill_and_decode_tp8_prefill_then_decode8_512_1_2048nan_kernel_trace.csv
[m[0;31mE20250901 23:42:43.863712 139797312091904 output_stream.cpp:105] Opened result file: ./profiles/standalone_attn_prefill_and_decode_tp8_prefill_then_decode8_512_1_2048nan_agent_info.csv
[m# ---- Run standalone_attn_prefill_and_decode_tp8_prefill_then_decode8_512_1_4096nan ----
INFO 09-01 23:42:57 [__init__.py:244] Automatically detected platform rocm.
No masking
[0;31mE20250901 23:43:12.609689 140598735021824 output_stream.cpp:105] Opened result file: ./profiles/standalone_attn_prefill_and_decode_tp8_prefill_then_decode8_512_1_4096nan_kernel_trace.csv
[m[0;31mE20250901 23:43:12.615817 140598735021824 output_stream.cpp:105] Opened result file: ./profiles/standalone_attn_prefill_and_decode_tp8_prefill_then_decode8_512_1_4096nan_agent_info.csv
[m# ---- Run standalone_attn_prefill_and_decode_tp8_prefill_then_decode8_512_1_8192nan ----
INFO 09-01 23:43:26 [__init__.py:244] Automatically detected platform rocm.
No masking
[0;31mE20250901 23:43:42.395028 139990014310144 output_stream.cpp:105] Opened result file: ./profiles/standalone_attn_prefill_and_decode_tp8_prefill_then_decode8_512_1_8192nan_kernel_trace.csv
[m[0;31mE20250901 23:43:42.400808 139990014310144 output_stream.cpp:105] Opened result file: ./profiles/standalone_attn_prefill_and_decode_tp8_prefill_then_decode8_512_1_8192nan_agent_info.csv
[m# ---- Run standalone_attn_prefill_and_decode_tp8_prefill_then_decode8_512_2_256nan ----
INFO 09-01 23:43:56 [__init__.py:244] Automatically detected platform rocm.
No masking
[0;31mE20250901 23:44:11.667155 140365465806592 output_stream.cpp:105] Opened result file: ./profiles/standalone_attn_prefill_and_decode_tp8_prefill_then_decode8_512_2_256nan_kernel_trace.csv
[m[0;31mE20250901 23:44:11.673170 140365465806592 output_stream.cpp:105] Opened result file: ./profiles/standalone_attn_prefill_and_decode_tp8_prefill_then_decode8_512_2_256nan_agent_info.csv
[m# ---- Run standalone_attn_prefill_and_decode_tp8_prefill_then_decode8_512_2_512nan ----
INFO 09-01 23:44:25 [__init__.py:244] Automatically detected platform rocm.
No masking
[0;31mE20250901 23:44:41.247027 140157508871936 output_stream.cpp:105] Opened result file: ./profiles/standalone_attn_prefill_and_decode_tp8_prefill_then_decode8_512_2_512nan_kernel_trace.csv
[m[0;31mE20250901 23:44:41.252987 140157508871936 output_stream.cpp:105] Opened result file: ./profiles/standalone_attn_prefill_and_decode_tp8_prefill_then_decode8_512_2_512nan_agent_info.csv
[m# ---- Run standalone_attn_prefill_and_decode_tp8_prefill_then_decode8_512_2_1024nan ----
INFO 09-01 23:44:54 [__init__.py:244] Automatically detected platform rocm.
No masking
[0;31mE20250901 23:45:10.127941 140405961111296 output_stream.cpp:105] Opened result file: ./profiles/standalone_attn_prefill_and_decode_tp8_prefill_then_decode8_512_2_1024nan_kernel_trace.csv
[m[0;31mE20250901 23:45:10.133939 140405961111296 output_stream.cpp:105] Opened result file: ./profiles/standalone_attn_prefill_and_decode_tp8_prefill_then_decode8_512_2_1024nan_agent_info.csv
[m# ---- Run standalone_attn_prefill_and_decode_tp8_prefill_then_decode8_512_2_2048nan ----
INFO 09-01 23:45:24 [__init__.py:244] Automatically detected platform rocm.
No masking
[0;31mE20250901 23:45:39.480324 140008264234752 output_stream.cpp:105] Opened result file: ./profiles/standalone_attn_prefill_and_decode_tp8_prefill_then_decode8_512_2_2048nan_kernel_trace.csv
[m[0;31mE20250901 23:45:39.486403 140008264234752 output_stream.cpp:105] Opened result file: ./profiles/standalone_attn_prefill_and_decode_tp8_prefill_then_decode8_512_2_2048nan_agent_info.csv
[m# ---- Run standalone_attn_prefill_and_decode_tp8_prefill_then_decode8_512_2_4096nan ----
INFO 09-01 23:45:52 [__init__.py:244] Automatically detected platform rocm.
No masking
[0;31mE20250901 23:46:08.307388 140170301728512 output_stream.cpp:105] Opened result file: ./profiles/standalone_attn_prefill_and_decode_tp8_prefill_then_decode8_512_2_4096nan_kernel_trace.csv
[m[0;31mE20250901 23:46:08.313255 140170301728512 output_stream.cpp:105] Opened result file: ./profiles/standalone_attn_prefill_and_decode_tp8_prefill_then_decode8_512_2_4096nan_agent_info.csv
[m# ---- Run standalone_attn_prefill_and_decode_tp8_prefill_then_decode8_512_2_8192nan ----
INFO 09-01 23:46:21 [__init__.py:244] Automatically detected platform rocm.
No masking
[0;31mE20250901 23:46:37.118585 140502211667712 output_stream.cpp:105] Opened result file: ./profiles/standalone_attn_prefill_and_decode_tp8_prefill_then_decode8_512_2_8192nan_kernel_trace.csv
[m[0;31mE20250901 23:46:37.124620 140502211667712 output_stream.cpp:105] Opened result file: ./profiles/standalone_attn_prefill_and_decode_tp8_prefill_then_decode8_512_2_8192nan_agent_info.csv
[m# ---- Run standalone_attn_prefill_and_decode_tp8_prefill_then_decode8_512_4_256nan ----
INFO 09-01 23:46:50 [__init__.py:244] Automatically detected platform rocm.
No masking
[0;31mE20250901 23:47:06.161688 140439003711232 output_stream.cpp:105] Opened result file: ./profiles/standalone_attn_prefill_and_decode_tp8_prefill_then_decode8_512_4_256nan_kernel_trace.csv
[m[0;31mE20250901 23:47:06.167466 140439003711232 output_stream.cpp:105] Opened result file: ./profiles/standalone_attn_prefill_and_decode_tp8_prefill_then_decode8_512_4_256nan_agent_info.csv
[m# ---- Run standalone_attn_prefill_and_decode_tp8_prefill_then_decode8_512_4_512nan ----
INFO 09-01 23:47:19 [__init__.py:244] Automatically detected platform rocm.
No masking
[0;31mE20250901 23:47:35.281071 139813354006272 output_stream.cpp:105] Opened result file: ./profiles/standalone_attn_prefill_and_decode_tp8_prefill_then_decode8_512_4_512nan_kernel_trace.csv
[m[0;31mE20250901 23:47:35.286892 139813354006272 output_stream.cpp:105] Opened result file: ./profiles/standalone_attn_prefill_and_decode_tp8_prefill_then_decode8_512_4_512nan_agent_info.csv
[m# ---- Run standalone_attn_prefill_and_decode_tp8_prefill_then_decode8_512_4_1024nan ----
INFO 09-01 23:47:48 [__init__.py:244] Automatically detected platform rocm.
No masking
[0;31mE20250901 23:48:04.396008 140433843193600 output_stream.cpp:105] Opened result file: ./profiles/standalone_attn_prefill_and_decode_tp8_prefill_then_decode8_512_4_1024nan_kernel_trace.csv
[m[0;31mE20250901 23:48:04.401831 140433843193600 output_stream.cpp:105] Opened result file: ./profiles/standalone_attn_prefill_and_decode_tp8_prefill_then_decode8_512_4_1024nan_agent_info.csv
[m# ---- Run standalone_attn_prefill_and_decode_tp8_prefill_then_decode8_512_4_2048nan ----
INFO 09-01 23:48:18 [__init__.py:244] Automatically detected platform rocm.
No masking
[0;31mE20250901 23:48:33.153484 140600385246976 output_stream.cpp:105] Opened result file: ./profiles/standalone_attn_prefill_and_decode_tp8_prefill_then_decode8_512_4_2048nan_kernel_trace.csv
[m[0;31mE20250901 23:48:33.159406 140600385246976 output_stream.cpp:105] Opened result file: ./profiles/standalone_attn_prefill_and_decode_tp8_prefill_then_decode8_512_4_2048nan_agent_info.csv
[m# ---- Run standalone_attn_prefill_and_decode_tp8_prefill_then_decode8_512_4_4096nan ----
INFO 09-01 23:48:46 [__init__.py:244] Automatically detected platform rocm.
No masking
[0;31mE20250901 23:49:02.795526 139818652083968 output_stream.cpp:105] Opened result file: ./profiles/standalone_attn_prefill_and_decode_tp8_prefill_then_decode8_512_4_4096nan_kernel_trace.csv
[m[0;31mE20250901 23:49:02.801396 139818652083968 output_stream.cpp:105] Opened result file: ./profiles/standalone_attn_prefill_and_decode_tp8_prefill_then_decode8_512_4_4096nan_agent_info.csv
[m# ---- Run standalone_attn_prefill_and_decode_tp8_prefill_then_decode8_512_4_8192nan ----
INFO 09-01 23:49:16 [__init__.py:244] Automatically detected platform rocm.
No masking
[0;31mE20250901 23:49:31.575534 140008307685120 output_stream.cpp:105] Opened result file: ./profiles/standalone_attn_prefill_and_decode_tp8_prefill_then_decode8_512_4_8192nan_kernel_trace.csv
[m[0;31mE20250901 23:49:31.581481 140008307685120 output_stream.cpp:105] Opened result file: ./profiles/standalone_attn_prefill_and_decode_tp8_prefill_then_decode8_512_4_8192nan_agent_info.csv
[m# ---- Run standalone_attn_prefill_and_decode_tp8_prefill_then_decode8_512_8_256nan ----
INFO 09-01 23:49:45 [__init__.py:244] Automatically detected platform rocm.
No masking
[0;31mE20250901 23:50:00.846440 139899912369920 output_stream.cpp:105] Opened result file: ./profiles/standalone_attn_prefill_and_decode_tp8_prefill_then_decode8_512_8_256nan_kernel_trace.csv
[m[0;31mE20250901 23:50:00.852242 139899912369920 output_stream.cpp:105] Opened result file: ./profiles/standalone_attn_prefill_and_decode_tp8_prefill_then_decode8_512_8_256nan_agent_info.csv
[m# ---- Run standalone_attn_prefill_and_decode_tp8_prefill_then_decode8_512_8_512nan ----
INFO 09-01 23:50:14 [__init__.py:244] Automatically detected platform rocm.
No masking
[0;31mE20250901 23:50:29.728560 140037558834944 output_stream.cpp:105] Opened result file: ./profiles/standalone_attn_prefill_and_decode_tp8_prefill_then_decode8_512_8_512nan_kernel_trace.csv
[m[0;31mE20250901 23:50:29.734766 140037558834944 output_stream.cpp:105] Opened result file: ./profiles/standalone_attn_prefill_and_decode_tp8_prefill_then_decode8_512_8_512nan_agent_info.csv
[m# ---- Run standalone_attn_prefill_and_decode_tp8_prefill_then_decode8_512_8_1024nan ----
INFO 09-01 23:50:43 [__init__.py:244] Automatically detected platform rocm.
No masking
[0;31mE20250901 23:50:59.002039 140536628635392 output_stream.cpp:105] Opened result file: ./profiles/standalone_attn_prefill_and_decode_tp8_prefill_then_decode8_512_8_1024nan_kernel_trace.csv
[m[0;31mE20250901 23:50:59.007906 140536628635392 output_stream.cpp:105] Opened result file: ./profiles/standalone_attn_prefill_and_decode_tp8_prefill_then_decode8_512_8_1024nan_agent_info.csv
[m# ---- Run standalone_attn_prefill_and_decode_tp8_prefill_then_decode8_512_8_2048nan ----
INFO 09-01 23:51:12 [__init__.py:244] Automatically detected platform rocm.
No masking
[0;31mE20250901 23:51:28.086908 140180248155904 output_stream.cpp:105] Opened result file: ./profiles/standalone_attn_prefill_and_decode_tp8_prefill_then_decode8_512_8_2048nan_kernel_trace.csv
[m[0;31mE20250901 23:51:28.092716 140180248155904 output_stream.cpp:105] Opened result file: ./profiles/standalone_attn_prefill_and_decode_tp8_prefill_then_decode8_512_8_2048nan_agent_info.csv
[m# ---- Run standalone_attn_prefill_and_decode_tp8_prefill_then_decode8_512_8_4096nan ----
INFO 09-01 23:51:41 [__init__.py:244] Automatically detected platform rocm.
No masking
[0;31mE20250901 23:51:57.018178 140068121691904 output_stream.cpp:105] Opened result file: ./profiles/standalone_attn_prefill_and_decode_tp8_prefill_then_decode8_512_8_4096nan_kernel_trace.csv
[m[0;31mE20250901 23:51:57.024048 140068121691904 output_stream.cpp:105] Opened result file: ./profiles/standalone_attn_prefill_and_decode_tp8_prefill_then_decode8_512_8_4096nan_agent_info.csv
[m# ---- Run standalone_attn_prefill_and_decode_tp8_prefill_then_decode8_512_8_8192nan ----
INFO 09-01 23:52:10 [__init__.py:244] Automatically detected platform rocm.
No masking
[0;31mE20250901 23:52:26.006778 140099536504576 output_stream.cpp:105] Opened result file: ./profiles/standalone_attn_prefill_and_decode_tp8_prefill_then_decode8_512_8_8192nan_kernel_trace.csv
[m[0;31mE20250901 23:52:26.013906 140099536504576 output_stream.cpp:105] Opened result file: ./profiles/standalone_attn_prefill_and_decode_tp8_prefill_then_decode8_512_8_8192nan_agent_info.csv
[m# ---- Run standalone_attn_prefill_and_decode_tp8_prefill_then_decode8_512_16_256nan ----
INFO 09-01 23:52:40 [__init__.py:244] Automatically detected platform rocm.
No masking
[0;31mE20250901 23:52:55.305920 139643938526976 output_stream.cpp:105] Opened result file: ./profiles/standalone_attn_prefill_and_decode_tp8_prefill_then_decode8_512_16_256nan_kernel_trace.csv
[m[0;31mE20250901 23:52:55.311820 139643938526976 output_stream.cpp:105] Opened result file: ./profiles/standalone_attn_prefill_and_decode_tp8_prefill_then_decode8_512_16_256nan_agent_info.csv
[m# ---- Run standalone_attn_prefill_and_decode_tp8_prefill_then_decode8_512_16_512nan ----
INFO 09-01 23:53:08 [__init__.py:244] Automatically detected platform rocm.
No masking
[0;31mE20250901 23:53:24.231283 140483174459136 output_stream.cpp:105] Opened result file: ./profiles/standalone_attn_prefill_and_decode_tp8_prefill_then_decode8_512_16_512nan_kernel_trace.csv
[m[0;31mE20250901 23:53:24.237186 140483174459136 output_stream.cpp:105] Opened result file: ./profiles/standalone_attn_prefill_and_decode_tp8_prefill_then_decode8_512_16_512nan_agent_info.csv
[m# ---- Run standalone_attn_prefill_and_decode_tp8_prefill_then_decode8_512_16_1024nan ----
INFO 09-01 23:53:37 [__init__.py:244] Automatically detected platform rocm.
No masking
[0;31mE20250901 23:53:52.830002 140582387238656 output_stream.cpp:105] Opened result file: ./profiles/standalone_attn_prefill_and_decode_tp8_prefill_then_decode8_512_16_1024nan_kernel_trace.csv
[m[0;31mE20250901 23:53:52.835861 140582387238656 output_stream.cpp:105] Opened result file: ./profiles/standalone_attn_prefill_and_decode_tp8_prefill_then_decode8_512_16_1024nan_agent_info.csv
[m# ---- Run standalone_attn_prefill_and_decode_tp8_prefill_then_decode8_512_16_2048nan ----
INFO 09-01 23:54:06 [__init__.py:244] Automatically detected platform rocm.
No masking
[0;31mE20250901 23:54:21.328114 140061351950080 output_stream.cpp:105] Opened result file: ./profiles/standalone_attn_prefill_and_decode_tp8_prefill_then_decode8_512_16_2048nan_kernel_trace.csv
[m[0;31mE20250901 23:54:21.334093 140061351950080 output_stream.cpp:105] Opened result file: ./profiles/standalone_attn_prefill_and_decode_tp8_prefill_then_decode8_512_16_2048nan_agent_info.csv
[m# ---- Run standalone_attn_prefill_and_decode_tp8_prefill_then_decode8_512_16_4096nan ----
INFO 09-01 23:54:34 [__init__.py:244] Automatically detected platform rocm.
No masking
[0;31mE20250901 23:54:50.001114 140460167038720 output_stream.cpp:105] Opened result file: ./profiles/standalone_attn_prefill_and_decode_tp8_prefill_then_decode8_512_16_4096nan_kernel_trace.csv
[m[0;31mE20250901 23:54:50.007059 140460167038720 output_stream.cpp:105] Opened result file: ./profiles/standalone_attn_prefill_and_decode_tp8_prefill_then_decode8_512_16_4096nan_agent_info.csv
[m# ---- Run standalone_attn_prefill_and_decode_tp8_prefill_then_decode8_512_16_8192nan ----
INFO 09-01 23:55:03 [__init__.py:244] Automatically detected platform rocm.
No masking
[0;31mE20250901 23:55:18.388652 139754057246464 output_stream.cpp:105] Opened result file: ./profiles/standalone_attn_prefill_and_decode_tp8_prefill_then_decode8_512_16_8192nan_kernel_trace.csv
[m[0;31mE20250901 23:55:18.394602 139754057246464 output_stream.cpp:105] Opened result file: ./profiles/standalone_attn_prefill_and_decode_tp8_prefill_then_decode8_512_16_8192nan_agent_info.csv
[m# ---- Run standalone_attn_prefill_and_decode_tp8_prefill_then_decode8_512_32_256nan ----
INFO 09-01 23:55:31 [__init__.py:244] Automatically detected platform rocm.
No masking
[0;31mE20250901 23:55:47.093082 140684696426240 output_stream.cpp:105] Opened result file: ./profiles/standalone_attn_prefill_and_decode_tp8_prefill_then_decode8_512_32_256nan_kernel_trace.csv
[m[0;31mE20250901 23:55:47.098819 140684696426240 output_stream.cpp:105] Opened result file: ./profiles/standalone_attn_prefill_and_decode_tp8_prefill_then_decode8_512_32_256nan_agent_info.csv
[m# ---- Run standalone_attn_prefill_and_decode_tp8_prefill_then_decode8_512_32_512nan ----
INFO 09-01 23:56:00 [__init__.py:244] Automatically detected platform rocm.
No masking
[0;31mE20250901 23:56:15.653030 140657233815296 output_stream.cpp:105] Opened result file: ./profiles/standalone_attn_prefill_and_decode_tp8_prefill_then_decode8_512_32_512nan_kernel_trace.csv
[m[0;31mE20250901 23:56:15.658893 140657233815296 output_stream.cpp:105] Opened result file: ./profiles/standalone_attn_prefill_and_decode_tp8_prefill_then_decode8_512_32_512nan_agent_info.csv
[m# ---- Run standalone_attn_prefill_and_decode_tp8_prefill_then_decode8_512_32_1024nan ----
INFO 09-01 23:56:29 [__init__.py:244] Automatically detected platform rocm.
No masking
[0;31mE20250901 23:56:44.986092 140586637342464 output_stream.cpp:105] Opened result file: ./profiles/standalone_attn_prefill_and_decode_tp8_prefill_then_decode8_512_32_1024nan_kernel_trace.csv
[m[0;31mE20250901 23:56:44.992122 140586637342464 output_stream.cpp:105] Opened result file: ./profiles/standalone_attn_prefill_and_decode_tp8_prefill_then_decode8_512_32_1024nan_agent_info.csv
[m# ---- Run standalone_attn_prefill_and_decode_tp8_prefill_then_decode8_512_32_2048nan ----
INFO 09-01 23:56:58 [__init__.py:244] Automatically detected platform rocm.
No masking
[0;31mE20250901 23:57:14.227248 140705790080768 output_stream.cpp:105] Opened result file: ./profiles/standalone_attn_prefill_and_decode_tp8_prefill_then_decode8_512_32_2048nan_kernel_trace.csv
[m[0;31mE20250901 23:57:14.233213 140705790080768 output_stream.cpp:105] Opened result file: ./profiles/standalone_attn_prefill_and_decode_tp8_prefill_then_decode8_512_32_2048nan_agent_info.csv
[m# ---- Run standalone_attn_prefill_and_decode_tp8_prefill_then_decode8_512_32_4096nan ----
INFO 09-01 23:57:28 [__init__.py:244] Automatically detected platform rocm.
No masking
[0;31mE20250901 23:57:43.435221 140008280065792 output_stream.cpp:105] Opened result file: ./profiles/standalone_attn_prefill_and_decode_tp8_prefill_then_decode8_512_32_4096nan_kernel_trace.csv
[m[0;31mE20250901 23:57:43.441202 140008280065792 output_stream.cpp:105] Opened result file: ./profiles/standalone_attn_prefill_and_decode_tp8_prefill_then_decode8_512_32_4096nan_agent_info.csv
[m# ---- Run standalone_attn_prefill_and_decode_tp8_prefill_then_decode8_512_32_8192nan ----
INFO 09-01 23:57:57 [__init__.py:244] Automatically detected platform rocm.
No masking
[0;31mE20250901 23:58:12.550071 139667865077504 output_stream.cpp:105] Opened result file: ./profiles/standalone_attn_prefill_and_decode_tp8_prefill_then_decode8_512_32_8192nan_kernel_trace.csv
[m[0;31mE20250901 23:58:12.556012 139667865077504 output_stream.cpp:105] Opened result file: ./profiles/standalone_attn_prefill_and_decode_tp8_prefill_then_decode8_512_32_8192nan_agent_info.csv
[m# ---- Run standalone_attn_prefill_and_decode_tp8_prefill_then_decode8_512_64_256nan ----
INFO 09-01 23:58:26 [__init__.py:244] Automatically detected platform rocm.
No masking
[0;31mE20250901 23:58:41.448702 140073110984448 output_stream.cpp:105] Opened result file: ./profiles/standalone_attn_prefill_and_decode_tp8_prefill_then_decode8_512_64_256nan_kernel_trace.csv
[m[0;31mE20250901 23:58:41.454672 140073110984448 output_stream.cpp:105] Opened result file: ./profiles/standalone_attn_prefill_and_decode_tp8_prefill_then_decode8_512_64_256nan_agent_info.csv
[m# ---- Run standalone_attn_prefill_and_decode_tp8_prefill_then_decode8_512_64_512nan ----
INFO 09-01 23:58:55 [__init__.py:244] Automatically detected platform rocm.
No masking
[0;31mE20250901 23:59:10.372799 140666797500160 output_stream.cpp:105] Opened result file: ./profiles/standalone_attn_prefill_and_decode_tp8_prefill_then_decode8_512_64_512nan_kernel_trace.csv
[m[0;31mE20250901 23:59:10.378977 140666797500160 output_stream.cpp:105] Opened result file: ./profiles/standalone_attn_prefill_and_decode_tp8_prefill_then_decode8_512_64_512nan_agent_info.csv
[m# ---- Run standalone_attn_prefill_and_decode_tp8_prefill_then_decode8_512_64_1024nan ----
INFO 09-01 23:59:23 [__init__.py:244] Automatically detected platform rocm.
No masking
[0;31mE20250901 23:59:39.333129 140283036575488 output_stream.cpp:105] Opened result file: ./profiles/standalone_attn_prefill_and_decode_tp8_prefill_then_decode8_512_64_1024nan_kernel_trace.csv
[m[0;31mE20250901 23:59:39.339141 140283036575488 output_stream.cpp:105] Opened result file: ./profiles/standalone_attn_prefill_and_decode_tp8_prefill_then_decode8_512_64_1024nan_agent_info.csv
[m# ---- Run standalone_attn_prefill_and_decode_tp8_prefill_then_decode8_512_64_2048nan ----
INFO 09-01 23:59:53 [__init__.py:244] Automatically detected platform rocm.
No masking
[0;31mE20250902 00:00:09.009870 140506528569088 output_stream.cpp:105] Opened result file: ./profiles/standalone_attn_prefill_and_decode_tp8_prefill_then_decode8_512_64_2048nan_kernel_trace.csv
[m[0;31mE20250902 00:00:09.015741 140506528569088 output_stream.cpp:105] Opened result file: ./profiles/standalone_attn_prefill_and_decode_tp8_prefill_then_decode8_512_64_2048nan_agent_info.csv
[m# ---- Run standalone_attn_prefill_and_decode_tp8_prefill_then_decode8_512_64_4096nan ----
INFO 09-02 00:00:22 [__init__.py:244] Automatically detected platform rocm.
No masking
[0;31mE20250902 00:00:38.114357 140608549029632 output_stream.cpp:105] Opened result file: ./profiles/standalone_attn_prefill_and_decode_tp8_prefill_then_decode8_512_64_4096nan_kernel_trace.csv
[m[0;31mE20250902 00:00:38.120803 140608549029632 output_stream.cpp:105] Opened result file: ./profiles/standalone_attn_prefill_and_decode_tp8_prefill_then_decode8_512_64_4096nan_agent_info.csv
[m# ---- Run standalone_attn_prefill_and_decode_tp8_prefill_then_decode8_512_64_8192nan ----
INFO 09-02 00:00:51 [__init__.py:244] Automatically detected platform rocm.
No masking
[0;31mE20250902 00:01:06.957498 140339305887488 output_stream.cpp:105] Opened result file: ./profiles/standalone_attn_prefill_and_decode_tp8_prefill_then_decode8_512_64_8192nan_kernel_trace.csv
[m[0;31mE20250902 00:01:06.963267 140339305887488 output_stream.cpp:105] Opened result file: ./profiles/standalone_attn_prefill_and_decode_tp8_prefill_then_decode8_512_64_8192nan_agent_info.csv
[m# ---- Run standalone_attn_prefill_and_decode_tp8_prefill_then_decode8_512_128_256nan ----
INFO 09-02 00:01:20 [__init__.py:244] Automatically detected platform rocm.
No masking
[0;31mE20250902 00:01:35.198373 140338262951680 output_stream.cpp:105] Opened result file: ./profiles/standalone_attn_prefill_and_decode_tp8_prefill_then_decode8_512_128_256nan_kernel_trace.csv
[m[0;31mE20250902 00:01:35.204315 140338262951680 output_stream.cpp:105] Opened result file: ./profiles/standalone_attn_prefill_and_decode_tp8_prefill_then_decode8_512_128_256nan_agent_info.csv
[m# ---- Run standalone_attn_prefill_and_decode_tp8_prefill_then_decode8_512_128_512nan ----
INFO 09-02 00:01:48 [__init__.py:244] Automatically detected platform rocm.
No masking
[0;31mE20250902 00:02:04.206182 140451355690752 output_stream.cpp:105] Opened result file: ./profiles/standalone_attn_prefill_and_decode_tp8_prefill_then_decode8_512_128_512nan_kernel_trace.csv
[m[0;31mE20250902 00:02:04.212093 140451355690752 output_stream.cpp:105] Opened result file: ./profiles/standalone_attn_prefill_and_decode_tp8_prefill_then_decode8_512_128_512nan_agent_info.csv
[m# ---- Run standalone_attn_prefill_and_decode_tp8_prefill_then_decode8_512_128_1024nan ----
INFO 09-02 00:02:18 [__init__.py:244] Automatically detected platform rocm.
No masking
[0;31mE20250902 00:02:32.865382 140053070444288 output_stream.cpp:105] Opened result file: ./profiles/standalone_attn_prefill_and_decode_tp8_prefill_then_decode8_512_128_1024nan_kernel_trace.csv
[m[0;31mE20250902 00:02:32.871194 140053070444288 output_stream.cpp:105] Opened result file: ./profiles/standalone_attn_prefill_and_decode_tp8_prefill_then_decode8_512_128_1024nan_agent_info.csv
[m# ---- Run standalone_attn_prefill_and_decode_tp8_prefill_then_decode8_512_128_2048nan ----
INFO 09-02 00:02:46 [__init__.py:244] Automatically detected platform rocm.
No masking
[0;31mE20250902 00:03:01.047685 140344063837952 output_stream.cpp:105] Opened result file: ./profiles/standalone_attn_prefill_and_decode_tp8_prefill_then_decode8_512_128_2048nan_kernel_trace.csv
[m[0;31mE20250902 00:03:01.053483 140344063837952 output_stream.cpp:105] Opened result file: ./profiles/standalone_attn_prefill_and_decode_tp8_prefill_then_decode8_512_128_2048nan_agent_info.csv
[m# ---- Run standalone_attn_prefill_and_decode_tp8_prefill_then_decode8_512_128_4096nan ----
INFO 09-02 00:03:14 [__init__.py:244] Automatically detected platform rocm.
No masking
[0;31mE20250902 00:03:29.080714 139858533480192 output_stream.cpp:105] Opened result file: ./profiles/standalone_attn_prefill_and_decode_tp8_prefill_then_decode8_512_128_4096nan_kernel_trace.csv
[m[0;31mE20250902 00:03:29.086747 139858533480192 output_stream.cpp:105] Opened result file: ./profiles/standalone_attn_prefill_and_decode_tp8_prefill_then_decode8_512_128_4096nan_agent_info.csv
[m# ---- Run standalone_attn_prefill_and_decode_tp8_prefill_then_decode8_512_128_8192nan ----
INFO 09-02 00:03:42 [__init__.py:244] Automatically detected platform rocm.
No masking
[0;31mE20250902 00:03:57.211123 140155426264832 output_stream.cpp:105] Opened result file: ./profiles/standalone_attn_prefill_and_decode_tp8_prefill_then_decode8_512_128_8192nan_kernel_trace.csv
[m[0;31mE20250902 00:03:57.217101 140155426264832 output_stream.cpp:105] Opened result file: ./profiles/standalone_attn_prefill_and_decode_tp8_prefill_then_decode8_512_128_8192nan_agent_info.csv
[m# ---- Run standalone_attn_prefill_and_decode_tp8_prefill_then_decode8_1024_1_256nan ----
INFO 09-02 00:04:10 [__init__.py:244] Automatically detected platform rocm.
No masking
[0;31mE20250902 00:04:26.279006 139931133130496 output_stream.cpp:105] Opened result file: ./profiles/standalone_attn_prefill_and_decode_tp8_prefill_then_decode8_1024_1_256nan_kernel_trace.csv
[m[0;31mE20250902 00:04:26.284948 139931133130496 output_stream.cpp:105] Opened result file: ./profiles/standalone_attn_prefill_and_decode_tp8_prefill_then_decode8_1024_1_256nan_agent_info.csv
[m# ---- Run standalone_attn_prefill_and_decode_tp8_prefill_then_decode8_1024_1_512nan ----
INFO 09-02 00:04:39 [__init__.py:244] Automatically detected platform rocm.
No masking
[0;31mE20250902 00:04:55.065008 139983264139008 output_stream.cpp:105] Opened result file: ./profiles/standalone_attn_prefill_and_decode_tp8_prefill_then_decode8_1024_1_512nan_kernel_trace.csv
[m[0;31mE20250902 00:04:55.070906 139983264139008 output_stream.cpp:105] Opened result file: ./profiles/standalone_attn_prefill_and_decode_tp8_prefill_then_decode8_1024_1_512nan_agent_info.csv
[m# ---- Run standalone_attn_prefill_and_decode_tp8_prefill_then_decode8_1024_1_1024nan ----
INFO 09-02 00:05:08 [__init__.py:244] Automatically detected platform rocm.
No masking
[0;31mE20250902 00:05:24.160173 140279750756096 output_stream.cpp:105] Opened result file: ./profiles/standalone_attn_prefill_and_decode_tp8_prefill_then_decode8_1024_1_1024nan_kernel_trace.csv
[m[0;31mE20250902 00:05:24.166160 140279750756096 output_stream.cpp:105] Opened result file: ./profiles/standalone_attn_prefill_and_decode_tp8_prefill_then_decode8_1024_1_1024nan_agent_info.csv
[m# ---- Run standalone_attn_prefill_and_decode_tp8_prefill_then_decode8_1024_1_2048nan ----
INFO 09-02 00:05:37 [__init__.py:244] Automatically detected platform rocm.
No masking
[0;31mE20250902 00:05:53.408260 140093062588160 output_stream.cpp:105] Opened result file: ./profiles/standalone_attn_prefill_and_decode_tp8_prefill_then_decode8_1024_1_2048nan_kernel_trace.csv
[m[0;31mE20250902 00:05:53.414009 140093062588160 output_stream.cpp:105] Opened result file: ./profiles/standalone_attn_prefill_and_decode_tp8_prefill_then_decode8_1024_1_2048nan_agent_info.csv
[m# ---- Run standalone_attn_prefill_and_decode_tp8_prefill_then_decode8_1024_1_4096nan ----
INFO 09-02 00:06:06 [__init__.py:244] Automatically detected platform rocm.
No masking
[0;31mE20250902 00:06:21.794028 140626617448192 output_stream.cpp:105] Opened result file: ./profiles/standalone_attn_prefill_and_decode_tp8_prefill_then_decode8_1024_1_4096nan_kernel_trace.csv
[m[0;31mE20250902 00:06:21.799890 140626617448192 output_stream.cpp:105] Opened result file: ./profiles/standalone_attn_prefill_and_decode_tp8_prefill_then_decode8_1024_1_4096nan_agent_info.csv
[m# ---- Run standalone_attn_prefill_and_decode_tp8_prefill_then_decode8_1024_1_8192nan ----
INFO 09-02 00:06:35 [__init__.py:244] Automatically detected platform rocm.
No masking
[0;31mE20250902 00:06:50.142848 139680038684416 output_stream.cpp:105] Opened result file: ./profiles/standalone_attn_prefill_and_decode_tp8_prefill_then_decode8_1024_1_8192nan_kernel_trace.csv
[m[0;31mE20250902 00:06:50.148864 139680038684416 output_stream.cpp:105] Opened result file: ./profiles/standalone_attn_prefill_and_decode_tp8_prefill_then_decode8_1024_1_8192nan_agent_info.csv
[m# ---- Run standalone_attn_prefill_and_decode_tp8_prefill_then_decode8_1024_2_256nan ----
INFO 09-02 00:07:03 [__init__.py:244] Automatically detected platform rocm.
No masking
[0;31mE20250902 00:07:18.890355 140085411522304 output_stream.cpp:105] Opened result file: ./profiles/standalone_attn_prefill_and_decode_tp8_prefill_then_decode8_1024_2_256nan_kernel_trace.csv
[m[0;31mE20250902 00:07:18.896362 140085411522304 output_stream.cpp:105] Opened result file: ./profiles/standalone_attn_prefill_and_decode_tp8_prefill_then_decode8_1024_2_256nan_agent_info.csv
[m# ---- Run standalone_attn_prefill_and_decode_tp8_prefill_then_decode8_1024_2_512nan ----
INFO 09-02 00:07:32 [__init__.py:244] Automatically detected platform rocm.
No masking
[0;31mE20250902 00:07:47.750180 140209438418688 output_stream.cpp:105] Opened result file: ./profiles/standalone_attn_prefill_and_decode_tp8_prefill_then_decode8_1024_2_512nan_kernel_trace.csv
[m[0;31mE20250902 00:07:47.756162 140209438418688 output_stream.cpp:105] Opened result file: ./profiles/standalone_attn_prefill_and_decode_tp8_prefill_then_decode8_1024_2_512nan_agent_info.csv
[m# ---- Run standalone_attn_prefill_and_decode_tp8_prefill_then_decode8_1024_2_1024nan ----
INFO 09-02 00:08:01 [__init__.py:244] Automatically detected platform rocm.
No masking
[0;31mE20250902 00:08:16.970446 140422165440256 output_stream.cpp:105] Opened result file: ./profiles/standalone_attn_prefill_and_decode_tp8_prefill_then_decode8_1024_2_1024nan_kernel_trace.csv
[m[0;31mE20250902 00:08:16.976525 140422165440256 output_stream.cpp:105] Opened result file: ./profiles/standalone_attn_prefill_and_decode_tp8_prefill_then_decode8_1024_2_1024nan_agent_info.csv
[m# ---- Run standalone_attn_prefill_and_decode_tp8_prefill_then_decode8_1024_2_2048nan ----
INFO 09-02 00:08:30 [__init__.py:244] Automatically detected platform rocm.
No masking
[0;31mE20250902 00:08:45.772721 140269313578752 output_stream.cpp:105] Opened result file: ./profiles/standalone_attn_prefill_and_decode_tp8_prefill_then_decode8_1024_2_2048nan_kernel_trace.csv
[m[0;31mE20250902 00:08:45.778605 140269313578752 output_stream.cpp:105] Opened result file: ./profiles/standalone_attn_prefill_and_decode_tp8_prefill_then_decode8_1024_2_2048nan_agent_info.csv
[m# ---- Run standalone_attn_prefill_and_decode_tp8_prefill_then_decode8_1024_2_4096nan ----
INFO 09-02 00:08:59 [__init__.py:244] Automatically detected platform rocm.
No masking
[0;31mE20250902 00:09:14.527149 140590259296000 output_stream.cpp:105] Opened result file: ./profiles/standalone_attn_prefill_and_decode_tp8_prefill_then_decode8_1024_2_4096nan_kernel_trace.csv
[m[0;31mE20250902 00:09:14.532949 140590259296000 output_stream.cpp:105] Opened result file: ./profiles/standalone_attn_prefill_and_decode_tp8_prefill_then_decode8_1024_2_4096nan_agent_info.csv
[m# ---- Run standalone_attn_prefill_and_decode_tp8_prefill_then_decode8_1024_2_8192nan ----
INFO 09-02 00:09:27 [__init__.py:244] Automatically detected platform rocm.
No masking
[0;31mE20250902 00:09:43.054742 140019033925376 output_stream.cpp:105] Opened result file: ./profiles/standalone_attn_prefill_and_decode_tp8_prefill_then_decode8_1024_2_8192nan_kernel_trace.csv
[m[0;31mE20250902 00:09:43.060649 140019033925376 output_stream.cpp:105] Opened result file: ./profiles/standalone_attn_prefill_and_decode_tp8_prefill_then_decode8_1024_2_8192nan_agent_info.csv
[m# ---- Run standalone_attn_prefill_and_decode_tp8_prefill_then_decode8_1024_4_256nan ----
INFO 09-02 00:09:57 [__init__.py:244] Automatically detected platform rocm.
No masking
[0;31mE20250902 00:10:12.981755 140064724985600 output_stream.cpp:105] Opened result file: ./profiles/standalone_attn_prefill_and_decode_tp8_prefill_then_decode8_1024_4_256nan_kernel_trace.csv
[m[0;31mE20250902 00:10:12.987634 140064724985600 output_stream.cpp:105] Opened result file: ./profiles/standalone_attn_prefill_and_decode_tp8_prefill_then_decode8_1024_4_256nan_agent_info.csv
[m# ---- Run standalone_attn_prefill_and_decode_tp8_prefill_then_decode8_1024_4_512nan ----
INFO 09-02 00:10:26 [__init__.py:244] Automatically detected platform rocm.
No masking
[0;31mE20250902 00:10:41.496406 140611414390528 output_stream.cpp:105] Opened result file: ./profiles/standalone_attn_prefill_and_decode_tp8_prefill_then_decode8_1024_4_512nan_kernel_trace.csv
[m[0;31mE20250902 00:10:41.502343 140611414390528 output_stream.cpp:105] Opened result file: ./profiles/standalone_attn_prefill_and_decode_tp8_prefill_then_decode8_1024_4_512nan_agent_info.csv
[m# ---- Run standalone_attn_prefill_and_decode_tp8_prefill_then_decode8_1024_4_1024nan ----
INFO 09-02 00:10:54 [__init__.py:244] Automatically detected platform rocm.
No masking
[0;31mE20250902 00:11:09.864067 140644795746048 output_stream.cpp:105] Opened result file: ./profiles/standalone_attn_prefill_and_decode_tp8_prefill_then_decode8_1024_4_1024nan_kernel_trace.csv
[m[0;31mE20250902 00:11:09.869909 140644795746048 output_stream.cpp:105] Opened result file: ./profiles/standalone_attn_prefill_and_decode_tp8_prefill_then_decode8_1024_4_1024nan_agent_info.csv
[m# ---- Run standalone_attn_prefill_and_decode_tp8_prefill_then_decode8_1024_4_2048nan ----
INFO 09-02 00:11:23 [__init__.py:244] Automatically detected platform rocm.
No masking
[0;31mE20250902 00:11:39.024301 140604073449216 output_stream.cpp:105] Opened result file: ./profiles/standalone_attn_prefill_and_decode_tp8_prefill_then_decode8_1024_4_2048nan_kernel_trace.csv
[m[0;31mE20250902 00:11:39.030217 140604073449216 output_stream.cpp:105] Opened result file: ./profiles/standalone_attn_prefill_and_decode_tp8_prefill_then_decode8_1024_4_2048nan_agent_info.csv
[m# ---- Run standalone_attn_prefill_and_decode_tp8_prefill_then_decode8_1024_4_4096nan ----
INFO 09-02 00:11:53 [__init__.py:244] Automatically detected platform rocm.
No masking
[0;31mE20250902 00:12:08.203948 140155514017536 output_stream.cpp:105] Opened result file: ./profiles/standalone_attn_prefill_and_decode_tp8_prefill_then_decode8_1024_4_4096nan_kernel_trace.csv
[m[0;31mE20250902 00:12:08.209904 140155514017536 output_stream.cpp:105] Opened result file: ./profiles/standalone_attn_prefill_and_decode_tp8_prefill_then_decode8_1024_4_4096nan_agent_info.csv
[m# ---- Run standalone_attn_prefill_and_decode_tp8_prefill_then_decode8_1024_4_8192nan ----
INFO 09-02 00:12:21 [__init__.py:244] Automatically detected platform rocm.
No masking
[0;31mE20250902 00:12:36.967657 140181134862080 output_stream.cpp:105] Opened result file: ./profiles/standalone_attn_prefill_and_decode_tp8_prefill_then_decode8_1024_4_8192nan_kernel_trace.csv
[m[0;31mE20250902 00:12:36.973599 140181134862080 output_stream.cpp:105] Opened result file: ./profiles/standalone_attn_prefill_and_decode_tp8_prefill_then_decode8_1024_4_8192nan_agent_info.csv
[m# ---- Run standalone_attn_prefill_and_decode_tp8_prefill_then_decode8_1024_8_256nan ----
INFO 09-02 00:12:50 [__init__.py:244] Automatically detected platform rocm.
No masking
[0;31mE20250902 00:13:05.890949 140519654221568 output_stream.cpp:105] Opened result file: ./profiles/standalone_attn_prefill_and_decode_tp8_prefill_then_decode8_1024_8_256nan_kernel_trace.csv
[m[0;31mE20250902 00:13:05.896837 140519654221568 output_stream.cpp:105] Opened result file: ./profiles/standalone_attn_prefill_and_decode_tp8_prefill_then_decode8_1024_8_256nan_agent_info.csv
[m# ---- Run standalone_attn_prefill_and_decode_tp8_prefill_then_decode8_1024_8_512nan ----
INFO 09-02 00:13:19 [__init__.py:244] Automatically detected platform rocm.
No masking
[0;31mE20250902 00:13:34.738564 139759290976000 output_stream.cpp:105] Opened result file: ./profiles/standalone_attn_prefill_and_decode_tp8_prefill_then_decode8_1024_8_512nan_kernel_trace.csv
[m[0;31mE20250902 00:13:34.744587 139759290976000 output_stream.cpp:105] Opened result file: ./profiles/standalone_attn_prefill_and_decode_tp8_prefill_then_decode8_1024_8_512nan_agent_info.csv
[m# ---- Run standalone_attn_prefill_and_decode_tp8_prefill_then_decode8_1024_8_1024nan ----
INFO 09-02 00:13:48 [__init__.py:244] Automatically detected platform rocm.
No masking
[0;31mE20250902 00:14:04.187250 139677658015488 output_stream.cpp:105] Opened result file: ./profiles/standalone_attn_prefill_and_decode_tp8_prefill_then_decode8_1024_8_1024nan_kernel_trace.csv
[m[0;31mE20250902 00:14:04.193149 139677658015488 output_stream.cpp:105] Opened result file: ./profiles/standalone_attn_prefill_and_decode_tp8_prefill_then_decode8_1024_8_1024nan_agent_info.csv
[m# ---- Run standalone_attn_prefill_and_decode_tp8_prefill_then_decode8_1024_8_2048nan ----
INFO 09-02 00:14:17 [__init__.py:244] Automatically detected platform rocm.
No masking
[0;31mE20250902 00:14:33.083306 139836726454016 output_stream.cpp:105] Opened result file: ./profiles/standalone_attn_prefill_and_decode_tp8_prefill_then_decode8_1024_8_2048nan_kernel_trace.csv
[m[0;31mE20250902 00:14:33.089198 139836726454016 output_stream.cpp:105] Opened result file: ./profiles/standalone_attn_prefill_and_decode_tp8_prefill_then_decode8_1024_8_2048nan_agent_info.csv
[m# ---- Run standalone_attn_prefill_and_decode_tp8_prefill_then_decode8_1024_8_4096nan ----
INFO 09-02 00:14:46 [__init__.py:244] Automatically detected platform rocm.
No masking
[0;31mE20250902 00:15:01.391637 139912857876224 output_stream.cpp:105] Opened result file: ./profiles/standalone_attn_prefill_and_decode_tp8_prefill_then_decode8_1024_8_4096nan_kernel_trace.csv
[m[0;31mE20250902 00:15:01.397585 139912857876224 output_stream.cpp:105] Opened result file: ./profiles/standalone_attn_prefill_and_decode_tp8_prefill_then_decode8_1024_8_4096nan_agent_info.csv
[m# ---- Run standalone_attn_prefill_and_decode_tp8_prefill_then_decode8_1024_8_8192nan ----
INFO 09-02 00:15:14 [__init__.py:244] Automatically detected platform rocm.
No masking
[0;31mE20250902 00:15:30.099680 139629314107136 output_stream.cpp:105] Opened result file: ./profiles/standalone_attn_prefill_and_decode_tp8_prefill_then_decode8_1024_8_8192nan_kernel_trace.csv
[m[0;31mE20250902 00:15:30.105574 139629314107136 output_stream.cpp:105] Opened result file: ./profiles/standalone_attn_prefill_and_decode_tp8_prefill_then_decode8_1024_8_8192nan_agent_info.csv
[m# ---- Run standalone_attn_prefill_and_decode_tp8_prefill_then_decode8_1024_16_256nan ----
INFO 09-02 00:15:43 [__init__.py:244] Automatically detected platform rocm.
No masking
[0;31mE20250902 00:15:59.703157 139779787265792 output_stream.cpp:105] Opened result file: ./profiles/standalone_attn_prefill_and_decode_tp8_prefill_then_decode8_1024_16_256nan_kernel_trace.csv
[m[0;31mE20250902 00:15:59.709138 139779787265792 output_stream.cpp:105] Opened result file: ./profiles/standalone_attn_prefill_and_decode_tp8_prefill_then_decode8_1024_16_256nan_agent_info.csv
[m# ---- Run standalone_attn_prefill_and_decode_tp8_prefill_then_decode8_1024_16_512nan ----
INFO 09-02 00:16:13 [__init__.py:244] Automatically detected platform rocm.
No masking
[0;31mE20250902 00:16:30.313785 140597749184256 output_stream.cpp:105] Opened result file: ./profiles/standalone_attn_prefill_and_decode_tp8_prefill_then_decode8_1024_16_512nan_kernel_trace.csv
[m[0;31mE20250902 00:16:30.319841 140597749184256 output_stream.cpp:105] Opened result file: ./profiles/standalone_attn_prefill_and_decode_tp8_prefill_then_decode8_1024_16_512nan_agent_info.csv
[m# ---- Run standalone_attn_prefill_and_decode_tp8_prefill_then_decode8_1024_16_1024nan ----
INFO 09-02 00:16:44 [__init__.py:244] Automatically detected platform rocm.
No masking
[0;31mE20250902 00:17:01.477517 140164088141568 output_stream.cpp:105] Opened result file: ./profiles/standalone_attn_prefill_and_decode_tp8_prefill_then_decode8_1024_16_1024nan_kernel_trace.csv
[m[0;31mE20250902 00:17:01.483536 140164088141568 output_stream.cpp:105] Opened result file: ./profiles/standalone_attn_prefill_and_decode_tp8_prefill_then_decode8_1024_16_1024nan_agent_info.csv
[m# ---- Run standalone_attn_prefill_and_decode_tp8_prefill_then_decode8_1024_16_2048nan ----
INFO 09-02 00:17:15 [__init__.py:244] Automatically detected platform rocm.
No masking
[0;31mE20250902 00:17:32.627607 140669909341952 output_stream.cpp:105] Opened result file: ./profiles/standalone_attn_prefill_and_decode_tp8_prefill_then_decode8_1024_16_2048nan_kernel_trace.csv
[m[0;31mE20250902 00:17:32.633734 140669909341952 output_stream.cpp:105] Opened result file: ./profiles/standalone_attn_prefill_and_decode_tp8_prefill_then_decode8_1024_16_2048nan_agent_info.csv
[m# ---- Run standalone_attn_prefill_and_decode_tp8_prefill_then_decode8_1024_16_4096nan ----
INFO 09-02 00:17:47 [__init__.py:244] Automatically detected platform rocm.
No masking
[0;31mE20250902 00:18:04.832061 140571348203264 output_stream.cpp:105] Opened result file: ./profiles/standalone_attn_prefill_and_decode_tp8_prefill_then_decode8_1024_16_4096nan_kernel_trace.csv
[m[0;31mE20250902 00:18:04.838036 140571348203264 output_stream.cpp:105] Opened result file: ./profiles/standalone_attn_prefill_and_decode_tp8_prefill_then_decode8_1024_16_4096nan_agent_info.csv
[m# ---- Run standalone_attn_prefill_and_decode_tp8_prefill_then_decode8_1024_16_8192nan ----
INFO 09-02 00:18:19 [__init__.py:244] Automatically detected platform rocm.
No masking
[0;31mE20250902 00:18:36.392854 140554348795648 output_stream.cpp:105] Opened result file: ./profiles/standalone_attn_prefill_and_decode_tp8_prefill_then_decode8_1024_16_8192nan_kernel_trace.csv
[m[0;31mE20250902 00:18:36.398921 140554348795648 output_stream.cpp:105] Opened result file: ./profiles/standalone_attn_prefill_and_decode_tp8_prefill_then_decode8_1024_16_8192nan_agent_info.csv
[m# ---- Run standalone_attn_prefill_and_decode_tp8_prefill_then_decode8_1024_32_256nan ----
INFO 09-02 00:18:50 [__init__.py:244] Automatically detected platform rocm.
No masking
[0;31mE20250902 00:19:07.634280 140562431153920 output_stream.cpp:105] Opened result file: ./profiles/standalone_attn_prefill_and_decode_tp8_prefill_then_decode8_1024_32_256nan_kernel_trace.csv
[m[0;31mE20250902 00:19:07.640305 140562431153920 output_stream.cpp:105] Opened result file: ./profiles/standalone_attn_prefill_and_decode_tp8_prefill_then_decode8_1024_32_256nan_agent_info.csv
[m# ---- Run standalone_attn_prefill_and_decode_tp8_prefill_then_decode8_1024_32_512nan ----
INFO 09-02 00:19:21 [__init__.py:244] Automatically detected platform rocm.
No masking
[0;31mE20250902 00:19:39.249553 140661726492416 output_stream.cpp:105] Opened result file: ./profiles/standalone_attn_prefill_and_decode_tp8_prefill_then_decode8_1024_32_512nan_kernel_trace.csv
[m[0;31mE20250902 00:19:39.255894 140661726492416 output_stream.cpp:105] Opened result file: ./profiles/standalone_attn_prefill_and_decode_tp8_prefill_then_decode8_1024_32_512nan_agent_info.csv
[m# ---- Run standalone_attn_prefill_and_decode_tp8_prefill_then_decode8_1024_32_1024nan ----
INFO 09-02 00:19:53 [__init__.py:244] Automatically detected platform rocm.
No masking
[0;31mE20250902 00:20:10.509707 140564711773952 output_stream.cpp:105] Opened result file: ./profiles/standalone_attn_prefill_and_decode_tp8_prefill_then_decode8_1024_32_1024nan_kernel_trace.csv
[m[0;31mE20250902 00:20:10.515713 140564711773952 output_stream.cpp:105] Opened result file: ./profiles/standalone_attn_prefill_and_decode_tp8_prefill_then_decode8_1024_32_1024nan_agent_info.csv
[m# ---- Run standalone_attn_prefill_and_decode_tp8_prefill_then_decode8_1024_32_2048nan ----
INFO 09-02 00:20:25 [__init__.py:244] Automatically detected platform rocm.
No masking
[0;31mE20250902 00:20:42.563368 139737591396096 output_stream.cpp:105] Opened result file: ./profiles/standalone_attn_prefill_and_decode_tp8_prefill_then_decode8_1024_32_2048nan_kernel_trace.csv
[m[0;31mE20250902 00:20:42.569573 139737591396096 output_stream.cpp:105] Opened result file: ./profiles/standalone_attn_prefill_and_decode_tp8_prefill_then_decode8_1024_32_2048nan_agent_info.csv
[m# ---- Run standalone_attn_prefill_and_decode_tp8_prefill_then_decode8_1024_32_4096nan ----
INFO 09-02 00:20:56 [__init__.py:244] Automatically detected platform rocm.
No masking
[0;31mE20250902 00:21:14.346778 140471232624384 output_stream.cpp:105] Opened result file: ./profiles/standalone_attn_prefill_and_decode_tp8_prefill_then_decode8_1024_32_4096nan_kernel_trace.csv
[m[0;31mE20250902 00:21:14.352841 140471232624384 output_stream.cpp:105] Opened result file: ./profiles/standalone_attn_prefill_and_decode_tp8_prefill_then_decode8_1024_32_4096nan_agent_info.csv
[m# ---- Run standalone_attn_prefill_and_decode_tp8_prefill_then_decode8_1024_32_8192nan ----
INFO 09-02 00:21:28 [__init__.py:244] Automatically detected platform rocm.
No masking
[0;31mE20250902 00:21:46.286057 140159819564800 output_stream.cpp:105] Opened result file: ./profiles/standalone_attn_prefill_and_decode_tp8_prefill_then_decode8_1024_32_8192nan_kernel_trace.csv
[m[0;31mE20250902 00:21:46.293038 140159819564800 output_stream.cpp:105] Opened result file: ./profiles/standalone_attn_prefill_and_decode_tp8_prefill_then_decode8_1024_32_8192nan_agent_info.csv
[m# ---- Run standalone_attn_prefill_and_decode_tp8_prefill_then_decode8_1024_64_256nan ----
INFO 09-02 00:22:00 [__init__.py:244] Automatically detected platform rocm.
No masking
[0;31mE20250902 00:22:17.674601 140002779952896 output_stream.cpp:105] Opened result file: ./profiles/standalone_attn_prefill_and_decode_tp8_prefill_then_decode8_1024_64_256nan_kernel_trace.csv
[m[0;31mE20250902 00:22:17.680505 140002779952896 output_stream.cpp:105] Opened result file: ./profiles/standalone_attn_prefill_and_decode_tp8_prefill_then_decode8_1024_64_256nan_agent_info.csv
[m# ---- Run standalone_attn_prefill_and_decode_tp8_prefill_then_decode8_1024_64_512nan ----
INFO 09-02 00:22:31 [__init__.py:244] Automatically detected platform rocm.
No masking
[0;31mE20250902 00:22:49.853659 140188925335296 output_stream.cpp:105] Opened result file: ./profiles/standalone_attn_prefill_and_decode_tp8_prefill_then_decode8_1024_64_512nan_kernel_trace.csv
[m[0;31mE20250902 00:22:49.859753 140188925335296 output_stream.cpp:105] Opened result file: ./profiles/standalone_attn_prefill_and_decode_tp8_prefill_then_decode8_1024_64_512nan_agent_info.csv
[m# ---- Run standalone_attn_prefill_and_decode_tp8_prefill_then_decode8_1024_64_1024nan ----
INFO 09-02 00:23:04 [__init__.py:244] Automatically detected platform rocm.
No masking
[0;31mE20250902 00:23:22.012751 139819782055680 output_stream.cpp:105] Opened result file: ./profiles/standalone_attn_prefill_and_decode_tp8_prefill_then_decode8_1024_64_1024nan_kernel_trace.csv
[m[0;31mE20250902 00:23:22.018902 139819782055680 output_stream.cpp:105] Opened result file: ./profiles/standalone_attn_prefill_and_decode_tp8_prefill_then_decode8_1024_64_1024nan_agent_info.csv
[m# ---- Run standalone_attn_prefill_and_decode_tp8_prefill_then_decode8_1024_64_2048nan ----
INFO 09-02 00:23:36 [__init__.py:244] Automatically detected platform rocm.
No masking
[0;31mE20250902 00:23:54.687165 139778349467392 output_stream.cpp:105] Opened result file: ./profiles/standalone_attn_prefill_and_decode_tp8_prefill_then_decode8_1024_64_2048nan_kernel_trace.csv
[m[0;31mE20250902 00:23:54.693320 139778349467392 output_stream.cpp:105] Opened result file: ./profiles/standalone_attn_prefill_and_decode_tp8_prefill_then_decode8_1024_64_2048nan_agent_info.csv
[m# ---- Run standalone_attn_prefill_and_decode_tp8_prefill_then_decode8_1024_64_4096nan ----
INFO 09-02 00:24:09 [__init__.py:244] Automatically detected platform rocm.
No masking
[0;31mE20250902 00:24:27.257375 140592656160512 output_stream.cpp:105] Opened result file: ./profiles/standalone_attn_prefill_and_decode_tp8_prefill_then_decode8_1024_64_4096nan_kernel_trace.csv
[m[0;31mE20250902 00:24:27.263603 140592656160512 output_stream.cpp:105] Opened result file: ./profiles/standalone_attn_prefill_and_decode_tp8_prefill_then_decode8_1024_64_4096nan_agent_info.csv
[m# ---- Run standalone_attn_prefill_and_decode_tp8_prefill_then_decode8_1024_64_8192nan ----
INFO 09-02 00:24:41 [__init__.py:244] Automatically detected platform rocm.
No masking
[0;31mE20250902 00:24:59.880527 139874762180352 output_stream.cpp:105] Opened result file: ./profiles/standalone_attn_prefill_and_decode_tp8_prefill_then_decode8_1024_64_8192nan_kernel_trace.csv
[m[0;31mE20250902 00:24:59.886782 139874762180352 output_stream.cpp:105] Opened result file: ./profiles/standalone_attn_prefill_and_decode_tp8_prefill_then_decode8_1024_64_8192nan_agent_info.csv
[m# ---- Run standalone_attn_prefill_and_decode_tp8_prefill_then_decode8_1024_128_256nan ----
INFO 09-02 00:25:14 [__init__.py:244] Automatically detected platform rocm.
No masking
[0;31mE20250902 00:25:31.745997 139879263729408 output_stream.cpp:105] Opened result file: ./profiles/standalone_attn_prefill_and_decode_tp8_prefill_then_decode8_1024_128_256nan_kernel_trace.csv
[m[0;31mE20250902 00:25:31.752205 139879263729408 output_stream.cpp:105] Opened result file: ./profiles/standalone_attn_prefill_and_decode_tp8_prefill_then_decode8_1024_128_256nan_agent_info.csv
[m# ---- Run standalone_attn_prefill_and_decode_tp8_prefill_then_decode8_1024_128_512nan ----
INFO 09-02 00:25:46 [__init__.py:244] Automatically detected platform rocm.
No masking
[0;31mE20250902 00:26:03.193237 140283184387840 output_stream.cpp:105] Opened result file: ./profiles/standalone_attn_prefill_and_decode_tp8_prefill_then_decode8_1024_128_512nan_kernel_trace.csv
[m[0;31mE20250902 00:26:03.199601 140283184387840 output_stream.cpp:105] Opened result file: ./profiles/standalone_attn_prefill_and_decode_tp8_prefill_then_decode8_1024_128_512nan_agent_info.csv
[m# ---- Run standalone_attn_prefill_and_decode_tp8_prefill_then_decode8_1024_128_1024nan ----
INFO 09-02 00:26:17 [__init__.py:244] Automatically detected platform rocm.
No masking
[0;31mE20250902 00:26:35.019010 140241572890368 output_stream.cpp:105] Opened result file: ./profiles/standalone_attn_prefill_and_decode_tp8_prefill_then_decode8_1024_128_1024nan_kernel_trace.csv
[m[0;31mE20250902 00:26:35.025220 140241572890368 output_stream.cpp:105] Opened result file: ./profiles/standalone_attn_prefill_and_decode_tp8_prefill_then_decode8_1024_128_1024nan_agent_info.csv
[m# ---- Run standalone_attn_prefill_and_decode_tp8_prefill_then_decode8_1024_128_2048nan ----
INFO 09-02 00:26:50 [__init__.py:244] Automatically detected platform rocm.
No masking
[0;31mE20250902 00:27:07.214189 139652952205056 output_stream.cpp:105] Opened result file: ./profiles/standalone_attn_prefill_and_decode_tp8_prefill_then_decode8_1024_128_2048nan_kernel_trace.csv
[m[0;31mE20250902 00:27:07.220434 139652952205056 output_stream.cpp:105] Opened result file: ./profiles/standalone_attn_prefill_and_decode_tp8_prefill_then_decode8_1024_128_2048nan_agent_info.csv
[m# ---- Run standalone_attn_prefill_and_decode_tp8_prefill_then_decode8_1024_128_4096nan ----
INFO 09-02 00:27:22 [__init__.py:244] Automatically detected platform rocm.
No masking
[0;31mE20250902 00:27:38.823413 139760059451136 output_stream.cpp:105] Opened result file: ./profiles/standalone_attn_prefill_and_decode_tp8_prefill_then_decode8_1024_128_4096nan_kernel_trace.csv
[m[0;31mE20250902 00:27:38.829578 139760059451136 output_stream.cpp:105] Opened result file: ./profiles/standalone_attn_prefill_and_decode_tp8_prefill_then_decode8_1024_128_4096nan_agent_info.csv
[m# ---- Run standalone_attn_prefill_and_decode_tp8_prefill_then_decode8_1024_128_8192nan ----
INFO 09-02 00:27:55 [__init__.py:244] Automatically detected platform rocm.
No masking
[0;31mE20250902 00:28:14.154760 140622878357248 output_stream.cpp:105] Opened result file: ./profiles/standalone_attn_prefill_and_decode_tp8_prefill_then_decode8_1024_128_8192nan_kernel_trace.csv
[m[0;31mE20250902 00:28:14.160917 140622878357248 output_stream.cpp:105] Opened result file: ./profiles/standalone_attn_prefill_and_decode_tp8_prefill_then_decode8_1024_128_8192nan_agent_info.csv
[m# ---- Run standalone_attn_prefill_and_decode_tp8_prefill_then_decode8_2048_1_256nan ----
INFO 09-02 00:28:29 [__init__.py:244] Automatically detected platform rocm.
No masking
[0;31mE20250902 00:28:47.144111 140593117734656 output_stream.cpp:105] Opened result file: ./profiles/standalone_attn_prefill_and_decode_tp8_prefill_then_decode8_2048_1_256nan_kernel_trace.csv
[m[0;31mE20250902 00:28:47.150257 140593117734656 output_stream.cpp:105] Opened result file: ./profiles/standalone_attn_prefill_and_decode_tp8_prefill_then_decode8_2048_1_256nan_agent_info.csv
[m# ---- Run standalone_attn_prefill_and_decode_tp8_prefill_then_decode8_2048_1_512nan ----
INFO 09-02 00:29:01 [__init__.py:244] Automatically detected platform rocm.
No masking
[0;31mE20250902 00:29:20.114383 139872119723776 output_stream.cpp:105] Opened result file: ./profiles/standalone_attn_prefill_and_decode_tp8_prefill_then_decode8_2048_1_512nan_kernel_trace.csv
[m[0;31mE20250902 00:29:20.120496 139872119723776 output_stream.cpp:105] Opened result file: ./profiles/standalone_attn_prefill_and_decode_tp8_prefill_then_decode8_2048_1_512nan_agent_info.csv
[m# ---- Run standalone_attn_prefill_and_decode_tp8_prefill_then_decode8_2048_1_1024nan ----
INFO 09-02 00:29:35 [__init__.py:244] Automatically detected platform rocm.
No masking
[0;31mE20250902 00:29:53.468682 139814659090176 output_stream.cpp:105] Opened result file: ./profiles/standalone_attn_prefill_and_decode_tp8_prefill_then_decode8_2048_1_1024nan_kernel_trace.csv
[m[0;31mE20250902 00:29:53.475241 139814659090176 output_stream.cpp:105] Opened result file: ./profiles/standalone_attn_prefill_and_decode_tp8_prefill_then_decode8_2048_1_1024nan_agent_info.csv
[m# ---- Run standalone_attn_prefill_and_decode_tp8_prefill_then_decode8_2048_1_2048nan ----
INFO 09-02 00:30:08 [__init__.py:244] Automatically detected platform rocm.
No masking
[0;31mE20250902 00:30:26.535903 140200529901312 output_stream.cpp:105] Opened result file: ./profiles/standalone_attn_prefill_and_decode_tp8_prefill_then_decode8_2048_1_2048nan_kernel_trace.csv
[m[0;31mE20250902 00:30:26.542017 140200529901312 output_stream.cpp:105] Opened result file: ./profiles/standalone_attn_prefill_and_decode_tp8_prefill_then_decode8_2048_1_2048nan_agent_info.csv
[m# ---- Run standalone_attn_prefill_and_decode_tp8_prefill_then_decode8_2048_1_4096nan ----
INFO 09-02 00:30:41 [__init__.py:244] Automatically detected platform rocm.
No masking
[0;31mE20250902 00:30:59.125898 139872167151360 output_stream.cpp:105] Opened result file: ./profiles/standalone_attn_prefill_and_decode_tp8_prefill_then_decode8_2048_1_4096nan_kernel_trace.csv
[m[0;31mE20250902 00:30:59.132271 139872167151360 output_stream.cpp:105] Opened result file: ./profiles/standalone_attn_prefill_and_decode_tp8_prefill_then_decode8_2048_1_4096nan_agent_info.csv
[m# ---- Run standalone_attn_prefill_and_decode_tp8_prefill_then_decode8_2048_1_8192nan ----
INFO 09-02 00:31:13 [__init__.py:244] Automatically detected platform rocm.
No masking
[0;31mE20250902 00:31:31.885864 139863144085248 output_stream.cpp:105] Opened result file: ./profiles/standalone_attn_prefill_and_decode_tp8_prefill_then_decode8_2048_1_8192nan_kernel_trace.csv
[m[0;31mE20250902 00:31:31.892389 139863144085248 output_stream.cpp:105] Opened result file: ./profiles/standalone_attn_prefill_and_decode_tp8_prefill_then_decode8_2048_1_8192nan_agent_info.csv
[m# ---- Run standalone_attn_prefill_and_decode_tp8_prefill_then_decode8_2048_2_256nan ----
INFO 09-02 00:31:46 [__init__.py:244] Automatically detected platform rocm.
No masking
[0;31mE20250902 00:32:04.912119 139829982926592 output_stream.cpp:105] Opened result file: ./profiles/standalone_attn_prefill_and_decode_tp8_prefill_then_decode8_2048_2_256nan_kernel_trace.csv
[m[0;31mE20250902 00:32:04.918508 139829982926592 output_stream.cpp:105] Opened result file: ./profiles/standalone_attn_prefill_and_decode_tp8_prefill_then_decode8_2048_2_256nan_agent_info.csv
[m# ---- Run standalone_attn_prefill_and_decode_tp8_prefill_then_decode8_2048_2_512nan ----
INFO 09-02 00:32:19 [__init__.py:244] Automatically detected platform rocm.
No masking
[0;31mE20250902 00:32:37.457397 140120132929280 output_stream.cpp:105] Opened result file: ./profiles/standalone_attn_prefill_and_decode_tp8_prefill_then_decode8_2048_2_512nan_kernel_trace.csv
[m[0;31mE20250902 00:32:37.463499 140120132929280 output_stream.cpp:105] Opened result file: ./profiles/standalone_attn_prefill_and_decode_tp8_prefill_then_decode8_2048_2_512nan_agent_info.csv
[m# ---- Run standalone_attn_prefill_and_decode_tp8_prefill_then_decode8_2048_2_1024nan ----
INFO 09-02 00:32:52 [__init__.py:244] Automatically detected platform rocm.
No masking
[0;31mE20250902 00:33:10.545671 140016429426432 output_stream.cpp:105] Opened result file: ./profiles/standalone_attn_prefill_and_decode_tp8_prefill_then_decode8_2048_2_1024nan_kernel_trace.csv
[m[0;31mE20250902 00:33:10.552224 140016429426432 output_stream.cpp:105] Opened result file: ./profiles/standalone_attn_prefill_and_decode_tp8_prefill_then_decode8_2048_2_1024nan_agent_info.csv
[m# ---- Run standalone_attn_prefill_and_decode_tp8_prefill_then_decode8_2048_2_2048nan ----
INFO 09-02 00:33:25 [__init__.py:244] Automatically detected platform rocm.
No masking
[0;31mE20250902 00:33:43.797588 139864322815744 output_stream.cpp:105] Opened result file: ./profiles/standalone_attn_prefill_and_decode_tp8_prefill_then_decode8_2048_2_2048nan_kernel_trace.csv
[m[0;31mE20250902 00:33:43.803863 139864322815744 output_stream.cpp:105] Opened result file: ./profiles/standalone_attn_prefill_and_decode_tp8_prefill_then_decode8_2048_2_2048nan_agent_info.csv
[m# ---- Run standalone_attn_prefill_and_decode_tp8_prefill_then_decode8_2048_2_4096nan ----
INFO 09-02 00:33:58 [__init__.py:244] Automatically detected platform rocm.
No masking
[0;31mE20250902 00:34:16.755641 140297195935488 output_stream.cpp:105] Opened result file: ./profiles/standalone_attn_prefill_and_decode_tp8_prefill_then_decode8_2048_2_4096nan_kernel_trace.csv
[m[0;31mE20250902 00:34:16.761596 140297195935488 output_stream.cpp:105] Opened result file: ./profiles/standalone_attn_prefill_and_decode_tp8_prefill_then_decode8_2048_2_4096nan_agent_info.csv
[m# ---- Run standalone_attn_prefill_and_decode_tp8_prefill_then_decode8_2048_2_8192nan ----
INFO 09-02 00:34:31 [__init__.py:244] Automatically detected platform rocm.
No masking
[0;31mE20250902 00:34:51.847989 140117018330880 output_stream.cpp:105] Opened result file: ./profiles/standalone_attn_prefill_and_decode_tp8_prefill_then_decode8_2048_2_8192nan_kernel_trace.csv
[m[0;31mE20250902 00:34:51.855324 140117018330880 output_stream.cpp:105] Opened result file: ./profiles/standalone_attn_prefill_and_decode_tp8_prefill_then_decode8_2048_2_8192nan_agent_info.csv
[m# ---- Run standalone_attn_prefill_and_decode_tp8_prefill_then_decode8_2048_4_256nan ----
INFO 09-02 00:35:08 [__init__.py:244] Automatically detected platform rocm.
No masking
[0;31mE20250902 00:35:29.019677 140150760990464 output_stream.cpp:105] Opened result file: ./profiles/standalone_attn_prefill_and_decode_tp8_prefill_then_decode8_2048_4_256nan_kernel_trace.csv
[m[0;31mE20250902 00:35:29.026844 140150760990464 output_stream.cpp:105] Opened result file: ./profiles/standalone_attn_prefill_and_decode_tp8_prefill_then_decode8_2048_4_256nan_agent_info.csv
[m# ---- Run standalone_attn_prefill_and_decode_tp8_prefill_then_decode8_2048_4_512nan ----
INFO 09-02 00:35:45 [__init__.py:244] Automatically detected platform rocm.
No masking
[0;31mE20250902 00:36:03.259509 139977419044608 output_stream.cpp:105] Opened result file: ./profiles/standalone_attn_prefill_and_decode_tp8_prefill_then_decode8_2048_4_512nan_kernel_trace.csv
[m[0;31mE20250902 00:36:03.266384 139977419044608 output_stream.cpp:105] Opened result file: ./profiles/standalone_attn_prefill_and_decode_tp8_prefill_then_decode8_2048_4_512nan_agent_info.csv
[m# ---- Run standalone_attn_prefill_and_decode_tp8_prefill_then_decode8_2048_4_1024nan ----
INFO 09-02 00:36:17 [__init__.py:244] Automatically detected platform rocm.
No masking
[0;31mE20250902 00:36:35.410550 140194729588480 output_stream.cpp:105] Opened result file: ./profiles/standalone_attn_prefill_and_decode_tp8_prefill_then_decode8_2048_4_1024nan_kernel_trace.csv
[m[0;31mE20250902 00:36:35.417495 140194729588480 output_stream.cpp:105] Opened result file: ./profiles/standalone_attn_prefill_and_decode_tp8_prefill_then_decode8_2048_4_1024nan_agent_info.csv
[m# ---- Run standalone_attn_prefill_and_decode_tp8_prefill_then_decode8_2048_4_2048nan ----
INFO 09-02 00:36:49 [__init__.py:244] Automatically detected platform rocm.
No masking
[0;31mE20250902 00:37:07.293125 140003455432448 output_stream.cpp:105] Opened result file: ./profiles/standalone_attn_prefill_and_decode_tp8_prefill_then_decode8_2048_4_2048nan_kernel_trace.csv
[m[0;31mE20250902 00:37:07.300083 140003455432448 output_stream.cpp:105] Opened result file: ./profiles/standalone_attn_prefill_and_decode_tp8_prefill_then_decode8_2048_4_2048nan_agent_info.csv
[m# ---- Run standalone_attn_prefill_and_decode_tp8_prefill_then_decode8_2048_4_4096nan ----
INFO 09-02 00:37:22 [__init__.py:244] Automatically detected platform rocm.
No masking
[0;31mE20250902 00:37:40.371615 139963209094912 output_stream.cpp:105] Opened result file: ./profiles/standalone_attn_prefill_and_decode_tp8_prefill_then_decode8_2048_4_4096nan_kernel_trace.csv
[m[0;31mE20250902 00:37:40.378589 139963209094912 output_stream.cpp:105] Opened result file: ./profiles/standalone_attn_prefill_and_decode_tp8_prefill_then_decode8_2048_4_4096nan_agent_info.csv
[m# ---- Run standalone_attn_prefill_and_decode_tp8_prefill_then_decode8_2048_4_8192nan ----
INFO 09-02 00:37:54 [__init__.py:244] Automatically detected platform rocm.
No masking
[0;31mE20250902 00:38:13.500623 140716035520256 output_stream.cpp:105] Opened result file: ./profiles/standalone_attn_prefill_and_decode_tp8_prefill_then_decode8_2048_4_8192nan_kernel_trace.csv
[m[0;31mE20250902 00:38:13.507525 140716035520256 output_stream.cpp:105] Opened result file: ./profiles/standalone_attn_prefill_and_decode_tp8_prefill_then_decode8_2048_4_8192nan_agent_info.csv
[m# ---- Run standalone_attn_prefill_and_decode_tp8_prefill_then_decode8_2048_8_256nan ----
INFO 09-02 00:38:28 [__init__.py:244] Automatically detected platform rocm.
No masking
[0;31mE20250902 00:38:45.863803 140330500884224 output_stream.cpp:105] Opened result file: ./profiles/standalone_attn_prefill_and_decode_tp8_prefill_then_decode8_2048_8_256nan_kernel_trace.csv
[m[0;31mE20250902 00:38:45.870240 140330500884224 output_stream.cpp:105] Opened result file: ./profiles/standalone_attn_prefill_and_decode_tp8_prefill_then_decode8_2048_8_256nan_agent_info.csv
[m# ---- Run standalone_attn_prefill_and_decode_tp8_prefill_then_decode8_2048_8_512nan ----
INFO 09-02 00:39:00 [__init__.py:244] Automatically detected platform rocm.
No masking
[0;31mE20250902 00:39:18.035315 139764869900032 output_stream.cpp:105] Opened result file: ./profiles/standalone_attn_prefill_and_decode_tp8_prefill_then_decode8_2048_8_512nan_kernel_trace.csv
[m[0;31mE20250902 00:39:18.041854 139764869900032 output_stream.cpp:105] Opened result file: ./profiles/standalone_attn_prefill_and_decode_tp8_prefill_then_decode8_2048_8_512nan_agent_info.csv
[m# ---- Run standalone_attn_prefill_and_decode_tp8_prefill_then_decode8_2048_8_1024nan ----
INFO 09-02 00:39:33 [__init__.py:244] Automatically detected platform rocm.
No masking
[0;31mE20250902 00:39:50.744859 139977050994432 output_stream.cpp:105] Opened result file: ./profiles/standalone_attn_prefill_and_decode_tp8_prefill_then_decode8_2048_8_1024nan_kernel_trace.csv
[m[0;31mE20250902 00:39:50.751094 139977050994432 output_stream.cpp:105] Opened result file: ./profiles/standalone_attn_prefill_and_decode_tp8_prefill_then_decode8_2048_8_1024nan_agent_info.csv
[m# ---- Run standalone_attn_prefill_and_decode_tp8_prefill_then_decode8_2048_8_2048nan ----
INFO 09-02 00:40:05 [__init__.py:244] Automatically detected platform rocm.
No masking
[0;31mE20250902 00:40:22.549056 139736966887168 output_stream.cpp:105] Opened result file: ./profiles/standalone_attn_prefill_and_decode_tp8_prefill_then_decode8_2048_8_2048nan_kernel_trace.csv
[m[0;31mE20250902 00:40:22.555497 139736966887168 output_stream.cpp:105] Opened result file: ./profiles/standalone_attn_prefill_and_decode_tp8_prefill_then_decode8_2048_8_2048nan_agent_info.csv
[m# ---- Run standalone_attn_prefill_and_decode_tp8_prefill_then_decode8_2048_8_4096nan ----
INFO 09-02 00:40:36 [__init__.py:244] Automatically detected platform rocm.
No masking
[0;31mE20250902 00:40:54.249389 139787762460416 output_stream.cpp:105] Opened result file: ./profiles/standalone_attn_prefill_and_decode_tp8_prefill_then_decode8_2048_8_4096nan_kernel_trace.csv
[m[0;31mE20250902 00:40:54.255775 139787762460416 output_stream.cpp:105] Opened result file: ./profiles/standalone_attn_prefill_and_decode_tp8_prefill_then_decode8_2048_8_4096nan_agent_info.csv
[m# ---- Run standalone_attn_prefill_and_decode_tp8_prefill_then_decode8_2048_8_8192nan ----
INFO 09-02 00:41:08 [__init__.py:244] Automatically detected platform rocm.
No masking
[0;31mE20250902 00:41:26.315327 140484621739776 output_stream.cpp:105] Opened result file: ./profiles/standalone_attn_prefill_and_decode_tp8_prefill_then_decode8_2048_8_8192nan_kernel_trace.csv
[m[0;31mE20250902 00:41:26.321772 140484621739776 output_stream.cpp:105] Opened result file: ./profiles/standalone_attn_prefill_and_decode_tp8_prefill_then_decode8_2048_8_8192nan_agent_info.csv
[m# ---- Run standalone_attn_prefill_and_decode_tp8_prefill_then_decode8_2048_16_256nan ----
INFO 09-02 00:41:41 [__init__.py:244] Automatically detected platform rocm.
No masking
[0;31mE20250902 00:41:58.603468 140645296051968 output_stream.cpp:105] Opened result file: ./profiles/standalone_attn_prefill_and_decode_tp8_prefill_then_decode8_2048_16_256nan_kernel_trace.csv
[m[0;31mE20250902 00:41:58.609853 140645296051968 output_stream.cpp:105] Opened result file: ./profiles/standalone_attn_prefill_and_decode_tp8_prefill_then_decode8_2048_16_256nan_agent_info.csv
[m# ---- Run standalone_attn_prefill_and_decode_tp8_prefill_then_decode8_2048_16_512nan ----
INFO 09-02 00:42:13 [__init__.py:244] Automatically detected platform rocm.
No masking
[0;31mE20250902 00:42:30.614790 140643676358400 output_stream.cpp:105] Opened result file: ./profiles/standalone_attn_prefill_and_decode_tp8_prefill_then_decode8_2048_16_512nan_kernel_trace.csv
[m[0;31mE20250902 00:42:30.621325 140643676358400 output_stream.cpp:105] Opened result file: ./profiles/standalone_attn_prefill_and_decode_tp8_prefill_then_decode8_2048_16_512nan_agent_info.csv
[m# ---- Run standalone_attn_prefill_and_decode_tp8_prefill_then_decode8_2048_16_1024nan ----
INFO 09-02 00:42:45 [__init__.py:244] Automatically detected platform rocm.
No masking
[0;31mE20250902 00:43:02.772436 140492879021824 output_stream.cpp:105] Opened result file: ./profiles/standalone_attn_prefill_and_decode_tp8_prefill_then_decode8_2048_16_1024nan_kernel_trace.csv
[m[0;31mE20250902 00:43:02.778786 140492879021824 output_stream.cpp:105] Opened result file: ./profiles/standalone_attn_prefill_and_decode_tp8_prefill_then_decode8_2048_16_1024nan_agent_info.csv
[m# ---- Run standalone_attn_prefill_and_decode_tp8_prefill_then_decode8_2048_16_2048nan ----
INFO 09-02 00:43:17 [__init__.py:244] Automatically detected platform rocm.
No masking
[0;31mE20250902 00:43:34.714477 140139901171456 output_stream.cpp:105] Opened result file: ./profiles/standalone_attn_prefill_and_decode_tp8_prefill_then_decode8_2048_16_2048nan_kernel_trace.csv
[m[0;31mE20250902 00:43:34.720891 140139901171456 output_stream.cpp:105] Opened result file: ./profiles/standalone_attn_prefill_and_decode_tp8_prefill_then_decode8_2048_16_2048nan_agent_info.csv
[m# ---- Run standalone_attn_prefill_and_decode_tp8_prefill_then_decode8_2048_16_4096nan ----
INFO 09-02 00:43:49 [__init__.py:244] Automatically detected platform rocm.
No masking
[0;31mE20250902 00:44:06.803577 139956905637632 output_stream.cpp:105] Opened result file: ./profiles/standalone_attn_prefill_and_decode_tp8_prefill_then_decode8_2048_16_4096nan_kernel_trace.csv
[m[0;31mE20250902 00:44:06.810105 139956905637632 output_stream.cpp:105] Opened result file: ./profiles/standalone_attn_prefill_and_decode_tp8_prefill_then_decode8_2048_16_4096nan_agent_info.csv
[m# ---- Run standalone_attn_prefill_and_decode_tp8_prefill_then_decode8_2048_16_8192nan ----
INFO 09-02 00:44:21 [__init__.py:244] Automatically detected platform rocm.
No masking
[0;31mE20250902 00:44:38.843936 140544444790528 output_stream.cpp:105] Opened result file: ./profiles/standalone_attn_prefill_and_decode_tp8_prefill_then_decode8_2048_16_8192nan_kernel_trace.csv
[m[0;31mE20250902 00:44:38.850877 140544444790528 output_stream.cpp:105] Opened result file: ./profiles/standalone_attn_prefill_and_decode_tp8_prefill_then_decode8_2048_16_8192nan_agent_info.csv
[m# ---- Run standalone_attn_prefill_and_decode_tp8_prefill_then_decode8_2048_32_256nan ----
INFO 09-02 00:44:53 [__init__.py:244] Automatically detected platform rocm.
No masking
[0;31mE20250902 00:45:11.150547 139625860843264 output_stream.cpp:105] Opened result file: ./profiles/standalone_attn_prefill_and_decode_tp8_prefill_then_decode8_2048_32_256nan_kernel_trace.csv
[m[0;31mE20250902 00:45:11.156458 139625860843264 output_stream.cpp:105] Opened result file: ./profiles/standalone_attn_prefill_and_decode_tp8_prefill_then_decode8_2048_32_256nan_agent_info.csv
[m# ---- Run standalone_attn_prefill_and_decode_tp8_prefill_then_decode8_2048_32_512nan ----
INFO 09-02 00:45:25 [__init__.py:244] Automatically detected platform rocm.
No masking
[0;31mE20250902 00:45:44.130591 140454537717504 output_stream.cpp:105] Opened result file: ./profiles/standalone_attn_prefill_and_decode_tp8_prefill_then_decode8_2048_32_512nan_kernel_trace.csv
[m[0;31mE20250902 00:45:44.136812 140454537717504 output_stream.cpp:105] Opened result file: ./profiles/standalone_attn_prefill_and_decode_tp8_prefill_then_decode8_2048_32_512nan_agent_info.csv
[m# ---- Run standalone_attn_prefill_and_decode_tp8_prefill_then_decode8_2048_32_1024nan ----
INFO 09-02 00:46:00 [__init__.py:244] Automatically detected platform rocm.
No masking
[0;31mE20250902 00:46:18.996848 140680971171584 output_stream.cpp:105] Opened result file: ./profiles/standalone_attn_prefill_and_decode_tp8_prefill_then_decode8_2048_32_1024nan_kernel_trace.csv
[m[0;31mE20250902 00:46:19.003073 140680971171584 output_stream.cpp:105] Opened result file: ./profiles/standalone_attn_prefill_and_decode_tp8_prefill_then_decode8_2048_32_1024nan_agent_info.csv
[m# ---- Run standalone_attn_prefill_and_decode_tp8_prefill_then_decode8_2048_32_2048nan ----
INFO 09-02 00:46:33 [__init__.py:244] Automatically detected platform rocm.
No masking
[0;31mE20250902 00:46:52.298363 140469276514048 output_stream.cpp:105] Opened result file: ./profiles/standalone_attn_prefill_and_decode_tp8_prefill_then_decode8_2048_32_2048nan_kernel_trace.csv
[m[0;31mE20250902 00:46:52.304598 140469276514048 output_stream.cpp:105] Opened result file: ./profiles/standalone_attn_prefill_and_decode_tp8_prefill_then_decode8_2048_32_2048nan_agent_info.csv
[m# ---- Run standalone_attn_prefill_and_decode_tp8_prefill_then_decode8_2048_32_4096nan ----
INFO 09-02 00:47:07 [__init__.py:244] Automatically detected platform rocm.
No masking
[0;31mE20250902 00:47:25.454129 140156140435200 output_stream.cpp:105] Opened result file: ./profiles/standalone_attn_prefill_and_decode_tp8_prefill_then_decode8_2048_32_4096nan_kernel_trace.csv
[m[0;31mE20250902 00:47:25.460296 140156140435200 output_stream.cpp:105] Opened result file: ./profiles/standalone_attn_prefill_and_decode_tp8_prefill_then_decode8_2048_32_4096nan_agent_info.csv
[m# ---- Run standalone_attn_prefill_and_decode_tp8_prefill_then_decode8_2048_32_8192nan ----
INFO 09-02 00:47:41 [__init__.py:244] Automatically detected platform rocm.
No masking
[0;31mE20250902 00:47:59.606180 140616712935168 output_stream.cpp:105] Opened result file: ./profiles/standalone_attn_prefill_and_decode_tp8_prefill_then_decode8_2048_32_8192nan_kernel_trace.csv
[m[0;31mE20250902 00:47:59.612276 140616712935168 output_stream.cpp:105] Opened result file: ./profiles/standalone_attn_prefill_and_decode_tp8_prefill_then_decode8_2048_32_8192nan_agent_info.csv
[m# ---- Run standalone_attn_prefill_and_decode_tp8_prefill_then_decode8_2048_64_256nan ----
INFO 09-02 00:48:14 [__init__.py:244] Automatically detected platform rocm.
No masking
[0;31mE20250902 00:48:32.651957 140668501788416 output_stream.cpp:105] Opened result file: ./profiles/standalone_attn_prefill_and_decode_tp8_prefill_then_decode8_2048_64_256nan_kernel_trace.csv
[m[0;31mE20250902 00:48:32.658191 140668501788416 output_stream.cpp:105] Opened result file: ./profiles/standalone_attn_prefill_and_decode_tp8_prefill_then_decode8_2048_64_256nan_agent_info.csv
[m# ---- Run standalone_attn_prefill_and_decode_tp8_prefill_then_decode8_2048_64_512nan ----
INFO 09-02 00:48:47 [__init__.py:244] Automatically detected platform rocm.
No masking
[0;31mE20250902 00:49:06.265829 140182915950336 output_stream.cpp:105] Opened result file: ./profiles/standalone_attn_prefill_and_decode_tp8_prefill_then_decode8_2048_64_512nan_kernel_trace.csv
[m[0;31mE20250902 00:49:06.271928 140182915950336 output_stream.cpp:105] Opened result file: ./profiles/standalone_attn_prefill_and_decode_tp8_prefill_then_decode8_2048_64_512nan_agent_info.csv
[m# ---- Run standalone_attn_prefill_and_decode_tp8_prefill_then_decode8_2048_64_1024nan ----
INFO 09-02 00:49:22 [__init__.py:244] Automatically detected platform rocm.
No masking
[0;31mE20250902 00:49:40.312511 139975652472576 output_stream.cpp:105] Opened result file: ./profiles/standalone_attn_prefill_and_decode_tp8_prefill_then_decode8_2048_64_1024nan_kernel_trace.csv
[m[0;31mE20250902 00:49:40.318572 139975652472576 output_stream.cpp:105] Opened result file: ./profiles/standalone_attn_prefill_and_decode_tp8_prefill_then_decode8_2048_64_1024nan_agent_info.csv
[m# ---- Run standalone_attn_prefill_and_decode_tp8_prefill_then_decode8_2048_64_2048nan ----
INFO 09-02 00:49:55 [__init__.py:244] Automatically detected platform rocm.
No masking
[0;31mE20250902 00:50:13.286290 139629066417920 output_stream.cpp:105] Opened result file: ./profiles/standalone_attn_prefill_and_decode_tp8_prefill_then_decode8_2048_64_2048nan_kernel_trace.csv
[m[0;31mE20250902 00:50:13.292396 139629066417920 output_stream.cpp:105] Opened result file: ./profiles/standalone_attn_prefill_and_decode_tp8_prefill_then_decode8_2048_64_2048nan_agent_info.csv
[m# ---- Run standalone_attn_prefill_and_decode_tp8_prefill_then_decode8_2048_64_4096nan ----
INFO 09-02 00:50:29 [__init__.py:244] Automatically detected platform rocm.
No masking
[0;31mE20250902 00:50:47.382982 140680810878720 output_stream.cpp:105] Opened result file: ./profiles/standalone_attn_prefill_and_decode_tp8_prefill_then_decode8_2048_64_4096nan_kernel_trace.csv
[m[0;31mE20250902 00:50:47.389243 140680810878720 output_stream.cpp:105] Opened result file: ./profiles/standalone_attn_prefill_and_decode_tp8_prefill_then_decode8_2048_64_4096nan_agent_info.csv
[m# ---- Run standalone_attn_prefill_and_decode_tp8_prefill_then_decode8_2048_64_8192nan ----
INFO 09-02 00:51:01 [__init__.py:244] Automatically detected platform rocm.
No masking
[0;31mE20250902 00:51:19.784208 140201619003136 output_stream.cpp:105] Opened result file: ./profiles/standalone_attn_prefill_and_decode_tp8_prefill_then_decode8_2048_64_8192nan_kernel_trace.csv
[m[0;31mE20250902 00:51:19.790158 140201619003136 output_stream.cpp:105] Opened result file: ./profiles/standalone_attn_prefill_and_decode_tp8_prefill_then_decode8_2048_64_8192nan_agent_info.csv
[m# ---- Run standalone_attn_prefill_and_decode_tp8_prefill_then_decode8_2048_128_256nan ----
INFO 09-02 00:51:34 [__init__.py:244] Automatically detected platform rocm.
No masking
[0;31mE20250902 00:51:51.309625 139974258087680 output_stream.cpp:105] Opened result file: ./profiles/standalone_attn_prefill_and_decode_tp8_prefill_then_decode8_2048_128_256nan_kernel_trace.csv
[m[0;31mE20250902 00:51:51.315814 139974258087680 output_stream.cpp:105] Opened result file: ./profiles/standalone_attn_prefill_and_decode_tp8_prefill_then_decode8_2048_128_256nan_agent_info.csv
[m# ---- Run standalone_attn_prefill_and_decode_tp8_prefill_then_decode8_2048_128_512nan ----
INFO 09-02 00:52:06 [__init__.py:244] Automatically detected platform rocm.
No masking
[0;31mE20250902 00:52:23.224839 140221896820480 output_stream.cpp:105] Opened result file: ./profiles/standalone_attn_prefill_and_decode_tp8_prefill_then_decode8_2048_128_512nan_kernel_trace.csv
[m[0;31mE20250902 00:52:23.230727 140221896820480 output_stream.cpp:105] Opened result file: ./profiles/standalone_attn_prefill_and_decode_tp8_prefill_then_decode8_2048_128_512nan_agent_info.csv
[m# ---- Run standalone_attn_prefill_and_decode_tp8_prefill_then_decode8_2048_128_1024nan ----
INFO 09-02 00:52:38 [__init__.py:244] Automatically detected platform rocm.
No masking
[0;31mE20250902 00:52:55.561264 140192298432256 output_stream.cpp:105] Opened result file: ./profiles/standalone_attn_prefill_and_decode_tp8_prefill_then_decode8_2048_128_1024nan_kernel_trace.csv
[m[0;31mE20250902 00:52:55.567732 140192298432256 output_stream.cpp:105] Opened result file: ./profiles/standalone_attn_prefill_and_decode_tp8_prefill_then_decode8_2048_128_1024nan_agent_info.csv
[m# ---- Run standalone_attn_prefill_and_decode_tp8_prefill_then_decode8_2048_128_2048nan ----
INFO 09-02 00:53:10 [__init__.py:244] Automatically detected platform rocm.
No masking
[0;31mE20250902 00:53:28.429597 139862405109504 output_stream.cpp:105] Opened result file: ./profiles/standalone_attn_prefill_and_decode_tp8_prefill_then_decode8_2048_128_2048nan_kernel_trace.csv
[m[0;31mE20250902 00:53:28.435795 139862405109504 output_stream.cpp:105] Opened result file: ./profiles/standalone_attn_prefill_and_decode_tp8_prefill_then_decode8_2048_128_2048nan_agent_info.csv
[m# ---- Run standalone_attn_prefill_and_decode_tp8_prefill_then_decode8_2048_128_4096nan ----
INFO 09-02 00:53:44 [__init__.py:244] Automatically detected platform rocm.
No masking
[0;31mE20250902 00:54:01.498103 139783822870272 output_stream.cpp:105] Opened result file: ./profiles/standalone_attn_prefill_and_decode_tp8_prefill_then_decode8_2048_128_4096nan_kernel_trace.csv
[m[0;31mE20250902 00:54:01.504651 139783822870272 output_stream.cpp:105] Opened result file: ./profiles/standalone_attn_prefill_and_decode_tp8_prefill_then_decode8_2048_128_4096nan_agent_info.csv
[m# ---- Run standalone_attn_prefill_and_decode_tp8_prefill_then_decode8_2048_128_8192nan ----
INFO 09-02 00:54:15 [__init__.py:244] Automatically detected platform rocm.
No masking
[0;31mE20250902 00:54:33.258672 140524213782272 output_stream.cpp:105] Opened result file: ./profiles/standalone_attn_prefill_and_decode_tp8_prefill_then_decode8_2048_128_8192nan_kernel_trace.csv
[m[0;31mE20250902 00:54:33.264800 140524213782272 output_stream.cpp:105] Opened result file: ./profiles/standalone_attn_prefill_and_decode_tp8_prefill_then_decode8_2048_128_8192nan_agent_info.csv
[m# ---- Run standalone_attn_prefill_and_decode_tp8_prefill_then_decode8_4096_1_256nan ----
INFO 09-02 00:54:48 [__init__.py:244] Automatically detected platform rocm.
No masking
[0;31mE20250902 00:55:06.425156 140281379055360 output_stream.cpp:105] Opened result file: ./profiles/standalone_attn_prefill_and_decode_tp8_prefill_then_decode8_4096_1_256nan_kernel_trace.csv
[m[0;31mE20250902 00:55:06.431152 140281379055360 output_stream.cpp:105] Opened result file: ./profiles/standalone_attn_prefill_and_decode_tp8_prefill_then_decode8_4096_1_256nan_agent_info.csv
[m# ---- Run standalone_attn_prefill_and_decode_tp8_prefill_then_decode8_4096_1_512nan ----
INFO 09-02 00:55:21 [__init__.py:244] Automatically detected platform rocm.
No masking
[0;31mE20250902 00:55:39.220095 139904404576000 output_stream.cpp:105] Opened result file: ./profiles/standalone_attn_prefill_and_decode_tp8_prefill_then_decode8_4096_1_512nan_kernel_trace.csv
[m[0;31mE20250902 00:55:39.226597 139904404576000 output_stream.cpp:105] Opened result file: ./profiles/standalone_attn_prefill_and_decode_tp8_prefill_then_decode8_4096_1_512nan_agent_info.csv
[m# ---- Run standalone_attn_prefill_and_decode_tp8_prefill_then_decode8_4096_1_1024nan ----
INFO 09-02 00:55:53 [__init__.py:244] Automatically detected platform rocm.
No masking
[0;31mE20250902 00:56:11.386110 139985685776128 output_stream.cpp:105] Opened result file: ./profiles/standalone_attn_prefill_and_decode_tp8_prefill_then_decode8_4096_1_1024nan_kernel_trace.csv
[m[0;31mE20250902 00:56:11.392131 139985685776128 output_stream.cpp:105] Opened result file: ./profiles/standalone_attn_prefill_and_decode_tp8_prefill_then_decode8_4096_1_1024nan_agent_info.csv
[m# ---- Run standalone_attn_prefill_and_decode_tp8_prefill_then_decode8_4096_1_2048nan ----
INFO 09-02 00:56:25 [__init__.py:244] Automatically detected platform rocm.
No masking
[0;31mE20250902 00:56:47.244713 140666244802304 output_stream.cpp:105] Opened result file: ./profiles/standalone_attn_prefill_and_decode_tp8_prefill_then_decode8_4096_1_2048nan_kernel_trace.csv
[m[0;31mE20250902 00:56:47.251850 140666244802304 output_stream.cpp:105] Opened result file: ./profiles/standalone_attn_prefill_and_decode_tp8_prefill_then_decode8_4096_1_2048nan_agent_info.csv
[m# ---- Run standalone_attn_prefill_and_decode_tp8_prefill_then_decode8_4096_1_4096nan ----
INFO 09-02 00:57:03 [__init__.py:244] Automatically detected platform rocm.
No masking
[0;31mE20250902 00:57:23.026950 139942891185920 output_stream.cpp:105] Opened result file: ./profiles/standalone_attn_prefill_and_decode_tp8_prefill_then_decode8_4096_1_4096nan_kernel_trace.csv
[m[0;31mE20250902 00:57:23.033898 139942891185920 output_stream.cpp:105] Opened result file: ./profiles/standalone_attn_prefill_and_decode_tp8_prefill_then_decode8_4096_1_4096nan_agent_info.csv
[m# ---- Run standalone_attn_prefill_and_decode_tp8_prefill_then_decode8_4096_1_8192nan ----
INFO 09-02 00:57:37 [__init__.py:244] Automatically detected platform rocm.
No masking
[0;31mE20250902 00:57:55.905833 140003779352320 output_stream.cpp:105] Opened result file: ./profiles/standalone_attn_prefill_and_decode_tp8_prefill_then_decode8_4096_1_8192nan_kernel_trace.csv
[m[0;31mE20250902 00:57:55.912095 140003779352320 output_stream.cpp:105] Opened result file: ./profiles/standalone_attn_prefill_and_decode_tp8_prefill_then_decode8_4096_1_8192nan_agent_info.csv
[m# ---- Run standalone_attn_prefill_and_decode_tp8_prefill_then_decode8_4096_2_256nan ----
INFO 09-02 00:58:11 [__init__.py:244] Automatically detected platform rocm.
No masking
[0;31mE20250902 00:58:29.437527 140321984460544 output_stream.cpp:105] Opened result file: ./profiles/standalone_attn_prefill_and_decode_tp8_prefill_then_decode8_4096_2_256nan_kernel_trace.csv
[m[0;31mE20250902 00:58:29.443651 140321984460544 output_stream.cpp:105] Opened result file: ./profiles/standalone_attn_prefill_and_decode_tp8_prefill_then_decode8_4096_2_256nan_agent_info.csv
[m# ---- Run standalone_attn_prefill_and_decode_tp8_prefill_then_decode8_4096_2_512nan ----
INFO 09-02 00:58:44 [__init__.py:244] Automatically detected platform rocm.
No masking
[0;31mE20250902 00:59:02.749771 139874579478272 output_stream.cpp:105] Opened result file: ./profiles/standalone_attn_prefill_and_decode_tp8_prefill_then_decode8_4096_2_512nan_kernel_trace.csv
[m[0;31mE20250902 00:59:02.755758 139874579478272 output_stream.cpp:105] Opened result file: ./profiles/standalone_attn_prefill_and_decode_tp8_prefill_then_decode8_4096_2_512nan_agent_info.csv
[m# ---- Run standalone_attn_prefill_and_decode_tp8_prefill_then_decode8_4096_2_1024nan ----
INFO 09-02 00:59:17 [__init__.py:244] Automatically detected platform rocm.
No masking
[0;31mE20250902 00:59:36.090233 140312841348864 output_stream.cpp:105] Opened result file: ./profiles/standalone_attn_prefill_and_decode_tp8_prefill_then_decode8_4096_2_1024nan_kernel_trace.csv
[m[0;31mE20250902 00:59:36.096278 140312841348864 output_stream.cpp:105] Opened result file: ./profiles/standalone_attn_prefill_and_decode_tp8_prefill_then_decode8_4096_2_1024nan_agent_info.csv
[m# ---- Run standalone_attn_prefill_and_decode_tp8_prefill_then_decode8_4096_2_2048nan ----
INFO 09-02 00:59:50 [__init__.py:244] Automatically detected platform rocm.
No masking
[0;31mE20250902 01:00:09.308687 139836705208064 output_stream.cpp:105] Opened result file: ./profiles/standalone_attn_prefill_and_decode_tp8_prefill_then_decode8_4096_2_2048nan_kernel_trace.csv
[m[0;31mE20250902 01:00:09.314937 139836705208064 output_stream.cpp:105] Opened result file: ./profiles/standalone_attn_prefill_and_decode_tp8_prefill_then_decode8_4096_2_2048nan_agent_info.csv
[m# ---- Run standalone_attn_prefill_and_decode_tp8_prefill_then_decode8_4096_2_4096nan ----
INFO 09-02 01:00:23 [__init__.py:244] Automatically detected platform rocm.
No masking
[0;31mE20250902 01:00:42.044588 140348360619776 output_stream.cpp:105] Opened result file: ./profiles/standalone_attn_prefill_and_decode_tp8_prefill_then_decode8_4096_2_4096nan_kernel_trace.csv
[m[0;31mE20250902 01:00:42.051093 140348360619776 output_stream.cpp:105] Opened result file: ./profiles/standalone_attn_prefill_and_decode_tp8_prefill_then_decode8_4096_2_4096nan_agent_info.csv
[m# ---- Run standalone_attn_prefill_and_decode_tp8_prefill_then_decode8_4096_2_8192nan ----
INFO 09-02 01:00:57 [__init__.py:244] Automatically detected platform rocm.
No masking
[0;31mE20250902 01:01:15.043816 140122438592256 output_stream.cpp:105] Opened result file: ./profiles/standalone_attn_prefill_and_decode_tp8_prefill_then_decode8_4096_2_8192nan_kernel_trace.csv
[m[0;31mE20250902 01:01:15.050002 140122438592256 output_stream.cpp:105] Opened result file: ./profiles/standalone_attn_prefill_and_decode_tp8_prefill_then_decode8_4096_2_8192nan_agent_info.csv
[m# ---- Run standalone_attn_prefill_and_decode_tp8_prefill_then_decode8_4096_4_256nan ----
INFO 09-02 01:01:30 [__init__.py:244] Automatically detected platform rocm.
No masking
[0;31mE20250902 01:01:48.859587 139735158757120 output_stream.cpp:105] Opened result file: ./profiles/standalone_attn_prefill_and_decode_tp8_prefill_then_decode8_4096_4_256nan_kernel_trace.csv
[m[0;31mE20250902 01:01:48.865610 139735158757120 output_stream.cpp:105] Opened result file: ./profiles/standalone_attn_prefill_and_decode_tp8_prefill_then_decode8_4096_4_256nan_agent_info.csv
[m# ---- Run standalone_attn_prefill_and_decode_tp8_prefill_then_decode8_4096_4_512nan ----
INFO 09-02 01:02:04 [__init__.py:244] Automatically detected platform rocm.
No masking
[0;31mE20250902 01:02:22.718367 139886021441280 output_stream.cpp:105] Opened result file: ./profiles/standalone_attn_prefill_and_decode_tp8_prefill_then_decode8_4096_4_512nan_kernel_trace.csv
[m[0;31mE20250902 01:02:22.724401 139886021441280 output_stream.cpp:105] Opened result file: ./profiles/standalone_attn_prefill_and_decode_tp8_prefill_then_decode8_4096_4_512nan_agent_info.csv
[m# ---- Run standalone_attn_prefill_and_decode_tp8_prefill_then_decode8_4096_4_1024nan ----
INFO 09-02 01:02:38 [__init__.py:244] Automatically detected platform rocm.
No masking
[0;31mE20250902 01:02:57.242129 139671961544448 output_stream.cpp:105] Opened result file: ./profiles/standalone_attn_prefill_and_decode_tp8_prefill_then_decode8_4096_4_1024nan_kernel_trace.csv
[m[0;31mE20250902 01:02:57.249236 139671961544448 output_stream.cpp:105] Opened result file: ./profiles/standalone_attn_prefill_and_decode_tp8_prefill_then_decode8_4096_4_1024nan_agent_info.csv
[m# ---- Run standalone_attn_prefill_and_decode_tp8_prefill_then_decode8_4096_4_2048nan ----
INFO 09-02 01:03:12 [__init__.py:244] Automatically detected platform rocm.
No masking
[0;31mE20250902 01:03:30.993715 140288777266944 output_stream.cpp:105] Opened result file: ./profiles/standalone_attn_prefill_and_decode_tp8_prefill_then_decode8_4096_4_2048nan_kernel_trace.csv
[m[0;31mE20250902 01:03:31.000894 140288777266944 output_stream.cpp:105] Opened result file: ./profiles/standalone_attn_prefill_and_decode_tp8_prefill_then_decode8_4096_4_2048nan_agent_info.csv
[m# ---- Run standalone_attn_prefill_and_decode_tp8_prefill_then_decode8_4096_4_4096nan ----
INFO 09-02 01:03:46 [__init__.py:244] Automatically detected platform rocm.
No masking
[0;31mE20250902 01:04:05.017073 140610238613248 output_stream.cpp:105] Opened result file: ./profiles/standalone_attn_prefill_and_decode_tp8_prefill_then_decode8_4096_4_4096nan_kernel_trace.csv
[m[0;31mE20250902 01:04:05.023450 140610238613248 output_stream.cpp:105] Opened result file: ./profiles/standalone_attn_prefill_and_decode_tp8_prefill_then_decode8_4096_4_4096nan_agent_info.csv
[m# ---- Run standalone_attn_prefill_and_decode_tp8_prefill_then_decode8_4096_4_8192nan ----
INFO 09-02 01:04:20 [__init__.py:244] Automatically detected platform rocm.
No masking
[0;31mE20250902 01:04:38.264697 140257904981760 output_stream.cpp:105] Opened result file: ./profiles/standalone_attn_prefill_and_decode_tp8_prefill_then_decode8_4096_4_8192nan_kernel_trace.csv
[m[0;31mE20250902 01:04:38.271724 140257904981760 output_stream.cpp:105] Opened result file: ./profiles/standalone_attn_prefill_and_decode_tp8_prefill_then_decode8_4096_4_8192nan_agent_info.csv
[m# ---- Run standalone_attn_prefill_and_decode_tp8_prefill_then_decode8_4096_8_256nan ----
INFO 09-02 01:04:53 [__init__.py:244] Automatically detected platform rocm.
No masking
[0;31mE20250902 01:05:12.385788 139762207835904 output_stream.cpp:105] Opened result file: ./profiles/standalone_attn_prefill_and_decode_tp8_prefill_then_decode8_4096_8_256nan_kernel_trace.csv
[m[0;31mE20250902 01:05:12.392162 139762207835904 output_stream.cpp:105] Opened result file: ./profiles/standalone_attn_prefill_and_decode_tp8_prefill_then_decode8_4096_8_256nan_agent_info.csv
[m# ---- Run standalone_attn_prefill_and_decode_tp8_prefill_then_decode8_4096_8_512nan ----
INFO 09-02 01:05:27 [__init__.py:244] Automatically detected platform rocm.
No masking
[0;31mE20250902 01:05:46.238238 140216118056704 output_stream.cpp:105] Opened result file: ./profiles/standalone_attn_prefill_and_decode_tp8_prefill_then_decode8_4096_8_512nan_kernel_trace.csv
[m[0;31mE20250902 01:05:46.244453 140216118056704 output_stream.cpp:105] Opened result file: ./profiles/standalone_attn_prefill_and_decode_tp8_prefill_then_decode8_4096_8_512nan_agent_info.csv
[m# ---- Run standalone_attn_prefill_and_decode_tp8_prefill_then_decode8_4096_8_1024nan ----
INFO 09-02 01:06:01 [__init__.py:244] Automatically detected platform rocm.
No masking
[0;31mE20250902 01:06:19.852301 140053825783552 output_stream.cpp:105] Opened result file: ./profiles/standalone_attn_prefill_and_decode_tp8_prefill_then_decode8_4096_8_1024nan_kernel_trace.csv
[m[0;31mE20250902 01:06:19.858713 140053825783552 output_stream.cpp:105] Opened result file: ./profiles/standalone_attn_prefill_and_decode_tp8_prefill_then_decode8_4096_8_1024nan_agent_info.csv
[m# ---- Run standalone_attn_prefill_and_decode_tp8_prefill_then_decode8_4096_8_2048nan ----
INFO 09-02 01:06:35 [__init__.py:244] Automatically detected platform rocm.
No masking
[0;31mE20250902 01:06:54.364508 139937733023488 output_stream.cpp:105] Opened result file: ./profiles/standalone_attn_prefill_and_decode_tp8_prefill_then_decode8_4096_8_2048nan_kernel_trace.csv
[m[0;31mE20250902 01:06:54.371976 139937733023488 output_stream.cpp:105] Opened result file: ./profiles/standalone_attn_prefill_and_decode_tp8_prefill_then_decode8_4096_8_2048nan_agent_info.csv
[m# ---- Run standalone_attn_prefill_and_decode_tp8_prefill_then_decode8_4096_8_4096nan ----
INFO 09-02 01:07:10 [__init__.py:244] Automatically detected platform rocm.
No masking
[0;31mE20250902 01:07:28.577846 140492383258368 output_stream.cpp:105] Opened result file: ./profiles/standalone_attn_prefill_and_decode_tp8_prefill_then_decode8_4096_8_4096nan_kernel_trace.csv
[m[0;31mE20250902 01:07:28.584914 140492383258368 output_stream.cpp:105] Opened result file: ./profiles/standalone_attn_prefill_and_decode_tp8_prefill_then_decode8_4096_8_4096nan_agent_info.csv
[m# ---- Run standalone_attn_prefill_and_decode_tp8_prefill_then_decode8_4096_8_8192nan ----
INFO 09-02 01:07:43 [__init__.py:244] Automatically detected platform rocm.
No masking
[0;31mE20250902 01:08:01.534498 140278145849088 output_stream.cpp:105] Opened result file: ./profiles/standalone_attn_prefill_and_decode_tp8_prefill_then_decode8_4096_8_8192nan_kernel_trace.csv
[m[0;31mE20250902 01:08:01.541708 140278145849088 output_stream.cpp:105] Opened result file: ./profiles/standalone_attn_prefill_and_decode_tp8_prefill_then_decode8_4096_8_8192nan_agent_info.csv
[m# ---- Run standalone_attn_prefill_and_decode_tp8_prefill_then_decode8_4096_16_256nan ----
INFO 09-02 01:08:16 [__init__.py:244] Automatically detected platform rocm.
No masking
[0;31mE20250902 01:08:34.770140 139632533329664 output_stream.cpp:105] Opened result file: ./profiles/standalone_attn_prefill_and_decode_tp8_prefill_then_decode8_4096_16_256nan_kernel_trace.csv
[m[0;31mE20250902 01:08:34.776623 139632533329664 output_stream.cpp:105] Opened result file: ./profiles/standalone_attn_prefill_and_decode_tp8_prefill_then_decode8_4096_16_256nan_agent_info.csv
[m# ---- Run standalone_attn_prefill_and_decode_tp8_prefill_then_decode8_4096_16_512nan ----
INFO 09-02 01:08:50 [__init__.py:244] Automatically detected platform rocm.
No masking
[0;31mE20250902 01:09:07.846214 140350170044160 output_stream.cpp:105] Opened result file: ./profiles/standalone_attn_prefill_and_decode_tp8_prefill_then_decode8_4096_16_512nan_kernel_trace.csv
[m[0;31mE20250902 01:09:07.852792 140350170044160 output_stream.cpp:105] Opened result file: ./profiles/standalone_attn_prefill_and_decode_tp8_prefill_then_decode8_4096_16_512nan_agent_info.csv
[m# ---- Run standalone_attn_prefill_and_decode_tp8_prefill_then_decode8_4096_16_1024nan ----
INFO 09-02 01:09:23 [__init__.py:244] Automatically detected platform rocm.
No masking
[0;31mE20250902 01:09:41.099725 140193936115456 output_stream.cpp:105] Opened result file: ./profiles/standalone_attn_prefill_and_decode_tp8_prefill_then_decode8_4096_16_1024nan_kernel_trace.csv
[m[0;31mE20250902 01:09:41.106039 140193936115456 output_stream.cpp:105] Opened result file: ./profiles/standalone_attn_prefill_and_decode_tp8_prefill_then_decode8_4096_16_1024nan_agent_info.csv
[m# ---- Run standalone_attn_prefill_and_decode_tp8_prefill_then_decode8_4096_16_2048nan ----
INFO 09-02 01:09:55 [__init__.py:244] Automatically detected platform rocm.
No masking
[0;31mE20250902 01:10:16.696916 139883660969728 output_stream.cpp:105] Opened result file: ./profiles/standalone_attn_prefill_and_decode_tp8_prefill_then_decode8_4096_16_2048nan_kernel_trace.csv
[m[0;31mE20250902 01:10:16.704071 139883660969728 output_stream.cpp:105] Opened result file: ./profiles/standalone_attn_prefill_and_decode_tp8_prefill_then_decode8_4096_16_2048nan_agent_info.csv
[m# ---- Run standalone_attn_prefill_and_decode_tp8_prefill_then_decode8_4096_16_4096nan ----
INFO 09-02 01:10:33 [__init__.py:244] Automatically detected platform rocm.
No masking
[0;31mE20250902 01:10:53.120642 139760959559424 output_stream.cpp:105] Opened result file: ./profiles/standalone_attn_prefill_and_decode_tp8_prefill_then_decode8_4096_16_4096nan_kernel_trace.csv
[m[0;31mE20250902 01:10:53.127088 139760959559424 output_stream.cpp:105] Opened result file: ./profiles/standalone_attn_prefill_and_decode_tp8_prefill_then_decode8_4096_16_4096nan_agent_info.csv
[m# ---- Run standalone_attn_prefill_and_decode_tp8_prefill_then_decode8_4096_16_8192nan ----
INFO 09-02 01:11:08 [__init__.py:244] Automatically detected platform rocm.
No masking
[0;31mE20250902 01:11:26.516070 140072855987968 output_stream.cpp:105] Opened result file: ./profiles/standalone_attn_prefill_and_decode_tp8_prefill_then_decode8_4096_16_8192nan_kernel_trace.csv
[m[0;31mE20250902 01:11:26.522275 140072855987968 output_stream.cpp:105] Opened result file: ./profiles/standalone_attn_prefill_and_decode_tp8_prefill_then_decode8_4096_16_8192nan_agent_info.csv
[m# ---- Run standalone_attn_prefill_and_decode_tp8_prefill_then_decode8_4096_32_256nan ----
INFO 09-02 01:11:41 [__init__.py:244] Automatically detected platform rocm.
No masking
[0;31mE20250902 01:11:59.262579 140322276308736 output_stream.cpp:105] Opened result file: ./profiles/standalone_attn_prefill_and_decode_tp8_prefill_then_decode8_4096_32_256nan_kernel_trace.csv
[m[0;31mE20250902 01:11:59.268760 140322276308736 output_stream.cpp:105] Opened result file: ./profiles/standalone_attn_prefill_and_decode_tp8_prefill_then_decode8_4096_32_256nan_agent_info.csv
[m# ---- Run standalone_attn_prefill_and_decode_tp8_prefill_then_decode8_4096_32_512nan ----
INFO 09-02 01:12:13 [__init__.py:244] Automatically detected platform rocm.
No masking
[0;31mE20250902 01:12:31.720535 139909772617472 output_stream.cpp:105] Opened result file: ./profiles/standalone_attn_prefill_and_decode_tp8_prefill_then_decode8_4096_32_512nan_kernel_trace.csv
[m[0;31mE20250902 01:12:31.726346 139909772617472 output_stream.cpp:105] Opened result file: ./profiles/standalone_attn_prefill_and_decode_tp8_prefill_then_decode8_4096_32_512nan_agent_info.csv
[m# ---- Run standalone_attn_prefill_and_decode_tp8_prefill_then_decode8_4096_32_1024nan ----
INFO 09-02 01:12:46 [__init__.py:244] Automatically detected platform rocm.
No masking
[0;31mE20250902 01:13:04.595863 139689108584192 output_stream.cpp:105] Opened result file: ./profiles/standalone_attn_prefill_and_decode_tp8_prefill_then_decode8_4096_32_1024nan_kernel_trace.csv
[m[0;31mE20250902 01:13:04.602080 139689108584192 output_stream.cpp:105] Opened result file: ./profiles/standalone_attn_prefill_and_decode_tp8_prefill_then_decode8_4096_32_1024nan_agent_info.csv
[m# ---- Run standalone_attn_prefill_and_decode_tp8_prefill_then_decode8_4096_32_2048nan ----
INFO 09-02 01:13:19 [__init__.py:244] Automatically detected platform rocm.
No masking
[0;31mE20250902 01:13:36.998322 140506935162624 output_stream.cpp:105] Opened result file: ./profiles/standalone_attn_prefill_and_decode_tp8_prefill_then_decode8_4096_32_2048nan_kernel_trace.csv
[m[0;31mE20250902 01:13:37.005079 140506935162624 output_stream.cpp:105] Opened result file: ./profiles/standalone_attn_prefill_and_decode_tp8_prefill_then_decode8_4096_32_2048nan_agent_info.csv
[m# ---- Run standalone_attn_prefill_and_decode_tp8_prefill_then_decode8_4096_32_4096nan ----
INFO 09-02 01:13:51 [__init__.py:244] Automatically detected platform rocm.
No masking
[0;31mE20250902 01:14:09.492425 140009226852096 output_stream.cpp:105] Opened result file: ./profiles/standalone_attn_prefill_and_decode_tp8_prefill_then_decode8_4096_32_4096nan_kernel_trace.csv
[m[0;31mE20250902 01:14:09.499313 140009226852096 output_stream.cpp:105] Opened result file: ./profiles/standalone_attn_prefill_and_decode_tp8_prefill_then_decode8_4096_32_4096nan_agent_info.csv
[m# ---- Run standalone_attn_prefill_and_decode_tp8_prefill_then_decode8_4096_32_8192nan ----
INFO 09-02 01:14:24 [__init__.py:244] Automatically detected platform rocm.
No masking
[0;31mE20250902 01:14:41.970924 139981951375104 output_stream.cpp:105] Opened result file: ./profiles/standalone_attn_prefill_and_decode_tp8_prefill_then_decode8_4096_32_8192nan_kernel_trace.csv
[m[0;31mE20250902 01:14:41.978195 139981951375104 output_stream.cpp:105] Opened result file: ./profiles/standalone_attn_prefill_and_decode_tp8_prefill_then_decode8_4096_32_8192nan_agent_info.csv
[m# ---- Run standalone_attn_prefill_and_decode_tp8_prefill_then_decode8_4096_64_256nan ----
INFO 09-02 01:14:56 [__init__.py:244] Automatically detected platform rocm.
No masking
[0;31mE20250902 01:15:16.261773 139650573596416 output_stream.cpp:105] Opened result file: ./profiles/standalone_attn_prefill_and_decode_tp8_prefill_then_decode8_4096_64_256nan_kernel_trace.csv
[m[0;31mE20250902 01:15:16.268912 139650573596416 output_stream.cpp:105] Opened result file: ./profiles/standalone_attn_prefill_and_decode_tp8_prefill_then_decode8_4096_64_256nan_agent_info.csv
[m# ---- Run standalone_attn_prefill_and_decode_tp8_prefill_then_decode8_4096_64_512nan ----
INFO 09-02 01:15:33 [__init__.py:244] Automatically detected platform rocm.
No masking
[0;31mE20250902 01:15:54.644945 140444945389312 output_stream.cpp:105] Opened result file: ./profiles/standalone_attn_prefill_and_decode_tp8_prefill_then_decode8_4096_64_512nan_kernel_trace.csv
[m[0;31mE20250902 01:15:54.651952 140444945389312 output_stream.cpp:105] Opened result file: ./profiles/standalone_attn_prefill_and_decode_tp8_prefill_then_decode8_4096_64_512nan_agent_info.csv
[m# ---- Run standalone_attn_prefill_and_decode_tp8_prefill_then_decode8_4096_64_1024nan ----
INFO 09-02 01:16:11 [__init__.py:244] Automatically detected platform rocm.
No masking
[0;31mE20250902 01:16:30.399528 140697545955072 output_stream.cpp:105] Opened result file: ./profiles/standalone_attn_prefill_and_decode_tp8_prefill_then_decode8_4096_64_1024nan_kernel_trace.csv
[m[0;31mE20250902 01:16:30.405974 140697545955072 output_stream.cpp:105] Opened result file: ./profiles/standalone_attn_prefill_and_decode_tp8_prefill_then_decode8_4096_64_1024nan_agent_info.csv
[m# ---- Run standalone_attn_prefill_and_decode_tp8_prefill_then_decode8_4096_64_2048nan ----
INFO 09-02 01:16:45 [__init__.py:244] Automatically detected platform rocm.
No masking
[0;31mE20250902 01:17:03.134068 140101779339008 output_stream.cpp:105] Opened result file: ./profiles/standalone_attn_prefill_and_decode_tp8_prefill_then_decode8_4096_64_2048nan_kernel_trace.csv
[m[0;31mE20250902 01:17:03.140015 140101779339008 output_stream.cpp:105] Opened result file: ./profiles/standalone_attn_prefill_and_decode_tp8_prefill_then_decode8_4096_64_2048nan_agent_info.csv
[m# ---- Run standalone_attn_prefill_and_decode_tp8_prefill_then_decode8_4096_64_4096nan ----
INFO 09-02 01:17:17 [__init__.py:244] Automatically detected platform rocm.
No masking
[0;31mE20250902 01:17:35.569593 139984016635648 output_stream.cpp:105] Opened result file: ./profiles/standalone_attn_prefill_and_decode_tp8_prefill_then_decode8_4096_64_4096nan_kernel_trace.csv
[m[0;31mE20250902 01:17:35.575667 139984016635648 output_stream.cpp:105] Opened result file: ./profiles/standalone_attn_prefill_and_decode_tp8_prefill_then_decode8_4096_64_4096nan_agent_info.csv
[m# ---- Run standalone_attn_prefill_and_decode_tp8_prefill_then_decode8_4096_64_8192nan ----
INFO 09-02 01:17:50 [__init__.py:244] Automatically detected platform rocm.
No masking
[0;31mE20250902 01:18:08.313751 140282724566784 output_stream.cpp:105] Opened result file: ./profiles/standalone_attn_prefill_and_decode_tp8_prefill_then_decode8_4096_64_8192nan_kernel_trace.csv
[m[0;31mE20250902 01:18:08.319756 140282724566784 output_stream.cpp:105] Opened result file: ./profiles/standalone_attn_prefill_and_decode_tp8_prefill_then_decode8_4096_64_8192nan_agent_info.csv
[m# ---- Run standalone_attn_prefill_and_decode_tp8_prefill_then_decode8_4096_128_256nan ----
INFO 09-02 01:18:22 [__init__.py:244] Automatically detected platform rocm.
No masking
[0;31mE20250902 01:18:39.603908 140088863594240 output_stream.cpp:105] Opened result file: ./profiles/standalone_attn_prefill_and_decode_tp8_prefill_then_decode8_4096_128_256nan_kernel_trace.csv
[m[0;31mE20250902 01:18:39.610132 140088863594240 output_stream.cpp:105] Opened result file: ./profiles/standalone_attn_prefill_and_decode_tp8_prefill_then_decode8_4096_128_256nan_agent_info.csv
[m# ---- Run standalone_attn_prefill_and_decode_tp8_prefill_then_decode8_4096_128_512nan ----
INFO 09-02 01:18:54 [__init__.py:244] Automatically detected platform rocm.
No masking
[0;31mE20250902 01:19:11.320932 140662571796224 output_stream.cpp:105] Opened result file: ./profiles/standalone_attn_prefill_and_decode_tp8_prefill_then_decode8_4096_128_512nan_kernel_trace.csv
[m[0;31mE20250902 01:19:11.326864 140662571796224 output_stream.cpp:105] Opened result file: ./profiles/standalone_attn_prefill_and_decode_tp8_prefill_then_decode8_4096_128_512nan_agent_info.csv
[m# ---- Run standalone_attn_prefill_and_decode_tp8_prefill_then_decode8_4096_128_1024nan ----
INFO 09-02 01:19:25 [__init__.py:244] Automatically detected platform rocm.
No masking
[0;31mE20250902 01:19:42.794115 140391641622272 output_stream.cpp:105] Opened result file: ./profiles/standalone_attn_prefill_and_decode_tp8_prefill_then_decode8_4096_128_1024nan_kernel_trace.csv
[m[0;31mE20250902 01:19:42.801098 140391641622272 output_stream.cpp:105] Opened result file: ./profiles/standalone_attn_prefill_and_decode_tp8_prefill_then_decode8_4096_128_1024nan_agent_info.csv
[m# ---- Run standalone_attn_prefill_and_decode_tp8_prefill_then_decode8_4096_128_2048nan ----
INFO 09-02 01:19:57 [__init__.py:244] Automatically detected platform rocm.
No masking
[0;31mE20250902 01:20:14.407035 139692421076736 output_stream.cpp:105] Opened result file: ./profiles/standalone_attn_prefill_and_decode_tp8_prefill_then_decode8_4096_128_2048nan_kernel_trace.csv
[m[0;31mE20250902 01:20:14.413013 139692421076736 output_stream.cpp:105] Opened result file: ./profiles/standalone_attn_prefill_and_decode_tp8_prefill_then_decode8_4096_128_2048nan_agent_info.csv
[m# ---- Run standalone_attn_prefill_and_decode_tp8_prefill_then_decode8_4096_128_4096nan ----
INFO 09-02 01:20:28 [__init__.py:244] Automatically detected platform rocm.
No masking
[0;31mE20250902 01:20:45.262089 140184100095744 output_stream.cpp:105] Opened result file: ./profiles/standalone_attn_prefill_and_decode_tp8_prefill_then_decode8_4096_128_4096nan_kernel_trace.csv
[m[0;31mE20250902 01:20:45.268796 140184100095744 output_stream.cpp:105] Opened result file: ./profiles/standalone_attn_prefill_and_decode_tp8_prefill_then_decode8_4096_128_4096nan_agent_info.csv
[m# ---- Run standalone_attn_prefill_and_decode_tp8_prefill_then_decode8_4096_128_8192nan ----
INFO 09-02 01:20:59 [__init__.py:244] Automatically detected platform rocm.
No masking
[0;31mE20250902 01:21:16.590810 140312711337728 output_stream.cpp:105] Opened result file: ./profiles/standalone_attn_prefill_and_decode_tp8_prefill_then_decode8_4096_128_8192nan_kernel_trace.csv
[m[0;31mE20250902 01:21:16.597820 140312711337728 output_stream.cpp:105] Opened result file: ./profiles/standalone_attn_prefill_and_decode_tp8_prefill_then_decode8_4096_128_8192nan_agent_info.csv
[m# ---- Run standalone_attn_prefill_and_decode_tp8_prefill_then_decode8_8192_1_256nan ----
INFO 09-02 01:21:31 [__init__.py:244] Automatically detected platform rocm.
No masking
[0;31mE20250902 01:21:49.211038 140348592637696 output_stream.cpp:105] Opened result file: ./profiles/standalone_attn_prefill_and_decode_tp8_prefill_then_decode8_8192_1_256nan_kernel_trace.csv
[m[0;31mE20250902 01:21:49.217481 140348592637696 output_stream.cpp:105] Opened result file: ./profiles/standalone_attn_prefill_and_decode_tp8_prefill_then_decode8_8192_1_256nan_agent_info.csv
[m# ---- Run standalone_attn_prefill_and_decode_tp8_prefill_then_decode8_8192_1_512nan ----
INFO 09-02 01:22:03 [__init__.py:244] Automatically detected platform rocm.
No masking
[0;31mE20250902 01:22:21.791327 140432323675904 output_stream.cpp:105] Opened result file: ./profiles/standalone_attn_prefill_and_decode_tp8_prefill_then_decode8_8192_1_512nan_kernel_trace.csv
[m[0;31mE20250902 01:22:21.798139 140432323675904 output_stream.cpp:105] Opened result file: ./profiles/standalone_attn_prefill_and_decode_tp8_prefill_then_decode8_8192_1_512nan_agent_info.csv
[m# ---- Run standalone_attn_prefill_and_decode_tp8_prefill_then_decode8_8192_1_1024nan ----
INFO 09-02 01:22:36 [__init__.py:244] Automatically detected platform rocm.
No masking
[0;31mE20250902 01:22:55.003824 140064876254976 output_stream.cpp:105] Opened result file: ./profiles/standalone_attn_prefill_and_decode_tp8_prefill_then_decode8_8192_1_1024nan_kernel_trace.csv
[m[0;31mE20250902 01:22:55.011226 140064876254976 output_stream.cpp:105] Opened result file: ./profiles/standalone_attn_prefill_and_decode_tp8_prefill_then_decode8_8192_1_1024nan_agent_info.csv
[m# ---- Run standalone_attn_prefill_and_decode_tp8_prefill_then_decode8_8192_1_2048nan ----
INFO 09-02 01:23:10 [__init__.py:244] Automatically detected platform rocm.
No masking
[0;31mE20250902 01:23:28.049787 140365168330496 output_stream.cpp:105] Opened result file: ./profiles/standalone_attn_prefill_and_decode_tp8_prefill_then_decode8_8192_1_2048nan_kernel_trace.csv
[m[0;31mE20250902 01:23:28.057173 140365168330496 output_stream.cpp:105] Opened result file: ./profiles/standalone_attn_prefill_and_decode_tp8_prefill_then_decode8_8192_1_2048nan_agent_info.csv
[m# ---- Run standalone_attn_prefill_and_decode_tp8_prefill_then_decode8_8192_1_4096nan ----
INFO 09-02 01:23:42 [__init__.py:244] Automatically detected platform rocm.
No masking
[0;31mE20250902 01:24:00.759224 139698776610560 output_stream.cpp:105] Opened result file: ./profiles/standalone_attn_prefill_and_decode_tp8_prefill_then_decode8_8192_1_4096nan_kernel_trace.csv
[m[0;31mE20250902 01:24:00.765448 139698776610560 output_stream.cpp:105] Opened result file: ./profiles/standalone_attn_prefill_and_decode_tp8_prefill_then_decode8_8192_1_4096nan_agent_info.csv
[m# ---- Run standalone_attn_prefill_and_decode_tp8_prefill_then_decode8_8192_1_8192nan ----
INFO 09-02 01:24:15 [__init__.py:244] Automatically detected platform rocm.
No masking
[0;31mE20250902 01:24:34.052181 139929337702144 output_stream.cpp:105] Opened result file: ./profiles/standalone_attn_prefill_and_decode_tp8_prefill_then_decode8_8192_1_8192nan_kernel_trace.csv
[m[0;31mE20250902 01:24:34.059135 139929337702144 output_stream.cpp:105] Opened result file: ./profiles/standalone_attn_prefill_and_decode_tp8_prefill_then_decode8_8192_1_8192nan_agent_info.csv
[m# ---- Run standalone_attn_prefill_and_decode_tp8_prefill_then_decode8_8192_2_256nan ----
INFO 09-02 01:24:48 [__init__.py:244] Automatically detected platform rocm.
No masking
[0;31mE20250902 01:25:07.525558 140491599173376 output_stream.cpp:105] Opened result file: ./profiles/standalone_attn_prefill_and_decode_tp8_prefill_then_decode8_8192_2_256nan_kernel_trace.csv
[m[0;31mE20250902 01:25:07.532849 140491599173376 output_stream.cpp:105] Opened result file: ./profiles/standalone_attn_prefill_and_decode_tp8_prefill_then_decode8_8192_2_256nan_agent_info.csv
[m# ---- Run standalone_attn_prefill_and_decode_tp8_prefill_then_decode8_8192_2_512nan ----
INFO 09-02 01:25:24 [__init__.py:244] Automatically detected platform rocm.
No masking
[0;31mE20250902 01:25:46.039761 140011222288128 output_stream.cpp:105] Opened result file: ./profiles/standalone_attn_prefill_and_decode_tp8_prefill_then_decode8_8192_2_512nan_kernel_trace.csv
[m[0;31mE20250902 01:25:46.047624 140011222288128 output_stream.cpp:105] Opened result file: ./profiles/standalone_attn_prefill_and_decode_tp8_prefill_then_decode8_8192_2_512nan_agent_info.csv
[m# ---- Run standalone_attn_prefill_and_decode_tp8_prefill_then_decode8_8192_2_1024nan ----
INFO 09-02 01:26:02 [__init__.py:244] Automatically detected platform rocm.
No masking
[0;31mE20250902 01:26:23.897386 140553561106176 output_stream.cpp:105] Opened result file: ./profiles/standalone_attn_prefill_and_decode_tp8_prefill_then_decode8_8192_2_1024nan_kernel_trace.csv
[m[0;31mE20250902 01:26:23.904396 140553561106176 output_stream.cpp:105] Opened result file: ./profiles/standalone_attn_prefill_and_decode_tp8_prefill_then_decode8_8192_2_1024nan_agent_info.csv
[m# ---- Run standalone_attn_prefill_and_decode_tp8_prefill_then_decode8_8192_2_2048nan ----
INFO 09-02 01:26:40 [__init__.py:244] Automatically detected platform rocm.
No masking
[0;31mE20250902 01:27:01.808601 140457729439488 output_stream.cpp:105] Opened result file: ./profiles/standalone_attn_prefill_and_decode_tp8_prefill_then_decode8_8192_2_2048nan_kernel_trace.csv
[m[0;31mE20250902 01:27:01.815903 140457729439488 output_stream.cpp:105] Opened result file: ./profiles/standalone_attn_prefill_and_decode_tp8_prefill_then_decode8_8192_2_2048nan_agent_info.csv
[m# ---- Run standalone_attn_prefill_and_decode_tp8_prefill_then_decode8_8192_2_4096nan ----
INFO 09-02 01:27:18 [__init__.py:244] Automatically detected platform rocm.
No masking
[0;31mE20250902 01:27:39.441526 140599814616832 output_stream.cpp:105] Opened result file: ./profiles/standalone_attn_prefill_and_decode_tp8_prefill_then_decode8_8192_2_4096nan_kernel_trace.csv
[m[0;31mE20250902 01:27:39.448880 140599814616832 output_stream.cpp:105] Opened result file: ./profiles/standalone_attn_prefill_and_decode_tp8_prefill_then_decode8_8192_2_4096nan_agent_info.csv
[m# ---- Run standalone_attn_prefill_and_decode_tp8_prefill_then_decode8_8192_2_8192nan ----
INFO 09-02 01:27:55 [__init__.py:244] Automatically detected platform rocm.
No masking
[0;31mE20250902 01:28:15.628266 140569191839488 output_stream.cpp:105] Opened result file: ./profiles/standalone_attn_prefill_and_decode_tp8_prefill_then_decode8_8192_2_8192nan_kernel_trace.csv
[m[0;31mE20250902 01:28:15.634774 140569191839488 output_stream.cpp:105] Opened result file: ./profiles/standalone_attn_prefill_and_decode_tp8_prefill_then_decode8_8192_2_8192nan_agent_info.csv
[m# ---- Run standalone_attn_prefill_and_decode_tp8_prefill_then_decode8_8192_4_256nan ----
INFO 09-02 01:28:30 [__init__.py:244] Automatically detected platform rocm.
No masking
[0;31mE20250902 01:28:49.630198 139926940657408 output_stream.cpp:105] Opened result file: ./profiles/standalone_attn_prefill_and_decode_tp8_prefill_then_decode8_8192_4_256nan_kernel_trace.csv
[m[0;31mE20250902 01:28:49.636391 139926940657408 output_stream.cpp:105] Opened result file: ./profiles/standalone_attn_prefill_and_decode_tp8_prefill_then_decode8_8192_4_256nan_agent_info.csv
[m# ---- Run standalone_attn_prefill_and_decode_tp8_prefill_then_decode8_8192_4_512nan ----
INFO 09-02 01:29:04 [__init__.py:244] Automatically detected platform rocm.
No masking
[0;31mE20250902 01:29:23.452823 140018646509312 output_stream.cpp:105] Opened result file: ./profiles/standalone_attn_prefill_and_decode_tp8_prefill_then_decode8_8192_4_512nan_kernel_trace.csv
[m[0;31mE20250902 01:29:23.458829 140018646509312 output_stream.cpp:105] Opened result file: ./profiles/standalone_attn_prefill_and_decode_tp8_prefill_then_decode8_8192_4_512nan_agent_info.csv
[m# ---- Run standalone_attn_prefill_and_decode_tp8_prefill_then_decode8_8192_4_1024nan ----
INFO 09-02 01:29:38 [__init__.py:244] Automatically detected platform rocm.
No masking
[0;31mE20250902 01:29:58.607357 140064851207936 output_stream.cpp:105] Opened result file: ./profiles/standalone_attn_prefill_and_decode_tp8_prefill_then_decode8_8192_4_1024nan_kernel_trace.csv
[m[0;31mE20250902 01:29:58.614167 140064851207936 output_stream.cpp:105] Opened result file: ./profiles/standalone_attn_prefill_and_decode_tp8_prefill_then_decode8_8192_4_1024nan_agent_info.csv
[m# ---- Run standalone_attn_prefill_and_decode_tp8_prefill_then_decode8_8192_4_2048nan ----
INFO 09-02 01:30:14 [__init__.py:244] Automatically detected platform rocm.
No masking
[0;31mE20250902 01:30:34.143046 140675141732096 output_stream.cpp:105] Opened result file: ./profiles/standalone_attn_prefill_and_decode_tp8_prefill_then_decode8_8192_4_2048nan_kernel_trace.csv
[m[0;31mE20250902 01:30:34.149639 140675141732096 output_stream.cpp:105] Opened result file: ./profiles/standalone_attn_prefill_and_decode_tp8_prefill_then_decode8_8192_4_2048nan_agent_info.csv
[m# ---- Run standalone_attn_prefill_and_decode_tp8_prefill_then_decode8_8192_4_4096nan ----
INFO 09-02 01:30:49 [__init__.py:244] Automatically detected platform rocm.
No masking
[0;31mE20250902 01:31:07.912240 139634555275008 output_stream.cpp:105] Opened result file: ./profiles/standalone_attn_prefill_and_decode_tp8_prefill_then_decode8_8192_4_4096nan_kernel_trace.csv
[m[0;31mE20250902 01:31:07.918480 139634555275008 output_stream.cpp:105] Opened result file: ./profiles/standalone_attn_prefill_and_decode_tp8_prefill_then_decode8_8192_4_4096nan_agent_info.csv
[m# ---- Run standalone_attn_prefill_and_decode_tp8_prefill_then_decode8_8192_4_8192nan ----
INFO 09-02 01:31:22 [__init__.py:244] Automatically detected platform rocm.
No masking
[0;31mE20250902 01:31:41.072271 140146112517888 output_stream.cpp:105] Opened result file: ./profiles/standalone_attn_prefill_and_decode_tp8_prefill_then_decode8_8192_4_8192nan_kernel_trace.csv
[m[0;31mE20250902 01:31:41.078165 140146112517888 output_stream.cpp:105] Opened result file: ./profiles/standalone_attn_prefill_and_decode_tp8_prefill_then_decode8_8192_4_8192nan_agent_info.csv
[m# ---- Run standalone_attn_prefill_and_decode_tp8_prefill_then_decode8_8192_8_256nan ----
INFO 09-02 01:31:56 [__init__.py:244] Automatically detected platform rocm.
No masking
[0;31mE20250902 01:32:16.423589 139771745658624 output_stream.cpp:105] Opened result file: ./profiles/standalone_attn_prefill_and_decode_tp8_prefill_then_decode8_8192_8_256nan_kernel_trace.csv
[m[0;31mE20250902 01:32:16.430299 139771745658624 output_stream.cpp:105] Opened result file: ./profiles/standalone_attn_prefill_and_decode_tp8_prefill_then_decode8_8192_8_256nan_agent_info.csv
[m# ---- Run standalone_attn_prefill_and_decode_tp8_prefill_then_decode8_8192_8_512nan ----
INFO 09-02 01:32:32 [__init__.py:244] Automatically detected platform rocm.
No masking
[0;31mE20250902 01:32:52.236702 140179373954816 output_stream.cpp:105] Opened result file: ./profiles/standalone_attn_prefill_and_decode_tp8_prefill_then_decode8_8192_8_512nan_kernel_trace.csv
[m[0;31mE20250902 01:32:52.242850 140179373954816 output_stream.cpp:105] Opened result file: ./profiles/standalone_attn_prefill_and_decode_tp8_prefill_then_decode8_8192_8_512nan_agent_info.csv
[m# ---- Run standalone_attn_prefill_and_decode_tp8_prefill_then_decode8_8192_8_1024nan ----
INFO 09-02 01:33:08 [__init__.py:244] Automatically detected platform rocm.
No masking
[0;31mE20250902 01:33:28.035677 140616460408576 output_stream.cpp:105] Opened result file: ./profiles/standalone_attn_prefill_and_decode_tp8_prefill_then_decode8_8192_8_1024nan_kernel_trace.csv
[m[0;31mE20250902 01:33:28.042516 140616460408576 output_stream.cpp:105] Opened result file: ./profiles/standalone_attn_prefill_and_decode_tp8_prefill_then_decode8_8192_8_1024nan_agent_info.csv
[m# ---- Run standalone_attn_prefill_and_decode_tp8_prefill_then_decode8_8192_8_2048nan ----
INFO 09-02 01:33:44 [__init__.py:244] Automatically detected platform rocm.
No masking
[0;31mE20250902 01:34:03.899438 139703215372032 output_stream.cpp:105] Opened result file: ./profiles/standalone_attn_prefill_and_decode_tp8_prefill_then_decode8_8192_8_2048nan_kernel_trace.csv
[m[0;31mE20250902 01:34:03.906851 139703215372032 output_stream.cpp:105] Opened result file: ./profiles/standalone_attn_prefill_and_decode_tp8_prefill_then_decode8_8192_8_2048nan_agent_info.csv
[m# ---- Run standalone_attn_prefill_and_decode_tp8_prefill_then_decode8_8192_8_4096nan ----
INFO 09-02 01:34:19 [__init__.py:244] Automatically detected platform rocm.
No masking
[0;31mE20250902 01:34:38.384559 139988241442560 output_stream.cpp:105] Opened result file: ./profiles/standalone_attn_prefill_and_decode_tp8_prefill_then_decode8_8192_8_4096nan_kernel_trace.csv
[m[0;31mE20250902 01:34:38.391620 139988241442560 output_stream.cpp:105] Opened result file: ./profiles/standalone_attn_prefill_and_decode_tp8_prefill_then_decode8_8192_8_4096nan_agent_info.csv
[m# ---- Run standalone_attn_prefill_and_decode_tp8_prefill_then_decode8_8192_8_8192nan ----
INFO 09-02 01:34:53 [__init__.py:244] Automatically detected platform rocm.
No masking
[0;31mE20250902 01:35:11.784566 140156197136128 output_stream.cpp:105] Opened result file: ./profiles/standalone_attn_prefill_and_decode_tp8_prefill_then_decode8_8192_8_8192nan_kernel_trace.csv
[m[0;31mE20250902 01:35:11.791546 140156197136128 output_stream.cpp:105] Opened result file: ./profiles/standalone_attn_prefill_and_decode_tp8_prefill_then_decode8_8192_8_8192nan_agent_info.csv
[m# ---- Run standalone_attn_prefill_and_decode_tp8_prefill_then_decode8_8192_16_256nan ----
INFO 09-02 01:35:28 [__init__.py:244] Automatically detected platform rocm.
No masking
[0;31mE20250902 01:35:47.944628 140610526398208 output_stream.cpp:105] Opened result file: ./profiles/standalone_attn_prefill_and_decode_tp8_prefill_then_decode8_8192_16_256nan_kernel_trace.csv
[m[0;31mE20250902 01:35:47.951679 140610526398208 output_stream.cpp:105] Opened result file: ./profiles/standalone_attn_prefill_and_decode_tp8_prefill_then_decode8_8192_16_256nan_agent_info.csv
[m# ---- Run standalone_attn_prefill_and_decode_tp8_prefill_then_decode8_8192_16_512nan ----
INFO 09-02 01:36:02 [__init__.py:244] Automatically detected platform rocm.
No masking
[0;31mE20250902 01:36:20.682994 140330689586944 output_stream.cpp:105] Opened result file: ./profiles/standalone_attn_prefill_and_decode_tp8_prefill_then_decode8_8192_16_512nan_kernel_trace.csv
[m[0;31mE20250902 01:36:20.689190 140330689586944 output_stream.cpp:105] Opened result file: ./profiles/standalone_attn_prefill_and_decode_tp8_prefill_then_decode8_8192_16_512nan_agent_info.csv
[m# ---- Run standalone_attn_prefill_and_decode_tp8_prefill_then_decode8_8192_16_1024nan ----
INFO 09-02 01:36:36 [__init__.py:244] Automatically detected platform rocm.
No masking
[0;31mE20250902 01:36:54.840418 139847570212608 output_stream.cpp:105] Opened result file: ./profiles/standalone_attn_prefill_and_decode_tp8_prefill_then_decode8_8192_16_1024nan_kernel_trace.csv
[m[0;31mE20250902 01:36:54.846893 139847570212608 output_stream.cpp:105] Opened result file: ./profiles/standalone_attn_prefill_and_decode_tp8_prefill_then_decode8_8192_16_1024nan_agent_info.csv
[m# ---- Run standalone_attn_prefill_and_decode_tp8_prefill_then_decode8_8192_16_2048nan ----
INFO 09-02 01:37:10 [__init__.py:244] Automatically detected platform rocm.
No masking
[0;31mE20250902 01:37:29.009773 140045380462336 output_stream.cpp:105] Opened result file: ./profiles/standalone_attn_prefill_and_decode_tp8_prefill_then_decode8_8192_16_2048nan_kernel_trace.csv
[m[0;31mE20250902 01:37:29.016193 140045380462336 output_stream.cpp:105] Opened result file: ./profiles/standalone_attn_prefill_and_decode_tp8_prefill_then_decode8_8192_16_2048nan_agent_info.csv
[m# ---- Run standalone_attn_prefill_and_decode_tp8_prefill_then_decode8_8192_16_4096nan ----
INFO 09-02 01:37:44 [__init__.py:244] Automatically detected platform rocm.
No masking
[0;31mE20250902 01:38:02.863451 139797448509184 output_stream.cpp:105] Opened result file: ./profiles/standalone_attn_prefill_and_decode_tp8_prefill_then_decode8_8192_16_4096nan_kernel_trace.csv
[m[0;31mE20250902 01:38:02.870837 139797448509184 output_stream.cpp:105] Opened result file: ./profiles/standalone_attn_prefill_and_decode_tp8_prefill_then_decode8_8192_16_4096nan_agent_info.csv
[m# ---- Run standalone_attn_prefill_and_decode_tp8_prefill_then_decode8_8192_16_8192nan ----
INFO 09-02 01:38:18 [__init__.py:244] Automatically detected platform rocm.
No masking
[0;31mE20250902 01:38:36.206213 140079578212096 output_stream.cpp:105] Opened result file: ./profiles/standalone_attn_prefill_and_decode_tp8_prefill_then_decode8_8192_16_8192nan_kernel_trace.csv
[m[0;31mE20250902 01:38:36.213170 140079578212096 output_stream.cpp:105] Opened result file: ./profiles/standalone_attn_prefill_and_decode_tp8_prefill_then_decode8_8192_16_8192nan_agent_info.csv
[m# ---- Run standalone_attn_prefill_and_decode_tp8_prefill_then_decode8_8192_32_256nan ----
INFO 09-02 01:38:51 [__init__.py:244] Automatically detected platform rocm.
No masking
[0;31mE20250902 01:39:09.564955 140676003653376 output_stream.cpp:105] Opened result file: ./profiles/standalone_attn_prefill_and_decode_tp8_prefill_then_decode8_8192_32_256nan_kernel_trace.csv
[m[0;31mE20250902 01:39:09.572122 140676003653376 output_stream.cpp:105] Opened result file: ./profiles/standalone_attn_prefill_and_decode_tp8_prefill_then_decode8_8192_32_256nan_agent_info.csv
[m# ---- Run standalone_attn_prefill_and_decode_tp8_prefill_then_decode8_8192_32_512nan ----
INFO 09-02 01:39:24 [__init__.py:244] Automatically detected platform rocm.
No masking
[0;31mE20250902 01:39:43.443221 140669282420480 output_stream.cpp:105] Opened result file: ./profiles/standalone_attn_prefill_and_decode_tp8_prefill_then_decode8_8192_32_512nan_kernel_trace.csv
[m[0;31mE20250902 01:39:43.450038 140669282420480 output_stream.cpp:105] Opened result file: ./profiles/standalone_attn_prefill_and_decode_tp8_prefill_then_decode8_8192_32_512nan_agent_info.csv
[m# ---- Run standalone_attn_prefill_and_decode_tp8_prefill_then_decode8_8192_32_1024nan ----
INFO 09-02 01:39:58 [__init__.py:244] Automatically detected platform rocm.
No masking
[0;31mE20250902 01:40:17.564202 140625230485248 output_stream.cpp:105] Opened result file: ./profiles/standalone_attn_prefill_and_decode_tp8_prefill_then_decode8_8192_32_1024nan_kernel_trace.csv
[m[0;31mE20250902 01:40:17.571401 140625230485248 output_stream.cpp:105] Opened result file: ./profiles/standalone_attn_prefill_and_decode_tp8_prefill_then_decode8_8192_32_1024nan_agent_info.csv
[m# ---- Run standalone_attn_prefill_and_decode_tp8_prefill_then_decode8_8192_32_2048nan ----
INFO 09-02 01:40:33 [__init__.py:244] Automatically detected platform rocm.
No masking
[0;31mE20250902 01:40:52.367270 140096228431616 output_stream.cpp:105] Opened result file: ./profiles/standalone_attn_prefill_and_decode_tp8_prefill_then_decode8_8192_32_2048nan_kernel_trace.csv
[m[0;31mE20250902 01:40:52.374764 140096228431616 output_stream.cpp:105] Opened result file: ./profiles/standalone_attn_prefill_and_decode_tp8_prefill_then_decode8_8192_32_2048nan_agent_info.csv
[m# ---- Run standalone_attn_prefill_and_decode_tp8_prefill_then_decode8_8192_32_4096nan ----
INFO 09-02 01:41:08 [__init__.py:244] Automatically detected platform rocm.
No masking
[0;31mE20250902 01:41:26.971054 139796167669504 output_stream.cpp:105] Opened result file: ./profiles/standalone_attn_prefill_and_decode_tp8_prefill_then_decode8_8192_32_4096nan_kernel_trace.csv
[m[0;31mE20250902 01:41:26.977753 139796167669504 output_stream.cpp:105] Opened result file: ./profiles/standalone_attn_prefill_and_decode_tp8_prefill_then_decode8_8192_32_4096nan_agent_info.csv
[m# ---- Run standalone_attn_prefill_and_decode_tp8_prefill_then_decode8_8192_32_8192nan ----
INFO 09-02 01:41:43 [__init__.py:244] Automatically detected platform rocm.
No masking
[0;31mE20250902 01:42:01.866698 140156462700288 output_stream.cpp:105] Opened result file: ./profiles/standalone_attn_prefill_and_decode_tp8_prefill_then_decode8_8192_32_8192nan_kernel_trace.csv
[m[0;31mE20250902 01:42:01.873167 140156462700288 output_stream.cpp:105] Opened result file: ./profiles/standalone_attn_prefill_and_decode_tp8_prefill_then_decode8_8192_32_8192nan_agent_info.csv
[m# ---- Run standalone_attn_prefill_and_decode_tp8_prefill_then_decode8_8192_64_256nan ----
INFO 09-02 01:42:17 [__init__.py:244] Automatically detected platform rocm.
No masking
[0;31mE20250902 01:42:36.240170 140036366784256 output_stream.cpp:105] Opened result file: ./profiles/standalone_attn_prefill_and_decode_tp8_prefill_then_decode8_8192_64_256nan_kernel_trace.csv
[m[0;31mE20250902 01:42:36.246946 140036366784256 output_stream.cpp:105] Opened result file: ./profiles/standalone_attn_prefill_and_decode_tp8_prefill_then_decode8_8192_64_256nan_agent_info.csv
[m# ---- Run standalone_attn_prefill_and_decode_tp8_prefill_then_decode8_8192_64_512nan ----
INFO 09-02 01:42:51 [__init__.py:244] Automatically detected platform rocm.
No masking
[0;31mE20250902 01:43:12.188043 140069489469184 output_stream.cpp:105] Opened result file: ./profiles/standalone_attn_prefill_and_decode_tp8_prefill_then_decode8_8192_64_512nan_kernel_trace.csv
[m[0;31mE20250902 01:43:12.194145 140069489469184 output_stream.cpp:105] Opened result file: ./profiles/standalone_attn_prefill_and_decode_tp8_prefill_then_decode8_8192_64_512nan_agent_info.csv
[m# ---- Run standalone_attn_prefill_and_decode_tp8_prefill_then_decode8_8192_64_1024nan ----
INFO 09-02 01:43:28 [__init__.py:244] Automatically detected platform rocm.
No masking
[0;31mE20250902 01:43:47.945789 139660487157504 output_stream.cpp:105] Opened result file: ./profiles/standalone_attn_prefill_and_decode_tp8_prefill_then_decode8_8192_64_1024nan_kernel_trace.csv
[m[0;31mE20250902 01:43:47.951864 139660487157504 output_stream.cpp:105] Opened result file: ./profiles/standalone_attn_prefill_and_decode_tp8_prefill_then_decode8_8192_64_1024nan_agent_info.csv
[m# ---- Run standalone_attn_prefill_and_decode_tp8_prefill_then_decode8_8192_64_2048nan ----
INFO 09-02 01:44:03 [__init__.py:244] Automatically detected platform rocm.
No masking
[0;31mE20250902 01:44:23.006481 139787168040704 output_stream.cpp:105] Opened result file: ./profiles/standalone_attn_prefill_and_decode_tp8_prefill_then_decode8_8192_64_2048nan_kernel_trace.csv
[m[0;31mE20250902 01:44:23.012658 139787168040704 output_stream.cpp:105] Opened result file: ./profiles/standalone_attn_prefill_and_decode_tp8_prefill_then_decode8_8192_64_2048nan_agent_info.csv
[m# ---- Run standalone_attn_prefill_and_decode_tp8_prefill_then_decode8_8192_64_4096nan ----
INFO 09-02 01:44:38 [__init__.py:244] Automatically detected platform rocm.
No masking
[0;31mE20250902 01:44:58.502150 140558798415616 output_stream.cpp:105] Opened result file: ./profiles/standalone_attn_prefill_and_decode_tp8_prefill_then_decode8_8192_64_4096nan_kernel_trace.csv
[m[0;31mE20250902 01:44:58.508220 140558798415616 output_stream.cpp:105] Opened result file: ./profiles/standalone_attn_prefill_and_decode_tp8_prefill_then_decode8_8192_64_4096nan_agent_info.csv
[m# ---- Run standalone_attn_prefill_and_decode_tp8_prefill_then_decode8_8192_64_8192nan ----
INFO 09-02 01:45:14 [__init__.py:244] Automatically detected platform rocm.
No masking
[0;31mE20250902 01:45:33.999814 140022896056064 output_stream.cpp:105] Opened result file: ./profiles/standalone_attn_prefill_and_decode_tp8_prefill_then_decode8_8192_64_8192nan_kernel_trace.csv
[m[0;31mE20250902 01:45:34.006041 140022896056064 output_stream.cpp:105] Opened result file: ./profiles/standalone_attn_prefill_and_decode_tp8_prefill_then_decode8_8192_64_8192nan_agent_info.csv
[m# ---- Run standalone_attn_prefill_and_decode_tp8_prefill_then_decode8_8192_128_256nan ----
INFO 09-02 01:45:50 [__init__.py:244] Automatically detected platform rocm.
No masking
[0;31mE20250902 01:46:09.575917 139833612351232 output_stream.cpp:105] Opened result file: ./profiles/standalone_attn_prefill_and_decode_tp8_prefill_then_decode8_8192_128_256nan_kernel_trace.csv
[m[0;31mE20250902 01:46:09.582097 139833612351232 output_stream.cpp:105] Opened result file: ./profiles/standalone_attn_prefill_and_decode_tp8_prefill_then_decode8_8192_128_256nan_agent_info.csv
[m# ---- Run standalone_attn_prefill_and_decode_tp8_prefill_then_decode8_8192_128_512nan ----
INFO 09-02 01:46:26 [__init__.py:244] Automatically detected platform rocm.
No masking
[0;31mE20250902 01:46:45.744005 140515804481280 output_stream.cpp:105] Opened result file: ./profiles/standalone_attn_prefill_and_decode_tp8_prefill_then_decode8_8192_128_512nan_kernel_trace.csv
[m[0;31mE20250902 01:46:45.751746 140515804481280 output_stream.cpp:105] Opened result file: ./profiles/standalone_attn_prefill_and_decode_tp8_prefill_then_decode8_8192_128_512nan_agent_info.csv
[m# ---- Run standalone_attn_prefill_and_decode_tp8_prefill_then_decode8_8192_128_1024nan ----
INFO 09-02 01:47:01 [__init__.py:244] Automatically detected platform rocm.
No masking
[0;31mE20250902 01:47:20.797903 139929085851392 output_stream.cpp:105] Opened result file: ./profiles/standalone_attn_prefill_and_decode_tp8_prefill_then_decode8_8192_128_1024nan_kernel_trace.csv
[m[0;31mE20250902 01:47:20.804262 139929085851392 output_stream.cpp:105] Opened result file: ./profiles/standalone_attn_prefill_and_decode_tp8_prefill_then_decode8_8192_128_1024nan_agent_info.csv
[m# ---- Run standalone_attn_prefill_and_decode_tp8_prefill_then_decode8_8192_128_2048nan ----
INFO 09-02 01:47:36 [__init__.py:244] Automatically detected platform rocm.
No masking
[0;31mE20250902 01:47:55.730523 139913404737280 output_stream.cpp:105] Opened result file: ./profiles/standalone_attn_prefill_and_decode_tp8_prefill_then_decode8_8192_128_2048nan_kernel_trace.csv
[m[0;31mE20250902 01:47:55.737680 139913404737280 output_stream.cpp:105] Opened result file: ./profiles/standalone_attn_prefill_and_decode_tp8_prefill_then_decode8_8192_128_2048nan_agent_info.csv
[m# ---- Run standalone_attn_prefill_and_decode_tp8_prefill_then_decode8_8192_128_4096nan ----
INFO 09-02 01:48:12 [__init__.py:244] Automatically detected platform rocm.
No masking
[0;31mE20250902 01:48:31.635198 140113138681600 output_stream.cpp:105] Opened result file: ./profiles/standalone_attn_prefill_and_decode_tp8_prefill_then_decode8_8192_128_4096nan_kernel_trace.csv
[m[0;31mE20250902 01:48:31.641659 140113138681600 output_stream.cpp:105] Opened result file: ./profiles/standalone_attn_prefill_and_decode_tp8_prefill_then_decode8_8192_128_4096nan_agent_info.csv
[m# ---- Run standalone_attn_prefill_and_decode_tp8_prefill_then_decode8_8192_128_8192nan ----
INFO 09-02 01:48:48 [__init__.py:244] Automatically detected platform rocm.
No masking
[0;31mE20250902 01:49:07.750515 140082812983040 output_stream.cpp:105] Opened result file: ./profiles/standalone_attn_prefill_and_decode_tp8_prefill_then_decode8_8192_128_8192nan_kernel_trace.csv
[m[0;31mE20250902 01:49:07.757205 140082812983040 output_stream.cpp:105] Opened result file: ./profiles/standalone_attn_prefill_and_decode_tp8_prefill_then_decode8_8192_128_8192nan_agent_info.csv
[m# ---- Run standalone_attn_prefill_and_decode_tp8_prefill_then_decode16_256_1_256nan ----
INFO 09-02 01:49:24 [__init__.py:244] Automatically detected platform rocm.
No masking
[0;31mE20250902 01:49:44.467823 139912208783104 output_stream.cpp:105] Opened result file: ./profiles/standalone_attn_prefill_and_decode_tp8_prefill_then_decode16_256_1_256nan_kernel_trace.csv
[m[0;31mE20250902 01:49:44.473832 139912208783104 output_stream.cpp:105] Opened result file: ./profiles/standalone_attn_prefill_and_decode_tp8_prefill_then_decode16_256_1_256nan_agent_info.csv
[m# ---- Run standalone_attn_prefill_and_decode_tp8_prefill_then_decode16_256_1_512nan ----
INFO 09-02 01:50:00 [__init__.py:244] Automatically detected platform rocm.
No masking
[0;31mE20250902 01:50:20.448299 140375347476224 output_stream.cpp:105] Opened result file: ./profiles/standalone_attn_prefill_and_decode_tp8_prefill_then_decode16_256_1_512nan_kernel_trace.csv
[m[0;31mE20250902 01:50:20.454900 140375347476224 output_stream.cpp:105] Opened result file: ./profiles/standalone_attn_prefill_and_decode_tp8_prefill_then_decode16_256_1_512nan_agent_info.csv
[m# ---- Run standalone_attn_prefill_and_decode_tp8_prefill_then_decode16_256_1_1024nan ----
INFO 09-02 01:50:37 [__init__.py:244] Automatically detected platform rocm.
No masking
[0;31mE20250902 01:50:59.288190 139920062732032 output_stream.cpp:105] Opened result file: ./profiles/standalone_attn_prefill_and_decode_tp8_prefill_then_decode16_256_1_1024nan_kernel_trace.csv
[m[0;31mE20250902 01:50:59.296039 139920062732032 output_stream.cpp:105] Opened result file: ./profiles/standalone_attn_prefill_and_decode_tp8_prefill_then_decode16_256_1_1024nan_agent_info.csv
[m# ---- Run standalone_attn_prefill_and_decode_tp8_prefill_then_decode16_256_1_2048nan ----
INFO 09-02 01:51:16 [__init__.py:244] Automatically detected platform rocm.
No masking
[0;31mE20250902 01:51:38.706142 140380169107200 output_stream.cpp:105] Opened result file: ./profiles/standalone_attn_prefill_and_decode_tp8_prefill_then_decode16_256_1_2048nan_kernel_trace.csv
[m[0;31mE20250902 01:51:38.714237 140380169107200 output_stream.cpp:105] Opened result file: ./profiles/standalone_attn_prefill_and_decode_tp8_prefill_then_decode16_256_1_2048nan_agent_info.csv
[m# ---- Run standalone_attn_prefill_and_decode_tp8_prefill_then_decode16_256_1_4096nan ----
INFO 09-02 01:51:55 [__init__.py:244] Automatically detected platform rocm.
No masking
[0;31mE20250902 01:52:17.663482 139802847123200 output_stream.cpp:105] Opened result file: ./profiles/standalone_attn_prefill_and_decode_tp8_prefill_then_decode16_256_1_4096nan_kernel_trace.csv
[m[0;31mE20250902 01:52:17.670637 139802847123200 output_stream.cpp:105] Opened result file: ./profiles/standalone_attn_prefill_and_decode_tp8_prefill_then_decode16_256_1_4096nan_agent_info.csv
[m# ---- Run standalone_attn_prefill_and_decode_tp8_prefill_then_decode16_256_1_8192nan ----
INFO 09-02 01:52:34 [__init__.py:244] Automatically detected platform rocm.
No masking
[0;31mE20250902 01:52:56.074471 139936169412352 output_stream.cpp:105] Opened result file: ./profiles/standalone_attn_prefill_and_decode_tp8_prefill_then_decode16_256_1_8192nan_kernel_trace.csv
[m[0;31mE20250902 01:52:56.081555 139936169412352 output_stream.cpp:105] Opened result file: ./profiles/standalone_attn_prefill_and_decode_tp8_prefill_then_decode16_256_1_8192nan_agent_info.csv
[m# ---- Run standalone_attn_prefill_and_decode_tp8_prefill_then_decode16_256_2_256nan ----
INFO 09-02 01:53:13 [__init__.py:244] Automatically detected platform rocm.
No masking
[0;31mE20250902 01:53:35.410734 139927555159808 output_stream.cpp:105] Opened result file: ./profiles/standalone_attn_prefill_and_decode_tp8_prefill_then_decode16_256_2_256nan_kernel_trace.csv
[m[0;31mE20250902 01:53:35.417771 139927555159808 output_stream.cpp:105] Opened result file: ./profiles/standalone_attn_prefill_and_decode_tp8_prefill_then_decode16_256_2_256nan_agent_info.csv
[m# ---- Run standalone_attn_prefill_and_decode_tp8_prefill_then_decode16_256_2_512nan ----
INFO 09-02 01:53:52 [__init__.py:244] Automatically detected platform rocm.
No masking
[0;31mE20250902 01:54:14.277311 140040814794496 output_stream.cpp:105] Opened result file: ./profiles/standalone_attn_prefill_and_decode_tp8_prefill_then_decode16_256_2_512nan_kernel_trace.csv
[m[0;31mE20250902 01:54:14.284077 140040814794496 output_stream.cpp:105] Opened result file: ./profiles/standalone_attn_prefill_and_decode_tp8_prefill_then_decode16_256_2_512nan_agent_info.csv
[m# ---- Run standalone_attn_prefill_and_decode_tp8_prefill_then_decode16_256_2_1024nan ----
INFO 09-02 01:54:30 [__init__.py:244] Automatically detected platform rocm.
No masking
[0;31mE20250902 01:54:52.378691 139998743959296 output_stream.cpp:105] Opened result file: ./profiles/standalone_attn_prefill_and_decode_tp8_prefill_then_decode16_256_2_1024nan_kernel_trace.csv
[m[0;31mE20250902 01:54:52.385525 139998743959296 output_stream.cpp:105] Opened result file: ./profiles/standalone_attn_prefill_and_decode_tp8_prefill_then_decode16_256_2_1024nan_agent_info.csv
[m# ---- Run standalone_attn_prefill_and_decode_tp8_prefill_then_decode16_256_2_2048nan ----
INFO 09-02 01:55:09 [__init__.py:244] Automatically detected platform rocm.
No masking
[0;31mE20250902 01:55:31.356665 139714378299136 output_stream.cpp:105] Opened result file: ./profiles/standalone_attn_prefill_and_decode_tp8_prefill_then_decode16_256_2_2048nan_kernel_trace.csv
[m[0;31mE20250902 01:55:31.364557 139714378299136 output_stream.cpp:105] Opened result file: ./profiles/standalone_attn_prefill_and_decode_tp8_prefill_then_decode16_256_2_2048nan_agent_info.csv
[m# ---- Run standalone_attn_prefill_and_decode_tp8_prefill_then_decode16_256_2_4096nan ----
INFO 09-02 01:55:49 [__init__.py:244] Automatically detected platform rocm.
No masking
[0;31mE20250902 01:56:09.845234 139999363659520 output_stream.cpp:105] Opened result file: ./profiles/standalone_attn_prefill_and_decode_tp8_prefill_then_decode16_256_2_4096nan_kernel_trace.csv
[m[0;31mE20250902 01:56:09.852402 139999363659520 output_stream.cpp:105] Opened result file: ./profiles/standalone_attn_prefill_and_decode_tp8_prefill_then_decode16_256_2_4096nan_agent_info.csv
[m# ---- Run standalone_attn_prefill_and_decode_tp8_prefill_then_decode16_256_2_8192nan ----
INFO 09-02 01:56:27 [__init__.py:244] Automatically detected platform rocm.
No masking
[0;31mE20250902 01:56:46.565770 140393071019776 output_stream.cpp:105] Opened result file: ./profiles/standalone_attn_prefill_and_decode_tp8_prefill_then_decode16_256_2_8192nan_kernel_trace.csv
[m[0;31mE20250902 01:56:46.571983 140393071019776 output_stream.cpp:105] Opened result file: ./profiles/standalone_attn_prefill_and_decode_tp8_prefill_then_decode16_256_2_8192nan_agent_info.csv
[m# ---- Run standalone_attn_prefill_and_decode_tp8_prefill_then_decode16_256_4_256nan ----
INFO 09-02 01:57:01 [__init__.py:244] Automatically detected platform rocm.
No masking
[0;31mE20250902 01:57:18.710613 139748943996672 output_stream.cpp:105] Opened result file: ./profiles/standalone_attn_prefill_and_decode_tp8_prefill_then_decode16_256_4_256nan_kernel_trace.csv
[m[0;31mE20250902 01:57:18.716810 139748943996672 output_stream.cpp:105] Opened result file: ./profiles/standalone_attn_prefill_and_decode_tp8_prefill_then_decode16_256_4_256nan_agent_info.csv
[m# ---- Run standalone_attn_prefill_and_decode_tp8_prefill_then_decode16_256_4_512nan ----
INFO 09-02 01:57:32 [__init__.py:244] Automatically detected platform rocm.
No masking
[0;31mE20250902 01:57:50.673518 139999750661888 output_stream.cpp:105] Opened result file: ./profiles/standalone_attn_prefill_and_decode_tp8_prefill_then_decode16_256_4_512nan_kernel_trace.csv
[m[0;31mE20250902 01:57:50.679693 139999750661888 output_stream.cpp:105] Opened result file: ./profiles/standalone_attn_prefill_and_decode_tp8_prefill_then_decode16_256_4_512nan_agent_info.csv
[m# ---- Run standalone_attn_prefill_and_decode_tp8_prefill_then_decode16_256_4_1024nan ----
INFO 09-02 01:58:05 [__init__.py:244] Automatically detected platform rocm.
No masking
[0;31mE20250902 01:58:24.265105 140621129832192 output_stream.cpp:105] Opened result file: ./profiles/standalone_attn_prefill_and_decode_tp8_prefill_then_decode16_256_4_1024nan_kernel_trace.csv
[m[0;31mE20250902 01:58:24.271389 140621129832192 output_stream.cpp:105] Opened result file: ./profiles/standalone_attn_prefill_and_decode_tp8_prefill_then_decode16_256_4_1024nan_agent_info.csv
[m# ---- Run standalone_attn_prefill_and_decode_tp8_prefill_then_decode16_256_4_2048nan ----
INFO 09-02 01:58:39 [__init__.py:244] Automatically detected platform rocm.
No masking
[0;31mE20250902 01:58:56.912768 140101463860992 output_stream.cpp:105] Opened result file: ./profiles/standalone_attn_prefill_and_decode_tp8_prefill_then_decode16_256_4_2048nan_kernel_trace.csv
[m[0;31mE20250902 01:58:56.919114 140101463860992 output_stream.cpp:105] Opened result file: ./profiles/standalone_attn_prefill_and_decode_tp8_prefill_then_decode16_256_4_2048nan_agent_info.csv
[m# ---- Run standalone_attn_prefill_and_decode_tp8_prefill_then_decode16_256_4_4096nan ----
INFO 09-02 01:59:11 [__init__.py:244] Automatically detected platform rocm.
No masking
[0;31mE20250902 01:59:32.582179 140558239131392 output_stream.cpp:105] Opened result file: ./profiles/standalone_attn_prefill_and_decode_tp8_prefill_then_decode16_256_4_4096nan_kernel_trace.csv
[m[0;31mE20250902 01:59:32.589147 140558239131392 output_stream.cpp:105] Opened result file: ./profiles/standalone_attn_prefill_and_decode_tp8_prefill_then_decode16_256_4_4096nan_agent_info.csv
[m# ---- Run standalone_attn_prefill_and_decode_tp8_prefill_then_decode16_256_4_8192nan ----
INFO 09-02 01:59:49 [__init__.py:244] Automatically detected platform rocm.
No masking
[0;31mE20250902 02:00:09.477570 140645862491904 output_stream.cpp:105] Opened result file: ./profiles/standalone_attn_prefill_and_decode_tp8_prefill_then_decode16_256_4_8192nan_kernel_trace.csv
[m[0;31mE20250902 02:00:09.483762 140645862491904 output_stream.cpp:105] Opened result file: ./profiles/standalone_attn_prefill_and_decode_tp8_prefill_then_decode16_256_4_8192nan_agent_info.csv
[m# ---- Run standalone_attn_prefill_and_decode_tp8_prefill_then_decode16_256_8_256nan ----
INFO 09-02 02:00:24 [__init__.py:244] Automatically detected platform rocm.
No masking
[0;31mE20250902 02:00:42.618725 140221334918912 output_stream.cpp:105] Opened result file: ./profiles/standalone_attn_prefill_and_decode_tp8_prefill_then_decode16_256_8_256nan_kernel_trace.csv
[m[0;31mE20250902 02:00:42.625374 140221334918912 output_stream.cpp:105] Opened result file: ./profiles/standalone_attn_prefill_and_decode_tp8_prefill_then_decode16_256_8_256nan_agent_info.csv
[m# ---- Run standalone_attn_prefill_and_decode_tp8_prefill_then_decode16_256_8_512nan ----
INFO 09-02 02:00:57 [__init__.py:244] Automatically detected platform rocm.
No masking
[0;31mE20250902 02:01:15.522983 139728642557696 output_stream.cpp:105] Opened result file: ./profiles/standalone_attn_prefill_and_decode_tp8_prefill_then_decode16_256_8_512nan_kernel_trace.csv
[m[0;31mE20250902 02:01:15.530213 139728642557696 output_stream.cpp:105] Opened result file: ./profiles/standalone_attn_prefill_and_decode_tp8_prefill_then_decode16_256_8_512nan_agent_info.csv
[m# ---- Run standalone_attn_prefill_and_decode_tp8_prefill_then_decode16_256_8_1024nan ----
INFO 09-02 02:01:31 [__init__.py:244] Automatically detected platform rocm.
No masking
[0;31mE20250902 02:01:50.899815 140084276659968 output_stream.cpp:105] Opened result file: ./profiles/standalone_attn_prefill_and_decode_tp8_prefill_then_decode16_256_8_1024nan_kernel_trace.csv
[m[0;31mE20250902 02:01:50.906804 140084276659968 output_stream.cpp:105] Opened result file: ./profiles/standalone_attn_prefill_and_decode_tp8_prefill_then_decode16_256_8_1024nan_agent_info.csv
[m# ---- Run standalone_attn_prefill_and_decode_tp8_prefill_then_decode16_256_8_2048nan ----
INFO 09-02 02:02:05 [__init__.py:244] Automatically detected platform rocm.
No masking
[0;31mE20250902 02:02:23.774825 140262090569472 output_stream.cpp:105] Opened result file: ./profiles/standalone_attn_prefill_and_decode_tp8_prefill_then_decode16_256_8_2048nan_kernel_trace.csv
[m[0;31mE20250902 02:02:23.782302 140262090569472 output_stream.cpp:105] Opened result file: ./profiles/standalone_attn_prefill_and_decode_tp8_prefill_then_decode16_256_8_2048nan_agent_info.csv
[m# ---- Run standalone_attn_prefill_and_decode_tp8_prefill_then_decode16_256_8_4096nan ----
INFO 09-02 02:02:38 [__init__.py:244] Automatically detected platform rocm.
No masking
[0;31mE20250902 02:02:56.092724 140224703358720 output_stream.cpp:105] Opened result file: ./profiles/standalone_attn_prefill_and_decode_tp8_prefill_then_decode16_256_8_4096nan_kernel_trace.csv
[m[0;31mE20250902 02:02:56.099340 140224703358720 output_stream.cpp:105] Opened result file: ./profiles/standalone_attn_prefill_and_decode_tp8_prefill_then_decode16_256_8_4096nan_agent_info.csv
[m# ---- Run standalone_attn_prefill_and_decode_tp8_prefill_then_decode16_256_8_8192nan ----
INFO 09-02 02:03:10 [__init__.py:244] Automatically detected platform rocm.
No masking
[0;31mE20250902 02:03:32.736758 140659307919104 output_stream.cpp:105] Opened result file: ./profiles/standalone_attn_prefill_and_decode_tp8_prefill_then_decode16_256_8_8192nan_kernel_trace.csv
[m[0;31mE20250902 02:03:32.744417 140659307919104 output_stream.cpp:105] Opened result file: ./profiles/standalone_attn_prefill_and_decode_tp8_prefill_then_decode16_256_8_8192nan_agent_info.csv
[m# ---- Run standalone_attn_prefill_and_decode_tp8_prefill_then_decode16_256_16_256nan ----
INFO 09-02 02:03:50 [__init__.py:244] Automatically detected platform rocm.
No masking
[0;31mE20250902 02:04:11.256082 140352307717888 output_stream.cpp:105] Opened result file: ./profiles/standalone_attn_prefill_and_decode_tp8_prefill_then_decode16_256_16_256nan_kernel_trace.csv
[m[0;31mE20250902 02:04:11.263452 140352307717888 output_stream.cpp:105] Opened result file: ./profiles/standalone_attn_prefill_and_decode_tp8_prefill_then_decode16_256_16_256nan_agent_info.csv
[m# ---- Run standalone_attn_prefill_and_decode_tp8_prefill_then_decode16_256_16_512nan ----
INFO 09-02 02:04:28 [__init__.py:244] Automatically detected platform rocm.
No masking
[0;31mE20250902 02:04:49.553835 140186259314432 output_stream.cpp:105] Opened result file: ./profiles/standalone_attn_prefill_and_decode_tp8_prefill_then_decode16_256_16_512nan_kernel_trace.csv
[m[0;31mE20250902 02:04:49.561128 140186259314432 output_stream.cpp:105] Opened result file: ./profiles/standalone_attn_prefill_and_decode_tp8_prefill_then_decode16_256_16_512nan_agent_info.csv
[m# ---- Run standalone_attn_prefill_and_decode_tp8_prefill_then_decode16_256_16_1024nan ----
INFO 09-02 02:05:06 [__init__.py:244] Automatically detected platform rocm.
No masking
[0;31mE20250902 02:05:27.430073 139737718257408 output_stream.cpp:105] Opened result file: ./profiles/standalone_attn_prefill_and_decode_tp8_prefill_then_decode16_256_16_1024nan_kernel_trace.csv
[m[0;31mE20250902 02:05:27.437544 139737718257408 output_stream.cpp:105] Opened result file: ./profiles/standalone_attn_prefill_and_decode_tp8_prefill_then_decode16_256_16_1024nan_agent_info.csv
[m# ---- Run standalone_attn_prefill_and_decode_tp8_prefill_then_decode16_256_16_2048nan ----
INFO 09-02 02:05:44 [__init__.py:244] Automatically detected platform rocm.
No masking
[0;31mE20250902 02:06:04.342660 140234125776640 output_stream.cpp:105] Opened result file: ./profiles/standalone_attn_prefill_and_decode_tp8_prefill_then_decode16_256_16_2048nan_kernel_trace.csv
[m[0;31mE20250902 02:06:04.350418 140234125776640 output_stream.cpp:105] Opened result file: ./profiles/standalone_attn_prefill_and_decode_tp8_prefill_then_decode16_256_16_2048nan_agent_info.csv
[m# ---- Run standalone_attn_prefill_and_decode_tp8_prefill_then_decode16_256_16_4096nan ----
INFO 09-02 02:06:20 [__init__.py:244] Automatically detected platform rocm.
No masking
[0;31mE20250902 02:06:39.951182 140281743066880 output_stream.cpp:105] Opened result file: ./profiles/standalone_attn_prefill_and_decode_tp8_prefill_then_decode16_256_16_4096nan_kernel_trace.csv
[m[0;31mE20250902 02:06:39.957972 140281743066880 output_stream.cpp:105] Opened result file: ./profiles/standalone_attn_prefill_and_decode_tp8_prefill_then_decode16_256_16_4096nan_agent_info.csv
[m# ---- Run standalone_attn_prefill_and_decode_tp8_prefill_then_decode16_256_16_8192nan ----
INFO 09-02 02:06:56 [__init__.py:244] Automatically detected platform rocm.
No masking
[0;31mE20250902 02:07:15.506620 139630832920320 output_stream.cpp:105] Opened result file: ./profiles/standalone_attn_prefill_and_decode_tp8_prefill_then_decode16_256_16_8192nan_kernel_trace.csv
[m[0;31mE20250902 02:07:15.514232 139630832920320 output_stream.cpp:105] Opened result file: ./profiles/standalone_attn_prefill_and_decode_tp8_prefill_then_decode16_256_16_8192nan_agent_info.csv
[m# ---- Run standalone_attn_prefill_and_decode_tp8_prefill_then_decode16_256_32_256nan ----
INFO 09-02 02:07:30 [__init__.py:244] Automatically detected platform rocm.
No masking
[0;31mE20250902 02:07:49.874627 140017488762624 output_stream.cpp:105] Opened result file: ./profiles/standalone_attn_prefill_and_decode_tp8_prefill_then_decode16_256_32_256nan_kernel_trace.csv
[m[0;31mE20250902 02:07:49.881476 140017488762624 output_stream.cpp:105] Opened result file: ./profiles/standalone_attn_prefill_and_decode_tp8_prefill_then_decode16_256_32_256nan_agent_info.csv
[m# ---- Run standalone_attn_prefill_and_decode_tp8_prefill_then_decode16_256_32_512nan ----
INFO 09-02 02:08:05 [__init__.py:244] Automatically detected platform rocm.
No masking
[0;31mE20250902 02:08:24.310641 140429556786944 output_stream.cpp:105] Opened result file: ./profiles/standalone_attn_prefill_and_decode_tp8_prefill_then_decode16_256_32_512nan_kernel_trace.csv
[m[0;31mE20250902 02:08:24.317477 140429556786944 output_stream.cpp:105] Opened result file: ./profiles/standalone_attn_prefill_and_decode_tp8_prefill_then_decode16_256_32_512nan_agent_info.csv
[m# ---- Run standalone_attn_prefill_and_decode_tp8_prefill_then_decode16_256_32_1024nan ----
INFO 09-02 02:08:39 [__init__.py:244] Automatically detected platform rocm.
No masking
[0;31mE20250902 02:08:59.222923 139877078128384 output_stream.cpp:105] Opened result file: ./profiles/standalone_attn_prefill_and_decode_tp8_prefill_then_decode16_256_32_1024nan_kernel_trace.csv
[m[0;31mE20250902 02:08:59.230389 139877078128384 output_stream.cpp:105] Opened result file: ./profiles/standalone_attn_prefill_and_decode_tp8_prefill_then_decode16_256_32_1024nan_agent_info.csv
[m# ---- Run standalone_attn_prefill_and_decode_tp8_prefill_then_decode16_256_32_2048nan ----
INFO 09-02 02:09:16 [__init__.py:244] Automatically detected platform rocm.
No masking
[0;31mE20250902 02:09:34.804814 139823393462016 output_stream.cpp:105] Opened result file: ./profiles/standalone_attn_prefill_and_decode_tp8_prefill_then_decode16_256_32_2048nan_kernel_trace.csv
[m[0;31mE20250902 02:09:34.811745 139823393462016 output_stream.cpp:105] Opened result file: ./profiles/standalone_attn_prefill_and_decode_tp8_prefill_then_decode16_256_32_2048nan_agent_info.csv
[m# ---- Run standalone_attn_prefill_and_decode_tp8_prefill_then_decode16_256_32_4096nan ----
INFO 09-02 02:09:49 [__init__.py:244] Automatically detected platform rocm.
No masking
[0;31mE20250902 02:10:08.169312 140692334462720 output_stream.cpp:105] Opened result file: ./profiles/standalone_attn_prefill_and_decode_tp8_prefill_then_decode16_256_32_4096nan_kernel_trace.csv
[m[0;31mE20250902 02:10:08.175817 140692334462720 output_stream.cpp:105] Opened result file: ./profiles/standalone_attn_prefill_and_decode_tp8_prefill_then_decode16_256_32_4096nan_agent_info.csv
[m# ---- Run standalone_attn_prefill_and_decode_tp8_prefill_then_decode16_256_32_8192nan ----
INFO 09-02 02:10:23 [__init__.py:244] Automatically detected platform rocm.
No masking
[0;31mE20250902 02:10:40.781032 140564091610880 output_stream.cpp:105] Opened result file: ./profiles/standalone_attn_prefill_and_decode_tp8_prefill_then_decode16_256_32_8192nan_kernel_trace.csv
[m[0;31mE20250902 02:10:40.787498 140564091610880 output_stream.cpp:105] Opened result file: ./profiles/standalone_attn_prefill_and_decode_tp8_prefill_then_decode16_256_32_8192nan_agent_info.csv
[m# ---- Run standalone_attn_prefill_and_decode_tp8_prefill_then_decode16_256_64_256nan ----
INFO 09-02 02:10:55 [__init__.py:244] Automatically detected platform rocm.
No masking
[0;31mE20250902 02:11:13.057975 140195319826176 output_stream.cpp:105] Opened result file: ./profiles/standalone_attn_prefill_and_decode_tp8_prefill_then_decode16_256_64_256nan_kernel_trace.csv
[m[0;31mE20250902 02:11:13.064237 140195319826176 output_stream.cpp:105] Opened result file: ./profiles/standalone_attn_prefill_and_decode_tp8_prefill_then_decode16_256_64_256nan_agent_info.csv
[m# ---- Run standalone_attn_prefill_and_decode_tp8_prefill_then_decode16_256_64_512nan ----
INFO 09-02 02:11:27 [__init__.py:244] Automatically detected platform rocm.
No masking
[0;31mE20250902 02:11:46.088486 139785091581696 output_stream.cpp:105] Opened result file: ./profiles/standalone_attn_prefill_and_decode_tp8_prefill_then_decode16_256_64_512nan_kernel_trace.csv
[m[0;31mE20250902 02:11:46.094521 139785091581696 output_stream.cpp:105] Opened result file: ./profiles/standalone_attn_prefill_and_decode_tp8_prefill_then_decode16_256_64_512nan_agent_info.csv
[m# ---- Run standalone_attn_prefill_and_decode_tp8_prefill_then_decode16_256_64_1024nan ----
INFO 09-02 02:12:00 [__init__.py:244] Automatically detected platform rocm.
No masking
[0;31mE20250902 02:12:18.632290 140246666770176 output_stream.cpp:105] Opened result file: ./profiles/standalone_attn_prefill_and_decode_tp8_prefill_then_decode16_256_64_1024nan_kernel_trace.csv
[m[0;31mE20250902 02:12:18.638821 140246666770176 output_stream.cpp:105] Opened result file: ./profiles/standalone_attn_prefill_and_decode_tp8_prefill_then_decode16_256_64_1024nan_agent_info.csv
[m# ---- Run standalone_attn_prefill_and_decode_tp8_prefill_then_decode16_256_64_2048nan ----
INFO 09-02 02:12:33 [__init__.py:244] Automatically detected platform rocm.
No masking
[0;31mE20250902 02:12:51.288265 140454154991360 output_stream.cpp:105] Opened result file: ./profiles/standalone_attn_prefill_and_decode_tp8_prefill_then_decode16_256_64_2048nan_kernel_trace.csv
[m[0;31mE20250902 02:12:51.295270 140454154991360 output_stream.cpp:105] Opened result file: ./profiles/standalone_attn_prefill_and_decode_tp8_prefill_then_decode16_256_64_2048nan_agent_info.csv
[m# ---- Run standalone_attn_prefill_and_decode_tp8_prefill_then_decode16_256_64_4096nan ----
INFO 09-02 02:13:05 [__init__.py:244] Automatically detected platform rocm.
No masking
[0;31mE20250902 02:13:23.559838 140185469961984 output_stream.cpp:105] Opened result file: ./profiles/standalone_attn_prefill_and_decode_tp8_prefill_then_decode16_256_64_4096nan_kernel_trace.csv
[m[0;31mE20250902 02:13:23.566099 140185469961984 output_stream.cpp:105] Opened result file: ./profiles/standalone_attn_prefill_and_decode_tp8_prefill_then_decode16_256_64_4096nan_agent_info.csv
[m# ---- Run standalone_attn_prefill_and_decode_tp8_prefill_then_decode16_256_64_8192nan ----
INFO 09-02 02:13:38 [__init__.py:244] Automatically detected platform rocm.
No masking
[0;31mE20250902 02:13:55.804076 140020630386432 output_stream.cpp:105] Opened result file: ./profiles/standalone_attn_prefill_and_decode_tp8_prefill_then_decode16_256_64_8192nan_kernel_trace.csv
[m[0;31mE20250902 02:13:55.811217 140020630386432 output_stream.cpp:105] Opened result file: ./profiles/standalone_attn_prefill_and_decode_tp8_prefill_then_decode16_256_64_8192nan_agent_info.csv
[m# ---- Run standalone_attn_prefill_and_decode_tp8_prefill_then_decode16_256_128_256nan ----
INFO 09-02 02:14:10 [__init__.py:244] Automatically detected platform rocm.
No masking
[0;31mE20250902 02:14:25.979139 139921017521920 output_stream.cpp:105] Opened result file: ./profiles/standalone_attn_prefill_and_decode_tp8_prefill_then_decode16_256_128_256nan_kernel_trace.csv
[m[0;31mE20250902 02:14:25.985905 139921017521920 output_stream.cpp:105] Opened result file: ./profiles/standalone_attn_prefill_and_decode_tp8_prefill_then_decode16_256_128_256nan_agent_info.csv
[m# ---- Run standalone_attn_prefill_and_decode_tp8_prefill_then_decode16_256_128_512nan ----
INFO 09-02 02:14:40 [__init__.py:244] Automatically detected platform rocm.
No masking
[0;31mE20250902 02:14:55.827698 139766336329472 output_stream.cpp:105] Opened result file: ./profiles/standalone_attn_prefill_and_decode_tp8_prefill_then_decode16_256_128_512nan_kernel_trace.csv
[m[0;31mE20250902 02:14:55.834042 139766336329472 output_stream.cpp:105] Opened result file: ./profiles/standalone_attn_prefill_and_decode_tp8_prefill_then_decode16_256_128_512nan_agent_info.csv
[m# ---- Run standalone_attn_prefill_and_decode_tp8_prefill_then_decode16_256_128_1024nan ----
INFO 09-02 02:15:10 [__init__.py:244] Automatically detected platform rocm.
No masking
[0;31mE20250902 02:15:26.273099 139878544983808 output_stream.cpp:105] Opened result file: ./profiles/standalone_attn_prefill_and_decode_tp8_prefill_then_decode16_256_128_1024nan_kernel_trace.csv
[m[0;31mE20250902 02:15:26.279398 139878544983808 output_stream.cpp:105] Opened result file: ./profiles/standalone_attn_prefill_and_decode_tp8_prefill_then_decode16_256_128_1024nan_agent_info.csv
[m# ---- Run standalone_attn_prefill_and_decode_tp8_prefill_then_decode16_256_128_2048nan ----
INFO 09-02 02:15:41 [__init__.py:244] Automatically detected platform rocm.
No masking
[0;31mE20250902 02:15:56.660678 139881411598080 output_stream.cpp:105] Opened result file: ./profiles/standalone_attn_prefill_and_decode_tp8_prefill_then_decode16_256_128_2048nan_kernel_trace.csv
[m[0;31mE20250902 02:15:56.666970 139881411598080 output_stream.cpp:105] Opened result file: ./profiles/standalone_attn_prefill_and_decode_tp8_prefill_then_decode16_256_128_2048nan_agent_info.csv
[m# ---- Run standalone_attn_prefill_and_decode_tp8_prefill_then_decode16_256_128_4096nan ----
INFO 09-02 02:16:11 [__init__.py:244] Automatically detected platform rocm.
No masking
[0;31mE20250902 02:16:27.156918 139777781221120 output_stream.cpp:105] Opened result file: ./profiles/standalone_attn_prefill_and_decode_tp8_prefill_then_decode16_256_128_4096nan_kernel_trace.csv
[m[0;31mE20250902 02:16:27.163307 139777781221120 output_stream.cpp:105] Opened result file: ./profiles/standalone_attn_prefill_and_decode_tp8_prefill_then_decode16_256_128_4096nan_agent_info.csv
[m# ---- Run standalone_attn_prefill_and_decode_tp8_prefill_then_decode16_256_128_8192nan ----
INFO 09-02 02:16:42 [__init__.py:244] Automatically detected platform rocm.
No masking
[0;31mE20250902 02:16:57.969969 139856688867072 output_stream.cpp:105] Opened result file: ./profiles/standalone_attn_prefill_and_decode_tp8_prefill_then_decode16_256_128_8192nan_kernel_trace.csv
[m[0;31mE20250902 02:16:57.976166 139856688867072 output_stream.cpp:105] Opened result file: ./profiles/standalone_attn_prefill_and_decode_tp8_prefill_then_decode16_256_128_8192nan_agent_info.csv
[m# ---- Run standalone_attn_prefill_and_decode_tp8_prefill_then_decode16_512_1_256nan ----
INFO 09-02 02:17:12 [__init__.py:244] Automatically detected platform rocm.
No masking
[0;31mE20250902 02:17:30.770533 139890253747968 output_stream.cpp:105] Opened result file: ./profiles/standalone_attn_prefill_and_decode_tp8_prefill_then_decode16_512_1_256nan_kernel_trace.csv
[m[0;31mE20250902 02:17:30.776825 139890253747968 output_stream.cpp:105] Opened result file: ./profiles/standalone_attn_prefill_and_decode_tp8_prefill_then_decode16_512_1_256nan_agent_info.csv
[m# ---- Run standalone_attn_prefill_and_decode_tp8_prefill_then_decode16_512_1_512nan ----
INFO 09-02 02:17:46 [__init__.py:244] Automatically detected platform rocm.
No masking
[0;31mE20250902 02:18:04.014703 140376436213504 output_stream.cpp:105] Opened result file: ./profiles/standalone_attn_prefill_and_decode_tp8_prefill_then_decode16_512_1_512nan_kernel_trace.csv
[m[0;31mE20250902 02:18:04.021459 140376436213504 output_stream.cpp:105] Opened result file: ./profiles/standalone_attn_prefill_and_decode_tp8_prefill_then_decode16_512_1_512nan_agent_info.csv
[m# ---- Run standalone_attn_prefill_and_decode_tp8_prefill_then_decode16_512_1_1024nan ----
INFO 09-02 02:18:19 [__init__.py:244] Automatically detected platform rocm.
No masking
[0;31mE20250902 02:18:38.402761 140433122109184 output_stream.cpp:105] Opened result file: ./profiles/standalone_attn_prefill_and_decode_tp8_prefill_then_decode16_512_1_1024nan_kernel_trace.csv
[m[0;31mE20250902 02:18:38.409616 140433122109184 output_stream.cpp:105] Opened result file: ./profiles/standalone_attn_prefill_and_decode_tp8_prefill_then_decode16_512_1_1024nan_agent_info.csv
[m# ---- Run standalone_attn_prefill_and_decode_tp8_prefill_then_decode16_512_1_2048nan ----
INFO 09-02 02:18:53 [__init__.py:244] Automatically detected platform rocm.
No masking
[0;31mE20250902 02:19:13.456134 139994350016256 output_stream.cpp:105] Opened result file: ./profiles/standalone_attn_prefill_and_decode_tp8_prefill_then_decode16_512_1_2048nan_kernel_trace.csv
[m[0;31mE20250902 02:19:13.463225 139994350016256 output_stream.cpp:105] Opened result file: ./profiles/standalone_attn_prefill_and_decode_tp8_prefill_then_decode16_512_1_2048nan_agent_info.csv
[m# ---- Run standalone_attn_prefill_and_decode_tp8_prefill_then_decode16_512_1_4096nan ----
INFO 09-02 02:19:29 [__init__.py:244] Automatically detected platform rocm.
No masking
[0;31mE20250902 02:19:50.427721 140455556298496 output_stream.cpp:105] Opened result file: ./profiles/standalone_attn_prefill_and_decode_tp8_prefill_then_decode16_512_1_4096nan_kernel_trace.csv
[m[0;31mE20250902 02:19:50.434426 140455556298496 output_stream.cpp:105] Opened result file: ./profiles/standalone_attn_prefill_and_decode_tp8_prefill_then_decode16_512_1_4096nan_agent_info.csv
[m# ---- Run standalone_attn_prefill_and_decode_tp8_prefill_then_decode16_512_1_8192nan ----
INFO 09-02 02:20:07 [__init__.py:244] Automatically detected platform rocm.
No masking
[0;31mE20250902 02:20:26.813063 139838306375424 output_stream.cpp:105] Opened result file: ./profiles/standalone_attn_prefill_and_decode_tp8_prefill_then_decode16_512_1_8192nan_kernel_trace.csv
[m[0;31mE20250902 02:20:26.820635 139838306375424 output_stream.cpp:105] Opened result file: ./profiles/standalone_attn_prefill_and_decode_tp8_prefill_then_decode16_512_1_8192nan_agent_info.csv
[m# ---- Run standalone_attn_prefill_and_decode_tp8_prefill_then_decode16_512_2_256nan ----
INFO 09-02 02:20:42 [__init__.py:244] Automatically detected platform rocm.
No masking
[0;31mE20250902 02:21:01.152713 140571137939200 output_stream.cpp:105] Opened result file: ./profiles/standalone_attn_prefill_and_decode_tp8_prefill_then_decode16_512_2_256nan_kernel_trace.csv
[m[0;31mE20250902 02:21:01.159261 140571137939200 output_stream.cpp:105] Opened result file: ./profiles/standalone_attn_prefill_and_decode_tp8_prefill_then_decode16_512_2_256nan_agent_info.csv
[m# ---- Run standalone_attn_prefill_and_decode_tp8_prefill_then_decode16_512_2_512nan ----
INFO 09-02 02:21:16 [__init__.py:244] Automatically detected platform rocm.
No masking
[0;31mE20250902 02:21:34.440863 139765392549632 output_stream.cpp:105] Opened result file: ./profiles/standalone_attn_prefill_and_decode_tp8_prefill_then_decode16_512_2_512nan_kernel_trace.csv
[m[0;31mE20250902 02:21:34.447011 139765392549632 output_stream.cpp:105] Opened result file: ./profiles/standalone_attn_prefill_and_decode_tp8_prefill_then_decode16_512_2_512nan_agent_info.csv
[m# ---- Run standalone_attn_prefill_and_decode_tp8_prefill_then_decode16_512_2_1024nan ----
INFO 09-02 02:21:49 [__init__.py:244] Automatically detected platform rocm.
No masking
[0;31mE20250902 02:22:07.648051 140403538028288 output_stream.cpp:105] Opened result file: ./profiles/standalone_attn_prefill_and_decode_tp8_prefill_then_decode16_512_2_1024nan_kernel_trace.csv
[m[0;31mE20250902 02:22:07.654213 140403538028288 output_stream.cpp:105] Opened result file: ./profiles/standalone_attn_prefill_and_decode_tp8_prefill_then_decode16_512_2_1024nan_agent_info.csv
[m# ---- Run standalone_attn_prefill_and_decode_tp8_prefill_then_decode16_512_2_2048nan ----
INFO 09-02 02:22:22 [__init__.py:244] Automatically detected platform rocm.
No masking
[0;31mE20250902 02:22:40.168134 140636053694208 output_stream.cpp:105] Opened result file: ./profiles/standalone_attn_prefill_and_decode_tp8_prefill_then_decode16_512_2_2048nan_kernel_trace.csv
[m[0;31mE20250902 02:22:40.174103 140636053694208 output_stream.cpp:105] Opened result file: ./profiles/standalone_attn_prefill_and_decode_tp8_prefill_then_decode16_512_2_2048nan_agent_info.csv
[m# ---- Run standalone_attn_prefill_and_decode_tp8_prefill_then_decode16_512_2_4096nan ----
INFO 09-02 02:22:54 [__init__.py:244] Automatically detected platform rocm.
No masking
[0;31mE20250902 02:23:12.209987 140226382653184 output_stream.cpp:105] Opened result file: ./profiles/standalone_attn_prefill_and_decode_tp8_prefill_then_decode16_512_2_4096nan_kernel_trace.csv
[m[0;31mE20250902 02:23:12.216399 140226382653184 output_stream.cpp:105] Opened result file: ./profiles/standalone_attn_prefill_and_decode_tp8_prefill_then_decode16_512_2_4096nan_agent_info.csv
[m# ---- Run standalone_attn_prefill_and_decode_tp8_prefill_then_decode16_512_2_8192nan ----
INFO 09-02 02:23:26 [__init__.py:244] Automatically detected platform rocm.
No masking
[0;31mE20250902 02:23:47.770750 139744356062976 output_stream.cpp:105] Opened result file: ./profiles/standalone_attn_prefill_and_decode_tp8_prefill_then_decode16_512_2_8192nan_kernel_trace.csv
[m[0;31mE20250902 02:23:47.777178 139744356062976 output_stream.cpp:105] Opened result file: ./profiles/standalone_attn_prefill_and_decode_tp8_prefill_then_decode16_512_2_8192nan_agent_info.csv
[m# ---- Run standalone_attn_prefill_and_decode_tp8_prefill_then_decode16_512_4_256nan ----
INFO 09-02 02:24:04 [__init__.py:244] Automatically detected platform rocm.
No masking
[0;31mE20250902 02:24:23.731992 139878556931840 output_stream.cpp:105] Opened result file: ./profiles/standalone_attn_prefill_and_decode_tp8_prefill_then_decode16_512_4_256nan_kernel_trace.csv
[m[0;31mE20250902 02:24:23.738481 139878556931840 output_stream.cpp:105] Opened result file: ./profiles/standalone_attn_prefill_and_decode_tp8_prefill_then_decode16_512_4_256nan_agent_info.csv
[m# ---- Run standalone_attn_prefill_and_decode_tp8_prefill_then_decode16_512_4_512nan ----
INFO 09-02 02:24:38 [__init__.py:244] Automatically detected platform rocm.
No masking
[0;31mE20250902 02:24:56.134222 140143700637440 output_stream.cpp:105] Opened result file: ./profiles/standalone_attn_prefill_and_decode_tp8_prefill_then_decode16_512_4_512nan_kernel_trace.csv
[m[0;31mE20250902 02:24:56.140929 140143700637440 output_stream.cpp:105] Opened result file: ./profiles/standalone_attn_prefill_and_decode_tp8_prefill_then_decode16_512_4_512nan_agent_info.csv
[m# ---- Run standalone_attn_prefill_and_decode_tp8_prefill_then_decode16_512_4_1024nan ----
INFO 09-02 02:25:10 [__init__.py:244] Automatically detected platform rocm.
No masking
[0;31mE20250902 02:25:29.113802 139650654631680 output_stream.cpp:105] Opened result file: ./profiles/standalone_attn_prefill_and_decode_tp8_prefill_then_decode16_512_4_1024nan_kernel_trace.csv
[m[0;31mE20250902 02:25:29.120027 139650654631680 output_stream.cpp:105] Opened result file: ./profiles/standalone_attn_prefill_and_decode_tp8_prefill_then_decode16_512_4_1024nan_agent_info.csv
[m# ---- Run standalone_attn_prefill_and_decode_tp8_prefill_then_decode16_512_4_2048nan ----
INFO 09-02 02:25:44 [__init__.py:244] Automatically detected platform rocm.
No masking
[0;31mE20250902 02:26:02.893405 140053354137344 output_stream.cpp:105] Opened result file: ./profiles/standalone_attn_prefill_and_decode_tp8_prefill_then_decode16_512_4_2048nan_kernel_trace.csv
[m[0;31mE20250902 02:26:02.899870 140053354137344 output_stream.cpp:105] Opened result file: ./profiles/standalone_attn_prefill_and_decode_tp8_prefill_then_decode16_512_4_2048nan_agent_info.csv
[m# ---- Run standalone_attn_prefill_and_decode_tp8_prefill_then_decode16_512_4_4096nan ----
INFO 09-02 02:26:18 [__init__.py:244] Automatically detected platform rocm.
No masking
[0;31mE20250902 02:26:37.132290 139914100807424 output_stream.cpp:105] Opened result file: ./profiles/standalone_attn_prefill_and_decode_tp8_prefill_then_decode16_512_4_4096nan_kernel_trace.csv
[m[0;31mE20250902 02:26:37.138884 139914100807424 output_stream.cpp:105] Opened result file: ./profiles/standalone_attn_prefill_and_decode_tp8_prefill_then_decode16_512_4_4096nan_agent_info.csv
[m# ---- Run standalone_attn_prefill_and_decode_tp8_prefill_then_decode16_512_4_8192nan ----
INFO 09-02 02:26:52 [__init__.py:244] Automatically detected platform rocm.
No masking
[0;31mE20250902 02:27:14.144610 139942436587264 output_stream.cpp:105] Opened result file: ./profiles/standalone_attn_prefill_and_decode_tp8_prefill_then_decode16_512_4_8192nan_kernel_trace.csv
[m[0;31mE20250902 02:27:14.151287 139942436587264 output_stream.cpp:105] Opened result file: ./profiles/standalone_attn_prefill_and_decode_tp8_prefill_then_decode16_512_4_8192nan_agent_info.csv
[m# ---- Run standalone_attn_prefill_and_decode_tp8_prefill_then_decode16_512_8_256nan ----
INFO 09-02 02:27:30 [__init__.py:244] Automatically detected platform rocm.
No masking
[0;31mE20250902 02:27:50.632953 140165124261632 output_stream.cpp:105] Opened result file: ./profiles/standalone_attn_prefill_and_decode_tp8_prefill_then_decode16_512_8_256nan_kernel_trace.csv
[m[0;31mE20250902 02:27:50.640110 140165124261632 output_stream.cpp:105] Opened result file: ./profiles/standalone_attn_prefill_and_decode_tp8_prefill_then_decode16_512_8_256nan_agent_info.csv
[m# ---- Run standalone_attn_prefill_and_decode_tp8_prefill_then_decode16_512_8_512nan ----
INFO 09-02 02:28:06 [__init__.py:244] Automatically detected platform rocm.
No masking
[0;31mE20250902 02:28:26.556884 140316597307136 output_stream.cpp:105] Opened result file: ./profiles/standalone_attn_prefill_and_decode_tp8_prefill_then_decode16_512_8_512nan_kernel_trace.csv
[m[0;31mE20250902 02:28:26.563954 140316597307136 output_stream.cpp:105] Opened result file: ./profiles/standalone_attn_prefill_and_decode_tp8_prefill_then_decode16_512_8_512nan_agent_info.csv
[m# ---- Run standalone_attn_prefill_and_decode_tp8_prefill_then_decode16_512_8_1024nan ----
INFO 09-02 02:28:43 [__init__.py:244] Automatically detected platform rocm.
No masking
[0;31mE20250902 02:29:02.274470 139751426557696 output_stream.cpp:105] Opened result file: ./profiles/standalone_attn_prefill_and_decode_tp8_prefill_then_decode16_512_8_1024nan_kernel_trace.csv
[m[0;31mE20250902 02:29:02.281793 139751426557696 output_stream.cpp:105] Opened result file: ./profiles/standalone_attn_prefill_and_decode_tp8_prefill_then_decode16_512_8_1024nan_agent_info.csv
[m# ---- Run standalone_attn_prefill_and_decode_tp8_prefill_then_decode16_512_8_2048nan ----
INFO 09-02 02:29:17 [__init__.py:244] Automatically detected platform rocm.
No masking
[0;31mE20250902 02:29:35.945274 140085378569984 output_stream.cpp:105] Opened result file: ./profiles/standalone_attn_prefill_and_decode_tp8_prefill_then_decode16_512_8_2048nan_kernel_trace.csv
[m[0;31mE20250902 02:29:35.951965 140085378569984 output_stream.cpp:105] Opened result file: ./profiles/standalone_attn_prefill_and_decode_tp8_prefill_then_decode16_512_8_2048nan_agent_info.csv
[m# ---- Run standalone_attn_prefill_and_decode_tp8_prefill_then_decode16_512_8_4096nan ----
INFO 09-02 02:29:50 [__init__.py:244] Automatically detected platform rocm.
No masking
[0;31mE20250902 02:30:09.457116 140524273178368 output_stream.cpp:105] Opened result file: ./profiles/standalone_attn_prefill_and_decode_tp8_prefill_then_decode16_512_8_4096nan_kernel_trace.csv
[m[0;31mE20250902 02:30:09.464603 140524273178368 output_stream.cpp:105] Opened result file: ./profiles/standalone_attn_prefill_and_decode_tp8_prefill_then_decode16_512_8_4096nan_agent_info.csv
[m# ---- Run standalone_attn_prefill_and_decode_tp8_prefill_then_decode16_512_8_8192nan ----
INFO 09-02 02:30:24 [__init__.py:244] Automatically detected platform rocm.
No masking
[0;31mE20250902 02:30:43.764165 140310100182784 output_stream.cpp:105] Opened result file: ./profiles/standalone_attn_prefill_and_decode_tp8_prefill_then_decode16_512_8_8192nan_kernel_trace.csv
[m[0;31mE20250902 02:30:43.772098 140310100182784 output_stream.cpp:105] Opened result file: ./profiles/standalone_attn_prefill_and_decode_tp8_prefill_then_decode16_512_8_8192nan_agent_info.csv
[m# ---- Run standalone_attn_prefill_and_decode_tp8_prefill_then_decode16_512_16_256nan ----
INFO 09-02 02:30:59 [__init__.py:244] Automatically detected platform rocm.
No masking
[0;31mE20250902 02:31:18.137216 140574293108480 output_stream.cpp:105] Opened result file: ./profiles/standalone_attn_prefill_and_decode_tp8_prefill_then_decode16_512_16_256nan_kernel_trace.csv
[m[0;31mE20250902 02:31:18.145034 140574293108480 output_stream.cpp:105] Opened result file: ./profiles/standalone_attn_prefill_and_decode_tp8_prefill_then_decode16_512_16_256nan_agent_info.csv
[m# ---- Run standalone_attn_prefill_and_decode_tp8_prefill_then_decode16_512_16_512nan ----
INFO 09-02 02:31:34 [__init__.py:244] Automatically detected platform rocm.
No masking
[0;31mE20250902 02:31:52.883540 139827709581056 output_stream.cpp:105] Opened result file: ./profiles/standalone_attn_prefill_and_decode_tp8_prefill_then_decode16_512_16_512nan_kernel_trace.csv
[m[0;31mE20250902 02:31:52.890768 139827709581056 output_stream.cpp:105] Opened result file: ./profiles/standalone_attn_prefill_and_decode_tp8_prefill_then_decode16_512_16_512nan_agent_info.csv
[m# ---- Run standalone_attn_prefill_and_decode_tp8_prefill_then_decode16_512_16_1024nan ----
INFO 09-02 02:32:08 [__init__.py:244] Automatically detected platform rocm.
No masking
[0;31mE20250902 02:32:26.650868 140043313944320 output_stream.cpp:105] Opened result file: ./profiles/standalone_attn_prefill_and_decode_tp8_prefill_then_decode16_512_16_1024nan_kernel_trace.csv
[m[0;31mE20250902 02:32:26.658780 140043313944320 output_stream.cpp:105] Opened result file: ./profiles/standalone_attn_prefill_and_decode_tp8_prefill_then_decode16_512_16_1024nan_agent_info.csv
[m# ---- Run standalone_attn_prefill_and_decode_tp8_prefill_then_decode16_512_16_2048nan ----
INFO 09-02 02:32:42 [__init__.py:244] Automatically detected platform rocm.
No masking
[0;31mE20250902 02:33:01.547279 140034647115520 output_stream.cpp:105] Opened result file: ./profiles/standalone_attn_prefill_and_decode_tp8_prefill_then_decode16_512_16_2048nan_kernel_trace.csv
[m[0;31mE20250902 02:33:01.554535 140034647115520 output_stream.cpp:105] Opened result file: ./profiles/standalone_attn_prefill_and_decode_tp8_prefill_then_decode16_512_16_2048nan_agent_info.csv
[m# ---- Run standalone_attn_prefill_and_decode_tp8_prefill_then_decode16_512_16_4096nan ----
INFO 09-02 02:33:16 [__init__.py:244] Automatically detected platform rocm.
No masking
[0;31mE20250902 02:33:37.039258 140211390523136 output_stream.cpp:105] Opened result file: ./profiles/standalone_attn_prefill_and_decode_tp8_prefill_then_decode16_512_16_4096nan_kernel_trace.csv
[m[0;31mE20250902 02:33:37.046853 140211390523136 output_stream.cpp:105] Opened result file: ./profiles/standalone_attn_prefill_and_decode_tp8_prefill_then_decode16_512_16_4096nan_agent_info.csv
[m# ---- Run standalone_attn_prefill_and_decode_tp8_prefill_then_decode16_512_16_8192nan ----
INFO 09-02 02:33:53 [__init__.py:244] Automatically detected platform rocm.
No masking
[0;31mE20250902 02:34:14.088534 140602224674560 output_stream.cpp:105] Opened result file: ./profiles/standalone_attn_prefill_and_decode_tp8_prefill_then_decode16_512_16_8192nan_kernel_trace.csv
[m[0;31mE20250902 02:34:14.096266 140602224674560 output_stream.cpp:105] Opened result file: ./profiles/standalone_attn_prefill_and_decode_tp8_prefill_then_decode16_512_16_8192nan_agent_info.csv
[m# ---- Run standalone_attn_prefill_and_decode_tp8_prefill_then_decode16_512_32_256nan ----
INFO 09-02 02:34:29 [__init__.py:244] Automatically detected platform rocm.
No masking
[0;31mE20250902 02:34:48.871997 140066329798400 output_stream.cpp:105] Opened result file: ./profiles/standalone_attn_prefill_and_decode_tp8_prefill_then_decode16_512_32_256nan_kernel_trace.csv
[m[0;31mE20250902 02:34:48.880056 140066329798400 output_stream.cpp:105] Opened result file: ./profiles/standalone_attn_prefill_and_decode_tp8_prefill_then_decode16_512_32_256nan_agent_info.csv
[m# ---- Run standalone_attn_prefill_and_decode_tp8_prefill_then_decode16_512_32_512nan ----
INFO 09-02 02:35:04 [__init__.py:244] Automatically detected platform rocm.
No masking
[0;31mE20250902 02:35:23.665841 140232689510144 output_stream.cpp:105] Opened result file: ./profiles/standalone_attn_prefill_and_decode_tp8_prefill_then_decode16_512_32_512nan_kernel_trace.csv
[m[0;31mE20250902 02:35:23.673116 140232689510144 output_stream.cpp:105] Opened result file: ./profiles/standalone_attn_prefill_and_decode_tp8_prefill_then_decode16_512_32_512nan_agent_info.csv
[m# ---- Run standalone_attn_prefill_and_decode_tp8_prefill_then_decode16_512_32_1024nan ----
INFO 09-02 02:35:40 [__init__.py:244] Automatically detected platform rocm.
No masking
[0;31mE20250902 02:36:01.411756 139766810093312 output_stream.cpp:105] Opened result file: ./profiles/standalone_attn_prefill_and_decode_tp8_prefill_then_decode16_512_32_1024nan_kernel_trace.csv
[m[0;31mE20250902 02:36:01.418099 139766810093312 output_stream.cpp:105] Opened result file: ./profiles/standalone_attn_prefill_and_decode_tp8_prefill_then_decode16_512_32_1024nan_agent_info.csv
[m# ---- Run standalone_attn_prefill_and_decode_tp8_prefill_then_decode16_512_32_2048nan ----
INFO 09-02 02:36:17 [__init__.py:244] Automatically detected platform rocm.
No masking
[0;31mE20250902 02:36:37.427844 139863176886016 output_stream.cpp:105] Opened result file: ./profiles/standalone_attn_prefill_and_decode_tp8_prefill_then_decode16_512_32_2048nan_kernel_trace.csv
[m[0;31mE20250902 02:36:37.434419 139863176886016 output_stream.cpp:105] Opened result file: ./profiles/standalone_attn_prefill_and_decode_tp8_prefill_then_decode16_512_32_2048nan_agent_info.csv
[m# ---- Run standalone_attn_prefill_and_decode_tp8_prefill_then_decode16_512_32_4096nan ----
INFO 09-02 02:36:53 [__init__.py:244] Automatically detected platform rocm.
No masking
[0;31mE20250902 02:37:12.228631 140670017808128 output_stream.cpp:105] Opened result file: ./profiles/standalone_attn_prefill_and_decode_tp8_prefill_then_decode16_512_32_4096nan_kernel_trace.csv
[m[0;31mE20250902 02:37:12.236015 140670017808128 output_stream.cpp:105] Opened result file: ./profiles/standalone_attn_prefill_and_decode_tp8_prefill_then_decode16_512_32_4096nan_agent_info.csv
[m# ---- Run standalone_attn_prefill_and_decode_tp8_prefill_then_decode16_512_32_8192nan ----
INFO 09-02 02:37:27 [__init__.py:244] Automatically detected platform rocm.
No masking
[0;31mE20250902 02:37:48.266599 140331487311616 output_stream.cpp:105] Opened result file: ./profiles/standalone_attn_prefill_and_decode_tp8_prefill_then_decode16_512_32_8192nan_kernel_trace.csv
[m[0;31mE20250902 02:37:48.274131 140331487311616 output_stream.cpp:105] Opened result file: ./profiles/standalone_attn_prefill_and_decode_tp8_prefill_then_decode16_512_32_8192nan_agent_info.csv
[m# ---- Run standalone_attn_prefill_and_decode_tp8_prefill_then_decode16_512_64_256nan ----
INFO 09-02 02:38:04 [__init__.py:244] Automatically detected platform rocm.
No masking
[0;31mE20250902 02:38:25.352285 140617991579392 output_stream.cpp:105] Opened result file: ./profiles/standalone_attn_prefill_and_decode_tp8_prefill_then_decode16_512_64_256nan_kernel_trace.csv
[m[0;31mE20250902 02:38:25.358755 140617991579392 output_stream.cpp:105] Opened result file: ./profiles/standalone_attn_prefill_and_decode_tp8_prefill_then_decode16_512_64_256nan_agent_info.csv
[m# ---- Run standalone_attn_prefill_and_decode_tp8_prefill_then_decode16_512_64_512nan ----
INFO 09-02 02:38:42 [__init__.py:244] Automatically detected platform rocm.
No masking
[0;31mE20250902 02:39:03.584044 140100031256320 output_stream.cpp:105] Opened result file: ./profiles/standalone_attn_prefill_and_decode_tp8_prefill_then_decode16_512_64_512nan_kernel_trace.csv
[m[0;31mE20250902 02:39:03.590565 140100031256320 output_stream.cpp:105] Opened result file: ./profiles/standalone_attn_prefill_and_decode_tp8_prefill_then_decode16_512_64_512nan_agent_info.csv
[m# ---- Run standalone_attn_prefill_and_decode_tp8_prefill_then_decode16_512_64_1024nan ----
INFO 09-02 02:39:20 [__init__.py:244] Automatically detected platform rocm.
No masking
[0;31mE20250902 02:39:39.419571 140239333369600 output_stream.cpp:105] Opened result file: ./profiles/standalone_attn_prefill_and_decode_tp8_prefill_then_decode16_512_64_1024nan_kernel_trace.csv
[m[0;31mE20250902 02:39:39.426291 140239333369600 output_stream.cpp:105] Opened result file: ./profiles/standalone_attn_prefill_and_decode_tp8_prefill_then_decode16_512_64_1024nan_agent_info.csv
[m# ---- Run standalone_attn_prefill_and_decode_tp8_prefill_then_decode16_512_64_2048nan ----
INFO 09-02 02:39:55 [__init__.py:244] Automatically detected platform rocm.
No masking
[0;31mE20250902 02:40:16.463884 140215452198656 output_stream.cpp:105] Opened result file: ./profiles/standalone_attn_prefill_and_decode_tp8_prefill_then_decode16_512_64_2048nan_kernel_trace.csv
[m[0;31mE20250902 02:40:16.470639 140215452198656 output_stream.cpp:105] Opened result file: ./profiles/standalone_attn_prefill_and_decode_tp8_prefill_then_decode16_512_64_2048nan_agent_info.csv
[m# ---- Run standalone_attn_prefill_and_decode_tp8_prefill_then_decode16_512_64_4096nan ----
INFO 09-02 02:40:33 [__init__.py:244] Automatically detected platform rocm.
No masking
[0;31mE20250902 02:40:54.623606 140545900713728 output_stream.cpp:105] Opened result file: ./profiles/standalone_attn_prefill_and_decode_tp8_prefill_then_decode16_512_64_4096nan_kernel_trace.csv
[m[0;31mE20250902 02:40:54.630154 140545900713728 output_stream.cpp:105] Opened result file: ./profiles/standalone_attn_prefill_and_decode_tp8_prefill_then_decode16_512_64_4096nan_agent_info.csv
[m# ---- Run standalone_attn_prefill_and_decode_tp8_prefill_then_decode16_512_64_8192nan ----
INFO 09-02 02:41:10 [__init__.py:244] Automatically detected platform rocm.
No masking
[0;31mE20250902 02:41:29.680672 139868874430208 output_stream.cpp:105] Opened result file: ./profiles/standalone_attn_prefill_and_decode_tp8_prefill_then_decode16_512_64_8192nan_kernel_trace.csv
[m[0;31mE20250902 02:41:29.686858 139868874430208 output_stream.cpp:105] Opened result file: ./profiles/standalone_attn_prefill_and_decode_tp8_prefill_then_decode16_512_64_8192nan_agent_info.csv
[m# ---- Run standalone_attn_prefill_and_decode_tp8_prefill_then_decode16_512_128_256nan ----
INFO 09-02 02:41:45 [__init__.py:244] Automatically detected platform rocm.
No masking
[0;31mE20250902 02:42:01.175185 140650278606592 output_stream.cpp:105] Opened result file: ./profiles/standalone_attn_prefill_and_decode_tp8_prefill_then_decode16_512_128_256nan_kernel_trace.csv
[m[0;31mE20250902 02:42:01.181250 140650278606592 output_stream.cpp:105] Opened result file: ./profiles/standalone_attn_prefill_and_decode_tp8_prefill_then_decode16_512_128_256nan_agent_info.csv
[m# ---- Run standalone_attn_prefill_and_decode_tp8_prefill_then_decode16_512_128_512nan ----
INFO 09-02 02:42:15 [__init__.py:244] Automatically detected platform rocm.
No masking
[0;31mE20250902 02:42:31.930971 140568449095424 output_stream.cpp:105] Opened result file: ./profiles/standalone_attn_prefill_and_decode_tp8_prefill_then_decode16_512_128_512nan_kernel_trace.csv
[m[0;31mE20250902 02:42:31.936942 140568449095424 output_stream.cpp:105] Opened result file: ./profiles/standalone_attn_prefill_and_decode_tp8_prefill_then_decode16_512_128_512nan_agent_info.csv
[m# ---- Run standalone_attn_prefill_and_decode_tp8_prefill_then_decode16_512_128_1024nan ----
INFO 09-02 02:42:46 [__init__.py:244] Automatically detected platform rocm.
No masking
[0;31mE20250902 02:43:02.827193 139742026069760 output_stream.cpp:105] Opened result file: ./profiles/standalone_attn_prefill_and_decode_tp8_prefill_then_decode16_512_128_1024nan_kernel_trace.csv
[m[0;31mE20250902 02:43:02.833105 139742026069760 output_stream.cpp:105] Opened result file: ./profiles/standalone_attn_prefill_and_decode_tp8_prefill_then_decode16_512_128_1024nan_agent_info.csv
[m# ---- Run standalone_attn_prefill_and_decode_tp8_prefill_then_decode16_512_128_2048nan ----
INFO 09-02 02:43:17 [__init__.py:244] Automatically detected platform rocm.
No masking
[0;31mE20250902 02:43:34.626994 140258223445760 output_stream.cpp:105] Opened result file: ./profiles/standalone_attn_prefill_and_decode_tp8_prefill_then_decode16_512_128_2048nan_kernel_trace.csv
[m[0;31mE20250902 02:43:34.632903 140258223445760 output_stream.cpp:105] Opened result file: ./profiles/standalone_attn_prefill_and_decode_tp8_prefill_then_decode16_512_128_2048nan_agent_info.csv
[m# ---- Run standalone_attn_prefill_and_decode_tp8_prefill_then_decode16_512_128_4096nan ----
INFO 09-02 02:43:49 [__init__.py:244] Automatically detected platform rocm.
No masking
[0;31mE20250902 02:44:05.383685 140427240777472 output_stream.cpp:105] Opened result file: ./profiles/standalone_attn_prefill_and_decode_tp8_prefill_then_decode16_512_128_4096nan_kernel_trace.csv
[m[0;31mE20250902 02:44:05.389806 140427240777472 output_stream.cpp:105] Opened result file: ./profiles/standalone_attn_prefill_and_decode_tp8_prefill_then_decode16_512_128_4096nan_agent_info.csv
[m# ---- Run standalone_attn_prefill_and_decode_tp8_prefill_then_decode16_512_128_8192nan ----
INFO 09-02 02:44:20 [__init__.py:244] Automatically detected platform rocm.
No masking
[0;31mE20250902 02:44:36.643709 140323317896960 output_stream.cpp:105] Opened result file: ./profiles/standalone_attn_prefill_and_decode_tp8_prefill_then_decode16_512_128_8192nan_kernel_trace.csv
[m[0;31mE20250902 02:44:36.650193 140323317896960 output_stream.cpp:105] Opened result file: ./profiles/standalone_attn_prefill_and_decode_tp8_prefill_then_decode16_512_128_8192nan_agent_info.csv
[m# ---- Run standalone_attn_prefill_and_decode_tp8_prefill_then_decode16_1024_1_256nan ----
INFO 09-02 02:44:51 [__init__.py:244] Automatically detected platform rocm.
No masking
[0;31mE20250902 02:45:08.982475 140340948838144 output_stream.cpp:105] Opened result file: ./profiles/standalone_attn_prefill_and_decode_tp8_prefill_then_decode16_1024_1_256nan_kernel_trace.csv
[m[0;31mE20250902 02:45:08.988935 140340948838144 output_stream.cpp:105] Opened result file: ./profiles/standalone_attn_prefill_and_decode_tp8_prefill_then_decode16_1024_1_256nan_agent_info.csv
[m# ---- Run standalone_attn_prefill_and_decode_tp8_prefill_then_decode16_1024_1_512nan ----
INFO 09-02 02:45:23 [__init__.py:244] Automatically detected platform rocm.
No masking
[0;31mE20250902 02:45:41.536636 140399117444864 output_stream.cpp:105] Opened result file: ./profiles/standalone_attn_prefill_and_decode_tp8_prefill_then_decode16_1024_1_512nan_kernel_trace.csv
[m[0;31mE20250902 02:45:41.543480 140399117444864 output_stream.cpp:105] Opened result file: ./profiles/standalone_attn_prefill_and_decode_tp8_prefill_then_decode16_1024_1_512nan_agent_info.csv
[m# ---- Run standalone_attn_prefill_and_decode_tp8_prefill_then_decode16_1024_1_1024nan ----
INFO 09-02 02:45:56 [__init__.py:244] Automatically detected platform rocm.
No masking
[0;31mE20250902 02:46:13.853341 140084729353984 output_stream.cpp:105] Opened result file: ./profiles/standalone_attn_prefill_and_decode_tp8_prefill_then_decode16_1024_1_1024nan_kernel_trace.csv
[m[0;31mE20250902 02:46:13.860515 140084729353984 output_stream.cpp:105] Opened result file: ./profiles/standalone_attn_prefill_and_decode_tp8_prefill_then_decode16_1024_1_1024nan_agent_info.csv
[m# ---- Run standalone_attn_prefill_and_decode_tp8_prefill_then_decode16_1024_1_2048nan ----
INFO 09-02 02:46:29 [__init__.py:244] Automatically detected platform rocm.
No masking
[0;31mE20250902 02:46:49.812813 140205518210816 output_stream.cpp:105] Opened result file: ./profiles/standalone_attn_prefill_and_decode_tp8_prefill_then_decode16_1024_1_2048nan_kernel_trace.csv
[m[0;31mE20250902 02:46:49.819826 140205518210816 output_stream.cpp:105] Opened result file: ./profiles/standalone_attn_prefill_and_decode_tp8_prefill_then_decode16_1024_1_2048nan_agent_info.csv
[m# ---- Run standalone_attn_prefill_and_decode_tp8_prefill_then_decode16_1024_1_4096nan ----
INFO 09-02 02:47:06 [__init__.py:244] Automatically detected platform rocm.
No masking
[0;31mE20250902 02:47:25.719726 139799258203904 output_stream.cpp:105] Opened result file: ./profiles/standalone_attn_prefill_and_decode_tp8_prefill_then_decode16_1024_1_4096nan_kernel_trace.csv
[m[0;31mE20250902 02:47:25.725960 139799258203904 output_stream.cpp:105] Opened result file: ./profiles/standalone_attn_prefill_and_decode_tp8_prefill_then_decode16_1024_1_4096nan_agent_info.csv
[m# ---- Run standalone_attn_prefill_and_decode_tp8_prefill_then_decode16_1024_1_8192nan ----
INFO 09-02 02:47:40 [__init__.py:244] Automatically detected platform rocm.
No masking
[0;31mE20250902 02:47:58.583870 139930160600832 output_stream.cpp:105] Opened result file: ./profiles/standalone_attn_prefill_and_decode_tp8_prefill_then_decode16_1024_1_8192nan_kernel_trace.csv
[m[0;31mE20250902 02:47:58.589949 139930160600832 output_stream.cpp:105] Opened result file: ./profiles/standalone_attn_prefill_and_decode_tp8_prefill_then_decode16_1024_1_8192nan_agent_info.csv
[m# ---- Run standalone_attn_prefill_and_decode_tp8_prefill_then_decode16_1024_2_256nan ----
INFO 09-02 02:48:13 [__init__.py:244] Automatically detected platform rocm.
No masking
[0;31mE20250902 02:48:31.008513 139745820010240 output_stream.cpp:105] Opened result file: ./profiles/standalone_attn_prefill_and_decode_tp8_prefill_then_decode16_1024_2_256nan_kernel_trace.csv
[m[0;31mE20250902 02:48:31.014587 139745820010240 output_stream.cpp:105] Opened result file: ./profiles/standalone_attn_prefill_and_decode_tp8_prefill_then_decode16_1024_2_256nan_agent_info.csv
[m# ---- Run standalone_attn_prefill_and_decode_tp8_prefill_then_decode16_1024_2_512nan ----
INFO 09-02 02:48:45 [__init__.py:244] Automatically detected platform rocm.
No masking
[0;31mE20250902 02:49:03.305040 140600817723136 output_stream.cpp:105] Opened result file: ./profiles/standalone_attn_prefill_and_decode_tp8_prefill_then_decode16_1024_2_512nan_kernel_trace.csv
[m[0;31mE20250902 02:49:03.311160 140600817723136 output_stream.cpp:105] Opened result file: ./profiles/standalone_attn_prefill_and_decode_tp8_prefill_then_decode16_1024_2_512nan_agent_info.csv
[m# ---- Run standalone_attn_prefill_and_decode_tp8_prefill_then_decode16_1024_2_1024nan ----
INFO 09-02 02:49:17 [__init__.py:244] Automatically detected platform rocm.
No masking
[0;31mE20250902 02:49:35.146058 139694553626368 output_stream.cpp:105] Opened result file: ./profiles/standalone_attn_prefill_and_decode_tp8_prefill_then_decode16_1024_2_1024nan_kernel_trace.csv
[m[0;31mE20250902 02:49:35.152141 139694553626368 output_stream.cpp:105] Opened result file: ./profiles/standalone_attn_prefill_and_decode_tp8_prefill_then_decode16_1024_2_1024nan_agent_info.csv
[m# ---- Run standalone_attn_prefill_and_decode_tp8_prefill_then_decode16_1024_2_2048nan ----
INFO 09-02 02:49:49 [__init__.py:244] Automatically detected platform rocm.
No masking
[0;31mE20250902 02:50:07.509695 139699749558016 output_stream.cpp:105] Opened result file: ./profiles/standalone_attn_prefill_and_decode_tp8_prefill_then_decode16_1024_2_2048nan_kernel_trace.csv
[m[0;31mE20250902 02:50:07.515841 139699749558016 output_stream.cpp:105] Opened result file: ./profiles/standalone_attn_prefill_and_decode_tp8_prefill_then_decode16_1024_2_2048nan_agent_info.csv
[m# ---- Run standalone_attn_prefill_and_decode_tp8_prefill_then_decode16_1024_2_4096nan ----
INFO 09-02 02:50:22 [__init__.py:244] Automatically detected platform rocm.
No masking
[0;31mE20250902 02:50:40.648469 139740596303616 output_stream.cpp:105] Opened result file: ./profiles/standalone_attn_prefill_and_decode_tp8_prefill_then_decode16_1024_2_4096nan_kernel_trace.csv
[m[0;31mE20250902 02:50:40.654525 139740596303616 output_stream.cpp:105] Opened result file: ./profiles/standalone_attn_prefill_and_decode_tp8_prefill_then_decode16_1024_2_4096nan_agent_info.csv
[m# ---- Run standalone_attn_prefill_and_decode_tp8_prefill_then_decode16_1024_2_8192nan ----
INFO 09-02 02:50:55 [__init__.py:244] Automatically detected platform rocm.
No masking
[0;31mE20250902 02:51:13.370718 140193845917440 output_stream.cpp:105] Opened result file: ./profiles/standalone_attn_prefill_and_decode_tp8_prefill_then_decode16_1024_2_8192nan_kernel_trace.csv
[m[0;31mE20250902 02:51:13.376836 140193845917440 output_stream.cpp:105] Opened result file: ./profiles/standalone_attn_prefill_and_decode_tp8_prefill_then_decode16_1024_2_8192nan_agent_info.csv
[m# ---- Run standalone_attn_prefill_and_decode_tp8_prefill_then_decode16_1024_4_256nan ----
INFO 09-02 02:51:28 [__init__.py:244] Automatically detected platform rocm.
No masking
[0;31mE20250902 02:51:46.759662 139677552432896 output_stream.cpp:105] Opened result file: ./profiles/standalone_attn_prefill_and_decode_tp8_prefill_then_decode16_1024_4_256nan_kernel_trace.csv
[m[0;31mE20250902 02:51:46.766193 139677552432896 output_stream.cpp:105] Opened result file: ./profiles/standalone_attn_prefill_and_decode_tp8_prefill_then_decode16_1024_4_256nan_agent_info.csv
[m# ---- Run standalone_attn_prefill_and_decode_tp8_prefill_then_decode16_1024_4_512nan ----
INFO 09-02 02:52:01 [__init__.py:244] Automatically detected platform rocm.
No masking
[0;31mE20250902 02:52:20.827069 140160793921280 output_stream.cpp:105] Opened result file: ./profiles/standalone_attn_prefill_and_decode_tp8_prefill_then_decode16_1024_4_512nan_kernel_trace.csv
[m[0;31mE20250902 02:52:20.834082 140160793921280 output_stream.cpp:105] Opened result file: ./profiles/standalone_attn_prefill_and_decode_tp8_prefill_then_decode16_1024_4_512nan_agent_info.csv
[m# ---- Run standalone_attn_prefill_and_decode_tp8_prefill_then_decode16_1024_4_1024nan ----
INFO 09-02 02:52:36 [__init__.py:244] Automatically detected platform rocm.
No masking
[0;31mE20250902 02:52:55.818226 140468322776832 output_stream.cpp:105] Opened result file: ./profiles/standalone_attn_prefill_and_decode_tp8_prefill_then_decode16_1024_4_1024nan_kernel_trace.csv
[m[0;31mE20250902 02:52:55.824793 140468322776832 output_stream.cpp:105] Opened result file: ./profiles/standalone_attn_prefill_and_decode_tp8_prefill_then_decode16_1024_4_1024nan_agent_info.csv
[m# ---- Run standalone_attn_prefill_and_decode_tp8_prefill_then_decode16_1024_4_2048nan ----
INFO 09-02 02:53:12 [__init__.py:244] Automatically detected platform rocm.
No masking
[0;31mE20250902 02:53:32.026028 140609449744128 output_stream.cpp:105] Opened result file: ./profiles/standalone_attn_prefill_and_decode_tp8_prefill_then_decode16_1024_4_2048nan_kernel_trace.csv
[m[0;31mE20250902 02:53:32.033578 140609449744128 output_stream.cpp:105] Opened result file: ./profiles/standalone_attn_prefill_and_decode_tp8_prefill_then_decode16_1024_4_2048nan_agent_info.csv
[m# ---- Run standalone_attn_prefill_and_decode_tp8_prefill_then_decode16_1024_4_4096nan ----
INFO 09-02 02:53:48 [__init__.py:244] Automatically detected platform rocm.
No masking
[0;31mE20250902 02:54:08.401342 140426493478656 output_stream.cpp:105] Opened result file: ./profiles/standalone_attn_prefill_and_decode_tp8_prefill_then_decode16_1024_4_4096nan_kernel_trace.csv
[m[0;31mE20250902 02:54:08.409172 140426493478656 output_stream.cpp:105] Opened result file: ./profiles/standalone_attn_prefill_and_decode_tp8_prefill_then_decode16_1024_4_4096nan_agent_info.csv
[m# ---- Run standalone_attn_prefill_and_decode_tp8_prefill_then_decode16_1024_4_8192nan ----
INFO 09-02 02:54:24 [__init__.py:244] Automatically detected platform rocm.
No masking
[0;31mE20250902 02:54:45.149362 140670511240960 output_stream.cpp:105] Opened result file: ./profiles/standalone_attn_prefill_and_decode_tp8_prefill_then_decode16_1024_4_8192nan_kernel_trace.csv
[m[0;31mE20250902 02:54:45.155518 140670511240960 output_stream.cpp:105] Opened result file: ./profiles/standalone_attn_prefill_and_decode_tp8_prefill_then_decode16_1024_4_8192nan_agent_info.csv
[m# ---- Run standalone_attn_prefill_and_decode_tp8_prefill_then_decode16_1024_8_256nan ----
INFO 09-02 02:55:00 [__init__.py:244] Automatically detected platform rocm.
No masking
[0;31mE20250902 02:55:18.512418 140158324860672 output_stream.cpp:105] Opened result file: ./profiles/standalone_attn_prefill_and_decode_tp8_prefill_then_decode16_1024_8_256nan_kernel_trace.csv
[m[0;31mE20250902 02:55:18.519173 140158324860672 output_stream.cpp:105] Opened result file: ./profiles/standalone_attn_prefill_and_decode_tp8_prefill_then_decode16_1024_8_256nan_agent_info.csv
[m# ---- Run standalone_attn_prefill_and_decode_tp8_prefill_then_decode16_1024_8_512nan ----
INFO 09-02 02:55:34 [__init__.py:244] Automatically detected platform rocm.
No masking
[0;31mE20250902 02:55:53.165699 140106185410304 output_stream.cpp:105] Opened result file: ./profiles/standalone_attn_prefill_and_decode_tp8_prefill_then_decode16_1024_8_512nan_kernel_trace.csv
[m[0;31mE20250902 02:55:53.172883 140106185410304 output_stream.cpp:105] Opened result file: ./profiles/standalone_attn_prefill_and_decode_tp8_prefill_then_decode16_1024_8_512nan_agent_info.csv
[m# ---- Run standalone_attn_prefill_and_decode_tp8_prefill_then_decode16_1024_8_1024nan ----
INFO 09-02 02:56:08 [__init__.py:244] Automatically detected platform rocm.
No masking
[0;31mE20250902 02:56:27.913954 139777425438464 output_stream.cpp:105] Opened result file: ./profiles/standalone_attn_prefill_and_decode_tp8_prefill_then_decode16_1024_8_1024nan_kernel_trace.csv
[m[0;31mE20250902 02:56:27.920978 139777425438464 output_stream.cpp:105] Opened result file: ./profiles/standalone_attn_prefill_and_decode_tp8_prefill_then_decode16_1024_8_1024nan_agent_info.csv
[m# ---- Run standalone_attn_prefill_and_decode_tp8_prefill_then_decode16_1024_8_2048nan ----
INFO 09-02 02:56:44 [__init__.py:244] Automatically detected platform rocm.
No masking
[0;31mE20250902 02:57:03.936086 140047996438272 output_stream.cpp:105] Opened result file: ./profiles/standalone_attn_prefill_and_decode_tp8_prefill_then_decode16_1024_8_2048nan_kernel_trace.csv
[m[0;31mE20250902 02:57:03.942766 140047996438272 output_stream.cpp:105] Opened result file: ./profiles/standalone_attn_prefill_and_decode_tp8_prefill_then_decode16_1024_8_2048nan_agent_info.csv
[m# ---- Run standalone_attn_prefill_and_decode_tp8_prefill_then_decode16_1024_8_4096nan ----
INFO 09-02 02:57:19 [__init__.py:244] Automatically detected platform rocm.
No masking
[0;31mE20250902 02:57:38.828964 139954755147520 output_stream.cpp:105] Opened result file: ./profiles/standalone_attn_prefill_and_decode_tp8_prefill_then_decode16_1024_8_4096nan_kernel_trace.csv
[m[0;31mE20250902 02:57:38.835488 139954755147520 output_stream.cpp:105] Opened result file: ./profiles/standalone_attn_prefill_and_decode_tp8_prefill_then_decode16_1024_8_4096nan_agent_info.csv
[m# ---- Run standalone_attn_prefill_and_decode_tp8_prefill_then_decode16_1024_8_8192nan ----
INFO 09-02 02:57:54 [__init__.py:244] Automatically detected platform rocm.
No masking
[0;31mE20250902 02:58:13.743223 140327848703744 output_stream.cpp:105] Opened result file: ./profiles/standalone_attn_prefill_and_decode_tp8_prefill_then_decode16_1024_8_8192nan_kernel_trace.csv
[m[0;31mE20250902 02:58:13.749579 140327848703744 output_stream.cpp:105] Opened result file: ./profiles/standalone_attn_prefill_and_decode_tp8_prefill_then_decode16_1024_8_8192nan_agent_info.csv
[m# ---- Run standalone_attn_prefill_and_decode_tp8_prefill_then_decode16_1024_16_256nan ----
INFO 09-02 02:58:29 [__init__.py:244] Automatically detected platform rocm.
No masking
[0;31mE20250902 02:58:49.762530 140295681218304 output_stream.cpp:105] Opened result file: ./profiles/standalone_attn_prefill_and_decode_tp8_prefill_then_decode16_1024_16_256nan_kernel_trace.csv
[m[0;31mE20250902 02:58:49.769983 140295681218304 output_stream.cpp:105] Opened result file: ./profiles/standalone_attn_prefill_and_decode_tp8_prefill_then_decode16_1024_16_256nan_agent_info.csv
[m# ---- Run standalone_attn_prefill_and_decode_tp8_prefill_then_decode16_1024_16_512nan ----
INFO 09-02 02:59:05 [__init__.py:244] Automatically detected platform rocm.
No masking
[0;31mE20250902 02:59:25.104420 140712821589760 output_stream.cpp:105] Opened result file: ./profiles/standalone_attn_prefill_and_decode_tp8_prefill_then_decode16_1024_16_512nan_kernel_trace.csv
[m[0;31mE20250902 02:59:25.112871 140712821589760 output_stream.cpp:105] Opened result file: ./profiles/standalone_attn_prefill_and_decode_tp8_prefill_then_decode16_1024_16_512nan_agent_info.csv
[m# ---- Run standalone_attn_prefill_and_decode_tp8_prefill_then_decode16_1024_16_1024nan ----
INFO 09-02 02:59:41 [__init__.py:244] Automatically detected platform rocm.
No masking
[0;31mE20250902 03:00:00.841352 140077367899904 output_stream.cpp:105] Opened result file: ./profiles/standalone_attn_prefill_and_decode_tp8_prefill_then_decode16_1024_16_1024nan_kernel_trace.csv
[m[0;31mE20250902 03:00:00.847831 140077367899904 output_stream.cpp:105] Opened result file: ./profiles/standalone_attn_prefill_and_decode_tp8_prefill_then_decode16_1024_16_1024nan_agent_info.csv
[m# ---- Run standalone_attn_prefill_and_decode_tp8_prefill_then_decode16_1024_16_2048nan ----
INFO 09-02 03:00:16 [__init__.py:244] Automatically detected platform rocm.
No masking
[0;31mE20250902 03:00:35.166870 139722531936000 output_stream.cpp:105] Opened result file: ./profiles/standalone_attn_prefill_and_decode_tp8_prefill_then_decode16_1024_16_2048nan_kernel_trace.csv
[m[0;31mE20250902 03:00:35.173925 139722531936000 output_stream.cpp:105] Opened result file: ./profiles/standalone_attn_prefill_and_decode_tp8_prefill_then_decode16_1024_16_2048nan_agent_info.csv
[m# ---- Run standalone_attn_prefill_and_decode_tp8_prefill_then_decode16_1024_16_4096nan ----
INFO 09-02 03:00:51 [__init__.py:244] Automatically detected platform rocm.
No masking
[0;31mE20250902 03:01:10.676309 140470772713216 output_stream.cpp:105] Opened result file: ./profiles/standalone_attn_prefill_and_decode_tp8_prefill_then_decode16_1024_16_4096nan_kernel_trace.csv
[m[0;31mE20250902 03:01:10.684502 140470772713216 output_stream.cpp:105] Opened result file: ./profiles/standalone_attn_prefill_and_decode_tp8_prefill_then_decode16_1024_16_4096nan_agent_info.csv
[m# ---- Run standalone_attn_prefill_and_decode_tp8_prefill_then_decode16_1024_16_8192nan ----
INFO 09-02 03:01:26 [__init__.py:244] Automatically detected platform rocm.
No masking
[0;31mE20250902 03:01:46.645693 139705407788800 output_stream.cpp:105] Opened result file: ./profiles/standalone_attn_prefill_and_decode_tp8_prefill_then_decode16_1024_16_8192nan_kernel_trace.csv
[m[0;31mE20250902 03:01:46.653602 139705407788800 output_stream.cpp:105] Opened result file: ./profiles/standalone_attn_prefill_and_decode_tp8_prefill_then_decode16_1024_16_8192nan_agent_info.csv
[m# ---- Run standalone_attn_prefill_and_decode_tp8_prefill_then_decode16_1024_32_256nan ----
INFO 09-02 03:02:02 [__init__.py:244] Automatically detected platform rocm.
No masking
[0;31mE20250902 03:02:22.196656 139922275141376 output_stream.cpp:105] Opened result file: ./profiles/standalone_attn_prefill_and_decode_tp8_prefill_then_decode16_1024_32_256nan_kernel_trace.csv
[m[0;31mE20250902 03:02:22.204671 139922275141376 output_stream.cpp:105] Opened result file: ./profiles/standalone_attn_prefill_and_decode_tp8_prefill_then_decode16_1024_32_256nan_agent_info.csv
[m# ---- Run standalone_attn_prefill_and_decode_tp8_prefill_then_decode16_1024_32_512nan ----
INFO 09-02 03:02:37 [__init__.py:244] Automatically detected platform rocm.
No masking
[0;31mE20250902 03:02:57.264653 140293376349952 output_stream.cpp:105] Opened result file: ./profiles/standalone_attn_prefill_and_decode_tp8_prefill_then_decode16_1024_32_512nan_kernel_trace.csv
[m[0;31mE20250902 03:02:57.272563 140293376349952 output_stream.cpp:105] Opened result file: ./profiles/standalone_attn_prefill_and_decode_tp8_prefill_then_decode16_1024_32_512nan_agent_info.csv
[m# ---- Run standalone_attn_prefill_and_decode_tp8_prefill_then_decode16_1024_32_1024nan ----
INFO 09-02 03:03:12 [__init__.py:244] Automatically detected platform rocm.
No masking
[0;31mE20250902 03:03:31.480388 140406015293184 output_stream.cpp:105] Opened result file: ./profiles/standalone_attn_prefill_and_decode_tp8_prefill_then_decode16_1024_32_1024nan_kernel_trace.csv
[m[0;31mE20250902 03:03:31.487919 140406015293184 output_stream.cpp:105] Opened result file: ./profiles/standalone_attn_prefill_and_decode_tp8_prefill_then_decode16_1024_32_1024nan_agent_info.csv
[m# ---- Run standalone_attn_prefill_and_decode_tp8_prefill_then_decode16_1024_32_2048nan ----
INFO 09-02 03:03:47 [__init__.py:244] Automatically detected platform rocm.
No masking
[0;31mE20250902 03:04:06.204148 139689144993536 output_stream.cpp:105] Opened result file: ./profiles/standalone_attn_prefill_and_decode_tp8_prefill_then_decode16_1024_32_2048nan_kernel_trace.csv
[m[0;31mE20250902 03:04:06.211021 139689144993536 output_stream.cpp:105] Opened result file: ./profiles/standalone_attn_prefill_and_decode_tp8_prefill_then_decode16_1024_32_2048nan_agent_info.csv
[m# ---- Run standalone_attn_prefill_and_decode_tp8_prefill_then_decode16_1024_32_4096nan ----
INFO 09-02 03:04:21 [__init__.py:244] Automatically detected platform rocm.
No masking
[0;31mE20250902 03:04:41.602701 140609710122752 output_stream.cpp:105] Opened result file: ./profiles/standalone_attn_prefill_and_decode_tp8_prefill_then_decode16_1024_32_4096nan_kernel_trace.csv
[m[0;31mE20250902 03:04:41.609761 140609710122752 output_stream.cpp:105] Opened result file: ./profiles/standalone_attn_prefill_and_decode_tp8_prefill_then_decode16_1024_32_4096nan_agent_info.csv
[m# ---- Run standalone_attn_prefill_and_decode_tp8_prefill_then_decode16_1024_32_8192nan ----
INFO 09-02 03:04:57 [__init__.py:244] Automatically detected platform rocm.
No masking
[0;31mE20250902 03:05:17.530810 140303252940544 output_stream.cpp:105] Opened result file: ./profiles/standalone_attn_prefill_and_decode_tp8_prefill_then_decode16_1024_32_8192nan_kernel_trace.csv
[m[0;31mE20250902 03:05:17.538233 140303252940544 output_stream.cpp:105] Opened result file: ./profiles/standalone_attn_prefill_and_decode_tp8_prefill_then_decode16_1024_32_8192nan_agent_info.csv
[m# ---- Run standalone_attn_prefill_and_decode_tp8_prefill_then_decode16_1024_64_256nan ----
INFO 09-02 03:05:33 [__init__.py:244] Automatically detected platform rocm.
No masking
[0;31mE20250902 03:05:53.729729 140052113508096 output_stream.cpp:105] Opened result file: ./profiles/standalone_attn_prefill_and_decode_tp8_prefill_then_decode16_1024_64_256nan_kernel_trace.csv
[m[0;31mE20250902 03:05:53.737309 140052113508096 output_stream.cpp:105] Opened result file: ./profiles/standalone_attn_prefill_and_decode_tp8_prefill_then_decode16_1024_64_256nan_agent_info.csv
[m# ---- Run standalone_attn_prefill_and_decode_tp8_prefill_then_decode16_1024_64_512nan ----
INFO 09-02 03:06:09 [__init__.py:244] Automatically detected platform rocm.
No masking
[0;31mE20250902 03:06:29.014403 140385516132096 output_stream.cpp:105] Opened result file: ./profiles/standalone_attn_prefill_and_decode_tp8_prefill_then_decode16_1024_64_512nan_kernel_trace.csv
[m[0;31mE20250902 03:06:29.021673 140385516132096 output_stream.cpp:105] Opened result file: ./profiles/standalone_attn_prefill_and_decode_tp8_prefill_then_decode16_1024_64_512nan_agent_info.csv
[m# ---- Run standalone_attn_prefill_and_decode_tp8_prefill_then_decode16_1024_64_1024nan ----
INFO 09-02 03:06:45 [__init__.py:244] Automatically detected platform rocm.
No masking
[0;31mE20250902 03:07:04.824498 140061086738176 output_stream.cpp:105] Opened result file: ./profiles/standalone_attn_prefill_and_decode_tp8_prefill_then_decode16_1024_64_1024nan_kernel_trace.csv
[m[0;31mE20250902 03:07:04.831426 140061086738176 output_stream.cpp:105] Opened result file: ./profiles/standalone_attn_prefill_and_decode_tp8_prefill_then_decode16_1024_64_1024nan_agent_info.csv
[m# ---- Run standalone_attn_prefill_and_decode_tp8_prefill_then_decode16_1024_64_2048nan ----
INFO 09-02 03:07:20 [__init__.py:244] Automatically detected platform rocm.
No masking
[0;31mE20250902 03:07:39.489947 140319210981120 output_stream.cpp:105] Opened result file: ./profiles/standalone_attn_prefill_and_decode_tp8_prefill_then_decode16_1024_64_2048nan_kernel_trace.csv
[m[0;31mE20250902 03:07:39.497431 140319210981120 output_stream.cpp:105] Opened result file: ./profiles/standalone_attn_prefill_and_decode_tp8_prefill_then_decode16_1024_64_2048nan_agent_info.csv
[m# ---- Run standalone_attn_prefill_and_decode_tp8_prefill_then_decode16_1024_64_4096nan ----
INFO 09-02 03:07:55 [__init__.py:244] Automatically detected platform rocm.
No masking
[0;31mE20250902 03:08:14.320162 140664592500480 output_stream.cpp:105] Opened result file: ./profiles/standalone_attn_prefill_and_decode_tp8_prefill_then_decode16_1024_64_4096nan_kernel_trace.csv
[m[0;31mE20250902 03:08:14.327508 140664592500480 output_stream.cpp:105] Opened result file: ./profiles/standalone_attn_prefill_and_decode_tp8_prefill_then_decode16_1024_64_4096nan_agent_info.csv
[m# ---- Run standalone_attn_prefill_and_decode_tp8_prefill_then_decode16_1024_64_8192nan ----
INFO 09-02 03:08:29 [__init__.py:244] Automatically detected platform rocm.
No masking
[0;31mE20250902 03:08:49.451357 139621228173056 output_stream.cpp:105] Opened result file: ./profiles/standalone_attn_prefill_and_decode_tp8_prefill_then_decode16_1024_64_8192nan_kernel_trace.csv
[m[0;31mE20250902 03:08:49.458033 139621228173056 output_stream.cpp:105] Opened result file: ./profiles/standalone_attn_prefill_and_decode_tp8_prefill_then_decode16_1024_64_8192nan_agent_info.csv
[m# ---- Run standalone_attn_prefill_and_decode_tp8_prefill_then_decode16_1024_128_256nan ----
INFO 09-02 03:09:04 [__init__.py:244] Automatically detected platform rocm.
No masking
[0;31mE20250902 03:09:21.213749 140558721365760 output_stream.cpp:105] Opened result file: ./profiles/standalone_attn_prefill_and_decode_tp8_prefill_then_decode16_1024_128_256nan_kernel_trace.csv
[m[0;31mE20250902 03:09:21.219895 140558721365760 output_stream.cpp:105] Opened result file: ./profiles/standalone_attn_prefill_and_decode_tp8_prefill_then_decode16_1024_128_256nan_agent_info.csv
[m# ---- Run standalone_attn_prefill_and_decode_tp8_prefill_then_decode16_1024_128_512nan ----
INFO 09-02 03:09:35 [__init__.py:244] Automatically detected platform rocm.
No masking
[0;31mE20250902 03:09:52.062930 140347966060288 output_stream.cpp:105] Opened result file: ./profiles/standalone_attn_prefill_and_decode_tp8_prefill_then_decode16_1024_128_512nan_kernel_trace.csv
[m[0;31mE20250902 03:09:52.069876 140347966060288 output_stream.cpp:105] Opened result file: ./profiles/standalone_attn_prefill_and_decode_tp8_prefill_then_decode16_1024_128_512nan_agent_info.csv
[m# ---- Run standalone_attn_prefill_and_decode_tp8_prefill_then_decode16_1024_128_1024nan ----
INFO 09-02 03:10:07 [__init__.py:244] Automatically detected platform rocm.
No masking
[0;31mE20250902 03:10:25.004506 140683862685440 output_stream.cpp:105] Opened result file: ./profiles/standalone_attn_prefill_and_decode_tp8_prefill_then_decode16_1024_128_1024nan_kernel_trace.csv
[m[0;31mE20250902 03:10:25.011974 140683862685440 output_stream.cpp:105] Opened result file: ./profiles/standalone_attn_prefill_and_decode_tp8_prefill_then_decode16_1024_128_1024nan_agent_info.csv
[m# ---- Run standalone_attn_prefill_and_decode_tp8_prefill_then_decode16_1024_128_2048nan ----
INFO 09-02 03:10:41 [__init__.py:244] Automatically detected platform rocm.
No masking
[0;31mE20250902 03:10:59.126028 140253264705280 output_stream.cpp:105] Opened result file: ./profiles/standalone_attn_prefill_and_decode_tp8_prefill_then_decode16_1024_128_2048nan_kernel_trace.csv
[m[0;31mE20250902 03:10:59.133579 140253264705280 output_stream.cpp:105] Opened result file: ./profiles/standalone_attn_prefill_and_decode_tp8_prefill_then_decode16_1024_128_2048nan_agent_info.csv
[m# ---- Run standalone_attn_prefill_and_decode_tp8_prefill_then_decode16_1024_128_4096nan ----
INFO 09-02 03:11:16 [__init__.py:244] Automatically detected platform rocm.
No masking
[0;31mE20250902 03:11:33.456779 140455090824960 output_stream.cpp:105] Opened result file: ./profiles/standalone_attn_prefill_and_decode_tp8_prefill_then_decode16_1024_128_4096nan_kernel_trace.csv
[m[0;31mE20250902 03:11:33.463886 140455090824960 output_stream.cpp:105] Opened result file: ./profiles/standalone_attn_prefill_and_decode_tp8_prefill_then_decode16_1024_128_4096nan_agent_info.csv
[m# ---- Run standalone_attn_prefill_and_decode_tp8_prefill_then_decode16_1024_128_8192nan ----
INFO 09-02 03:11:50 [__init__.py:244] Automatically detected platform rocm.
No masking
[0;31mE20250902 03:12:07.787019 140041450882816 output_stream.cpp:105] Opened result file: ./profiles/standalone_attn_prefill_and_decode_tp8_prefill_then_decode16_1024_128_8192nan_kernel_trace.csv
[m[0;31mE20250902 03:12:07.794270 140041450882816 output_stream.cpp:105] Opened result file: ./profiles/standalone_attn_prefill_and_decode_tp8_prefill_then_decode16_1024_128_8192nan_agent_info.csv
[m# ---- Run standalone_attn_prefill_and_decode_tp8_prefill_then_decode16_2048_1_256nan ----
INFO 09-02 03:12:24 [__init__.py:244] Automatically detected platform rocm.
No masking
[0;31mE20250902 03:12:45.810481 139774745569024 output_stream.cpp:105] Opened result file: ./profiles/standalone_attn_prefill_and_decode_tp8_prefill_then_decode16_2048_1_256nan_kernel_trace.csv
[m[0;31mE20250902 03:12:45.817047 139774745569024 output_stream.cpp:105] Opened result file: ./profiles/standalone_attn_prefill_and_decode_tp8_prefill_then_decode16_2048_1_256nan_agent_info.csv
[m# ---- Run standalone_attn_prefill_and_decode_tp8_prefill_then_decode16_2048_1_512nan ----
INFO 09-02 03:13:01 [__init__.py:244] Automatically detected platform rocm.
No masking
[0;31mE20250902 03:13:21.474513 140420017645312 output_stream.cpp:105] Opened result file: ./profiles/standalone_attn_prefill_and_decode_tp8_prefill_then_decode16_2048_1_512nan_kernel_trace.csv
[m[0;31mE20250902 03:13:21.481406 140420017645312 output_stream.cpp:105] Opened result file: ./profiles/standalone_attn_prefill_and_decode_tp8_prefill_then_decode16_2048_1_512nan_agent_info.csv
[m# ---- Run standalone_attn_prefill_and_decode_tp8_prefill_then_decode16_2048_1_1024nan ----
INFO 09-02 03:13:37 [__init__.py:244] Automatically detected platform rocm.
No masking
[0;31mE20250902 03:13:57.647443 140677926332160 output_stream.cpp:105] Opened result file: ./profiles/standalone_attn_prefill_and_decode_tp8_prefill_then_decode16_2048_1_1024nan_kernel_trace.csv
[m[0;31mE20250902 03:13:57.655007 140677926332160 output_stream.cpp:105] Opened result file: ./profiles/standalone_attn_prefill_and_decode_tp8_prefill_then_decode16_2048_1_1024nan_agent_info.csv
[m# ---- Run standalone_attn_prefill_and_decode_tp8_prefill_then_decode16_2048_1_2048nan ----
INFO 09-02 03:14:13 [__init__.py:244] Automatically detected platform rocm.
No masking
[0;31mE20250902 03:14:33.275069 140133076399872 output_stream.cpp:105] Opened result file: ./profiles/standalone_attn_prefill_and_decode_tp8_prefill_then_decode16_2048_1_2048nan_kernel_trace.csv
[m[0;31mE20250902 03:14:33.281981 140133076399872 output_stream.cpp:105] Opened result file: ./profiles/standalone_attn_prefill_and_decode_tp8_prefill_then_decode16_2048_1_2048nan_agent_info.csv
[m# ---- Run standalone_attn_prefill_and_decode_tp8_prefill_then_decode16_2048_1_4096nan ----
INFO 09-02 03:14:49 [__init__.py:244] Automatically detected platform rocm.
No masking
[0;31mE20250902 03:15:08.555413 140637922379520 output_stream.cpp:105] Opened result file: ./profiles/standalone_attn_prefill_and_decode_tp8_prefill_then_decode16_2048_1_4096nan_kernel_trace.csv
[m[0;31mE20250902 03:15:08.562667 140637922379520 output_stream.cpp:105] Opened result file: ./profiles/standalone_attn_prefill_and_decode_tp8_prefill_then_decode16_2048_1_4096nan_agent_info.csv
[m# ---- Run standalone_attn_prefill_and_decode_tp8_prefill_then_decode16_2048_1_8192nan ----
INFO 09-02 03:15:24 [__init__.py:244] Automatically detected platform rocm.
No masking
[0;31mE20250902 03:15:44.123281 140225980151552 output_stream.cpp:105] Opened result file: ./profiles/standalone_attn_prefill_and_decode_tp8_prefill_then_decode16_2048_1_8192nan_kernel_trace.csv
[m[0;31mE20250902 03:15:44.129889 140225980151552 output_stream.cpp:105] Opened result file: ./profiles/standalone_attn_prefill_and_decode_tp8_prefill_then_decode16_2048_1_8192nan_agent_info.csv
[m# ---- Run standalone_attn_prefill_and_decode_tp8_prefill_then_decode16_2048_2_256nan ----
INFO 09-02 03:15:59 [__init__.py:244] Automatically detected platform rocm.
No masking
[0;31mE20250902 03:16:18.339707 139927690262272 output_stream.cpp:105] Opened result file: ./profiles/standalone_attn_prefill_and_decode_tp8_prefill_then_decode16_2048_2_256nan_kernel_trace.csv
[m[0;31mE20250902 03:16:18.345719 139927690262272 output_stream.cpp:105] Opened result file: ./profiles/standalone_attn_prefill_and_decode_tp8_prefill_then_decode16_2048_2_256nan_agent_info.csv
[m# ---- Run standalone_attn_prefill_and_decode_tp8_prefill_then_decode16_2048_2_512nan ----
INFO 09-02 03:16:33 [__init__.py:244] Automatically detected platform rocm.
No masking
[0;31mE20250902 03:16:53.191389 139984779552512 output_stream.cpp:105] Opened result file: ./profiles/standalone_attn_prefill_and_decode_tp8_prefill_then_decode16_2048_2_512nan_kernel_trace.csv
[m[0;31mE20250902 03:16:53.198082 139984779552512 output_stream.cpp:105] Opened result file: ./profiles/standalone_attn_prefill_and_decode_tp8_prefill_then_decode16_2048_2_512nan_agent_info.csv
[m# ---- Run standalone_attn_prefill_and_decode_tp8_prefill_then_decode16_2048_2_1024nan ----
INFO 09-02 03:17:08 [__init__.py:244] Automatically detected platform rocm.
No masking
[0;31mE20250902 03:17:27.918927 140355094300416 output_stream.cpp:105] Opened result file: ./profiles/standalone_attn_prefill_and_decode_tp8_prefill_then_decode16_2048_2_1024nan_kernel_trace.csv
[m[0;31mE20250902 03:17:27.925889 140355094300416 output_stream.cpp:105] Opened result file: ./profiles/standalone_attn_prefill_and_decode_tp8_prefill_then_decode16_2048_2_1024nan_agent_info.csv
[m# ---- Run standalone_attn_prefill_and_decode_tp8_prefill_then_decode16_2048_2_2048nan ----
INFO 09-02 03:17:43 [__init__.py:244] Automatically detected platform rocm.
No masking
[0;31mE20250902 03:18:02.714584 140276256077568 output_stream.cpp:105] Opened result file: ./profiles/standalone_attn_prefill_and_decode_tp8_prefill_then_decode16_2048_2_2048nan_kernel_trace.csv
[m[0;31mE20250902 03:18:02.721146 140276256077568 output_stream.cpp:105] Opened result file: ./profiles/standalone_attn_prefill_and_decode_tp8_prefill_then_decode16_2048_2_2048nan_agent_info.csv
[m# ---- Run standalone_attn_prefill_and_decode_tp8_prefill_then_decode16_2048_2_4096nan ----
INFO 09-02 03:18:18 [__init__.py:244] Automatically detected platform rocm.
No masking
[0;31mE20250902 03:18:38.131887 140216115640064 output_stream.cpp:105] Opened result file: ./profiles/standalone_attn_prefill_and_decode_tp8_prefill_then_decode16_2048_2_4096nan_kernel_trace.csv
[m[0;31mE20250902 03:18:38.138885 140216115640064 output_stream.cpp:105] Opened result file: ./profiles/standalone_attn_prefill_and_decode_tp8_prefill_then_decode16_2048_2_4096nan_agent_info.csv
[m# ---- Run standalone_attn_prefill_and_decode_tp8_prefill_then_decode16_2048_2_8192nan ----
INFO 09-02 03:18:54 [__init__.py:244] Automatically detected platform rocm.
No masking
[0;31mE20250902 03:19:13.827945 139902679901952 output_stream.cpp:105] Opened result file: ./profiles/standalone_attn_prefill_and_decode_tp8_prefill_then_decode16_2048_2_8192nan_kernel_trace.csv
[m[0;31mE20250902 03:19:13.834594 139902679901952 output_stream.cpp:105] Opened result file: ./profiles/standalone_attn_prefill_and_decode_tp8_prefill_then_decode16_2048_2_8192nan_agent_info.csv
[m# ---- Run standalone_attn_prefill_and_decode_tp8_prefill_then_decode16_2048_4_256nan ----
INFO 09-02 03:19:30 [__init__.py:244] Automatically detected platform rocm.
No masking
[0;31mE20250902 03:19:50.896917 140688115644160 output_stream.cpp:105] Opened result file: ./profiles/standalone_attn_prefill_and_decode_tp8_prefill_then_decode16_2048_4_256nan_kernel_trace.csv
[m[0;31mE20250902 03:19:50.903881 140688115644160 output_stream.cpp:105] Opened result file: ./profiles/standalone_attn_prefill_and_decode_tp8_prefill_then_decode16_2048_4_256nan_agent_info.csv
[m# ---- Run standalone_attn_prefill_and_decode_tp8_prefill_then_decode16_2048_4_512nan ----
INFO 09-02 03:20:06 [__init__.py:244] Automatically detected platform rocm.
No masking
[0;31mE20250902 03:20:26.027584 140535154452224 output_stream.cpp:105] Opened result file: ./profiles/standalone_attn_prefill_and_decode_tp8_prefill_then_decode16_2048_4_512nan_kernel_trace.csv
[m[0;31mE20250902 03:20:26.033674 140535154452224 output_stream.cpp:105] Opened result file: ./profiles/standalone_attn_prefill_and_decode_tp8_prefill_then_decode16_2048_4_512nan_agent_info.csv
[m# ---- Run standalone_attn_prefill_and_decode_tp8_prefill_then_decode16_2048_4_1024nan ----
INFO 09-02 03:20:41 [__init__.py:244] Automatically detected platform rocm.
No masking
[0;31mE20250902 03:21:00.385034 140222161196800 output_stream.cpp:105] Opened result file: ./profiles/standalone_attn_prefill_and_decode_tp8_prefill_then_decode16_2048_4_1024nan_kernel_trace.csv
[m[0;31mE20250902 03:21:00.391504 140222161196800 output_stream.cpp:105] Opened result file: ./profiles/standalone_attn_prefill_and_decode_tp8_prefill_then_decode16_2048_4_1024nan_agent_info.csv
[m# ---- Run standalone_attn_prefill_and_decode_tp8_prefill_then_decode16_2048_4_2048nan ----
INFO 09-02 03:21:15 [__init__.py:244] Automatically detected platform rocm.
No masking
[0;31mE20250902 03:21:34.581370 139814975399680 output_stream.cpp:105] Opened result file: ./profiles/standalone_attn_prefill_and_decode_tp8_prefill_then_decode16_2048_4_2048nan_kernel_trace.csv
[m[0;31mE20250902 03:21:34.587895 139814975399680 output_stream.cpp:105] Opened result file: ./profiles/standalone_attn_prefill_and_decode_tp8_prefill_then_decode16_2048_4_2048nan_agent_info.csv
[m# ---- Run standalone_attn_prefill_and_decode_tp8_prefill_then_decode16_2048_4_4096nan ----
INFO 09-02 03:21:49 [__init__.py:244] Automatically detected platform rocm.
No masking
[0;31mE20250902 03:22:08.958123 139743920551680 output_stream.cpp:105] Opened result file: ./profiles/standalone_attn_prefill_and_decode_tp8_prefill_then_decode16_2048_4_4096nan_kernel_trace.csv
[m[0;31mE20250902 03:22:08.965119 139743920551680 output_stream.cpp:105] Opened result file: ./profiles/standalone_attn_prefill_and_decode_tp8_prefill_then_decode16_2048_4_4096nan_agent_info.csv
[m# ---- Run standalone_attn_prefill_and_decode_tp8_prefill_then_decode16_2048_4_8192nan ----
INFO 09-02 03:22:24 [__init__.py:244] Automatically detected platform rocm.
No masking
[0;31mE20250902 03:22:45.531708 140679218439936 output_stream.cpp:105] Opened result file: ./profiles/standalone_attn_prefill_and_decode_tp8_prefill_then_decode16_2048_4_8192nan_kernel_trace.csv
[m[0;31mE20250902 03:22:45.538590 140679218439936 output_stream.cpp:105] Opened result file: ./profiles/standalone_attn_prefill_and_decode_tp8_prefill_then_decode16_2048_4_8192nan_agent_info.csv
[m# ---- Run standalone_attn_prefill_and_decode_tp8_prefill_then_decode16_2048_8_256nan ----
INFO 09-02 03:23:01 [__init__.py:244] Automatically detected platform rocm.
No masking
[0;31mE20250902 03:23:22.205223 140574705637120 output_stream.cpp:105] Opened result file: ./profiles/standalone_attn_prefill_and_decode_tp8_prefill_then_decode16_2048_8_256nan_kernel_trace.csv
[m[0;31mE20250902 03:23:22.212795 140574705637120 output_stream.cpp:105] Opened result file: ./profiles/standalone_attn_prefill_and_decode_tp8_prefill_then_decode16_2048_8_256nan_agent_info.csv
[m# ---- Run standalone_attn_prefill_and_decode_tp8_prefill_then_decode16_2048_8_512nan ----
INFO 09-02 03:23:38 [__init__.py:244] Automatically detected platform rocm.
No masking
[0;31mE20250902 03:23:57.997867 139890338572032 output_stream.cpp:105] Opened result file: ./profiles/standalone_attn_prefill_and_decode_tp8_prefill_then_decode16_2048_8_512nan_kernel_trace.csv
[m[0;31mE20250902 03:23:58.004477 139890338572032 output_stream.cpp:105] Opened result file: ./profiles/standalone_attn_prefill_and_decode_tp8_prefill_then_decode16_2048_8_512nan_agent_info.csv
[m# ---- Run standalone_attn_prefill_and_decode_tp8_prefill_then_decode16_2048_8_1024nan ----
INFO 09-02 03:24:12 [__init__.py:244] Automatically detected platform rocm.
No masking
[0;31mE20250902 03:24:30.932273 140300114290432 output_stream.cpp:105] Opened result file: ./profiles/standalone_attn_prefill_and_decode_tp8_prefill_then_decode16_2048_8_1024nan_kernel_trace.csv
[m[0;31mE20250902 03:24:30.938312 140300114290432 output_stream.cpp:105] Opened result file: ./profiles/standalone_attn_prefill_and_decode_tp8_prefill_then_decode16_2048_8_1024nan_agent_info.csv
[m# ---- Run standalone_attn_prefill_and_decode_tp8_prefill_then_decode16_2048_8_2048nan ----
INFO 09-02 03:24:46 [__init__.py:244] Automatically detected platform rocm.
No masking
[0;31mE20250902 03:25:04.316371 140238506637056 output_stream.cpp:105] Opened result file: ./profiles/standalone_attn_prefill_and_decode_tp8_prefill_then_decode16_2048_8_2048nan_kernel_trace.csv
[m[0;31mE20250902 03:25:04.322624 140238506637056 output_stream.cpp:105] Opened result file: ./profiles/standalone_attn_prefill_and_decode_tp8_prefill_then_decode16_2048_8_2048nan_agent_info.csv
[m# ---- Run standalone_attn_prefill_and_decode_tp8_prefill_then_decode16_2048_8_4096nan ----
INFO 09-02 03:25:19 [__init__.py:244] Automatically detected platform rocm.
No masking
[0;31mE20250902 03:25:37.565717 139697110103808 output_stream.cpp:105] Opened result file: ./profiles/standalone_attn_prefill_and_decode_tp8_prefill_then_decode16_2048_8_4096nan_kernel_trace.csv
[m[0;31mE20250902 03:25:37.571406 139697110103808 output_stream.cpp:105] Opened result file: ./profiles/standalone_attn_prefill_and_decode_tp8_prefill_then_decode16_2048_8_4096nan_agent_info.csv
[m# ---- Run standalone_attn_prefill_and_decode_tp8_prefill_then_decode16_2048_8_8192nan ----
INFO 09-02 03:25:53 [__init__.py:244] Automatically detected platform rocm.
No masking
[0;31mE20250902 03:26:11.444925 139973136701184 output_stream.cpp:105] Opened result file: ./profiles/standalone_attn_prefill_and_decode_tp8_prefill_then_decode16_2048_8_8192nan_kernel_trace.csv
[m[0;31mE20250902 03:26:11.451272 139973136701184 output_stream.cpp:105] Opened result file: ./profiles/standalone_attn_prefill_and_decode_tp8_prefill_then_decode16_2048_8_8192nan_agent_info.csv
[m# ---- Run standalone_attn_prefill_and_decode_tp8_prefill_then_decode16_2048_16_256nan ----
INFO 09-02 03:26:26 [__init__.py:244] Automatically detected platform rocm.
No masking
[0;31mE20250902 03:26:44.624862 140659173168896 output_stream.cpp:105] Opened result file: ./profiles/standalone_attn_prefill_and_decode_tp8_prefill_then_decode16_2048_16_256nan_kernel_trace.csv
[m[0;31mE20250902 03:26:44.630747 140659173168896 output_stream.cpp:105] Opened result file: ./profiles/standalone_attn_prefill_and_decode_tp8_prefill_then_decode16_2048_16_256nan_agent_info.csv
[m# ---- Run standalone_attn_prefill_and_decode_tp8_prefill_then_decode16_2048_16_512nan ----
INFO 09-02 03:26:59 [__init__.py:244] Automatically detected platform rocm.
No masking
[0;31mE20250902 03:27:17.138810 140409378215680 output_stream.cpp:105] Opened result file: ./profiles/standalone_attn_prefill_and_decode_tp8_prefill_then_decode16_2048_16_512nan_kernel_trace.csv
[m[0;31mE20250902 03:27:17.145123 140409378215680 output_stream.cpp:105] Opened result file: ./profiles/standalone_attn_prefill_and_decode_tp8_prefill_then_decode16_2048_16_512nan_agent_info.csv
[m# ---- Run standalone_attn_prefill_and_decode_tp8_prefill_then_decode16_2048_16_1024nan ----
INFO 09-02 03:27:31 [__init__.py:244] Automatically detected platform rocm.
No masking
[0;31mE20250902 03:27:49.662157 140620634392320 output_stream.cpp:105] Opened result file: ./profiles/standalone_attn_prefill_and_decode_tp8_prefill_then_decode16_2048_16_1024nan_kernel_trace.csv
[m[0;31mE20250902 03:27:49.668623 140620634392320 output_stream.cpp:105] Opened result file: ./profiles/standalone_attn_prefill_and_decode_tp8_prefill_then_decode16_2048_16_1024nan_agent_info.csv
[m# ---- Run standalone_attn_prefill_and_decode_tp8_prefill_then_decode16_2048_16_2048nan ----
INFO 09-02 03:28:04 [__init__.py:244] Automatically detected platform rocm.
No masking
[0;31mE20250902 03:28:22.573939 140679481911040 output_stream.cpp:105] Opened result file: ./profiles/standalone_attn_prefill_and_decode_tp8_prefill_then_decode16_2048_16_2048nan_kernel_trace.csv
[m[0;31mE20250902 03:28:22.580085 140679481911040 output_stream.cpp:105] Opened result file: ./profiles/standalone_attn_prefill_and_decode_tp8_prefill_then_decode16_2048_16_2048nan_agent_info.csv
[m# ---- Run standalone_attn_prefill_and_decode_tp8_prefill_then_decode16_2048_16_4096nan ----
INFO 09-02 03:28:37 [__init__.py:244] Automatically detected platform rocm.
No masking
[0;31mE20250902 03:28:55.388859 139883586615040 output_stream.cpp:105] Opened result file: ./profiles/standalone_attn_prefill_and_decode_tp8_prefill_then_decode16_2048_16_4096nan_kernel_trace.csv
[m[0;31mE20250902 03:28:55.395098 139883586615040 output_stream.cpp:105] Opened result file: ./profiles/standalone_attn_prefill_and_decode_tp8_prefill_then_decode16_2048_16_4096nan_agent_info.csv
[m# ---- Run standalone_attn_prefill_and_decode_tp8_prefill_then_decode16_2048_16_8192nan ----
INFO 09-02 03:29:09 [__init__.py:244] Automatically detected platform rocm.
No masking
[0;31mE20250902 03:29:27.742137 139677822654208 output_stream.cpp:105] Opened result file: ./profiles/standalone_attn_prefill_and_decode_tp8_prefill_then_decode16_2048_16_8192nan_kernel_trace.csv
[m[0;31mE20250902 03:29:27.748399 139677822654208 output_stream.cpp:105] Opened result file: ./profiles/standalone_attn_prefill_and_decode_tp8_prefill_then_decode16_2048_16_8192nan_agent_info.csv
[m# ---- Run standalone_attn_prefill_and_decode_tp8_prefill_then_decode16_2048_32_256nan ----
INFO 09-02 03:29:42 [__init__.py:244] Automatically detected platform rocm.
No masking
[0;31mE20250902 03:30:01.556680 140616411309824 output_stream.cpp:105] Opened result file: ./profiles/standalone_attn_prefill_and_decode_tp8_prefill_then_decode16_2048_32_256nan_kernel_trace.csv
[m[0;31mE20250902 03:30:01.563217 140616411309824 output_stream.cpp:105] Opened result file: ./profiles/standalone_attn_prefill_and_decode_tp8_prefill_then_decode16_2048_32_256nan_agent_info.csv
[m# ---- Run standalone_attn_prefill_and_decode_tp8_prefill_then_decode16_2048_32_512nan ----
INFO 09-02 03:30:16 [__init__.py:244] Automatically detected platform rocm.
No masking
[0;31mE20250902 03:30:34.489939 140708644247296 output_stream.cpp:105] Opened result file: ./profiles/standalone_attn_prefill_and_decode_tp8_prefill_then_decode16_2048_32_512nan_kernel_trace.csv
[m[0;31mE20250902 03:30:34.496973 140708644247296 output_stream.cpp:105] Opened result file: ./profiles/standalone_attn_prefill_and_decode_tp8_prefill_then_decode16_2048_32_512nan_agent_info.csv
[m# ---- Run standalone_attn_prefill_and_decode_tp8_prefill_then_decode16_2048_32_1024nan ----
INFO 09-02 03:30:50 [__init__.py:244] Automatically detected platform rocm.
No masking
[0;31mE20250902 03:31:07.999329 140120833984256 output_stream.cpp:105] Opened result file: ./profiles/standalone_attn_prefill_and_decode_tp8_prefill_then_decode16_2048_32_1024nan_kernel_trace.csv
[m[0;31mE20250902 03:31:08.006257 140120833984256 output_stream.cpp:105] Opened result file: ./profiles/standalone_attn_prefill_and_decode_tp8_prefill_then_decode16_2048_32_1024nan_agent_info.csv
[m# ---- Run standalone_attn_prefill_and_decode_tp8_prefill_then_decode16_2048_32_2048nan ----
INFO 09-02 03:31:23 [__init__.py:244] Automatically detected platform rocm.
No masking
[0;31mE20250902 03:31:44.651981 140397536896768 output_stream.cpp:105] Opened result file: ./profiles/standalone_attn_prefill_and_decode_tp8_prefill_then_decode16_2048_32_2048nan_kernel_trace.csv
[m[0;31mE20250902 03:31:44.659938 140397536896768 output_stream.cpp:105] Opened result file: ./profiles/standalone_attn_prefill_and_decode_tp8_prefill_then_decode16_2048_32_2048nan_agent_info.csv
[m# ---- Run standalone_attn_prefill_and_decode_tp8_prefill_then_decode16_2048_32_4096nan ----
INFO 09-02 03:32:00 [__init__.py:244] Automatically detected platform rocm.
No masking
[0;31mE20250902 03:32:21.852855 140161479440128 output_stream.cpp:105] Opened result file: ./profiles/standalone_attn_prefill_and_decode_tp8_prefill_then_decode16_2048_32_4096nan_kernel_trace.csv
[m[0;31mE20250902 03:32:21.861142 140161479440128 output_stream.cpp:105] Opened result file: ./profiles/standalone_attn_prefill_and_decode_tp8_prefill_then_decode16_2048_32_4096nan_agent_info.csv
[m# ---- Run standalone_attn_prefill_and_decode_tp8_prefill_then_decode16_2048_32_8192nan ----
INFO 09-02 03:32:38 [__init__.py:244] Automatically detected platform rocm.
No masking
[0;31mE20250902 03:32:57.084330 139914645616384 output_stream.cpp:105] Opened result file: ./profiles/standalone_attn_prefill_and_decode_tp8_prefill_then_decode16_2048_32_8192nan_kernel_trace.csv
[m[0;31mE20250902 03:32:57.090478 139914645616384 output_stream.cpp:105] Opened result file: ./profiles/standalone_attn_prefill_and_decode_tp8_prefill_then_decode16_2048_32_8192nan_agent_info.csv
[m# ---- Run standalone_attn_prefill_and_decode_tp8_prefill_then_decode16_2048_64_256nan ----
INFO 09-02 03:33:11 [__init__.py:244] Automatically detected platform rocm.
No masking
[0;31mE20250902 03:33:28.918960 140284867196672 output_stream.cpp:105] Opened result file: ./profiles/standalone_attn_prefill_and_decode_tp8_prefill_then_decode16_2048_64_256nan_kernel_trace.csv
[m[0;31mE20250902 03:33:28.924988 140284867196672 output_stream.cpp:105] Opened result file: ./profiles/standalone_attn_prefill_and_decode_tp8_prefill_then_decode16_2048_64_256nan_agent_info.csv
[m# ---- Run standalone_attn_prefill_and_decode_tp8_prefill_then_decode16_2048_64_512nan ----
INFO 09-02 03:33:44 [__init__.py:244] Automatically detected platform rocm.
No masking
[0;31mE20250902 03:34:05.118461 140597984900864 output_stream.cpp:105] Opened result file: ./profiles/standalone_attn_prefill_and_decode_tp8_prefill_then_decode16_2048_64_512nan_kernel_trace.csv
[m[0;31mE20250902 03:34:05.125381 140597984900864 output_stream.cpp:105] Opened result file: ./profiles/standalone_attn_prefill_and_decode_tp8_prefill_then_decode16_2048_64_512nan_agent_info.csv
[m# ---- Run standalone_attn_prefill_and_decode_tp8_prefill_then_decode16_2048_64_1024nan ----
INFO 09-02 03:34:21 [__init__.py:244] Automatically detected platform rocm.
No masking
[0;31mE20250902 03:34:41.146383 140183205447424 output_stream.cpp:105] Opened result file: ./profiles/standalone_attn_prefill_and_decode_tp8_prefill_then_decode16_2048_64_1024nan_kernel_trace.csv
[m[0;31mE20250902 03:34:41.153258 140183205447424 output_stream.cpp:105] Opened result file: ./profiles/standalone_attn_prefill_and_decode_tp8_prefill_then_decode16_2048_64_1024nan_agent_info.csv
[m# ---- Run standalone_attn_prefill_and_decode_tp8_prefill_then_decode16_2048_64_2048nan ----
INFO 09-02 03:34:56 [__init__.py:244] Automatically detected platform rocm.
No masking
[0;31mE20250902 03:35:14.252408 140709512324864 output_stream.cpp:105] Opened result file: ./profiles/standalone_attn_prefill_and_decode_tp8_prefill_then_decode16_2048_64_2048nan_kernel_trace.csv
[m[0;31mE20250902 03:35:14.258335 140709512324864 output_stream.cpp:105] Opened result file: ./profiles/standalone_attn_prefill_and_decode_tp8_prefill_then_decode16_2048_64_2048nan_agent_info.csv
[m# ---- Run standalone_attn_prefill_and_decode_tp8_prefill_then_decode16_2048_64_4096nan ----
INFO 09-02 03:35:29 [__init__.py:244] Automatically detected platform rocm.
No masking
[0;31mE20250902 03:35:48.125203 140595392550656 output_stream.cpp:105] Opened result file: ./profiles/standalone_attn_prefill_and_decode_tp8_prefill_then_decode16_2048_64_4096nan_kernel_trace.csv
[m[0;31mE20250902 03:35:48.131238 140595392550656 output_stream.cpp:105] Opened result file: ./profiles/standalone_attn_prefill_and_decode_tp8_prefill_then_decode16_2048_64_4096nan_agent_info.csv
[m# ---- Run standalone_attn_prefill_and_decode_tp8_prefill_then_decode16_2048_64_8192nan ----
INFO 09-02 03:36:02 [__init__.py:244] Automatically detected platform rocm.
No masking
[0;31mE20250902 03:36:21.379338 139886413207296 output_stream.cpp:105] Opened result file: ./profiles/standalone_attn_prefill_and_decode_tp8_prefill_then_decode16_2048_64_8192nan_kernel_trace.csv
[m[0;31mE20250902 03:36:21.386991 139886413207296 output_stream.cpp:105] Opened result file: ./profiles/standalone_attn_prefill_and_decode_tp8_prefill_then_decode16_2048_64_8192nan_agent_info.csv
[m# ---- Run standalone_attn_prefill_and_decode_tp8_prefill_then_decode16_2048_128_256nan ----
INFO 09-02 03:36:36 [__init__.py:244] Automatically detected platform rocm.
No masking
[0;31mE20250902 03:36:52.783539 139897608615680 output_stream.cpp:105] Opened result file: ./profiles/standalone_attn_prefill_and_decode_tp8_prefill_then_decode16_2048_128_256nan_kernel_trace.csv
[m[0;31mE20250902 03:36:52.789915 139897608615680 output_stream.cpp:105] Opened result file: ./profiles/standalone_attn_prefill_and_decode_tp8_prefill_then_decode16_2048_128_256nan_agent_info.csv
[m# ---- Run standalone_attn_prefill_and_decode_tp8_prefill_then_decode16_2048_128_512nan ----
INFO 09-02 03:37:07 [__init__.py:244] Automatically detected platform rocm.
No masking
[0;31mE20250902 03:37:23.882867 139845250098944 output_stream.cpp:105] Opened result file: ./profiles/standalone_attn_prefill_and_decode_tp8_prefill_then_decode16_2048_128_512nan_kernel_trace.csv
[m[0;31mE20250902 03:37:23.888846 139845250098944 output_stream.cpp:105] Opened result file: ./profiles/standalone_attn_prefill_and_decode_tp8_prefill_then_decode16_2048_128_512nan_agent_info.csv
[m# ---- Run standalone_attn_prefill_and_decode_tp8_prefill_then_decode16_2048_128_1024nan ----
INFO 09-02 03:37:37 [__init__.py:244] Automatically detected platform rocm.
No masking
[0;31mE20250902 03:37:51.536630 140146624104192 output_stream.cpp:105] Opened result file: ./profiles/standalone_attn_prefill_and_decode_tp8_prefill_then_decode16_2048_128_1024nan_kernel_trace.csv
[m[0;31mE20250902 03:37:51.542655 140146624104192 output_stream.cpp:105] Opened result file: ./profiles/standalone_attn_prefill_and_decode_tp8_prefill_then_decode16_2048_128_1024nan_agent_info.csv
[m# ---- Run standalone_attn_prefill_and_decode_tp8_prefill_then_decode16_2048_128_2048nan ----
INFO 09-02 03:38:04 [__init__.py:244] Automatically detected platform rocm.
No masking
[0;31mE20250902 03:38:19.191999 140555446535936 output_stream.cpp:105] Opened result file: ./profiles/standalone_attn_prefill_and_decode_tp8_prefill_then_decode16_2048_128_2048nan_kernel_trace.csv
[m[0;31mE20250902 03:38:19.198038 140555446535936 output_stream.cpp:105] Opened result file: ./profiles/standalone_attn_prefill_and_decode_tp8_prefill_then_decode16_2048_128_2048nan_agent_info.csv
[m# ---- Run standalone_attn_prefill_and_decode_tp8_prefill_then_decode16_2048_128_4096nan ----
INFO 09-02 03:38:32 [__init__.py:244] Automatically detected platform rocm.
No masking
[0;31mE20250902 03:38:46.932048 139635898988288 output_stream.cpp:105] Opened result file: ./profiles/standalone_attn_prefill_and_decode_tp8_prefill_then_decode16_2048_128_4096nan_kernel_trace.csv
[m[0;31mE20250902 03:38:46.938074 139635898988288 output_stream.cpp:105] Opened result file: ./profiles/standalone_attn_prefill_and_decode_tp8_prefill_then_decode16_2048_128_4096nan_agent_info.csv
[m# ---- Run standalone_attn_prefill_and_decode_tp8_prefill_then_decode16_2048_128_8192nan ----
INFO 09-02 03:39:00 [__init__.py:244] Automatically detected platform rocm.
No masking
[0;31mE20250902 03:39:14.837355 140190253770496 output_stream.cpp:105] Opened result file: ./profiles/standalone_attn_prefill_and_decode_tp8_prefill_then_decode16_2048_128_8192nan_kernel_trace.csv
[m[0;31mE20250902 03:39:14.843707 140190253770496 output_stream.cpp:105] Opened result file: ./profiles/standalone_attn_prefill_and_decode_tp8_prefill_then_decode16_2048_128_8192nan_agent_info.csv
[m# ---- Run standalone_attn_prefill_and_decode_tp8_prefill_then_decode16_4096_1_256nan ----
INFO 09-02 03:39:28 [__init__.py:244] Automatically detected platform rocm.
No masking
[0;31mE20250902 03:39:44.181086 139882876761856 output_stream.cpp:105] Opened result file: ./profiles/standalone_attn_prefill_and_decode_tp8_prefill_then_decode16_4096_1_256nan_kernel_trace.csv
[m[0;31mE20250902 03:39:44.187053 139882876761856 output_stream.cpp:105] Opened result file: ./profiles/standalone_attn_prefill_and_decode_tp8_prefill_then_decode16_4096_1_256nan_agent_info.csv
[m# ---- Run standalone_attn_prefill_and_decode_tp8_prefill_then_decode16_4096_1_512nan ----
INFO 09-02 03:39:57 [__init__.py:244] Automatically detected platform rocm.
No masking
[0;31mE20250902 03:40:12.781862 140616881084160 output_stream.cpp:105] Opened result file: ./profiles/standalone_attn_prefill_and_decode_tp8_prefill_then_decode16_4096_1_512nan_kernel_trace.csv
[m[0;31mE20250902 03:40:12.787986 140616881084160 output_stream.cpp:105] Opened result file: ./profiles/standalone_attn_prefill_and_decode_tp8_prefill_then_decode16_4096_1_512nan_agent_info.csv
[m# ---- Run standalone_attn_prefill_and_decode_tp8_prefill_then_decode16_4096_1_1024nan ----
INFO 09-02 03:40:26 [__init__.py:244] Automatically detected platform rocm.
No masking
[0;31mE20250902 03:40:41.806886 140502314309376 output_stream.cpp:105] Opened result file: ./profiles/standalone_attn_prefill_and_decode_tp8_prefill_then_decode16_4096_1_1024nan_kernel_trace.csv
[m[0;31mE20250902 03:40:41.812883 140502314309376 output_stream.cpp:105] Opened result file: ./profiles/standalone_attn_prefill_and_decode_tp8_prefill_then_decode16_4096_1_1024nan_agent_info.csv
[m# ---- Run standalone_attn_prefill_and_decode_tp8_prefill_then_decode16_4096_1_2048nan ----
INFO 09-02 03:40:54 [__init__.py:244] Automatically detected platform rocm.
No masking
[0;31mE20250902 03:41:10.193850 139908818405120 output_stream.cpp:105] Opened result file: ./profiles/standalone_attn_prefill_and_decode_tp8_prefill_then_decode16_4096_1_2048nan_kernel_trace.csv
[m[0;31mE20250902 03:41:10.199910 139908818405120 output_stream.cpp:105] Opened result file: ./profiles/standalone_attn_prefill_and_decode_tp8_prefill_then_decode16_4096_1_2048nan_agent_info.csv
[m# ---- Run standalone_attn_prefill_and_decode_tp8_prefill_then_decode16_4096_1_4096nan ----
INFO 09-02 03:41:23 [__init__.py:244] Automatically detected platform rocm.
No masking
[0;31mE20250902 03:41:39.025355 140539897313024 output_stream.cpp:105] Opened result file: ./profiles/standalone_attn_prefill_and_decode_tp8_prefill_then_decode16_4096_1_4096nan_kernel_trace.csv
[m[0;31mE20250902 03:41:39.031326 140539897313024 output_stream.cpp:105] Opened result file: ./profiles/standalone_attn_prefill_and_decode_tp8_prefill_then_decode16_4096_1_4096nan_agent_info.csv
[m# ---- Run standalone_attn_prefill_and_decode_tp8_prefill_then_decode16_4096_1_8192nan ----
INFO 09-02 03:41:52 [__init__.py:244] Automatically detected platform rocm.
No masking
[0;31mE20250902 03:42:07.646019 140210610697984 output_stream.cpp:105] Opened result file: ./profiles/standalone_attn_prefill_and_decode_tp8_prefill_then_decode16_4096_1_8192nan_kernel_trace.csv
[m[0;31mE20250902 03:42:07.652006 140210610697984 output_stream.cpp:105] Opened result file: ./profiles/standalone_attn_prefill_and_decode_tp8_prefill_then_decode16_4096_1_8192nan_agent_info.csv
[m# ---- Run standalone_attn_prefill_and_decode_tp8_prefill_then_decode16_4096_2_256nan ----
INFO 09-02 03:42:21 [__init__.py:244] Automatically detected platform rocm.
No masking
[0;31mE20250902 03:42:36.560714 139818823235328 output_stream.cpp:105] Opened result file: ./profiles/standalone_attn_prefill_and_decode_tp8_prefill_then_decode16_4096_2_256nan_kernel_trace.csv
[m[0;31mE20250902 03:42:36.566624 139818823235328 output_stream.cpp:105] Opened result file: ./profiles/standalone_attn_prefill_and_decode_tp8_prefill_then_decode16_4096_2_256nan_agent_info.csv
[m# ---- Run standalone_attn_prefill_and_decode_tp8_prefill_then_decode16_4096_2_512nan ----
INFO 09-02 03:42:50 [__init__.py:244] Automatically detected platform rocm.
No masking
[0;31mE20250902 03:43:05.534621 140561619199744 output_stream.cpp:105] Opened result file: ./profiles/standalone_attn_prefill_and_decode_tp8_prefill_then_decode16_4096_2_512nan_kernel_trace.csv
[m[0;31mE20250902 03:43:05.540684 140561619199744 output_stream.cpp:105] Opened result file: ./profiles/standalone_attn_prefill_and_decode_tp8_prefill_then_decode16_4096_2_512nan_agent_info.csv
[m# ---- Run standalone_attn_prefill_and_decode_tp8_prefill_then_decode16_4096_2_1024nan ----
INFO 09-02 03:43:19 [__init__.py:244] Automatically detected platform rocm.
No masking
[0;31mE20250902 03:43:34.774278 139961328989952 output_stream.cpp:105] Opened result file: ./profiles/standalone_attn_prefill_and_decode_tp8_prefill_then_decode16_4096_2_1024nan_kernel_trace.csv
[m[0;31mE20250902 03:43:34.780222 139961328989952 output_stream.cpp:105] Opened result file: ./profiles/standalone_attn_prefill_and_decode_tp8_prefill_then_decode16_4096_2_1024nan_agent_info.csv
[m# ---- Run standalone_attn_prefill_and_decode_tp8_prefill_then_decode16_4096_2_2048nan ----
INFO 09-02 03:43:48 [__init__.py:244] Automatically detected platform rocm.
No masking
[0;31mE20250902 03:44:03.951727 139683312752384 output_stream.cpp:105] Opened result file: ./profiles/standalone_attn_prefill_and_decode_tp8_prefill_then_decode16_4096_2_2048nan_kernel_trace.csv
[m[0;31mE20250902 03:44:03.957649 139683312752384 output_stream.cpp:105] Opened result file: ./profiles/standalone_attn_prefill_and_decode_tp8_prefill_then_decode16_4096_2_2048nan_agent_info.csv
[m# ---- Run standalone_attn_prefill_and_decode_tp8_prefill_then_decode16_4096_2_4096nan ----
INFO 09-02 03:44:17 [__init__.py:244] Automatically detected platform rocm.
No masking
[0;31mE20250902 03:44:33.082646 140040097601280 output_stream.cpp:105] Opened result file: ./profiles/standalone_attn_prefill_and_decode_tp8_prefill_then_decode16_4096_2_4096nan_kernel_trace.csv
[m[0;31mE20250902 03:44:33.088676 140040097601280 output_stream.cpp:105] Opened result file: ./profiles/standalone_attn_prefill_and_decode_tp8_prefill_then_decode16_4096_2_4096nan_agent_info.csv
[m# ---- Run standalone_attn_prefill_and_decode_tp8_prefill_then_decode16_4096_2_8192nan ----
INFO 09-02 03:44:46 [__init__.py:244] Automatically detected platform rocm.
No masking
[0;31mE20250902 03:45:02.055671 140250832742144 output_stream.cpp:105] Opened result file: ./profiles/standalone_attn_prefill_and_decode_tp8_prefill_then_decode16_4096_2_8192nan_kernel_trace.csv
[m[0;31mE20250902 03:45:02.061688 140250832742144 output_stream.cpp:105] Opened result file: ./profiles/standalone_attn_prefill_and_decode_tp8_prefill_then_decode16_4096_2_8192nan_agent_info.csv
[m# ---- Run standalone_attn_prefill_and_decode_tp8_prefill_then_decode16_4096_4_256nan ----
INFO 09-02 03:45:15 [__init__.py:244] Automatically detected platform rocm.
No masking
[0;31mE20250902 03:45:30.761625 140716740400896 output_stream.cpp:105] Opened result file: ./profiles/standalone_attn_prefill_and_decode_tp8_prefill_then_decode16_4096_4_256nan_kernel_trace.csv
[m[0;31mE20250902 03:45:30.767743 140716740400896 output_stream.cpp:105] Opened result file: ./profiles/standalone_attn_prefill_and_decode_tp8_prefill_then_decode16_4096_4_256nan_agent_info.csv
[m# ---- Run standalone_attn_prefill_and_decode_tp8_prefill_then_decode16_4096_4_512nan ----
INFO 09-02 03:45:44 [__init__.py:244] Automatically detected platform rocm.
No masking
[0;31mE20250902 03:45:59.986268 140367138842368 output_stream.cpp:105] Opened result file: ./profiles/standalone_attn_prefill_and_decode_tp8_prefill_then_decode16_4096_4_512nan_kernel_trace.csv
[m[0;31mE20250902 03:45:59.992188 140367138842368 output_stream.cpp:105] Opened result file: ./profiles/standalone_attn_prefill_and_decode_tp8_prefill_then_decode16_4096_4_512nan_agent_info.csv
[m# ---- Run standalone_attn_prefill_and_decode_tp8_prefill_then_decode16_4096_4_1024nan ----
INFO 09-02 03:46:13 [__init__.py:244] Automatically detected platform rocm.
No masking
[0;31mE20250902 03:46:28.815093 139903441286912 output_stream.cpp:105] Opened result file: ./profiles/standalone_attn_prefill_and_decode_tp8_prefill_then_decode16_4096_4_1024nan_kernel_trace.csv
[m[0;31mE20250902 03:46:28.821095 139903441286912 output_stream.cpp:105] Opened result file: ./profiles/standalone_attn_prefill_and_decode_tp8_prefill_then_decode16_4096_4_1024nan_agent_info.csv
[m# ---- Run standalone_attn_prefill_and_decode_tp8_prefill_then_decode16_4096_4_2048nan ----
INFO 09-02 03:46:42 [__init__.py:244] Automatically detected platform rocm.
No masking
[0;31mE20250902 03:46:58.185477 140089144059648 output_stream.cpp:105] Opened result file: ./profiles/standalone_attn_prefill_and_decode_tp8_prefill_then_decode16_4096_4_2048nan_kernel_trace.csv
[m[0;31mE20250902 03:46:58.191658 140089144059648 output_stream.cpp:105] Opened result file: ./profiles/standalone_attn_prefill_and_decode_tp8_prefill_then_decode16_4096_4_2048nan_agent_info.csv
[m# ---- Run standalone_attn_prefill_and_decode_tp8_prefill_then_decode16_4096_4_4096nan ----
INFO 09-02 03:47:11 [__init__.py:244] Automatically detected platform rocm.
No masking
[0;31mE20250902 03:47:27.114532 140385564108544 output_stream.cpp:105] Opened result file: ./profiles/standalone_attn_prefill_and_decode_tp8_prefill_then_decode16_4096_4_4096nan_kernel_trace.csv
[m[0;31mE20250902 03:47:27.120683 140385564108544 output_stream.cpp:105] Opened result file: ./profiles/standalone_attn_prefill_and_decode_tp8_prefill_then_decode16_4096_4_4096nan_agent_info.csv
[m# ---- Run standalone_attn_prefill_and_decode_tp8_prefill_then_decode16_4096_4_8192nan ----
INFO 09-02 03:47:40 [__init__.py:244] Automatically detected platform rocm.
No masking
[0;31mE20250902 03:47:56.126771 139876547327744 output_stream.cpp:105] Opened result file: ./profiles/standalone_attn_prefill_and_decode_tp8_prefill_then_decode16_4096_4_8192nan_kernel_trace.csv
[m[0;31mE20250902 03:47:56.132854 139876547327744 output_stream.cpp:105] Opened result file: ./profiles/standalone_attn_prefill_and_decode_tp8_prefill_then_decode16_4096_4_8192nan_agent_info.csv
[m# ---- Run standalone_attn_prefill_and_decode_tp8_prefill_then_decode16_4096_8_256nan ----
INFO 09-02 03:48:09 [__init__.py:244] Automatically detected platform rocm.
No masking
[0;31mE20250902 03:48:25.038486 139845145614080 output_stream.cpp:105] Opened result file: ./profiles/standalone_attn_prefill_and_decode_tp8_prefill_then_decode16_4096_8_256nan_kernel_trace.csv
[m[0;31mE20250902 03:48:25.044666 139845145614080 output_stream.cpp:105] Opened result file: ./profiles/standalone_attn_prefill_and_decode_tp8_prefill_then_decode16_4096_8_256nan_agent_info.csv
[m# ---- Run standalone_attn_prefill_and_decode_tp8_prefill_then_decode16_4096_8_512nan ----
INFO 09-02 03:48:38 [__init__.py:244] Automatically detected platform rocm.
No masking
[0;31mE20250902 03:48:54.161331 139679335556864 output_stream.cpp:105] Opened result file: ./profiles/standalone_attn_prefill_and_decode_tp8_prefill_then_decode16_4096_8_512nan_kernel_trace.csv
[m[0;31mE20250902 03:48:54.167843 139679335556864 output_stream.cpp:105] Opened result file: ./profiles/standalone_attn_prefill_and_decode_tp8_prefill_then_decode16_4096_8_512nan_agent_info.csv
[m# ---- Run standalone_attn_prefill_and_decode_tp8_prefill_then_decode16_4096_8_1024nan ----
INFO 09-02 03:49:07 [__init__.py:244] Automatically detected platform rocm.
No masking
[0;31mE20250902 03:49:23.494450 140099581732608 output_stream.cpp:105] Opened result file: ./profiles/standalone_attn_prefill_and_decode_tp8_prefill_then_decode16_4096_8_1024nan_kernel_trace.csv
[m[0;31mE20250902 03:49:23.500581 140099581732608 output_stream.cpp:105] Opened result file: ./profiles/standalone_attn_prefill_and_decode_tp8_prefill_then_decode16_4096_8_1024nan_agent_info.csv
[m# ---- Run standalone_attn_prefill_and_decode_tp8_prefill_then_decode16_4096_8_2048nan ----
INFO 09-02 03:49:37 [__init__.py:244] Automatically detected platform rocm.
No masking
[0;31mE20250902 03:49:52.738859 140680836220672 output_stream.cpp:105] Opened result file: ./profiles/standalone_attn_prefill_and_decode_tp8_prefill_then_decode16_4096_8_2048nan_kernel_trace.csv
[m[0;31mE20250902 03:49:52.744825 140680836220672 output_stream.cpp:105] Opened result file: ./profiles/standalone_attn_prefill_and_decode_tp8_prefill_then_decode16_4096_8_2048nan_agent_info.csv
[m# ---- Run standalone_attn_prefill_and_decode_tp8_prefill_then_decode16_4096_8_4096nan ----
INFO 09-02 03:50:06 [__init__.py:244] Automatically detected platform rocm.
No masking
[0;31mE20250902 03:50:21.703225 139836252858112 output_stream.cpp:105] Opened result file: ./profiles/standalone_attn_prefill_and_decode_tp8_prefill_then_decode16_4096_8_4096nan_kernel_trace.csv
[m[0;31mE20250902 03:50:21.709340 139836252858112 output_stream.cpp:105] Opened result file: ./profiles/standalone_attn_prefill_and_decode_tp8_prefill_then_decode16_4096_8_4096nan_agent_info.csv
[m# ---- Run standalone_attn_prefill_and_decode_tp8_prefill_then_decode16_4096_8_8192nan ----
INFO 09-02 03:50:35 [__init__.py:244] Automatically detected platform rocm.
No masking
[0;31mE20250902 03:50:50.968528 139934148523776 output_stream.cpp:105] Opened result file: ./profiles/standalone_attn_prefill_and_decode_tp8_prefill_then_decode16_4096_8_8192nan_kernel_trace.csv
[m[0;31mE20250902 03:50:50.974665 139934148523776 output_stream.cpp:105] Opened result file: ./profiles/standalone_attn_prefill_and_decode_tp8_prefill_then_decode16_4096_8_8192nan_agent_info.csv
[m# ---- Run standalone_attn_prefill_and_decode_tp8_prefill_then_decode16_4096_16_256nan ----
INFO 09-02 03:51:05 [__init__.py:244] Automatically detected platform rocm.
No masking
[0;31mE20250902 03:51:20.496461 140020540479232 output_stream.cpp:105] Opened result file: ./profiles/standalone_attn_prefill_and_decode_tp8_prefill_then_decode16_4096_16_256nan_kernel_trace.csv
[m[0;31mE20250902 03:51:20.502638 140020540479232 output_stream.cpp:105] Opened result file: ./profiles/standalone_attn_prefill_and_decode_tp8_prefill_then_decode16_4096_16_256nan_agent_info.csv
[m# ---- Run standalone_attn_prefill_and_decode_tp8_prefill_then_decode16_4096_16_512nan ----
INFO 09-02 03:51:34 [__init__.py:244] Automatically detected platform rocm.
No masking
[0;31mE20250902 03:51:49.603356 140113435383552 output_stream.cpp:105] Opened result file: ./profiles/standalone_attn_prefill_and_decode_tp8_prefill_then_decode16_4096_16_512nan_kernel_trace.csv
[m[0;31mE20250902 03:51:49.609501 140113435383552 output_stream.cpp:105] Opened result file: ./profiles/standalone_attn_prefill_and_decode_tp8_prefill_then_decode16_4096_16_512nan_agent_info.csv
[m# ---- Run standalone_attn_prefill_and_decode_tp8_prefill_then_decode16_4096_16_1024nan ----
INFO 09-02 03:52:03 [__init__.py:244] Automatically detected platform rocm.
No masking
[0;31mE20250902 03:52:18.701285 139696120923904 output_stream.cpp:105] Opened result file: ./profiles/standalone_attn_prefill_and_decode_tp8_prefill_then_decode16_4096_16_1024nan_kernel_trace.csv
[m[0;31mE20250902 03:52:18.707336 139696120923904 output_stream.cpp:105] Opened result file: ./profiles/standalone_attn_prefill_and_decode_tp8_prefill_then_decode16_4096_16_1024nan_agent_info.csv
[m# ---- Run standalone_attn_prefill_and_decode_tp8_prefill_then_decode16_4096_16_2048nan ----
INFO 09-02 03:52:32 [__init__.py:244] Automatically detected platform rocm.
No masking
[0;31mE20250902 03:52:47.774677 139724638856960 output_stream.cpp:105] Opened result file: ./profiles/standalone_attn_prefill_and_decode_tp8_prefill_then_decode16_4096_16_2048nan_kernel_trace.csv
[m[0;31mE20250902 03:52:47.780742 139724638856960 output_stream.cpp:105] Opened result file: ./profiles/standalone_attn_prefill_and_decode_tp8_prefill_then_decode16_4096_16_2048nan_agent_info.csv
[m# ---- Run standalone_attn_prefill_and_decode_tp8_prefill_then_decode16_4096_16_4096nan ----
INFO 09-02 03:53:01 [__init__.py:244] Automatically detected platform rocm.
No masking
[0;31mE20250902 03:53:17.001142 140660666279680 output_stream.cpp:105] Opened result file: ./profiles/standalone_attn_prefill_and_decode_tp8_prefill_then_decode16_4096_16_4096nan_kernel_trace.csv
[m[0;31mE20250902 03:53:17.007336 140660666279680 output_stream.cpp:105] Opened result file: ./profiles/standalone_attn_prefill_and_decode_tp8_prefill_then_decode16_4096_16_4096nan_agent_info.csv
[m# ---- Run standalone_attn_prefill_and_decode_tp8_prefill_then_decode16_4096_16_8192nan ----
INFO 09-02 03:53:30 [__init__.py:244] Automatically detected platform rocm.
No masking
[0;31mE20250902 03:53:46.319773 139686413829888 output_stream.cpp:105] Opened result file: ./profiles/standalone_attn_prefill_and_decode_tp8_prefill_then_decode16_4096_16_8192nan_kernel_trace.csv
[m[0;31mE20250902 03:53:46.325895 139686413829888 output_stream.cpp:105] Opened result file: ./profiles/standalone_attn_prefill_and_decode_tp8_prefill_then_decode16_4096_16_8192nan_agent_info.csv
[m# ---- Run standalone_attn_prefill_and_decode_tp8_prefill_then_decode16_4096_32_256nan ----
INFO 09-02 03:53:59 [__init__.py:244] Automatically detected platform rocm.
No masking
[0;31mE20250902 03:54:15.300126 139869775161088 output_stream.cpp:105] Opened result file: ./profiles/standalone_attn_prefill_and_decode_tp8_prefill_then_decode16_4096_32_256nan_kernel_trace.csv
[m[0;31mE20250902 03:54:15.306261 139869775161088 output_stream.cpp:105] Opened result file: ./profiles/standalone_attn_prefill_and_decode_tp8_prefill_then_decode16_4096_32_256nan_agent_info.csv
[m# ---- Run standalone_attn_prefill_and_decode_tp8_prefill_then_decode16_4096_32_512nan ----
INFO 09-02 03:54:28 [__init__.py:244] Automatically detected platform rocm.
No masking
[0;31mE20250902 03:54:44.393809 139854966941440 output_stream.cpp:105] Opened result file: ./profiles/standalone_attn_prefill_and_decode_tp8_prefill_then_decode16_4096_32_512nan_kernel_trace.csv
[m[0;31mE20250902 03:54:44.399763 139854966941440 output_stream.cpp:105] Opened result file: ./profiles/standalone_attn_prefill_and_decode_tp8_prefill_then_decode16_4096_32_512nan_agent_info.csv
[m# ---- Run standalone_attn_prefill_and_decode_tp8_prefill_then_decode16_4096_32_1024nan ----
INFO 09-02 03:54:57 [__init__.py:244] Automatically detected platform rocm.
No masking
[0;31mE20250902 03:55:13.207547 139992300943104 output_stream.cpp:105] Opened result file: ./profiles/standalone_attn_prefill_and_decode_tp8_prefill_then_decode16_4096_32_1024nan_kernel_trace.csv
[m[0;31mE20250902 03:55:13.213570 139992300943104 output_stream.cpp:105] Opened result file: ./profiles/standalone_attn_prefill_and_decode_tp8_prefill_then_decode16_4096_32_1024nan_agent_info.csv
[m# ---- Run standalone_attn_prefill_and_decode_tp8_prefill_then_decode16_4096_32_2048nan ----
INFO 09-02 03:55:27 [__init__.py:244] Automatically detected platform rocm.
No masking
[0;31mE20250902 03:55:42.428918 139639315932928 output_stream.cpp:105] Opened result file: ./profiles/standalone_attn_prefill_and_decode_tp8_prefill_then_decode16_4096_32_2048nan_kernel_trace.csv
[m[0;31mE20250902 03:55:42.434970 139639315932928 output_stream.cpp:105] Opened result file: ./profiles/standalone_attn_prefill_and_decode_tp8_prefill_then_decode16_4096_32_2048nan_agent_info.csv
[m# ---- Run standalone_attn_prefill_and_decode_tp8_prefill_then_decode16_4096_32_4096nan ----
INFO 09-02 03:55:56 [__init__.py:244] Automatically detected platform rocm.
No masking
[0;31mE20250902 03:56:11.808034 140654821717760 output_stream.cpp:105] Opened result file: ./profiles/standalone_attn_prefill_and_decode_tp8_prefill_then_decode16_4096_32_4096nan_kernel_trace.csv
[m[0;31mE20250902 03:56:11.814148 140654821717760 output_stream.cpp:105] Opened result file: ./profiles/standalone_attn_prefill_and_decode_tp8_prefill_then_decode16_4096_32_4096nan_agent_info.csv
[m# ---- Run standalone_attn_prefill_and_decode_tp8_prefill_then_decode16_4096_32_8192nan ----
INFO 09-02 03:56:26 [__init__.py:244] Automatically detected platform rocm.
No masking
[0;31mE20250902 03:56:41.515923 139634801780480 output_stream.cpp:105] Opened result file: ./profiles/standalone_attn_prefill_and_decode_tp8_prefill_then_decode16_4096_32_8192nan_kernel_trace.csv
[m[0;31mE20250902 03:56:41.521767 139634801780480 output_stream.cpp:105] Opened result file: ./profiles/standalone_attn_prefill_and_decode_tp8_prefill_then_decode16_4096_32_8192nan_agent_info.csv
[m# ---- Run standalone_attn_prefill_and_decode_tp8_prefill_then_decode16_4096_64_256nan ----
INFO 09-02 03:56:55 [__init__.py:244] Automatically detected platform rocm.
No masking
[0;31mE20250902 03:57:10.792188 139766231549696 output_stream.cpp:105] Opened result file: ./profiles/standalone_attn_prefill_and_decode_tp8_prefill_then_decode16_4096_64_256nan_kernel_trace.csv
[m[0;31mE20250902 03:57:10.798304 139766231549696 output_stream.cpp:105] Opened result file: ./profiles/standalone_attn_prefill_and_decode_tp8_prefill_then_decode16_4096_64_256nan_agent_info.csv
[m# ---- Run standalone_attn_prefill_and_decode_tp8_prefill_then_decode16_4096_64_512nan ----
INFO 09-02 03:57:24 [__init__.py:244] Automatically detected platform rocm.
No masking
[0;31mE20250902 03:57:39.792849 139684801124096 output_stream.cpp:105] Opened result file: ./profiles/standalone_attn_prefill_and_decode_tp8_prefill_then_decode16_4096_64_512nan_kernel_trace.csv
[m[0;31mE20250902 03:57:39.798927 139684801124096 output_stream.cpp:105] Opened result file: ./profiles/standalone_attn_prefill_and_decode_tp8_prefill_then_decode16_4096_64_512nan_agent_info.csv
[m# ---- Run standalone_attn_prefill_and_decode_tp8_prefill_then_decode16_4096_64_1024nan ----
INFO 09-02 03:57:53 [__init__.py:244] Automatically detected platform rocm.
No masking
[0;31mE20250902 03:58:09.189330 139953143895808 output_stream.cpp:105] Opened result file: ./profiles/standalone_attn_prefill_and_decode_tp8_prefill_then_decode16_4096_64_1024nan_kernel_trace.csv
[m[0;31mE20250902 03:58:09.195221 139953143895808 output_stream.cpp:105] Opened result file: ./profiles/standalone_attn_prefill_and_decode_tp8_prefill_then_decode16_4096_64_1024nan_agent_info.csv
[m# ---- Run standalone_attn_prefill_and_decode_tp8_prefill_then_decode16_4096_64_2048nan ----
INFO 09-02 03:58:23 [__init__.py:244] Automatically detected platform rocm.
No masking
[0;31mE20250902 03:58:38.587024 139932820694784 output_stream.cpp:105] Opened result file: ./profiles/standalone_attn_prefill_and_decode_tp8_prefill_then_decode16_4096_64_2048nan_kernel_trace.csv
[m[0;31mE20250902 03:58:38.593024 139932820694784 output_stream.cpp:105] Opened result file: ./profiles/standalone_attn_prefill_and_decode_tp8_prefill_then_decode16_4096_64_2048nan_agent_info.csv
[m# ---- Run standalone_attn_prefill_and_decode_tp8_prefill_then_decode16_4096_64_4096nan ----
INFO 09-02 03:58:52 [__init__.py:244] Automatically detected platform rocm.
No masking
[0;31mE20250902 03:59:08.197033 140326872164096 output_stream.cpp:105] Opened result file: ./profiles/standalone_attn_prefill_and_decode_tp8_prefill_then_decode16_4096_64_4096nan_kernel_trace.csv
[m[0;31mE20250902 03:59:08.202887 140326872164096 output_stream.cpp:105] Opened result file: ./profiles/standalone_attn_prefill_and_decode_tp8_prefill_then_decode16_4096_64_4096nan_agent_info.csv
[m# ---- Run standalone_attn_prefill_and_decode_tp8_prefill_then_decode16_4096_64_8192nan ----
INFO 09-02 03:59:22 [__init__.py:244] Automatically detected platform rocm.
No masking
[0;31mE20250902 03:59:37.307605 140311396476672 output_stream.cpp:105] Opened result file: ./profiles/standalone_attn_prefill_and_decode_tp8_prefill_then_decode16_4096_64_8192nan_kernel_trace.csv
[m[0;31mE20250902 03:59:37.313625 140311396476672 output_stream.cpp:105] Opened result file: ./profiles/standalone_attn_prefill_and_decode_tp8_prefill_then_decode16_4096_64_8192nan_agent_info.csv
[m# ---- Run standalone_attn_prefill_and_decode_tp8_prefill_then_decode16_4096_128_256nan ----
INFO 09-02 03:59:50 [__init__.py:244] Automatically detected platform rocm.
No masking
[0;31mE20250902 04:00:07.651101 140395398813440 output_stream.cpp:105] Opened result file: ./profiles/standalone_attn_prefill_and_decode_tp8_prefill_then_decode16_4096_128_256nan_kernel_trace.csv
[m[0;31mE20250902 04:00:07.656903 140395398813440 output_stream.cpp:105] Opened result file: ./profiles/standalone_attn_prefill_and_decode_tp8_prefill_then_decode16_4096_128_256nan_agent_info.csv
[m# ---- Run standalone_attn_prefill_and_decode_tp8_prefill_then_decode16_4096_128_512nan ----
INFO 09-02 04:00:21 [__init__.py:244] Automatically detected platform rocm.
No masking
[0;31mE20250902 04:00:36.158884 140360658294528 output_stream.cpp:105] Opened result file: ./profiles/standalone_attn_prefill_and_decode_tp8_prefill_then_decode16_4096_128_512nan_kernel_trace.csv
[m[0;31mE20250902 04:00:36.166027 140360658294528 output_stream.cpp:105] Opened result file: ./profiles/standalone_attn_prefill_and_decode_tp8_prefill_then_decode16_4096_128_512nan_agent_info.csv
[m# ---- Run standalone_attn_prefill_and_decode_tp8_prefill_then_decode16_4096_128_1024nan ----
INFO 09-02 04:00:49 [__init__.py:244] Automatically detected platform rocm.
No masking
[0;31mE20250902 04:01:04.053286 139727296304896 output_stream.cpp:105] Opened result file: ./profiles/standalone_attn_prefill_and_decode_tp8_prefill_then_decode16_4096_128_1024nan_kernel_trace.csv
[m[0;31mE20250902 04:01:04.059176 139727296304896 output_stream.cpp:105] Opened result file: ./profiles/standalone_attn_prefill_and_decode_tp8_prefill_then_decode16_4096_128_1024nan_agent_info.csv
[m# ---- Run standalone_attn_prefill_and_decode_tp8_prefill_then_decode16_4096_128_2048nan ----
INFO 09-02 04:01:17 [__init__.py:244] Automatically detected platform rocm.
No masking
[0;31mE20250902 04:01:31.639618 139787364763392 output_stream.cpp:105] Opened result file: ./profiles/standalone_attn_prefill_and_decode_tp8_prefill_then_decode16_4096_128_2048nan_kernel_trace.csv
[m[0;31mE20250902 04:01:31.645526 139787364763392 output_stream.cpp:105] Opened result file: ./profiles/standalone_attn_prefill_and_decode_tp8_prefill_then_decode16_4096_128_2048nan_agent_info.csv
[m# ---- Run standalone_attn_prefill_and_decode_tp8_prefill_then_decode16_4096_128_4096nan ----
INFO 09-02 04:01:44 [__init__.py:244] Automatically detected platform rocm.
No masking
[0;31mE20250902 04:01:59.221590 140464014776064 output_stream.cpp:105] Opened result file: ./profiles/standalone_attn_prefill_and_decode_tp8_prefill_then_decode16_4096_128_4096nan_kernel_trace.csv
[m[0;31mE20250902 04:01:59.227492 140464014776064 output_stream.cpp:105] Opened result file: ./profiles/standalone_attn_prefill_and_decode_tp8_prefill_then_decode16_4096_128_4096nan_agent_info.csv
[m# ---- Run standalone_attn_prefill_and_decode_tp8_prefill_then_decode16_4096_128_8192nan ----
INFO 09-02 04:02:12 [__init__.py:244] Automatically detected platform rocm.
No masking
[0;31mE20250902 04:02:27.460882 140453520807680 output_stream.cpp:105] Opened result file: ./profiles/standalone_attn_prefill_and_decode_tp8_prefill_then_decode16_4096_128_8192nan_kernel_trace.csv
[m[0;31mE20250902 04:02:27.466591 140453520807680 output_stream.cpp:105] Opened result file: ./profiles/standalone_attn_prefill_and_decode_tp8_prefill_then_decode16_4096_128_8192nan_agent_info.csv
[m# ---- Run standalone_attn_prefill_and_decode_tp8_prefill_then_decode16_8192_1_256nan ----
INFO 09-02 04:02:40 [__init__.py:244] Automatically detected platform rocm.
No masking
[0;31mE20250902 04:02:56.637985 140543287224064 output_stream.cpp:105] Opened result file: ./profiles/standalone_attn_prefill_and_decode_tp8_prefill_then_decode16_8192_1_256nan_kernel_trace.csv
[m[0;31mE20250902 04:02:56.643931 140543287224064 output_stream.cpp:105] Opened result file: ./profiles/standalone_attn_prefill_and_decode_tp8_prefill_then_decode16_8192_1_256nan_agent_info.csv
[m# ---- Run standalone_attn_prefill_and_decode_tp8_prefill_then_decode16_8192_1_512nan ----
INFO 09-02 04:03:10 [__init__.py:244] Automatically detected platform rocm.
No masking
[0;31mE20250902 04:03:26.326701 140317865162496 output_stream.cpp:105] Opened result file: ./profiles/standalone_attn_prefill_and_decode_tp8_prefill_then_decode16_8192_1_512nan_kernel_trace.csv
[m[0;31mE20250902 04:03:26.332533 140317865162496 output_stream.cpp:105] Opened result file: ./profiles/standalone_attn_prefill_and_decode_tp8_prefill_then_decode16_8192_1_512nan_agent_info.csv
[m# ---- Run standalone_attn_prefill_and_decode_tp8_prefill_then_decode16_8192_1_1024nan ----
INFO 09-02 04:03:39 [__init__.py:244] Automatically detected platform rocm.
No masking
[0;31mE20250902 04:03:55.894510 140542037915392 output_stream.cpp:105] Opened result file: ./profiles/standalone_attn_prefill_and_decode_tp8_prefill_then_decode16_8192_1_1024nan_kernel_trace.csv
[m[0;31mE20250902 04:03:55.900395 140542037915392 output_stream.cpp:105] Opened result file: ./profiles/standalone_attn_prefill_and_decode_tp8_prefill_then_decode16_8192_1_1024nan_agent_info.csv
[m# ---- Run standalone_attn_prefill_and_decode_tp8_prefill_then_decode16_8192_1_2048nan ----
INFO 09-02 04:04:09 [__init__.py:244] Automatically detected platform rocm.
No masking
[0;31mE20250902 04:04:24.880225 140053781481216 output_stream.cpp:105] Opened result file: ./profiles/standalone_attn_prefill_and_decode_tp8_prefill_then_decode16_8192_1_2048nan_kernel_trace.csv
[m[0;31mE20250902 04:04:24.886303 140053781481216 output_stream.cpp:105] Opened result file: ./profiles/standalone_attn_prefill_and_decode_tp8_prefill_then_decode16_8192_1_2048nan_agent_info.csv
[m# ---- Run standalone_attn_prefill_and_decode_tp8_prefill_then_decode16_8192_1_4096nan ----
INFO 09-02 04:04:38 [__init__.py:244] Automatically detected platform rocm.
No masking
[0;31mE20250902 04:04:54.419735 140568725968640 output_stream.cpp:105] Opened result file: ./profiles/standalone_attn_prefill_and_decode_tp8_prefill_then_decode16_8192_1_4096nan_kernel_trace.csv
[m[0;31mE20250902 04:04:54.425604 140568725968640 output_stream.cpp:105] Opened result file: ./profiles/standalone_attn_prefill_and_decode_tp8_prefill_then_decode16_8192_1_4096nan_agent_info.csv
[m# ---- Run standalone_attn_prefill_and_decode_tp8_prefill_then_decode16_8192_1_8192nan ----
INFO 09-02 04:05:08 [__init__.py:244] Automatically detected platform rocm.
No masking
[0;31mE20250902 04:05:23.666258 140016496842496 output_stream.cpp:105] Opened result file: ./profiles/standalone_attn_prefill_and_decode_tp8_prefill_then_decode16_8192_1_8192nan_kernel_trace.csv
[m[0;31mE20250902 04:05:23.672208 140016496842496 output_stream.cpp:105] Opened result file: ./profiles/standalone_attn_prefill_and_decode_tp8_prefill_then_decode16_8192_1_8192nan_agent_info.csv
[m# ---- Run standalone_attn_prefill_and_decode_tp8_prefill_then_decode16_8192_2_256nan ----
INFO 09-02 04:05:37 [__init__.py:244] Automatically detected platform rocm.
No masking
[0;31mE20250902 04:05:53.394329 140188806391552 output_stream.cpp:105] Opened result file: ./profiles/standalone_attn_prefill_and_decode_tp8_prefill_then_decode16_8192_2_256nan_kernel_trace.csv
[m[0;31mE20250902 04:05:53.400318 140188806391552 output_stream.cpp:105] Opened result file: ./profiles/standalone_attn_prefill_and_decode_tp8_prefill_then_decode16_8192_2_256nan_agent_info.csv
[m# ---- Run standalone_attn_prefill_and_decode_tp8_prefill_then_decode16_8192_2_512nan ----
INFO 09-02 04:06:07 [__init__.py:244] Automatically detected platform rocm.
No masking
[0;31mE20250902 04:06:23.312889 139731150092032 output_stream.cpp:105] Opened result file: ./profiles/standalone_attn_prefill_and_decode_tp8_prefill_then_decode16_8192_2_512nan_kernel_trace.csv
[m[0;31mE20250902 04:06:23.318865 139731150092032 output_stream.cpp:105] Opened result file: ./profiles/standalone_attn_prefill_and_decode_tp8_prefill_then_decode16_8192_2_512nan_agent_info.csv
[m# ---- Run standalone_attn_prefill_and_decode_tp8_prefill_then_decode16_8192_2_1024nan ----
INFO 09-02 04:06:36 [__init__.py:244] Automatically detected platform rocm.
No masking
[0;31mE20250902 04:06:52.594286 139650642257664 output_stream.cpp:105] Opened result file: ./profiles/standalone_attn_prefill_and_decode_tp8_prefill_then_decode16_8192_2_1024nan_kernel_trace.csv
[m[0;31mE20250902 04:06:52.600237 139650642257664 output_stream.cpp:105] Opened result file: ./profiles/standalone_attn_prefill_and_decode_tp8_prefill_then_decode16_8192_2_1024nan_agent_info.csv
[m# ---- Run standalone_attn_prefill_and_decode_tp8_prefill_then_decode16_8192_2_2048nan ----
INFO 09-02 04:07:06 [__init__.py:244] Automatically detected platform rocm.
No masking
[0;31mE20250902 04:07:21.906712 139888225965824 output_stream.cpp:105] Opened result file: ./profiles/standalone_attn_prefill_and_decode_tp8_prefill_then_decode16_8192_2_2048nan_kernel_trace.csv
[m[0;31mE20250902 04:07:21.912662 139888225965824 output_stream.cpp:105] Opened result file: ./profiles/standalone_attn_prefill_and_decode_tp8_prefill_then_decode16_8192_2_2048nan_agent_info.csv
[m# ---- Run standalone_attn_prefill_and_decode_tp8_prefill_then_decode16_8192_2_4096nan ----
INFO 09-02 04:07:35 [__init__.py:244] Automatically detected platform rocm.
No masking
[0;31mE20250902 04:07:51.133979 139913382156032 output_stream.cpp:105] Opened result file: ./profiles/standalone_attn_prefill_and_decode_tp8_prefill_then_decode16_8192_2_4096nan_kernel_trace.csv
[m[0;31mE20250902 04:07:51.139927 139913382156032 output_stream.cpp:105] Opened result file: ./profiles/standalone_attn_prefill_and_decode_tp8_prefill_then_decode16_8192_2_4096nan_agent_info.csv
[m# ---- Run standalone_attn_prefill_and_decode_tp8_prefill_then_decode16_8192_2_8192nan ----
INFO 09-02 04:08:04 [__init__.py:244] Automatically detected platform rocm.
No masking
[0;31mE20250902 04:08:20.172232 139707841849088 output_stream.cpp:105] Opened result file: ./profiles/standalone_attn_prefill_and_decode_tp8_prefill_then_decode16_8192_2_8192nan_kernel_trace.csv
[m[0;31mE20250902 04:08:20.178106 139707841849088 output_stream.cpp:105] Opened result file: ./profiles/standalone_attn_prefill_and_decode_tp8_prefill_then_decode16_8192_2_8192nan_agent_info.csv
[m# ---- Run standalone_attn_prefill_and_decode_tp8_prefill_then_decode16_8192_4_256nan ----
INFO 09-02 04:08:34 [__init__.py:244] Automatically detected platform rocm.
No masking
[0;31mE20250902 04:08:50.444602 139978178778880 output_stream.cpp:105] Opened result file: ./profiles/standalone_attn_prefill_and_decode_tp8_prefill_then_decode16_8192_4_256nan_kernel_trace.csv
[m[0;31mE20250902 04:08:50.450657 139978178778880 output_stream.cpp:105] Opened result file: ./profiles/standalone_attn_prefill_and_decode_tp8_prefill_then_decode16_8192_4_256nan_agent_info.csv
[m# ---- Run standalone_attn_prefill_and_decode_tp8_prefill_then_decode16_8192_4_512nan ----
INFO 09-02 04:09:04 [__init__.py:244] Automatically detected platform rocm.
No masking
[0;31mE20250902 04:09:19.838383 140362282510080 output_stream.cpp:105] Opened result file: ./profiles/standalone_attn_prefill_and_decode_tp8_prefill_then_decode16_8192_4_512nan_kernel_trace.csv
[m[0;31mE20250902 04:09:19.844526 140362282510080 output_stream.cpp:105] Opened result file: ./profiles/standalone_attn_prefill_and_decode_tp8_prefill_then_decode16_8192_4_512nan_agent_info.csv
[m# ---- Run standalone_attn_prefill_and_decode_tp8_prefill_then_decode16_8192_4_1024nan ----
INFO 09-02 04:09:33 [__init__.py:244] Automatically detected platform rocm.
No masking
[0;31mE20250902 04:09:49.119031 140178581088000 output_stream.cpp:105] Opened result file: ./profiles/standalone_attn_prefill_and_decode_tp8_prefill_then_decode16_8192_4_1024nan_kernel_trace.csv
[m[0;31mE20250902 04:09:49.124823 140178581088000 output_stream.cpp:105] Opened result file: ./profiles/standalone_attn_prefill_and_decode_tp8_prefill_then_decode16_8192_4_1024nan_agent_info.csv
[m# ---- Run standalone_attn_prefill_and_decode_tp8_prefill_then_decode16_8192_4_2048nan ----
INFO 09-02 04:10:02 [__init__.py:244] Automatically detected platform rocm.
No masking
[0;31mE20250902 04:10:18.463701 139801453086464 output_stream.cpp:105] Opened result file: ./profiles/standalone_attn_prefill_and_decode_tp8_prefill_then_decode16_8192_4_2048nan_kernel_trace.csv
[m[0;31mE20250902 04:10:18.469591 139801453086464 output_stream.cpp:105] Opened result file: ./profiles/standalone_attn_prefill_and_decode_tp8_prefill_then_decode16_8192_4_2048nan_agent_info.csv
[m# ---- Run standalone_attn_prefill_and_decode_tp8_prefill_then_decode16_8192_4_4096nan ----
INFO 09-02 04:10:32 [__init__.py:244] Automatically detected platform rocm.
No masking
[0;31mE20250902 04:10:48.064768 140429073168128 output_stream.cpp:105] Opened result file: ./profiles/standalone_attn_prefill_and_decode_tp8_prefill_then_decode16_8192_4_4096nan_kernel_trace.csv
[m[0;31mE20250902 04:10:48.070748 140429073168128 output_stream.cpp:105] Opened result file: ./profiles/standalone_attn_prefill_and_decode_tp8_prefill_then_decode16_8192_4_4096nan_agent_info.csv
[m# ---- Run standalone_attn_prefill_and_decode_tp8_prefill_then_decode16_8192_4_8192nan ----
INFO 09-02 04:11:01 [__init__.py:244] Automatically detected platform rocm.
No masking
[0;31mE20250902 04:11:17.470921 139929643628288 output_stream.cpp:105] Opened result file: ./profiles/standalone_attn_prefill_and_decode_tp8_prefill_then_decode16_8192_4_8192nan_kernel_trace.csv
[m[0;31mE20250902 04:11:17.476814 139929643628288 output_stream.cpp:105] Opened result file: ./profiles/standalone_attn_prefill_and_decode_tp8_prefill_then_decode16_8192_4_8192nan_agent_info.csv
[m# ---- Run standalone_attn_prefill_and_decode_tp8_prefill_then_decode16_8192_8_256nan ----
INFO 09-02 04:11:31 [__init__.py:244] Automatically detected platform rocm.
No masking
[0;31mE20250902 04:11:47.268332 140233795208960 output_stream.cpp:105] Opened result file: ./profiles/standalone_attn_prefill_and_decode_tp8_prefill_then_decode16_8192_8_256nan_kernel_trace.csv
[m[0;31mE20250902 04:11:47.274173 140233795208960 output_stream.cpp:105] Opened result file: ./profiles/standalone_attn_prefill_and_decode_tp8_prefill_then_decode16_8192_8_256nan_agent_info.csv
[m# ---- Run standalone_attn_prefill_and_decode_tp8_prefill_then_decode16_8192_8_512nan ----
INFO 09-02 04:12:00 [__init__.py:244] Automatically detected platform rocm.
No masking
[0;31mE20250902 04:12:16.517767 140476685620992 output_stream.cpp:105] Opened result file: ./profiles/standalone_attn_prefill_and_decode_tp8_prefill_then_decode16_8192_8_512nan_kernel_trace.csv
[m[0;31mE20250902 04:12:16.523725 140476685620992 output_stream.cpp:105] Opened result file: ./profiles/standalone_attn_prefill_and_decode_tp8_prefill_then_decode16_8192_8_512nan_agent_info.csv
[m# ---- Run standalone_attn_prefill_and_decode_tp8_prefill_then_decode16_8192_8_1024nan ----
INFO 09-02 04:12:30 [__init__.py:244] Automatically detected platform rocm.
No masking
[0;31mE20250902 04:12:45.734390 139879167555328 output_stream.cpp:105] Opened result file: ./profiles/standalone_attn_prefill_and_decode_tp8_prefill_then_decode16_8192_8_1024nan_kernel_trace.csv
[m[0;31mE20250902 04:12:45.740463 139879167555328 output_stream.cpp:105] Opened result file: ./profiles/standalone_attn_prefill_and_decode_tp8_prefill_then_decode16_8192_8_1024nan_agent_info.csv
[m# ---- Run standalone_attn_prefill_and_decode_tp8_prefill_then_decode16_8192_8_2048nan ----
INFO 09-02 04:12:59 [__init__.py:244] Automatically detected platform rocm.
No masking
[0;31mE20250902 04:13:14.848570 139892832708352 output_stream.cpp:105] Opened result file: ./profiles/standalone_attn_prefill_and_decode_tp8_prefill_then_decode16_8192_8_2048nan_kernel_trace.csv
[m[0;31mE20250902 04:13:14.854530 139892832708352 output_stream.cpp:105] Opened result file: ./profiles/standalone_attn_prefill_and_decode_tp8_prefill_then_decode16_8192_8_2048nan_agent_info.csv
[m# ---- Run standalone_attn_prefill_and_decode_tp8_prefill_then_decode16_8192_8_4096nan ----
INFO 09-02 04:13:28 [__init__.py:244] Automatically detected platform rocm.
No masking
[0;31mE20250902 04:13:44.201340 139893836883712 output_stream.cpp:105] Opened result file: ./profiles/standalone_attn_prefill_and_decode_tp8_prefill_then_decode16_8192_8_4096nan_kernel_trace.csv
[m[0;31mE20250902 04:13:44.207269 139893836883712 output_stream.cpp:105] Opened result file: ./profiles/standalone_attn_prefill_and_decode_tp8_prefill_then_decode16_8192_8_4096nan_agent_info.csv
[m# ---- Run standalone_attn_prefill_and_decode_tp8_prefill_then_decode16_8192_8_8192nan ----
INFO 09-02 04:13:57 [__init__.py:244] Automatically detected platform rocm.
No masking
[0;31mE20250902 04:14:13.625251 140043747096320 output_stream.cpp:105] Opened result file: ./profiles/standalone_attn_prefill_and_decode_tp8_prefill_then_decode16_8192_8_8192nan_kernel_trace.csv
[m[0;31mE20250902 04:14:13.631194 140043747096320 output_stream.cpp:105] Opened result file: ./profiles/standalone_attn_prefill_and_decode_tp8_prefill_then_decode16_8192_8_8192nan_agent_info.csv
[m# ---- Run standalone_attn_prefill_and_decode_tp8_prefill_then_decode16_8192_16_256nan ----
INFO 09-02 04:14:27 [__init__.py:244] Automatically detected platform rocm.
No masking
[0;31mE20250902 04:14:43.054338 140324951844608 output_stream.cpp:105] Opened result file: ./profiles/standalone_attn_prefill_and_decode_tp8_prefill_then_decode16_8192_16_256nan_kernel_trace.csv
[m[0;31mE20250902 04:14:43.060288 140324951844608 output_stream.cpp:105] Opened result file: ./profiles/standalone_attn_prefill_and_decode_tp8_prefill_then_decode16_8192_16_256nan_agent_info.csv
[m# ---- Run standalone_attn_prefill_and_decode_tp8_prefill_then_decode16_8192_16_512nan ----
INFO 09-02 04:14:57 [__init__.py:244] Automatically detected platform rocm.
No masking
[0;31mE20250902 04:15:12.512571 140403890206464 output_stream.cpp:105] Opened result file: ./profiles/standalone_attn_prefill_and_decode_tp8_prefill_then_decode16_8192_16_512nan_kernel_trace.csv
[m[0;31mE20250902 04:15:12.518359 140403890206464 output_stream.cpp:105] Opened result file: ./profiles/standalone_attn_prefill_and_decode_tp8_prefill_then_decode16_8192_16_512nan_agent_info.csv
[m# ---- Run standalone_attn_prefill_and_decode_tp8_prefill_then_decode16_8192_16_1024nan ----
INFO 09-02 04:15:26 [__init__.py:244] Automatically detected platform rocm.
No masking
[0;31mE20250902 04:15:41.840354 140216980719360 output_stream.cpp:105] Opened result file: ./profiles/standalone_attn_prefill_and_decode_tp8_prefill_then_decode16_8192_16_1024nan_kernel_trace.csv
[m[0;31mE20250902 04:15:41.846310 140216980719360 output_stream.cpp:105] Opened result file: ./profiles/standalone_attn_prefill_and_decode_tp8_prefill_then_decode16_8192_16_1024nan_agent_info.csv
[m# ---- Run standalone_attn_prefill_and_decode_tp8_prefill_then_decode16_8192_16_2048nan ----
INFO 09-02 04:15:55 [__init__.py:244] Automatically detected platform rocm.
No masking
[0;31mE20250902 04:16:10.835756 139919842367232 output_stream.cpp:105] Opened result file: ./profiles/standalone_attn_prefill_and_decode_tp8_prefill_then_decode16_8192_16_2048nan_kernel_trace.csv
[m[0;31mE20250902 04:16:10.841749 139919842367232 output_stream.cpp:105] Opened result file: ./profiles/standalone_attn_prefill_and_decode_tp8_prefill_then_decode16_8192_16_2048nan_agent_info.csv
[m# ---- Run standalone_attn_prefill_and_decode_tp8_prefill_then_decode16_8192_16_4096nan ----
INFO 09-02 04:16:24 [__init__.py:244] Automatically detected platform rocm.
No masking
[0;31mE20250902 04:16:39.958429 139883110496000 output_stream.cpp:105] Opened result file: ./profiles/standalone_attn_prefill_and_decode_tp8_prefill_then_decode16_8192_16_4096nan_kernel_trace.csv
[m[0;31mE20250902 04:16:39.964357 139883110496000 output_stream.cpp:105] Opened result file: ./profiles/standalone_attn_prefill_and_decode_tp8_prefill_then_decode16_8192_16_4096nan_agent_info.csv
[m# ---- Run standalone_attn_prefill_and_decode_tp8_prefill_then_decode16_8192_16_8192nan ----
INFO 09-02 04:16:53 [__init__.py:244] Automatically detected platform rocm.
No masking
[0;31mE20250902 04:17:09.084278 140593869354752 output_stream.cpp:105] Opened result file: ./profiles/standalone_attn_prefill_and_decode_tp8_prefill_then_decode16_8192_16_8192nan_kernel_trace.csv
[m[0;31mE20250902 04:17:09.090259 140593869354752 output_stream.cpp:105] Opened result file: ./profiles/standalone_attn_prefill_and_decode_tp8_prefill_then_decode16_8192_16_8192nan_agent_info.csv
[m# ---- Run standalone_attn_prefill_and_decode_tp8_prefill_then_decode16_8192_32_256nan ----
INFO 09-02 04:17:22 [__init__.py:244] Automatically detected platform rocm.
No masking
[0;31mE20250902 04:17:37.893585 140635004126976 output_stream.cpp:105] Opened result file: ./profiles/standalone_attn_prefill_and_decode_tp8_prefill_then_decode16_8192_32_256nan_kernel_trace.csv
[m[0;31mE20250902 04:17:37.899624 140635004126976 output_stream.cpp:105] Opened result file: ./profiles/standalone_attn_prefill_and_decode_tp8_prefill_then_decode16_8192_32_256nan_agent_info.csv
[m# ---- Run standalone_attn_prefill_and_decode_tp8_prefill_then_decode16_8192_32_512nan ----
INFO 09-02 04:17:51 [__init__.py:244] Automatically detected platform rocm.
No masking
[0;31mE20250902 04:18:06.785964 140606536824576 output_stream.cpp:105] Opened result file: ./profiles/standalone_attn_prefill_and_decode_tp8_prefill_then_decode16_8192_32_512nan_kernel_trace.csv
[m[0;31mE20250902 04:18:06.791841 140606536824576 output_stream.cpp:105] Opened result file: ./profiles/standalone_attn_prefill_and_decode_tp8_prefill_then_decode16_8192_32_512nan_agent_info.csv
[m# ---- Run standalone_attn_prefill_and_decode_tp8_prefill_then_decode16_8192_32_1024nan ----
INFO 09-02 04:18:20 [__init__.py:244] Automatically detected platform rocm.
No masking
[0;31mE20250902 04:18:35.928330 140315902031616 output_stream.cpp:105] Opened result file: ./profiles/standalone_attn_prefill_and_decode_tp8_prefill_then_decode16_8192_32_1024nan_kernel_trace.csv
[m[0;31mE20250902 04:18:35.934207 140315902031616 output_stream.cpp:105] Opened result file: ./profiles/standalone_attn_prefill_and_decode_tp8_prefill_then_decode16_8192_32_1024nan_agent_info.csv
[m# ---- Run standalone_attn_prefill_and_decode_tp8_prefill_then_decode16_8192_32_2048nan ----
INFO 09-02 04:18:49 [__init__.py:244] Automatically detected platform rocm.
No masking
[0;31mE20250902 04:19:05.123951 140670202795776 output_stream.cpp:105] Opened result file: ./profiles/standalone_attn_prefill_and_decode_tp8_prefill_then_decode16_8192_32_2048nan_kernel_trace.csv
[m[0;31mE20250902 04:19:05.129876 140670202795776 output_stream.cpp:105] Opened result file: ./profiles/standalone_attn_prefill_and_decode_tp8_prefill_then_decode16_8192_32_2048nan_agent_info.csv
[m# ---- Run standalone_attn_prefill_and_decode_tp8_prefill_then_decode16_8192_32_4096nan ----
INFO 09-02 04:19:18 [__init__.py:244] Automatically detected platform rocm.
No masking
[0;31mE20250902 04:19:34.413662 139677940832000 output_stream.cpp:105] Opened result file: ./profiles/standalone_attn_prefill_and_decode_tp8_prefill_then_decode16_8192_32_4096nan_kernel_trace.csv
[m[0;31mE20250902 04:19:34.419598 139677940832000 output_stream.cpp:105] Opened result file: ./profiles/standalone_attn_prefill_and_decode_tp8_prefill_then_decode16_8192_32_4096nan_agent_info.csv
[m# ---- Run standalone_attn_prefill_and_decode_tp8_prefill_then_decode16_8192_32_8192nan ----
INFO 09-02 04:19:47 [__init__.py:244] Automatically detected platform rocm.
No masking
[0;31mE20250902 04:20:03.233311 139690926319360 output_stream.cpp:105] Opened result file: ./profiles/standalone_attn_prefill_and_decode_tp8_prefill_then_decode16_8192_32_8192nan_kernel_trace.csv
[m[0;31mE20250902 04:20:03.239220 139690926319360 output_stream.cpp:105] Opened result file: ./profiles/standalone_attn_prefill_and_decode_tp8_prefill_then_decode16_8192_32_8192nan_agent_info.csv
[m# ---- Run standalone_attn_prefill_and_decode_tp8_prefill_then_decode16_8192_64_256nan ----
INFO 09-02 04:20:16 [__init__.py:244] Automatically detected platform rocm.
No masking
[0;31mE20250902 04:20:32.186832 140021344622336 output_stream.cpp:105] Opened result file: ./profiles/standalone_attn_prefill_and_decode_tp8_prefill_then_decode16_8192_64_256nan_kernel_trace.csv
[m[0;31mE20250902 04:20:32.192540 140021344622336 output_stream.cpp:105] Opened result file: ./profiles/standalone_attn_prefill_and_decode_tp8_prefill_then_decode16_8192_64_256nan_agent_info.csv
[m# ---- Run standalone_attn_prefill_and_decode_tp8_prefill_then_decode16_8192_64_512nan ----
INFO 09-02 04:20:46 [__init__.py:244] Automatically detected platform rocm.
No masking
[0;31mE20250902 04:21:01.506770 139912039515904 output_stream.cpp:105] Opened result file: ./profiles/standalone_attn_prefill_and_decode_tp8_prefill_then_decode16_8192_64_512nan_kernel_trace.csv
[m[0;31mE20250902 04:21:01.512876 139912039515904 output_stream.cpp:105] Opened result file: ./profiles/standalone_attn_prefill_and_decode_tp8_prefill_then_decode16_8192_64_512nan_agent_info.csv
[m# ---- Run standalone_attn_prefill_and_decode_tp8_prefill_then_decode16_8192_64_1024nan ----
INFO 09-02 04:21:15 [__init__.py:244] Automatically detected platform rocm.
No masking
[0;31mE20250902 04:21:30.594791 140132562544384 output_stream.cpp:105] Opened result file: ./profiles/standalone_attn_prefill_and_decode_tp8_prefill_then_decode16_8192_64_1024nan_kernel_trace.csv
[m[0;31mE20250902 04:21:30.600718 140132562544384 output_stream.cpp:105] Opened result file: ./profiles/standalone_attn_prefill_and_decode_tp8_prefill_then_decode16_8192_64_1024nan_agent_info.csv
[m# ---- Run standalone_attn_prefill_and_decode_tp8_prefill_then_decode16_8192_64_2048nan ----
INFO 09-02 04:21:44 [__init__.py:244] Automatically detected platform rocm.
No masking
[0;31mE20250902 04:21:59.735180 140273063724800 output_stream.cpp:105] Opened result file: ./profiles/standalone_attn_prefill_and_decode_tp8_prefill_then_decode16_8192_64_2048nan_kernel_trace.csv
[m[0;31mE20250902 04:21:59.741358 140273063724800 output_stream.cpp:105] Opened result file: ./profiles/standalone_attn_prefill_and_decode_tp8_prefill_then_decode16_8192_64_2048nan_agent_info.csv
[m# ---- Run standalone_attn_prefill_and_decode_tp8_prefill_then_decode16_8192_64_4096nan ----
INFO 09-02 04:22:12 [__init__.py:244] Automatically detected platform rocm.
No masking
[0;31mE20250902 04:22:28.385276 139918417614592 output_stream.cpp:105] Opened result file: ./profiles/standalone_attn_prefill_and_decode_tp8_prefill_then_decode16_8192_64_4096nan_kernel_trace.csv
[m[0;31mE20250902 04:22:28.391174 139918417614592 output_stream.cpp:105] Opened result file: ./profiles/standalone_attn_prefill_and_decode_tp8_prefill_then_decode16_8192_64_4096nan_agent_info.csv
[m# ---- Run standalone_attn_prefill_and_decode_tp8_prefill_then_decode16_8192_64_8192nan ----
INFO 09-02 04:22:42 [__init__.py:244] Automatically detected platform rocm.
No masking
[0;31mE20250902 04:22:57.809727 139757604427520 output_stream.cpp:105] Opened result file: ./profiles/standalone_attn_prefill_and_decode_tp8_prefill_then_decode16_8192_64_8192nan_kernel_trace.csv
[m[0;31mE20250902 04:22:57.815673 139757604427520 output_stream.cpp:105] Opened result file: ./profiles/standalone_attn_prefill_and_decode_tp8_prefill_then_decode16_8192_64_8192nan_agent_info.csv
[m# ---- Run standalone_attn_prefill_and_decode_tp8_prefill_then_decode16_8192_128_256nan ----
INFO 09-02 04:23:10 [__init__.py:244] Automatically detected platform rocm.
No masking
[0;31mE20250902 04:23:25.683246 139874774927104 output_stream.cpp:105] Opened result file: ./profiles/standalone_attn_prefill_and_decode_tp8_prefill_then_decode16_8192_128_256nan_kernel_trace.csv
[m[0;31mE20250902 04:23:25.689132 139874774927104 output_stream.cpp:105] Opened result file: ./profiles/standalone_attn_prefill_and_decode_tp8_prefill_then_decode16_8192_128_256nan_agent_info.csv
[m# ---- Run standalone_attn_prefill_and_decode_tp8_prefill_then_decode16_8192_128_512nan ----
INFO 09-02 04:23:39 [__init__.py:244] Automatically detected platform rocm.
No masking
[0;31mE20250902 04:23:54.436169 140243924604672 output_stream.cpp:105] Opened result file: ./profiles/standalone_attn_prefill_and_decode_tp8_prefill_then_decode16_8192_128_512nan_kernel_trace.csv
[m[0;31mE20250902 04:23:54.442098 140243924604672 output_stream.cpp:105] Opened result file: ./profiles/standalone_attn_prefill_and_decode_tp8_prefill_then_decode16_8192_128_512nan_agent_info.csv
[m# ---- Run standalone_attn_prefill_and_decode_tp8_prefill_then_decode16_8192_128_1024nan ----
INFO 09-02 04:24:07 [__init__.py:244] Automatically detected platform rocm.
No masking
[0;31mE20250902 04:24:22.085445 140091471857408 output_stream.cpp:105] Opened result file: ./profiles/standalone_attn_prefill_and_decode_tp8_prefill_then_decode16_8192_128_1024nan_kernel_trace.csv
[m[0;31mE20250902 04:24:22.092249 140091471857408 output_stream.cpp:105] Opened result file: ./profiles/standalone_attn_prefill_and_decode_tp8_prefill_then_decode16_8192_128_1024nan_agent_info.csv
[m# ---- Run standalone_attn_prefill_and_decode_tp8_prefill_then_decode16_8192_128_2048nan ----
INFO 09-02 04:24:35 [__init__.py:244] Automatically detected platform rocm.
No masking
[0;31mE20250902 04:24:50.157275 140279135262464 output_stream.cpp:105] Opened result file: ./profiles/standalone_attn_prefill_and_decode_tp8_prefill_then_decode16_8192_128_2048nan_kernel_trace.csv
[m[0;31mE20250902 04:24:50.163977 140279135262464 output_stream.cpp:105] Opened result file: ./profiles/standalone_attn_prefill_and_decode_tp8_prefill_then_decode16_8192_128_2048nan_agent_info.csv
[m# ---- Run standalone_attn_prefill_and_decode_tp8_prefill_then_decode16_8192_128_4096nan ----
INFO 09-02 04:25:03 [__init__.py:244] Automatically detected platform rocm.
No masking
[0;31mE20250902 04:25:18.778686 140535230908160 output_stream.cpp:105] Opened result file: ./profiles/standalone_attn_prefill_and_decode_tp8_prefill_then_decode16_8192_128_4096nan_kernel_trace.csv
[m[0;31mE20250902 04:25:18.784499 140535230908160 output_stream.cpp:105] Opened result file: ./profiles/standalone_attn_prefill_and_decode_tp8_prefill_then_decode16_8192_128_4096nan_agent_info.csv
[m# ---- Run standalone_attn_prefill_and_decode_tp8_prefill_then_decode16_8192_128_8192nan ----
INFO 09-02 04:25:32 [__init__.py:244] Automatically detected platform rocm.
No masking
[0;31mE20250902 04:25:47.723833 140694350087936 output_stream.cpp:105] Opened result file: ./profiles/standalone_attn_prefill_and_decode_tp8_prefill_then_decode16_8192_128_8192nan_kernel_trace.csv
[m[0;31mE20250902 04:25:47.730228 140694350087936 output_stream.cpp:105] Opened result file: ./profiles/standalone_attn_prefill_and_decode_tp8_prefill_then_decode16_8192_128_8192nan_agent_info.csv# ---- Run standalone_attn_prefill_1_256_nan ----
INFO 09-02 06:34:10 [__init__.py:244] Automatically detected platform rocm.
No masking
[0;31mE20250902 06:34:26.137185 139798419347200 output_stream.cpp:105] Opened result file: ./hwcount/pmc_1/standalone_attn_prefill_1_256_nan_counter_collection.csv
[m[0;31mE20250902 06:34:26.146166 139798419347200 output_stream.cpp:105] Opened result file: ./hwcount/pmc_1/standalone_attn_prefill_1_256_nan_agent_info.csv
[mINFO 09-02 06:34:41 [__init__.py:244] Automatically detected platform rocm.
No masking
[0;31mE20250902 06:34:57.551314 139938554246912 output_stream.cpp:105] Opened result file: ./hwcount/pmc_2/standalone_attn_prefill_1_256_nan_counter_collection.csv
[m[0;31mE20250902 06:34:57.561180 139938554246912 output_stream.cpp:105] Opened result file: ./hwcount/pmc_2/standalone_attn_prefill_1_256_nan_agent_info.csv
[m# ---- Run standalone_attn_prefill_fetch_size_1_256_nan ----
INFO 09-02 06:39:30 [__init__.py:244] Automatically detected platform rocm.
No masking
[0;31mE20250902 06:39:46.669253 140220292724480 output_stream.cpp:105] Opened result file: ./hwcount/pmc_1/standalone_attn_prefill_fetch_size_1_256_nan_counter_collection.csv
[m[0;31mE20250902 06:39:46.677600 140220292724480 output_stream.cpp:105] Opened result file: ./hwcount/pmc_1/standalone_attn_prefill_fetch_size_1_256_nan_agent_info.csv
[mINFO 09-02 06:40:01 [__init__.py:244] Automatically detected platform rocm.
No masking
[0;31mE20250902 06:40:17.302668 140506544133888 output_stream.cpp:105] Opened result file: ./hwcount/pmc_2/standalone_attn_prefill_fetch_size_1_256_nan_counter_collection.csv
[m[0;31mE20250902 06:40:17.311215 140506544133888 output_stream.cpp:105] Opened result file: ./hwcount/pmc_2/standalone_attn_prefill_fetch_size_1_256_nan_agent_info.csv
[m# ---- Run standalone_attn_prefill_fetch_size_1_256_128 ----
INFO 09-02 06:40:31 [__init__.py:244] Automatically detected platform rocm.
[0;31mE20250902 06:40:46.999043 140525535840000 output_stream.cpp:105] Opened result file: ./hwcount/pmc_1/standalone_attn_prefill_fetch_size_1_256_128_counter_collection.csv
[m[0;31mE20250902 06:40:47.006823 140525535840000 output_stream.cpp:105] Opened result file: ./hwcount/pmc_1/standalone_attn_prefill_fetch_size_1_256_128_agent_info.csv
[m[0;33mW20250902 06:40:56.194706 140525535840000 tool.cpp:1902] rocprofv3_error_signal_handler caught signal 11...
[mFatal error: Command '['python3', 'standalone_attn_prefill.py', '--prefill-batch', '1', '--prefill-len', '256', '--iters', '5', '--decode-mask', '128']' died with <Signals.SIGSEGV: 11>.

# ---- Run standalone_attn_prefill_fetch_size_1_256_nan ----
INFO 09-02 06:43:20 [__init__.py:244] Automatically detected platform rocm.
No masking
[0;31mE20250902 06:43:37.282246 139638251845376 output_stream.cpp:105] Opened result file: ./hwcount/pmc_1/standalone_attn_prefill_fetch_size_1_256_nan_counter_collection.csv
[m[0;31mE20250902 06:43:37.290914 139638251845376 output_stream.cpp:105] Opened result file: ./hwcount/pmc_1/standalone_attn_prefill_fetch_size_1_256_nan_agent_info.csv
[m# ---- Run standalone_attn_prefill_fetch_size_1_256_128 ----
INFO 09-02 06:43:51 [__init__.py:244] Automatically detected platform rocm.
[0;31mE20250902 06:44:06.601100 139784859629312 output_stream.cpp:105] Opened result file: ./hwcount/pmc_1/standalone_attn_prefill_fetch_size_1_256_128_counter_collection.csv
[m[0;31mE20250902 06:44:06.609213 139784859629312 output_stream.cpp:105] Opened result file: ./hwcount/pmc_1/standalone_attn_prefill_fetch_size_1_256_128_agent_info.csv
[m[0;33mW20250902 06:44:15.015167 139784859629312 tool.cpp:1902] rocprofv3_error_signal_handler caught signal 11...
[m# ---- Run standalone_attn_prefill_fetch_size_1_512_nan ----
INFO 09-02 06:44:20 [__init__.py:244] Automatically detected platform rocm.
No masking
[0;31mE20250902 06:44:36.107426 139655446546176 output_stream.cpp:105] Opened result file: ./hwcount/pmc_1/standalone_attn_prefill_fetch_size_1_512_nan_counter_collection.csv
[m[0;31mE20250902 06:44:36.116273 139655446546176 output_stream.cpp:105] Opened result file: ./hwcount/pmc_1/standalone_attn_prefill_fetch_size_1_512_nan_agent_info.csv
[m# ---- Run standalone_attn_prefill_fetch_size_1_512_128 ----
INFO 09-02 06:44:50 [__init__.py:244] Automatically detected platform rocm.
[0;31mE20250902 06:45:06.127675 140332061251328 output_stream.cpp:105] Opened result file: ./hwcount/pmc_1/standalone_attn_prefill_fetch_size_1_512_128_counter_collection.csv
[m[0;31mE20250902 06:45:06.135504 140332061251328 output_stream.cpp:105] Opened result file: ./hwcount/pmc_1/standalone_attn_prefill_fetch_size_1_512_128_agent_info.csv
[m[0;33mW20250902 06:45:15.133181 140332061251328 tool.cpp:1902] rocprofv3_error_signal_handler caught signal 11...
[m# ---- Run standalone_attn_prefill_fetch_size_1_1024_nan ----
INFO 09-02 06:45:20 [__init__.py:244] Automatically detected platform rocm.
No masking
[0;31mE20250902 06:45:36.505366 140295030998784 output_stream.cpp:105] Opened result file: ./hwcount/pmc_1/standalone_attn_prefill_fetch_size_1_1024_nan_counter_collection.csv
[m[0;31mE20250902 06:45:36.513267 140295030998784 output_stream.cpp:105] Opened result file: ./hwcount/pmc_1/standalone_attn_prefill_fetch_size_1_1024_nan_agent_info.csv
[m# ---- Run standalone_attn_prefill_fetch_size_1_1024_128 ----
INFO 09-02 06:45:51 [__init__.py:244] Automatically detected platform rocm.
[0;31mE20250902 06:46:06.650695 139628817987328 output_stream.cpp:105] Opened result file: ./hwcount/pmc_1/standalone_attn_prefill_fetch_size_1_1024_128_counter_collection.csv
[m[0;31mE20250902 06:46:06.658438 139628817987328 output_stream.cpp:105] Opened result file: ./hwcount/pmc_1/standalone_attn_prefill_fetch_size_1_1024_128_agent_info.csv
[m[0;33mW20250902 06:46:15.659948 139628817987328 tool.cpp:1902] rocprofv3_error_signal_handler caught signal 11...
[m# ---- Run standalone_attn_prefill_fetch_size_1_2048_nan ----
INFO 09-02 06:46:21 [__init__.py:244] Automatically detected platform rocm.
No masking
[0;31mE20250902 06:46:36.329473 139716766004992 output_stream.cpp:105] Opened result file: ./hwcount/pmc_1/standalone_attn_prefill_fetch_size_1_2048_nan_counter_collection.csv
[m[0;31mE20250902 06:46:36.337426 139716766004992 output_stream.cpp:105] Opened result file: ./hwcount/pmc_1/standalone_attn_prefill_fetch_size_1_2048_nan_agent_info.csv
[m# ---- Run standalone_attn_prefill_fetch_size_1_2048_128 ----
INFO 09-02 06:46:50 [__init__.py:244] Automatically detected platform rocm.
[0;31mE20250902 06:47:07.078142 139724561671936 output_stream.cpp:105] Opened result file: ./hwcount/pmc_1/standalone_attn_prefill_fetch_size_1_2048_128_counter_collection.csv
[m[0;31mE20250902 06:47:07.087009 139724561671936 output_stream.cpp:105] Opened result file: ./hwcount/pmc_1/standalone_attn_prefill_fetch_size_1_2048_128_agent_info.csv
[m[0;33mW20250902 06:47:16.366660 139724561671936 tool.cpp:1902] rocprofv3_error_signal_handler caught signal 11...
[m# ---- Run standalone_attn_prefill_fetch_size_1_4096_nan ----
INFO 09-02 06:47:24 [__init__.py:244] Automatically detected platform rocm.
No masking
[0;31mE20250902 06:47:40.727712 139964190168832 output_stream.cpp:105] Opened result file: ./hwcount/pmc_1/standalone_attn_prefill_fetch_size_1_4096_nan_counter_collection.csv
[m[0;31mE20250902 06:47:40.735837 139964190168832 output_stream.cpp:105] Opened result file: ./hwcount/pmc_1/standalone_attn_prefill_fetch_size_1_4096_nan_agent_info.csv
[m# ---- Run standalone_attn_prefill_fetch_size_1_4096_128 ----
INFO 09-02 06:47:55 [__init__.py:244] Automatically detected platform rocm.
[0;31mE20250902 06:48:10.942254 140199875766016 output_stream.cpp:105] Opened result file: ./hwcount/pmc_1/standalone_attn_prefill_fetch_size_1_4096_128_counter_collection.csv
[m[0;31mE20250902 06:48:10.950042 140199875766016 output_stream.cpp:105] Opened result file: ./hwcount/pmc_1/standalone_attn_prefill_fetch_size_1_4096_128_agent_info.csv
[m[0;33mW20250902 06:48:20.158383 140199875766016 tool.cpp:1902] rocprofv3_error_signal_handler caught signal 11...
[m# ---- Run standalone_attn_prefill_fetch_size_1_8192_nan ----
INFO 09-02 06:48:25 [__init__.py:244] Automatically detected platform rocm.
No masking
[0;31mE20250902 06:48:42.127610 139850829133568 output_stream.cpp:105] Opened result file: ./hwcount/pmc_1/standalone_attn_prefill_fetch_size_1_8192_nan_counter_collection.csv
[m[0;31mE20250902 06:48:42.137760 139850829133568 output_stream.cpp:105] Opened result file: ./hwcount/pmc_1/standalone_attn_prefill_fetch_size_1_8192_nan_agent_info.csv
[m# ---- Run standalone_attn_prefill_fetch_size_1_8192_128 ----
INFO 09-02 06:48:58 [__init__.py:244] Automatically detected platform rocm.
[0;31mE20250902 06:49:14.049043 139781051598592 output_stream.cpp:105] Opened result file: ./hwcount/pmc_1/standalone_attn_prefill_fetch_size_1_8192_128_counter_collection.csv
[m[0;31mE20250902 06:49:14.057042 139781051598592 output_stream.cpp:105] Opened result file: ./hwcount/pmc_1/standalone_attn_prefill_fetch_size_1_8192_128_agent_info.csv
[m[0;33mW20250902 06:49:22.882115 139781051598592 tool.cpp:1902] rocprofv3_error_signal_handler caught signal 11...
[m# ---- Run standalone_attn_prefill_fetch_size_4_256_nan ----
INFO 09-02 06:49:28 [__init__.py:244] Automatically detected platform rocm.
No masking
[0;31mE20250902 06:49:44.246665 139769544578816 output_stream.cpp:105] Opened result file: ./hwcount/pmc_1/standalone_attn_prefill_fetch_size_4_256_nan_counter_collection.csv
[m[0;31mE20250902 06:49:44.254554 139769544578816 output_stream.cpp:105] Opened result file: ./hwcount/pmc_1/standalone_attn_prefill_fetch_size_4_256_nan_agent_info.csv
[m# ---- Run standalone_attn_prefill_fetch_size_4_256_128 ----
INFO 09-02 06:49:58 [__init__.py:244] Automatically detected platform rocm.
[0;31mE20250902 06:50:14.139053 140550915716864 output_stream.cpp:105] Opened result file: ./hwcount/pmc_1/standalone_attn_prefill_fetch_size_4_256_128_counter_collection.csv
[m[0;31mE20250902 06:50:14.147513 140550915716864 output_stream.cpp:105] Opened result file: ./hwcount/pmc_1/standalone_attn_prefill_fetch_size_4_256_128_agent_info.csv
[m[0;33mW20250902 06:50:23.265913 140550915716864 tool.cpp:1902] rocprofv3_error_signal_handler caught signal 11...
[m# ---- Run standalone_attn_prefill_fetch_size_4_512_nan ----
INFO 09-02 06:50:28 [__init__.py:244] Automatically detected platform rocm.
No masking
[0;31mE20250902 06:50:44.116659 140062960097024 output_stream.cpp:105] Opened result file: ./hwcount/pmc_1/standalone_attn_prefill_fetch_size_4_512_nan_counter_collection.csv
[m[0;31mE20250902 06:50:44.124809 140062960097024 output_stream.cpp:105] Opened result file: ./hwcount/pmc_1/standalone_attn_prefill_fetch_size_4_512_nan_agent_info.csv
[m# ---- Run standalone_attn_prefill_fetch_size_4_512_128 ----
INFO 09-02 06:50:59 [__init__.py:244] Automatically detected platform rocm.
[0;31mE20250902 06:51:16.396308 140563114424064 output_stream.cpp:105] Opened result file: ./hwcount/pmc_1/standalone_attn_prefill_fetch_size_4_512_128_counter_collection.csv
[m[0;31mE20250902 06:51:16.404836 140563114424064 output_stream.cpp:105] Opened result file: ./hwcount/pmc_1/standalone_attn_prefill_fetch_size_4_512_128_agent_info.csv
[m[0;33mW20250902 06:51:25.454132 140563114424064 tool.cpp:1902] rocprofv3_error_signal_handler caught signal 11...
[m# ---- Run standalone_attn_prefill_fetch_size_4_1024_nan ----
INFO 09-02 06:51:31 [__init__.py:244] Automatically detected platform rocm.
No masking
[0;31mE20250902 06:51:47.013804 139834768578304 output_stream.cpp:105] Opened result file: ./hwcount/pmc_1/standalone_attn_prefill_fetch_size_4_1024_nan_counter_collection.csv
[m[0;31mE20250902 06:51:47.022409 139834768578304 output_stream.cpp:105] Opened result file: ./hwcount/pmc_1/standalone_attn_prefill_fetch_size_4_1024_nan_agent_info.csv
[m# ---- Run standalone_attn_prefill_fetch_size_4_1024_128 ----
INFO 09-02 06:52:01 [__init__.py:244] Automatically detected platform rocm.
[0;31mE20250902 06:52:16.986583 140339899307776 output_stream.cpp:105] Opened result file: ./hwcount/pmc_1/standalone_attn_prefill_fetch_size_4_1024_128_counter_collection.csv
[m[0;31mE20250902 06:52:16.995714 140339899307776 output_stream.cpp:105] Opened result file: ./hwcount/pmc_1/standalone_attn_prefill_fetch_size_4_1024_128_agent_info.csv
[m[0;33mW20250902 06:52:25.502888 140339899307776 tool.cpp:1902] rocprofv3_error_signal_handler caught signal 11...
[m# ---- Run standalone_attn_prefill_fetch_size_4_2048_nan ----
INFO 09-02 06:52:30 [__init__.py:244] Automatically detected platform rocm.
No masking
[0;31mE20250902 06:52:45.898716 140528192587520 output_stream.cpp:105] Opened result file: ./hwcount/pmc_1/standalone_attn_prefill_fetch_size_4_2048_nan_counter_collection.csv
[m[0;31mE20250902 06:52:45.906638 140528192587520 output_stream.cpp:105] Opened result file: ./hwcount/pmc_1/standalone_attn_prefill_fetch_size_4_2048_nan_agent_info.csv
[m# ---- Run standalone_attn_prefill_fetch_size_4_2048_128 ----
INFO 09-02 06:53:00 [__init__.py:244] Automatically detected platform rocm.
[0;31mE20250902 06:53:17.288684 140014292055808 output_stream.cpp:105] Opened result file: ./hwcount/pmc_1/standalone_attn_prefill_fetch_size_4_2048_128_counter_collection.csv
[m[0;31mE20250902 06:53:17.298361 140014292055808 output_stream.cpp:105] Opened result file: ./hwcount/pmc_1/standalone_attn_prefill_fetch_size_4_2048_128_agent_info.csv
[m[0;33mW20250902 06:53:27.248949 140014292055808 tool.cpp:1902] rocprofv3_error_signal_handler caught signal 11...
[m# ---- Run standalone_attn_prefill_fetch_size_4_4096_nan ----
INFO 09-02 06:53:34 [__init__.py:244] Automatically detected platform rocm.
No masking
[0;31mE20250902 06:53:51.479935 140043633657600 output_stream.cpp:105] Opened result file: ./hwcount/pmc_1/standalone_attn_prefill_fetch_size_4_4096_nan_counter_collection.csv
[m[0;31mE20250902 06:53:51.488297 140043633657600 output_stream.cpp:105] Opened result file: ./hwcount/pmc_1/standalone_attn_prefill_fetch_size_4_4096_nan_agent_info.csv
[m# ---- Run standalone_attn_prefill_fetch_size_4_4096_128 ----
INFO 09-02 06:54:06 [__init__.py:244] Automatically detected platform rocm.
[0;31mE20250902 06:54:22.781203 139663262213888 output_stream.cpp:105] Opened result file: ./hwcount/pmc_1/standalone_attn_prefill_fetch_size_4_4096_128_counter_collection.csv
[m[0;31mE20250902 06:54:22.789342 139663262213888 output_stream.cpp:105] Opened result file: ./hwcount/pmc_1/standalone_attn_prefill_fetch_size_4_4096_128_agent_info.csv
[m[0;33mW20250902 06:54:31.839205 139663262213888 tool.cpp:1902] rocprofv3_error_signal_handler caught signal 11...
[m# ---- Run standalone_attn_prefill_fetch_size_4_8192_nan ----
INFO 09-02 06:54:37 [__init__.py:244] Automatically detected platform rocm.
No masking
[0;31mE20250902 06:54:53.968130 140086980155136 output_stream.cpp:105] Opened result file: ./hwcount/pmc_1/standalone_attn_prefill_fetch_size_4_8192_nan_counter_collection.csv
[m[0;31mE20250902 06:54:53.976308 140086980155136 output_stream.cpp:105] Opened result file: ./hwcount/pmc_1/standalone_attn_prefill_fetch_size_4_8192_nan_agent_info.csv
[m# ---- Run standalone_attn_prefill_fetch_size_4_8192_128 ----
INFO 09-02 06:55:08 [__init__.py:244] Automatically detected platform rocm.
[0;31mE20250902 06:55:25.591419 140101676201728 output_stream.cpp:105] Opened result file: ./hwcount/pmc_1/standalone_attn_prefill_fetch_size_4_8192_128_counter_collection.csv
[m[0;31mE20250902 06:55:25.599421 140101676201728 output_stream.cpp:105] Opened result file: ./hwcount/pmc_1/standalone_attn_prefill_fetch_size_4_8192_128_agent_info.csv
[m[0;33mW20250902 06:55:34.296057 140101676201728 tool.cpp:1902] rocprofv3_error_signal_handler caught signal 11...
[m# ---- Run standalone_attn_prefill_fetch_size_8_256_nan ----
INFO 09-02 06:55:40 [__init__.py:244] Automatically detected platform rocm.
No masking
[0;31mE20250902 06:55:55.477555 140483754436352 output_stream.cpp:105] Opened result file: ./hwcount/pmc_1/standalone_attn_prefill_fetch_size_8_256_nan_counter_collection.csv
[m[0;31mE20250902 06:55:55.485598 140483754436352 output_stream.cpp:105] Opened result file: ./hwcount/pmc_1/standalone_attn_prefill_fetch_size_8_256_nan_agent_info.csv
[m# ---- Run standalone_attn_prefill_fetch_size_8_256_128 ----
INFO 09-02 06:56:09 [__init__.py:244] Automatically detected platform rocm.
[0;31mE20250902 06:56:25.782172 140312348657408 output_stream.cpp:105] Opened result file: ./hwcount/pmc_1/standalone_attn_prefill_fetch_size_8_256_128_counter_collection.csv
[m[0;31mE20250902 06:56:25.790253 140312348657408 output_stream.cpp:105] Opened result file: ./hwcount/pmc_1/standalone_attn_prefill_fetch_size_8_256_128_agent_info.csv
[m[0;33mW20250902 06:56:35.008821 140312348657408 tool.cpp:1902] rocprofv3_error_signal_handler caught signal 11...
[m# ---- Run standalone_attn_prefill_fetch_size_8_512_nan ----
INFO 09-02 06:56:41 [__init__.py:244] Automatically detected platform rocm.
No masking
[0;31mE20250902 06:56:57.347506 140630807336704 output_stream.cpp:105] Opened result file: ./hwcount/pmc_1/standalone_attn_prefill_fetch_size_8_512_nan_counter_collection.csv
[m[0;31mE20250902 06:56:57.356510 140630807336704 output_stream.cpp:105] Opened result file: ./hwcount/pmc_1/standalone_attn_prefill_fetch_size_8_512_nan_agent_info.csv
[m# ---- Run standalone_attn_prefill_fetch_size_8_512_128 ----
INFO 09-02 06:57:12 [__init__.py:244] Automatically detected platform rocm.
[0;31mE20250902 06:57:28.721548 140613155641088 output_stream.cpp:105] Opened result file: ./hwcount/pmc_1/standalone_attn_prefill_fetch_size_8_512_128_counter_collection.csv
[m[0;31mE20250902 06:57:28.729818 140613155641088 output_stream.cpp:105] Opened result file: ./hwcount/pmc_1/standalone_attn_prefill_fetch_size_8_512_128_agent_info.csv
[m[0;33mW20250902 06:57:37.246125 140613155641088 tool.cpp:1902] rocprofv3_error_signal_handler caught signal 11...
[m# ---- Run standalone_attn_prefill_fetch_size_8_1024_nan ----
INFO 09-02 06:57:43 [__init__.py:244] Automatically detected platform rocm.
No masking
[0;31mE20250902 06:57:59.885472 139752254105344 output_stream.cpp:105] Opened result file: ./hwcount/pmc_1/standalone_attn_prefill_fetch_size_8_1024_nan_counter_collection.csv
[m[0;31mE20250902 06:57:59.893592 139752254105344 output_stream.cpp:105] Opened result file: ./hwcount/pmc_1/standalone_attn_prefill_fetch_size_8_1024_nan_agent_info.csv
[m# ---- Run standalone_attn_prefill_fetch_size_8_1024_128 ----
INFO 09-02 06:58:14 [__init__.py:244] Automatically detected platform rocm.
[0;31mE20250902 06:58:30.308682 140342779512576 output_stream.cpp:105] Opened result file: ./hwcount/pmc_1/standalone_attn_prefill_fetch_size_8_1024_128_counter_collection.csv
[m[0;31mE20250902 06:58:30.316628 140342779512576 output_stream.cpp:105] Opened result file: ./hwcount/pmc_1/standalone_attn_prefill_fetch_size_8_1024_128_agent_info.csv
[m[0;33mW20250902 06:58:38.990834 140342779512576 tool.cpp:1902] rocprofv3_error_signal_handler caught signal 11...
[m# ---- Run standalone_attn_prefill_fetch_size_8_2048_nan ----
INFO 09-02 06:58:44 [__init__.py:244] Automatically detected platform rocm.
No masking
[0;31mE20250902 06:59:02.141211 140407292200704 output_stream.cpp:105] Opened result file: ./hwcount/pmc_1/standalone_attn_prefill_fetch_size_8_2048_nan_counter_collection.csv
[m[0;31mE20250902 06:59:02.150649 140407292200704 output_stream.cpp:105] Opened result file: ./hwcount/pmc_1/standalone_attn_prefill_fetch_size_8_2048_nan_agent_info.csv
[m# ---- Run standalone_attn_prefill_fetch_size_8_2048_128 ----
INFO 09-02 06:59:20 [__init__.py:244] Automatically detected platform rocm.
[0;31mE20250902 06:59:37.493993 140566945257216 output_stream.cpp:105] Opened result file: ./hwcount/pmc_1/standalone_attn_prefill_fetch_size_8_2048_128_counter_collection.csv
[m[0;31mE20250902 06:59:37.503177 140566945257216 output_stream.cpp:105] Opened result file: ./hwcount/pmc_1/standalone_attn_prefill_fetch_size_8_2048_128_agent_info.csv
[m[0;33mW20250902 06:59:46.289806 140566945257216 tool.cpp:1902] rocprofv3_error_signal_handler caught signal 11...
[m# ---- Run standalone_attn_prefill_fetch_size_8_4096_nan ----
INFO 09-02 06:59:51 [__init__.py:244] Automatically detected platform rocm.
No masking
[0;31mE20250902 07:00:07.616208 140427008853760 output_stream.cpp:105] Opened result file: ./hwcount/pmc_1/standalone_attn_prefill_fetch_size_8_4096_nan_counter_collection.csv
[m[0;31mE20250902 07:00:07.624917 140427008853760 output_stream.cpp:105] Opened result file: ./hwcount/pmc_1/standalone_attn_prefill_fetch_size_8_4096_nan_agent_info.csv
[m# ---- Run standalone_attn_prefill_fetch_size_8_4096_128 ----
INFO 09-02 07:00:22 [__init__.py:244] Automatically detected platform rocm.
[0;31mE20250902 07:00:39.712640 140069975648000 output_stream.cpp:105] Opened result file: ./hwcount/pmc_1/standalone_attn_prefill_fetch_size_8_4096_128_counter_collection.csv
[m[0;31mE20250902 07:00:39.722574 140069975648000 output_stream.cpp:105] Opened result file: ./hwcount/pmc_1/standalone_attn_prefill_fetch_size_8_4096_128_agent_info.csv
[m[0;33mW20250902 07:00:49.178497 140069975648000 tool.cpp:1902] rocprofv3_error_signal_handler caught signal 11...
[m# ---- Run standalone_attn_prefill_fetch_size_8_8192_nan ----
INFO 09-02 07:00:55 [__init__.py:244] Automatically detected platform rocm.
No masking
[0;31mE20250902 07:01:13.380988 139919188911872 output_stream.cpp:105] Opened result file: ./hwcount/pmc_1/standalone_attn_prefill_fetch_size_8_8192_nan_counter_collection.csv
[m[0;31mE20250902 07:01:13.390201 139919188911872 output_stream.cpp:105] Opened result file: ./hwcount/pmc_1/standalone_attn_prefill_fetch_size_8_8192_nan_agent_info.csv
[m# ---- Run standalone_attn_prefill_fetch_size_8_8192_128 ----
INFO 09-02 07:01:29 [__init__.py:244] Automatically detected platform rocm.
[0;31mE20250902 07:01:47.146035 139952780146432 output_stream.cpp:105] Opened result file: ./hwcount/pmc_1/standalone_attn_prefill_fetch_size_8_8192_128_counter_collection.csv
[m[0;31mE20250902 07:01:47.155309 139952780146432 output_stream.cpp:105] Opened result file: ./hwcount/pmc_1/standalone_attn_prefill_fetch_size_8_8192_128_agent_info.csv
[m[0;33mW20250902 07:01:56.615294 139952780146432 tool.cpp:1902] rocprofv3_error_signal_handler caught signal 11...
[m# ---- Run standalone_attn_prefill_fetch_size_16_256_nan ----
INFO 09-02 07:02:03 [__init__.py:244] Automatically detected platform rocm.
No masking
[0;31mE20250902 07:02:24.904280 140277570717440 output_stream.cpp:105] Opened result file: ./hwcount/pmc_1/standalone_attn_prefill_fetch_size_16_256_nan_counter_collection.csv
[m[0;31mE20250902 07:02:24.914348 140277570717440 output_stream.cpp:105] Opened result file: ./hwcount/pmc_1/standalone_attn_prefill_fetch_size_16_256_nan_agent_info.csv
[m# ---- Run standalone_attn_prefill_fetch_size_16_256_128 ----
INFO 09-02 07:02:45 [__init__.py:244] Automatically detected platform rocm.
[0;31mE20250902 07:03:07.380487 140174372177664 output_stream.cpp:105] Opened result file: ./hwcount/pmc_1/standalone_attn_prefill_fetch_size_16_256_128_counter_collection.csv
[m[0;31mE20250902 07:03:07.391161 140174372177664 output_stream.cpp:105] Opened result file: ./hwcount/pmc_1/standalone_attn_prefill_fetch_size_16_256_128_agent_info.csv
[m[0;33mW20250902 07:03:17.346090 140174372177664 tool.cpp:1902] rocprofv3_error_signal_handler caught signal 11...
[m# ---- Run standalone_attn_prefill_fetch_size_16_512_nan ----
INFO 09-02 07:03:24 [__init__.py:244] Automatically detected platform rocm.
No masking
[0;31mE20250902 07:03:42.803083 139920660788992 output_stream.cpp:105] Opened result file: ./hwcount/pmc_1/standalone_attn_prefill_fetch_size_16_512_nan_counter_collection.csv
[m[0;31mE20250902 07:03:42.812161 139920660788992 output_stream.cpp:105] Opened result file: ./hwcount/pmc_1/standalone_attn_prefill_fetch_size_16_512_nan_agent_info.csv
[m# ---- Run standalone_attn_prefill_fetch_size_16_512_128 ----
INFO 09-02 07:03:58 [__init__.py:244] Automatically detected platform rocm.
[0;31mE20250902 07:04:17.038726 139778975405824 output_stream.cpp:105] Opened result file: ./hwcount/pmc_1/standalone_attn_prefill_fetch_size_16_512_128_counter_collection.csv
[m[0;31mE20250902 07:04:17.048234 139778975405824 output_stream.cpp:105] Opened result file: ./hwcount/pmc_1/standalone_attn_prefill_fetch_size_16_512_128_agent_info.csv
[m[0;33mW20250902 07:04:26.038386 139778975405824 tool.cpp:1902] rocprofv3_error_signal_handler caught signal 11...
[m# ---- Run standalone_attn_prefill_fetch_size_16_1024_nan ----
INFO 09-02 07:04:33 [__init__.py:244] Automatically detected platform rocm.
No masking
[0;31mE20250902 07:04:51.833601 140192742950656 output_stream.cpp:105] Opened result file: ./hwcount/pmc_1/standalone_attn_prefill_fetch_size_16_1024_nan_counter_collection.csv
[m[0;31mE20250902 07:04:51.842567 140192742950656 output_stream.cpp:105] Opened result file: ./hwcount/pmc_1/standalone_attn_prefill_fetch_size_16_1024_nan_agent_info.csv
[m# ---- Run standalone_attn_prefill_fetch_size_16_1024_128 ----
INFO 09-02 07:05:08 [__init__.py:244] Automatically detected platform rocm.
[0;31mE20250902 07:05:27.657492 139944979339008 output_stream.cpp:105] Opened result file: ./hwcount/pmc_1/standalone_attn_prefill_fetch_size_16_1024_128_counter_collection.csv
[m[0;31mE20250902 07:05:27.666346 139944979339008 output_stream.cpp:105] Opened result file: ./hwcount/pmc_1/standalone_attn_prefill_fetch_size_16_1024_128_agent_info.csv
[m[0;33mW20250902 07:05:36.888695 139944979339008 tool.cpp:1902] rocprofv3_error_signal_handler caught signal 11...
[m# ---- Run standalone_attn_prefill_fetch_size_16_2048_nan ----
INFO 09-02 07:05:44 [__init__.py:244] Automatically detected platform rocm.
No masking
[0;31mE20250902 07:06:05.172364 140663490701056 output_stream.cpp:105] Opened result file: ./hwcount/pmc_1/standalone_attn_prefill_fetch_size_16_2048_nan_counter_collection.csv
[m[0;31mE20250902 07:06:05.182911 140663490701056 output_stream.cpp:105] Opened result file: ./hwcount/pmc_1/standalone_attn_prefill_fetch_size_16_2048_nan_agent_info.csv
[m# ---- Run standalone_attn_prefill_fetch_size_16_2048_128 ----
INFO 09-02 07:06:24 [__init__.py:244] Automatically detected platform rocm.
[0;31mE20250902 07:06:46.568386 139802711996160 output_stream.cpp:105] Opened result file: ./hwcount/pmc_1/standalone_attn_prefill_fetch_size_16_2048_128_counter_collection.csv
[m[0;31mE20250902 07:06:46.577409 139802711996160 output_stream.cpp:105] Opened result file: ./hwcount/pmc_1/standalone_attn_prefill_fetch_size_16_2048_128_agent_info.csv
[m[0;33mW20250902 07:06:56.308600 139802711996160 tool.cpp:1902] rocprofv3_error_signal_handler caught signal 11...
[m# ---- Run standalone_attn_prefill_fetch_size_16_4096_nan ----
INFO 09-02 07:07:05 [__init__.py:244] Automatically detected platform rocm.
No masking
[0;31mE20250902 07:07:27.596682 140370410473216 output_stream.cpp:105] Opened result file: ./hwcount/pmc_1/standalone_attn_prefill_fetch_size_16_4096_nan_counter_collection.csv
[m[0;31mE20250902 07:07:27.606044 140370410473216 output_stream.cpp:105] Opened result file: ./hwcount/pmc_1/standalone_attn_prefill_fetch_size_16_4096_nan_agent_info.csv
[m# ---- Run standalone_attn_prefill_fetch_size_16_4096_128 ----
INFO 09-02 07:07:46 [__init__.py:244] Automatically detected platform rocm.
[0;31mE20250902 07:08:08.115450 140113902630656 output_stream.cpp:105] Opened result file: ./hwcount/pmc_1/standalone_attn_prefill_fetch_size_16_4096_128_counter_collection.csv
[m[0;31mE20250902 07:08:08.125274 140113902630656 output_stream.cpp:105] Opened result file: ./hwcount/pmc_1/standalone_attn_prefill_fetch_size_16_4096_128_agent_info.csv
[m[0;33mW20250902 07:08:17.560127 140113902630656 tool.cpp:1902] rocprofv3_error_signal_handler caught signal 11...
[m# ---- Run standalone_attn_prefill_fetch_size_16_8192_nan ----
INFO 09-02 07:08:24 [__init__.py:244] Automatically detected platform rocm.
No masking
[0;31mE20250902 07:08:45.938774 139829018679040 output_stream.cpp:105] Opened result file: ./hwcount/pmc_1/standalone_attn_prefill_fetch_size_16_8192_nan_counter_collection.csv
[m[0;31mE20250902 07:08:45.948663 139829018679040 output_stream.cpp:105] Opened result file: ./hwcount/pmc_1/standalone_attn_prefill_fetch_size_16_8192_nan_agent_info.csv
[m# ---- Run standalone_attn_prefill_fetch_size_16_8192_128 ----
INFO 09-02 07:09:04 [__init__.py:244] Automatically detected platform rocm.
[0;31mE20250902 07:09:27.867833 139953037805312 output_stream.cpp:105] Opened result file: ./hwcount/pmc_1/standalone_attn_prefill_fetch_size_16_8192_128_counter_collection.csv
[m[0;31mE20250902 07:09:27.877036 139953037805312 output_stream.cpp:105] Opened result file: ./hwcount/pmc_1/standalone_attn_prefill_fetch_size_16_8192_128_agent_info.csv
[m[0;33mW20250902 07:09:37.188372 139953037805312 tool.cpp:1902] rocprofv3_error_signal_handler caught signal 11...
[m# ---- Run standalone_attn_prefill_write_size_1_256_nan ----
INFO 09-02 07:13:07 [__init__.py:244] Automatically detected platform rocm.
No masking
[0;31mE20250902 07:13:29.630307 140401761453824 output_stream.cpp:105] Opened result file: ./hwcount/pmc_1/standalone_attn_prefill_write_size_1_256_nan_counter_collection.csv
[m[0;31mE20250902 07:13:29.639699 140401761453824 output_stream.cpp:105] Opened result file: ./hwcount/pmc_1/standalone_attn_prefill_write_size_1_256_nan_agent_info.csv
[m# ---- Run standalone_attn_prefill_write_size_1_256_128 ----
INFO 09-02 07:13:49 [__init__.py:244] Automatically detected platform rocm.
[0;31mE20250902 07:14:11.088209 139803403147008 output_stream.cpp:105] Opened result file: ./hwcount/pmc_1/standalone_attn_prefill_write_size_1_256_128_counter_collection.csv
[m[0;31mE20250902 07:14:11.098061 139803403147008 output_stream.cpp:105] Opened result file: ./hwcount/pmc_1/standalone_attn_prefill_write_size_1_256_128_agent_info.csv
[m[0;33mW20250902 07:14:20.628959 139803403147008 tool.cpp:1902] rocprofv3_error_signal_handler caught signal 11...
[m# ---- Run standalone_attn_prefill_write_size_1_512_nan ----
INFO 09-02 07:14:27 [__init__.py:244] Automatically detected platform rocm.
No masking
[0;31mE20250902 07:14:46.117902 140002680407808 output_stream.cpp:105] Opened result file: ./hwcount/pmc_1/standalone_attn_prefill_write_size_1_512_nan_counter_collection.csv
[m[0;31mE20250902 07:14:46.128063 140002680407808 output_stream.cpp:105] Opened result file: ./hwcount/pmc_1/standalone_attn_prefill_write_size_1_512_nan_agent_info.csv
[m# ---- Run standalone_attn_prefill_write_size_1_512_128 ----
INFO 09-02 07:15:02 [__init__.py:244] Automatically detected platform rocm.
[0;31mE20250902 07:15:21.025321 140495759898368 output_stream.cpp:105] Opened result file: ./hwcount/pmc_1/standalone_attn_prefill_write_size_1_512_128_counter_collection.csv
[m[0;31mE20250902 07:15:21.034281 140495759898368 output_stream.cpp:105] Opened result file: ./hwcount/pmc_1/standalone_attn_prefill_write_size_1_512_128_agent_info.csv
[m[0;33mW20250902 07:15:30.499006 140495759898368 tool.cpp:1902] rocprofv3_error_signal_handler caught signal 11...
[m# ---- Run standalone_attn_prefill_write_size_1_1024_nan ----
INFO 09-02 07:15:37 [__init__.py:244] Automatically detected platform rocm.
No masking
[0;31mE20250902 07:15:55.846888 140234407569152 output_stream.cpp:105] Opened result file: ./hwcount/pmc_1/standalone_attn_prefill_write_size_1_1024_nan_counter_collection.csv
[m[0;31mE20250902 07:15:55.856752 140234407569152 output_stream.cpp:105] Opened result file: ./hwcount/pmc_1/standalone_attn_prefill_write_size_1_1024_nan_agent_info.csv
[m# ---- Run standalone_attn_prefill_write_size_1_1024_128 ----
INFO 09-02 07:16:12 [__init__.py:244] Automatically detected platform rocm.
[0;31mE20250902 07:16:31.611011 140411124422400 output_stream.cpp:105] Opened result file: ./hwcount/pmc_1/standalone_attn_prefill_write_size_1_1024_128_counter_collection.csv
[m[0;31mE20250902 07:16:31.620991 140411124422400 output_stream.cpp:105] Opened result file: ./hwcount/pmc_1/standalone_attn_prefill_write_size_1_1024_128_agent_info.csv
[m[0;33mW20250902 07:16:40.946119 140411124422400 tool.cpp:1902] rocprofv3_error_signal_handler caught signal 11...
[m# ---- Run standalone_attn_prefill_write_size_1_2048_nan ----
INFO 09-02 07:16:48 [__init__.py:244] Automatically detected platform rocm.
No masking
[0;31mE20250902 07:17:08.739448 140140509230848 output_stream.cpp:105] Opened result file: ./hwcount/pmc_1/standalone_attn_prefill_write_size_1_2048_nan_counter_collection.csv
[m[0;31mE20250902 07:17:08.750445 140140509230848 output_stream.cpp:105] Opened result file: ./hwcount/pmc_1/standalone_attn_prefill_write_size_1_2048_nan_agent_info.csv
[m# ---- Run standalone_attn_prefill_write_size_1_2048_128 ----
INFO 09-02 07:17:27 [__init__.py:244] Automatically detected platform rocm.
[0;31mE20250902 07:17:48.751790 139710350124800 output_stream.cpp:105] Opened result file: ./hwcount/pmc_1/standalone_attn_prefill_write_size_1_2048_128_counter_collection.csv
[m[0;31mE20250902 07:17:48.761317 139710350124800 output_stream.cpp:105] Opened result file: ./hwcount/pmc_1/standalone_attn_prefill_write_size_1_2048_128_agent_info.csv
[m[0;33mW20250902 07:17:58.994364 139710350124800 tool.cpp:1902] rocprofv3_error_signal_handler caught signal 11...
[m# ---- Run standalone_attn_prefill_write_size_1_4096_nan ----
INFO 09-02 07:18:06 [__init__.py:244] Automatically detected platform rocm.
No masking
[0;31mE20250902 07:18:25.443191 140419822388992 output_stream.cpp:105] Opened result file: ./hwcount/pmc_1/standalone_attn_prefill_write_size_1_4096_nan_counter_collection.csv
[m[0;31mE20250902 07:18:25.452819 140419822388992 output_stream.cpp:105] Opened result file: ./hwcount/pmc_1/standalone_attn_prefill_write_size_1_4096_nan_agent_info.csv
[m# ---- Run standalone_attn_prefill_write_size_1_4096_128 ----
INFO 09-02 07:18:42 [__init__.py:244] Automatically detected platform rocm.
[0;31mE20250902 07:19:01.652945 139946134316800 output_stream.cpp:105] Opened result file: ./hwcount/pmc_1/standalone_attn_prefill_write_size_1_4096_128_counter_collection.csv
[m[0;31mE20250902 07:19:01.663688 139946134316800 output_stream.cpp:105] Opened result file: ./hwcount/pmc_1/standalone_attn_prefill_write_size_1_4096_128_agent_info.csv
[m[0;33mW20250902 07:19:11.500969 139946134316800 tool.cpp:1902] rocprofv3_error_signal_handler caught signal 11...
[m# ---- Run standalone_attn_prefill_write_size_1_8192_nan ----
INFO 09-02 07:19:19 [__init__.py:244] Automatically detected platform rocm.
No masking
[0;31mE20250902 07:19:38.030166 140373820876544 output_stream.cpp:105] Opened result file: ./hwcount/pmc_1/standalone_attn_prefill_write_size_1_8192_nan_counter_collection.csv
[m[0;31mE20250902 07:19:38.039371 140373820876544 output_stream.cpp:105] Opened result file: ./hwcount/pmc_1/standalone_attn_prefill_write_size_1_8192_nan_agent_info.csv
[m# ---- Run standalone_attn_prefill_write_size_1_8192_128 ----
INFO 09-02 07:19:54 [__init__.py:244] Automatically detected platform rocm.
[0;31mE20250902 07:20:13.562334 140673649833728 output_stream.cpp:105] Opened result file: ./hwcount/pmc_1/standalone_attn_prefill_write_size_1_8192_128_counter_collection.csv
[m[0;31mE20250902 07:20:13.571502 140673649833728 output_stream.cpp:105] Opened result file: ./hwcount/pmc_1/standalone_attn_prefill_write_size_1_8192_128_agent_info.csv
[m[0;33mW20250902 07:20:23.412056 140673649833728 tool.cpp:1902] rocprofv3_error_signal_handler caught signal 11...
[m# ---- Run standalone_attn_prefill_write_size_4_256_nan ----
INFO 09-02 07:20:30 [__init__.py:244] Automatically detected platform rocm.
No masking
[0;31mE20250902 07:20:48.588271 140460009412352 output_stream.cpp:105] Opened result file: ./hwcount/pmc_1/standalone_attn_prefill_write_size_4_256_nan_counter_collection.csv
[m[0;31mE20250902 07:20:48.598007 140460009412352 output_stream.cpp:105] Opened result file: ./hwcount/pmc_1/standalone_attn_prefill_write_size_4_256_nan_agent_info.csv
[m# ---- Run standalone_attn_prefill_write_size_4_256_128 ----
INFO 09-02 07:21:05 [__init__.py:244] Automatically detected platform rocm.
[0;31mE20250902 07:21:23.603822 140244311590656 output_stream.cpp:105] Opened result file: ./hwcount/pmc_1/standalone_attn_prefill_write_size_4_256_128_counter_collection.csv
[m[0;31mE20250902 07:21:23.613573 140244311590656 output_stream.cpp:105] Opened result file: ./hwcount/pmc_1/standalone_attn_prefill_write_size_4_256_128_agent_info.csv
[m[0;33mW20250902 07:21:32.924935 140244311590656 tool.cpp:1902] rocprofv3_error_signal_handler caught signal 11...
[m# ---- Run standalone_attn_prefill_write_size_4_512_nan ----
INFO 09-02 07:21:40 [__init__.py:244] Automatically detected platform rocm.
No masking
[0;31mE20250902 07:21:59.938548 140277848925952 output_stream.cpp:105] Opened result file: ./hwcount/pmc_1/standalone_attn_prefill_write_size_4_512_nan_counter_collection.csv
[m[0;31mE20250902 07:21:59.948445 140277848925952 output_stream.cpp:105] Opened result file: ./hwcount/pmc_1/standalone_attn_prefill_write_size_4_512_nan_agent_info.csv
[m# ---- Run standalone_attn_prefill_write_size_4_512_128 ----
INFO 09-02 07:22:16 [__init__.py:244] Automatically detected platform rocm.
[0;31mE20250902 07:22:36.876022 140133566863104 output_stream.cpp:105] Opened result file: ./hwcount/pmc_1/standalone_attn_prefill_write_size_4_512_128_counter_collection.csv
[m[0;31mE20250902 07:22:36.885883 140133566863104 output_stream.cpp:105] Opened result file: ./hwcount/pmc_1/standalone_attn_prefill_write_size_4_512_128_agent_info.csv
[m[0;33mW20250902 07:22:46.905242 140133566863104 tool.cpp:1902] rocprofv3_error_signal_handler caught signal 11...
[m# ---- Run standalone_attn_prefill_write_size_4_1024_nan ----
INFO 09-02 07:22:56 [__init__.py:244] Automatically detected platform rocm.
No masking
[0;31mE20250902 07:23:17.958187 140708511356672 output_stream.cpp:105] Opened result file: ./hwcount/pmc_1/standalone_attn_prefill_write_size_4_1024_nan_counter_collection.csv
[m[0;31mE20250902 07:23:17.967632 140708511356672 output_stream.cpp:105] Opened result file: ./hwcount/pmc_1/standalone_attn_prefill_write_size_4_1024_nan_agent_info.csv
[m# ---- Run standalone_attn_prefill_write_size_4_1024_128 ----
INFO 09-02 07:23:37 [__init__.py:244] Automatically detected platform rocm.
[0;31mE20250902 07:23:58.823291 139678073698048 output_stream.cpp:105] Opened result file: ./hwcount/pmc_1/standalone_attn_prefill_write_size_4_1024_128_counter_collection.csv
[m[0;31mE20250902 07:23:58.833378 139678073698048 output_stream.cpp:105] Opened result file: ./hwcount/pmc_1/standalone_attn_prefill_write_size_4_1024_128_agent_info.csv
[m[0;33mW20250902 07:24:08.511475 139678073698048 tool.cpp:1902] rocprofv3_error_signal_handler caught signal 11...
[m# ---- Run standalone_attn_prefill_write_size_4_2048_nan ----
INFO 09-02 07:24:15 [__init__.py:244] Automatically detected platform rocm.
No masking
[0;31mE20250902 07:24:35.969451 139671523694336 output_stream.cpp:105] Opened result file: ./hwcount/pmc_1/standalone_attn_prefill_write_size_4_2048_nan_counter_collection.csv
[m[0;31mE20250902 07:24:35.979570 139671523694336 output_stream.cpp:105] Opened result file: ./hwcount/pmc_1/standalone_attn_prefill_write_size_4_2048_nan_agent_info.csv
[m# ---- Run standalone_attn_prefill_write_size_4_2048_128 ----
INFO 09-02 07:24:56 [__init__.py:244] Automatically detected platform rocm.
[0;31mE20250902 07:25:17.274455 140240527111936 output_stream.cpp:105] Opened result file: ./hwcount/pmc_1/standalone_attn_prefill_write_size_4_2048_128_counter_collection.csv
[m[0;31mE20250902 07:25:17.284956 140240527111936 output_stream.cpp:105] Opened result file: ./hwcount/pmc_1/standalone_attn_prefill_write_size_4_2048_128_agent_info.csv
[m[0;33mW20250902 07:25:27.231108 140240527111936 tool.cpp:1902] rocprofv3_error_signal_handler caught signal 11...
[m# ---- Run standalone_attn_prefill_write_size_4_4096_nan ----
INFO 09-02 07:25:34 [__init__.py:244] Automatically detected platform rocm.
No masking
[0;31mE20250902 07:25:52.422521 139720288364288 output_stream.cpp:105] Opened result file: ./hwcount/pmc_1/standalone_attn_prefill_write_size_4_4096_nan_counter_collection.csv
[m[0;31mE20250902 07:25:52.432117 139720288364288 output_stream.cpp:105] Opened result file: ./hwcount/pmc_1/standalone_attn_prefill_write_size_4_4096_nan_agent_info.csv
[m# ---- Run standalone_attn_prefill_write_size_4_4096_128 ----
INFO 09-02 07:26:09 [__init__.py:244] Automatically detected platform rocm.
[0;31mE20250902 07:26:27.763755 139733209790208 output_stream.cpp:105] Opened result file: ./hwcount/pmc_1/standalone_attn_prefill_write_size_4_4096_128_counter_collection.csv
[m[0;31mE20250902 07:26:27.773106 139733209790208 output_stream.cpp:105] Opened result file: ./hwcount/pmc_1/standalone_attn_prefill_write_size_4_4096_128_agent_info.csv
[m[0;33mW20250902 07:26:37.086440 139733209790208 tool.cpp:1902] rocprofv3_error_signal_handler caught signal 11...
[m# ---- Run standalone_attn_prefill_write_size_4_8192_nan ----
INFO 09-02 07:26:44 [__init__.py:244] Automatically detected platform rocm.
No masking
[0;31mE20250902 07:27:04.121435 140533421033216 output_stream.cpp:105] Opened result file: ./hwcount/pmc_1/standalone_attn_prefill_write_size_4_8192_nan_counter_collection.csv
[m[0;31mE20250902 07:27:04.131265 140533421033216 output_stream.cpp:105] Opened result file: ./hwcount/pmc_1/standalone_attn_prefill_write_size_4_8192_nan_agent_info.csv
[m# ---- Run standalone_attn_prefill_write_size_4_8192_128 ----
INFO 09-02 07:27:22 [__init__.py:244] Automatically detected platform rocm.
[0;31mE20250902 07:27:43.647721 140473858524928 output_stream.cpp:105] Opened result file: ./hwcount/pmc_1/standalone_attn_prefill_write_size_4_8192_128_counter_collection.csv
[m[0;31mE20250902 07:27:43.656853 140473858524928 output_stream.cpp:105] Opened result file: ./hwcount/pmc_1/standalone_attn_prefill_write_size_4_8192_128_agent_info.csv
[m[0;33mW20250902 07:27:53.734023 140473858524928 tool.cpp:1902] rocprofv3_error_signal_handler caught signal 11...
[m# ---- Run standalone_attn_prefill_write_size_8_256_nan ----
INFO 09-02 07:28:02 [__init__.py:244] Automatically detected platform rocm.
No masking
[0;31mE20250902 07:28:23.349191 139647460800256 output_stream.cpp:105] Opened result file: ./hwcount/pmc_1/standalone_attn_prefill_write_size_8_256_nan_counter_collection.csv
[m[0;31mE20250902 07:28:23.359338 139647460800256 output_stream.cpp:105] Opened result file: ./hwcount/pmc_1/standalone_attn_prefill_write_size_8_256_nan_agent_info.csv
[m# ---- Run standalone_attn_prefill_write_size_8_256_128 ----
INFO 09-02 07:28:40 [__init__.py:244] Automatically detected platform rocm.
[0;31mE20250902 07:28:59.371457 140321025087232 output_stream.cpp:105] Opened result file: ./hwcount/pmc_1/standalone_attn_prefill_write_size_8_256_128_counter_collection.csv
[m[0;31mE20250902 07:28:59.381744 140321025087232 output_stream.cpp:105] Opened result file: ./hwcount/pmc_1/standalone_attn_prefill_write_size_8_256_128_agent_info.csv
[m[0;33mW20250902 07:29:09.212645 140321025087232 tool.cpp:1902] rocprofv3_error_signal_handler caught signal 11...
[m# ---- Run standalone_attn_prefill_write_size_8_512_nan ----
INFO 09-02 07:29:16 [__init__.py:244] Automatically detected platform rocm.
No masking
[0;31mE20250902 07:29:34.765321 140275598976768 output_stream.cpp:105] Opened result file: ./hwcount/pmc_1/standalone_attn_prefill_write_size_8_512_nan_counter_collection.csv
[m[0;31mE20250902 07:29:34.775914 140275598976768 output_stream.cpp:105] Opened result file: ./hwcount/pmc_1/standalone_attn_prefill_write_size_8_512_nan_agent_info.csv
[m# ---- Run standalone_attn_prefill_write_size_8_512_128 ----
INFO 09-02 07:29:51 [__init__.py:244] Automatically detected platform rocm.
[0;31mE20250902 07:30:10.050404 140168247273216 output_stream.cpp:105] Opened result file: ./hwcount/pmc_1/standalone_attn_prefill_write_size_8_512_128_counter_collection.csv
[m[0;31mE20250902 07:30:10.059559 140168247273216 output_stream.cpp:105] Opened result file: ./hwcount/pmc_1/standalone_attn_prefill_write_size_8_512_128_agent_info.csv
[m[0;33mW20250902 07:30:19.875782 140168247273216 tool.cpp:1902] rocprofv3_error_signal_handler caught signal 11...
[m# ---- Run standalone_attn_prefill_write_size_8_1024_nan ----
INFO 09-02 07:30:27 [__init__.py:244] Automatically detected platform rocm.
No masking
[0;31mE20250902 07:30:46.460197 139933370341120 output_stream.cpp:105] Opened result file: ./hwcount/pmc_1/standalone_attn_prefill_write_size_8_1024_nan_counter_collection.csv
[m[0;31mE20250902 07:30:46.469533 139933370341120 output_stream.cpp:105] Opened result file: ./hwcount/pmc_1/standalone_attn_prefill_write_size_8_1024_nan_agent_info.csv
[m# ---- Run standalone_attn_prefill_write_size_8_1024_128 ----
INFO 09-02 07:31:03 [__init__.py:244] Automatically detected platform rocm.
[0;31mE20250902 07:31:23.140706 140292634588928 output_stream.cpp:105] Opened result file: ./hwcount/pmc_1/standalone_attn_prefill_write_size_8_1024_128_counter_collection.csv
[m[0;31mE20250902 07:31:23.150189 140292634588928 output_stream.cpp:105] Opened result file: ./hwcount/pmc_1/standalone_attn_prefill_write_size_8_1024_128_agent_info.csv
[m[0;33mW20250902 07:31:32.271145 140292634588928 tool.cpp:1902] rocprofv3_error_signal_handler caught signal 11...
[m# ---- Run standalone_attn_prefill_write_size_8_2048_nan ----
INFO 09-02 07:31:39 [__init__.py:244] Automatically detected platform rocm.
No masking
[0;31mE20250902 07:31:58.329954 140319910078208 output_stream.cpp:105] Opened result file: ./hwcount/pmc_1/standalone_attn_prefill_write_size_8_2048_nan_counter_collection.csv
[m[0;31mE20250902 07:31:58.339834 140319910078208 output_stream.cpp:105] Opened result file: ./hwcount/pmc_1/standalone_attn_prefill_write_size_8_2048_nan_agent_info.csv
[m# ---- Run standalone_attn_prefill_write_size_8_2048_128 ----
INFO 09-02 07:32:15 [__init__.py:244] Automatically detected platform rocm.
[0;31mE20250902 07:32:34.336308 140602227898112 output_stream.cpp:105] Opened result file: ./hwcount/pmc_1/standalone_attn_prefill_write_size_8_2048_128_counter_collection.csv
[m[0;31mE20250902 07:32:34.346515 140602227898112 output_stream.cpp:105] Opened result file: ./hwcount/pmc_1/standalone_attn_prefill_write_size_8_2048_128_agent_info.csv
[m[0;33mW20250902 07:32:43.606001 140602227898112 tool.cpp:1902] rocprofv3_error_signal_handler caught signal 11...
[m# ---- Run standalone_attn_prefill_write_size_8_4096_nan ----
INFO 09-02 07:32:51 [__init__.py:244] Automatically detected platform rocm.
No masking
[0;31mE20250902 07:33:11.586370 140411038422784 output_stream.cpp:105] Opened result file: ./hwcount/pmc_1/standalone_attn_prefill_write_size_8_4096_nan_counter_collection.csv
[m[0;31mE20250902 07:33:11.596553 140411038422784 output_stream.cpp:105] Opened result file: ./hwcount/pmc_1/standalone_attn_prefill_write_size_8_4096_nan_agent_info.csv
[m# ---- Run standalone_attn_prefill_write_size_8_4096_128 ----
INFO 09-02 07:33:30 [__init__.py:244] Automatically detected platform rocm.
[0;31mE20250902 07:33:51.222271 140130114131712 output_stream.cpp:105] Opened result file: ./hwcount/pmc_1/standalone_attn_prefill_write_size_8_4096_128_counter_collection.csv
[m[0;31mE20250902 07:33:51.231897 140130114131712 output_stream.cpp:105] Opened result file: ./hwcount/pmc_1/standalone_attn_prefill_write_size_8_4096_128_agent_info.csv
[m[0;33mW20250902 07:34:01.263199 140130114131712 tool.cpp:1902] rocprofv3_error_signal_handler caught signal 11...
[m# ---- Run standalone_attn_prefill_write_size_8_8192_nan ----
INFO 09-02 07:34:09 [__init__.py:244] Automatically detected platform rocm.
No masking
[0;31mE20250902 07:34:30.003295 140685532174080 output_stream.cpp:105] Opened result file: ./hwcount/pmc_1/standalone_attn_prefill_write_size_8_8192_nan_counter_collection.csv
[m[0;31mE20250902 07:34:30.012953 140685532174080 output_stream.cpp:105] Opened result file: ./hwcount/pmc_1/standalone_attn_prefill_write_size_8_8192_nan_agent_info.csv
[m# ---- Run standalone_attn_prefill_write_size_8_8192_128 ----
INFO 09-02 07:34:48 [__init__.py:244] Automatically detected platform rocm.
[0;31mE20250902 07:35:09.356391 140589832894208 output_stream.cpp:105] Opened result file: ./hwcount/pmc_1/standalone_attn_prefill_write_size_8_8192_128_counter_collection.csv
[m[0;31mE20250902 07:35:09.366203 140589832894208 output_stream.cpp:105] Opened result file: ./hwcount/pmc_1/standalone_attn_prefill_write_size_8_8192_128_agent_info.csv
[m[0;33mW20250902 07:35:18.945095 140589832894208 tool.cpp:1902] rocprofv3_error_signal_handler caught signal 11...
[m# ---- Run standalone_attn_prefill_write_size_16_256_nan ----
INFO 09-02 07:35:27 [__init__.py:244] Automatically detected platform rocm.
No masking
[0;31mE20250902 07:35:47.697252 139757662951168 output_stream.cpp:105] Opened result file: ./hwcount/pmc_1/standalone_attn_prefill_write_size_16_256_nan_counter_collection.csv
[m[0;31mE20250902 07:35:47.707165 139757662951168 output_stream.cpp:105] Opened result file: ./hwcount/pmc_1/standalone_attn_prefill_write_size_16_256_nan_agent_info.csv
[m# ---- Run standalone_attn_prefill_write_size_16_256_128 ----
INFO 09-02 07:36:05 [__init__.py:244] Automatically detected platform rocm.
[0;31mE20250902 07:36:24.610123 140597570893568 output_stream.cpp:105] Opened result file: ./hwcount/pmc_1/standalone_attn_prefill_write_size_16_256_128_counter_collection.csv
[m[0;31mE20250902 07:36:24.619572 140597570893568 output_stream.cpp:105] Opened result file: ./hwcount/pmc_1/standalone_attn_prefill_write_size_16_256_128_agent_info.csv
[m[0;33mW20250902 07:36:33.692485 140597570893568 tool.cpp:1902] rocprofv3_error_signal_handler caught signal 11...
[m# ---- Run standalone_attn_prefill_write_size_16_512_nan ----
INFO 09-02 07:36:41 [__init__.py:244] Automatically detected platform rocm.
No masking
[0;31mE20250902 07:37:01.478681 140349215340288 output_stream.cpp:105] Opened result file: ./hwcount/pmc_1/standalone_attn_prefill_write_size_16_512_nan_counter_collection.csv
[m[0;31mE20250902 07:37:01.487798 140349215340288 output_stream.cpp:105] Opened result file: ./hwcount/pmc_1/standalone_attn_prefill_write_size_16_512_nan_agent_info.csv
[m# ---- Run standalone_attn_prefill_write_size_16_512_128 ----
INFO 09-02 07:37:18 [__init__.py:244] Automatically detected platform rocm.
[0;31mE20250902 07:37:39.233635 139730779404032 output_stream.cpp:105] Opened result file: ./hwcount/pmc_1/standalone_attn_prefill_write_size_16_512_128_counter_collection.csv
[m[0;31mE20250902 07:37:39.243328 139730779404032 output_stream.cpp:105] Opened result file: ./hwcount/pmc_1/standalone_attn_prefill_write_size_16_512_128_agent_info.csv
[m[0;33mW20250902 07:37:48.927338 139730779404032 tool.cpp:1902] rocprofv3_error_signal_handler caught signal 11...
[m# ---- Run standalone_attn_prefill_write_size_16_1024_nan ----
INFO 09-02 07:37:57 [__init__.py:244] Automatically detected platform rocm.
No masking
[0;31mE20250902 07:38:18.320141 140240537925376 output_stream.cpp:105] Opened result file: ./hwcount/pmc_1/standalone_attn_prefill_write_size_16_1024_nan_counter_collection.csv
[m[0;31mE20250902 07:38:18.329809 140240537925376 output_stream.cpp:105] Opened result file: ./hwcount/pmc_1/standalone_attn_prefill_write_size_16_1024_nan_agent_info.csv
[m# ---- Run standalone_attn_prefill_write_size_16_1024_128 ----
INFO 09-02 07:38:38 [__init__.py:244] Automatically detected platform rocm.
[0;31mE20250902 07:38:58.754752 139732157236992 output_stream.cpp:105] Opened result file: ./hwcount/pmc_1/standalone_attn_prefill_write_size_16_1024_128_counter_collection.csv
[m[0;31mE20250902 07:38:58.764902 139732157236992 output_stream.cpp:105] Opened result file: ./hwcount/pmc_1/standalone_attn_prefill_write_size_16_1024_128_agent_info.csv
[m[0;33mW20250902 07:39:08.307290 139732157236992 tool.cpp:1902] rocprofv3_error_signal_handler caught signal 11...
[m# ---- Run standalone_attn_prefill_write_size_16_2048_nan ----
INFO 09-02 07:39:15 [__init__.py:244] Automatically detected platform rocm.
No masking
[0;31mE20250902 07:39:34.567381 139947049436928 output_stream.cpp:105] Opened result file: ./hwcount/pmc_1/standalone_attn_prefill_write_size_16_2048_nan_counter_collection.csv
[m[0;31mE20250902 07:39:34.577163 139947049436928 output_stream.cpp:105] Opened result file: ./hwcount/pmc_1/standalone_attn_prefill_write_size_16_2048_nan_agent_info.csv
[m# ---- Run standalone_attn_prefill_write_size_16_2048_128 ----
INFO 09-02 07:39:51 [__init__.py:244] Automatically detected platform rocm.
[0;31mE20250902 07:40:10.847876 140514604189440 output_stream.cpp:105] Opened result file: ./hwcount/pmc_1/standalone_attn_prefill_write_size_16_2048_128_counter_collection.csv
[m[0;31mE20250902 07:40:10.857339 140514604189440 output_stream.cpp:105] Opened result file: ./hwcount/pmc_1/standalone_attn_prefill_write_size_16_2048_128_agent_info.csv
[m[0;33mW20250902 07:40:20.370761 140514604189440 tool.cpp:1902] rocprofv3_error_signal_handler caught signal 11...
[m# ---- Run standalone_attn_prefill_write_size_16_4096_nan ----
INFO 09-02 07:40:27 [__init__.py:244] Automatically detected platform rocm.
No masking
[0;31mE20250902 07:40:46.202461 140034217465600 output_stream.cpp:105] Opened result file: ./hwcount/pmc_1/standalone_attn_prefill_write_size_16_4096_nan_counter_collection.csv
[m[0;31mE20250902 07:40:46.211666 140034217465600 output_stream.cpp:105] Opened result file: ./hwcount/pmc_1/standalone_attn_prefill_write_size_16_4096_nan_agent_info.csv
[m# ---- Run standalone_attn_prefill_write_size_16_4096_128 ----
INFO 09-02 07:41:03 [__init__.py:244] Automatically detected platform rocm.
[0;31mE20250902 07:41:22.056044 140461401114368 output_stream.cpp:105] Opened result file: ./hwcount/pmc_1/standalone_attn_prefill_write_size_16_4096_128_counter_collection.csv
[m[0;31mE20250902 07:41:22.065903 140461401114368 output_stream.cpp:105] Opened result file: ./hwcount/pmc_1/standalone_attn_prefill_write_size_16_4096_128_agent_info.csv
[m[0;33mW20250902 07:41:32.240798 140461401114368 tool.cpp:1902] rocprofv3_error_signal_handler caught signal 11...
[m# ---- Run standalone_attn_prefill_write_size_16_8192_nan ----
INFO 09-02 07:41:39 [__init__.py:244] Automatically detected platform rocm.
No masking
[0;31mE20250902 07:41:58.759600 140227983456000 output_stream.cpp:105] Opened result file: ./hwcount/pmc_1/standalone_attn_prefill_write_size_16_8192_nan_counter_collection.csv
[m[0;31mE20250902 07:41:58.768967 140227983456000 output_stream.cpp:105] Opened result file: ./hwcount/pmc_1/standalone_attn_prefill_write_size_16_8192_nan_agent_info.csv
[m# ---- Run standalone_attn_prefill_write_size_16_8192_128 ----
INFO 09-02 07:42:15 [__init__.py:244] Automatically detected platform rocm.
[0;31mE20250902 07:42:34.555249 140468015814400 output_stream.cpp:105] Opened result file: ./hwcount/pmc_1/standalone_attn_prefill_write_size_16_8192_128_counter_collection.csv
[m[0;31mE20250902 07:42:34.564857 140468015814400 output_stream.cpp:105] Opened result file: ./hwcount/pmc_1/standalone_attn_prefill_write_size_16_8192_128_agent_info.csv
[m[0;33mW20250902 07:42:44.083541 140468015814400 tool.cpp:1902] rocprofv3_error_signal_handler caught signal 11...
[m