# ---- Run standalone_attn_prefill_1_2048_32_256_48_tp8 ----
INFO 08-05 19:07:40 [__init__.py:244] Automatically detected platform rocm.
No masking
Traceback (most recent call last):
  File "/app/IntraGPUDisagg/standalone_attn_prefill.py", line 176, in <module>
    main()
  File "/app/IntraGPUDisagg/standalone_attn_prefill.py", line 105, in main
    HEADS_Q   = cfg.num_attention_heads/tp        # 8
                                        ^^
NameError: name 'tp' is not defined
[0;31mE20250805 19:07:53.222812 140653360047872 output_stream.cpp:105] Opened result file: ./profiles/standalone_attn_prefill_1_2048_32_256_48_tp8_agent_info.csv
[m# ---- Run standalone_attn_decode_1_2048_32_256_48_tp8 ----
INFO 08-05 19:08:06 [__init__.py:244] Automatically detected platform rocm.
Traceback (most recent call last):
  File "/app/IntraGPUDisagg/standalone_attn_decode.py", line 177, in <module>
    main()
  File "/app/IntraGPUDisagg/standalone_attn_decode.py", line 105, in main
    HEADS_Q   = cfg.num_attention_heads/tp        # 8
                                        ^^
NameError: name 'tp' is not defined
[0;31mE20250805 19:08:18.961212 139891912120064 output_stream.cpp:105] Opened result file: ./profiles/standalone_attn_decode_1_2048_32_256_48_tp8_agent_info.csv
[m# ---- Run standalone_attn_prefill_and_decode_1_2048_32_256_48_tp8 ----
INFO 08-05 19:08:33 [__init__.py:244] Automatically detected platform rocm.
No masking
Traceback (most recent call last):
  File "/app/IntraGPUDisagg/standalone_attn_prefill_and_decode.py", line 181, in <module>
    main()
  File "/app/IntraGPUDisagg/standalone_attn_prefill_and_decode.py", line 107, in main
    HEADS_Q   = cfg.num_attention_heads/args.tp        # 8
                                        ^^
NameError: name 'tp' is not defined
[0;31mE20250805 19:08:47.643799 139910047127296 output_stream.cpp:105] Opened result file: ./profiles/standalone_attn_prefill_and_decode_1_2048_32_256_48_tp8_agent_info.csv
[m# ---- Run standalone_attn_prefill_1_2048_32_512_48_tp8 ----
INFO 08-05 19:09:03 [__init__.py:244] Automatically detected platform rocm.
No masking
args.tp 8
Traceback (most recent call last):
  File "/app/IntraGPUDisagg/standalone_attn_prefill.py", line 176, in <module>
    main()
  File "/app/IntraGPUDisagg/standalone_attn_prefill.py", line 119, in main
    make_q(args.prefill_batch, args.prefill_len,
  File "/app/IntraGPUDisagg/standalone_attn_prefill.py", line 54, in make_q
    return torch.randn(batch*seqlen, heads_q, head_dim,
           ^^^^^^^^^^^^^^^^^^^^^^^^^^^^^^^^^^^^^^^^^^^^
TypeError: randn(): argument 'size' failed to unpack the object at pos 2 with error "type must be tuple of ints,but got float"
[0;31mE20250805 19:09:16.374248 140277111957248 output_stream.cpp:105] Opened result file: ./profiles/standalone_attn_prefill_1_2048_32_512_48_tp8_agent_info.csv
[m# ---- Run standalone_attn_decode_1_2048_32_512_48_tp8 ----
INFO 08-05 19:09:31 [__init__.py:244] Automatically detected platform rocm.
args.tp 8
Traceback (most recent call last):
  File "/app/IntraGPUDisagg/standalone_attn_decode.py", line 177, in <module>
    main()
  File "/app/IntraGPUDisagg/standalone_attn_decode.py", line 119, in main
    make_q(args.prefill_batch, args.prefill_len,
  File "/app/IntraGPUDisagg/standalone_attn_decode.py", line 54, in make_q
    return torch.randn(batch*seqlen, heads_q, head_dim,
           ^^^^^^^^^^^^^^^^^^^^^^^^^^^^^^^^^^^^^^^^^^^^
TypeError: randn(): argument 'size' failed to unpack the object at pos 2 with error "type must be tuple of ints,but got float"
[0;31mE20250805 19:09:45.941304 139692815034112 output_stream.cpp:105] Opened result file: ./profiles/standalone_attn_decode_1_2048_32_512_48_tp8_agent_info.csv
[m# ---- Run standalone_attn_prefill_and_decode_1_2048_32_512_48_tp8 ----
INFO 08-05 19:10:01 [__init__.py:244] Automatically detected platform rocm.
No masking
args.tp 8
Traceback (most recent call last):
  File "/app/IntraGPUDisagg/standalone_attn_prefill_and_decode.py", line 181, in <module>
    main()
  File "/app/IntraGPUDisagg/standalone_attn_prefill_and_decode.py", line 119, in main
    make_q(args.prefill_batch, args.prefill_len,
  File "/app/IntraGPUDisagg/standalone_attn_prefill_and_decode.py", line 54, in make_q
    return torch.randn(batch*seqlen, heads_q, head_dim,
           ^^^^^^^^^^^^^^^^^^^^^^^^^^^^^^^^^^^^^^^^^^^^
TypeError: randn(): argument 'size' failed to unpack the object at pos 2 with error "type must be tuple of ints,but got float"
[0;31mE20250805 19:10:14.023544 140047501907712 output_stream.cpp:105] Opened result file: ./profiles/standalone_attn_prefill_and_decode_1_2048_32_512_48_tp8_agent_info.csv
[m# ---- Run standalone_attn_prefill_1_2048_32_1024_48_tp8 ----
INFO 08-05 19:10:28 [__init__.py:244] Automatically detected platform rocm.
No masking
args.tp 8
[0;31mE20250805 19:10:45.746793 140123631134464 output_stream.cpp:105] Opened result file: ./profiles/standalone_attn_prefill_1_2048_32_1024_48_tp8_kernel_trace.csv
[m[0;31mE20250805 19:10:45.754883 140123631134464 output_stream.cpp:105] Opened result file: ./profiles/standalone_attn_prefill_1_2048_32_1024_48_tp8_agent_info.csv
[m# ---- Run standalone_attn_decode_1_2048_32_1024_48_tp8 ----
INFO 08-05 19:11:01 [__init__.py:244] Automatically detected platform rocm.
args.tp 8
[0;31mE20250805 19:11:19.984205 140052336441088 output_stream.cpp:105] Opened result file: ./profiles/standalone_attn_decode_1_2048_32_1024_48_tp8_kernel_trace.csv
[m[0;31mE20250805 19:11:19.992163 140052336441088 output_stream.cpp:105] Opened result file: ./profiles/standalone_attn_decode_1_2048_32_1024_48_tp8_agent_info.csv
[m# ---- Run standalone_attn_prefill_and_decode_1_2048_32_1024_48_tp8 ----
INFO 08-05 19:11:34 [__init__.py:244] Automatically detected platform rocm.
No masking
args.tp 8
[0;31mE20250805 19:11:51.750457 139861518706432 output_stream.cpp:105] Opened result file: ./profiles/standalone_attn_prefill_and_decode_1_2048_32_1024_48_tp8_kernel_trace.csv
[m[0;31mE20250805 19:11:51.758657 139861518706432 output_stream.cpp:105] Opened result file: ./profiles/standalone_attn_prefill_and_decode_1_2048_32_1024_48_tp8_agent_info.csv
[m# ---- Run standalone_attn_prefill_1_2048_32_2048_48_tp8 ----
INFO 08-05 19:12:07 [__init__.py:244] Automatically detected platform rocm.
No masking
args.tp 8
[0;31mE20250805 19:12:22.242994 140199168296704 output_stream.cpp:105] Opened result file: ./profiles/standalone_attn_prefill_1_2048_32_2048_48_tp8_kernel_trace.csv
[m[0;31mE20250805 19:12:22.251131 140199168296704 output_stream.cpp:105] Opened result file: ./profiles/standalone_attn_prefill_1_2048_32_2048_48_tp8_agent_info.csv
[m# ---- Run standalone_attn_decode_1_2048_32_2048_48_tp8 ----
INFO 08-05 19:12:37 [__init__.py:244] Automatically detected platform rocm.
args.tp 8
[0;31mE20250805 19:12:54.058553 140688739002112 output_stream.cpp:105] Opened result file: ./profiles/standalone_attn_decode_1_2048_32_2048_48_tp8_kernel_trace.csv
[m[0;31mE20250805 19:12:54.066083 140688739002112 output_stream.cpp:105] Opened result file: ./profiles/standalone_attn_decode_1_2048_32_2048_48_tp8_agent_info.csv
[m# ---- Run standalone_attn_prefill_and_decode_1_2048_32_2048_48_tp8 ----
INFO 08-05 19:13:10 [__init__.py:244] Automatically detected platform rocm.
No masking
args.tp 8
[0;31mE20250805 19:13:27.907491 139978615138048 output_stream.cpp:105] Opened result file: ./profiles/standalone_attn_prefill_and_decode_1_2048_32_2048_48_tp8_kernel_trace.csv
[m[0;31mE20250805 19:13:27.915147 139978615138048 output_stream.cpp:105] Opened result file: ./profiles/standalone_attn_prefill_and_decode_1_2048_32_2048_48_tp8_agent_info.csv
[m# ---- Run standalone_attn_prefill_1_2048_32_4096_48_tp8 ----
INFO 08-05 19:13:42 [__init__.py:244] Automatically detected platform rocm.
No masking
args.tp 8
[0;31mE20250805 19:13:57.396934 140221729244928 output_stream.cpp:105] Opened result file: ./profiles/standalone_attn_prefill_1_2048_32_4096_48_tp8_kernel_trace.csv
[m[0;31mE20250805 19:13:57.404468 140221729244928 output_stream.cpp:105] Opened result file: ./profiles/standalone_attn_prefill_1_2048_32_4096_48_tp8_agent_info.csv
[m# ---- Run standalone_attn_decode_1_2048_32_4096_48_tp8 ----
INFO 08-05 19:14:12 [__init__.py:244] Automatically detected platform rocm.
args.tp 8
[0;31mE20250805 19:14:26.914059 140379456190208 output_stream.cpp:105] Opened result file: ./profiles/standalone_attn_decode_1_2048_32_4096_48_tp8_kernel_trace.csv
[m[0;31mE20250805 19:14:26.921265 140379456190208 output_stream.cpp:105] Opened result file: ./profiles/standalone_attn_decode_1_2048_32_4096_48_tp8_agent_info.csv
[m# ---- Run standalone_attn_prefill_and_decode_1_2048_32_4096_48_tp8 ----
INFO 08-05 19:14:40 [__init__.py:244] Automatically detected platform rocm.
No masking
args.tp 8
[0;31mE20250805 19:14:56.118341 140013083858688 output_stream.cpp:105] Opened result file: ./profiles/standalone_attn_prefill_and_decode_1_2048_32_4096_48_tp8_kernel_trace.csv
[m[0;31mE20250805 19:14:56.125393 140013083858688 output_stream.cpp:105] Opened result file: ./profiles/standalone_attn_prefill_and_decode_1_2048_32_4096_48_tp8_agent_info.csv
[m# ---- Run standalone_attn_prefill_1_2048_32_256_48_tp8 ----
INFO 08-05 19:16:09 [__init__.py:244] Automatically detected platform rocm.
No masking
args.tp 8
[0;31mE20250805 19:16:23.119437 140672692987648 output_stream.cpp:105] Opened result file: ./profiles/standalone_attn_prefill_1_2048_32_256_48_tp8_kernel_trace.csv
[m[0;31mE20250805 19:16:23.126382 140672692987648 output_stream.cpp:105] Opened result file: ./profiles/standalone_attn_prefill_1_2048_32_256_48_tp8_agent_info.csv
[m# ---- Run standalone_attn_decode_1_2048_32_256_48_tp8 ----
INFO 08-05 19:16:36 [__init__.py:244] Automatically detected platform rocm.
args.tp 8
[0;31mE20250805 19:16:52.879708 139977386395392 output_stream.cpp:105] Opened result file: ./profiles/standalone_attn_decode_1_2048_32_256_48_tp8_kernel_trace.csv
[m[0;31mE20250805 19:16:52.887898 139977386395392 output_stream.cpp:105] Opened result file: ./profiles/standalone_attn_decode_1_2048_32_256_48_tp8_agent_info.csv
[m# ---- Run standalone_attn_prefill_and_decode_1_2048_32_256_48_tp8 ----
INFO 08-05 19:17:09 [__init__.py:244] Automatically detected platform rocm.
No masking
args.tp 8
[0;31mE20250805 19:17:26.724283 140296581928704 output_stream.cpp:105] Opened result file: ./profiles/standalone_attn_prefill_and_decode_1_2048_32_256_48_tp8_kernel_trace.csv
[m[0;31mE20250805 19:17:26.731374 140296581928704 output_stream.cpp:105] Opened result file: ./profiles/standalone_attn_prefill_and_decode_1_2048_32_256_48_tp8_agent_info.csv
[m# ---- Run standalone_attn_prefill_1_2048_32_512_48_tp8 ----
INFO 08-05 19:17:40 [__init__.py:244] Automatically detected platform rocm.
No masking
args.tp 8
[0;31mE20250805 19:17:53.991976 140555686749952 output_stream.cpp:105] Opened result file: ./profiles/standalone_attn_prefill_1_2048_32_512_48_tp8_kernel_trace.csv
[m[0;31mE20250805 19:17:54.000191 140555686749952 output_stream.cpp:105] Opened result file: ./profiles/standalone_attn_prefill_1_2048_32_512_48_tp8_agent_info.csv
[m# ---- Run standalone_attn_decode_1_2048_32_512_48_tp8 ----
INFO 08-05 19:18:09 [__init__.py:244] Automatically detected platform rocm.
args.tp 8
[0;31mE20250805 19:18:26.818345 139888887469824 output_stream.cpp:105] Opened result file: ./profiles/standalone_attn_decode_1_2048_32_512_48_tp8_kernel_trace.csv
[m[0;31mE20250805 19:18:26.825558 139888887469824 output_stream.cpp:105] Opened result file: ./profiles/standalone_attn_decode_1_2048_32_512_48_tp8_agent_info.csv
[m# ---- Run standalone_attn_prefill_and_decode_1_2048_32_512_48_tp8 ----
INFO 08-05 19:18:40 [__init__.py:244] Automatically detected platform rocm.
No masking
args.tp 8
[0;31mE20250805 19:18:56.650077 139882668369664 output_stream.cpp:105] Opened result file: ./profiles/standalone_attn_prefill_and_decode_1_2048_32_512_48_tp8_kernel_trace.csv
[m[0;31mE20250805 19:18:56.656973 139882668369664 output_stream.cpp:105] Opened result file: ./profiles/standalone_attn_prefill_and_decode_1_2048_32_512_48_tp8_agent_info.csv
[m# ---- Run standalone_attn_prefill_1_2048_32_1024_48_tp8 ----
INFO 08-05 19:19:11 [__init__.py:244] Automatically detected platform rocm.
No masking
args.tp 8
[0;31mE20250805 19:19:24.988737 140092527027968 output_stream.cpp:105] Opened result file: ./profiles/standalone_attn_prefill_1_2048_32_1024_48_tp8_kernel_trace.csv
[m[0;31mE20250805 19:19:24.995848 140092527027968 output_stream.cpp:105] Opened result file: ./profiles/standalone_attn_prefill_1_2048_32_1024_48_tp8_agent_info.csv
[m# ---- Run standalone_attn_decode_1_2048_32_1024_48_tp8 ----
INFO 08-05 19:19:38 [__init__.py:244] Automatically detected platform rocm.
args.tp 8
[0;31mE20250805 19:19:54.164034 140366634477312 output_stream.cpp:105] Opened result file: ./profiles/standalone_attn_decode_1_2048_32_1024_48_tp8_kernel_trace.csv
[m[0;31mE20250805 19:19:54.171296 140366634477312 output_stream.cpp:105] Opened result file: ./profiles/standalone_attn_decode_1_2048_32_1024_48_tp8_agent_info.csv
[m# ---- Run standalone_attn_prefill_and_decode_1_2048_32_1024_48_tp8 ----
INFO 08-05 19:20:08 [__init__.py:244] Automatically detected platform rocm.
No masking
args.tp 8
[0;31mE20250805 19:20:24.202342 139877192881920 output_stream.cpp:105] Opened result file: ./profiles/standalone_attn_prefill_and_decode_1_2048_32_1024_48_tp8_kernel_trace.csv
[m[0;31mE20250805 19:20:24.209712 139877192881920 output_stream.cpp:105] Opened result file: ./profiles/standalone_attn_prefill_and_decode_1_2048_32_1024_48_tp8_agent_info.csv
[m# ---- Run standalone_attn_prefill_1_2048_32_2048_48_tp8 ----
INFO 08-05 19:20:38 [__init__.py:244] Automatically detected platform rocm.
No masking
args.tp 8
[0;31mE20250805 19:20:52.083687 140016588396288 output_stream.cpp:105] Opened result file: ./profiles/standalone_attn_prefill_1_2048_32_2048_48_tp8_kernel_trace.csv
[m[0;31mE20250805 19:20:52.090840 140016588396288 output_stream.cpp:105] Opened result file: ./profiles/standalone_attn_prefill_1_2048_32_2048_48_tp8_agent_info.csv
[m# ---- Run standalone_attn_decode_1_2048_32_2048_48_tp8 ----
INFO 08-05 19:21:06 [__init__.py:244] Automatically detected platform rocm.
args.tp 8
[0;31mE20250805 19:21:21.636432 140069865215744 output_stream.cpp:105] Opened result file: ./profiles/standalone_attn_decode_1_2048_32_2048_48_tp8_kernel_trace.csv
[m[0;31mE20250805 19:21:21.643669 140069865215744 output_stream.cpp:105] Opened result file: ./profiles/standalone_attn_decode_1_2048_32_2048_48_tp8_agent_info.csv
[m# ---- Run standalone_attn_prefill_and_decode_1_2048_32_2048_48_tp8 ----
INFO 08-05 19:21:36 [__init__.py:244] Automatically detected platform rocm.
No masking
args.tp 8
[0;31mE20250805 19:21:52.093476 140145894840064 output_stream.cpp:105] Opened result file: ./profiles/standalone_attn_prefill_and_decode_1_2048_32_2048_48_tp8_kernel_trace.csv
[m[0;31mE20250805 19:21:52.100745 140145894840064 output_stream.cpp:105] Opened result file: ./profiles/standalone_attn_prefill_and_decode_1_2048_32_2048_48_tp8_agent_info.csv
[m# ---- Run standalone_attn_prefill_1_2048_32_4096_48_tp8 ----
INFO 08-05 19:22:06 [__init__.py:244] Automatically detected platform rocm.
No masking
args.tp 8
[0;31mE20250805 19:22:20.256780 140651511584512 output_stream.cpp:105] Opened result file: ./profiles/standalone_attn_prefill_1_2048_32_4096_48_tp8_kernel_trace.csv
[m[0;31mE20250805 19:22:20.264067 140651511584512 output_stream.cpp:105] Opened result file: ./profiles/standalone_attn_prefill_1_2048_32_4096_48_tp8_agent_info.csv
[m# ---- Run standalone_attn_decode_1_2048_32_4096_48_tp8 ----
INFO 08-05 19:22:34 [__init__.py:244] Automatically detected platform rocm.
args.tp 8
[0;31mE20250805 19:22:48.886206 140091557410560 output_stream.cpp:105] Opened result file: ./profiles/standalone_attn_decode_1_2048_32_4096_48_tp8_kernel_trace.csv
[m[0;31mE20250805 19:22:48.894131 140091557410560 output_stream.cpp:105] Opened result file: ./profiles/standalone_attn_decode_1_2048_32_4096_48_tp8_agent_info.csv
[m# ---- Run standalone_attn_prefill_and_decode_1_2048_32_4096_48_tp8 ----
INFO 08-05 19:23:02 [__init__.py:244] Automatically detected platform rocm.
No masking
args.tp 8
[0;31mE20250805 19:23:17.495232 139686861956864 output_stream.cpp:105] Opened result file: ./profiles/standalone_attn_prefill_and_decode_1_2048_32_4096_48_tp8_kernel_trace.csv
[m[0;31mE20250805 19:23:17.502476 139686861956864 output_stream.cpp:105] Opened result file: ./profiles/standalone_attn_prefill_and_decode_1_2048_32_4096_48_tp8_agent_info.csv
[m# ---- Run standalone_attn_prefill_1_2048_32_256_48_tp8 ----
INFO 08-05 19:23:58 [__init__.py:244] Automatically detected platform rocm.
args.tp 8
[0;31mE20250805 19:24:12.884084 139885099509504 output_stream.cpp:105] Opened result file: ./profiles/standalone_attn_prefill_1_2048_32_256_48_tp8_kernel_trace.csv
[m[0;31mE20250805 19:24:12.892474 139885099509504 output_stream.cpp:105] Opened result file: ./profiles/standalone_attn_prefill_1_2048_32_256_48_tp8_agent_info.csv
[m[0;33mW20250805 19:24:22.267508 139885099509504 tool.cpp:1902] rocprofv3_error_signal_handler caught signal 11...
[m# ---- Run standalone_attn_decode_1_2048_32_256_48_tp8 ----
INFO 08-05 19:24:29 [__init__.py:244] Automatically detected platform rocm.
args.tp 8
[0;31mE20250805 19:24:45.871965 139987298121472 output_stream.cpp:105] Opened result file: ./profiles/standalone_attn_decode_1_2048_32_256_48_tp8_kernel_trace.csv
[m[0;31mE20250805 19:24:45.880263 139987298121472 output_stream.cpp:105] Opened result file: ./profiles/standalone_attn_decode_1_2048_32_256_48_tp8_agent_info.csv
[m[0;33mW20250805 19:24:55.786962 139987298121472 tool.cpp:1902] rocprofv3_error_signal_handler caught signal 11...
[m# ---- Run standalone_attn_prefill_and_decode_1_2048_32_256_48_tp8 ----
INFO 08-05 19:25:01 [__init__.py:244] Automatically detected platform rocm.
args.tp 8
[0;31mE20250805 19:25:20.870886 139830688589568 output_stream.cpp:105] Opened result file: ./profiles/standalone_attn_prefill_and_decode_1_2048_32_256_48_tp8_kernel_trace.csv
[m[0;31mE20250805 19:25:20.878907 139830688589568 output_stream.cpp:105] Opened result file: ./profiles/standalone_attn_prefill_and_decode_1_2048_32_256_48_tp8_agent_info.csv
[m[0;33mW20250805 19:25:29.570790 139830688589568 tool.cpp:1902] rocprofv3_error_signal_handler caught signal 11...
[m# ---- Run standalone_attn_prefill_1_2048_32_512_48_tp8 ----
INFO 08-05 19:25:36 [__init__.py:244] Automatically detected platform rocm.
args.tp 8
[0;31mE20250805 19:25:53.846597 140335603013376 output_stream.cpp:105] Opened result file: ./profiles/standalone_attn_prefill_1_2048_32_512_48_tp8_kernel_trace.csv
[m[0;31mE20250805 19:25:53.853901 140335603013376 output_stream.cpp:105] Opened result file: ./profiles/standalone_attn_prefill_1_2048_32_512_48_tp8_agent_info.csv
[m[0;33mW20250805 19:26:03.129323 140335603013376 tool.cpp:1902] rocprofv3_error_signal_handler caught signal 11...
[m# ---- Run standalone_attn_decode_1_2048_32_512_48_tp8 ----
INFO 08-05 19:26:10 [__init__.py:244] Automatically detected platform rocm.
args.tp 8
[0;31mE20250805 19:26:27.013102 140549418235648 output_stream.cpp:105] Opened result file: ./profiles/standalone_attn_decode_1_2048_32_512_48_tp8_kernel_trace.csv
[m[0;31mE20250805 19:26:27.020189 140549418235648 output_stream.cpp:105] Opened result file: ./profiles/standalone_attn_decode_1_2048_32_512_48_tp8_agent_info.csv
[m[0;33mW20250805 19:26:35.414000 140549418235648 tool.cpp:1902] rocprofv3_error_signal_handler caught signal 11...
[m# ---- Run standalone_attn_prefill_and_decode_1_2048_32_512_48_tp8 ----
INFO 08-05 19:26:42 [__init__.py:244] Automatically detected platform rocm.
args.tp 8
[0;31mE20250805 19:26:59.834158 139870089729792 output_stream.cpp:105] Opened result file: ./profiles/standalone_attn_prefill_and_decode_1_2048_32_512_48_tp8_kernel_trace.csv
[m[0;31mE20250805 19:26:59.841261 139870089729792 output_stream.cpp:105] Opened result file: ./profiles/standalone_attn_prefill_and_decode_1_2048_32_512_48_tp8_agent_info.csv
[m[0;33mW20250805 19:27:08.809162 139870089729792 tool.cpp:1902] rocprofv3_error_signal_handler caught signal 11...
[m# ---- Run standalone_attn_prefill_1_2048_32_1024_48_tp8 ----
INFO 08-05 19:27:15 [__init__.py:244] Automatically detected platform rocm.
args.tp 8
[0;31mE20250805 19:27:30.286331 139892338087680 output_stream.cpp:105] Opened result file: ./profiles/standalone_attn_prefill_1_2048_32_1024_48_tp8_kernel_trace.csv
[m[0;31mE20250805 19:27:30.293581 139892338087680 output_stream.cpp:105] Opened result file: ./profiles/standalone_attn_prefill_1_2048_32_1024_48_tp8_agent_info.csv
[m[0;33mW20250805 19:27:38.901770 139892338087680 tool.cpp:1902] rocprofv3_error_signal_handler caught signal 11...
[m# ---- Run standalone_attn_decode_1_2048_32_1024_48_tp8 ----
INFO 08-05 19:27:45 [__init__.py:244] Automatically detected platform rocm.
args.tp 8
[0;31mE20250805 19:28:01.669836 140600552572672 output_stream.cpp:105] Opened result file: ./profiles/standalone_attn_decode_1_2048_32_1024_48_tp8_kernel_trace.csv
[m[0;31mE20250805 19:28:01.677095 140600552572672 output_stream.cpp:105] Opened result file: ./profiles/standalone_attn_decode_1_2048_32_1024_48_tp8_agent_info.csv
[m[0;33mW20250805 19:28:10.601063 140600552572672 tool.cpp:1902] rocprofv3_error_signal_handler caught signal 11...
[m# ---- Run standalone_attn_prefill_and_decode_1_2048_32_1024_48_tp8 ----
INFO 08-05 19:28:16 [__init__.py:244] Automatically detected platform rocm.
args.tp 8
[0;31mE20250805 19:28:33.149050 140329597323008 output_stream.cpp:105] Opened result file: ./profiles/standalone_attn_prefill_and_decode_1_2048_32_1024_48_tp8_kernel_trace.csv
[m[0;31mE20250805 19:28:33.155659 140329597323008 output_stream.cpp:105] Opened result file: ./profiles/standalone_attn_prefill_and_decode_1_2048_32_1024_48_tp8_agent_info.csv
[m[0;33mW20250805 19:28:42.022485 140329597323008 tool.cpp:1902] rocprofv3_error_signal_handler caught signal 11...
[m# ---- Run standalone_attn_prefill_1_2048_32_2048_48_tp8 ----
INFO 08-05 19:28:47 [__init__.py:244] Automatically detected platform rocm.
args.tp 8
[0;31mE20250805 19:29:01.904073 140441928324864 output_stream.cpp:105] Opened result file: ./profiles/standalone_attn_prefill_1_2048_32_2048_48_tp8_kernel_trace.csv
[m[0;31mE20250805 19:29:01.910961 140441928324864 output_stream.cpp:105] Opened result file: ./profiles/standalone_attn_prefill_1_2048_32_2048_48_tp8_agent_info.csv
[m[0;33mW20250805 19:29:10.961787 140441928324864 tool.cpp:1902] rocprofv3_error_signal_handler caught signal 11...
[m# ---- Run standalone_attn_decode_1_2048_32_2048_48_tp8 ----
INFO 08-05 19:29:16 [__init__.py:244] Automatically detected platform rocm.
args.tp 8
[0;31mE20250805 19:29:31.442634 139885363730176 output_stream.cpp:105] Opened result file: ./profiles/standalone_attn_decode_1_2048_32_2048_48_tp8_kernel_trace.csv
[m[0;31mE20250805 19:29:31.449773 139885363730176 output_stream.cpp:105] Opened result file: ./profiles/standalone_attn_decode_1_2048_32_2048_48_tp8_agent_info.csv
[m[0;33mW20250805 19:29:40.164053 139885363730176 tool.cpp:1902] rocprofv3_error_signal_handler caught signal 11...
[m# ---- Run standalone_attn_prefill_and_decode_1_2048_32_2048_48_tp8 ----
INFO 08-05 19:29:46 [__init__.py:244] Automatically detected platform rocm.
args.tp 8
[0;31mE20250805 19:30:04.628496 140504025446144 output_stream.cpp:105] Opened result file: ./profiles/standalone_attn_prefill_and_decode_1_2048_32_2048_48_tp8_kernel_trace.csv
[m[0;31mE20250805 19:30:04.636775 140504025446144 output_stream.cpp:105] Opened result file: ./profiles/standalone_attn_prefill_and_decode_1_2048_32_2048_48_tp8_agent_info.csv
[m[0;33mW20250805 19:30:14.260464 140504025446144 tool.cpp:1902] rocprofv3_error_signal_handler caught signal 11...
[m# ---- Run standalone_attn_prefill_1_2048_32_4096_48_tp8 ----
INFO 08-05 19:30:20 [__init__.py:244] Automatically detected platform rocm.
args.tp 8
[0;31mE20250805 19:30:35.437277 139845454186240 output_stream.cpp:105] Opened result file: ./profiles/standalone_attn_prefill_1_2048_32_4096_48_tp8_kernel_trace.csv
[m[0;31mE20250805 19:30:35.445512 139845454186240 output_stream.cpp:105] Opened result file: ./profiles/standalone_attn_prefill_1_2048_32_4096_48_tp8_agent_info.csv
[m[0;33mW20250805 19:30:44.866499 139845454186240 tool.cpp:1902] rocprofv3_error_signal_handler caught signal 11...
[m# ---- Run standalone_attn_decode_1_2048_32_4096_48_tp8 ----
INFO 08-05 19:30:50 [__init__.py:244] Automatically detected platform rocm.
args.tp 8
[0;31mE20250805 19:31:07.242830 140473748690688 output_stream.cpp:105] Opened result file: ./profiles/standalone_attn_decode_1_2048_32_4096_48_tp8_kernel_trace.csv
[m[0;31mE20250805 19:31:07.251219 140473748690688 output_stream.cpp:105] Opened result file: ./profiles/standalone_attn_decode_1_2048_32_4096_48_tp8_agent_info.csv
[m[0;33mW20250805 19:31:16.713266 140473748690688 tool.cpp:1902] rocprofv3_error_signal_handler caught signal 11...
[m# ---- Run standalone_attn_prefill_and_decode_1_2048_32_4096_48_tp8 ----
INFO 08-05 19:31:22 [__init__.py:244] Automatically detected platform rocm.
args.tp 8
[0;31mE20250805 19:31:38.338585 139978491479808 output_stream.cpp:105] Opened result file: ./profiles/standalone_attn_prefill_and_decode_1_2048_32_4096_48_tp8_kernel_trace.csv
[m[0;31mE20250805 19:31:38.346641 139978491479808 output_stream.cpp:105] Opened result file: ./profiles/standalone_attn_prefill_and_decode_1_2048_32_4096_48_tp8_agent_info.csv
[m[0;33mW20250805 19:31:47.592601 139978491479808 tool.cpp:1902] rocprofv3_error_signal_handler caught signal 11...
[m# ---- Run standalone_attn_decode__1_2048_1_8192_32 ----
[0;31mE20250806 21:58:38.083906 140193934882560 output_stream.cpp:105] Opened result file: ./profiles/standalone_attn_decode__1_2048_1_8192_32_kernel_trace.csv
[m[0;31mE20250806 21:58:38.091761 140193934882560 output_stream.cpp:105] Opened result file: ./profiles/standalone_attn_decode__1_2048_1_8192_32_agent_info.csv
[m[0;33mW20250806 21:58:41.345510 140193934882560 tool.cpp:1902] rocprofv3_error_signal_handler caught signal 11...
[m# ---- Run standalone_attn_decode__1_2048_1_8192_64 ----
[0;31mE20250806 21:58:58.560573 140366662153984 output_stream.cpp:105] Opened result file: ./profiles/standalone_attn_decode__1_2048_1_8192_64_kernel_trace.csv
[m[0;31mE20250806 21:58:58.567548 140366662153984 output_stream.cpp:105] Opened result file: ./profiles/standalone_attn_decode__1_2048_1_8192_64_agent_info.csv
[m[0;33mW20250806 21:59:01.591061 140366662153984 tool.cpp:1902] rocprofv3_error_signal_handler caught signal 11...
[m# ---- Run standalone_attn_decode__1_2048_1_8192_96 ----
[0;31mE20250806 21:59:19.646190 140678387152640 output_stream.cpp:105] Opened result file: ./profiles/standalone_attn_decode__1_2048_1_8192_96_kernel_trace.csv
[m[0;31mE20250806 21:59:19.653513 140678387152640 output_stream.cpp:105] Opened result file: ./profiles/standalone_attn_decode__1_2048_1_8192_96_agent_info.csv
[m[0;33mW20250806 21:59:22.931449 140678387152640 tool.cpp:1902] rocprofv3_error_signal_handler caught signal 11...
[m# ---- Run standalone_attn_decode__1_2048_1_8192_128 ----
[0;31mE20250806 21:59:40.672809 140565364541184 output_stream.cpp:105] Opened result file: ./profiles/standalone_attn_decode__1_2048_1_8192_128_kernel_trace.csv
[m[0;31mE20250806 21:59:40.680202 140565364541184 output_stream.cpp:105] Opened result file: ./profiles/standalone_attn_decode__1_2048_1_8192_128_agent_info.csv
[m[0;33mW20250806 21:59:44.008683 140565364541184 tool.cpp:1902] rocprofv3_error_signal_handler caught signal 11...
[m# ---- Run standalone_attn_decode__1_2048_1_8192_nan ----
usage: standalone_attn_decode_.py [-h] [--prefill-batch PREFILL_BATCH]
                                  [--decode-batch DECODE_BATCH]
                                  [--prefill-len PREFILL_LEN]
                                  [--decode-len DECODE_LEN] [--masking]
                                  [--no-masking] [--iters ITERS]
                                  [--decode-mask DECODE_MASK] [--tp TP]
standalone_attn_decode_.py: error: argument --decode-mask: invalid int value: 'nan'
[0;31mE20250806 22:00:03.022530 139857298953984 output_stream.cpp:105] Opened result file: ./profiles/standalone_attn_decode__1_2048_1_8192_nan_agent_info.csv
[m# ---- Run standalone_attn_decode__1_2048_1_8192_32 ----
[0;31mE20250806 22:20:19.346946 140186839557888 output_stream.cpp:105] Opened result file: ./profiles/standalone_attn_decode__1_2048_1_8192_32_kernel_trace.csv
[m[0;31mE20250806 22:20:19.353566 140186839557888 output_stream.cpp:105] Opened result file: ./profiles/standalone_attn_decode__1_2048_1_8192_32_agent_info.csv
[m[0;33mW20250806 22:20:22.321267 140186839557888 tool.cpp:1902] rocprofv3_error_signal_handler caught signal 11...
[m# ---- Run standalone_attn_decode__1_2048_1_8192_64 ----
[0;31mE20250806 22:20:36.632768 140197827606272 output_stream.cpp:105] Opened result file: ./profiles/standalone_attn_decode__1_2048_1_8192_64_kernel_trace.csv
[m[0;31mE20250806 22:20:36.639261 140197827606272 output_stream.cpp:105] Opened result file: ./profiles/standalone_attn_decode__1_2048_1_8192_64_agent_info.csv
[m[0;33mW20250806 22:20:39.656415 140197827606272 tool.cpp:1902] rocprofv3_error_signal_handler caught signal 11...
[m# ---- Run standalone_attn_decode__1_2048_1_8192_96 ----
[0;31mE20250806 22:20:53.947624 139957773506304 output_stream.cpp:105] Opened result file: ./profiles/standalone_attn_decode__1_2048_1_8192_96_kernel_trace.csv
[m[0;31mE20250806 22:20:53.954269 139957773506304 output_stream.cpp:105] Opened result file: ./profiles/standalone_attn_decode__1_2048_1_8192_96_agent_info.csv
[m[0;33mW20250806 22:20:56.993130 139957773506304 tool.cpp:1902] rocprofv3_error_signal_handler caught signal 11...
[m# ---- Run standalone_attn_decode__1_2048_1_8192_128 ----
[0;31mE20250806 22:21:12.186208 140536844793600 output_stream.cpp:105] Opened result file: ./profiles/standalone_attn_decode__1_2048_1_8192_128_kernel_trace.csv
[m[0;31mE20250806 22:21:12.193578 140536844793600 output_stream.cpp:105] Opened result file: ./profiles/standalone_attn_decode__1_2048_1_8192_128_agent_info.csv
[m[0;33mW20250806 22:21:15.502040 140536844793600 tool.cpp:1902] rocprofv3_error_signal_handler caught signal 11...
[m# ---- Run standalone_attn_decode__1_2048_1_8192_nan ----
[0;31mE20250806 22:21:32.086006 139954300634880 output_stream.cpp:105] Opened result file: ./profiles/standalone_attn_decode__1_2048_1_8192_nan_kernel_trace.csv
[m[0;31mE20250806 22:21:32.092266 139954300634880 output_stream.cpp:105] Opened result file: ./profiles/standalone_attn_decode__1_2048_1_8192_nan_agent_info.csv
[m# ---- Run standalone_attn_decode__1_2048_1_16384_32 ----
[0;31mE20250806 22:21:49.461103 140595364374272 output_stream.cpp:105] Opened result file: ./profiles/standalone_attn_decode__1_2048_1_16384_32_kernel_trace.csv
[m[0;31mE20250806 22:21:49.467369 140595364374272 output_stream.cpp:105] Opened result file: ./profiles/standalone_attn_decode__1_2048_1_16384_32_agent_info.csv
[m[0;33mW20250806 22:21:52.696877 140595364374272 tool.cpp:1902] rocprofv3_error_signal_handler caught signal 11...
[m# ---- Run standalone_attn_decode__1_2048_1_16384_64 ----
[0;31mE20250806 22:22:06.548224 139690615666432 output_stream.cpp:105] Opened result file: ./profiles/standalone_attn_decode__1_2048_1_16384_64_kernel_trace.csv
[m[0;31mE20250806 22:22:06.554721 139690615666432 output_stream.cpp:105] Opened result file: ./profiles/standalone_attn_decode__1_2048_1_16384_64_agent_info.csv
[m[0;33mW20250806 22:22:09.633674 139690615666432 tool.cpp:1902] rocprofv3_error_signal_handler caught signal 11...
[m# ---- Run standalone_attn_decode__1_2048_1_16384_96 ----
[0;31mE20250806 22:22:23.414461 140590880597760 output_stream.cpp:105] Opened result file: ./profiles/standalone_attn_decode__1_2048_1_16384_96_kernel_trace.csv
[m[0;31mE20250806 22:22:23.420698 140590880597760 output_stream.cpp:105] Opened result file: ./profiles/standalone_attn_decode__1_2048_1_16384_96_agent_info.csv
[m[0;33mW20250806 22:22:26.465494 140590880597760 tool.cpp:1902] rocprofv3_error_signal_handler caught signal 11...
[m# ---- Run standalone_attn_decode__1_2048_1_16384_128 ----
[0;31mE20250806 22:22:39.995070 139684715308800 output_stream.cpp:105] Opened result file: ./profiles/standalone_attn_decode__1_2048_1_16384_128_kernel_trace.csv
[m[0;31mE20250806 22:22:40.001278 139684715308800 output_stream.cpp:105] Opened result file: ./profiles/standalone_attn_decode__1_2048_1_16384_128_agent_info.csv
[m[0;33mW20250806 22:22:42.810862 139684715308800 tool.cpp:1902] rocprofv3_error_signal_handler caught signal 11...
[m# ---- Run standalone_attn_decode__1_2048_1_16384_nan ----
[0;31mE20250806 22:22:56.113066 139824654796544 output_stream.cpp:105] Opened result file: ./profiles/standalone_attn_decode__1_2048_1_16384_nan_kernel_trace.csv
[m[0;31mE20250806 22:22:56.119144 139824654796544 output_stream.cpp:105] Opened result file: ./profiles/standalone_attn_decode__1_2048_1_16384_nan_agent_info.csv
[m# ---- Run standalone_attn_decode__1_2048_1_32768_32 ----
[0;31mE20250806 22:23:12.622962 139890241349376 output_stream.cpp:105] Opened result file: ./profiles/standalone_attn_decode__1_2048_1_32768_32_kernel_trace.csv
[m[0;31mE20250806 22:23:12.629277 139890241349376 output_stream.cpp:105] Opened result file: ./profiles/standalone_attn_decode__1_2048_1_32768_32_agent_info.csv
[m[0;33mW20250806 22:23:15.573726 139890241349376 tool.cpp:1902] rocprofv3_error_signal_handler caught signal 11...
[m# ---- Run standalone_attn_decode__1_2048_1_32768_64 ----
[0;31mE20250806 22:23:29.275095 139881815529216 output_stream.cpp:105] Opened result file: ./profiles/standalone_attn_decode__1_2048_1_32768_64_kernel_trace.csv
[m[0;31mE20250806 22:23:29.281230 139881815529216 output_stream.cpp:105] Opened result file: ./profiles/standalone_attn_decode__1_2048_1_32768_64_agent_info.csv
[m[0;33mW20250806 22:23:32.212247 139881815529216 tool.cpp:1902] rocprofv3_error_signal_handler caught signal 11...
[m# ---- Run standalone_attn_decode__1_2048_1_32768_96 ----
[0;31mE20250806 22:23:46.109096 140105576433408 output_stream.cpp:105] Opened result file: ./profiles/standalone_attn_decode__1_2048_1_32768_96_kernel_trace.csv
[m[0;31mE20250806 22:23:46.115568 140105576433408 output_stream.cpp:105] Opened result file: ./profiles/standalone_attn_decode__1_2048_1_32768_96_agent_info.csv
[m[0;33mW20250806 22:23:49.056117 140105576433408 tool.cpp:1902] rocprofv3_error_signal_handler caught signal 11...
[m# ---- Run standalone_attn_decode__1_2048_1_32768_128 ----
[0;31mE20250806 22:24:03.772793 139789606065920 output_stream.cpp:105] Opened result file: ./profiles/standalone_attn_decode__1_2048_1_32768_128_kernel_trace.csv
[m[0;31mE20250806 22:24:03.779070 139789606065920 output_stream.cpp:105] Opened result file: ./profiles/standalone_attn_decode__1_2048_1_32768_128_agent_info.csv
[m[0;33mW20250806 22:24:06.675282 139789606065920 tool.cpp:1902] rocprofv3_error_signal_handler caught signal 11...
[m# ---- Run standalone_attn_decode__1_2048_1_32768_nan ----
[0;31mE20250806 22:24:20.658039 140477007709952 output_stream.cpp:105] Opened result file: ./profiles/standalone_attn_decode__1_2048_1_32768_nan_kernel_trace.csv
[m[0;31mE20250806 22:24:20.664525 140477007709952 output_stream.cpp:105] Opened result file: ./profiles/standalone_attn_decode__1_2048_1_32768_nan_agent_info.csv
[m# ---- Run standalone_attn_decode__1_2048_1_65536_32 ----
[0;31mE20250806 22:24:37.896714 140155554191104 output_stream.cpp:105] Opened result file: ./profiles/standalone_attn_decode__1_2048_1_65536_32_kernel_trace.csv
[m[0;31mE20250806 22:24:37.902942 140155554191104 output_stream.cpp:105] Opened result file: ./profiles/standalone_attn_decode__1_2048_1_65536_32_agent_info.csv
[m[0;33mW20250806 22:24:40.883675 140155554191104 tool.cpp:1902] rocprofv3_error_signal_handler caught signal 11...
[m# ---- Run standalone_attn_decode__1_2048_1_65536_64 ----
[0;31mE20250806 22:24:54.968489 139651263538944 output_stream.cpp:105] Opened result file: ./profiles/standalone_attn_decode__1_2048_1_65536_64_kernel_trace.csv
[m[0;31mE20250806 22:24:54.974903 139651263538944 output_stream.cpp:105] Opened result file: ./profiles/standalone_attn_decode__1_2048_1_65536_64_agent_info.csv
[m[0;33mW20250806 22:24:57.752982 139651263538944 tool.cpp:1902] rocprofv3_error_signal_handler caught signal 11...
[m# ---- Run standalone_attn_decode__1_2048_1_65536_96 ----
[0;31mE20250806 22:25:11.482542 139958073579264 output_stream.cpp:105] Opened result file: ./profiles/standalone_attn_decode__1_2048_1_65536_96_kernel_trace.csv
[m[0;31mE20250806 22:25:11.489465 139958073579264 output_stream.cpp:105] Opened result file: ./profiles/standalone_attn_decode__1_2048_1_65536_96_agent_info.csv
[m[0;33mW20250806 22:25:14.400466 139958073579264 tool.cpp:1902] rocprofv3_error_signal_handler caught signal 11...
[m# ---- Run standalone_attn_decode__1_2048_1_65536_128 ----
[0;31mE20250806 22:25:28.865917 140536599029504 output_stream.cpp:105] Opened result file: ./profiles/standalone_attn_decode__1_2048_1_65536_128_kernel_trace.csv
[m[0;31mE20250806 22:25:28.873799 140536599029504 output_stream.cpp:105] Opened result file: ./profiles/standalone_attn_decode__1_2048_1_65536_128_agent_info.csv
[m[0;33mW20250806 22:25:32.041082 140536599029504 tool.cpp:1902] rocprofv3_error_signal_handler caught signal 11...
[m# ---- Run standalone_attn_decode__1_2048_1_65536_nan ----
[0;31mE20250806 22:25:46.010864 140118188742400 output_stream.cpp:105] Opened result file: ./profiles/standalone_attn_decode__1_2048_1_65536_nan_kernel_trace.csv
[m[0;31mE20250806 22:25:46.017863 140118188742400 output_stream.cpp:105] Opened result file: ./profiles/standalone_attn_decode__1_2048_1_65536_nan_agent_info.csv
[m# ---- Run standalone_attn_decode__1_2048_1_131072_32 ----
[0;31mE20250806 22:26:03.025041 140225470781184 output_stream.cpp:105] Opened result file: ./profiles/standalone_attn_decode__1_2048_1_131072_32_kernel_trace.csv
[m[0;31mE20250806 22:26:03.031382 140225470781184 output_stream.cpp:105] Opened result file: ./profiles/standalone_attn_decode__1_2048_1_131072_32_agent_info.csv
[m[0;33mW20250806 22:26:06.060135 140225470781184 tool.cpp:1902] rocprofv3_error_signal_handler caught signal 11...
[m# ---- Run standalone_attn_decode__1_2048_1_131072_64 ----
[0;31mE20250806 22:26:20.010712 140483539793664 output_stream.cpp:105] Opened result file: ./profiles/standalone_attn_decode__1_2048_1_131072_64_kernel_trace.csv
[m[0;31mE20250806 22:26:20.016468 140483539793664 output_stream.cpp:105] Opened result file: ./profiles/standalone_attn_decode__1_2048_1_131072_64_agent_info.csv
[m[0;33mW20250806 22:26:22.844825 140483539793664 tool.cpp:1902] rocprofv3_error_signal_handler caught signal 11...
[m# ---- Run standalone_attn_decode__1_2048_1_131072_96 ----
[0;31mE20250806 22:26:39.470463 139978113996544 output_stream.cpp:105] Opened result file: ./profiles/standalone_attn_decode__1_2048_1_131072_96_kernel_trace.csv
[m[0;31mE20250806 22:26:39.476961 139978113996544 output_stream.cpp:105] Opened result file: ./profiles/standalone_attn_decode__1_2048_1_131072_96_agent_info.csv
[m[0;33mW20250806 22:26:42.497018 139978113996544 tool.cpp:1902] rocprofv3_error_signal_handler caught signal 11...
[m# ---- Run standalone_attn_decode__1_2048_1_131072_128 ----
[0;31mE20250806 22:26:56.846457 139640818136832 output_stream.cpp:105] Opened result file: ./profiles/standalone_attn_decode__1_2048_1_131072_128_kernel_trace.csv
[m[0;31mE20250806 22:26:56.852553 139640818136832 output_stream.cpp:105] Opened result file: ./profiles/standalone_attn_decode__1_2048_1_131072_128_agent_info.csv
[m[0;33mW20250806 22:26:59.964773 139640818136832 tool.cpp:1902] rocprofv3_error_signal_handler caught signal 11...
[m# ---- Run standalone_attn_decode__1_2048_1_131072_nan ----
[0;31mE20250806 22:27:13.979720 140674307798784 output_stream.cpp:105] Opened result file: ./profiles/standalone_attn_decode__1_2048_1_131072_nan_kernel_trace.csv
[m[0;31mE20250806 22:27:13.986062 140674307798784 output_stream.cpp:105] Opened result file: ./profiles/standalone_attn_decode__1_2048_1_131072_nan_agent_info.csv
[m# ---- Run standalone_attn_decode__1_2048_8_8192_32 ----
[0;31mE20250806 22:27:32.543731 139878361724672 output_stream.cpp:105] Opened result file: ./profiles/standalone_attn_decode__1_2048_8_8192_32_kernel_trace.csv
[m[0;31mE20250806 22:27:32.549920 139878361724672 output_stream.cpp:105] Opened result file: ./profiles/standalone_attn_decode__1_2048_8_8192_32_agent_info.csv
[m[0;33mW20250806 22:27:35.584156 139878361724672 tool.cpp:1902] rocprofv3_error_signal_handler caught signal 11...
[m# ---- Run standalone_attn_decode__1_2048_8_8192_64 ----
[0;31mE20250806 22:27:49.437922 139644446410496 output_stream.cpp:105] Opened result file: ./profiles/standalone_attn_decode__1_2048_8_8192_64_kernel_trace.csv
[m[0;31mE20250806 22:27:49.444168 139644446410496 output_stream.cpp:105] Opened result file: ./profiles/standalone_attn_decode__1_2048_8_8192_64_agent_info.csv
[m[0;33mW20250806 22:27:52.491757 139644446410496 tool.cpp:1902] rocprofv3_error_signal_handler caught signal 11...
[m# ---- Run standalone_attn_decode__1_2048_8_8192_96 ----
[0;31mE20250806 22:28:06.568610 140678321129216 output_stream.cpp:105] Opened result file: ./profiles/standalone_attn_decode__1_2048_8_8192_96_kernel_trace.csv
[m[0;31mE20250806 22:28:06.574852 140678321129216 output_stream.cpp:105] Opened result file: ./profiles/standalone_attn_decode__1_2048_8_8192_96_agent_info.csv
[m[0;33mW20250806 22:28:09.623068 140678321129216 tool.cpp:1902] rocprofv3_error_signal_handler caught signal 11...
[m# ---- Run standalone_attn_decode__1_2048_8_8192_128 ----
[0;31mE20250806 22:28:23.518231 139700116875008 output_stream.cpp:105] Opened result file: ./profiles/standalone_attn_decode__1_2048_8_8192_128_kernel_trace.csv
[m[0;31mE20250806 22:28:23.524380 139700116875008 output_stream.cpp:105] Opened result file: ./profiles/standalone_attn_decode__1_2048_8_8192_128_agent_info.csv
[m[0;33mW20250806 22:28:26.481015 139700116875008 tool.cpp:1902] rocprofv3_error_signal_handler caught signal 11...
[m# ---- Run standalone_attn_decode__1_2048_8_8192_nan ----
[0;31mE20250806 22:28:40.143313 140583894177536 output_stream.cpp:105] Opened result file: ./profiles/standalone_attn_decode__1_2048_8_8192_nan_kernel_trace.csv
[m[0;31mE20250806 22:28:40.149763 140583894177536 output_stream.cpp:105] Opened result file: ./profiles/standalone_attn_decode__1_2048_8_8192_nan_agent_info.csv
[m# ---- Run standalone_attn_decode__1_2048_8_16384_32 ----
[0;31mE20250806 22:28:56.841502 140439120389888 output_stream.cpp:105] Opened result file: ./profiles/standalone_attn_decode__1_2048_8_16384_32_kernel_trace.csv
[m[0;31mE20250806 22:28:56.847636 140439120389888 output_stream.cpp:105] Opened result file: ./profiles/standalone_attn_decode__1_2048_8_16384_32_agent_info.csv
[m[0;33mW20250806 22:28:59.632713 140439120389888 tool.cpp:1902] rocprofv3_error_signal_handler caught signal 11...
[m# ---- Run standalone_attn_decode__1_2048_8_16384_64 ----
[0;31mE20250806 22:29:13.189826 139829077546752 output_stream.cpp:105] Opened result file: ./profiles/standalone_attn_decode__1_2048_8_16384_64_kernel_trace.csv
[m[0;31mE20250806 22:29:13.196003 139829077546752 output_stream.cpp:105] Opened result file: ./profiles/standalone_attn_decode__1_2048_8_16384_64_agent_info.csv
[m[0;33mW20250806 22:29:16.082390 139829077546752 tool.cpp:1902] rocprofv3_error_signal_handler caught signal 11...
[m# ---- Run standalone_attn_decode__1_2048_8_16384_96 ----
[0;31mE20250806 22:29:29.722104 140039587952384 output_stream.cpp:105] Opened result file: ./profiles/standalone_attn_decode__1_2048_8_16384_96_kernel_trace.csv
[m[0;31mE20250806 22:29:29.728212 140039587952384 output_stream.cpp:105] Opened result file: ./profiles/standalone_attn_decode__1_2048_8_16384_96_agent_info.csv
[m[0;33mW20250806 22:29:32.498079 140039587952384 tool.cpp:1902] rocprofv3_error_signal_handler caught signal 11...
[m# ---- Run standalone_attn_decode__1_2048_8_16384_128 ----
[0;31mE20250806 22:29:46.080099 139934100166400 output_stream.cpp:105] Opened result file: ./profiles/standalone_attn_decode__1_2048_8_16384_128_kernel_trace.csv
[m[0;31mE20250806 22:29:46.086505 139934100166400 output_stream.cpp:105] Opened result file: ./profiles/standalone_attn_decode__1_2048_8_16384_128_agent_info.csv
[m[0;33mW20250806 22:29:49.015067 139934100166400 tool.cpp:1902] rocprofv3_error_signal_handler caught signal 11...
[m# ---- Run standalone_attn_decode__1_2048_8_16384_nan ----
[0;31mE20250806 22:30:02.354514 140700938753792 output_stream.cpp:105] Opened result file: ./profiles/standalone_attn_decode__1_2048_8_16384_nan_kernel_trace.csv
[m[0;31mE20250806 22:30:02.361295 140700938753792 output_stream.cpp:105] Opened result file: ./profiles/standalone_attn_decode__1_2048_8_16384_nan_agent_info.csv
[m# ---- Run standalone_attn_decode__1_2048_8_32768_32 ----
[0;31mE20250806 22:30:18.862629 139917502854912 output_stream.cpp:105] Opened result file: ./profiles/standalone_attn_decode__1_2048_8_32768_32_kernel_trace.csv
[m[0;31mE20250806 22:30:18.869488 139917502854912 output_stream.cpp:105] Opened result file: ./profiles/standalone_attn_decode__1_2048_8_32768_32_agent_info.csv
[m[0;33mW20250806 22:30:22.081753 139917502854912 tool.cpp:1902] rocprofv3_error_signal_handler caught signal 11...
[m# ---- Run standalone_attn_decode__1_2048_8_32768_64 ----
[0;31mE20250806 22:30:35.400279 140627661272832 output_stream.cpp:105] Opened result file: ./profiles/standalone_attn_decode__1_2048_8_32768_64_kernel_trace.csv
[m[0;31mE20250806 22:30:35.406762 140627661272832 output_stream.cpp:105] Opened result file: ./profiles/standalone_attn_decode__1_2048_8_32768_64_agent_info.csv
[m[0;33mW20250806 22:30:38.243291 140627661272832 tool.cpp:1902] rocprofv3_error_signal_handler caught signal 11...
[m# ---- Run standalone_attn_decode__1_2048_8_32768_96 ----
[0;31mE20250806 22:30:52.801878 139843129362176 output_stream.cpp:105] Opened result file: ./profiles/standalone_attn_decode__1_2048_8_32768_96_kernel_trace.csv
[m[0;31mE20250806 22:30:52.808034 139843129362176 output_stream.cpp:105] Opened result file: ./profiles/standalone_attn_decode__1_2048_8_32768_96_agent_info.csv
[m[0;33mW20250806 22:30:55.707577 139843129362176 tool.cpp:1902] rocprofv3_error_signal_handler caught signal 11...
[m# ---- Run standalone_attn_decode__1_2048_8_32768_128 ----
[0;31mE20250806 22:31:09.351254 140241782122240 output_stream.cpp:105] Opened result file: ./profiles/standalone_attn_decode__1_2048_8_32768_128_kernel_trace.csv
[m[0;31mE20250806 22:31:09.357292 140241782122240 output_stream.cpp:105] Opened result file: ./profiles/standalone_attn_decode__1_2048_8_32768_128_agent_info.csv
[m[0;33mW20250806 22:31:12.368587 140241782122240 tool.cpp:1902] rocprofv3_error_signal_handler caught signal 11...
[m# ---- Run standalone_attn_decode__1_2048_8_32768_nan ----
[0;31mE20250806 22:31:25.902726 140252422838016 output_stream.cpp:105] Opened result file: ./profiles/standalone_attn_decode__1_2048_8_32768_nan_kernel_trace.csv
[m[0;31mE20250806 22:31:25.908897 140252422838016 output_stream.cpp:105] Opened result file: ./profiles/standalone_attn_decode__1_2048_8_32768_nan_agent_info.csv
[m# ---- Run standalone_attn_decode__1_2048_8_65536_32 ----
[0;31mE20250806 22:31:42.667788 140348794918656 output_stream.cpp:105] Opened result file: ./profiles/standalone_attn_decode__1_2048_8_65536_32_kernel_trace.csv
[m[0;31mE20250806 22:31:42.674476 140348794918656 output_stream.cpp:105] Opened result file: ./profiles/standalone_attn_decode__1_2048_8_65536_32_agent_info.csv
[m[0;33mW20250806 22:31:45.660596 140348794918656 tool.cpp:1902] rocprofv3_error_signal_handler caught signal 11...
[m# ---- Run standalone_attn_decode__1_2048_8_65536_64 ----
[0;31mE20250806 22:31:59.165565 139978345424640 output_stream.cpp:105] Opened result file: ./profiles/standalone_attn_decode__1_2048_8_65536_64_kernel_trace.csv
[m[0;31mE20250806 22:31:59.172235 139978345424640 output_stream.cpp:105] Opened result file: ./profiles/standalone_attn_decode__1_2048_8_65536_64_agent_info.csv
[m[0;33mW20250806 22:32:02.058427 139978345424640 tool.cpp:1902] rocprofv3_error_signal_handler caught signal 11...
[m# ---- Run standalone_attn_decode__1_2048_8_65536_96 ----
[0;31mE20250806 22:32:16.062971 139847906051840 output_stream.cpp:105] Opened result file: ./profiles/standalone_attn_decode__1_2048_8_65536_96_kernel_trace.csv
[m[0;31mE20250806 22:32:16.069410 139847906051840 output_stream.cpp:105] Opened result file: ./profiles/standalone_attn_decode__1_2048_8_65536_96_agent_info.csv
[m[0;33mW20250806 22:32:19.126494 139847906051840 tool.cpp:1902] rocprofv3_error_signal_handler caught signal 11...
[m# ---- Run standalone_attn_decode__1_2048_8_65536_128 ----
[0;31mE20250806 22:32:32.809636 139767758542592 output_stream.cpp:105] Opened result file: ./profiles/standalone_attn_decode__1_2048_8_65536_128_kernel_trace.csv
[m[0;31mE20250806 22:32:32.815549 139767758542592 output_stream.cpp:105] Opened result file: ./profiles/standalone_attn_decode__1_2048_8_65536_128_agent_info.csv
[m[0;33mW20250806 22:32:35.763625 139767758542592 tool.cpp:1902] rocprofv3_error_signal_handler caught signal 11...
[m# ---- Run standalone_attn_decode__1_2048_8_65536_nan ----
[0;31mE20250806 22:32:49.803460 140039029880576 output_stream.cpp:105] Opened result file: ./profiles/standalone_attn_decode__1_2048_8_65536_nan_kernel_trace.csv
[m[0;31mE20250806 22:32:49.809531 140039029880576 output_stream.cpp:105] Opened result file: ./profiles/standalone_attn_decode__1_2048_8_65536_nan_agent_info.csv
[m# ---- Run standalone_attn_decode__1_2048_8_131072_32 ----
[0;31mE20250806 22:33:06.641458 139812379543296 output_stream.cpp:105] Opened result file: ./profiles/standalone_attn_decode__1_2048_8_131072_32_kernel_trace.csv
[m[0;31mE20250806 22:33:06.647928 139812379543296 output_stream.cpp:105] Opened result file: ./profiles/standalone_attn_decode__1_2048_8_131072_32_agent_info.csv
[m[0;33mW20250806 22:33:09.447594 139812379543296 tool.cpp:1902] rocprofv3_error_signal_handler caught signal 11...
[m# ---- Run standalone_attn_decode__1_2048_8_131072_64 ----
[0;31mE20250806 22:33:23.252191 140231690749696 output_stream.cpp:105] Opened result file: ./profiles/standalone_attn_decode__1_2048_8_131072_64_kernel_trace.csv
[m[0;31mE20250806 22:33:23.259015 140231690749696 output_stream.cpp:105] Opened result file: ./profiles/standalone_attn_decode__1_2048_8_131072_64_agent_info.csv
[m[0;33mW20250806 22:33:26.151453 140231690749696 tool.cpp:1902] rocprofv3_error_signal_handler caught signal 11...
[m# ---- Run standalone_attn_decode__1_2048_8_131072_96 ----
[0;31mE20250806 22:33:40.166390 140538921834240 output_stream.cpp:105] Opened result file: ./profiles/standalone_attn_decode__1_2048_8_131072_96_kernel_trace.csv
[m[0;31mE20250806 22:33:40.173332 140538921834240 output_stream.cpp:105] Opened result file: ./profiles/standalone_attn_decode__1_2048_8_131072_96_agent_info.csv
[m[0;33mW20250806 22:33:43.294773 140538921834240 tool.cpp:1902] rocprofv3_error_signal_handler caught signal 11...
[m# ---- Run standalone_attn_decode__1_2048_8_131072_128 ----
[0;31mE20250806 22:33:57.270161 140540685432576 output_stream.cpp:105] Opened result file: ./profiles/standalone_attn_decode__1_2048_8_131072_128_kernel_trace.csv
[m[0;31mE20250806 22:33:57.276117 140540685432576 output_stream.cpp:105] Opened result file: ./profiles/standalone_attn_decode__1_2048_8_131072_128_agent_info.csv
[m[0;33mW20250806 22:34:00.222488 140540685432576 tool.cpp:1902] rocprofv3_error_signal_handler caught signal 11...
[m# ---- Run standalone_attn_decode__1_2048_8_131072_nan ----
[0;31mE20250806 22:34:14.368786 140236931626752 output_stream.cpp:105] Opened result file: ./profiles/standalone_attn_decode__1_2048_8_131072_nan_kernel_trace.csv
[m[0;31mE20250806 22:34:14.374991 140236931626752 output_stream.cpp:105] Opened result file: ./profiles/standalone_attn_decode__1_2048_8_131072_nan_agent_info.csv
[m# ---- Run standalone_attn_decode__1_2048_16_8192_32 ----
[0;31mE20250806 22:34:33.572046 140397199795968 output_stream.cpp:105] Opened result file: ./profiles/standalone_attn_decode__1_2048_16_8192_32_kernel_trace.csv
[m[0;31mE20250806 22:34:33.579020 140397199795968 output_stream.cpp:105] Opened result file: ./profiles/standalone_attn_decode__1_2048_16_8192_32_agent_info.csv
[m[0;33mW20250806 22:34:36.675980 140397199795968 tool.cpp:1902] rocprofv3_error_signal_handler caught signal 11...
[m# ---- Run standalone_attn_decode__1_2048_16_8192_64 ----
[0;31mE20250806 22:34:51.035635 139756554823424 output_stream.cpp:105] Opened result file: ./profiles/standalone_attn_decode__1_2048_16_8192_64_kernel_trace.csv
[m[0;31mE20250806 22:34:51.042327 139756554823424 output_stream.cpp:105] Opened result file: ./profiles/standalone_attn_decode__1_2048_16_8192_64_agent_info.csv
[m[0;33mW20250806 22:34:53.922306 139756554823424 tool.cpp:1902] rocprofv3_error_signal_handler caught signal 11...
[m# ---- Run standalone_attn_decode__1_2048_16_8192_96 ----
[0;31mE20250806 22:35:08.523035 140349296125696 output_stream.cpp:105] Opened result file: ./profiles/standalone_attn_decode__1_2048_16_8192_96_kernel_trace.csv
[m[0;31mE20250806 22:35:08.529653 140349296125696 output_stream.cpp:105] Opened result file: ./profiles/standalone_attn_decode__1_2048_16_8192_96_agent_info.csv
[m[0;33mW20250806 22:35:11.481497 140349296125696 tool.cpp:1902] rocprofv3_error_signal_handler caught signal 11...
[m# ---- Run standalone_attn_decode__1_2048_16_8192_128 ----
[0;31mE20250806 22:35:25.521895 140241146025728 output_stream.cpp:105] Opened result file: ./profiles/standalone_attn_decode__1_2048_16_8192_128_kernel_trace.csv
[m[0;31mE20250806 22:35:25.528742 140241146025728 output_stream.cpp:105] Opened result file: ./profiles/standalone_attn_decode__1_2048_16_8192_128_agent_info.csv
[m[0;33mW20250806 22:35:28.505714 140241146025728 tool.cpp:1902] rocprofv3_error_signal_handler caught signal 11...
[m# ---- Run standalone_attn_decode__1_2048_16_8192_nan ----
[0;31mE20250806 22:35:42.384594 140254098671360 output_stream.cpp:105] Opened result file: ./profiles/standalone_attn_decode__1_2048_16_8192_nan_kernel_trace.csv
[m[0;31mE20250806 22:35:42.391254 140254098671360 output_stream.cpp:105] Opened result file: ./profiles/standalone_attn_decode__1_2048_16_8192_nan_agent_info.csv
[m# ---- Run standalone_attn_decode__1_2048_16_16384_32 ----
[0;31mE20250806 22:35:59.397319 139635919472384 output_stream.cpp:105] Opened result file: ./profiles/standalone_attn_decode__1_2048_16_16384_32_kernel_trace.csv
[m[0;31mE20250806 22:35:59.403358 139635919472384 output_stream.cpp:105] Opened result file: ./profiles/standalone_attn_decode__1_2048_16_16384_32_agent_info.csv
[m[0;33mW20250806 22:36:02.354001 139635919472384 tool.cpp:1902] rocprofv3_error_signal_handler caught signal 11...
[m# ---- Run standalone_attn_decode__1_2048_16_16384_64 ----
[0;31mE20250806 22:36:16.250761 140343655454464 output_stream.cpp:105] Opened result file: ./profiles/standalone_attn_decode__1_2048_16_16384_64_kernel_trace.csv
[m[0;31mE20250806 22:36:16.257568 140343655454464 output_stream.cpp:105] Opened result file: ./profiles/standalone_attn_decode__1_2048_16_16384_64_agent_info.csv
[m[0;33mW20250806 22:36:19.169366 140343655454464 tool.cpp:1902] rocprofv3_error_signal_handler caught signal 11...
[m# ---- Run standalone_attn_decode__1_2048_16_16384_96 ----
[0;31mE20250806 22:36:34.245688 140711155668736 output_stream.cpp:105] Opened result file: ./profiles/standalone_attn_decode__1_2048_16_16384_96_kernel_trace.csv
[m[0;31mE20250806 22:36:34.252982 140711155668736 output_stream.cpp:105] Opened result file: ./profiles/standalone_attn_decode__1_2048_16_16384_96_agent_info.csv
[m[0;33mW20250806 22:36:37.439931 140711155668736 tool.cpp:1902] rocprofv3_error_signal_handler caught signal 11...
[m# ---- Run standalone_attn_decode__1_2048_16_16384_128 ----
[0;31mE20250806 22:36:55.353011 139665208276736 output_stream.cpp:105] Opened result file: ./profiles/standalone_attn_decode__1_2048_16_16384_128_kernel_trace.csv
[m[0;31mE20250806 22:36:55.359717 139665208276736 output_stream.cpp:105] Opened result file: ./profiles/standalone_attn_decode__1_2048_16_16384_128_agent_info.csv
[m[0;33mW20250806 22:36:58.347658 139665208276736 tool.cpp:1902] rocprofv3_error_signal_handler caught signal 11...
[m# ---- Run standalone_attn_decode__1_2048_16_16384_nan ----
[0;31mE20250806 22:37:13.445197 139700423894784 output_stream.cpp:105] Opened result file: ./profiles/standalone_attn_decode__1_2048_16_16384_nan_kernel_trace.csv
[m[0;31mE20250806 22:37:13.452150 139700423894784 output_stream.cpp:105] Opened result file: ./profiles/standalone_attn_decode__1_2048_16_16384_nan_agent_info.csv
[m# ---- Run standalone_attn_decode__1_2048_16_32768_32 ----
[0;31mE20250806 22:37:30.655838 140706859591424 output_stream.cpp:105] Opened result file: ./profiles/standalone_attn_decode__1_2048_16_32768_32_kernel_trace.csv
[m[0;31mE20250806 22:37:30.663580 140706859591424 output_stream.cpp:105] Opened result file: ./profiles/standalone_attn_decode__1_2048_16_32768_32_agent_info.csv
[m[0;33mW20250806 22:37:33.758301 140706859591424 tool.cpp:1902] rocprofv3_error_signal_handler caught signal 11...
[m# ---- Run standalone_attn_decode__1_2048_16_32768_64 ----
[0;31mE20250806 22:37:48.398441 140312160573184 output_stream.cpp:105] Opened result file: ./profiles/standalone_attn_decode__1_2048_16_32768_64_kernel_trace.csv
[m[0;31mE20250806 22:37:48.405086 140312160573184 output_stream.cpp:105] Opened result file: ./profiles/standalone_attn_decode__1_2048_16_32768_64_agent_info.csv
[m[0;33mW20250806 22:37:51.464686 140312160573184 tool.cpp:1902] rocprofv3_error_signal_handler caught signal 11...
[m# ---- Run standalone_attn_decode__1_2048_16_32768_96 ----
[0;31mE20250806 22:38:06.588013 140569581344512 output_stream.cpp:105] Opened result file: ./profiles/standalone_attn_decode__1_2048_16_32768_96_kernel_trace.csv
[m[0;31mE20250806 22:38:06.595585 140569581344512 output_stream.cpp:105] Opened result file: ./profiles/standalone_attn_decode__1_2048_16_32768_96_agent_info.csv
[m[0;33mW20250806 22:38:09.746523 140569581344512 tool.cpp:1902] rocprofv3_error_signal_handler caught signal 11...
[m# ---- Run standalone_attn_decode__1_2048_16_32768_128 ----
[0;31mE20250806 22:38:25.443137 140307823167232 output_stream.cpp:105] Opened result file: ./profiles/standalone_attn_decode__1_2048_16_32768_128_kernel_trace.csv
[m[0;31mE20250806 22:38:25.449749 140307823167232 output_stream.cpp:105] Opened result file: ./profiles/standalone_attn_decode__1_2048_16_32768_128_agent_info.csv
[m[0;33mW20250806 22:38:28.426353 140307823167232 tool.cpp:1902] rocprofv3_error_signal_handler caught signal 11...
[m# ---- Run standalone_attn_decode__1_2048_16_32768_nan ----
[0;31mE20250806 22:38:42.318886 140649764726528 output_stream.cpp:105] Opened result file: ./profiles/standalone_attn_decode__1_2048_16_32768_nan_kernel_trace.csv
[m[0;31mE20250806 22:38:42.325425 140649764726528 output_stream.cpp:105] Opened result file: ./profiles/standalone_attn_decode__1_2048_16_32768_nan_agent_info.csv
[m# ---- Run standalone_attn_decode__1_2048_16_65536_32 ----
[0;31mE20250806 22:38:59.301885 139877019367168 output_stream.cpp:105] Opened result file: ./profiles/standalone_attn_decode__1_2048_16_65536_32_kernel_trace.csv
[m[0;31mE20250806 22:38:59.308086 139877019367168 output_stream.cpp:105] Opened result file: ./profiles/standalone_attn_decode__1_2048_16_65536_32_agent_info.csv
[m[0;33mW20250806 22:39:02.111503 139877019367168 tool.cpp:1902] rocprofv3_error_signal_handler caught signal 11...
[m# ---- Run standalone_attn_decode__1_2048_16_65536_64 ----
[0;31mE20250806 22:39:16.026106 140031636334336 output_stream.cpp:105] Opened result file: ./profiles/standalone_attn_decode__1_2048_16_65536_64_kernel_trace.csv
[m[0;31mE20250806 22:39:16.032415 140031636334336 output_stream.cpp:105] Opened result file: ./profiles/standalone_attn_decode__1_2048_16_65536_64_agent_info.csv
[m[0;33mW20250806 22:39:18.918884 140031636334336 tool.cpp:1902] rocprofv3_error_signal_handler caught signal 11...
[m# ---- Run standalone_attn_decode__1_2048_16_65536_96 ----
[0;31mE20250806 22:39:32.876467 140218703091456 output_stream.cpp:105] Opened result file: ./profiles/standalone_attn_decode__1_2048_16_65536_96_kernel_trace.csv
[m[0;31mE20250806 22:39:32.882706 140218703091456 output_stream.cpp:105] Opened result file: ./profiles/standalone_attn_decode__1_2048_16_65536_96_agent_info.csv
[m[0;33mW20250806 22:39:35.755760 140218703091456 tool.cpp:1902] rocprofv3_error_signal_handler caught signal 11...
[m# ---- Run standalone_attn_decode__1_2048_16_65536_128 ----
[0;31mE20250806 22:39:50.872320 140021046978304 output_stream.cpp:105] Opened result file: ./profiles/standalone_attn_decode__1_2048_16_65536_128_kernel_trace.csv
[m[0;31mE20250806 22:39:50.878867 140021046978304 output_stream.cpp:105] Opened result file: ./profiles/standalone_attn_decode__1_2048_16_65536_128_agent_info.csv
[m[0;33mW20250806 22:39:53.913808 140021046978304 tool.cpp:1902] rocprofv3_error_signal_handler caught signal 11...
[m# ---- Run standalone_attn_decode__1_2048_16_65536_nan ----
[0;31mE20250806 22:40:07.729460 140480824051456 output_stream.cpp:105] Opened result file: ./profiles/standalone_attn_decode__1_2048_16_65536_nan_kernel_trace.csv
[m[0;31mE20250806 22:40:07.735716 140480824051456 output_stream.cpp:105] Opened result file: ./profiles/standalone_attn_decode__1_2048_16_65536_nan_agent_info.csv
[m# ---- Run standalone_attn_decode__1_2048_16_131072_32 ----
[0;31mE20250806 22:40:24.925439 140624328890112 output_stream.cpp:105] Opened result file: ./profiles/standalone_attn_decode__1_2048_16_131072_32_kernel_trace.csv
[m[0;31mE20250806 22:40:24.931580 140624328890112 output_stream.cpp:105] Opened result file: ./profiles/standalone_attn_decode__1_2048_16_131072_32_agent_info.csv
[m[0;33mW20250806 22:40:27.757882 140624328890112 tool.cpp:1902] rocprofv3_error_signal_handler caught signal 11...
[m# ---- Run standalone_attn_decode__1_2048_16_131072_64 ----
[0;31mE20250806 22:40:41.785985 140510286513920 output_stream.cpp:105] Opened result file: ./profiles/standalone_attn_decode__1_2048_16_131072_64_kernel_trace.csv
[m[0;31mE20250806 22:40:41.792888 140510286513920 output_stream.cpp:105] Opened result file: ./profiles/standalone_attn_decode__1_2048_16_131072_64_agent_info.csv
[m[0;33mW20250806 22:40:44.746327 140510286513920 tool.cpp:1902] rocprofv3_error_signal_handler caught signal 11...
[m# ---- Run standalone_attn_decode__1_2048_16_131072_96 ----
[0;31mE20250806 22:40:59.053051 140557874091776 output_stream.cpp:105] Opened result file: ./profiles/standalone_attn_decode__1_2048_16_131072_96_kernel_trace.csv
[m[0;31mE20250806 22:40:59.059103 140557874091776 output_stream.cpp:105] Opened result file: ./profiles/standalone_attn_decode__1_2048_16_131072_96_agent_info.csv
[m[0;33mW20250806 22:41:01.947390 140557874091776 tool.cpp:1902] rocprofv3_error_signal_handler caught signal 11...
[m# ---- Run standalone_attn_decode__1_2048_16_131072_128 ----
[0;31mE20250806 22:41:15.787606 140251046565632 output_stream.cpp:105] Opened result file: ./profiles/standalone_attn_decode__1_2048_16_131072_128_kernel_trace.csv
[m[0;31mE20250806 22:41:15.793830 140251046565632 output_stream.cpp:105] Opened result file: ./profiles/standalone_attn_decode__1_2048_16_131072_128_agent_info.csv
[m[0;33mW20250806 22:41:18.620855 140251046565632 tool.cpp:1902] rocprofv3_error_signal_handler caught signal 11...
[m# ---- Run standalone_attn_decode__1_2048_16_131072_nan ----
[0;31mE20250806 22:41:32.265531 140023366420224 output_stream.cpp:105] Opened result file: ./profiles/standalone_attn_decode__1_2048_16_131072_nan_kernel_trace.csv
[m[0;31mE20250806 22:41:32.272029 140023366420224 output_stream.cpp:105] Opened result file: ./profiles/standalone_attn_decode__1_2048_16_131072_nan_agent_info.csv
[m# ---- Run standalone_attn_decode__1_2048_32_8192_32 ----
[0;31mE20250806 22:41:48.971196 140615662503680 output_stream.cpp:105] Opened result file: ./profiles/standalone_attn_decode__1_2048_32_8192_32_kernel_trace.csv
[m[0;31mE20250806 22:41:48.978159 140615662503680 output_stream.cpp:105] Opened result file: ./profiles/standalone_attn_decode__1_2048_32_8192_32_agent_info.csv
[m[0;33mW20250806 22:41:51.780952 140615662503680 tool.cpp:1902] rocprofv3_error_signal_handler caught signal 11...
[m# ---- Run standalone_attn_decode__1_2048_32_8192_64 ----
[0;31mE20250806 22:42:05.423722 140314072905472 output_stream.cpp:105] Opened result file: ./profiles/standalone_attn_decode__1_2048_32_8192_64_kernel_trace.csv
[m[0;31mE20250806 22:42:05.430804 140314072905472 output_stream.cpp:105] Opened result file: ./profiles/standalone_attn_decode__1_2048_32_8192_64_agent_info.csv
[m[0;33mW20250806 22:42:08.305410 140314072905472 tool.cpp:1902] rocprofv3_error_signal_handler caught signal 11...
[m# ---- Run standalone_attn_decode__1_2048_32_8192_96 ----
[0;31mE20250806 22:42:21.897856 139741828683520 output_stream.cpp:105] Opened result file: ./profiles/standalone_attn_decode__1_2048_32_8192_96_kernel_trace.csv
[m[0;31mE20250806 22:42:21.904872 139741828683520 output_stream.cpp:105] Opened result file: ./profiles/standalone_attn_decode__1_2048_32_8192_96_agent_info.csv
[m[0;33mW20250806 22:42:24.730412 139741828683520 tool.cpp:1902] rocprofv3_error_signal_handler caught signal 11...
[m# ---- Run standalone_attn_decode__1_2048_32_8192_128 ----
[0;31mE20250806 22:42:38.327300 140333007738624 output_stream.cpp:105] Opened result file: ./profiles/standalone_attn_decode__1_2048_32_8192_128_kernel_trace.csv
[m[0;31mE20250806 22:42:38.334422 140333007738624 output_stream.cpp:105] Opened result file: ./profiles/standalone_attn_decode__1_2048_32_8192_128_agent_info.csv
[m[0;33mW20250806 22:42:41.348497 140333007738624 tool.cpp:1902] rocprofv3_error_signal_handler caught signal 11...
[m# ---- Run standalone_attn_decode__1_2048_32_8192_nan ----
[0;31mE20250806 22:42:55.250361 139818717603584 output_stream.cpp:105] Opened result file: ./profiles/standalone_attn_decode__1_2048_32_8192_nan_kernel_trace.csv
[m[0;31mE20250806 22:42:55.257358 139818717603584 output_stream.cpp:105] Opened result file: ./profiles/standalone_attn_decode__1_2048_32_8192_nan_agent_info.csv
[m# ---- Run standalone_attn_decode__1_2048_32_16384_32 ----
[0;31mE20250806 22:43:13.195716 140023715444480 output_stream.cpp:105] Opened result file: ./profiles/standalone_attn_decode__1_2048_32_16384_32_kernel_trace.csv
[m[0;31mE20250806 22:43:13.203084 140023715444480 output_stream.cpp:105] Opened result file: ./profiles/standalone_attn_decode__1_2048_32_16384_32_agent_info.csv
[m[0;33mW20250806 22:43:16.364140 140023715444480 tool.cpp:1902] rocprofv3_error_signal_handler caught signal 11...
[m# ---- Run standalone_attn_decode__1_2048_32_16384_64 ----
[0;31mE20250806 22:43:31.421369 140608214210304 output_stream.cpp:105] Opened result file: ./profiles/standalone_attn_decode__1_2048_32_16384_64_kernel_trace.csv
[m[0;31mE20250806 22:43:31.427862 140608214210304 output_stream.cpp:105] Opened result file: ./profiles/standalone_attn_decode__1_2048_32_16384_64_agent_info.csv
[m[0;33mW20250806 22:43:34.313614 140608214210304 tool.cpp:1902] rocprofv3_error_signal_handler caught signal 11...
[m# ---- Run standalone_attn_decode__1_2048_32_16384_96 ----
[0;31mE20250806 22:43:49.846597 140678143018752 output_stream.cpp:105] Opened result file: ./profiles/standalone_attn_decode__1_2048_32_16384_96_kernel_trace.csv
[m[0;31mE20250806 22:43:49.854510 140678143018752 output_stream.cpp:105] Opened result file: ./profiles/standalone_attn_decode__1_2048_32_16384_96_agent_info.csv
[m[0;33mW20250806 22:43:53.087410 140678143018752 tool.cpp:1902] rocprofv3_error_signal_handler caught signal 11...
[m# ---- Run standalone_attn_decode__1_2048_32_16384_128 ----
[0;31mE20250806 22:44:09.608691 140650272278272 output_stream.cpp:105] Opened result file: ./profiles/standalone_attn_decode__1_2048_32_16384_128_kernel_trace.csv
[m[0;31mE20250806 22:44:09.616190 140650272278272 output_stream.cpp:105] Opened result file: ./profiles/standalone_attn_decode__1_2048_32_16384_128_agent_info.csv
[m[0;33mW20250806 22:44:13.058640 140650272278272 tool.cpp:1902] rocprofv3_error_signal_handler caught signal 11...
[m# ---- Run standalone_attn_decode__1_2048_32_16384_nan ----
[0;31mE20250806 22:44:28.898252 140348421777152 output_stream.cpp:105] Opened result file: ./profiles/standalone_attn_decode__1_2048_32_16384_nan_kernel_trace.csv
[m[0;31mE20250806 22:44:28.904559 140348421777152 output_stream.cpp:105] Opened result file: ./profiles/standalone_attn_decode__1_2048_32_16384_nan_agent_info.csv
[m# ---- Run standalone_attn_decode__1_2048_32_32768_32 ----
[0;31mE20250806 22:44:46.506135 140670640101120 output_stream.cpp:105] Opened result file: ./profiles/standalone_attn_decode__1_2048_32_32768_32_kernel_trace.csv
[m[0;31mE20250806 22:44:46.512465 140670640101120 output_stream.cpp:105] Opened result file: ./profiles/standalone_attn_decode__1_2048_32_32768_32_agent_info.csv
[m[0;33mW20250806 22:44:49.462061 140670640101120 tool.cpp:1902] rocprofv3_error_signal_handler caught signal 11...
[m# ---- Run standalone_attn_decode__1_2048_32_32768_64 ----
[0;31mE20250806 22:45:04.051469 140233282950912 output_stream.cpp:105] Opened result file: ./profiles/standalone_attn_decode__1_2048_32_32768_64_kernel_trace.csv
[m[0;31mE20250806 22:45:04.057713 140233282950912 output_stream.cpp:105] Opened result file: ./profiles/standalone_attn_decode__1_2048_32_32768_64_agent_info.csv
[m[0;33mW20250806 22:45:06.871420 140233282950912 tool.cpp:1902] rocprofv3_error_signal_handler caught signal 11...
[m# ---- Run standalone_attn_decode__1_2048_32_32768_96 ----
[0;31mE20250806 22:45:21.015689 139781849437952 output_stream.cpp:105] Opened result file: ./profiles/standalone_attn_decode__1_2048_32_32768_96_kernel_trace.csv
[m[0;31mE20250806 22:45:21.022083 139781849437952 output_stream.cpp:105] Opened result file: ./profiles/standalone_attn_decode__1_2048_32_32768_96_agent_info.csv
[m[0;33mW20250806 22:45:23.847025 139781849437952 tool.cpp:1902] rocprofv3_error_signal_handler caught signal 11...
[m# ---- Run standalone_attn_decode__1_2048_32_32768_128 ----
[0;31mE20250806 22:45:38.244791 140565403973376 output_stream.cpp:105] Opened result file: ./profiles/standalone_attn_decode__1_2048_32_32768_128_kernel_trace.csv
[m[0;31mE20250806 22:45:38.252820 140565403973376 output_stream.cpp:105] Opened result file: ./profiles/standalone_attn_decode__1_2048_32_32768_128_agent_info.csv
[m[0;33mW20250806 22:45:41.084989 140565403973376 tool.cpp:1902] rocprofv3_error_signal_handler caught signal 11...
[m# ---- Run standalone_attn_decode__1_2048_32_32768_nan ----
[0;31mE20250806 22:45:55.468988 140615994324736 output_stream.cpp:105] Opened result file: ./profiles/standalone_attn_decode__1_2048_32_32768_nan_kernel_trace.csv
[m[0;31mE20250806 22:45:55.475862 140615994324736 output_stream.cpp:105] Opened result file: ./profiles/standalone_attn_decode__1_2048_32_32768_nan_agent_info.csv
[m# ---- Run standalone_attn_decode__1_2048_32_65536_32 ----
[0;31mE20250806 22:46:12.921448 140643779761920 output_stream.cpp:105] Opened result file: ./profiles/standalone_attn_decode__1_2048_32_65536_32_kernel_trace.csv
[m[0;31mE20250806 22:46:12.927678 140643779761920 output_stream.cpp:105] Opened result file: ./profiles/standalone_attn_decode__1_2048_32_65536_32_agent_info.csv
[m[0;33mW20250806 22:46:15.825795 140643779761920 tool.cpp:1902] rocprofv3_error_signal_handler caught signal 11...
[m# ---- Run standalone_attn_decode__1_2048_32_65536_64 ----
[0;31mE20250806 22:46:30.327777 139912197519104 output_stream.cpp:105] Opened result file: ./profiles/standalone_attn_decode__1_2048_32_65536_64_kernel_trace.csv
[m[0;31mE20250806 22:46:30.333850 139912197519104 output_stream.cpp:105] Opened result file: ./profiles/standalone_attn_decode__1_2048_32_65536_64_agent_info.csv
[m[0;33mW20250806 22:46:33.438594 139912197519104 tool.cpp:1902] rocprofv3_error_signal_handler caught signal 11...
[m# ---- Run standalone_attn_decode__1_2048_32_65536_96 ----
[0;31mE20250806 22:46:47.894347 139868806891264 output_stream.cpp:105] Opened result file: ./profiles/standalone_attn_decode__1_2048_32_65536_96_kernel_trace.csv
[m[0;31mE20250806 22:46:47.900577 139868806891264 output_stream.cpp:105] Opened result file: ./profiles/standalone_attn_decode__1_2048_32_65536_96_agent_info.csv
[m[0;33mW20250806 22:46:50.695561 139868806891264 tool.cpp:1902] rocprofv3_error_signal_handler caught signal 11...
[m# ---- Run standalone_attn_decode__1_2048_32_65536_128 ----
[0;31mE20250806 22:47:05.451160 140087312402176 output_stream.cpp:105] Opened result file: ./profiles/standalone_attn_decode__1_2048_32_65536_128_kernel_trace.csv
[m[0;31mE20250806 22:47:05.457866 140087312402176 output_stream.cpp:105] Opened result file: ./profiles/standalone_attn_decode__1_2048_32_65536_128_agent_info.csv
[m[0;33mW20250806 22:47:08.349341 140087312402176 tool.cpp:1902] rocprofv3_error_signal_handler caught signal 11...
[m# ---- Run standalone_attn_decode__1_2048_32_65536_nan ----
[0;31mE20250806 22:47:23.439253 139705153447680 output_stream.cpp:105] Opened result file: ./profiles/standalone_attn_decode__1_2048_32_65536_nan_kernel_trace.csv
[m[0;31mE20250806 22:47:23.445895 139705153447680 output_stream.cpp:105] Opened result file: ./profiles/standalone_attn_decode__1_2048_32_65536_nan_agent_info.csv
[m# ---- Run standalone_attn_decode__1_2048_32_131072_32 ----
[0;31mE20250806 22:47:42.781854 139998306408192 output_stream.cpp:105] Opened result file: ./profiles/standalone_attn_decode__1_2048_32_131072_32_kernel_trace.csv
[m[0;31mE20250806 22:47:42.788731 139998306408192 output_stream.cpp:105] Opened result file: ./profiles/standalone_attn_decode__1_2048_32_131072_32_agent_info.csv
[m[0;33mW20250806 22:47:45.992606 139998306408192 tool.cpp:1902] rocprofv3_error_signal_handler caught signal 11...
[m# ---- Run standalone_attn_decode__1_2048_32_131072_64 ----
[0;31mE20250806 22:48:01.800382 139978977265408 output_stream.cpp:105] Opened result file: ./profiles/standalone_attn_decode__1_2048_32_131072_64_kernel_trace.csv
[m[0;31mE20250806 22:48:01.808025 139978977265408 output_stream.cpp:105] Opened result file: ./profiles/standalone_attn_decode__1_2048_32_131072_64_agent_info.csv
[m[0;33mW20250806 22:48:05.175863 139978977265408 tool.cpp:1902] rocprofv3_error_signal_handler caught signal 11...
[m# ---- Run standalone_attn_decode__1_2048_32_131072_96 ----
[0;31mE20250806 22:48:21.288259 140045176428288 output_stream.cpp:105] Opened result file: ./profiles/standalone_attn_decode__1_2048_32_131072_96_kernel_trace.csv
[m[0;31mE20250806 22:48:21.295260 140045176428288 output_stream.cpp:105] Opened result file: ./profiles/standalone_attn_decode__1_2048_32_131072_96_agent_info.csv
[m[0;33mW20250806 22:48:24.136186 140045176428288 tool.cpp:1902] rocprofv3_error_signal_handler caught signal 11...
[m# ---- Run standalone_attn_decode__1_2048_32_131072_128 ----
[0;31mE20250806 22:48:40.100756 140534556694272 output_stream.cpp:105] Opened result file: ./profiles/standalone_attn_decode__1_2048_32_131072_128_kernel_trace.csv
[m[0;31mE20250806 22:48:40.107979 140534556694272 output_stream.cpp:105] Opened result file: ./profiles/standalone_attn_decode__1_2048_32_131072_128_agent_info.csv
[m[0;33mW20250806 22:48:43.033032 140534556694272 tool.cpp:1902] rocprofv3_error_signal_handler caught signal 11...
[m# ---- Run standalone_attn_decode__1_2048_32_131072_nan ----
[0;31mE20250806 22:48:58.718295 140302107035392 output_stream.cpp:105] Opened result file: ./profiles/standalone_attn_decode__1_2048_32_131072_nan_kernel_trace.csv
[m[0;31mE20250806 22:48:58.724477 140302107035392 output_stream.cpp:105] Opened result file: ./profiles/standalone_attn_decode__1_2048_32_131072_nan_agent_info.csv
[m# ---- Run standalone_attn_decode__1_2048_1_8192_32 ----
INFO 08-07 00:00:52 [__init__.py:244] Automatically detected platform rocm.
[0;31mE20250807 00:01:08.238935 140024131041024 output_stream.cpp:105] Opened result file: ./profiles/standalone_attn_decode__1_2048_1_8192_32_kernel_trace.csv
[m[0;31mE20250807 00:01:08.246071 140024131041024 output_stream.cpp:105] Opened result file: ./profiles/standalone_attn_decode__1_2048_1_8192_32_agent_info.csv
[m[0;33mW20250807 00:01:17.182711 140024131041024 tool.cpp:1902] rocprofv3_error_signal_handler caught signal 11...
[m# ---- Run standalone_attn_decode__1_2048_1_8192_64 ----
INFO 08-07 00:01:23 [__init__.py:244] Automatically detected platform rocm.
[0;31mE20250807 00:01:38.979423 140210102314752 output_stream.cpp:105] Opened result file: ./profiles/standalone_attn_decode__1_2048_1_8192_64_kernel_trace.csv
[m[0;31mE20250807 00:01:38.986526 140210102314752 output_stream.cpp:105] Opened result file: ./profiles/standalone_attn_decode__1_2048_1_8192_64_agent_info.csv
[m[0;33mW20250807 00:01:48.082427 140210102314752 tool.cpp:1902] rocprofv3_error_signal_handler caught signal 11...
[m# ---- Run standalone_attn_decode__1_2048_1_8192_96 ----
INFO 08-07 00:01:54 [__init__.py:244] Automatically detected platform rocm.
[0;31mE20250807 00:02:11.589158 140114652854016 output_stream.cpp:105] Opened result file: ./profiles/standalone_attn_decode__1_2048_1_8192_96_kernel_trace.csv
[m[0;31mE20250807 00:02:11.596139 140114652854016 output_stream.cpp:105] Opened result file: ./profiles/standalone_attn_decode__1_2048_1_8192_96_agent_info.csv
[m[0;33mW20250807 00:02:20.431652 140114652854016 tool.cpp:1902] rocprofv3_error_signal_handler caught signal 11...
[m# ---- Run standalone_attn_decode__1_2048_1_8192_128 ----
INFO 08-07 00:02:27 [__init__.py:244] Automatically detected platform rocm.
[0;31mE20250807 00:02:43.970413 139799884183296 output_stream.cpp:105] Opened result file: ./profiles/standalone_attn_decode__1_2048_1_8192_128_kernel_trace.csv
[m[0;31mE20250807 00:02:43.978506 139799884183296 output_stream.cpp:105] Opened result file: ./profiles/standalone_attn_decode__1_2048_1_8192_128_agent_info.csv
[m[0;33mW20250807 00:02:53.052580 139799884183296 tool.cpp:1902] rocprofv3_error_signal_handler caught signal 11...
[m# ---- Run standalone_attn_decode__1_2048_1_8192_nan ----
INFO 08-07 00:02:59 [__init__.py:244] Automatically detected platform rocm.
[0;31mE20250807 00:03:16.280316 140283589048064 output_stream.cpp:105] Opened result file: ./profiles/standalone_attn_decode__1_2048_1_8192_nan_kernel_trace.csv
[m[0;31mE20250807 00:03:16.288565 140283589048064 output_stream.cpp:105] Opened result file: ./profiles/standalone_attn_decode__1_2048_1_8192_nan_agent_info.csv
[m# ---- Run standalone_attn_decode__1_2048_1_16384_32 ----
INFO 08-07 00:03:31 [__init__.py:244] Automatically detected platform rocm.
[0;31mE20250807 00:03:47.857060 140174448617216 output_stream.cpp:105] Opened result file: ./profiles/standalone_attn_decode__1_2048_1_16384_32_kernel_trace.csv
[m[0;31mE20250807 00:03:47.864226 140174448617216 output_stream.cpp:105] Opened result file: ./profiles/standalone_attn_decode__1_2048_1_16384_32_agent_info.csv
[m[0;33mW20250807 00:03:57.115872 140174448617216 tool.cpp:1902] rocprofv3_error_signal_handler caught signal 11...
[m# ---- Run standalone_attn_decode__1_2048_1_16384_64 ----
INFO 08-07 00:04:03 [__init__.py:244] Automatically detected platform rocm.
[0;31mE20250807 00:04:20.241982 140603536647936 output_stream.cpp:105] Opened result file: ./profiles/standalone_attn_decode__1_2048_1_16384_64_kernel_trace.csv
[m[0;31mE20250807 00:04:20.249339 140603536647936 output_stream.cpp:105] Opened result file: ./profiles/standalone_attn_decode__1_2048_1_16384_64_agent_info.csv
[m[0;33mW20250807 00:04:28.968548 140603536647936 tool.cpp:1902] rocprofv3_error_signal_handler caught signal 11...
[m# ---- Run standalone_attn_decode__1_2048_1_16384_96 ----
INFO 08-07 00:04:35 [__init__.py:244] Automatically detected platform rocm.
[0;31mE20250807 00:04:52.192985 140075843733248 output_stream.cpp:105] Opened result file: ./profiles/standalone_attn_decode__1_2048_1_16384_96_kernel_trace.csv
[m[0;31mE20250807 00:04:52.201416 140075843733248 output_stream.cpp:105] Opened result file: ./profiles/standalone_attn_decode__1_2048_1_16384_96_agent_info.csv
[m[0;33mW20250807 00:05:02.305868 140075843733248 tool.cpp:1902] rocprofv3_error_signal_handler caught signal 11...
[m# ---- Run standalone_attn_decode__1_2048_1_16384_128 ----
INFO 08-07 00:05:09 [__init__.py:244] Automatically detected platform rocm.
[0;31mE20250807 00:05:26.046561 140249064834816 output_stream.cpp:105] Opened result file: ./profiles/standalone_attn_decode__1_2048_1_16384_128_kernel_trace.csv
[m[0;31mE20250807 00:05:26.053435 140249064834816 output_stream.cpp:105] Opened result file: ./profiles/standalone_attn_decode__1_2048_1_16384_128_agent_info.csv
[m[0;33mW20250807 00:05:34.446193 140249064834816 tool.cpp:1902] rocprofv3_error_signal_handler caught signal 11...
[m# ---- Run standalone_attn_decode__1_2048_1_16384_nan ----
INFO 08-07 00:05:41 [__init__.py:244] Automatically detected platform rocm.
[0;31mE20250807 00:05:59.302005 139743003535104 output_stream.cpp:105] Opened result file: ./profiles/standalone_attn_decode__1_2048_1_16384_nan_kernel_trace.csv
[m[0;31mE20250807 00:05:59.309855 139743003535104 output_stream.cpp:105] Opened result file: ./profiles/standalone_attn_decode__1_2048_1_16384_nan_agent_info.csv
[m# ---- Run standalone_attn_decode__1_2048_1_32768_32 ----
INFO 08-07 00:06:15 [__init__.py:244] Automatically detected platform rocm.
[0;31mE20250807 00:06:33.686396 139665533978368 output_stream.cpp:105] Opened result file: ./profiles/standalone_attn_decode__1_2048_1_32768_32_kernel_trace.csv
[m[0;31mE20250807 00:06:33.694258 139665533978368 output_stream.cpp:105] Opened result file: ./profiles/standalone_attn_decode__1_2048_1_32768_32_agent_info.csv
[m[0;33mW20250807 00:06:42.868055 139665533978368 tool.cpp:1902] rocprofv3_error_signal_handler caught signal 11...
[m# ---- Run standalone_attn_decode__1_2048_1_32768_64 ----
INFO 08-07 00:06:50 [__init__.py:244] Automatically detected platform rocm.
[0;31mE20250807 00:07:08.390785 139927610390272 output_stream.cpp:105] Opened result file: ./profiles/standalone_attn_decode__1_2048_1_32768_64_kernel_trace.csv
[m[0;31mE20250807 00:07:08.398114 139927610390272 output_stream.cpp:105] Opened result file: ./profiles/standalone_attn_decode__1_2048_1_32768_64_agent_info.csv
[m[0;33mW20250807 00:07:18.017634 139927610390272 tool.cpp:1902] rocprofv3_error_signal_handler caught signal 11...
[m# ---- Run standalone_attn_decode__1_2048_1_32768_96 ----
INFO 08-07 00:07:25 [__init__.py:244] Automatically detected platform rocm.
[0;31mE20250807 00:07:42.503837 140671433094912 output_stream.cpp:105] Opened result file: ./profiles/standalone_attn_decode__1_2048_1_32768_96_kernel_trace.csv
[m[0;31mE20250807 00:07:42.511860 140671433094912 output_stream.cpp:105] Opened result file: ./profiles/standalone_attn_decode__1_2048_1_32768_96_agent_info.csv
[m[0;33mW20250807 00:07:51.435888 140671433094912 tool.cpp:1902] rocprofv3_error_signal_handler caught signal 11...
[m# ---- Run standalone_attn_decode__1_2048_1_32768_128 ----
INFO 08-07 00:07:57 [__init__.py:244] Automatically detected platform rocm.
[0;31mE20250807 00:08:12.812421 139877411182336 output_stream.cpp:105] Opened result file: ./profiles/standalone_attn_decode__1_2048_1_32768_128_kernel_trace.csv
[m[0;31mE20250807 00:08:12.819331 139877411182336 output_stream.cpp:105] Opened result file: ./profiles/standalone_attn_decode__1_2048_1_32768_128_agent_info.csv
[m[0;33mW20250807 00:08:21.925821 139877411182336 tool.cpp:1902] rocprofv3_error_signal_handler caught signal 11...
[m# ---- Run standalone_attn_decode__1_2048_1_32768_nan ----
INFO 08-07 00:08:27 [__init__.py:244] Automatically detected platform rocm.
[0;31mE20250807 00:08:45.883525 140524969420544 output_stream.cpp:105] Opened result file: ./profiles/standalone_attn_decode__1_2048_1_32768_nan_kernel_trace.csv
[m[0;31mE20250807 00:08:45.891924 140524969420544 output_stream.cpp:105] Opened result file: ./profiles/standalone_attn_decode__1_2048_1_32768_nan_agent_info.csv
[m# ---- Run standalone_attn_decode__1_2048_1_65536_32 ----
INFO 08-07 00:09:02 [__init__.py:244] Automatically detected platform rocm.
[0;31mE20250807 00:09:19.076053 140400468457216 output_stream.cpp:105] Opened result file: ./profiles/standalone_attn_decode__1_2048_1_65536_32_kernel_trace.csv
[m[0;31mE20250807 00:09:19.083981 140400468457216 output_stream.cpp:105] Opened result file: ./profiles/standalone_attn_decode__1_2048_1_65536_32_agent_info.csv
[m[0;33mW20250807 00:09:28.099096 140400468457216 tool.cpp:1902] rocprofv3_error_signal_handler caught signal 11...
[m# ---- Run standalone_attn_decode__1_2048_1_65536_64 ----
INFO 08-07 00:09:33 [__init__.py:244] Automatically detected platform rocm.
[0;31mE20250807 00:09:49.006426 139642594879232 output_stream.cpp:105] Opened result file: ./profiles/standalone_attn_decode__1_2048_1_65536_64_kernel_trace.csv
[m[0;31mE20250807 00:09:49.012990 139642594879232 output_stream.cpp:105] Opened result file: ./profiles/standalone_attn_decode__1_2048_1_65536_64_agent_info.csv
[m[0;33mW20250807 00:09:57.525926 139642594879232 tool.cpp:1902] rocprofv3_error_signal_handler caught signal 11...
[m# ---- Run standalone_attn_decode__1_2048_1_65536_96 ----
INFO 08-07 00:10:03 [__init__.py:244] Automatically detected platform rocm.
[0;31mE20250807 00:10:18.136108 140332013319936 output_stream.cpp:105] Opened result file: ./profiles/standalone_attn_decode__1_2048_1_65536_96_kernel_trace.csv
[m[0;31mE20250807 00:10:18.143412 140332013319936 output_stream.cpp:105] Opened result file: ./profiles/standalone_attn_decode__1_2048_1_65536_96_agent_info.csv
[m[0;33mW20250807 00:10:27.197106 140332013319936 tool.cpp:1902] rocprofv3_error_signal_handler caught signal 11...
[m# ---- Run standalone_attn_decode__1_2048_1_65536_128 ----
INFO 08-07 00:10:32 [__init__.py:244] Automatically detected platform rocm.
[0;31mE20250807 00:10:49.256176 139704816830208 output_stream.cpp:105] Opened result file: ./profiles/standalone_attn_decode__1_2048_1_65536_128_kernel_trace.csv
[m[0;31mE20250807 00:10:49.263244 139704816830208 output_stream.cpp:105] Opened result file: ./profiles/standalone_attn_decode__1_2048_1_65536_128_agent_info.csv
[m[0;33mW20250807 00:10:58.399665 139704816830208 tool.cpp:1902] rocprofv3_error_signal_handler caught signal 11...
[m# ---- Run standalone_attn_decode__1_2048_1_65536_nan ----
INFO 08-07 00:11:04 [__init__.py:244] Automatically detected platform rocm.
[0;31mE20250807 00:11:20.703253 140169690416896 output_stream.cpp:105] Opened result file: ./profiles/standalone_attn_decode__1_2048_1_65536_nan_kernel_trace.csv
[m[0;31mE20250807 00:11:20.711132 140169690416896 output_stream.cpp:105] Opened result file: ./profiles/standalone_attn_decode__1_2048_1_65536_nan_agent_info.csv
[m# ---- Run standalone_attn_decode__1_2048_1_131072_32 ----
INFO 08-07 00:11:36 [__init__.py:244] Automatically detected platform rocm.
[0;31mE20250807 00:11:53.253021 140306204579584 output_stream.cpp:105] Opened result file: ./profiles/standalone_attn_decode__1_2048_1_131072_32_kernel_trace.csv
[m[0;31mE20250807 00:11:53.260234 140306204579584 output_stream.cpp:105] Opened result file: ./profiles/standalone_attn_decode__1_2048_1_131072_32_agent_info.csv
[m[0;33mW20250807 00:12:02.034925 140306204579584 tool.cpp:1902] rocprofv3_error_signal_handler caught signal 11...
[m# ---- Run standalone_attn_decode__1_2048_1_131072_64 ----
INFO 08-07 00:12:08 [__init__.py:244] Automatically detected platform rocm.
[0;31mE20250807 00:12:24.824413 140478662592256 output_stream.cpp:105] Opened result file: ./profiles/standalone_attn_decode__1_2048_1_131072_64_kernel_trace.csv
[m[0;31mE20250807 00:12:24.831243 140478662592256 output_stream.cpp:105] Opened result file: ./profiles/standalone_attn_decode__1_2048_1_131072_64_agent_info.csv
[m[0;33mW20250807 00:12:33.834341 140478662592256 tool.cpp:1902] rocprofv3_error_signal_handler caught signal 11...
[m# ---- Run standalone_attn_decode__1_2048_1_131072_96 ----
INFO 08-07 00:12:39 [__init__.py:244] Automatically detected platform rocm.
[0;31mE20250807 00:12:55.589293 140680056387328 output_stream.cpp:105] Opened result file: ./profiles/standalone_attn_decode__1_2048_1_131072_96_kernel_trace.csv
[m[0;31mE20250807 00:12:55.595526 140680056387328 output_stream.cpp:105] Opened result file: ./profiles/standalone_attn_decode__1_2048_1_131072_96_agent_info.csv
[m[0;33mW20250807 00:13:04.533180 140680056387328 tool.cpp:1902] rocprofv3_error_signal_handler caught signal 11...
[m# ---- Run standalone_attn_decode__1_2048_1_131072_128 ----
INFO 08-07 00:13:10 [__init__.py:244] Automatically detected platform rocm.
[0;31mE20250807 00:13:27.439800 140542279538432 output_stream.cpp:105] Opened result file: ./profiles/standalone_attn_decode__1_2048_1_131072_128_kernel_trace.csv
[m[0;31mE20250807 00:13:27.447791 140542279538432 output_stream.cpp:105] Opened result file: ./profiles/standalone_attn_decode__1_2048_1_131072_128_agent_info.csv
[m[0;33mW20250807 00:13:36.592695 140542279538432 tool.cpp:1902] rocprofv3_error_signal_handler caught signal 11...
[m# ---- Run standalone_attn_decode__1_2048_1_131072_nan ----
INFO 08-07 00:13:43 [__init__.py:244] Automatically detected platform rocm.
[0;31mE20250807 00:14:01.071213 139916426950400 output_stream.cpp:105] Opened result file: ./profiles/standalone_attn_decode__1_2048_1_131072_nan_kernel_trace.csv
[m[0;31mE20250807 00:14:01.078984 139916426950400 output_stream.cpp:105] Opened result file: ./profiles/standalone_attn_decode__1_2048_1_131072_nan_agent_info.csv
[m# ---- Run standalone_attn_decode__1_2048_8_8192_32 ----
INFO 08-07 00:14:17 [__init__.py:244] Automatically detected platform rocm.
[0;31mE20250807 00:14:33.725883 139805313586944 output_stream.cpp:105] Opened result file: ./profiles/standalone_attn_decode__1_2048_8_8192_32_kernel_trace.csv
[m[0;31mE20250807 00:14:33.733096 139805313586944 output_stream.cpp:105] Opened result file: ./profiles/standalone_attn_decode__1_2048_8_8192_32_agent_info.csv
[m[0;33mW20250807 00:14:42.755769 139805313586944 tool.cpp:1902] rocprofv3_error_signal_handler caught signal 11...
[m# ---- Run standalone_attn_decode__1_2048_8_8192_64 ----
INFO 08-07 00:14:48 [__init__.py:244] Automatically detected platform rocm.
[0;31mE20250807 00:15:03.957096 139925957773056 output_stream.cpp:105] Opened result file: ./profiles/standalone_attn_decode__1_2048_8_8192_64_kernel_trace.csv
[m[0;31mE20250807 00:15:03.963559 139925957773056 output_stream.cpp:105] Opened result file: ./profiles/standalone_attn_decode__1_2048_8_8192_64_agent_info.csv
[m[0;33mW20250807 00:15:13.256599 139925957773056 tool.cpp:1902] rocprofv3_error_signal_handler caught signal 11...
[m# ---- Run standalone_attn_decode__1_2048_8_8192_96 ----
INFO 08-07 00:15:18 [__init__.py:244] Automatically detected platform rocm.
[0;31mE20250807 00:15:35.618997 139738388436736 output_stream.cpp:105] Opened result file: ./profiles/standalone_attn_decode__1_2048_8_8192_96_kernel_trace.csv
[m[0;31mE20250807 00:15:35.626712 139738388436736 output_stream.cpp:105] Opened result file: ./profiles/standalone_attn_decode__1_2048_8_8192_96_agent_info.csv
[m[0;33mW20250807 00:15:45.221505 139738388436736 tool.cpp:1902] rocprofv3_error_signal_handler caught signal 11...
[m# ---- Run standalone_attn_decode__1_2048_8_8192_128 ----
INFO 08-07 00:15:51 [__init__.py:244] Automatically detected platform rocm.
[0;31mE20250807 00:16:07.959500 140709403612928 output_stream.cpp:105] Opened result file: ./profiles/standalone_attn_decode__1_2048_8_8192_128_kernel_trace.csv
[m[0;31mE20250807 00:16:07.966377 140709403612928 output_stream.cpp:105] Opened result file: ./profiles/standalone_attn_decode__1_2048_8_8192_128_agent_info.csv
[m[0;33mW20250807 00:16:16.803375 140709403612928 tool.cpp:1902] rocprofv3_error_signal_handler caught signal 11...
[m# ---- Run standalone_attn_decode__1_2048_8_8192_nan ----
INFO 08-07 00:16:22 [__init__.py:244] Automatically detected platform rocm.
[0;31mE20250807 00:16:39.245387 139745308522240 output_stream.cpp:105] Opened result file: ./profiles/standalone_attn_decode__1_2048_8_8192_nan_kernel_trace.csv
[m[0;31mE20250807 00:16:39.252653 139745308522240 output_stream.cpp:105] Opened result file: ./profiles/standalone_attn_decode__1_2048_8_8192_nan_agent_info.csv
[m# ---- Run standalone_attn_decode__1_2048_8_16384_32 ----
INFO 08-07 00:16:54 [__init__.py:244] Automatically detected platform rocm.
[0;31mE20250807 00:17:11.079717 140140239038208 output_stream.cpp:105] Opened result file: ./profiles/standalone_attn_decode__1_2048_8_16384_32_kernel_trace.csv
[m[0;31mE20250807 00:17:11.086415 140140239038208 output_stream.cpp:105] Opened result file: ./profiles/standalone_attn_decode__1_2048_8_16384_32_agent_info.csv
[m[0;33mW20250807 00:17:20.615674 140140239038208 tool.cpp:1902] rocprofv3_error_signal_handler caught signal 11...
[m# ---- Run standalone_attn_decode__1_2048_8_16384_64 ----
INFO 08-07 00:17:27 [__init__.py:244] Automatically detected platform rocm.
[0;31mE20250807 00:17:44.664022 140650116257536 output_stream.cpp:105] Opened result file: ./profiles/standalone_attn_decode__1_2048_8_16384_64_kernel_trace.csv
[m[0;31mE20250807 00:17:44.671350 140650116257536 output_stream.cpp:105] Opened result file: ./profiles/standalone_attn_decode__1_2048_8_16384_64_agent_info.csv
[m[0;33mW20250807 00:17:53.471431 140650116257536 tool.cpp:1902] rocprofv3_error_signal_handler caught signal 11...
[m# ---- Run standalone_attn_decode__1_2048_8_16384_96 ----
INFO 08-07 00:18:00 [__init__.py:244] Automatically detected platform rocm.
[0;31mE20250807 00:18:17.121717 140268381951744 output_stream.cpp:105] Opened result file: ./profiles/standalone_attn_decode__1_2048_8_16384_96_kernel_trace.csv
[m[0;31mE20250807 00:18:17.128991 140268381951744 output_stream.cpp:105] Opened result file: ./profiles/standalone_attn_decode__1_2048_8_16384_96_agent_info.csv
[m[0;33mW20250807 00:18:26.034657 140268381951744 tool.cpp:1902] rocprofv3_error_signal_handler caught signal 11...
[m# ---- Run standalone_attn_decode__1_2048_8_16384_128 ----
INFO 08-07 00:18:31 [__init__.py:244] Automatically detected platform rocm.
[0;31mE20250807 00:18:47.398903 140156452792064 output_stream.cpp:105] Opened result file: ./profiles/standalone_attn_decode__1_2048_8_16384_128_kernel_trace.csv
[m[0;31mE20250807 00:18:47.405304 140156452792064 output_stream.cpp:105] Opened result file: ./profiles/standalone_attn_decode__1_2048_8_16384_128_agent_info.csv
[m[0;33mW20250807 00:18:56.345374 140156452792064 tool.cpp:1902] rocprofv3_error_signal_handler caught signal 11...
[m# ---- Run standalone_attn_decode__1_2048_8_16384_nan ----
INFO 08-07 00:19:02 [__init__.py:244] Automatically detected platform rocm.
[0;31mE20250807 00:19:18.817195 140198257100544 output_stream.cpp:105] Opened result file: ./profiles/standalone_attn_decode__1_2048_8_16384_nan_kernel_trace.csv
[m[0;31mE20250807 00:19:18.824849 140198257100544 output_stream.cpp:105] Opened result file: ./profiles/standalone_attn_decode__1_2048_8_16384_nan_agent_info.csv
[m# ---- Run standalone_attn_decode__1_2048_8_32768_32 ----
INFO 08-07 00:19:33 [__init__.py:244] Automatically detected platform rocm.
[0;31mE20250807 00:19:50.227866 140420846401280 output_stream.cpp:105] Opened result file: ./profiles/standalone_attn_decode__1_2048_8_32768_32_kernel_trace.csv
[m[0;31mE20250807 00:19:50.235694 140420846401280 output_stream.cpp:105] Opened result file: ./profiles/standalone_attn_decode__1_2048_8_32768_32_agent_info.csv
[m[0;33mW20250807 00:19:59.309496 140420846401280 tool.cpp:1902] rocprofv3_error_signal_handler caught signal 11...
[m# ---- Run standalone_attn_decode__1_2048_8_32768_64 ----
INFO 08-07 00:20:05 [__init__.py:244] Automatically detected platform rocm.
[0;31mE20250807 00:20:20.312089 139647675967232 output_stream.cpp:105] Opened result file: ./profiles/standalone_attn_decode__1_2048_8_32768_64_kernel_trace.csv
[m[0;31mE20250807 00:20:20.319113 139647675967232 output_stream.cpp:105] Opened result file: ./profiles/standalone_attn_decode__1_2048_8_32768_64_agent_info.csv
[m[0;33mW20250807 00:20:29.156022 139647675967232 tool.cpp:1902] rocprofv3_error_signal_handler caught signal 11...
[m# ---- Run standalone_attn_decode__1_2048_8_32768_96 ----
INFO 08-07 00:20:34 [__init__.py:244] Automatically detected platform rocm.
[0;31mE20250807 00:20:50.110707 140670819866368 output_stream.cpp:105] Opened result file: ./profiles/standalone_attn_decode__1_2048_8_32768_96_kernel_trace.csv
[m[0;31mE20250807 00:20:50.117978 140670819866368 output_stream.cpp:105] Opened result file: ./profiles/standalone_attn_decode__1_2048_8_32768_96_agent_info.csv
[m[0;33mW20250807 00:20:59.034947 140670819866368 tool.cpp:1902] rocprofv3_error_signal_handler caught signal 11...
[m# ---- Run standalone_attn_decode__1_2048_8_32768_128 ----
INFO 08-07 00:21:04 [__init__.py:244] Automatically detected platform rocm.
[0;31mE20250807 00:21:19.328020 139878803023616 output_stream.cpp:105] Opened result file: ./profiles/standalone_attn_decode__1_2048_8_32768_128_kernel_trace.csv
[m[0;31mE20250807 00:21:19.334756 139878803023616 output_stream.cpp:105] Opened result file: ./profiles/standalone_attn_decode__1_2048_8_32768_128_agent_info.csv
[m[0;33mW20250807 00:21:27.981172 139878803023616 tool.cpp:1902] rocprofv3_error_signal_handler caught signal 11...
[m# ---- Run standalone_attn_decode__1_2048_8_32768_nan ----
INFO 08-07 00:21:33 [__init__.py:244] Automatically detected platform rocm.
[0;31mE20250807 00:21:48.581584 140611600307968 output_stream.cpp:105] Opened result file: ./profiles/standalone_attn_decode__1_2048_8_32768_nan_kernel_trace.csv
[m[0;31mE20250807 00:21:48.588355 140611600307968 output_stream.cpp:105] Opened result file: ./profiles/standalone_attn_decode__1_2048_8_32768_nan_agent_info.csv
[m# ---- Run standalone_attn_decode__1_2048_8_65536_32 ----
INFO 08-07 00:22:03 [__init__.py:244] Automatically detected platform rocm.
[0;31mE20250807 00:22:18.180131 140280212457216 output_stream.cpp:105] Opened result file: ./profiles/standalone_attn_decode__1_2048_8_65536_32_kernel_trace.csv
[m[0;31mE20250807 00:22:18.187005 140280212457216 output_stream.cpp:105] Opened result file: ./profiles/standalone_attn_decode__1_2048_8_65536_32_agent_info.csv
[m[0;33mW20250807 00:22:26.873126 140280212457216 tool.cpp:1902] rocprofv3_error_signal_handler caught signal 11...
[m# ---- Run standalone_attn_decode__1_2048_8_65536_64 ----
INFO 08-07 00:22:32 [__init__.py:244] Automatically detected platform rocm.
[0;31mE20250807 00:22:49.469380 139727526168320 output_stream.cpp:105] Opened result file: ./profiles/standalone_attn_decode__1_2048_8_65536_64_kernel_trace.csv
[m[0;31mE20250807 00:22:49.477408 139727526168320 output_stream.cpp:105] Opened result file: ./profiles/standalone_attn_decode__1_2048_8_65536_64_agent_info.csv
[m[0;33mW20250807 00:22:58.141180 139727526168320 tool.cpp:1902] rocprofv3_error_signal_handler caught signal 11...
[m# ---- Run standalone_attn_decode__1_2048_8_65536_96 ----
INFO 08-07 00:23:04 [__init__.py:244] Automatically detected platform rocm.
[0;31mE20250807 00:23:21.984319 140473849075456 output_stream.cpp:105] Opened result file: ./profiles/standalone_attn_decode__1_2048_8_65536_96_kernel_trace.csv
[m[0;31mE20250807 00:23:21.991703 140473849075456 output_stream.cpp:105] Opened result file: ./profiles/standalone_attn_decode__1_2048_8_65536_96_agent_info.csv
[m[0;33mW20250807 00:23:31.230658 140473849075456 tool.cpp:1902] rocprofv3_error_signal_handler caught signal 11...
[m# ---- Run standalone_attn_decode__1_2048_8_65536_128 ----
INFO 08-07 00:23:37 [__init__.py:244] Automatically detected platform rocm.
[0;31mE20250807 00:23:52.968035 140634857826048 output_stream.cpp:105] Opened result file: ./profiles/standalone_attn_decode__1_2048_8_65536_128_kernel_trace.csv
[m[0;31mE20250807 00:23:52.975188 140634857826048 output_stream.cpp:105] Opened result file: ./profiles/standalone_attn_decode__1_2048_8_65536_128_agent_info.csv
[m[0;33mW20250807 00:24:02.511768 140634857826048 tool.cpp:1902] rocprofv3_error_signal_handler caught signal 11...
[m# ---- Run standalone_attn_decode__1_2048_8_65536_nan ----
INFO 08-07 00:24:09 [__init__.py:244] Automatically detected platform rocm.
[0;31mE20250807 00:24:25.836376 140646149277440 output_stream.cpp:105] Opened result file: ./profiles/standalone_attn_decode__1_2048_8_65536_nan_kernel_trace.csv
[m[0;31mE20250807 00:24:25.844156 140646149277440 output_stream.cpp:105] Opened result file: ./profiles/standalone_attn_decode__1_2048_8_65536_nan_agent_info.csv
[m# ---- Run standalone_attn_decode__1_2048_8_131072_32 ----
INFO 08-07 00:24:40 [__init__.py:244] Automatically detected platform rocm.
[0;31mE20250807 00:24:57.748166 140255482242816 output_stream.cpp:105] Opened result file: ./profiles/standalone_attn_decode__1_2048_8_131072_32_kernel_trace.csv
[m[0;31mE20250807 00:24:57.754827 140255482242816 output_stream.cpp:105] Opened result file: ./profiles/standalone_attn_decode__1_2048_8_131072_32_agent_info.csv
[m[0;33mW20250807 00:25:06.519979 140255482242816 tool.cpp:1902] rocprofv3_error_signal_handler caught signal 11...
[m# ---- Run standalone_attn_decode__1_2048_8_131072_64 ----
INFO 08-07 00:25:14 [__init__.py:244] Automatically detected platform rocm.
[0;31mE20250807 00:25:31.687068 140485397784320 output_stream.cpp:105] Opened result file: ./profiles/standalone_attn_decode__1_2048_8_131072_64_kernel_trace.csv
[m[0;31mE20250807 00:25:31.694543 140485397784320 output_stream.cpp:105] Opened result file: ./profiles/standalone_attn_decode__1_2048_8_131072_64_agent_info.csv
[m[0;33mW20250807 00:25:41.433355 140485397784320 tool.cpp:1902] rocprofv3_error_signal_handler caught signal 11...
[m# ---- Run standalone_attn_decode__1_2048_8_131072_96 ----
INFO 08-07 00:25:48 [__init__.py:244] Automatically detected platform rocm.
[0;31mE20250807 00:26:05.695640 140059509004032 output_stream.cpp:105] Opened result file: ./profiles/standalone_attn_decode__1_2048_8_131072_96_kernel_trace.csv
[m[0;31mE20250807 00:26:05.702595 140059509004032 output_stream.cpp:105] Opened result file: ./profiles/standalone_attn_decode__1_2048_8_131072_96_agent_info.csv
[m[0;33mW20250807 00:26:14.590246 140059509004032 tool.cpp:1902] rocprofv3_error_signal_handler caught signal 11...
[m# ---- Run standalone_attn_decode__1_2048_8_131072_128 ----
INFO 08-07 00:26:20 [__init__.py:244] Automatically detected platform rocm.
[0;31mE20250807 00:26:34.951059 140151413323520 output_stream.cpp:105] Opened result file: ./profiles/standalone_attn_decode__1_2048_8_131072_128_kernel_trace.csv
[m[0;31mE20250807 00:26:34.958217 140151413323520 output_stream.cpp:105] Opened result file: ./profiles/standalone_attn_decode__1_2048_8_131072_128_agent_info.csv
[m[0;33mW20250807 00:26:43.770500 140151413323520 tool.cpp:1902] rocprofv3_error_signal_handler caught signal 11...
[m# ---- Run standalone_attn_decode__1_2048_8_131072_nan ----
INFO 08-07 00:26:49 [__init__.py:244] Automatically detected platform rocm.
[0;31mE20250807 00:27:03.705640 140347307243264 output_stream.cpp:105] Opened result file: ./profiles/standalone_attn_decode__1_2048_8_131072_nan_kernel_trace.csv
[m[0;31mE20250807 00:27:03.712069 140347307243264 output_stream.cpp:105] Opened result file: ./profiles/standalone_attn_decode__1_2048_8_131072_nan_agent_info.csv
[m# ---- Run standalone_attn_decode__1_2048_16_8192_32 ----
INFO 08-07 00:27:17 [__init__.py:244] Automatically detected platform rocm.
[0;31mE20250807 00:27:31.005562 140373812852480 output_stream.cpp:105] Opened result file: ./profiles/standalone_attn_decode__1_2048_16_8192_32_kernel_trace.csv
[m[0;31mE20250807 00:27:31.012081 140373812852480 output_stream.cpp:105] Opened result file: ./profiles/standalone_attn_decode__1_2048_16_8192_32_agent_info.csv
[m[0;33mW20250807 00:27:39.745819 140373812852480 tool.cpp:1902] rocprofv3_error_signal_handler caught signal 11...
[m# ---- Run standalone_attn_decode__1_2048_16_8192_64 ----
INFO 08-07 00:27:45 [__init__.py:244] Automatically detected platform rocm.
[0;31mE20250807 00:27:58.690525 139637216839424 output_stream.cpp:105] Opened result file: ./profiles/standalone_attn_decode__1_2048_16_8192_64_kernel_trace.csv
[m[0;31mE20250807 00:27:58.696855 139637216839424 output_stream.cpp:105] Opened result file: ./profiles/standalone_attn_decode__1_2048_16_8192_64_agent_info.csv
[m[0;33mW20250807 00:28:07.579081 139637216839424 tool.cpp:1902] rocprofv3_error_signal_handler caught signal 11...
[m# ---- Run standalone_attn_decode__1_2048_16_8192_96 ----
INFO 08-07 00:28:12 [__init__.py:244] Automatically detected platform rocm.
[0;31mE20250807 00:28:26.594464 140687156188928 output_stream.cpp:105] Opened result file: ./profiles/standalone_attn_decode__1_2048_16_8192_96_kernel_trace.csv
[m[0;31mE20250807 00:28:26.601615 140687156188928 output_stream.cpp:105] Opened result file: ./profiles/standalone_attn_decode__1_2048_16_8192_96_agent_info.csv
[m[0;33mW20250807 00:28:35.042685 140687156188928 tool.cpp:1902] rocprofv3_error_signal_handler caught signal 11...
[m# ---- Run standalone_attn_decode__1_2048_16_8192_128 ----
INFO 08-07 00:28:40 [__init__.py:244] Automatically detected platform rocm.
[0;31mE20250807 00:28:54.660941 139700592428800 output_stream.cpp:105] Opened result file: ./profiles/standalone_attn_decode__1_2048_16_8192_128_kernel_trace.csv
[m[0;31mE20250807 00:28:54.667868 139700592428800 output_stream.cpp:105] Opened result file: ./profiles/standalone_attn_decode__1_2048_16_8192_128_agent_info.csv
[m[0;33mW20250807 00:29:03.543490 139700592428800 tool.cpp:1902] rocprofv3_error_signal_handler caught signal 11...
[m# ---- Run standalone_attn_decode__1_2048_16_8192_nan ----
INFO 08-07 00:29:09 [__init__.py:244] Automatically detected platform rocm.
[0;31mE20250807 00:29:22.763313 140256440686336 output_stream.cpp:105] Opened result file: ./profiles/standalone_attn_decode__1_2048_16_8192_nan_kernel_trace.csv
[m[0;31mE20250807 00:29:22.770437 140256440686336 output_stream.cpp:105] Opened result file: ./profiles/standalone_attn_decode__1_2048_16_8192_nan_agent_info.csv
[m# ---- Run standalone_attn_decode__1_2048_16_16384_32 ----
INFO 08-07 00:29:36 [__init__.py:244] Automatically detected platform rocm.
[0;31mE20250807 00:29:50.719128 140108442228480 output_stream.cpp:105] Opened result file: ./profiles/standalone_attn_decode__1_2048_16_16384_32_kernel_trace.csv
[m[0;31mE20250807 00:29:50.725455 140108442228480 output_stream.cpp:105] Opened result file: ./profiles/standalone_attn_decode__1_2048_16_16384_32_agent_info.csv
[m[0;33mW20250807 00:29:59.385779 140108442228480 tool.cpp:1902] rocprofv3_error_signal_handler caught signal 11...
[m# ---- Run standalone_attn_decode__1_2048_16_16384_64 ----
INFO 08-07 00:30:04 [__init__.py:244] Automatically detected platform rocm.
[0;31mE20250807 00:30:18.420880 140299650062080 output_stream.cpp:105] Opened result file: ./profiles/standalone_attn_decode__1_2048_16_16384_64_kernel_trace.csv
[m[0;31mE20250807 00:30:18.428081 140299650062080 output_stream.cpp:105] Opened result file: ./profiles/standalone_attn_decode__1_2048_16_16384_64_agent_info.csv
[m[0;33mW20250807 00:30:27.004633 140299650062080 tool.cpp:1902] rocprofv3_error_signal_handler caught signal 11...
[m# ---- Run standalone_attn_decode__1_2048_16_16384_96 ----
INFO 08-07 00:30:32 [__init__.py:244] Automatically detected platform rocm.
[0;31mE20250807 00:30:45.851991 140390863652608 output_stream.cpp:105] Opened result file: ./profiles/standalone_attn_decode__1_2048_16_16384_96_kernel_trace.csv
[m[0;31mE20250807 00:30:45.858827 140390863652608 output_stream.cpp:105] Opened result file: ./profiles/standalone_attn_decode__1_2048_16_16384_96_agent_info.csv
[m[0;33mW20250807 00:30:54.695410 140390863652608 tool.cpp:1902] rocprofv3_error_signal_handler caught signal 11...
[m# ---- Run standalone_attn_decode__1_2048_16_16384_128 ----
INFO 08-07 00:31:00 [__init__.py:244] Automatically detected platform rocm.
[0;31mE20250807 00:31:14.229271 140475847608064 output_stream.cpp:105] Opened result file: ./profiles/standalone_attn_decode__1_2048_16_16384_128_kernel_trace.csv
[m[0;31mE20250807 00:31:14.235929 140475847608064 output_stream.cpp:105] Opened result file: ./profiles/standalone_attn_decode__1_2048_16_16384_128_agent_info.csv
[m[0;33mW20250807 00:31:23.165872 140475847608064 tool.cpp:1902] rocprofv3_error_signal_handler caught signal 11...
[m# ---- Run standalone_attn_decode__1_2048_16_16384_nan ----
INFO 08-07 00:31:28 [__init__.py:244] Automatically detected platform rocm.
[0;31mE20250807 00:31:42.362055 140562374182656 output_stream.cpp:105] Opened result file: ./profiles/standalone_attn_decode__1_2048_16_16384_nan_kernel_trace.csv
[m[0;31mE20250807 00:31:42.368766 140562374182656 output_stream.cpp:105] Opened result file: ./profiles/standalone_attn_decode__1_2048_16_16384_nan_agent_info.csv
[m# ---- Run standalone_attn_decode__1_2048_16_32768_32 ----
INFO 08-07 00:31:56 [__init__.py:244] Automatically detected platform rocm.
[0;31mE20250807 00:32:10.865774 139887247353600 output_stream.cpp:105] Opened result file: ./profiles/standalone_attn_decode__1_2048_16_32768_32_kernel_trace.csv
[m[0;31mE20250807 00:32:10.872113 139887247353600 output_stream.cpp:105] Opened result file: ./profiles/standalone_attn_decode__1_2048_16_32768_32_agent_info.csv
[m[0;33mW20250807 00:32:19.730421 139887247353600 tool.cpp:1902] rocprofv3_error_signal_handler caught signal 11...
[m# ---- Run standalone_attn_decode__1_2048_16_32768_64 ----
INFO 08-07 00:32:25 [__init__.py:244] Automatically detected platform rocm.
[0;31mE20250807 00:32:38.716667 140486571235072 output_stream.cpp:105] Opened result file: ./profiles/standalone_attn_decode__1_2048_16_32768_64_kernel_trace.csv
[m[0;31mE20250807 00:32:38.723365 140486571235072 output_stream.cpp:105] Opened result file: ./profiles/standalone_attn_decode__1_2048_16_32768_64_agent_info.csv
[m[0;33mW20250807 00:32:47.427291 140486571235072 tool.cpp:1902] rocprofv3_error_signal_handler caught signal 11...
[m# ---- Run standalone_attn_decode__1_2048_16_32768_96 ----
INFO 08-07 00:32:52 [__init__.py:244] Automatically detected platform rocm.
[0;31mE20250807 00:33:06.432137 139687702763264 output_stream.cpp:105] Opened result file: ./profiles/standalone_attn_decode__1_2048_16_32768_96_kernel_trace.csv
[m[0;31mE20250807 00:33:06.438659 139687702763264 output_stream.cpp:105] Opened result file: ./profiles/standalone_attn_decode__1_2048_16_32768_96_agent_info.csv
[m[0;33mW20250807 00:33:15.186714 139687702763264 tool.cpp:1902] rocprofv3_error_signal_handler caught signal 11...
[m# ---- Run standalone_attn_decode__1_2048_16_32768_128 ----
INFO 08-07 00:33:20 [__init__.py:244] Automatically detected platform rocm.
[0;31mE20250807 00:33:34.165209 140525133346560 output_stream.cpp:105] Opened result file: ./profiles/standalone_attn_decode__1_2048_16_32768_128_kernel_trace.csv
[m[0;31mE20250807 00:33:34.172349 140525133346560 output_stream.cpp:105] Opened result file: ./profiles/standalone_attn_decode__1_2048_16_32768_128_agent_info.csv
[m[0;33mW20250807 00:33:42.849416 140525133346560 tool.cpp:1902] rocprofv3_error_signal_handler caught signal 11...
[m# ---- Run standalone_attn_decode__1_2048_16_32768_nan ----
INFO 08-07 00:33:48 [__init__.py:244] Automatically detected platform rocm.
[0;31mE20250807 00:34:01.771962 140265035269888 output_stream.cpp:105] Opened result file: ./profiles/standalone_attn_decode__1_2048_16_32768_nan_kernel_trace.csv
[m[0;31mE20250807 00:34:01.778025 140265035269888 output_stream.cpp:105] Opened result file: ./profiles/standalone_attn_decode__1_2048_16_32768_nan_agent_info.csv
[m# ---- Run standalone_attn_decode__1_2048_16_65536_32 ----
INFO 08-07 00:34:15 [__init__.py:244] Automatically detected platform rocm.
[0;31mE20250807 00:34:29.164830 140207820044032 output_stream.cpp:105] Opened result file: ./profiles/standalone_attn_decode__1_2048_16_65536_32_kernel_trace.csv
[m[0;31mE20250807 00:34:29.171571 140207820044032 output_stream.cpp:105] Opened result file: ./profiles/standalone_attn_decode__1_2048_16_65536_32_agent_info.csv
[m[0;33mW20250807 00:34:37.898709 140207820044032 tool.cpp:1902] rocprofv3_error_signal_handler caught signal 11...
[m# ---- Run standalone_attn_decode__1_2048_16_65536_64 ----
INFO 08-07 00:34:43 [__init__.py:244] Automatically detected platform rocm.
[0;31mE20250807 00:34:57.087694 140151390840576 output_stream.cpp:105] Opened result file: ./profiles/standalone_attn_decode__1_2048_16_65536_64_kernel_trace.csv
[m[0;31mE20250807 00:34:57.094466 140151390840576 output_stream.cpp:105] Opened result file: ./profiles/standalone_attn_decode__1_2048_16_65536_64_agent_info.csv
[m[0;33mW20250807 00:35:05.670533 140151390840576 tool.cpp:1902] rocprofv3_error_signal_handler caught signal 11...
[m# ---- Run standalone_attn_decode__1_2048_16_65536_96 ----
INFO 08-07 00:35:11 [__init__.py:244] Automatically detected platform rocm.
[0;31mE20250807 00:35:26.337785 140712429393664 output_stream.cpp:105] Opened result file: ./profiles/standalone_attn_decode__1_2048_16_65536_96_kernel_trace.csv
[m[0;31mE20250807 00:35:26.346121 140712429393664 output_stream.cpp:105] Opened result file: ./profiles/standalone_attn_decode__1_2048_16_65536_96_agent_info.csv
[m[0;33mW20250807 00:35:35.574056 140712429393664 tool.cpp:1902] rocprofv3_error_signal_handler caught signal 11...
[m# ---- Run standalone_attn_decode__1_2048_16_65536_128 ----
INFO 08-07 00:35:42 [__init__.py:244] Automatically detected platform rocm.
[0;31mE20250807 00:35:58.858556 140229863163648 output_stream.cpp:105] Opened result file: ./profiles/standalone_attn_decode__1_2048_16_65536_128_kernel_trace.csv
[m[0;31mE20250807 00:35:58.866914 140229863163648 output_stream.cpp:105] Opened result file: ./profiles/standalone_attn_decode__1_2048_16_65536_128_agent_info.csv
[m[0;33mW20250807 00:36:08.267169 140229863163648 tool.cpp:1902] rocprofv3_error_signal_handler caught signal 11...
[m# ---- Run standalone_attn_decode__1_2048_16_65536_nan ----
INFO 08-07 00:36:15 [__init__.py:244] Automatically detected platform rocm.
[0;31mE20250807 00:36:31.583402 139720544241408 output_stream.cpp:105] Opened result file: ./profiles/standalone_attn_decode__1_2048_16_65536_nan_kernel_trace.csv
[m[0;31mE20250807 00:36:31.591915 139720544241408 output_stream.cpp:105] Opened result file: ./profiles/standalone_attn_decode__1_2048_16_65536_nan_agent_info.csv
[m# ---- Run standalone_attn_decode__1_2048_16_131072_32 ----
INFO 08-07 00:36:48 [__init__.py:244] Automatically detected platform rocm.
[0;31mE20250807 00:37:04.791389 139817944643328 output_stream.cpp:105] Opened result file: ./profiles/standalone_attn_decode__1_2048_16_131072_32_kernel_trace.csv
[m[0;31mE20250807 00:37:04.798696 139817944643328 output_stream.cpp:105] Opened result file: ./profiles/standalone_attn_decode__1_2048_16_131072_32_agent_info.csv
[m[0;33mW20250807 00:37:13.725961 139817944643328 tool.cpp:1902] rocprofv3_error_signal_handler caught signal 11...
[m# ---- Run standalone_attn_decode__1_2048_16_131072_64 ----
INFO 08-07 00:37:20 [__init__.py:244] Automatically detected platform rocm.
[0;31mE20250807 00:37:36.644216 140622089598720 output_stream.cpp:105] Opened result file: ./profiles/standalone_attn_decode__1_2048_16_131072_64_kernel_trace.csv
[m[0;31mE20250807 00:37:36.651315 140622089598720 output_stream.cpp:105] Opened result file: ./profiles/standalone_attn_decode__1_2048_16_131072_64_agent_info.csv
[m[0;33mW20250807 00:37:46.216031 140622089598720 tool.cpp:1902] rocprofv3_error_signal_handler caught signal 11...
[m# ---- Run standalone_attn_decode__1_2048_16_131072_96 ----
INFO 08-07 00:37:53 [__init__.py:244] Automatically detected platform rocm.
[0;31mE20250807 00:38:09.758578 140375626331904 output_stream.cpp:105] Opened result file: ./profiles/standalone_attn_decode__1_2048_16_131072_96_kernel_trace.csv
[m[0;31mE20250807 00:38:09.765403 140375626331904 output_stream.cpp:105] Opened result file: ./profiles/standalone_attn_decode__1_2048_16_131072_96_agent_info.csv
[m[0;33mW20250807 00:38:18.497935 140375626331904 tool.cpp:1902] rocprofv3_error_signal_handler caught signal 11...
[m# ---- Run standalone_attn_decode__1_2048_16_131072_128 ----
INFO 08-07 00:38:25 [__init__.py:244] Automatically detected platform rocm.
[0;31mE20250807 00:38:41.527676 140566558349056 output_stream.cpp:105] Opened result file: ./profiles/standalone_attn_decode__1_2048_16_131072_128_kernel_trace.csv
[m[0;31mE20250807 00:38:41.534334 140566558349056 output_stream.cpp:105] Opened result file: ./profiles/standalone_attn_decode__1_2048_16_131072_128_agent_info.csv
[m[0;33mW20250807 00:38:50.765844 140566558349056 tool.cpp:1902] rocprofv3_error_signal_handler caught signal 11...
[m# ---- Run standalone_attn_decode__1_2048_16_131072_nan ----
INFO 08-07 00:38:57 [__init__.py:244] Automatically detected platform rocm.
[0;31mE20250807 00:39:13.140782 140344658257664 output_stream.cpp:105] Opened result file: ./profiles/standalone_attn_decode__1_2048_16_131072_nan_kernel_trace.csv
[m[0;31mE20250807 00:39:13.147567 140344658257664 output_stream.cpp:105] Opened result file: ./profiles/standalone_attn_decode__1_2048_16_131072_nan_agent_info.csv
[m# ---- Run standalone_attn_decode__1_2048_32_8192_32 ----
INFO 08-07 00:39:28 [__init__.py:244] Automatically detected platform rocm.
[0;31mE20250807 00:39:43.935043 140454240909056 output_stream.cpp:105] Opened result file: ./profiles/standalone_attn_decode__1_2048_32_8192_32_kernel_trace.csv
[m[0;31mE20250807 00:39:43.943531 140454240909056 output_stream.cpp:105] Opened result file: ./profiles/standalone_attn_decode__1_2048_32_8192_32_agent_info.csv
[m[0;33mW20250807 00:39:52.521541 140454240909056 tool.cpp:1902] rocprofv3_error_signal_handler caught signal 11...
[m# ---- Run standalone_attn_decode__1_2048_32_8192_64 ----
INFO 08-07 00:39:59 [__init__.py:244] Automatically detected platform rocm.
[0;31mE20250807 00:40:14.426299 140160165390080 output_stream.cpp:105] Opened result file: ./profiles/standalone_attn_decode__1_2048_32_8192_64_kernel_trace.csv
[m[0;31mE20250807 00:40:14.433957 140160165390080 output_stream.cpp:105] Opened result file: ./profiles/standalone_attn_decode__1_2048_32_8192_64_agent_info.csv
[m[0;33mW20250807 00:40:24.160092 140160165390080 tool.cpp:1902] rocprofv3_error_signal_handler caught signal 11...
[m# ---- Run standalone_attn_decode__1_2048_32_8192_96 ----
INFO 08-07 00:40:30 [__init__.py:244] Automatically detected platform rocm.
[0;31mE20250807 00:40:45.819504 140035809556224 output_stream.cpp:105] Opened result file: ./profiles/standalone_attn_decode__1_2048_32_8192_96_kernel_trace.csv
[m[0;31mE20250807 00:40:45.828115 140035809556224 output_stream.cpp:105] Opened result file: ./profiles/standalone_attn_decode__1_2048_32_8192_96_agent_info.csv
[m[0;33mW20250807 00:40:55.270352 140035809556224 tool.cpp:1902] rocprofv3_error_signal_handler caught signal 11...
[m# ---- Run standalone_attn_decode__1_2048_32_8192_128 ----
INFO 08-07 00:41:02 [__init__.py:244] Automatically detected platform rocm.
[0;31mE20250807 00:41:17.618020 139885584058112 output_stream.cpp:105] Opened result file: ./profiles/standalone_attn_decode__1_2048_32_8192_128_kernel_trace.csv
[m[0;31mE20250807 00:41:17.625325 139885584058112 output_stream.cpp:105] Opened result file: ./profiles/standalone_attn_decode__1_2048_32_8192_128_agent_info.csv
[m[0;33mW20250807 00:41:26.459279 139885584058112 tool.cpp:1902] rocprofv3_error_signal_handler caught signal 11...
[m# ---- Run standalone_attn_decode__1_2048_32_8192_nan ----
INFO 08-07 00:41:33 [__init__.py:244] Automatically detected platform rocm.
[0;31mE20250807 00:41:49.116026 140715777451776 output_stream.cpp:105] Opened result file: ./profiles/standalone_attn_decode__1_2048_32_8192_nan_kernel_trace.csv
[m[0;31mE20250807 00:41:49.122512 140715777451776 output_stream.cpp:105] Opened result file: ./profiles/standalone_attn_decode__1_2048_32_8192_nan_agent_info.csv
[m# ---- Run standalone_attn_decode__1_2048_32_16384_32 ----
INFO 08-07 00:42:04 [__init__.py:244] Automatically detected platform rocm.
[0;31mE20250807 00:42:20.582642 139940984583936 output_stream.cpp:105] Opened result file: ./profiles/standalone_attn_decode__1_2048_32_16384_32_kernel_trace.csv
[m[0;31mE20250807 00:42:20.589834 139940984583936 output_stream.cpp:105] Opened result file: ./profiles/standalone_attn_decode__1_2048_32_16384_32_agent_info.csv
[m[0;33mW20250807 00:42:29.601524 139940984583936 tool.cpp:1902] rocprofv3_error_signal_handler caught signal 11...
[m# ---- Run standalone_attn_decode__1_2048_32_16384_64 ----
INFO 08-07 00:42:36 [__init__.py:244] Automatically detected platform rocm.
[0;31mE20250807 00:42:53.213533 139810950838016 output_stream.cpp:105] Opened result file: ./profiles/standalone_attn_decode__1_2048_32_16384_64_kernel_trace.csv
[m[0;31mE20250807 00:42:53.220346 139810950838016 output_stream.cpp:105] Opened result file: ./profiles/standalone_attn_decode__1_2048_32_16384_64_agent_info.csv
[m[0;33mW20250807 00:43:02.285606 139810950838016 tool.cpp:1902] rocprofv3_error_signal_handler caught signal 11...
[m# ---- Run standalone_attn_decode__1_2048_32_16384_96 ----
INFO 08-07 00:43:07 [__init__.py:244] Automatically detected platform rocm.
[0;31mE20250807 00:43:21.733304 140645928355584 output_stream.cpp:105] Opened result file: ./profiles/standalone_attn_decode__1_2048_32_16384_96_kernel_trace.csv
[m[0;31mE20250807 00:43:21.740199 140645928355584 output_stream.cpp:105] Opened result file: ./profiles/standalone_attn_decode__1_2048_32_16384_96_agent_info.csv
[m[0;33mW20250807 00:43:30.863965 140645928355584 tool.cpp:1902] rocprofv3_error_signal_handler caught signal 11...
[m# ---- Run standalone_attn_decode__1_2048_32_16384_128 ----
INFO 08-07 00:43:35 [__init__.py:244] Automatically detected platform rocm.
[0;31mE20250807 00:43:49.826757 139804412442368 output_stream.cpp:105] Opened result file: ./profiles/standalone_attn_decode__1_2048_32_16384_128_kernel_trace.csv
[m[0;31mE20250807 00:43:49.833093 139804412442368 output_stream.cpp:105] Opened result file: ./profiles/standalone_attn_decode__1_2048_32_16384_128_agent_info.csv
[m[0;33mW20250807 00:43:58.844435 139804412442368 tool.cpp:1902] rocprofv3_error_signal_handler caught signal 11...
[m# ---- Run standalone_attn_decode__1_2048_32_16384_nan ----
INFO 08-07 00:44:04 [__init__.py:244] Automatically detected platform rocm.
[0;31mE20250807 00:44:18.821354 140080272525056 output_stream.cpp:105] Opened result file: ./profiles/standalone_attn_decode__1_2048_32_16384_nan_kernel_trace.csv
[m[0;31mE20250807 00:44:18.827822 140080272525056 output_stream.cpp:105] Opened result file: ./profiles/standalone_attn_decode__1_2048_32_16384_nan_agent_info.csv
[m# ---- Run standalone_attn_decode__1_2048_32_32768_32 ----
INFO 08-07 00:44:32 [__init__.py:244] Automatically detected platform rocm.
[0;31mE20250807 00:44:48.780493 140714491922176 output_stream.cpp:105] Opened result file: ./profiles/standalone_attn_decode__1_2048_32_32768_32_kernel_trace.csv
[m[0;31mE20250807 00:44:48.788316 140714491922176 output_stream.cpp:105] Opened result file: ./profiles/standalone_attn_decode__1_2048_32_32768_32_agent_info.csv
[m[0;33mW20250807 00:44:58.064196 140714491922176 tool.cpp:1902] rocprofv3_error_signal_handler caught signal 11...
[m# ---- Run standalone_attn_decode__1_2048_32_32768_64 ----
INFO 08-07 00:45:03 [__init__.py:244] Automatically detected platform rocm.
[0;31mE20250807 00:45:18.930447 139855570704128 output_stream.cpp:105] Opened result file: ./profiles/standalone_attn_decode__1_2048_32_32768_64_kernel_trace.csv
[m[0;31mE20250807 00:45:18.937447 139855570704128 output_stream.cpp:105] Opened result file: ./profiles/standalone_attn_decode__1_2048_32_32768_64_agent_info.csv
[m[0;33mW20250807 00:45:28.461680 139855570704128 tool.cpp:1902] rocprofv3_error_signal_handler caught signal 11...
[m# ---- Run standalone_attn_decode__1_2048_32_32768_96 ----
INFO 08-07 00:45:36 [__init__.py:244] Automatically detected platform rocm.
[0;31mE20250807 00:45:52.794180 139880765691648 output_stream.cpp:105] Opened result file: ./profiles/standalone_attn_decode__1_2048_32_32768_96_kernel_trace.csv
[m[0;31mE20250807 00:45:52.801121 139880765691648 output_stream.cpp:105] Opened result file: ./profiles/standalone_attn_decode__1_2048_32_32768_96_agent_info.csv
[m[0;33mW20250807 00:46:02.000175 139880765691648 tool.cpp:1902] rocprofv3_error_signal_handler caught signal 11...
[m# ---- Run standalone_attn_decode__1_2048_32_32768_128 ----
INFO 08-07 00:46:09 [__init__.py:244] Automatically detected platform rocm.
[0;31mE20250807 00:46:25.715180 140388640012032 output_stream.cpp:105] Opened result file: ./profiles/standalone_attn_decode__1_2048_32_32768_128_kernel_trace.csv
[m[0;31mE20250807 00:46:25.722918 140388640012032 output_stream.cpp:105] Opened result file: ./profiles/standalone_attn_decode__1_2048_32_32768_128_agent_info.csv
[m[0;33mW20250807 00:46:34.913693 140388640012032 tool.cpp:1902] rocprofv3_error_signal_handler caught signal 11...
[m# ---- Run standalone_attn_decode__1_2048_32_32768_nan ----
INFO 08-07 00:46:40 [__init__.py:244] Automatically detected platform rocm.
[0;31mE20250807 00:46:56.388738 139749985969920 output_stream.cpp:105] Opened result file: ./profiles/standalone_attn_decode__1_2048_32_32768_nan_kernel_trace.csv
[m[0;31mE20250807 00:46:56.395604 139749985969920 output_stream.cpp:105] Opened result file: ./profiles/standalone_attn_decode__1_2048_32_32768_nan_agent_info.csv
[m# ---- Run standalone_attn_decode__1_2048_32_65536_32 ----
INFO 08-07 00:47:11 [__init__.py:244] Automatically detected platform rocm.
[0;31mE20250807 00:47:26.972885 139735835789056 output_stream.cpp:105] Opened result file: ./profiles/standalone_attn_decode__1_2048_32_65536_32_kernel_trace.csv
[m[0;31mE20250807 00:47:26.979978 139735835789056 output_stream.cpp:105] Opened result file: ./profiles/standalone_attn_decode__1_2048_32_65536_32_agent_info.csv
[m[0;33mW20250807 00:47:36.161302 139735835789056 tool.cpp:1902] rocprofv3_error_signal_handler caught signal 11...
[m# ---- Run standalone_attn_decode__1_2048_32_65536_64 ----
INFO 08-07 00:47:43 [__init__.py:244] Automatically detected platform rocm.
[0;31mE20250807 00:47:59.511678 140484312299264 output_stream.cpp:105] Opened result file: ./profiles/standalone_attn_decode__1_2048_32_65536_64_kernel_trace.csv
[m[0;31mE20250807 00:47:59.517943 140484312299264 output_stream.cpp:105] Opened result file: ./profiles/standalone_attn_decode__1_2048_32_65536_64_agent_info.csv
[m[0;33mW20250807 00:48:07.956791 140484312299264 tool.cpp:1902] rocprofv3_error_signal_handler caught signal 11...
[m# ---- Run standalone_attn_decode__1_2048_32_65536_96 ----
INFO 08-07 00:48:15 [__init__.py:244] Automatically detected platform rocm.
[0;31mE20250807 00:48:31.748953 139838694872832 output_stream.cpp:105] Opened result file: ./profiles/standalone_attn_decode__1_2048_32_65536_96_kernel_trace.csv
[m[0;31mE20250807 00:48:31.755840 139838694872832 output_stream.cpp:105] Opened result file: ./profiles/standalone_attn_decode__1_2048_32_65536_96_agent_info.csv
[m[0;33mW20250807 00:48:40.475997 139838694872832 tool.cpp:1902] rocprofv3_error_signal_handler caught signal 11...
[m# ---- Run standalone_attn_decode__1_2048_32_65536_128 ----
INFO 08-07 00:48:45 [__init__.py:244] Automatically detected platform rocm.
[0;31mE20250807 00:49:00.017735 139898577061632 output_stream.cpp:105] Opened result file: ./profiles/standalone_attn_decode__1_2048_32_65536_128_kernel_trace.csv
[m[0;31mE20250807 00:49:00.024109 139898577061632 output_stream.cpp:105] Opened result file: ./profiles/standalone_attn_decode__1_2048_32_65536_128_agent_info.csv
[m[0;33mW20250807 00:49:08.941808 139898577061632 tool.cpp:1902] rocprofv3_error_signal_handler caught signal 11...
[m# ---- Run standalone_attn_decode__1_2048_32_65536_nan ----
INFO 08-07 00:49:14 [__init__.py:244] Automatically detected platform rocm.
[0;31mE20250807 00:49:28.164788 140347834861312 output_stream.cpp:105] Opened result file: ./profiles/standalone_attn_decode__1_2048_32_65536_nan_kernel_trace.csv
[m[0;31mE20250807 00:49:28.171027 140347834861312 output_stream.cpp:105] Opened result file: ./profiles/standalone_attn_decode__1_2048_32_65536_nan_agent_info.csv
[m# ---- Run standalone_attn_decode__1_2048_32_131072_32 ----
INFO 08-07 00:49:42 [__init__.py:244] Automatically detected platform rocm.
[0;31mE20250807 00:49:56.878550 139993502537472 output_stream.cpp:105] Opened result file: ./profiles/standalone_attn_decode__1_2048_32_131072_32_kernel_trace.csv
[m[0;31mE20250807 00:49:56.886346 139993502537472 output_stream.cpp:105] Opened result file: ./profiles/standalone_attn_decode__1_2048_32_131072_32_agent_info.csv
[m[0;33mW20250807 00:50:05.318671 139993502537472 tool.cpp:1902] rocprofv3_error_signal_handler caught signal 11...
[m# ---- Run standalone_attn_decode__1_2048_32_131072_64 ----
INFO 08-07 00:50:10 [__init__.py:244] Automatically detected platform rocm.
[0;31mE20250807 00:50:24.859092 139954795132672 output_stream.cpp:105] Opened result file: ./profiles/standalone_attn_decode__1_2048_32_131072_64_kernel_trace.csv
[m[0;31mE20250807 00:50:24.865807 139954795132672 output_stream.cpp:105] Opened result file: ./profiles/standalone_attn_decode__1_2048_32_131072_64_agent_info.csv
[m[0;33mW20250807 00:50:33.268457 139954795132672 tool.cpp:1902] rocprofv3_error_signal_handler caught signal 11...
[m# ---- Run standalone_attn_decode__1_2048_32_131072_96 ----
INFO 08-07 00:50:38 [__init__.py:244] Automatically detected platform rocm.
[0;31mE20250807 00:50:53.740162 139928027367168 output_stream.cpp:105] Opened result file: ./profiles/standalone_attn_decode__1_2048_32_131072_96_kernel_trace.csv
[m[0;31mE20250807 00:50:53.747510 139928027367168 output_stream.cpp:105] Opened result file: ./profiles/standalone_attn_decode__1_2048_32_131072_96_agent_info.csv
[m[0;33mW20250807 00:51:03.077065 139928027367168 tool.cpp:1902] rocprofv3_error_signal_handler caught signal 11...
[m# ---- Run standalone_attn_decode__1_2048_32_131072_128 ----
INFO 08-07 00:51:09 [__init__.py:244] Automatically detected platform rocm.
[0;31mE20250807 00:51:24.640694 140119059318528 output_stream.cpp:105] Opened result file: ./profiles/standalone_attn_decode__1_2048_32_131072_128_kernel_trace.csv
[m[0;31mE20250807 00:51:24.648018 140119059318528 output_stream.cpp:105] Opened result file: ./profiles/standalone_attn_decode__1_2048_32_131072_128_agent_info.csv
[m[0;33mW20250807 00:51:33.696985 140119059318528 tool.cpp:1902] rocprofv3_error_signal_handler caught signal 11...
[m# ---- Run standalone_attn_decode__1_2048_32_131072_nan ----
INFO 08-07 00:51:40 [__init__.py:244] Automatically detected platform rocm.
[0;31mE20250807 00:51:56.944919 139857900816128 output_stream.cpp:105] Opened result file: ./profiles/standalone_attn_decode__1_2048_32_131072_nan_kernel_trace.csv
[m[0;31mE20250807 00:51:56.951937 139857900816128 output_stream.cpp:105] Opened result file: ./profiles/standalone_attn_decode__1_2048_32_131072_nan_agent_info.csv
[m# ---- Run standalone_attn_decode_2d_1_2048_1_256_32 ----
[0;31mE20250807 04:07:31.874971 139837520140032 output_stream.cpp:105] Opened result file: ./profiles/standalone_attn_decode_2d_1_2048_1_256_32_kernel_trace.csv
[m[0;31mE20250807 04:07:31.882490 139837520140032 output_stream.cpp:105] Opened result file: ./profiles/standalone_attn_decode_2d_1_2048_1_256_32_agent_info.csv
[m[0;33mW20250807 04:07:34.928181 139837520140032 tool.cpp:1902] rocprofv3_error_signal_handler caught signal 11...
[m# ---- Run standalone_attn_decode_3d_1_2048_1_256_32 ----
[0;31mE20250807 04:08:02.588413 140232924997376 output_stream.cpp:105] Opened result file: ./profiles/standalone_attn_decode_3d_1_2048_1_256_32_kernel_trace.csv
[m[0;31mE20250807 04:08:02.595990 140232924997376 output_stream.cpp:105] Opened result file: ./profiles/standalone_attn_decode_3d_1_2048_1_256_32_agent_info.csv
[m[0;33mW20250807 04:08:05.767935 140232924997376 tool.cpp:1902] rocprofv3_error_signal_handler caught signal 11...
[m# ---- Run standalone_attn_decode_2d_1_2048_1_256_nan ----
[0;31mE20250807 04:08:28.973149 140245313361664 output_stream.cpp:105] Opened result file: ./profiles/standalone_attn_decode_2d_1_2048_1_256_nan_kernel_trace.csv
[m[0;31mE20250807 04:08:28.980971 140245313361664 output_stream.cpp:105] Opened result file: ./profiles/standalone_attn_decode_2d_1_2048_1_256_nan_agent_info.csv
[m# ---- Run standalone_attn_decode_3d_1_2048_1_256_nan ----
[0;31mE20250807 04:09:00.602991 139883890075392 output_stream.cpp:105] Opened result file: ./profiles/standalone_attn_decode_3d_1_2048_1_256_nan_kernel_trace.csv
[m[0;31mE20250807 04:09:00.610750 139883890075392 output_stream.cpp:105] Opened result file: ./profiles/standalone_attn_decode_3d_1_2048_1_256_nan_agent_info.csv
[m# ---- Run standalone_attn_decode_2d_1_2048_1_512_32 ----
[0;31mE20250807 04:09:27.106559 140694161483520 output_stream.cpp:105] Opened result file: ./profiles/standalone_attn_decode_2d_1_2048_1_512_32_kernel_trace.csv
[m[0;31mE20250807 04:09:27.114155 140694161483520 output_stream.cpp:105] Opened result file: ./profiles/standalone_attn_decode_2d_1_2048_1_512_32_agent_info.csv
[m[0;33mW20250807 04:09:30.305335 140694161483520 tool.cpp:1902] rocprofv3_error_signal_handler caught signal 11...
[m# ---- Run standalone_attn_decode_3d_1_2048_1_512_32 ----
[0;31mE20250807 04:09:58.220161 140412390381312 output_stream.cpp:105] Opened result file: ./profiles/standalone_attn_decode_3d_1_2048_1_512_32_kernel_trace.csv
[m[0;31mE20250807 04:09:58.229577 140412390381312 output_stream.cpp:105] Opened result file: ./profiles/standalone_attn_decode_3d_1_2048_1_512_32_agent_info.csv
[m[0;33mW20250807 04:10:01.306874 140412390381312 tool.cpp:1902] rocprofv3_error_signal_handler caught signal 11...
[m# ---- Run standalone_attn_decode_2d_1_2048_1_512_nan ----
[0;31mE20250807 04:10:22.714624 139857914840832 output_stream.cpp:105] Opened result file: ./profiles/standalone_attn_decode_2d_1_2048_1_512_nan_kernel_trace.csv
[m[0;31mE20250807 04:10:22.722366 139857914840832 output_stream.cpp:105] Opened result file: ./profiles/standalone_attn_decode_2d_1_2048_1_512_nan_agent_info.csv
[m# ---- Run standalone_attn_decode_3d_1_2048_1_512_nan ----
[0;31mE20250807 04:10:49.676760 140381752256256 output_stream.cpp:105] Opened result file: ./profiles/standalone_attn_decode_3d_1_2048_1_512_nan_kernel_trace.csv
[m[0;31mE20250807 04:10:49.683657 140381752256256 output_stream.cpp:105] Opened result file: ./profiles/standalone_attn_decode_3d_1_2048_1_512_nan_agent_info.csv
[m# ---- Run standalone_attn_decode_2d_1_2048_1_1024_32 ----
[0;31mE20250807 04:11:09.515723 139670628665088 output_stream.cpp:105] Opened result file: ./profiles/standalone_attn_decode_2d_1_2048_1_1024_32_kernel_trace.csv
[m[0;31mE20250807 04:11:09.522383 139670628665088 output_stream.cpp:105] Opened result file: ./profiles/standalone_attn_decode_2d_1_2048_1_1024_32_agent_info.csv
[m[0;33mW20250807 04:11:12.376235 139670628665088 tool.cpp:1902] rocprofv3_error_signal_handler caught signal 11...
[m# ---- Run standalone_attn_decode_3d_1_2048_1_1024_32 ----
[0;31mE20250807 04:11:30.779641 140344806995712 output_stream.cpp:105] Opened result file: ./profiles/standalone_attn_decode_3d_1_2048_1_1024_32_kernel_trace.csv
[m[0;31mE20250807 04:11:30.786411 140344806995712 output_stream.cpp:105] Opened result file: ./profiles/standalone_attn_decode_3d_1_2048_1_1024_32_agent_info.csv
[m[0;33mW20250807 04:11:33.651085 140344806995712 tool.cpp:1902] rocprofv3_error_signal_handler caught signal 11...
[m# ---- Run standalone_attn_decode_2d_1_2048_1_1024_nan ----
[0;31mE20250807 04:11:51.865749 140038040483584 output_stream.cpp:105] Opened result file: ./profiles/standalone_attn_decode_2d_1_2048_1_1024_nan_kernel_trace.csv
[m[0;31mE20250807 04:11:51.872671 140038040483584 output_stream.cpp:105] Opened result file: ./profiles/standalone_attn_decode_2d_1_2048_1_1024_nan_agent_info.csv
[m# ---- Run standalone_attn_decode_3d_1_2048_1_1024_nan ----
[0;31mE20250807 04:12:13.870380 140071418414848 output_stream.cpp:105] Opened result file: ./profiles/standalone_attn_decode_3d_1_2048_1_1024_nan_kernel_trace.csv
[m[0;31mE20250807 04:12:13.877211 140071418414848 output_stream.cpp:105] Opened result file: ./profiles/standalone_attn_decode_3d_1_2048_1_1024_nan_agent_info.csv
[m# ---- Run standalone_attn_decode_2d_1_2048_1_2048_32 ----
[0;31mE20250807 04:12:34.258423 139915232044800 output_stream.cpp:105] Opened result file: ./profiles/standalone_attn_decode_2d_1_2048_1_2048_32_kernel_trace.csv
[m[0;31mE20250807 04:12:34.265165 139915232044800 output_stream.cpp:105] Opened result file: ./profiles/standalone_attn_decode_2d_1_2048_1_2048_32_agent_info.csv
[m[0;33mW20250807 04:12:37.040797 139915232044800 tool.cpp:1902] rocprofv3_error_signal_handler caught signal 11...
[m# ---- Run standalone_attn_decode_3d_1_2048_1_2048_32 ----
[0;31mE20250807 04:12:56.837299 140336417539840 output_stream.cpp:105] Opened result file: ./profiles/standalone_attn_decode_3d_1_2048_1_2048_32_kernel_trace.csv
[m[0;31mE20250807 04:12:56.844133 140336417539840 output_stream.cpp:105] Opened result file: ./profiles/standalone_attn_decode_3d_1_2048_1_2048_32_agent_info.csv
[m[0;33mW20250807 04:12:59.803206 140336417539840 tool.cpp:1902] rocprofv3_error_signal_handler caught signal 11...
[m# ---- Run standalone_attn_decode_2d_1_2048_1_2048_nan ----
[0;31mE20250807 04:13:17.231672 139920716482304 output_stream.cpp:105] Opened result file: ./profiles/standalone_attn_decode_2d_1_2048_1_2048_nan_kernel_trace.csv
[m[0;31mE20250807 04:13:17.238564 139920716482304 output_stream.cpp:105] Opened result file: ./profiles/standalone_attn_decode_2d_1_2048_1_2048_nan_agent_info.csv
[m# ---- Run standalone_attn_decode_3d_1_2048_1_2048_nan ----
[0;31mE20250807 04:13:39.280886 139841286956800 output_stream.cpp:105] Opened result file: ./profiles/standalone_attn_decode_3d_1_2048_1_2048_nan_kernel_trace.csv
[m[0;31mE20250807 04:13:39.288534 139841286956800 output_stream.cpp:105] Opened result file: ./profiles/standalone_attn_decode_3d_1_2048_1_2048_nan_agent_info.csv
[m# ---- Run standalone_attn_decode_2d_1_2048_1_4096_32 ----
[0;31mE20250807 04:14:00.069627 140567627253504 output_stream.cpp:105] Opened result file: ./profiles/standalone_attn_decode_2d_1_2048_1_4096_32_kernel_trace.csv
[m[0;31mE20250807 04:14:00.076425 140567627253504 output_stream.cpp:105] Opened result file: ./profiles/standalone_attn_decode_2d_1_2048_1_4096_32_agent_info.csv
[m[0;33mW20250807 04:14:02.875276 140567627253504 tool.cpp:1902] rocprofv3_error_signal_handler caught signal 11...
[m# ---- Run standalone_attn_decode_3d_1_2048_1_4096_32 ----
[0;31mE20250807 04:14:20.730836 140316268750592 output_stream.cpp:105] Opened result file: ./profiles/standalone_attn_decode_3d_1_2048_1_4096_32_kernel_trace.csv
[m[0;31mE20250807 04:14:20.738208 140316268750592 output_stream.cpp:105] Opened result file: ./profiles/standalone_attn_decode_3d_1_2048_1_4096_32_agent_info.csv
[m[0;33mW20250807 04:14:24.097901 140316268750592 tool.cpp:1902] rocprofv3_error_signal_handler caught signal 11...
[m# ---- Run standalone_attn_decode_2d_1_2048_1_4096_nan ----
[0;31mE20250807 04:14:39.626696 140372375062272 output_stream.cpp:105] Opened result file: ./profiles/standalone_attn_decode_2d_1_2048_1_4096_nan_kernel_trace.csv
[m[0;31mE20250807 04:14:39.634160 140372375062272 output_stream.cpp:105] Opened result file: ./profiles/standalone_attn_decode_2d_1_2048_1_4096_nan_agent_info.csv
[m# ---- Run standalone_attn_decode_3d_1_2048_1_4096_nan ----
[0;31mE20250807 04:15:01.261984 140455173076736 output_stream.cpp:105] Opened result file: ./profiles/standalone_attn_decode_3d_1_2048_1_4096_nan_kernel_trace.csv
[m[0;31mE20250807 04:15:01.269569 140455173076736 output_stream.cpp:105] Opened result file: ./profiles/standalone_attn_decode_3d_1_2048_1_4096_nan_agent_info.csv
[m# ---- Run standalone_attn_decode_2d_1_2048_8_256_32 ----
[0;31mE20250807 04:15:23.719178 139756753094400 output_stream.cpp:105] Opened result file: ./profiles/standalone_attn_decode_2d_1_2048_8_256_32_kernel_trace.csv
[m[0;31mE20250807 04:15:23.726649 139756753094400 output_stream.cpp:105] Opened result file: ./profiles/standalone_attn_decode_2d_1_2048_8_256_32_agent_info.csv
[m[0;33mW20250807 04:15:26.892130 139756753094400 tool.cpp:1902] rocprofv3_error_signal_handler caught signal 11...
[m# ---- Run standalone_attn_decode_3d_1_2048_8_256_32 ----
[0;31mE20250807 04:15:48.594333 140128278796032 output_stream.cpp:105] Opened result file: ./profiles/standalone_attn_decode_3d_1_2048_8_256_32_kernel_trace.csv
[m[0;31mE20250807 04:15:48.602264 140128278796032 output_stream.cpp:105] Opened result file: ./profiles/standalone_attn_decode_3d_1_2048_8_256_32_agent_info.csv
[m[0;33mW20250807 04:15:51.785348 140128278796032 tool.cpp:1902] rocprofv3_error_signal_handler caught signal 11...
[m# ---- Run standalone_attn_decode_2d_1_2048_8_256_nan ----
[0;31mE20250807 04:16:10.635287 140556431816448 output_stream.cpp:105] Opened result file: ./profiles/standalone_attn_decode_2d_1_2048_8_256_nan_kernel_trace.csv
[m[0;31mE20250807 04:16:10.642770 140556431816448 output_stream.cpp:105] Opened result file: ./profiles/standalone_attn_decode_2d_1_2048_8_256_nan_agent_info.csv
[m# ---- Run standalone_attn_decode_3d_1_2048_8_256_nan ----
[0;31mE20250807 04:16:33.740707 140469304276736 output_stream.cpp:105] Opened result file: ./profiles/standalone_attn_decode_3d_1_2048_8_256_nan_kernel_trace.csv
[m[0;31mE20250807 04:16:33.748268 140469304276736 output_stream.cpp:105] Opened result file: ./profiles/standalone_attn_decode_3d_1_2048_8_256_nan_agent_info.csv
[m# ---- Run standalone_attn_decode_2d_1_2048_8_512_32 ----
[0;31mE20250807 04:16:57.294761 140297352787712 output_stream.cpp:105] Opened result file: ./profiles/standalone_attn_decode_2d_1_2048_8_512_32_kernel_trace.csv
[m[0;31mE20250807 04:16:57.302280 140297352787712 output_stream.cpp:105] Opened result file: ./profiles/standalone_attn_decode_2d_1_2048_8_512_32_agent_info.csv
[m[0;33mW20250807 04:17:00.383657 140297352787712 tool.cpp:1902] rocprofv3_error_signal_handler caught signal 11...
[m# ---- Run standalone_attn_decode_3d_1_2048_8_512_32 ----
[0;31mE20250807 04:17:20.650924 140042845476608 output_stream.cpp:105] Opened result file: ./profiles/standalone_attn_decode_3d_1_2048_8_512_32_kernel_trace.csv
[m[0;31mE20250807 04:17:20.658511 140042845476608 output_stream.cpp:105] Opened result file: ./profiles/standalone_attn_decode_3d_1_2048_8_512_32_agent_info.csv
[m[0;33mW20250807 04:17:23.739776 140042845476608 tool.cpp:1902] rocprofv3_error_signal_handler caught signal 11...
[m# ---- Run standalone_attn_decode_2d_1_2048_8_512_nan ----
[0;31mE20250807 04:17:42.957116 140320702486272 output_stream.cpp:105] Opened result file: ./profiles/standalone_attn_decode_2d_1_2048_8_512_nan_kernel_trace.csv
[m[0;31mE20250807 04:17:42.964968 140320702486272 output_stream.cpp:105] Opened result file: ./profiles/standalone_attn_decode_2d_1_2048_8_512_nan_agent_info.csv
[m# ---- Run standalone_attn_decode_3d_1_2048_8_512_nan ----
[0;31mE20250807 04:18:06.081994 139818697340672 output_stream.cpp:105] Opened result file: ./profiles/standalone_attn_decode_3d_1_2048_8_512_nan_kernel_trace.csv
[m[0;31mE20250807 04:18:06.089738 139818697340672 output_stream.cpp:105] Opened result file: ./profiles/standalone_attn_decode_3d_1_2048_8_512_nan_agent_info.csv
[m# ---- Run standalone_attn_decode_2d_1_2048_8_1024_32 ----
[0;31mE20250807 04:18:26.678199 140356773476096 output_stream.cpp:105] Opened result file: ./profiles/standalone_attn_decode_2d_1_2048_8_1024_32_kernel_trace.csv
[m[0;31mE20250807 04:18:26.685641 140356773476096 output_stream.cpp:105] Opened result file: ./profiles/standalone_attn_decode_2d_1_2048_8_1024_32_agent_info.csv
[m[0;33mW20250807 04:18:29.754338 140356773476096 tool.cpp:1902] rocprofv3_error_signal_handler caught signal 11...
[m# ---- Run standalone_attn_decode_3d_1_2048_8_1024_32 ----
[0;31mE20250807 04:18:49.574727 140314492905216 output_stream.cpp:105] Opened result file: ./profiles/standalone_attn_decode_3d_1_2048_8_1024_32_kernel_trace.csv
[m[0;31mE20250807 04:18:49.582220 140314492905216 output_stream.cpp:105] Opened result file: ./profiles/standalone_attn_decode_3d_1_2048_8_1024_32_agent_info.csv
[m[0;33mW20250807 04:18:52.611800 140314492905216 tool.cpp:1902] rocprofv3_error_signal_handler caught signal 11...
[m# ---- Run standalone_attn_decode_2d_1_2048_8_1024_nan ----
[0;31mE20250807 04:19:10.277338 139687092852480 output_stream.cpp:105] Opened result file: ./profiles/standalone_attn_decode_2d_1_2048_8_1024_nan_kernel_trace.csv
[m[0;31mE20250807 04:19:10.285030 139687092852480 output_stream.cpp:105] Opened result file: ./profiles/standalone_attn_decode_2d_1_2048_8_1024_nan_agent_info.csv
[m# ---- Run standalone_attn_decode_3d_1_2048_8_1024_nan ----
[0;31mE20250807 04:19:34.215963 140166064846592 output_stream.cpp:105] Opened result file: ./profiles/standalone_attn_decode_3d_1_2048_8_1024_nan_kernel_trace.csv
[m[0;31mE20250807 04:19:34.223752 140166064846592 output_stream.cpp:105] Opened result file: ./profiles/standalone_attn_decode_3d_1_2048_8_1024_nan_agent_info.csv
[m# ---- Run standalone_attn_decode_2d_1_2048_8_2048_32 ----
[0;31mE20250807 04:19:55.191870 140548621838080 output_stream.cpp:105] Opened result file: ./profiles/standalone_attn_decode_2d_1_2048_8_2048_32_kernel_trace.csv
[m[0;31mE20250807 04:19:55.198962 140548621838080 output_stream.cpp:105] Opened result file: ./profiles/standalone_attn_decode_2d_1_2048_8_2048_32_agent_info.csv
[m[0;33mW20250807 04:19:58.274499 140548621838080 tool.cpp:1902] rocprofv3_error_signal_handler caught signal 11...
[m# ---- Run standalone_attn_decode_3d_1_2048_8_2048_32 ----
[0;31mE20250807 04:20:14.469460 140466568210176 output_stream.cpp:105] Opened result file: ./profiles/standalone_attn_decode_3d_1_2048_8_2048_32_kernel_trace.csv
[m[0;31mE20250807 04:20:14.476716 140466568210176 output_stream.cpp:105] Opened result file: ./profiles/standalone_attn_decode_3d_1_2048_8_2048_32_agent_info.csv
[m[0;33mW20250807 04:20:17.677379 140466568210176 tool.cpp:1902] rocprofv3_error_signal_handler caught signal 11...
[m# ---- Run standalone_attn_decode_2d_1_2048_8_2048_nan ----
[0;31mE20250807 04:20:32.913136 140160094488320 output_stream.cpp:105] Opened result file: ./profiles/standalone_attn_decode_2d_1_2048_8_2048_nan_kernel_trace.csv
[m[0;31mE20250807 04:20:32.920179 140160094488320 output_stream.cpp:105] Opened result file: ./profiles/standalone_attn_decode_2d_1_2048_8_2048_nan_agent_info.csv
[m# ---- Run standalone_attn_decode_3d_1_2048_8_2048_nan ----
[0;31mE20250807 04:20:55.262927 140716695525120 output_stream.cpp:105] Opened result file: ./profiles/standalone_attn_decode_3d_1_2048_8_2048_nan_kernel_trace.csv
[m[0;31mE20250807 04:20:55.270587 140716695525120 output_stream.cpp:105] Opened result file: ./profiles/standalone_attn_decode_3d_1_2048_8_2048_nan_agent_info.csv
[m# ---- Run standalone_attn_decode_2d_1_2048_8_4096_32 ----
[0;31mE20250807 04:21:18.043126 139630274651904 output_stream.cpp:105] Opened result file: ./profiles/standalone_attn_decode_2d_1_2048_8_4096_32_kernel_trace.csv
[m[0;31mE20250807 04:21:18.051149 139630274651904 output_stream.cpp:105] Opened result file: ./profiles/standalone_attn_decode_2d_1_2048_8_4096_32_agent_info.csv
[m[0;33mW20250807 04:21:21.399181 139630274651904 tool.cpp:1902] rocprofv3_error_signal_handler caught signal 11...
[m# ---- Run standalone_attn_decode_3d_1_2048_8_4096_32 ----
[0;31mE20250807 04:21:43.822973 140608960182016 output_stream.cpp:105] Opened result file: ./profiles/standalone_attn_decode_3d_1_2048_8_4096_32_kernel_trace.csv
[m[0;31mE20250807 04:21:43.830605 140608960182016 output_stream.cpp:105] Opened result file: ./profiles/standalone_attn_decode_3d_1_2048_8_4096_32_agent_info.csv
[m[0;33mW20250807 04:21:46.892492 140608960182016 tool.cpp:1902] rocprofv3_error_signal_handler caught signal 11...
[m# ---- Run standalone_attn_decode_2d_1_2048_8_4096_nan ----
[0;31mE20250807 04:22:06.902626 140431982593792 output_stream.cpp:105] Opened result file: ./profiles/standalone_attn_decode_2d_1_2048_8_4096_nan_kernel_trace.csv
[m[0;31mE20250807 04:22:06.910257 140431982593792 output_stream.cpp:105] Opened result file: ./profiles/standalone_attn_decode_2d_1_2048_8_4096_nan_agent_info.csv
[m# ---- Run standalone_attn_decode_3d_1_2048_8_4096_nan ----
[0;31mE20250807 04:22:31.786243 140627692586752 output_stream.cpp:105] Opened result file: ./profiles/standalone_attn_decode_3d_1_2048_8_4096_nan_kernel_trace.csv
[m[0;31mE20250807 04:22:31.793815 140627692586752 output_stream.cpp:105] Opened result file: ./profiles/standalone_attn_decode_3d_1_2048_8_4096_nan_agent_info.csv
[m# ---- Run standalone_attn_decode_2d_1_2048_16_256_32 ----
[0;31mE20250807 04:22:55.350526 139840414934784 output_stream.cpp:105] Opened result file: ./profiles/standalone_attn_decode_2d_1_2048_16_256_32_kernel_trace.csv
[m[0;31mE20250807 04:22:55.358305 139840414934784 output_stream.cpp:105] Opened result file: ./profiles/standalone_attn_decode_2d_1_2048_16_256_32_agent_info.csv
[m[0;33mW20250807 04:22:58.555966 139840414934784 tool.cpp:1902] rocprofv3_error_signal_handler caught signal 11...
[m# ---- Run standalone_attn_decode_3d_1_2048_16_256_32 ----
[0;31mE20250807 04:23:20.551933 139700319622912 output_stream.cpp:105] Opened result file: ./profiles/standalone_attn_decode_3d_1_2048_16_256_32_kernel_trace.csv
[m[0;31mE20250807 04:23:20.560493 139700319622912 output_stream.cpp:105] Opened result file: ./profiles/standalone_attn_decode_3d_1_2048_16_256_32_agent_info.csv
[m[0;33mW20250807 04:23:23.770527 139700319622912 tool.cpp:1902] rocprofv3_error_signal_handler caught signal 11...
[m# ---- Run standalone_attn_decode_2d_1_2048_16_256_nan ----
[0;31mE20250807 04:23:43.347008 140641707054848 output_stream.cpp:105] Opened result file: ./profiles/standalone_attn_decode_2d_1_2048_16_256_nan_kernel_trace.csv
[m[0;31mE20250807 04:23:43.354961 140641707054848 output_stream.cpp:105] Opened result file: ./profiles/standalone_attn_decode_2d_1_2048_16_256_nan_agent_info.csv
[m# ---- Run standalone_attn_decode_3d_1_2048_16_256_nan ----
[0;31mE20250807 04:24:07.070931 140320335755008 output_stream.cpp:105] Opened result file: ./profiles/standalone_attn_decode_3d_1_2048_16_256_nan_kernel_trace.csv
[m[0;31mE20250807 04:24:07.078783 140320335755008 output_stream.cpp:105] Opened result file: ./profiles/standalone_attn_decode_3d_1_2048_16_256_nan_agent_info.csv
[m# ---- Run standalone_attn_decode_2d_1_2048_16_512_32 ----
[0;31mE20250807 04:24:28.705822 140266397546240 output_stream.cpp:105] Opened result file: ./profiles/standalone_attn_decode_2d_1_2048_16_512_32_kernel_trace.csv
[m[0;31mE20250807 04:24:28.713413 140266397546240 output_stream.cpp:105] Opened result file: ./profiles/standalone_attn_decode_2d_1_2048_16_512_32_agent_info.csv
[m[0;33mW20250807 04:24:32.009074 140266397546240 tool.cpp:1902] rocprofv3_error_signal_handler caught signal 11...
[m# ---- Run standalone_attn_decode_3d_1_2048_16_512_32 ----
[0;31mE20250807 04:24:52.833539 140146454202112 output_stream.cpp:105] Opened result file: ./profiles/standalone_attn_decode_3d_1_2048_16_512_32_kernel_trace.csv
[m[0;31mE20250807 04:24:52.841352 140146454202112 output_stream.cpp:105] Opened result file: ./profiles/standalone_attn_decode_3d_1_2048_16_512_32_agent_info.csv
[m[0;33mW20250807 04:24:55.913739 140146454202112 tool.cpp:1902] rocprofv3_error_signal_handler caught signal 11...
[m# ---- Run standalone_attn_decode_2d_1_2048_16_512_nan ----
[0;31mE20250807 04:25:14.607680 140502504642304 output_stream.cpp:105] Opened result file: ./profiles/standalone_attn_decode_2d_1_2048_16_512_nan_kernel_trace.csv
[m[0;31mE20250807 04:25:14.615530 140502504642304 output_stream.cpp:105] Opened result file: ./profiles/standalone_attn_decode_2d_1_2048_16_512_nan_agent_info.csv
[m# ---- Run standalone_attn_decode_3d_1_2048_16_512_nan ----
[0;31mE20250807 04:25:38.367508 140702902703872 output_stream.cpp:105] Opened result file: ./profiles/standalone_attn_decode_3d_1_2048_16_512_nan_kernel_trace.csv
[m[0;31mE20250807 04:25:38.375067 140702902703872 output_stream.cpp:105] Opened result file: ./profiles/standalone_attn_decode_3d_1_2048_16_512_nan_agent_info.csv
[m# ---- Run standalone_attn_decode_2d_1_2048_16_1024_32 ----
[0;31mE20250807 04:25:59.966679 140033771001600 output_stream.cpp:105] Opened result file: ./profiles/standalone_attn_decode_2d_1_2048_16_1024_32_kernel_trace.csv
[m[0;31mE20250807 04:25:59.974242 140033771001600 output_stream.cpp:105] Opened result file: ./profiles/standalone_attn_decode_2d_1_2048_16_1024_32_agent_info.csv
[m[0;33mW20250807 04:26:03.236262 140033771001600 tool.cpp:1902] rocprofv3_error_signal_handler caught signal 11...
[m# ---- Run standalone_attn_decode_3d_1_2048_16_1024_32 ----
[0;31mE20250807 04:26:23.880190 139793330730752 output_stream.cpp:105] Opened result file: ./profiles/standalone_attn_decode_3d_1_2048_16_1024_32_kernel_trace.csv
[m[0;31mE20250807 04:26:23.887777 139793330730752 output_stream.cpp:105] Opened result file: ./profiles/standalone_attn_decode_3d_1_2048_16_1024_32_agent_info.csv
[m[0;33mW20250807 04:26:26.935101 139793330730752 tool.cpp:1902] rocprofv3_error_signal_handler caught signal 11...
[m# ---- Run standalone_attn_decode_2d_1_2048_16_1024_nan ----
[0;31mE20250807 04:26:45.826789 140432694523648 output_stream.cpp:105] Opened result file: ./profiles/standalone_attn_decode_2d_1_2048_16_1024_nan_kernel_trace.csv
[m[0;31mE20250807 04:26:45.834627 140432694523648 output_stream.cpp:105] Opened result file: ./profiles/standalone_attn_decode_2d_1_2048_16_1024_nan_agent_info.csv
[m# ---- Run standalone_attn_decode_3d_1_2048_16_1024_nan ----
[0;31mE20250807 04:27:10.150033 140124901304064 output_stream.cpp:105] Opened result file: ./profiles/standalone_attn_decode_3d_1_2048_16_1024_nan_kernel_trace.csv
[m[0;31mE20250807 04:27:10.157968 140124901304064 output_stream.cpp:105] Opened result file: ./profiles/standalone_attn_decode_3d_1_2048_16_1024_nan_agent_info.csv
[m# ---- Run standalone_attn_decode_2d_1_2048_16_2048_32 ----
[0;31mE20250807 04:27:31.801155 140139795957504 output_stream.cpp:105] Opened result file: ./profiles/standalone_attn_decode_2d_1_2048_16_2048_32_kernel_trace.csv
[m[0;31mE20250807 04:27:31.808886 140139795957504 output_stream.cpp:105] Opened result file: ./profiles/standalone_attn_decode_2d_1_2048_16_2048_32_agent_info.csv
[m[0;33mW20250807 04:27:34.921602 140139795957504 tool.cpp:1902] rocprofv3_error_signal_handler caught signal 11...
[m# ---- Run standalone_attn_decode_3d_1_2048_16_2048_32 ----
[0;31mE20250807 04:27:53.296659 140440719947520 output_stream.cpp:105] Opened result file: ./profiles/standalone_attn_decode_3d_1_2048_16_2048_32_kernel_trace.csv
[m[0;31mE20250807 04:27:53.304309 140440719947520 output_stream.cpp:105] Opened result file: ./profiles/standalone_attn_decode_3d_1_2048_16_2048_32_agent_info.csv
[m[0;33mW20250807 04:27:56.381063 140440719947520 tool.cpp:1902] rocprofv3_error_signal_handler caught signal 11...
[m# ---- Run standalone_attn_decode_2d_1_2048_16_2048_nan ----
[0;31mE20250807 04:28:12.817642 140119472871168 output_stream.cpp:105] Opened result file: ./profiles/standalone_attn_decode_2d_1_2048_16_2048_nan_kernel_trace.csv
[m[0;31mE20250807 04:28:12.825669 140119472871168 output_stream.cpp:105] Opened result file: ./profiles/standalone_attn_decode_2d_1_2048_16_2048_nan_agent_info.csv
[m# ---- Run standalone_attn_decode_3d_1_2048_16_2048_nan ----
[0;31mE20250807 04:28:33.881412 139636081231616 output_stream.cpp:105] Opened result file: ./profiles/standalone_attn_decode_3d_1_2048_16_2048_nan_kernel_trace.csv
[m[0;31mE20250807 04:28:33.889208 139636081231616 output_stream.cpp:105] Opened result file: ./profiles/standalone_attn_decode_3d_1_2048_16_2048_nan_agent_info.csv
[m# ---- Run standalone_attn_decode_2d_1_2048_16_4096_32 ----
[0;31mE20250807 04:28:54.557383 139993255401216 output_stream.cpp:105] Opened result file: ./profiles/standalone_attn_decode_2d_1_2048_16_4096_32_kernel_trace.csv
[m[0;31mE20250807 04:28:54.565038 139993255401216 output_stream.cpp:105] Opened result file: ./profiles/standalone_attn_decode_2d_1_2048_16_4096_32_agent_info.csv
[m[0;33mW20250807 04:28:57.656638 139993255401216 tool.cpp:1902] rocprofv3_error_signal_handler caught signal 11...
[m# ---- Run standalone_attn_decode_3d_1_2048_16_4096_32 ----
[0;31mE20250807 04:29:15.183120 139804649674496 output_stream.cpp:105] Opened result file: ./profiles/standalone_attn_decode_3d_1_2048_16_4096_32_kernel_trace.csv
[m[0;31mE20250807 04:29:15.190909 139804649674496 output_stream.cpp:105] Opened result file: ./profiles/standalone_attn_decode_3d_1_2048_16_4096_32_agent_info.csv
[m[0;33mW20250807 04:29:18.228910 139804649674496 tool.cpp:1902] rocprofv3_error_signal_handler caught signal 11...
[m# ---- Run standalone_attn_decode_2d_1_2048_16_4096_nan ----
[0;31mE20250807 04:29:34.432788 140216561002240 output_stream.cpp:105] Opened result file: ./profiles/standalone_attn_decode_2d_1_2048_16_4096_nan_kernel_trace.csv
[m[0;31mE20250807 04:29:34.440618 140216561002240 output_stream.cpp:105] Opened result file: ./profiles/standalone_attn_decode_2d_1_2048_16_4096_nan_agent_info.csv
[m# ---- Run standalone_attn_decode_3d_1_2048_16_4096_nan ----
[0;31mE20250807 04:29:55.487112 139728674035456 output_stream.cpp:105] Opened result file: ./profiles/standalone_attn_decode_3d_1_2048_16_4096_nan_kernel_trace.csv
[m[0;31mE20250807 04:29:55.494870 139728674035456 output_stream.cpp:105] Opened result file: ./profiles/standalone_attn_decode_3d_1_2048_16_4096_nan_agent_info.csv
[m# ---- Run standalone_attn_decode_2d_1_2048_32_256_32 ----
[0;31mE20250807 04:30:14.967094 139666804745984 output_stream.cpp:105] Opened result file: ./profiles/standalone_attn_decode_2d_1_2048_32_256_32_kernel_trace.csv
[m[0;31mE20250807 04:30:14.974733 139666804745984 output_stream.cpp:105] Opened result file: ./profiles/standalone_attn_decode_2d_1_2048_32_256_32_agent_info.csv
[m[0;33mW20250807 04:30:18.030526 139666804745984 tool.cpp:1902] rocprofv3_error_signal_handler caught signal 11...
[m# ---- Run standalone_attn_decode_3d_1_2048_32_256_32 ----
[0;31mE20250807 04:30:35.445170 139759455762176 output_stream.cpp:105] Opened result file: ./profiles/standalone_attn_decode_3d_1_2048_32_256_32_kernel_trace.csv
[m[0;31mE20250807 04:30:35.452751 139759455762176 output_stream.cpp:105] Opened result file: ./profiles/standalone_attn_decode_3d_1_2048_32_256_32_agent_info.csv
[m[0;33mW20250807 04:30:38.875611 139759455762176 tool.cpp:1902] rocprofv3_error_signal_handler caught signal 11...
[m# ---- Run standalone_attn_decode_2d_1_2048_32_256_nan ----
[0;31mE20250807 04:30:54.802225 139964487718656 output_stream.cpp:105] Opened result file: ./profiles/standalone_attn_decode_2d_1_2048_32_256_nan_kernel_trace.csv
[m[0;31mE20250807 04:30:54.809648 139964487718656 output_stream.cpp:105] Opened result file: ./profiles/standalone_attn_decode_2d_1_2048_32_256_nan_agent_info.csv
[m# ---- Run standalone_attn_decode_3d_1_2048_32_256_nan ----
[0;31mE20250807 04:31:15.248637 139949738219264 output_stream.cpp:105] Opened result file: ./profiles/standalone_attn_decode_3d_1_2048_32_256_nan_kernel_trace.csv
[m[0;31mE20250807 04:31:15.256034 139949738219264 output_stream.cpp:105] Opened result file: ./profiles/standalone_attn_decode_3d_1_2048_32_256_nan_agent_info.csv
[m# ---- Run standalone_attn_decode_2d_1_2048_32_512_32 ----
[0;31mE20250807 04:31:34.123198 139661255436032 output_stream.cpp:105] Opened result file: ./profiles/standalone_attn_decode_2d_1_2048_32_512_32_kernel_trace.csv
[m[0;31mE20250807 04:31:34.130442 139661255436032 output_stream.cpp:105] Opened result file: ./profiles/standalone_attn_decode_2d_1_2048_32_512_32_agent_info.csv
[m[0;33mW20250807 04:31:37.168059 139661255436032 tool.cpp:1902] rocprofv3_error_signal_handler caught signal 11...
[m# ---- Run standalone_attn_decode_3d_1_2048_32_512_32 ----
[0;31mE20250807 04:31:54.580628 140045014808320 output_stream.cpp:105] Opened result file: ./profiles/standalone_attn_decode_3d_1_2048_32_512_32_kernel_trace.csv
[m[0;31mE20250807 04:31:54.588033 140045014808320 output_stream.cpp:105] Opened result file: ./profiles/standalone_attn_decode_3d_1_2048_32_512_32_agent_info.csv
[m[0;33mW20250807 04:31:57.814510 140045014808320 tool.cpp:1902] rocprofv3_error_signal_handler caught signal 11...
[m# ---- Run standalone_attn_decode_2d_1_2048_32_512_nan ----
[0;31mE20250807 04:32:13.482040 140095580215040 output_stream.cpp:105] Opened result file: ./profiles/standalone_attn_decode_2d_1_2048_32_512_nan_kernel_trace.csv
[m[0;31mE20250807 04:32:13.489367 140095580215040 output_stream.cpp:105] Opened result file: ./profiles/standalone_attn_decode_2d_1_2048_32_512_nan_agent_info.csv
[m# ---- Run standalone_attn_decode_3d_1_2048_32_512_nan ----
[0;31mE20250807 04:32:33.817051 139628291376896 output_stream.cpp:105] Opened result file: ./profiles/standalone_attn_decode_3d_1_2048_32_512_nan_kernel_trace.csv
[m[0;31mE20250807 04:32:33.824995 139628291376896 output_stream.cpp:105] Opened result file: ./profiles/standalone_attn_decode_3d_1_2048_32_512_nan_agent_info.csv
[m# ---- Run standalone_attn_decode_2d_1_2048_32_1024_32 ----
[0;31mE20250807 04:32:54.044475 139868162643712 output_stream.cpp:105] Opened result file: ./profiles/standalone_attn_decode_2d_1_2048_32_1024_32_kernel_trace.csv
[m[0;31mE20250807 04:32:54.052418 139868162643712 output_stream.cpp:105] Opened result file: ./profiles/standalone_attn_decode_2d_1_2048_32_1024_32_agent_info.csv
[m[0;33mW20250807 04:32:57.379674 139868162643712 tool.cpp:1902] rocprofv3_error_signal_handler caught signal 11...
[m# ---- Run standalone_attn_decode_3d_1_2048_32_1024_32 ----
[0;31mE20250807 04:33:14.577887 140211429721856 output_stream.cpp:105] Opened result file: ./profiles/standalone_attn_decode_3d_1_2048_32_1024_32_kernel_trace.csv
[m[0;31mE20250807 04:33:14.585669 140211429721856 output_stream.cpp:105] Opened result file: ./profiles/standalone_attn_decode_3d_1_2048_32_1024_32_agent_info.csv
[m[0;33mW20250807 04:33:17.820319 140211429721856 tool.cpp:1902] rocprofv3_error_signal_handler caught signal 11...
[m# ---- Run standalone_attn_decode_2d_1_2048_32_1024_nan ----
[0;31mE20250807 04:33:33.654468 140578158139136 output_stream.cpp:105] Opened result file: ./profiles/standalone_attn_decode_2d_1_2048_32_1024_nan_kernel_trace.csv
[m[0;31mE20250807 04:33:33.661990 140578158139136 output_stream.cpp:105] Opened result file: ./profiles/standalone_attn_decode_2d_1_2048_32_1024_nan_agent_info.csv
[m# ---- Run standalone_attn_decode_3d_1_2048_32_1024_nan ----
[0;31mE20250807 04:33:54.705617 140592811833088 output_stream.cpp:105] Opened result file: ./profiles/standalone_attn_decode_3d_1_2048_32_1024_nan_kernel_trace.csv
[m[0;31mE20250807 04:33:54.713101 140592811833088 output_stream.cpp:105] Opened result file: ./profiles/standalone_attn_decode_3d_1_2048_32_1024_nan_agent_info.csv
[m# ---- Run standalone_attn_decode_2d_1_2048_32_2048_32 ----
[0;31mE20250807 04:34:14.683030 140339230238464 output_stream.cpp:105] Opened result file: ./profiles/standalone_attn_decode_2d_1_2048_32_2048_32_kernel_trace.csv
[m[0;31mE20250807 04:34:14.690729 140339230238464 output_stream.cpp:105] Opened result file: ./profiles/standalone_attn_decode_2d_1_2048_32_2048_32_agent_info.csv
[m[0;33mW20250807 04:34:18.011477 140339230238464 tool.cpp:1902] rocprofv3_error_signal_handler caught signal 11...
[m# ---- Run standalone_attn_decode_3d_1_2048_32_2048_32 ----
[0;31mE20250807 04:34:35.841625 139979637008128 output_stream.cpp:105] Opened result file: ./profiles/standalone_attn_decode_3d_1_2048_32_2048_32_kernel_trace.csv
[m[0;31mE20250807 04:34:35.849042 139979637008128 output_stream.cpp:105] Opened result file: ./profiles/standalone_attn_decode_3d_1_2048_32_2048_32_agent_info.csv
[m[0;33mW20250807 04:34:39.217131 139979637008128 tool.cpp:1902] rocprofv3_error_signal_handler caught signal 11...
[m# ---- Run standalone_attn_decode_2d_1_2048_32_2048_nan ----
[0;31mE20250807 04:34:55.998515 140656576300800 output_stream.cpp:105] Opened result file: ./profiles/standalone_attn_decode_2d_1_2048_32_2048_nan_kernel_trace.csv
[m[0;31mE20250807 04:34:56.005997 140656576300800 output_stream.cpp:105] Opened result file: ./profiles/standalone_attn_decode_2d_1_2048_32_2048_nan_agent_info.csv
[m# ---- Run standalone_attn_decode_3d_1_2048_32_2048_nan ----
[0;31mE20250807 04:35:16.581342 140628670252800 output_stream.cpp:105] Opened result file: ./profiles/standalone_attn_decode_3d_1_2048_32_2048_nan_kernel_trace.csv
[m[0;31mE20250807 04:35:16.589036 140628670252800 output_stream.cpp:105] Opened result file: ./profiles/standalone_attn_decode_3d_1_2048_32_2048_nan_agent_info.csv
[m# ---- Run standalone_attn_decode_2d_1_2048_32_4096_32 ----
[0;31mE20250807 04:35:35.459742 140231825004288 output_stream.cpp:105] Opened result file: ./profiles/standalone_attn_decode_2d_1_2048_32_4096_32_kernel_trace.csv
[m[0;31mE20250807 04:35:35.467295 140231825004288 output_stream.cpp:105] Opened result file: ./profiles/standalone_attn_decode_2d_1_2048_32_4096_32_agent_info.csv
[m[0;33mW20250807 04:35:38.522286 140231825004288 tool.cpp:1902] rocprofv3_error_signal_handler caught signal 11...
[m# ---- Run standalone_attn_decode_3d_1_2048_32_4096_32 ----
[0;31mE20250807 04:35:56.044059 140288482051840 output_stream.cpp:105] Opened result file: ./profiles/standalone_attn_decode_3d_1_2048_32_4096_32_kernel_trace.csv
[m[0;31mE20250807 04:35:56.051838 140288482051840 output_stream.cpp:105] Opened result file: ./profiles/standalone_attn_decode_3d_1_2048_32_4096_32_agent_info.csv
[m[0;33mW20250807 04:35:59.389299 140288482051840 tool.cpp:1902] rocprofv3_error_signal_handler caught signal 11...
[m# ---- Run standalone_attn_decode_2d_1_2048_32_4096_nan ----
[0;31mE20250807 04:36:14.810475 139995099715328 output_stream.cpp:105] Opened result file: ./profiles/standalone_attn_decode_2d_1_2048_32_4096_nan_kernel_trace.csv
[m[0;31mE20250807 04:36:14.818214 139995099715328 output_stream.cpp:105] Opened result file: ./profiles/standalone_attn_decode_2d_1_2048_32_4096_nan_agent_info.csv
[m# ---- Run standalone_attn_decode_3d_1_2048_32_4096_nan ----
[0;31mE20250807 04:36:34.538045 140599043770112 output_stream.cpp:105] Opened result file: ./profiles/standalone_attn_decode_3d_1_2048_32_4096_nan_kernel_trace.csv
[m[0;31mE20250807 04:36:34.545616 140599043770112 output_stream.cpp:105] Opened result file: ./profiles/standalone_attn_decode_3d_1_2048_32_4096_nan_agent_info.csv
[m# ---- Run standalone_attn_decode_2d_1_2048_64_256_32 ----
[0;31mE20250807 04:36:54.108189 140073899165440 output_stream.cpp:105] Opened result file: ./profiles/standalone_attn_decode_2d_1_2048_64_256_32_kernel_trace.csv
[m[0;31mE20250807 04:36:54.115891 140073899165440 output_stream.cpp:105] Opened result file: ./profiles/standalone_attn_decode_2d_1_2048_64_256_32_agent_info.csv
[m[0;33mW20250807 04:36:57.264227 140073899165440 tool.cpp:1902] rocprofv3_error_signal_handler caught signal 11...
[m# ---- Run standalone_attn_decode_3d_1_2048_64_256_32 ----
[0;31mE20250807 04:37:14.008946 140520633956096 output_stream.cpp:105] Opened result file: ./profiles/standalone_attn_decode_3d_1_2048_64_256_32_kernel_trace.csv
[m[0;31mE20250807 04:37:14.016521 140520633956096 output_stream.cpp:105] Opened result file: ./profiles/standalone_attn_decode_3d_1_2048_64_256_32_agent_info.csv
[m[0;33mW20250807 04:37:17.159180 140520633956096 tool.cpp:1902] rocprofv3_error_signal_handler caught signal 11...
[m# ---- Run standalone_attn_decode_2d_1_2048_64_256_nan ----
[0;31mE20250807 04:37:32.693919 140103563781888 output_stream.cpp:105] Opened result file: ./profiles/standalone_attn_decode_2d_1_2048_64_256_nan_kernel_trace.csv
[m[0;31mE20250807 04:37:32.701517 140103563781888 output_stream.cpp:105] Opened result file: ./profiles/standalone_attn_decode_2d_1_2048_64_256_nan_agent_info.csv
[m# ---- Run standalone_attn_decode_3d_1_2048_64_256_nan ----
[0;31mE20250807 04:37:53.043589 139640044312320 output_stream.cpp:105] Opened result file: ./profiles/standalone_attn_decode_3d_1_2048_64_256_nan_kernel_trace.csv
[m[0;31mE20250807 04:37:53.050907 139640044312320 output_stream.cpp:105] Opened result file: ./profiles/standalone_attn_decode_3d_1_2048_64_256_nan_agent_info.csv
[m# ---- Run standalone_attn_decode_2d_1_2048_64_512_32 ----
[0;31mE20250807 04:38:11.722754 140260132230912 output_stream.cpp:105] Opened result file: ./profiles/standalone_attn_decode_2d_1_2048_64_512_32_kernel_trace.csv
[m[0;31mE20250807 04:38:11.730194 140260132230912 output_stream.cpp:105] Opened result file: ./profiles/standalone_attn_decode_2d_1_2048_64_512_32_agent_info.csv
[m[0;33mW20250807 04:38:14.925062 140260132230912 tool.cpp:1902] rocprofv3_error_signal_handler caught signal 11...
[m# ---- Run standalone_attn_decode_3d_1_2048_64_512_32 ----
[0;31mE20250807 04:38:31.789184 139953508415232 output_stream.cpp:105] Opened result file: ./profiles/standalone_attn_decode_3d_1_2048_64_512_32_kernel_trace.csv
[m[0;31mE20250807 04:38:31.797105 139953508415232 output_stream.cpp:105] Opened result file: ./profiles/standalone_attn_decode_3d_1_2048_64_512_32_agent_info.csv
[m[0;33mW20250807 04:38:35.009914 139953508415232 tool.cpp:1902] rocprofv3_error_signal_handler caught signal 11...
[m# ---- Run standalone_attn_decode_2d_1_2048_64_512_nan ----
[0;31mE20250807 04:38:51.062696 139643933599488 output_stream.cpp:105] Opened result file: ./profiles/standalone_attn_decode_2d_1_2048_64_512_nan_kernel_trace.csv
[m[0;31mE20250807 04:38:51.070040 139643933599488 output_stream.cpp:105] Opened result file: ./profiles/standalone_attn_decode_2d_1_2048_64_512_nan_agent_info.csv
[m# ---- Run standalone_attn_decode_3d_1_2048_64_512_nan ----
[0;31mE20250807 04:39:11.093229 140224820184832 output_stream.cpp:105] Opened result file: ./profiles/standalone_attn_decode_3d_1_2048_64_512_nan_kernel_trace.csv
[m[0;31mE20250807 04:39:11.100706 140224820184832 output_stream.cpp:105] Opened result file: ./profiles/standalone_attn_decode_3d_1_2048_64_512_nan_agent_info.csv
[m# ---- Run standalone_attn_decode_2d_1_2048_64_1024_32 ----
[0;31mE20250807 04:39:30.550980 140005270124288 output_stream.cpp:105] Opened result file: ./profiles/standalone_attn_decode_2d_1_2048_64_1024_32_kernel_trace.csv
[m[0;31mE20250807 04:39:30.558468 140005270124288 output_stream.cpp:105] Opened result file: ./profiles/standalone_attn_decode_2d_1_2048_64_1024_32_agent_info.csv
[m[0;33mW20250807 04:39:33.711497 140005270124288 tool.cpp:1902] rocprofv3_error_signal_handler caught signal 11...
[m# ---- Run standalone_attn_decode_3d_1_2048_64_1024_32 ----
[0;31mE20250807 04:39:51.406340 140597962839808 output_stream.cpp:105] Opened result file: ./profiles/standalone_attn_decode_3d_1_2048_64_1024_32_kernel_trace.csv
[m[0;31mE20250807 04:39:51.413912 140597962839808 output_stream.cpp:105] Opened result file: ./profiles/standalone_attn_decode_3d_1_2048_64_1024_32_agent_info.csv
[m[0;33mW20250807 04:39:54.467165 140597962839808 tool.cpp:1902] rocprofv3_error_signal_handler caught signal 11...
[m# ---- Run standalone_attn_decode_2d_1_2048_64_1024_nan ----
[0;31mE20250807 04:40:11.073738 140226733209344 output_stream.cpp:105] Opened result file: ./profiles/standalone_attn_decode_2d_1_2048_64_1024_nan_kernel_trace.csv
[m[0;31mE20250807 04:40:11.081302 140226733209344 output_stream.cpp:105] Opened result file: ./profiles/standalone_attn_decode_2d_1_2048_64_1024_nan_agent_info.csv
[m# ---- Run standalone_attn_decode_3d_1_2048_64_1024_nan ----
[0;31mE20250807 04:40:31.984822 140143652169472 output_stream.cpp:105] Opened result file: ./profiles/standalone_attn_decode_3d_1_2048_64_1024_nan_kernel_trace.csv
[m[0;31mE20250807 04:40:31.992424 140143652169472 output_stream.cpp:105] Opened result file: ./profiles/standalone_attn_decode_3d_1_2048_64_1024_nan_agent_info.csv
[m# ---- Run standalone_attn_decode_2d_1_2048_64_2048_32 ----
[0;31mE20250807 04:40:52.027430 139661131466496 output_stream.cpp:105] Opened result file: ./profiles/standalone_attn_decode_2d_1_2048_64_2048_32_kernel_trace.csv
[m[0;31mE20250807 04:40:52.034813 139661131466496 output_stream.cpp:105] Opened result file: ./profiles/standalone_attn_decode_2d_1_2048_64_2048_32_agent_info.csv
[m[0;33mW20250807 04:40:55.240494 139661131466496 tool.cpp:1902] rocprofv3_error_signal_handler caught signal 11...
[m# ---- Run standalone_attn_decode_3d_1_2048_64_2048_32 ----
[0;31mE20250807 04:41:13.128941 140600724834048 output_stream.cpp:105] Opened result file: ./profiles/standalone_attn_decode_3d_1_2048_64_2048_32_kernel_trace.csv
[m[0;31mE20250807 04:41:13.136481 140600724834048 output_stream.cpp:105] Opened result file: ./profiles/standalone_attn_decode_3d_1_2048_64_2048_32_agent_info.csv
[m[0;33mW20250807 04:41:16.528498 140600724834048 tool.cpp:1902] rocprofv3_error_signal_handler caught signal 11...
[m# ---- Run standalone_attn_decode_2d_1_2048_64_2048_nan ----
[0;31mE20250807 04:41:32.862770 140355301619456 output_stream.cpp:105] Opened result file: ./profiles/standalone_attn_decode_2d_1_2048_64_2048_nan_kernel_trace.csv
[m[0;31mE20250807 04:41:32.870289 140355301619456 output_stream.cpp:105] Opened result file: ./profiles/standalone_attn_decode_2d_1_2048_64_2048_nan_agent_info.csv
[m# ---- Run standalone_attn_decode_3d_1_2048_64_2048_nan ----
[0;31mE20250807 04:41:54.352722 139872190007040 output_stream.cpp:105] Opened result file: ./profiles/standalone_attn_decode_3d_1_2048_64_2048_nan_kernel_trace.csv
[m[0;31mE20250807 04:41:54.360264 139872190007040 output_stream.cpp:105] Opened result file: ./profiles/standalone_attn_decode_3d_1_2048_64_2048_nan_agent_info.csv
[m# ---- Run standalone_attn_decode_2d_1_2048_64_4096_32 ----
[0;31mE20250807 04:42:14.097312 140466834929408 output_stream.cpp:105] Opened result file: ./profiles/standalone_attn_decode_2d_1_2048_64_4096_32_kernel_trace.csv
[m[0;31mE20250807 04:42:14.104891 140466834929408 output_stream.cpp:105] Opened result file: ./profiles/standalone_attn_decode_2d_1_2048_64_4096_32_agent_info.csv
[m[0;33mW20250807 04:42:17.275822 140466834929408 tool.cpp:1902] rocprofv3_error_signal_handler caught signal 11...
[m# ---- Run standalone_attn_decode_3d_1_2048_64_4096_32 ----
[0;31mE20250807 04:42:35.179946 139628223792896 output_stream.cpp:105] Opened result file: ./profiles/standalone_attn_decode_3d_1_2048_64_4096_32_kernel_trace.csv
[m[0;31mE20250807 04:42:35.187445 139628223792896 output_stream.cpp:105] Opened result file: ./profiles/standalone_attn_decode_3d_1_2048_64_4096_32_agent_info.csv
[m[0;33mW20250807 04:42:38.389446 139628223792896 tool.cpp:1902] rocprofv3_error_signal_handler caught signal 11...
[m# ---- Run standalone_attn_decode_2d_1_2048_64_4096_nan ----
[0;31mE20250807 04:42:55.069088 139699951150848 output_stream.cpp:105] Opened result file: ./profiles/standalone_attn_decode_2d_1_2048_64_4096_nan_kernel_trace.csv
[m[0;31mE20250807 04:42:55.076582 139699951150848 output_stream.cpp:105] Opened result file: ./profiles/standalone_attn_decode_2d_1_2048_64_4096_nan_agent_info.csv
[m# ---- Run standalone_attn_decode_3d_1_2048_64_4096_nan ----
[0;31mE20250807 04:43:16.534921 140074786445056 output_stream.cpp:105] Opened result file: ./profiles/standalone_attn_decode_3d_1_2048_64_4096_nan_kernel_trace.csv
[m[0;31mE20250807 04:43:16.542794 140074786445056 output_stream.cpp:105] Opened result file: ./profiles/standalone_attn_decode_3d_1_2048_64_4096_nan_agent_info.csv
[m# ---- Run standalone_attn_decode_2d_1_2048_128_256_32 ----
[0;31mE20250807 04:43:35.615702 140110185928448 output_stream.cpp:105] Opened result file: ./profiles/standalone_attn_decode_2d_1_2048_128_256_32_kernel_trace.csv
[m[0;31mE20250807 04:43:35.623388 140110185928448 output_stream.cpp:105] Opened result file: ./profiles/standalone_attn_decode_2d_1_2048_128_256_32_agent_info.csv
[m[0;33mW20250807 04:43:38.807972 140110185928448 tool.cpp:1902] rocprofv3_error_signal_handler caught signal 11...
[m# ---- Run standalone_attn_decode_3d_1_2048_128_256_32 ----
[0;31mE20250807 04:44:00.608971 140389597951744 output_stream.cpp:105] Opened result file: ./profiles/standalone_attn_decode_3d_1_2048_128_256_32_kernel_trace.csv
[m[0;31mE20250807 04:44:00.616442 140389597951744 output_stream.cpp:105] Opened result file: ./profiles/standalone_attn_decode_3d_1_2048_128_256_32_agent_info.csv
[m[0;33mW20250807 04:44:03.887296 140389597951744 tool.cpp:1902] rocprofv3_error_signal_handler caught signal 11...
[m# ---- Run standalone_attn_decode_2d_1_2048_128_256_nan ----
[0;31mE20250807 04:44:22.972570 139696647239424 output_stream.cpp:105] Opened result file: ./profiles/standalone_attn_decode_2d_1_2048_128_256_nan_kernel_trace.csv
[m[0;31mE20250807 04:44:22.980349 139696647239424 output_stream.cpp:105] Opened result file: ./profiles/standalone_attn_decode_2d_1_2048_128_256_nan_agent_info.csv
[m# ---- Run standalone_attn_decode_3d_1_2048_128_256_nan ----
[0;31mE20250807 04:44:47.649019 140368544884480 output_stream.cpp:105] Opened result file: ./profiles/standalone_attn_decode_3d_1_2048_128_256_nan_kernel_trace.csv
[m[0;31mE20250807 04:44:47.656886 140368544884480 output_stream.cpp:105] Opened result file: ./profiles/standalone_attn_decode_3d_1_2048_128_256_nan_agent_info.csv
[m# ---- Run standalone_attn_decode_2d_1_2048_128_512_32 ----
[0;31mE20250807 04:45:10.137631 140152050284288 output_stream.cpp:105] Opened result file: ./profiles/standalone_attn_decode_2d_1_2048_128_512_32_kernel_trace.csv
[m[0;31mE20250807 04:45:10.145522 140152050284288 output_stream.cpp:105] Opened result file: ./profiles/standalone_attn_decode_2d_1_2048_128_512_32_agent_info.csv
[m[0;33mW20250807 04:45:13.490215 140152050284288 tool.cpp:1902] rocprofv3_error_signal_handler caught signal 11...
[m# ---- Run standalone_attn_decode_3d_1_2048_128_512_32 ----
[0;31mE20250807 04:45:34.468870 140122071529216 output_stream.cpp:105] Opened result file: ./profiles/standalone_attn_decode_3d_1_2048_128_512_32_kernel_trace.csv
[m[0;31mE20250807 04:45:34.476586 140122071529216 output_stream.cpp:105] Opened result file: ./profiles/standalone_attn_decode_3d_1_2048_128_512_32_agent_info.csv
[m[0;33mW20250807 04:45:37.646267 140122071529216 tool.cpp:1902] rocprofv3_error_signal_handler caught signal 11...
[m# ---- Run standalone_attn_decode_2d_1_2048_128_512_nan ----
[0;31mE20250807 04:45:57.049316 140439461308160 output_stream.cpp:105] Opened result file: ./profiles/standalone_attn_decode_2d_1_2048_128_512_nan_kernel_trace.csv
[m[0;31mE20250807 04:45:57.057267 140439461308160 output_stream.cpp:105] Opened result file: ./profiles/standalone_attn_decode_2d_1_2048_128_512_nan_agent_info.csv
[m# ---- Run standalone_attn_decode_3d_1_2048_128_512_nan ----
[0;31mE20250807 04:46:21.446362 139848814311168 output_stream.cpp:105] Opened result file: ./profiles/standalone_attn_decode_3d_1_2048_128_512_nan_kernel_trace.csv
[m[0;31mE20250807 04:46:21.453965 139848814311168 output_stream.cpp:105] Opened result file: ./profiles/standalone_attn_decode_3d_1_2048_128_512_nan_agent_info.csv
[m# ---- Run standalone_attn_decode_2d_1_2048_128_1024_32 ----
[0;31mE20250807 04:46:43.907987 140563090835200 output_stream.cpp:105] Opened result file: ./profiles/standalone_attn_decode_2d_1_2048_128_1024_32_kernel_trace.csv
[m[0;31mE20250807 04:46:43.915568 140563090835200 output_stream.cpp:105] Opened result file: ./profiles/standalone_attn_decode_2d_1_2048_128_1024_32_agent_info.csv
[m[0;33mW20250807 04:46:47.117108 140563090835200 tool.cpp:1902] rocprofv3_error_signal_handler caught signal 11...
[m# ---- Run standalone_attn_decode_3d_1_2048_128_1024_32 ----
[0;31mE20250807 04:47:08.727920 140161602434816 output_stream.cpp:105] Opened result file: ./profiles/standalone_attn_decode_3d_1_2048_128_1024_32_kernel_trace.csv
[m[0;31mE20250807 04:47:08.735564 140161602434816 output_stream.cpp:105] Opened result file: ./profiles/standalone_attn_decode_3d_1_2048_128_1024_32_agent_info.csv
[m[0;33mW20250807 04:47:12.010529 140161602434816 tool.cpp:1902] rocprofv3_error_signal_handler caught signal 11...
[m# ---- Run standalone_attn_decode_2d_1_2048_128_1024_nan ----
[0;31mE20250807 04:47:31.248434 140475846555392 output_stream.cpp:105] Opened result file: ./profiles/standalone_attn_decode_2d_1_2048_128_1024_nan_kernel_trace.csv
[m[0;31mE20250807 04:47:31.255723 140475846555392 output_stream.cpp:105] Opened result file: ./profiles/standalone_attn_decode_2d_1_2048_128_1024_nan_agent_info.csv
[m# ---- Run standalone_attn_decode_3d_1_2048_128_1024_nan ----
[0;31mE20250807 04:47:56.029659 140112190846720 output_stream.cpp:105] Opened result file: ./profiles/standalone_attn_decode_3d_1_2048_128_1024_nan_kernel_trace.csv
[m[0;31mE20250807 04:47:56.037537 140112190846720 output_stream.cpp:105] Opened result file: ./profiles/standalone_attn_decode_3d_1_2048_128_1024_nan_agent_info.csv
[m# ---- Run standalone_attn_decode_2d_1_2048_128_2048_32 ----
[0;31mE20250807 04:48:18.748067 140627098838784 output_stream.cpp:105] Opened result file: ./profiles/standalone_attn_decode_2d_1_2048_128_2048_32_kernel_trace.csv
[m[0;31mE20250807 04:48:18.755512 140627098838784 output_stream.cpp:105] Opened result file: ./profiles/standalone_attn_decode_2d_1_2048_128_2048_32_agent_info.csv
[m[0;33mW20250807 04:48:21.794844 140627098838784 tool.cpp:1902] rocprofv3_error_signal_handler caught signal 11...
[m# ---- Run standalone_attn_decode_3d_1_2048_128_2048_32 ----
[0;31mE20250807 04:48:43.304463 140015450044160 output_stream.cpp:105] Opened result file: ./profiles/standalone_attn_decode_3d_1_2048_128_2048_32_kernel_trace.csv
[m[0;31mE20250807 04:48:43.312096 140015450044160 output_stream.cpp:105] Opened result file: ./profiles/standalone_attn_decode_3d_1_2048_128_2048_32_agent_info.csv
[m[0;33mW20250807 04:48:46.645898 140015450044160 tool.cpp:1902] rocprofv3_error_signal_handler caught signal 11...
[m# ---- Run standalone_attn_decode_2d_1_2048_128_2048_nan ----
[0;31mE20250807 04:49:05.399169 139676059248384 output_stream.cpp:105] Opened result file: ./profiles/standalone_attn_decode_2d_1_2048_128_2048_nan_kernel_trace.csv
[m[0;31mE20250807 04:49:05.406542 139676059248384 output_stream.cpp:105] Opened result file: ./profiles/standalone_attn_decode_2d_1_2048_128_2048_nan_agent_info.csv
[m# ---- Run standalone_attn_decode_3d_1_2048_128_2048_nan ----
[0;31mE20250807 04:49:28.625496 139820625458944 output_stream.cpp:105] Opened result file: ./profiles/standalone_attn_decode_3d_1_2048_128_2048_nan_kernel_trace.csv
[m[0;31mE20250807 04:49:28.633083 139820625458944 output_stream.cpp:105] Opened result file: ./profiles/standalone_attn_decode_3d_1_2048_128_2048_nan_agent_info.csv
[m# ---- Run standalone_attn_decode_2d_1_2048_128_4096_32 ----
[0;31mE20250807 04:49:48.877416 139797794494208 output_stream.cpp:105] Opened result file: ./profiles/standalone_attn_decode_2d_1_2048_128_4096_32_kernel_trace.csv
[m[0;31mE20250807 04:49:48.885053 139797794494208 output_stream.cpp:105] Opened result file: ./profiles/standalone_attn_decode_2d_1_2048_128_4096_32_agent_info.csv
[m[0;33mW20250807 04:49:52.015366 139797794494208 tool.cpp:1902] rocprofv3_error_signal_handler caught signal 11...
[m# ---- Run standalone_attn_decode_3d_1_2048_128_4096_32 ----
[0;31mE20250807 04:50:09.161708 140693189846784 output_stream.cpp:105] Opened result file: ./profiles/standalone_attn_decode_3d_1_2048_128_4096_32_kernel_trace.csv
[m[0;31mE20250807 04:50:09.169084 140693189846784 output_stream.cpp:105] Opened result file: ./profiles/standalone_attn_decode_3d_1_2048_128_4096_32_agent_info.csv
[m[0;33mW20250807 04:50:12.246992 140693189846784 tool.cpp:1902] rocprofv3_error_signal_handler caught signal 11...
[m# ---- Run standalone_attn_decode_2d_1_2048_128_4096_nan ----
[0;31mE20250807 04:50:28.103244 140386296215296 output_stream.cpp:105] Opened result file: ./profiles/standalone_attn_decode_2d_1_2048_128_4096_nan_kernel_trace.csv
[m[0;31mE20250807 04:50:28.110803 140386296215296 output_stream.cpp:105] Opened result file: ./profiles/standalone_attn_decode_2d_1_2048_128_4096_nan_agent_info.csv
[m# ---- Run standalone_attn_decode_3d_1_2048_128_4096_nan ----
[0;31mE20250807 04:50:48.120010 139821197989632 output_stream.cpp:105] Opened result file: ./profiles/standalone_attn_decode_3d_1_2048_128_4096_nan_kernel_trace.csv
[m[0;31mE20250807 04:50:48.127579 139821197989632 output_stream.cpp:105] Opened result file: ./profiles/standalone_attn_decode_3d_1_2048_128_4096_nan_agent_info.csv
[m# ---- Run standalone_attn_decode_2d_1_2048_256_256_32 ----
[0;31mE20250807 04:51:07.183960 139964526012160 output_stream.cpp:105] Opened result file: ./profiles/standalone_attn_decode_2d_1_2048_256_256_32_kernel_trace.csv
[m[0;31mE20250807 04:51:07.191315 139964526012160 output_stream.cpp:105] Opened result file: ./profiles/standalone_attn_decode_2d_1_2048_256_256_32_agent_info.csv
[m[0;33mW20250807 04:51:10.343404 139964526012160 tool.cpp:1902] rocprofv3_error_signal_handler caught signal 11...
[m# ---- Run standalone_attn_decode_3d_1_2048_256_256_32 ----
[0;31mE20250807 04:51:27.587176 140370695776000 output_stream.cpp:105] Opened result file: ./profiles/standalone_attn_decode_3d_1_2048_256_256_32_kernel_trace.csv
[m[0;31mE20250807 04:51:27.594657 140370695776000 output_stream.cpp:105] Opened result file: ./profiles/standalone_attn_decode_3d_1_2048_256_256_32_agent_info.csv
[m[0;33mW20250807 04:51:30.987742 140370695776000 tool.cpp:1902] rocprofv3_error_signal_handler caught signal 11...
[m# ---- Run standalone_attn_decode_2d_1_2048_256_256_nan ----
[0;31mE20250807 04:51:47.134272 139795291657984 output_stream.cpp:105] Opened result file: ./profiles/standalone_attn_decode_2d_1_2048_256_256_nan_kernel_trace.csv
[m[0;31mE20250807 04:51:47.141956 139795291657984 output_stream.cpp:105] Opened result file: ./profiles/standalone_attn_decode_2d_1_2048_256_256_nan_agent_info.csv
[m# ---- Run standalone_attn_decode_3d_1_2048_256_256_nan ----
[0;31mE20250807 04:52:07.643170 139666230359808 output_stream.cpp:105] Opened result file: ./profiles/standalone_attn_decode_3d_1_2048_256_256_nan_kernel_trace.csv
[m[0;31mE20250807 04:52:07.650641 139666230359808 output_stream.cpp:105] Opened result file: ./profiles/standalone_attn_decode_3d_1_2048_256_256_nan_agent_info.csv
[m# ---- Run standalone_attn_decode_2d_1_2048_256_512_32 ----
[0;31mE20250807 04:52:26.421130 139747543287552 output_stream.cpp:105] Opened result file: ./profiles/standalone_attn_decode_2d_1_2048_256_512_32_kernel_trace.csv
[m[0;31mE20250807 04:52:26.428568 139747543287552 output_stream.cpp:105] Opened result file: ./profiles/standalone_attn_decode_2d_1_2048_256_512_32_agent_info.csv
[m[0;33mW20250807 04:52:29.505172 139747543287552 tool.cpp:1902] rocprofv3_error_signal_handler caught signal 11...
[m# ---- Run standalone_attn_decode_3d_1_2048_256_512_32 ----
[0;31mE20250807 04:52:46.791742 140422564706048 output_stream.cpp:105] Opened result file: ./profiles/standalone_attn_decode_3d_1_2048_256_512_32_kernel_trace.csv
[m[0;31mE20250807 04:52:46.799277 140422564706048 output_stream.cpp:105] Opened result file: ./profiles/standalone_attn_decode_3d_1_2048_256_512_32_agent_info.csv
[m[0;33mW20250807 04:52:50.138855 140422564706048 tool.cpp:1902] rocprofv3_error_signal_handler caught signal 11...
[m# ---- Run standalone_attn_decode_2d_1_2048_256_512_nan ----
[0;31mE20250807 04:53:05.936207 139699476059904 output_stream.cpp:105] Opened result file: ./profiles/standalone_attn_decode_2d_1_2048_256_512_nan_kernel_trace.csv
[m[0;31mE20250807 04:53:05.943600 139699476059904 output_stream.cpp:105] Opened result file: ./profiles/standalone_attn_decode_2d_1_2048_256_512_nan_agent_info.csv
[m# ---- Run standalone_attn_decode_3d_1_2048_256_512_nan ----
[0;31mE20250807 04:53:26.447198 140445448615680 output_stream.cpp:105] Opened result file: ./profiles/standalone_attn_decode_3d_1_2048_256_512_nan_kernel_trace.csv
[m[0;31mE20250807 04:53:26.454887 140445448615680 output_stream.cpp:105] Opened result file: ./profiles/standalone_attn_decode_3d_1_2048_256_512_nan_agent_info.csv
[m# ---- Run standalone_attn_decode_2d_1_2048_256_1024_32 ----
[0;31mE20250807 04:53:45.476256 140221878621952 output_stream.cpp:105] Opened result file: ./profiles/standalone_attn_decode_2d_1_2048_256_1024_32_kernel_trace.csv
[m[0;31mE20250807 04:53:45.483871 140221878621952 output_stream.cpp:105] Opened result file: ./profiles/standalone_attn_decode_2d_1_2048_256_1024_32_agent_info.csv
[m[0;33mW20250807 04:53:48.738064 140221878621952 tool.cpp:1902] rocprofv3_error_signal_handler caught signal 11...
[m# ---- Run standalone_attn_decode_3d_1_2048_256_1024_32 ----
[0;31mE20250807 04:54:06.017349 139934078179072 output_stream.cpp:105] Opened result file: ./profiles/standalone_attn_decode_3d_1_2048_256_1024_32_kernel_trace.csv
[m[0;31mE20250807 04:54:06.025126 139934078179072 output_stream.cpp:105] Opened result file: ./profiles/standalone_attn_decode_3d_1_2048_256_1024_32_agent_info.csv
[m[0;33mW20250807 04:54:09.367805 139934078179072 tool.cpp:1902] rocprofv3_error_signal_handler caught signal 11...
[m# ---- Run standalone_attn_decode_2d_1_2048_256_1024_nan ----
[0;31mE20250807 04:54:25.278204 139654892717824 output_stream.cpp:105] Opened result file: ./profiles/standalone_attn_decode_2d_1_2048_256_1024_nan_kernel_trace.csv
[m[0;31mE20250807 04:54:25.285732 139654892717824 output_stream.cpp:105] Opened result file: ./profiles/standalone_attn_decode_2d_1_2048_256_1024_nan_agent_info.csv
[m# ---- Run standalone_attn_decode_3d_1_2048_256_1024_nan ----
[0;31mE20250807 04:54:45.783109 139951986779904 output_stream.cpp:105] Opened result file: ./profiles/standalone_attn_decode_3d_1_2048_256_1024_nan_kernel_trace.csv
[m[0;31mE20250807 04:54:45.790525 139951986779904 output_stream.cpp:105] Opened result file: ./profiles/standalone_attn_decode_3d_1_2048_256_1024_nan_agent_info.csv
[m# ---- Run standalone_attn_decode_2d_1_2048_256_2048_32 ----
[0;31mE20250807 04:55:04.957758 139762942035712 output_stream.cpp:105] Opened result file: ./profiles/standalone_attn_decode_2d_1_2048_256_2048_32_kernel_trace.csv
[m[0;31mE20250807 04:55:04.965159 139762942035712 output_stream.cpp:105] Opened result file: ./profiles/standalone_attn_decode_2d_1_2048_256_2048_32_agent_info.csv
[m[0;33mW20250807 04:55:08.288692 139762942035712 tool.cpp:1902] rocprofv3_error_signal_handler caught signal 11...
[m# ---- Run standalone_attn_decode_3d_1_2048_256_2048_32 ----
[0;31mE20250807 04:55:25.049227 140225872475904 output_stream.cpp:105] Opened result file: ./profiles/standalone_attn_decode_3d_1_2048_256_2048_32_kernel_trace.csv
[m[0;31mE20250807 04:55:25.056572 140225872475904 output_stream.cpp:105] Opened result file: ./profiles/standalone_attn_decode_3d_1_2048_256_2048_32_agent_info.csv
[m[0;33mW20250807 04:55:28.282643 140225872475904 tool.cpp:1902] rocprofv3_error_signal_handler caught signal 11...
[m# ---- Run standalone_attn_decode_2d_1_2048_256_2048_nan ----
[0;31mE20250807 04:55:44.129663 139974652946176 output_stream.cpp:105] Opened result file: ./profiles/standalone_attn_decode_2d_1_2048_256_2048_nan_kernel_trace.csv
[m[0;31mE20250807 04:55:44.137301 139974652946176 output_stream.cpp:105] Opened result file: ./profiles/standalone_attn_decode_2d_1_2048_256_2048_nan_agent_info.csv
[m# ---- Run standalone_attn_decode_3d_1_2048_256_2048_nan ----
[0;31mE20250807 04:56:04.197604 140326753355520 output_stream.cpp:105] Opened result file: ./profiles/standalone_attn_decode_3d_1_2048_256_2048_nan_kernel_trace.csv
[m[0;31mE20250807 04:56:04.205270 140326753355520 output_stream.cpp:105] Opened result file: ./profiles/standalone_attn_decode_3d_1_2048_256_2048_nan_agent_info.csv
[m# ---- Run standalone_attn_decode_2d_1_2048_256_4096_32 ----
[0;31mE20250807 04:56:22.774571 140086124640000 output_stream.cpp:105] Opened result file: ./profiles/standalone_attn_decode_2d_1_2048_256_4096_32_kernel_trace.csv
[m[0;31mE20250807 04:56:22.782015 140086124640000 output_stream.cpp:105] Opened result file: ./profiles/standalone_attn_decode_2d_1_2048_256_4096_32_agent_info.csv
[m[0;33mW20250807 04:56:25.876969 140086124640000 tool.cpp:1902] rocprofv3_error_signal_handler caught signal 11...
[m# ---- Run standalone_attn_decode_3d_1_2048_256_4096_32 ----
[0;31mE20250807 04:56:42.769229 139697439934208 output_stream.cpp:105] Opened result file: ./profiles/standalone_attn_decode_3d_1_2048_256_4096_32_kernel_trace.csv
[m[0;31mE20250807 04:56:42.776635 139697439934208 output_stream.cpp:105] Opened result file: ./profiles/standalone_attn_decode_3d_1_2048_256_4096_32_agent_info.csv
[m[0;33mW20250807 04:56:45.834982 139697439934208 tool.cpp:1902] rocprofv3_error_signal_handler caught signal 11...
[m# ---- Run standalone_attn_decode_2d_1_2048_256_4096_nan ----
[0;31mE20250807 04:57:01.589153 139651412481792 output_stream.cpp:105] Opened result file: ./profiles/standalone_attn_decode_2d_1_2048_256_4096_nan_kernel_trace.csv
[m[0;31mE20250807 04:57:01.596641 139651412481792 output_stream.cpp:105] Opened result file: ./profiles/standalone_attn_decode_2d_1_2048_256_4096_nan_agent_info.csv
[m# ---- Run standalone_attn_decode_3d_1_2048_256_4096_nan ----
[0;31mE20250807 04:57:21.472814 139884006680320 output_stream.cpp:105] Opened result file: ./profiles/standalone_attn_decode_3d_1_2048_256_4096_nan_kernel_trace.csv
[m[0;31mE20250807 04:57:21.480246 139884006680320 output_stream.cpp:105] Opened result file: ./profiles/standalone_attn_decode_3d_1_2048_256_4096_nan_agent_info.csv
[m# ---- Run standalone_attn_decode_2d_1_2048_512_256_32 ----
[0;31mE20250807 04:57:40.010334 140568849151744 output_stream.cpp:105] Opened result file: ./profiles/standalone_attn_decode_2d_1_2048_512_256_32_kernel_trace.csv
[m[0;31mE20250807 04:57:40.017750 140568849151744 output_stream.cpp:105] Opened result file: ./profiles/standalone_attn_decode_2d_1_2048_512_256_32_agent_info.csv
[m[0;33mW20250807 04:57:43.138338 140568849151744 tool.cpp:1902] rocprofv3_error_signal_handler caught signal 11...
[m# ---- Run standalone_attn_decode_3d_1_2048_512_256_32 ----
[0;31mE20250807 04:57:59.600250 139725760673536 output_stream.cpp:105] Opened result file: ./profiles/standalone_attn_decode_3d_1_2048_512_256_32_kernel_trace.csv
[m[0;31mE20250807 04:57:59.607705 139725760673536 output_stream.cpp:105] Opened result file: ./profiles/standalone_attn_decode_3d_1_2048_512_256_32_agent_info.csv
[m[0;33mW20250807 04:58:02.690689 139725760673536 tool.cpp:1902] rocprofv3_error_signal_handler caught signal 11...
[m# ---- Run standalone_attn_decode_2d_1_2048_512_256_nan ----
[0;31mE20250807 04:58:18.043528 140005343667968 output_stream.cpp:105] Opened result file: ./profiles/standalone_attn_decode_2d_1_2048_512_256_nan_kernel_trace.csv
[m[0;31mE20250807 04:58:18.050918 140005343667968 output_stream.cpp:105] Opened result file: ./profiles/standalone_attn_decode_2d_1_2048_512_256_nan_agent_info.csv
[m# ---- Run standalone_attn_decode_3d_1_2048_512_256_nan ----
[0;31mE20250807 04:58:38.327085 140539151558400 output_stream.cpp:105] Opened result file: ./profiles/standalone_attn_decode_3d_1_2048_512_256_nan_kernel_trace.csv
[m[0;31mE20250807 04:58:38.334613 140539151558400 output_stream.cpp:105] Opened result file: ./profiles/standalone_attn_decode_3d_1_2048_512_256_nan_agent_info.csv
[m# ---- Run standalone_attn_decode_2d_1_2048_512_512_32 ----
[0;31mE20250807 04:58:58.142524 139926148609792 output_stream.cpp:105] Opened result file: ./profiles/standalone_attn_decode_2d_1_2048_512_512_32_kernel_trace.csv
[m[0;31mE20250807 04:58:58.149975 139926148609792 output_stream.cpp:105] Opened result file: ./profiles/standalone_attn_decode_2d_1_2048_512_512_32_agent_info.csv
[m[0;33mW20250807 04:59:01.276692 139926148609792 tool.cpp:1902] rocprofv3_error_signal_handler caught signal 11...
[m# ---- Run standalone_attn_decode_3d_1_2048_512_512_32 ----
[0;31mE20250807 04:59:22.563649 139813058213632 output_stream.cpp:105] Opened result file: ./profiles/standalone_attn_decode_3d_1_2048_512_512_32_kernel_trace.csv
[m[0;31mE20250807 04:59:22.571128 139813058213632 output_stream.cpp:105] Opened result file: ./profiles/standalone_attn_decode_3d_1_2048_512_512_32_agent_info.csv
[m[0;33mW20250807 04:59:25.635331 139813058213632 tool.cpp:1902] rocprofv3_error_signal_handler caught signal 11...
[m# ---- Run standalone_attn_decode_2d_1_2048_512_512_nan ----
[0;31mE20250807 04:59:43.108697 140719181727488 output_stream.cpp:105] Opened result file: ./profiles/standalone_attn_decode_2d_1_2048_512_512_nan_kernel_trace.csv
[m[0;31mE20250807 04:59:43.116749 140719181727488 output_stream.cpp:105] Opened result file: ./profiles/standalone_attn_decode_2d_1_2048_512_512_nan_agent_info.csv
[m# ---- Run standalone_attn_decode_3d_1_2048_512_512_nan ----
[0;31mE20250807 05:00:03.338966 139916899649280 output_stream.cpp:105] Opened result file: ./profiles/standalone_attn_decode_3d_1_2048_512_512_nan_kernel_trace.csv
[m[0;31mE20250807 05:00:03.346403 139916899649280 output_stream.cpp:105] Opened result file: ./profiles/standalone_attn_decode_3d_1_2048_512_512_nan_agent_info.csv
[m# ---- Run standalone_attn_decode_2d_1_2048_512_1024_32 ----
[0;31mE20250807 05:00:21.978324 140398335432448 output_stream.cpp:105] Opened result file: ./profiles/standalone_attn_decode_2d_1_2048_512_1024_32_kernel_trace.csv
[m[0;31mE20250807 05:00:21.985737 140398335432448 output_stream.cpp:105] Opened result file: ./profiles/standalone_attn_decode_2d_1_2048_512_1024_32_agent_info.csv
[m[0;33mW20250807 05:00:25.222362 140398335432448 tool.cpp:1902] rocprofv3_error_signal_handler caught signal 11...
[m# ---- Run standalone_attn_decode_3d_1_2048_512_1024_32 ----
[0;31mE20250807 05:00:41.790456 140429103138560 output_stream.cpp:105] Opened result file: ./profiles/standalone_attn_decode_3d_1_2048_512_1024_32_kernel_trace.csv
[m[0;31mE20250807 05:00:41.798248 140429103138560 output_stream.cpp:105] Opened result file: ./profiles/standalone_attn_decode_3d_1_2048_512_1024_32_agent_info.csv
[m[0;33mW20250807 05:00:44.992958 140429103138560 tool.cpp:1902] rocprofv3_error_signal_handler caught signal 11...
[m# ---- Run standalone_attn_decode_2d_1_2048_512_1024_nan ----
[0;31mE20250807 05:01:03.641903 140718606092032 output_stream.cpp:105] Opened result file: ./profiles/standalone_attn_decode_2d_1_2048_512_1024_nan_kernel_trace.csv
[m[0;31mE20250807 05:01:03.649177 140718606092032 output_stream.cpp:105] Opened result file: ./profiles/standalone_attn_decode_2d_1_2048_512_1024_nan_agent_info.csv
[m# ---- Run standalone_attn_decode_3d_1_2048_512_1024_nan ----
[0;31mE20250807 05:01:29.024205 139868296836864 output_stream.cpp:105] Opened result file: ./profiles/standalone_attn_decode_3d_1_2048_512_1024_nan_kernel_trace.csv
[m[0;31mE20250807 05:01:29.031797 139868296836864 output_stream.cpp:105] Opened result file: ./profiles/standalone_attn_decode_3d_1_2048_512_1024_nan_agent_info.csv
[m# ---- Run standalone_attn_decode_2d_1_2048_512_2048_32 ----
[0;31mE20250807 05:01:51.071125 139628107716352 output_stream.cpp:105] Opened result file: ./profiles/standalone_attn_decode_2d_1_2048_512_2048_32_kernel_trace.csv
[m[0;31mE20250807 05:01:51.078908 139628107716352 output_stream.cpp:105] Opened result file: ./profiles/standalone_attn_decode_2d_1_2048_512_2048_32_agent_info.csv
[m[0;33mW20250807 05:01:54.454422 139628107716352 tool.cpp:1902] rocprofv3_error_signal_handler caught signal 11...
[m# ---- Run standalone_attn_decode_3d_1_2048_512_2048_32 ----
[0;31mE20250807 05:02:10.938580 139946438809344 output_stream.cpp:105] Opened result file: ./profiles/standalone_attn_decode_3d_1_2048_512_2048_32_kernel_trace.csv
[m[0;31mE20250807 05:02:10.946201 139946438809344 output_stream.cpp:105] Opened result file: ./profiles/standalone_attn_decode_3d_1_2048_512_2048_32_agent_info.csv
[m[0;33mW20250807 05:02:14.207620 139946438809344 tool.cpp:1902] rocprofv3_error_signal_handler caught signal 11...
[m# ---- Run standalone_attn_decode_2d_1_2048_512_2048_nan ----
[0;31mE20250807 05:02:29.340425 140454637975296 output_stream.cpp:105] Opened result file: ./profiles/standalone_attn_decode_2d_1_2048_512_2048_nan_kernel_trace.csv
[m[0;31mE20250807 05:02:29.347932 140454637975296 output_stream.cpp:105] Opened result file: ./profiles/standalone_attn_decode_2d_1_2048_512_2048_nan_agent_info.csv
[m# ---- Run standalone_attn_decode_3d_1_2048_512_2048_nan ----
[0;31mE20250807 05:02:51.855967 139753875420928 output_stream.cpp:105] Opened result file: ./profiles/standalone_attn_decode_3d_1_2048_512_2048_nan_kernel_trace.csv
[m[0;31mE20250807 05:02:51.863465 139753875420928 output_stream.cpp:105] Opened result file: ./profiles/standalone_attn_decode_3d_1_2048_512_2048_nan_agent_info.csv
[m# ---- Run standalone_attn_decode_2d_1_2048_512_4096_32 ----
[0;31mE20250807 05:03:13.029645 140328497239808 output_stream.cpp:105] Opened result file: ./profiles/standalone_attn_decode_2d_1_2048_512_4096_32_kernel_trace.csv
[m[0;31mE20250807 05:03:13.037091 140328497239808 output_stream.cpp:105] Opened result file: ./profiles/standalone_attn_decode_2d_1_2048_512_4096_32_agent_info.csv
[m[0;33mW20250807 05:03:16.209882 140328497239808 tool.cpp:1902] rocprofv3_error_signal_handler caught signal 11...
[m# ---- Run standalone_attn_decode_3d_1_2048_512_4096_32 ----
[0;31mE20250807 05:03:36.517453 140053393581824 output_stream.cpp:105] Opened result file: ./profiles/standalone_attn_decode_3d_1_2048_512_4096_32_kernel_trace.csv
[m[0;31mE20250807 05:03:36.524683 140053393581824 output_stream.cpp:105] Opened result file: ./profiles/standalone_attn_decode_3d_1_2048_512_4096_32_agent_info.csv
[m[0;33mW20250807 05:03:39.905446 140053393581824 tool.cpp:1902] rocprofv3_error_signal_handler caught signal 11...
[m# ---- Run standalone_attn_decode_2d_1_2048_512_4096_nan ----
[0;31mE20250807 05:03:59.885540 140417140078336 output_stream.cpp:105] Opened result file: ./profiles/standalone_attn_decode_2d_1_2048_512_4096_nan_kernel_trace.csv
[m[0;31mE20250807 05:03:59.892853 140417140078336 output_stream.cpp:105] Opened result file: ./profiles/standalone_attn_decode_2d_1_2048_512_4096_nan_agent_info.csv
[m# ---- Run standalone_attn_decode_3d_1_2048_512_4096_nan ----
[0;31mE20250807 05:04:23.236754 140697382557440 output_stream.cpp:105] Opened result file: ./profiles/standalone_attn_decode_3d_1_2048_512_4096_nan_kernel_trace.csv
[m[0;31mE20250807 05:04:23.243999 140697382557440 output_stream.cpp:105] Opened result file: ./profiles/standalone_attn_decode_3d_1_2048_512_4096_nan_agent_info.csv
[m# ---- Run standalone_attn_decode_2d_1_2048_1_256_64 ----
[0;31mE20250807 18:35:08.056162 140654035748608 output_stream.cpp:105] Opened result file: ./profiles/standalone_attn_decode_2d_1_2048_1_256_64_kernel_trace.csv
[m[0;31mE20250807 18:35:08.062085 140654035748608 output_stream.cpp:105] Opened result file: ./profiles/standalone_attn_decode_2d_1_2048_1_256_64_agent_info.csv
[m[0;33mW20250807 18:35:11.193968 140654035748608 tool.cpp:1902] rocprofv3_error_signal_handler caught signal 11...
[m# ---- Run standalone_attn_decode_3d_1_2048_1_256_64 ----
[0;31mE20250807 18:35:27.009951 140248025880320 output_stream.cpp:105] Opened result file: ./profiles/standalone_attn_decode_3d_1_2048_1_256_64_kernel_trace.csv
[m[0;31mE20250807 18:35:27.015839 140248025880320 output_stream.cpp:105] Opened result file: ./profiles/standalone_attn_decode_3d_1_2048_1_256_64_agent_info.csv
[m[0;33mW20250807 18:35:29.831033 140248025880320 tool.cpp:1902] rocprofv3_error_signal_handler caught signal 11...
[m# ---- Run standalone_attn_decode_2d_1_2048_1_256_128 ----
[0;31mE20250807 18:35:43.977234 140689804678912 output_stream.cpp:105] Opened result file: ./profiles/standalone_attn_decode_2d_1_2048_1_256_128_kernel_trace.csv
[m[0;31mE20250807 18:35:43.982600 140689804678912 output_stream.cpp:105] Opened result file: ./profiles/standalone_attn_decode_2d_1_2048_1_256_128_agent_info.csv
[m[0;33mW20250807 18:35:46.766962 140689804678912 tool.cpp:1902] rocprofv3_error_signal_handler caught signal 11...
[m# ---- Run standalone_attn_decode_3d_1_2048_1_256_128 ----
[0;31mE20250807 18:36:02.355141 140682974193408 output_stream.cpp:105] Opened result file: ./profiles/standalone_attn_decode_3d_1_2048_1_256_128_kernel_trace.csv
[m[0;31mE20250807 18:36:02.360683 140682974193408 output_stream.cpp:105] Opened result file: ./profiles/standalone_attn_decode_3d_1_2048_1_256_128_agent_info.csv
[m[0;33mW20250807 18:36:05.126785 140682974193408 tool.cpp:1902] rocprofv3_error_signal_handler caught signal 11...
[m# ---- Run standalone_attn_decode_2d_1_2048_1_256_160 ----
[0;31mE20250807 18:36:19.190477 140547566200576 output_stream.cpp:105] Opened result file: ./profiles/standalone_attn_decode_2d_1_2048_1_256_160_kernel_trace.csv
[m[0;31mE20250807 18:36:19.195906 140547566200576 output_stream.cpp:105] Opened result file: ./profiles/standalone_attn_decode_2d_1_2048_1_256_160_agent_info.csv
[m[0;33mW20250807 18:36:21.983568 140547566200576 tool.cpp:1902] rocprofv3_error_signal_handler caught signal 11...
[m# ---- Run standalone_attn_decode_3d_1_2048_1_256_160 ----
[0;31mE20250807 18:36:37.197931 140486011840256 output_stream.cpp:105] Opened result file: ./profiles/standalone_attn_decode_3d_1_2048_1_256_160_kernel_trace.csv
[m[0;31mE20250807 18:36:37.203284 140486011840256 output_stream.cpp:105] Opened result file: ./profiles/standalone_attn_decode_3d_1_2048_1_256_160_agent_info.csv
[m[0;33mW20250807 18:36:40.019978 140486011840256 tool.cpp:1902] rocprofv3_error_signal_handler caught signal 11...
[m# ---- Run standalone_attn_decode_2d_1_2048_1_512_64 ----
[0;31mE20250807 18:36:54.620845 140518528476928 output_stream.cpp:105] Opened result file: ./profiles/standalone_attn_decode_2d_1_2048_1_512_64_kernel_trace.csv
[m[0;31mE20250807 18:36:54.626834 140518528476928 output_stream.cpp:105] Opened result file: ./profiles/standalone_attn_decode_2d_1_2048_1_512_64_agent_info.csv
[m[0;33mW20250807 18:36:57.733843 140518528476928 tool.cpp:1902] rocprofv3_error_signal_handler caught signal 11...
[m# ---- Run standalone_attn_decode_3d_1_2048_1_512_64 ----
[0;31mE20250807 18:37:12.955873 139901679879936 output_stream.cpp:105] Opened result file: ./profiles/standalone_attn_decode_3d_1_2048_1_512_64_kernel_trace.csv
[m[0;31mE20250807 18:37:12.961256 139901679879936 output_stream.cpp:105] Opened result file: ./profiles/standalone_attn_decode_3d_1_2048_1_512_64_agent_info.csv
[m[0;33mW20250807 18:37:15.770200 139901679879936 tool.cpp:1902] rocprofv3_error_signal_handler caught signal 11...
[m# ---- Run standalone_attn_decode_2d_1_2048_1_512_128 ----
[0;31mE20250807 18:37:30.007281 140547671987968 output_stream.cpp:105] Opened result file: ./profiles/standalone_attn_decode_2d_1_2048_1_512_128_kernel_trace.csv
[m[0;31mE20250807 18:37:30.013779 140547671987968 output_stream.cpp:105] Opened result file: ./profiles/standalone_attn_decode_2d_1_2048_1_512_128_agent_info.csv
[m[0;33mW20250807 18:37:33.001761 140547671987968 tool.cpp:1902] rocprofv3_error_signal_handler caught signal 11...
[m# ---- Run standalone_attn_decode_3d_1_2048_1_512_128 ----
[0;31mE20250807 18:37:49.432772 139724882315008 output_stream.cpp:105] Opened result file: ./profiles/standalone_attn_decode_3d_1_2048_1_512_128_kernel_trace.csv
[m[0;31mE20250807 18:37:49.439579 139724882315008 output_stream.cpp:105] Opened result file: ./profiles/standalone_attn_decode_3d_1_2048_1_512_128_agent_info.csv
[m[0;33mW20250807 18:37:52.630439 139724882315008 tool.cpp:1902] rocprofv3_error_signal_handler caught signal 11...
[m# ---- Run standalone_attn_decode_2d_1_2048_1_512_160 ----
[0;31mE20250807 18:38:08.168132 139723839108864 output_stream.cpp:105] Opened result file: ./profiles/standalone_attn_decode_2d_1_2048_1_512_160_kernel_trace.csv
[m[0;31mE20250807 18:38:08.173962 139723839108864 output_stream.cpp:105] Opened result file: ./profiles/standalone_attn_decode_2d_1_2048_1_512_160_agent_info.csv
[m[0;33mW20250807 18:38:11.290730 139723839108864 tool.cpp:1902] rocprofv3_error_signal_handler caught signal 11...
[m# ---- Run standalone_attn_decode_3d_1_2048_1_512_160 ----
[0;31mE20250807 18:38:27.848636 140055790794496 output_stream.cpp:105] Opened result file: ./profiles/standalone_attn_decode_3d_1_2048_1_512_160_kernel_trace.csv
[m[0;31mE20250807 18:38:27.854835 140055790794496 output_stream.cpp:105] Opened result file: ./profiles/standalone_attn_decode_3d_1_2048_1_512_160_agent_info.csv
[m[0;33mW20250807 18:38:31.038360 140055790794496 tool.cpp:1902] rocprofv3_error_signal_handler caught signal 11...
[m# ---- Run standalone_attn_decode_2d_1_2048_1_1024_64 ----
[0;31mE20250807 18:38:46.373830 140688118081280 output_stream.cpp:105] Opened result file: ./profiles/standalone_attn_decode_2d_1_2048_1_1024_64_kernel_trace.csv
[m[0;31mE20250807 18:38:46.380614 140688118081280 output_stream.cpp:105] Opened result file: ./profiles/standalone_attn_decode_2d_1_2048_1_1024_64_agent_info.csv
[m[0;33mW20250807 18:38:49.351099 140688118081280 tool.cpp:1902] rocprofv3_error_signal_handler caught signal 11...
[m# ---- Run standalone_attn_decode_3d_1_2048_1_1024_64 ----
[0;31mE20250807 18:39:03.941681 139888288904960 output_stream.cpp:105] Opened result file: ./profiles/standalone_attn_decode_3d_1_2048_1_1024_64_kernel_trace.csv
[m[0;31mE20250807 18:39:03.948051 139888288904960 output_stream.cpp:105] Opened result file: ./profiles/standalone_attn_decode_3d_1_2048_1_1024_64_agent_info.csv
[m[0;33mW20250807 18:39:06.925520 139888288904960 tool.cpp:1902] rocprofv3_error_signal_handler caught signal 11...
[m# ---- Run standalone_attn_decode_2d_1_2048_1_1024_128 ----
[0;31mE20250807 18:39:20.508095 140318444750592 output_stream.cpp:105] Opened result file: ./profiles/standalone_attn_decode_2d_1_2048_1_1024_128_kernel_trace.csv
[m[0;31mE20250807 18:39:20.513959 140318444750592 output_stream.cpp:105] Opened result file: ./profiles/standalone_attn_decode_2d_1_2048_1_1024_128_agent_info.csv
[m[0;33mW20250807 18:39:23.392497 140318444750592 tool.cpp:1902] rocprofv3_error_signal_handler caught signal 11...
[m# ---- Run standalone_attn_decode_3d_1_2048_1_1024_128 ----
[0;31mE20250807 18:39:38.076170 140484636862208 output_stream.cpp:105] Opened result file: ./profiles/standalone_attn_decode_3d_1_2048_1_1024_128_kernel_trace.csv
[m[0;31mE20250807 18:39:38.082132 140484636862208 output_stream.cpp:105] Opened result file: ./profiles/standalone_attn_decode_3d_1_2048_1_1024_128_agent_info.csv
[m[0;33mW20250807 18:39:41.214492 140484636862208 tool.cpp:1902] rocprofv3_error_signal_handler caught signal 11...
[m# ---- Run standalone_attn_decode_2d_1_2048_1_1024_160 ----
[0;31mE20250807 18:39:55.004280 140272376624896 output_stream.cpp:105] Opened result file: ./profiles/standalone_attn_decode_2d_1_2048_1_1024_160_kernel_trace.csv
[m[0;31mE20250807 18:39:55.010076 140272376624896 output_stream.cpp:105] Opened result file: ./profiles/standalone_attn_decode_2d_1_2048_1_1024_160_agent_info.csv
[m[0;33mW20250807 18:39:57.980030 140272376624896 tool.cpp:1902] rocprofv3_error_signal_handler caught signal 11...
[m# ---- Run standalone_attn_decode_3d_1_2048_1_1024_160 ----
[0;31mE20250807 18:40:12.367317 140038782953216 output_stream.cpp:105] Opened result file: ./profiles/standalone_attn_decode_3d_1_2048_1_1024_160_kernel_trace.csv
[m[0;31mE20250807 18:40:12.373062 140038782953216 output_stream.cpp:105] Opened result file: ./profiles/standalone_attn_decode_3d_1_2048_1_1024_160_agent_info.csv
[m[0;33mW20250807 18:40:15.130969 140038782953216 tool.cpp:1902] rocprofv3_error_signal_handler caught signal 11...
[m# ---- Run standalone_attn_decode_2d_1_2048_1_2048_64 ----
[0;31mE20250807 18:40:28.359345 140597521630976 output_stream.cpp:105] Opened result file: ./profiles/standalone_attn_decode_2d_1_2048_1_2048_64_kernel_trace.csv
[m[0;31mE20250807 18:40:28.365777 140597521630976 output_stream.cpp:105] Opened result file: ./profiles/standalone_attn_decode_2d_1_2048_1_2048_64_agent_info.csv
[m[0;33mW20250807 18:40:31.327577 140597521630976 tool.cpp:1902] rocprofv3_error_signal_handler caught signal 11...
[m# ---- Run standalone_attn_decode_3d_1_2048_1_2048_64 ----
[0;31mE20250807 18:40:45.476687 139757462267648 output_stream.cpp:105] Opened result file: ./profiles/standalone_attn_decode_3d_1_2048_1_2048_64_kernel_trace.csv
[m[0;31mE20250807 18:40:45.482318 139757462267648 output_stream.cpp:105] Opened result file: ./profiles/standalone_attn_decode_3d_1_2048_1_2048_64_agent_info.csv
[m[0;33mW20250807 18:40:48.390450 139757462267648 tool.cpp:1902] rocprofv3_error_signal_handler caught signal 11...
[m# ---- Run standalone_attn_decode_2d_1_2048_1_2048_128 ----
[0;31mE20250807 18:41:02.146942 140332699264768 output_stream.cpp:105] Opened result file: ./profiles/standalone_attn_decode_2d_1_2048_1_2048_128_kernel_trace.csv
[m[0;31mE20250807 18:41:02.152423 140332699264768 output_stream.cpp:105] Opened result file: ./profiles/standalone_attn_decode_2d_1_2048_1_2048_128_agent_info.csv
[m[0;33mW20250807 18:41:05.226955 140332699264768 tool.cpp:1902] rocprofv3_error_signal_handler caught signal 11...
[m# ---- Run standalone_attn_decode_3d_1_2048_1_2048_128 ----
[0;31mE20250807 18:41:19.895378 140117323331328 output_stream.cpp:105] Opened result file: ./profiles/standalone_attn_decode_3d_1_2048_1_2048_128_kernel_trace.csv
[m[0;31mE20250807 18:41:19.900860 140117323331328 output_stream.cpp:105] Opened result file: ./profiles/standalone_attn_decode_3d_1_2048_1_2048_128_agent_info.csv
[m[0;33mW20250807 18:41:22.674085 140117323331328 tool.cpp:1902] rocprofv3_error_signal_handler caught signal 11...
[m# ---- Run standalone_attn_decode_2d_1_2048_1_2048_160 ----
[0;31mE20250807 18:41:36.210093 139739356763904 output_stream.cpp:105] Opened result file: ./profiles/standalone_attn_decode_2d_1_2048_1_2048_160_kernel_trace.csv
[m[0;31mE20250807 18:41:36.215506 139739356763904 output_stream.cpp:105] Opened result file: ./profiles/standalone_attn_decode_2d_1_2048_1_2048_160_agent_info.csv
[m[0;33mW20250807 18:41:39.017102 139739356763904 tool.cpp:1902] rocprofv3_error_signal_handler caught signal 11...
[m# ---- Run standalone_attn_decode_3d_1_2048_1_2048_160 ----
[0;31mE20250807 18:41:54.014863 139840083773184 output_stream.cpp:105] Opened result file: ./profiles/standalone_attn_decode_3d_1_2048_1_2048_160_kernel_trace.csv
[m[0;31mE20250807 18:41:54.021149 139840083773184 output_stream.cpp:105] Opened result file: ./profiles/standalone_attn_decode_3d_1_2048_1_2048_160_agent_info.csv
[m[0;33mW20250807 18:41:56.865643 139840083773184 tool.cpp:1902] rocprofv3_error_signal_handler caught signal 11...
[m# ---- Run standalone_attn_decode_2d_1_2048_1_4096_64 ----
[0;31mE20250807 18:42:10.706986 139646322423552 output_stream.cpp:105] Opened result file: ./profiles/standalone_attn_decode_2d_1_2048_1_4096_64_kernel_trace.csv
[m[0;31mE20250807 18:42:10.713738 139646322423552 output_stream.cpp:105] Opened result file: ./profiles/standalone_attn_decode_2d_1_2048_1_4096_64_agent_info.csv
[m[0;33mW20250807 18:42:13.719030 139646322423552 tool.cpp:1902] rocprofv3_error_signal_handler caught signal 11...
[m# ---- Run standalone_attn_decode_3d_1_2048_1_4096_64 ----
[0;31mE20250807 18:42:28.013849 140680705644288 output_stream.cpp:105] Opened result file: ./profiles/standalone_attn_decode_3d_1_2048_1_4096_64_kernel_trace.csv
[m[0;31mE20250807 18:42:28.019309 140680705644288 output_stream.cpp:105] Opened result file: ./profiles/standalone_attn_decode_3d_1_2048_1_4096_64_agent_info.csv
[m[0;33mW20250807 18:42:30.802208 140680705644288 tool.cpp:1902] rocprofv3_error_signal_handler caught signal 11...
[m# ---- Run standalone_attn_decode_2d_1_2048_1_4096_128 ----
[0;31mE20250807 18:42:44.298922 139848449394432 output_stream.cpp:105] Opened result file: ./profiles/standalone_attn_decode_2d_1_2048_1_4096_128_kernel_trace.csv
[m[0;31mE20250807 18:42:44.304363 139848449394432 output_stream.cpp:105] Opened result file: ./profiles/standalone_attn_decode_2d_1_2048_1_4096_128_agent_info.csv
[m[0;33mW20250807 18:42:47.316631 139848449394432 tool.cpp:1902] rocprofv3_error_signal_handler caught signal 11...
[m# ---- Run standalone_attn_decode_3d_1_2048_1_4096_128 ----
[0;31mE20250807 18:43:02.067667 140452330616576 output_stream.cpp:105] Opened result file: ./profiles/standalone_attn_decode_3d_1_2048_1_4096_128_kernel_trace.csv
[m[0;31mE20250807 18:43:02.073533 140452330616576 output_stream.cpp:105] Opened result file: ./profiles/standalone_attn_decode_3d_1_2048_1_4096_128_agent_info.csv
[m[0;33mW20250807 18:43:05.040330 140452330616576 tool.cpp:1902] rocprofv3_error_signal_handler caught signal 11...
[m# ---- Run standalone_attn_decode_2d_1_2048_1_4096_160 ----
[0;31mE20250807 18:43:19.017026 140161095345920 output_stream.cpp:105] Opened result file: ./profiles/standalone_attn_decode_2d_1_2048_1_4096_160_kernel_trace.csv
[m[0;31mE20250807 18:43:19.022888 140161095345920 output_stream.cpp:105] Opened result file: ./profiles/standalone_attn_decode_2d_1_2048_1_4096_160_agent_info.csv
[m[0;33mW20250807 18:43:22.037545 140161095345920 tool.cpp:1902] rocprofv3_error_signal_handler caught signal 11...
[m# ---- Run standalone_attn_decode_3d_1_2048_1_4096_160 ----
[0;31mE20250807 18:43:36.991105 139754895591168 output_stream.cpp:105] Opened result file: ./profiles/standalone_attn_decode_3d_1_2048_1_4096_160_kernel_trace.csv
[m[0;31mE20250807 18:43:36.996796 139754895591168 output_stream.cpp:105] Opened result file: ./profiles/standalone_attn_decode_3d_1_2048_1_4096_160_agent_info.csv
[m[0;33mW20250807 18:43:40.136727 139754895591168 tool.cpp:1902] rocprofv3_error_signal_handler caught signal 11...
[m# ---- Run standalone_attn_decode_2d_1_2048_8_256_64 ----
[0;31mE20250807 18:43:54.103496 139623526135552 output_stream.cpp:105] Opened result file: ./profiles/standalone_attn_decode_2d_1_2048_8_256_64_kernel_trace.csv
[m[0;31mE20250807 18:43:54.109196 139623526135552 output_stream.cpp:105] Opened result file: ./profiles/standalone_attn_decode_2d_1_2048_8_256_64_agent_info.csv
[m[0;33mW20250807 18:43:57.141207 139623526135552 tool.cpp:1902] rocprofv3_error_signal_handler caught signal 11...
[m# ---- Run standalone_attn_decode_3d_1_2048_8_256_64 ----
[0;31mE20250807 18:44:12.049929 140085921031936 output_stream.cpp:105] Opened result file: ./profiles/standalone_attn_decode_3d_1_2048_8_256_64_kernel_trace.csv
[m[0;31mE20250807 18:44:12.056692 140085921031936 output_stream.cpp:105] Opened result file: ./profiles/standalone_attn_decode_3d_1_2048_8_256_64_agent_info.csv
[m[0;33mW20250807 18:44:15.085165 140085921031936 tool.cpp:1902] rocprofv3_error_signal_handler caught signal 11...
[m# ---- Run standalone_attn_decode_2d_1_2048_8_256_128 ----
[0;31mE20250807 18:44:28.963365 140075978401536 output_stream.cpp:105] Opened result file: ./profiles/standalone_attn_decode_2d_1_2048_8_256_128_kernel_trace.csv
[m[0;31mE20250807 18:44:28.969133 140075978401536 output_stream.cpp:105] Opened result file: ./profiles/standalone_attn_decode_2d_1_2048_8_256_128_agent_info.csv
[m[0;33mW20250807 18:44:31.769284 140075978401536 tool.cpp:1902] rocprofv3_error_signal_handler caught signal 11...
[m# ---- Run standalone_attn_decode_3d_1_2048_8_256_128 ----
[0;31mE20250807 18:44:46.610252 139987509516032 output_stream.cpp:105] Opened result file: ./profiles/standalone_attn_decode_3d_1_2048_8_256_128_kernel_trace.csv
[m[0;31mE20250807 18:44:46.615792 139987509516032 output_stream.cpp:105] Opened result file: ./profiles/standalone_attn_decode_3d_1_2048_8_256_128_agent_info.csv
[m[0;33mW20250807 18:44:49.431142 139987509516032 tool.cpp:1902] rocprofv3_error_signal_handler caught signal 11...
[m# ---- Run standalone_attn_decode_2d_1_2048_8_256_160 ----
[0;31mE20250807 18:45:03.742575 139770494297856 output_stream.cpp:105] Opened result file: ./profiles/standalone_attn_decode_2d_1_2048_8_256_160_kernel_trace.csv
[m[0;31mE20250807 18:45:03.748101 139770494297856 output_stream.cpp:105] Opened result file: ./profiles/standalone_attn_decode_2d_1_2048_8_256_160_agent_info.csv
[m[0;33mW20250807 18:45:06.684663 139770494297856 tool.cpp:1902] rocprofv3_error_signal_handler caught signal 11...
[m# ---- Run standalone_attn_decode_3d_1_2048_8_256_160 ----
[0;31mE20250807 18:45:21.457990 140554714969856 output_stream.cpp:105] Opened result file: ./profiles/standalone_attn_decode_3d_1_2048_8_256_160_kernel_trace.csv
[m[0;31mE20250807 18:45:21.463770 140554714969856 output_stream.cpp:105] Opened result file: ./profiles/standalone_attn_decode_3d_1_2048_8_256_160_agent_info.csv
[m[0;33mW20250807 18:45:24.340638 140554714969856 tool.cpp:1902] rocprofv3_error_signal_handler caught signal 11...
[m# ---- Run standalone_attn_decode_2d_1_2048_8_512_64 ----
[0;31mE20250807 18:45:38.223909 140652535432960 output_stream.cpp:105] Opened result file: ./profiles/standalone_attn_decode_2d_1_2048_8_512_64_kernel_trace.csv
[m[0;31mE20250807 18:45:38.229333 140652535432960 output_stream.cpp:105] Opened result file: ./profiles/standalone_attn_decode_2d_1_2048_8_512_64_agent_info.csv
[m[0;33mW20250807 18:45:41.037559 140652535432960 tool.cpp:1902] rocprofv3_error_signal_handler caught signal 11...
[m# ---- Run standalone_attn_decode_3d_1_2048_8_512_64 ----
[0;31mE20250807 18:45:56.363247 140601253041920 output_stream.cpp:105] Opened result file: ./profiles/standalone_attn_decode_3d_1_2048_8_512_64_kernel_trace.csv
[m[0;31mE20250807 18:45:56.369504 140601253041920 output_stream.cpp:105] Opened result file: ./profiles/standalone_attn_decode_3d_1_2048_8_512_64_agent_info.csv
[m[0;33mW20250807 18:45:59.451186 140601253041920 tool.cpp:1902] rocprofv3_error_signal_handler caught signal 11...
[m# ---- Run standalone_attn_decode_2d_1_2048_8_512_128 ----
[0;31mE20250807 18:46:13.923420 140555164628736 output_stream.cpp:105] Opened result file: ./profiles/standalone_attn_decode_2d_1_2048_8_512_128_kernel_trace.csv
[m[0;31mE20250807 18:46:13.929897 140555164628736 output_stream.cpp:105] Opened result file: ./profiles/standalone_attn_decode_2d_1_2048_8_512_128_agent_info.csv
[m[0;33mW20250807 18:46:17.085215 140555164628736 tool.cpp:1902] rocprofv3_error_signal_handler caught signal 11...
[m# ---- Run standalone_attn_decode_3d_1_2048_8_512_128 ----
[0;31mE20250807 18:46:33.102139 139996406912768 output_stream.cpp:105] Opened result file: ./profiles/standalone_attn_decode_3d_1_2048_8_512_128_kernel_trace.csv
[m[0;31mE20250807 18:46:33.108445 139996406912768 output_stream.cpp:105] Opened result file: ./profiles/standalone_attn_decode_3d_1_2048_8_512_128_agent_info.csv
[m[0;33mW20250807 18:46:36.233436 139996406912768 tool.cpp:1902] rocprofv3_error_signal_handler caught signal 11...
[m# ---- Run standalone_attn_decode_2d_1_2048_8_512_160 ----
[0;31mE20250807 18:46:51.335778 140535949383424 output_stream.cpp:105] Opened result file: ./profiles/standalone_attn_decode_2d_1_2048_8_512_160_kernel_trace.csv
[m[0;31mE20250807 18:46:51.342885 140535949383424 output_stream.cpp:105] Opened result file: ./profiles/standalone_attn_decode_2d_1_2048_8_512_160_agent_info.csv
[m[0;33mW20250807 18:46:54.623302 140535949383424 tool.cpp:1902] rocprofv3_error_signal_handler caught signal 11...
[m# ---- Run standalone_attn_decode_3d_1_2048_8_512_160 ----
[0;31mE20250807 18:47:11.083968 140311333799680 output_stream.cpp:105] Opened result file: ./profiles/standalone_attn_decode_3d_1_2048_8_512_160_kernel_trace.csv
[m[0;31mE20250807 18:47:11.090032 140311333799680 output_stream.cpp:105] Opened result file: ./profiles/standalone_attn_decode_3d_1_2048_8_512_160_agent_info.csv
[m[0;33mW20250807 18:47:14.251212 140311333799680 tool.cpp:1902] rocprofv3_error_signal_handler caught signal 11...
[m# ---- Run standalone_attn_decode_2d_1_2048_8_1024_64 ----
[0;31mE20250807 18:47:29.246562 140506590705408 output_stream.cpp:105] Opened result file: ./profiles/standalone_attn_decode_2d_1_2048_8_1024_64_kernel_trace.csv
[m[0;31mE20250807 18:47:29.253023 140506590705408 output_stream.cpp:105] Opened result file: ./profiles/standalone_attn_decode_2d_1_2048_8_1024_64_agent_info.csv
[m[0;33mW20250807 18:47:32.560593 140506590705408 tool.cpp:1902] rocprofv3_error_signal_handler caught signal 11...
[m# ---- Run standalone_attn_decode_3d_1_2048_8_1024_64 ----
[0;31mE20250807 18:47:48.482351 140311187871488 output_stream.cpp:105] Opened result file: ./profiles/standalone_attn_decode_3d_1_2048_8_1024_64_kernel_trace.csv
[m[0;31mE20250807 18:47:48.488363 140311187871488 output_stream.cpp:105] Opened result file: ./profiles/standalone_attn_decode_3d_1_2048_8_1024_64_agent_info.csv
[m[0;33mW20250807 18:47:51.502572 140311187871488 tool.cpp:1902] rocprofv3_error_signal_handler caught signal 11...
[m# ---- Run standalone_attn_decode_2d_1_2048_8_1024_128 ----
[0;31mE20250807 18:48:05.745498 140424375183104 output_stream.cpp:105] Opened result file: ./profiles/standalone_attn_decode_2d_1_2048_8_1024_128_kernel_trace.csv
[m[0;31mE20250807 18:48:05.751203 140424375183104 output_stream.cpp:105] Opened result file: ./profiles/standalone_attn_decode_2d_1_2048_8_1024_128_agent_info.csv
[m[0;33mW20250807 18:48:08.697585 140424375183104 tool.cpp:1902] rocprofv3_error_signal_handler caught signal 11...
[m# ---- Run standalone_attn_decode_3d_1_2048_8_1024_128 ----
[0;31mE20250807 18:48:23.727798 139995250374400 output_stream.cpp:105] Opened result file: ./profiles/standalone_attn_decode_3d_1_2048_8_1024_128_kernel_trace.csv
[m[0;31mE20250807 18:48:23.733975 139995250374400 output_stream.cpp:105] Opened result file: ./profiles/standalone_attn_decode_3d_1_2048_8_1024_128_agent_info.csv
[m[0;33mW20250807 18:48:26.702269 139995250374400 tool.cpp:1902] rocprofv3_error_signal_handler caught signal 11...
[m# ---- Run standalone_attn_decode_2d_1_2048_8_1024_160 ----
[0;31mE20250807 18:48:40.835530 140265675724544 output_stream.cpp:105] Opened result file: ./profiles/standalone_attn_decode_2d_1_2048_8_1024_160_kernel_trace.csv
[m[0;31mE20250807 18:48:40.841917 140265675724544 output_stream.cpp:105] Opened result file: ./profiles/standalone_attn_decode_2d_1_2048_8_1024_160_agent_info.csv
[m[0;33mW20250807 18:48:43.819451 140265675724544 tool.cpp:1902] rocprofv3_error_signal_handler caught signal 11...
[m# ---- Run standalone_attn_decode_3d_1_2048_8_1024_160 ----
[0;31mE20250807 18:48:59.346090 140321268918016 output_stream.cpp:105] Opened result file: ./profiles/standalone_attn_decode_3d_1_2048_8_1024_160_kernel_trace.csv
[m[0;31mE20250807 18:48:59.352173 140321268918016 output_stream.cpp:105] Opened result file: ./profiles/standalone_attn_decode_3d_1_2048_8_1024_160_agent_info.csv
[m[0;33mW20250807 18:49:02.508500 140321268918016 tool.cpp:1902] rocprofv3_error_signal_handler caught signal 11...
[m# ---- Run standalone_attn_decode_2d_1_2048_8_2048_64 ----
[0;31mE20250807 18:49:17.496879 140193686980352 output_stream.cpp:105] Opened result file: ./profiles/standalone_attn_decode_2d_1_2048_8_2048_64_kernel_trace.csv
[m[0;31mE20250807 18:49:17.503048 140193686980352 output_stream.cpp:105] Opened result file: ./profiles/standalone_attn_decode_2d_1_2048_8_2048_64_agent_info.csv
[m[0;33mW20250807 18:49:20.626185 140193686980352 tool.cpp:1902] rocprofv3_error_signal_handler caught signal 11...
[m# ---- Run standalone_attn_decode_3d_1_2048_8_2048_64 ----
[0;31mE20250807 18:49:36.503876 140606196156160 output_stream.cpp:105] Opened result file: ./profiles/standalone_attn_decode_3d_1_2048_8_2048_64_kernel_trace.csv
[m[0;31mE20250807 18:49:36.510020 140606196156160 output_stream.cpp:105] Opened result file: ./profiles/standalone_attn_decode_3d_1_2048_8_2048_64_agent_info.csv
[m[0;33mW20250807 18:49:39.655597 140606196156160 tool.cpp:1902] rocprofv3_error_signal_handler caught signal 11...
[m# ---- Run standalone_attn_decode_2d_1_2048_8_2048_128 ----
[0;31mE20250807 18:49:54.662982 140350962157312 output_stream.cpp:105] Opened result file: ./profiles/standalone_attn_decode_2d_1_2048_8_2048_128_kernel_trace.csv
[m[0;31mE20250807 18:49:54.669492 140350962157312 output_stream.cpp:105] Opened result file: ./profiles/standalone_attn_decode_2d_1_2048_8_2048_128_agent_info.csv
[m[0;33mW20250807 18:49:57.864289 140350962157312 tool.cpp:1902] rocprofv3_error_signal_handler caught signal 11...
[m# ---- Run standalone_attn_decode_3d_1_2048_8_2048_128 ----
[0;31mE20250807 18:50:13.999713 140377518708480 output_stream.cpp:105] Opened result file: ./profiles/standalone_attn_decode_3d_1_2048_8_2048_128_kernel_trace.csv
[m[0;31mE20250807 18:50:14.006234 140377518708480 output_stream.cpp:105] Opened result file: ./profiles/standalone_attn_decode_3d_1_2048_8_2048_128_agent_info.csv
[m[0;33mW20250807 18:50:16.941139 140377518708480 tool.cpp:1902] rocprofv3_error_signal_handler caught signal 11...
[m# ---- Run standalone_attn_decode_2d_1_2048_8_2048_160 ----
[0;31mE20250807 18:50:31.622048 140211797382912 output_stream.cpp:105] Opened result file: ./profiles/standalone_attn_decode_2d_1_2048_8_2048_160_kernel_trace.csv
[m[0;31mE20250807 18:50:31.627442 140211797382912 output_stream.cpp:105] Opened result file: ./profiles/standalone_attn_decode_2d_1_2048_8_2048_160_agent_info.csv
[m[0;33mW20250807 18:50:34.537773 140211797382912 tool.cpp:1902] rocprofv3_error_signal_handler caught signal 11...
[m# ---- Run standalone_attn_decode_3d_1_2048_8_2048_160 ----
[0;31mE20250807 18:50:50.584520 140092857386752 output_stream.cpp:105] Opened result file: ./profiles/standalone_attn_decode_3d_1_2048_8_2048_160_kernel_trace.csv
[m[0;31mE20250807 18:50:50.590969 140092857386752 output_stream.cpp:105] Opened result file: ./profiles/standalone_attn_decode_3d_1_2048_8_2048_160_agent_info.csv
[m[0;33mW20250807 18:50:53.632429 140092857386752 tool.cpp:1902] rocprofv3_error_signal_handler caught signal 11...
[m# ---- Run standalone_attn_decode_2d_1_2048_8_4096_64 ----
[0;31mE20250807 18:51:08.480712 140116826449664 output_stream.cpp:105] Opened result file: ./profiles/standalone_attn_decode_2d_1_2048_8_4096_64_kernel_trace.csv
[m[0;31mE20250807 18:51:08.486375 140116826449664 output_stream.cpp:105] Opened result file: ./profiles/standalone_attn_decode_2d_1_2048_8_4096_64_agent_info.csv
[m[0;33mW20250807 18:51:11.394650 140116826449664 tool.cpp:1902] rocprofv3_error_signal_handler caught signal 11...
[m# ---- Run standalone_attn_decode_3d_1_2048_8_4096_64 ----
[0;31mE20250807 18:51:27.248484 140648451593984 output_stream.cpp:105] Opened result file: ./profiles/standalone_attn_decode_3d_1_2048_8_4096_64_kernel_trace.csv
[m[0;31mE20250807 18:51:27.253998 140648451593984 output_stream.cpp:105] Opened result file: ./profiles/standalone_attn_decode_3d_1_2048_8_4096_64_agent_info.csv
[m[0;33mW20250807 18:51:30.317803 140648451593984 tool.cpp:1902] rocprofv3_error_signal_handler caught signal 11...
[m# ---- Run standalone_attn_decode_2d_1_2048_8_4096_128 ----
[0;31mE20250807 18:51:45.506435 140454533269248 output_stream.cpp:105] Opened result file: ./profiles/standalone_attn_decode_2d_1_2048_8_4096_128_kernel_trace.csv
[m[0;31mE20250807 18:51:45.511990 140454533269248 output_stream.cpp:105] Opened result file: ./profiles/standalone_attn_decode_2d_1_2048_8_4096_128_agent_info.csv
[m[0;33mW20250807 18:51:48.406192 140454533269248 tool.cpp:1902] rocprofv3_error_signal_handler caught signal 11...
[m# ---- Run standalone_attn_decode_3d_1_2048_8_4096_128 ----
[0;31mE20250807 18:52:05.334858 139635855234816 output_stream.cpp:105] Opened result file: ./profiles/standalone_attn_decode_3d_1_2048_8_4096_128_kernel_trace.csv
[m[0;31mE20250807 18:52:05.340407 139635855234816 output_stream.cpp:105] Opened result file: ./profiles/standalone_attn_decode_3d_1_2048_8_4096_128_agent_info.csv
[m[0;33mW20250807 18:52:08.553183 139635855234816 tool.cpp:1902] rocprofv3_error_signal_handler caught signal 11...
[m# ---- Run standalone_attn_decode_2d_1_2048_8_4096_160 ----
[0;31mE20250807 18:52:22.999143 139688536684288 output_stream.cpp:105] Opened result file: ./profiles/standalone_attn_decode_2d_1_2048_8_4096_160_kernel_trace.csv
[m[0;31mE20250807 18:52:23.004428 139688536684288 output_stream.cpp:105] Opened result file: ./profiles/standalone_attn_decode_2d_1_2048_8_4096_160_agent_info.csv
[m[0;33mW20250807 18:52:25.901542 139688536684288 tool.cpp:1902] rocprofv3_error_signal_handler caught signal 11...
[m# ---- Run standalone_attn_decode_3d_1_2048_8_4096_160 ----
[0;31mE20250807 18:52:41.219846 140526198646528 output_stream.cpp:105] Opened result file: ./profiles/standalone_attn_decode_3d_1_2048_8_4096_160_kernel_trace.csv
[m[0;31mE20250807 18:52:41.225525 140526198646528 output_stream.cpp:105] Opened result file: ./profiles/standalone_attn_decode_3d_1_2048_8_4096_160_agent_info.csv
[m[0;33mW20250807 18:52:43.996775 140526198646528 tool.cpp:1902] rocprofv3_error_signal_handler caught signal 11...
[m# ---- Run standalone_attn_decode_2d_1_2048_16_256_64 ----
[0;31mE20250807 18:52:58.881359 140476161128192 output_stream.cpp:105] Opened result file: ./profiles/standalone_attn_decode_2d_1_2048_16_256_64_kernel_trace.csv
[m[0;31mE20250807 18:52:58.887145 140476161128192 output_stream.cpp:105] Opened result file: ./profiles/standalone_attn_decode_2d_1_2048_16_256_64_agent_info.csv
[m[0;33mW20250807 18:53:01.849647 140476161128192 tool.cpp:1902] rocprofv3_error_signal_handler caught signal 11...
[m# ---- Run standalone_attn_decode_3d_1_2048_16_256_64 ----
[0;31mE20250807 18:53:17.325870 140069734508288 output_stream.cpp:105] Opened result file: ./profiles/standalone_attn_decode_3d_1_2048_16_256_64_kernel_trace.csv
[m[0;31mE20250807 18:53:17.331484 140069734508288 output_stream.cpp:105] Opened result file: ./profiles/standalone_attn_decode_3d_1_2048_16_256_64_agent_info.csv
[m[0;33mW20250807 18:53:20.099191 140069734508288 tool.cpp:1902] rocprofv3_error_signal_handler caught signal 11...
[m# ---- Run standalone_attn_decode_2d_1_2048_16_256_128 ----
[0;31mE20250807 18:53:34.545355 139775836194560 output_stream.cpp:105] Opened result file: ./profiles/standalone_attn_decode_2d_1_2048_16_256_128_kernel_trace.csv
[m[0;31mE20250807 18:53:34.551967 139775836194560 output_stream.cpp:105] Opened result file: ./profiles/standalone_attn_decode_2d_1_2048_16_256_128_agent_info.csv
[m[0;33mW20250807 18:53:37.464981 139775836194560 tool.cpp:1902] rocprofv3_error_signal_handler caught signal 11...
[m# ---- Run standalone_attn_decode_3d_1_2048_16_256_128 ----
[0;31mE20250807 18:53:53.182727 140425205782272 output_stream.cpp:105] Opened result file: ./profiles/standalone_attn_decode_3d_1_2048_16_256_128_kernel_trace.csv
[m[0;31mE20250807 18:53:53.188802 140425205782272 output_stream.cpp:105] Opened result file: ./profiles/standalone_attn_decode_3d_1_2048_16_256_128_agent_info.csv
[m[0;33mW20250807 18:53:56.159574 140425205782272 tool.cpp:1902] rocprofv3_error_signal_handler caught signal 11...
[m# ---- Run standalone_attn_decode_2d_1_2048_16_256_160 ----
[0;31mE20250807 18:54:10.817768 139959904270080 output_stream.cpp:105] Opened result file: ./profiles/standalone_attn_decode_2d_1_2048_16_256_160_kernel_trace.csv
[m[0;31mE20250807 18:54:10.823801 139959904270080 output_stream.cpp:105] Opened result file: ./profiles/standalone_attn_decode_2d_1_2048_16_256_160_agent_info.csv
[m[0;33mW20250807 18:54:13.732553 139959904270080 tool.cpp:1902] rocprofv3_error_signal_handler caught signal 11...
[m# ---- Run standalone_attn_decode_3d_1_2048_16_256_160 ----
[0;31mE20250807 18:54:29.367113 140109219563264 output_stream.cpp:105] Opened result file: ./profiles/standalone_attn_decode_3d_1_2048_16_256_160_kernel_trace.csv
[m[0;31mE20250807 18:54:29.372813 140109219563264 output_stream.cpp:105] Opened result file: ./profiles/standalone_attn_decode_3d_1_2048_16_256_160_agent_info.csv
[m[0;33mW20250807 18:54:32.183359 140109219563264 tool.cpp:1902] rocprofv3_error_signal_handler caught signal 11...
[m# ---- Run standalone_attn_decode_2d_1_2048_16_512_64 ----
[0;31mE20250807 18:54:47.211493 140640758560512 output_stream.cpp:105] Opened result file: ./profiles/standalone_attn_decode_2d_1_2048_16_512_64_kernel_trace.csv
[m[0;31mE20250807 18:54:47.217958 140640758560512 output_stream.cpp:105] Opened result file: ./profiles/standalone_attn_decode_2d_1_2048_16_512_64_agent_info.csv
[m[0;33mW20250807 18:54:50.307610 140640758560512 tool.cpp:1902] rocprofv3_error_signal_handler caught signal 11...
[m# ---- Run standalone_attn_decode_3d_1_2048_16_512_64 ----
[0;31mE20250807 18:55:07.476298 139721850033920 output_stream.cpp:105] Opened result file: ./profiles/standalone_attn_decode_3d_1_2048_16_512_64_kernel_trace.csv
[m[0;31mE20250807 18:55:07.482437 139721850033920 output_stream.cpp:105] Opened result file: ./profiles/standalone_attn_decode_3d_1_2048_16_512_64_agent_info.csv
[m[0;33mW20250807 18:55:10.501604 139721850033920 tool.cpp:1902] rocprofv3_error_signal_handler caught signal 11...
[m# ---- Run standalone_attn_decode_2d_1_2048_16_512_128 ----
[0;31mE20250807 18:55:26.197763 140682461918976 output_stream.cpp:105] Opened result file: ./profiles/standalone_attn_decode_2d_1_2048_16_512_128_kernel_trace.csv
[m[0;31mE20250807 18:55:26.204503 140682461918976 output_stream.cpp:105] Opened result file: ./profiles/standalone_attn_decode_2d_1_2048_16_512_128_agent_info.csv
[m[0;33mW20250807 18:55:29.318407 140682461918976 tool.cpp:1902] rocprofv3_error_signal_handler caught signal 11...
[m# ---- Run standalone_attn_decode_3d_1_2048_16_512_128 ----
[0;31mE20250807 18:55:46.399360 140700828894976 output_stream.cpp:105] Opened result file: ./profiles/standalone_attn_decode_3d_1_2048_16_512_128_kernel_trace.csv
[m[0;31mE20250807 18:55:46.405437 140700828894976 output_stream.cpp:105] Opened result file: ./profiles/standalone_attn_decode_3d_1_2048_16_512_128_agent_info.csv
[m[0;33mW20250807 18:55:49.612365 140700828894976 tool.cpp:1902] rocprofv3_error_signal_handler caught signal 11...
[m# ---- Run standalone_attn_decode_2d_1_2048_16_512_160 ----
[0;31mE20250807 18:56:05.552327 140096412800768 output_stream.cpp:105] Opened result file: ./profiles/standalone_attn_decode_2d_1_2048_16_512_160_kernel_trace.csv
[m[0;31mE20250807 18:56:05.558479 140096412800768 output_stream.cpp:105] Opened result file: ./profiles/standalone_attn_decode_2d_1_2048_16_512_160_agent_info.csv
[m[0;33mW20250807 18:56:08.821723 140096412800768 tool.cpp:1902] rocprofv3_error_signal_handler caught signal 11...
[m# ---- Run standalone_attn_decode_3d_1_2048_16_512_160 ----
[0;31mE20250807 18:56:25.820549 140031503079168 output_stream.cpp:105] Opened result file: ./profiles/standalone_attn_decode_3d_1_2048_16_512_160_kernel_trace.csv
[m[0;31mE20250807 18:56:25.826750 140031503079168 output_stream.cpp:105] Opened result file: ./profiles/standalone_attn_decode_3d_1_2048_16_512_160_agent_info.csv
[m[0;33mW20250807 18:56:28.933070 140031503079168 tool.cpp:1902] rocprofv3_error_signal_handler caught signal 11...
[m# ---- Run standalone_attn_decode_2d_1_2048_16_1024_64 ----
[0;31mE20250807 18:56:44.064211 140625063110400 output_stream.cpp:105] Opened result file: ./profiles/standalone_attn_decode_2d_1_2048_16_1024_64_kernel_trace.csv
[m[0;31mE20250807 18:56:44.069794 140625063110400 output_stream.cpp:105] Opened result file: ./profiles/standalone_attn_decode_2d_1_2048_16_1024_64_agent_info.csv
[m[0;33mW20250807 18:56:46.933345 140625063110400 tool.cpp:1902] rocprofv3_error_signal_handler caught signal 11...
[m# ---- Run standalone_attn_decode_3d_1_2048_16_1024_64 ----
[0;31mE20250807 18:57:01.834373 140058767587072 output_stream.cpp:105] Opened result file: ./profiles/standalone_attn_decode_3d_1_2048_16_1024_64_kernel_trace.csv
[m[0;31mE20250807 18:57:01.840123 140058767587072 output_stream.cpp:105] Opened result file: ./profiles/standalone_attn_decode_3d_1_2048_16_1024_64_agent_info.csv
[m[0;33mW20250807 18:57:04.794455 140058767587072 tool.cpp:1902] rocprofv3_error_signal_handler caught signal 11...
[m# ---- Run standalone_attn_decode_2d_1_2048_16_1024_128 ----
[0;31mE20250807 18:57:18.728885 139859145570048 output_stream.cpp:105] Opened result file: ./profiles/standalone_attn_decode_2d_1_2048_16_1024_128_kernel_trace.csv
[m[0;31mE20250807 18:57:18.734659 139859145570048 output_stream.cpp:105] Opened result file: ./profiles/standalone_attn_decode_2d_1_2048_16_1024_128_agent_info.csv
[m[0;33mW20250807 18:57:21.690760 139859145570048 tool.cpp:1902] rocprofv3_error_signal_handler caught signal 11...
[m# ---- Run standalone_attn_decode_3d_1_2048_16_1024_128 ----
[0;31mE20250807 18:57:35.976121 139992690755328 output_stream.cpp:105] Opened result file: ./profiles/standalone_attn_decode_3d_1_2048_16_1024_128_kernel_trace.csv
[m[0;31mE20250807 18:57:35.982805 139992690755328 output_stream.cpp:105] Opened result file: ./profiles/standalone_attn_decode_3d_1_2048_16_1024_128_agent_info.csv
[m[0;33mW20250807 18:57:38.910274 139992690755328 tool.cpp:1902] rocprofv3_error_signal_handler caught signal 11...
[m# ---- Run standalone_attn_decode_2d_1_2048_16_1024_160 ----
[0;31mE20250807 18:57:52.564617 139907580978944 output_stream.cpp:105] Opened result file: ./profiles/standalone_attn_decode_2d_1_2048_16_1024_160_kernel_trace.csv
[m[0;31mE20250807 18:57:52.570177 139907580978944 output_stream.cpp:105] Opened result file: ./profiles/standalone_attn_decode_2d_1_2048_16_1024_160_agent_info.csv
[m[0;33mW20250807 18:57:55.367603 139907580978944 tool.cpp:1902] rocprofv3_error_signal_handler caught signal 11...
[m# ---- Run standalone_attn_decode_3d_1_2048_16_1024_160 ----
[0;31mE20250807 18:58:09.863635 140337025877760 output_stream.cpp:105] Opened result file: ./profiles/standalone_attn_decode_3d_1_2048_16_1024_160_kernel_trace.csv
[m[0;31mE20250807 18:58:09.869123 140337025877760 output_stream.cpp:105] Opened result file: ./profiles/standalone_attn_decode_3d_1_2048_16_1024_160_agent_info.csv
[m[0;33mW20250807 18:58:12.697010 140337025877760 tool.cpp:1902] rocprofv3_error_signal_handler caught signal 11...
[m# ---- Run standalone_attn_decode_2d_1_2048_16_2048_64 ----
[0;31mE20250807 18:58:26.106787 139729444361984 output_stream.cpp:105] Opened result file: ./profiles/standalone_attn_decode_2d_1_2048_16_2048_64_kernel_trace.csv
[m[0;31mE20250807 18:58:26.112118 139729444361984 output_stream.cpp:105] Opened result file: ./profiles/standalone_attn_decode_2d_1_2048_16_2048_64_agent_info.csv
[m[0;33mW20250807 18:58:28.895693 139729444361984 tool.cpp:1902] rocprofv3_error_signal_handler caught signal 11...
[m# ---- Run standalone_attn_decode_3d_1_2048_16_2048_64 ----
[0;31mE20250807 18:58:43.399195 140380249052928 output_stream.cpp:105] Opened result file: ./profiles/standalone_attn_decode_3d_1_2048_16_2048_64_kernel_trace.csv
[m[0;31mE20250807 18:58:43.404850 140380249052928 output_stream.cpp:105] Opened result file: ./profiles/standalone_attn_decode_3d_1_2048_16_2048_64_agent_info.csv
[m[0;33mW20250807 18:58:46.362375 140380249052928 tool.cpp:1902] rocprofv3_error_signal_handler caught signal 11...
[m# ---- Run standalone_attn_decode_2d_1_2048_16_2048_128 ----
[0;31mE20250807 18:59:00.481240 140367645157120 output_stream.cpp:105] Opened result file: ./profiles/standalone_attn_decode_2d_1_2048_16_2048_128_kernel_trace.csv
[m[0;31mE20250807 18:59:00.487120 140367645157120 output_stream.cpp:105] Opened result file: ./profiles/standalone_attn_decode_2d_1_2048_16_2048_128_agent_info.csv
[m[0;33mW20250807 18:59:03.672361 140367645157120 tool.cpp:1902] rocprofv3_error_signal_handler caught signal 11...
[m# ---- Run standalone_attn_decode_3d_1_2048_16_2048_128 ----
[0;31mE20250807 18:59:18.609398 139962393224960 output_stream.cpp:105] Opened result file: ./profiles/standalone_attn_decode_3d_1_2048_16_2048_128_kernel_trace.csv
[m[0;31mE20250807 18:59:18.615346 139962393224960 output_stream.cpp:105] Opened result file: ./profiles/standalone_attn_decode_3d_1_2048_16_2048_128_agent_info.csv
[m[0;33mW20250807 18:59:21.935982 139962393224960 tool.cpp:1902] rocprofv3_error_signal_handler caught signal 11...
[m# ---- Run standalone_attn_decode_2d_1_2048_16_2048_160 ----
[0;31mE20250807 18:59:35.847953 140655597729536 output_stream.cpp:105] Opened result file: ./profiles/standalone_attn_decode_2d_1_2048_16_2048_160_kernel_trace.csv
[m[0;31mE20250807 18:59:35.853716 140655597729536 output_stream.cpp:105] Opened result file: ./profiles/standalone_attn_decode_2d_1_2048_16_2048_160_agent_info.csv
[m[0;33mW20250807 18:59:38.784789 140655597729536 tool.cpp:1902] rocprofv3_error_signal_handler caught signal 11...
[m# ---- Run standalone_attn_decode_3d_1_2048_16_2048_160 ----
[0;31mE20250807 18:59:53.634985 140365710497536 output_stream.cpp:105] Opened result file: ./profiles/standalone_attn_decode_3d_1_2048_16_2048_160_kernel_trace.csv
[m[0;31mE20250807 18:59:53.641000 140365710497536 output_stream.cpp:105] Opened result file: ./profiles/standalone_attn_decode_3d_1_2048_16_2048_160_agent_info.csv
[m[0;33mW20250807 18:59:56.696839 140365710497536 tool.cpp:1902] rocprofv3_error_signal_handler caught signal 11...
[m# ---- Run standalone_attn_decode_2d_1_2048_16_4096_64 ----
[0;31mE20250807 19:00:10.567586 139629117740800 output_stream.cpp:105] Opened result file: ./profiles/standalone_attn_decode_2d_1_2048_16_4096_64_kernel_trace.csv
[m[0;31mE20250807 19:00:10.573338 139629117740800 output_stream.cpp:105] Opened result file: ./profiles/standalone_attn_decode_2d_1_2048_16_4096_64_agent_info.csv
[m[0;33mW20250807 19:00:13.481098 139629117740800 tool.cpp:1902] rocprofv3_error_signal_handler caught signal 11...
[m# ---- Run standalone_attn_decode_3d_1_2048_16_4096_64 ----
[0;31mE20250807 19:00:28.976649 140034092340992 output_stream.cpp:105] Opened result file: ./profiles/standalone_attn_decode_3d_1_2048_16_4096_64_kernel_trace.csv
[m[0;31mE20250807 19:00:28.983721 140034092340992 output_stream.cpp:105] Opened result file: ./profiles/standalone_attn_decode_3d_1_2048_16_4096_64_agent_info.csv
[m[0;33mW20250807 19:00:32.251723 140034092340992 tool.cpp:1902] rocprofv3_error_signal_handler caught signal 11...
[m# ---- Run standalone_attn_decode_2d_1_2048_16_4096_128 ----
[0;31mE20250807 19:00:47.195362 140316929193728 output_stream.cpp:105] Opened result file: ./profiles/standalone_attn_decode_2d_1_2048_16_4096_128_kernel_trace.csv
[m[0;31mE20250807 19:00:47.201159 140316929193728 output_stream.cpp:105] Opened result file: ./profiles/standalone_attn_decode_2d_1_2048_16_4096_128_agent_info.csv
[m[0;33mW20250807 19:00:50.490181 140316929193728 tool.cpp:1902] rocprofv3_error_signal_handler caught signal 11...
[m# ---- Run standalone_attn_decode_3d_1_2048_16_4096_128 ----
[0;31mE20250807 19:01:06.976893 140527921993472 output_stream.cpp:105] Opened result file: ./profiles/standalone_attn_decode_3d_1_2048_16_4096_128_kernel_trace.csv
[m[0;31mE20250807 19:01:06.982758 140527921993472 output_stream.cpp:105] Opened result file: ./profiles/standalone_attn_decode_3d_1_2048_16_4096_128_agent_info.csv
[m[0;33mW20250807 19:01:10.399435 140527921993472 tool.cpp:1902] rocprofv3_error_signal_handler caught signal 11...
[m# ---- Run standalone_attn_decode_2d_1_2048_16_4096_160 ----
[0;31mE20250807 19:01:24.742218 140245309613824 output_stream.cpp:105] Opened result file: ./profiles/standalone_attn_decode_2d_1_2048_16_4096_160_kernel_trace.csv
[m[0;31mE20250807 19:01:24.748361 140245309613824 output_stream.cpp:105] Opened result file: ./profiles/standalone_attn_decode_2d_1_2048_16_4096_160_agent_info.csv
[m[0;33mW20250807 19:01:27.797999 140245309613824 tool.cpp:1902] rocprofv3_error_signal_handler caught signal 11...
[m# ---- Run standalone_attn_decode_3d_1_2048_16_4096_160 ----
[0;31mE20250807 19:01:43.127943 139757741995776 output_stream.cpp:105] Opened result file: ./profiles/standalone_attn_decode_3d_1_2048_16_4096_160_kernel_trace.csv
[m[0;31mE20250807 19:01:43.133861 139757741995776 output_stream.cpp:105] Opened result file: ./profiles/standalone_attn_decode_3d_1_2048_16_4096_160_agent_info.csv
[m[0;33mW20250807 19:01:45.945842 139757741995776 tool.cpp:1902] rocprofv3_error_signal_handler caught signal 11...
[m# ---- Run standalone_attn_decode_2d_1_2048_32_256_64 ----
[0;31mE20250807 19:02:00.486092 139712160909056 output_stream.cpp:105] Opened result file: ./profiles/standalone_attn_decode_2d_1_2048_32_256_64_kernel_trace.csv
[m[0;31mE20250807 19:02:00.492131 139712160909056 output_stream.cpp:105] Opened result file: ./profiles/standalone_attn_decode_2d_1_2048_32_256_64_agent_info.csv
[m[0;33mW20250807 19:02:03.286643 139712160909056 tool.cpp:1902] rocprofv3_error_signal_handler caught signal 11...
[m# ---- Run standalone_attn_decode_3d_1_2048_32_256_64 ----
[0;31mE20250807 19:02:19.220165 140650156611328 output_stream.cpp:105] Opened result file: ./profiles/standalone_attn_decode_3d_1_2048_32_256_64_kernel_trace.csv
[m[0;31mE20250807 19:02:19.226861 140650156611328 output_stream.cpp:105] Opened result file: ./profiles/standalone_attn_decode_3d_1_2048_32_256_64_agent_info.csv
[m[0;33mW20250807 19:02:22.323223 140650156611328 tool.cpp:1902] rocprofv3_error_signal_handler caught signal 11...
[m# ---- Run standalone_attn_decode_2d_1_2048_32_256_128 ----
[0;31mE20250807 19:02:35.726815 140512258336512 output_stream.cpp:105] Opened result file: ./profiles/standalone_attn_decode_2d_1_2048_32_256_128_kernel_trace.csv
[m[0;31mE20250807 19:02:35.732672 140512258336512 output_stream.cpp:105] Opened result file: ./profiles/standalone_attn_decode_2d_1_2048_32_256_128_agent_info.csv
[m[0;33mW20250807 19:02:38.610117 140512258336512 tool.cpp:1902] rocprofv3_error_signal_handler caught signal 11...
[m# ---- Run standalone_attn_decode_3d_1_2048_32_256_128 ----
[0;31mE20250807 19:02:53.252468 139828723205888 output_stream.cpp:105] Opened result file: ./profiles/standalone_attn_decode_3d_1_2048_32_256_128_kernel_trace.csv
[m[0;31mE20250807 19:02:53.258335 139828723205888 output_stream.cpp:105] Opened result file: ./profiles/standalone_attn_decode_3d_1_2048_32_256_128_agent_info.csv
[m[0;33mW20250807 19:02:56.211045 139828723205888 tool.cpp:1902] rocprofv3_error_signal_handler caught signal 11...
[m# ---- Run standalone_attn_decode_2d_1_2048_32_256_160 ----
[0;31mE20250807 19:03:09.970080 140021887461120 output_stream.cpp:105] Opened result file: ./profiles/standalone_attn_decode_2d_1_2048_32_256_160_kernel_trace.csv
[m[0;31mE20250807 19:03:09.975762 140021887461120 output_stream.cpp:105] Opened result file: ./profiles/standalone_attn_decode_2d_1_2048_32_256_160_agent_info.csv
[m[0;33mW20250807 19:03:12.916086 140021887461120 tool.cpp:1902] rocprofv3_error_signal_handler caught signal 11...
[m# ---- Run standalone_attn_decode_3d_1_2048_32_256_160 ----
[0;31mE20250807 19:03:27.563929 140233019717376 output_stream.cpp:105] Opened result file: ./profiles/standalone_attn_decode_3d_1_2048_32_256_160_kernel_trace.csv
[m[0;31mE20250807 19:03:27.569431 140233019717376 output_stream.cpp:105] Opened result file: ./profiles/standalone_attn_decode_3d_1_2048_32_256_160_agent_info.csv
[m[0;33mW20250807 19:03:30.578047 140233019717376 tool.cpp:1902] rocprofv3_error_signal_handler caught signal 11...
[m# ---- Run standalone_attn_decode_2d_1_2048_32_512_64 ----
[0;31mE20250807 19:03:44.209296 140208623437568 output_stream.cpp:105] Opened result file: ./profiles/standalone_attn_decode_2d_1_2048_32_512_64_kernel_trace.csv
[m[0;31mE20250807 19:03:44.214780 140208623437568 output_stream.cpp:105] Opened result file: ./profiles/standalone_attn_decode_2d_1_2048_32_512_64_agent_info.csv
[m[0;33mW20250807 19:03:47.196486 140208623437568 tool.cpp:1902] rocprofv3_error_signal_handler caught signal 11...
[m# ---- Run standalone_attn_decode_3d_1_2048_32_512_64 ----
[0;31mE20250807 19:04:01.760499 139645897946880 output_stream.cpp:105] Opened result file: ./profiles/standalone_attn_decode_3d_1_2048_32_512_64_kernel_trace.csv
[m[0;31mE20250807 19:04:01.766138 139645897946880 output_stream.cpp:105] Opened result file: ./profiles/standalone_attn_decode_3d_1_2048_32_512_64_agent_info.csv
[m[0;33mW20250807 19:04:04.728578 139645897946880 tool.cpp:1902] rocprofv3_error_signal_handler caught signal 11...
[m# ---- Run standalone_attn_decode_2d_1_2048_32_512_128 ----
[0;31mE20250807 19:04:18.137491 140341208884992 output_stream.cpp:105] Opened result file: ./profiles/standalone_attn_decode_2d_1_2048_32_512_128_kernel_trace.csv
[m[0;31mE20250807 19:04:18.142960 140341208884992 output_stream.cpp:105] Opened result file: ./profiles/standalone_attn_decode_2d_1_2048_32_512_128_agent_info.csv
[m[0;33mW20250807 19:04:20.983886 140341208884992 tool.cpp:1902] rocprofv3_error_signal_handler caught signal 11...
[m# ---- Run standalone_attn_decode_3d_1_2048_32_512_128 ----
[0;31mE20250807 19:04:35.792552 140262286677760 output_stream.cpp:105] Opened result file: ./profiles/standalone_attn_decode_3d_1_2048_32_512_128_kernel_trace.csv
[m[0;31mE20250807 19:04:35.798451 140262286677760 output_stream.cpp:105] Opened result file: ./profiles/standalone_attn_decode_3d_1_2048_32_512_128_agent_info.csv
[m[0;33mW20250807 19:04:38.717226 140262286677760 tool.cpp:1902] rocprofv3_error_signal_handler caught signal 11...
[m# ---- Run standalone_attn_decode_2d_1_2048_32_512_160 ----
[0;31mE20250807 19:04:52.462946 139894493959936 output_stream.cpp:105] Opened result file: ./profiles/standalone_attn_decode_2d_1_2048_32_512_160_kernel_trace.csv
[m[0;31mE20250807 19:04:52.468938 139894493959936 output_stream.cpp:105] Opened result file: ./profiles/standalone_attn_decode_2d_1_2048_32_512_160_agent_info.csv
[m[0;33mW20250807 19:04:55.544845 139894493959936 tool.cpp:1902] rocprofv3_error_signal_handler caught signal 11...
[m# ---- Run standalone_attn_decode_3d_1_2048_32_512_160 ----
[0;31mE20250807 19:05:10.419756 140069534193408 output_stream.cpp:105] Opened result file: ./profiles/standalone_attn_decode_3d_1_2048_32_512_160_kernel_trace.csv
[m[0;31mE20250807 19:05:10.425546 140069534193408 output_stream.cpp:105] Opened result file: ./profiles/standalone_attn_decode_3d_1_2048_32_512_160_agent_info.csv
[m[0;33mW20250807 19:05:13.380870 140069534193408 tool.cpp:1902] rocprofv3_error_signal_handler caught signal 11...
[m# ---- Run standalone_attn_decode_2d_1_2048_32_1024_64 ----
[0;31mE20250807 19:05:27.453613 140095385405184 output_stream.cpp:105] Opened result file: ./profiles/standalone_attn_decode_2d_1_2048_32_1024_64_kernel_trace.csv
[m[0;31mE20250807 19:05:27.459424 140095385405184 output_stream.cpp:105] Opened result file: ./profiles/standalone_attn_decode_2d_1_2048_32_1024_64_agent_info.csv
[m[0;33mW20250807 19:05:30.227708 140095385405184 tool.cpp:1902] rocprofv3_error_signal_handler caught signal 11...
[m# ---- Run standalone_attn_decode_3d_1_2048_32_1024_64 ----
[0;31mE20250807 19:05:45.338110 139829123729152 output_stream.cpp:105] Opened result file: ./profiles/standalone_attn_decode_3d_1_2048_32_1024_64_kernel_trace.csv
[m[0;31mE20250807 19:05:45.343726 139829123729152 output_stream.cpp:105] Opened result file: ./profiles/standalone_attn_decode_3d_1_2048_32_1024_64_agent_info.csv
[m[0;33mW20250807 19:05:48.530953 139829123729152 tool.cpp:1902] rocprofv3_error_signal_handler caught signal 11...
[m# ---- Run standalone_attn_decode_2d_1_2048_32_1024_128 ----
[0;31mE20250807 19:06:02.735815 140206223763200 output_stream.cpp:105] Opened result file: ./profiles/standalone_attn_decode_2d_1_2048_32_1024_128_kernel_trace.csv
[m[0;31mE20250807 19:06:02.741369 140206223763200 output_stream.cpp:105] Opened result file: ./profiles/standalone_attn_decode_2d_1_2048_32_1024_128_agent_info.csv
[m[0;33mW20250807 19:06:05.717559 140206223763200 tool.cpp:1902] rocprofv3_error_signal_handler caught signal 11...
[m# ---- Run standalone_attn_decode_3d_1_2048_32_1024_128 ----
[0;31mE20250807 19:06:20.816958 139677848319744 output_stream.cpp:105] Opened result file: ./profiles/standalone_attn_decode_3d_1_2048_32_1024_128_kernel_trace.csv
[m[0;31mE20250807 19:06:20.822326 139677848319744 output_stream.cpp:105] Opened result file: ./profiles/standalone_attn_decode_3d_1_2048_32_1024_128_agent_info.csv
[m[0;33mW20250807 19:06:23.901450 139677848319744 tool.cpp:1902] rocprofv3_error_signal_handler caught signal 11...
[m# ---- Run standalone_attn_decode_2d_1_2048_32_1024_160 ----
[0;31mE20250807 19:06:38.021381 139752540989184 output_stream.cpp:105] Opened result file: ./profiles/standalone_attn_decode_2d_1_2048_32_1024_160_kernel_trace.csv
[m[0;31mE20250807 19:06:38.027546 139752540989184 output_stream.cpp:105] Opened result file: ./profiles/standalone_attn_decode_2d_1_2048_32_1024_160_agent_info.csv
[m[0;33mW20250807 19:06:41.168081 139752540989184 tool.cpp:1902] rocprofv3_error_signal_handler caught signal 11...
[m# ---- Run standalone_attn_decode_3d_1_2048_32_1024_160 ----
[0;31mE20250807 19:06:57.293987 140536636344064 output_stream.cpp:105] Opened result file: ./profiles/standalone_attn_decode_3d_1_2048_32_1024_160_kernel_trace.csv
[m[0;31mE20250807 19:06:57.301178 140536636344064 output_stream.cpp:105] Opened result file: ./profiles/standalone_attn_decode_3d_1_2048_32_1024_160_agent_info.csv
[m[0;33mW20250807 19:07:00.363519 140536636344064 tool.cpp:1902] rocprofv3_error_signal_handler caught signal 11...
[m# ---- Run standalone_attn_decode_2d_1_2048_32_2048_64 ----
[0;31mE20250807 19:07:14.841477 140561391429376 output_stream.cpp:105] Opened result file: ./profiles/standalone_attn_decode_2d_1_2048_32_2048_64_kernel_trace.csv
[m[0;31mE20250807 19:07:14.847571 140561391429376 output_stream.cpp:105] Opened result file: ./profiles/standalone_attn_decode_2d_1_2048_32_2048_64_agent_info.csv
[m[0;33mW20250807 19:07:17.786769 140561391429376 tool.cpp:1902] rocprofv3_error_signal_handler caught signal 11...
[m# ---- Run standalone_attn_decode_3d_1_2048_32_2048_64 ----
[0;31mE20250807 19:07:33.623624 140473194657536 output_stream.cpp:105] Opened result file: ./profiles/standalone_attn_decode_3d_1_2048_32_2048_64_kernel_trace.csv
[m[0;31mE20250807 19:07:33.629394 140473194657536 output_stream.cpp:105] Opened result file: ./profiles/standalone_attn_decode_3d_1_2048_32_2048_64_agent_info.csv
[m[0;33mW20250807 19:07:36.777977 140473194657536 tool.cpp:1902] rocprofv3_error_signal_handler caught signal 11...
[m# ---- Run standalone_attn_decode_2d_1_2048_32_2048_128 ----
[0;31mE20250807 19:07:51.427422 140568145819392 output_stream.cpp:105] Opened result file: ./profiles/standalone_attn_decode_2d_1_2048_32_2048_128_kernel_trace.csv
[m[0;31mE20250807 19:07:51.433831 140568145819392 output_stream.cpp:105] Opened result file: ./profiles/standalone_attn_decode_2d_1_2048_32_2048_128_agent_info.csv
[m[0;33mW20250807 19:07:54.598634 140568145819392 tool.cpp:1902] rocprofv3_error_signal_handler caught signal 11...
[m# ---- Run standalone_attn_decode_3d_1_2048_32_2048_128 ----
[0;31mE20250807 19:08:10.302762 140510733309696 output_stream.cpp:105] Opened result file: ./profiles/standalone_attn_decode_3d_1_2048_32_2048_128_kernel_trace.csv
[m[0;31mE20250807 19:08:10.309564 140510733309696 output_stream.cpp:105] Opened result file: ./profiles/standalone_attn_decode_3d_1_2048_32_2048_128_agent_info.csv
[m[0;33mW20250807 19:08:13.352262 140510733309696 tool.cpp:1902] rocprofv3_error_signal_handler caught signal 11...
[m# ---- Run standalone_attn_decode_2d_1_2048_32_2048_160 ----
[0;31mE20250807 19:08:28.583090 139759400969984 output_stream.cpp:105] Opened result file: ./profiles/standalone_attn_decode_2d_1_2048_32_2048_160_kernel_trace.csv
[m[0;31mE20250807 19:08:28.589083 139759400969984 output_stream.cpp:105] Opened result file: ./profiles/standalone_attn_decode_2d_1_2048_32_2048_160_agent_info.csv
[m[0;33mW20250807 19:08:31.822873 139759400969984 tool.cpp:1902] rocprofv3_error_signal_handler caught signal 11...
[m# ---- Run standalone_attn_decode_3d_1_2048_32_2048_160 ----
[0;31mE20250807 19:08:48.264607 140690648606464 output_stream.cpp:105] Opened result file: ./profiles/standalone_attn_decode_3d_1_2048_32_2048_160_kernel_trace.csv
[m[0;31mE20250807 19:08:48.271043 140690648606464 output_stream.cpp:105] Opened result file: ./profiles/standalone_attn_decode_3d_1_2048_32_2048_160_agent_info.csv
[m[0;33mW20250807 19:08:51.409237 140690648606464 tool.cpp:1902] rocprofv3_error_signal_handler caught signal 11...
[m# ---- Run standalone_attn_decode_2d_1_2048_32_4096_64 ----
[0;31mE20250807 19:09:07.027212 140517953750784 output_stream.cpp:105] Opened result file: ./profiles/standalone_attn_decode_2d_1_2048_32_4096_64_kernel_trace.csv
[m[0;31mE20250807 19:09:07.033319 140517953750784 output_stream.cpp:105] Opened result file: ./profiles/standalone_attn_decode_2d_1_2048_32_4096_64_agent_info.csv
[m[0;33mW20250807 19:09:10.288424 140517953750784 tool.cpp:1902] rocprofv3_error_signal_handler caught signal 11...
[m# ---- Run standalone_attn_decode_3d_1_2048_32_4096_64 ----
[0;31mE20250807 19:09:27.238803 139822335989504 output_stream.cpp:105] Opened result file: ./profiles/standalone_attn_decode_3d_1_2048_32_4096_64_kernel_trace.csv
[m[0;31mE20250807 19:09:27.245000 139822335989504 output_stream.cpp:105] Opened result file: ./profiles/standalone_attn_decode_3d_1_2048_32_4096_64_agent_info.csv
[m[0;33mW20250807 19:09:30.517475 139822335989504 tool.cpp:1902] rocprofv3_error_signal_handler caught signal 11...
[m# ---- Run standalone_attn_decode_2d_1_2048_32_4096_128 ----
[0;31mE20250807 19:09:45.346219 140201698703104 output_stream.cpp:105] Opened result file: ./profiles/standalone_attn_decode_2d_1_2048_32_4096_128_kernel_trace.csv
[m[0;31mE20250807 19:09:45.351807 140201698703104 output_stream.cpp:105] Opened result file: ./profiles/standalone_attn_decode_2d_1_2048_32_4096_128_agent_info.csv
[m[0;33mW20250807 19:09:48.187770 140201698703104 tool.cpp:1902] rocprofv3_error_signal_handler caught signal 11...
[m# ---- Run standalone_attn_decode_3d_1_2048_32_4096_128 ----
[0;31mE20250807 19:10:03.821034 140380057257728 output_stream.cpp:105] Opened result file: ./profiles/standalone_attn_decode_3d_1_2048_32_4096_128_kernel_trace.csv
[m[0;31mE20250807 19:10:03.826750 140380057257728 output_stream.cpp:105] Opened result file: ./profiles/standalone_attn_decode_3d_1_2048_32_4096_128_agent_info.csv
[m[0;33mW20250807 19:10:06.751338 140380057257728 tool.cpp:1902] rocprofv3_error_signal_handler caught signal 11...
[m# ---- Run standalone_attn_decode_2d_1_2048_32_4096_160 ----
[0;31mE20250807 19:10:20.933313 140405761312512 output_stream.cpp:105] Opened result file: ./profiles/standalone_attn_decode_2d_1_2048_32_4096_160_kernel_trace.csv
[m[0;31mE20250807 19:10:20.939285 140405761312512 output_stream.cpp:105] Opened result file: ./profiles/standalone_attn_decode_2d_1_2048_32_4096_160_agent_info.csv
[m[0;33mW20250807 19:10:23.724223 140405761312512 tool.cpp:1902] rocprofv3_error_signal_handler caught signal 11...
[m# ---- Run standalone_attn_decode_3d_1_2048_32_4096_160 ----
[0;31mE20250807 19:10:39.091053 139858387461888 output_stream.cpp:105] Opened result file: ./profiles/standalone_attn_decode_3d_1_2048_32_4096_160_kernel_trace.csv
[m[0;31mE20250807 19:10:39.096731 139858387461888 output_stream.cpp:105] Opened result file: ./profiles/standalone_attn_decode_3d_1_2048_32_4096_160_agent_info.csv
[m[0;33mW20250807 19:10:41.972841 139858387461888 tool.cpp:1902] rocprofv3_error_signal_handler caught signal 11...
[m# ---- Run standalone_attn_decode_2d_1_2048_64_256_64 ----
[0;31mE20250807 19:10:56.136223 140663245244160 output_stream.cpp:105] Opened result file: ./profiles/standalone_attn_decode_2d_1_2048_64_256_64_kernel_trace.csv
[m[0;31mE20250807 19:10:56.142024 140663245244160 output_stream.cpp:105] Opened result file: ./profiles/standalone_attn_decode_2d_1_2048_64_256_64_agent_info.csv
[m[0;33mW20250807 19:10:58.905762 140663245244160 tool.cpp:1902] rocprofv3_error_signal_handler caught signal 11...
[m# ---- Run standalone_attn_decode_3d_1_2048_64_256_64 ----
[0;31mE20250807 19:11:13.920657 139721828669184 output_stream.cpp:105] Opened result file: ./profiles/standalone_attn_decode_3d_1_2048_64_256_64_kernel_trace.csv
[m[0;31mE20250807 19:11:13.926193 139721828669184 output_stream.cpp:105] Opened result file: ./profiles/standalone_attn_decode_3d_1_2048_64_256_64_agent_info.csv
[m[0;33mW20250807 19:11:16.884862 139721828669184 tool.cpp:1902] rocprofv3_error_signal_handler caught signal 11...
[m# ---- Run standalone_attn_decode_2d_1_2048_64_256_128 ----
[0;31mE20250807 19:11:31.755297 140390120220416 output_stream.cpp:105] Opened result file: ./profiles/standalone_attn_decode_2d_1_2048_64_256_128_kernel_trace.csv
[m[0;31mE20250807 19:11:31.760824 140390120220416 output_stream.cpp:105] Opened result file: ./profiles/standalone_attn_decode_2d_1_2048_64_256_128_agent_info.csv
[m[0;33mW20250807 19:11:34.690031 140390120220416 tool.cpp:1902] rocprofv3_error_signal_handler caught signal 11...
[m# ---- Run standalone_attn_decode_3d_1_2048_64_256_128 ----
[0;31mE20250807 19:11:50.097200 139730201315072 output_stream.cpp:105] Opened result file: ./profiles/standalone_attn_decode_3d_1_2048_64_256_128_kernel_trace.csv
[m[0;31mE20250807 19:11:50.103088 139730201315072 output_stream.cpp:105] Opened result file: ./profiles/standalone_attn_decode_3d_1_2048_64_256_128_agent_info.csv
[m[0;33mW20250807 19:11:53.033156 139730201315072 tool.cpp:1902] rocprofv3_error_signal_handler caught signal 11...
[m# ---- Run standalone_attn_decode_2d_1_2048_64_256_160 ----
[0;31mE20250807 19:12:07.609734 140313119770368 output_stream.cpp:105] Opened result file: ./profiles/standalone_attn_decode_2d_1_2048_64_256_160_kernel_trace.csv
[m[0;31mE20250807 19:12:07.615343 140313119770368 output_stream.cpp:105] Opened result file: ./profiles/standalone_attn_decode_2d_1_2048_64_256_160_agent_info.csv
[m[0;33mW20250807 19:12:10.497870 140313119770368 tool.cpp:1902] rocprofv3_error_signal_handler caught signal 11...
[m# ---- Run standalone_attn_decode_3d_1_2048_64_256_160 ----
[0;31mE20250807 19:12:25.953720 140591977420544 output_stream.cpp:105] Opened result file: ./profiles/standalone_attn_decode_3d_1_2048_64_256_160_kernel_trace.csv
[m[0;31mE20250807 19:12:25.959411 140591977420544 output_stream.cpp:105] Opened result file: ./profiles/standalone_attn_decode_3d_1_2048_64_256_160_agent_info.csv
[m[0;33mW20250807 19:12:28.897315 140591977420544 tool.cpp:1902] rocprofv3_error_signal_handler caught signal 11...
[m# ---- Run standalone_attn_decode_2d_1_2048_64_512_64 ----
[0;31mE20250807 19:12:43.311186 140164386752256 output_stream.cpp:105] Opened result file: ./profiles/standalone_attn_decode_2d_1_2048_64_512_64_kernel_trace.csv
[m[0;31mE20250807 19:12:43.316777 140164386752256 output_stream.cpp:105] Opened result file: ./profiles/standalone_attn_decode_2d_1_2048_64_512_64_agent_info.csv
[m[0;33mW20250807 19:12:46.260172 140164386752256 tool.cpp:1902] rocprofv3_error_signal_handler caught signal 11...
[m# ---- Run standalone_attn_decode_3d_1_2048_64_512_64 ----
[0;31mE20250807 19:13:01.922459 140406381500160 output_stream.cpp:105] Opened result file: ./profiles/standalone_attn_decode_3d_1_2048_64_512_64_kernel_trace.csv
[m[0;31mE20250807 19:13:01.928723 140406381500160 output_stream.cpp:105] Opened result file: ./profiles/standalone_attn_decode_3d_1_2048_64_512_64_agent_info.csv
[m[0;33mW20250807 19:13:05.152236 140406381500160 tool.cpp:1902] rocprofv3_error_signal_handler caught signal 11...
[m# ---- Run standalone_attn_decode_2d_1_2048_64_512_128 ----
[0;31mE20250807 19:13:19.554916 140461752452864 output_stream.cpp:105] Opened result file: ./profiles/standalone_attn_decode_2d_1_2048_64_512_128_kernel_trace.csv
[m[0;31mE20250807 19:13:19.560826 140461752452864 output_stream.cpp:105] Opened result file: ./profiles/standalone_attn_decode_2d_1_2048_64_512_128_agent_info.csv
[m[0;33mW20250807 19:13:22.583969 140461752452864 tool.cpp:1902] rocprofv3_error_signal_handler caught signal 11...
[m# ---- Run standalone_attn_decode_3d_1_2048_64_512_128 ----
[0;31mE20250807 19:13:37.873475 139971539416832 output_stream.cpp:105] Opened result file: ./profiles/standalone_attn_decode_3d_1_2048_64_512_128_kernel_trace.csv
[m[0;31mE20250807 19:13:37.879226 139971539416832 output_stream.cpp:105] Opened result file: ./profiles/standalone_attn_decode_3d_1_2048_64_512_128_agent_info.csv
[m[0;33mW20250807 19:13:40.776579 139971539416832 tool.cpp:1902] rocprofv3_error_signal_handler caught signal 11...
[m# ---- Run standalone_attn_decode_2d_1_2048_64_512_160 ----
[0;31mE20250807 19:13:54.852995 139770734245632 output_stream.cpp:105] Opened result file: ./profiles/standalone_attn_decode_2d_1_2048_64_512_160_kernel_trace.csv
[m[0;31mE20250807 19:13:54.859237 139770734245632 output_stream.cpp:105] Opened result file: ./profiles/standalone_attn_decode_2d_1_2048_64_512_160_agent_info.csv
[m[0;33mW20250807 19:13:57.984071 139770734245632 tool.cpp:1902] rocprofv3_error_signal_handler caught signal 11...
[m# ---- Run standalone_attn_decode_3d_1_2048_64_512_160 ----
[0;31mE20250807 19:14:13.203961 140499350669056 output_stream.cpp:105] Opened result file: ./profiles/standalone_attn_decode_3d_1_2048_64_512_160_kernel_trace.csv
[m[0;31mE20250807 19:14:13.209545 140499350669056 output_stream.cpp:105] Opened result file: ./profiles/standalone_attn_decode_3d_1_2048_64_512_160_agent_info.csv
[m[0;33mW20250807 19:14:16.000273 140499350669056 tool.cpp:1902] rocprofv3_error_signal_handler caught signal 11...
[m# ---- Run standalone_attn_decode_2d_1_2048_64_1024_64 ----
[0;31mE20250807 19:14:30.160676 140418919143168 output_stream.cpp:105] Opened result file: ./profiles/standalone_attn_decode_2d_1_2048_64_1024_64_kernel_trace.csv
[m[0;31mE20250807 19:14:30.166205 140418919143168 output_stream.cpp:105] Opened result file: ./profiles/standalone_attn_decode_2d_1_2048_64_1024_64_agent_info.csv
[m[0;33mW20250807 19:14:33.065725 140418919143168 tool.cpp:1902] rocprofv3_error_signal_handler caught signal 11...
[m# ---- Run standalone_attn_decode_3d_1_2048_64_1024_64 ----
[0;31mE20250807 19:14:48.236133 140179855267584 output_stream.cpp:105] Opened result file: ./profiles/standalone_attn_decode_3d_1_2048_64_1024_64_kernel_trace.csv
[m[0;31mE20250807 19:14:48.241773 140179855267584 output_stream.cpp:105] Opened result file: ./profiles/standalone_attn_decode_3d_1_2048_64_1024_64_agent_info.csv
[m[0;33mW20250807 19:14:51.165865 140179855267584 tool.cpp:1902] rocprofv3_error_signal_handler caught signal 11...
[m# ---- Run standalone_attn_decode_2d_1_2048_64_1024_128 ----
[0;31mE20250807 19:15:05.072994 139978225854208 output_stream.cpp:105] Opened result file: ./profiles/standalone_attn_decode_2d_1_2048_64_1024_128_kernel_trace.csv
[m[0;31mE20250807 19:15:05.078428 139978225854208 output_stream.cpp:105] Opened result file: ./profiles/standalone_attn_decode_2d_1_2048_64_1024_128_agent_info.csv
[m[0;33mW20250807 19:15:07.933588 139978225854208 tool.cpp:1902] rocprofv3_error_signal_handler caught signal 11...
[m# ---- Run standalone_attn_decode_3d_1_2048_64_1024_128 ----
[0;31mE20250807 19:15:23.139158 139885917296384 output_stream.cpp:105] Opened result file: ./profiles/standalone_attn_decode_3d_1_2048_64_1024_128_kernel_trace.csv
[m[0;31mE20250807 19:15:23.145107 139885917296384 output_stream.cpp:105] Opened result file: ./profiles/standalone_attn_decode_3d_1_2048_64_1024_128_agent_info.csv
[m[0;33mW20250807 19:15:25.942879 139885917296384 tool.cpp:1902] rocprofv3_error_signal_handler caught signal 11...
[m# ---- Run standalone_attn_decode_2d_1_2048_64_1024_160 ----
[0;31mE20250807 19:15:40.000301 140064009451264 output_stream.cpp:105] Opened result file: ./profiles/standalone_attn_decode_2d_1_2048_64_1024_160_kernel_trace.csv
[m[0;31mE20250807 19:15:40.005977 140064009451264 output_stream.cpp:105] Opened result file: ./profiles/standalone_attn_decode_2d_1_2048_64_1024_160_agent_info.csv
[m[0;33mW20250807 19:15:42.910416 140064009451264 tool.cpp:1902] rocprofv3_error_signal_handler caught signal 11...
[m# ---- Run standalone_attn_decode_3d_1_2048_64_1024_160 ----
[0;31mE20250807 19:15:58.585657 139860742362880 output_stream.cpp:105] Opened result file: ./profiles/standalone_attn_decode_3d_1_2048_64_1024_160_kernel_trace.csv
[m[0;31mE20250807 19:15:58.591802 139860742362880 output_stream.cpp:105] Opened result file: ./profiles/standalone_attn_decode_3d_1_2048_64_1024_160_agent_info.csv
[m[0;33mW20250807 19:16:01.448038 139860742362880 tool.cpp:1902] rocprofv3_error_signal_handler caught signal 11...
[m# ---- Run standalone_attn_decode_2d_1_2048_64_2048_64 ----
[0;31mE20250807 19:16:15.540407 140471985526528 output_stream.cpp:105] Opened result file: ./profiles/standalone_attn_decode_2d_1_2048_64_2048_64_kernel_trace.csv
[m[0;31mE20250807 19:16:15.546105 140471985526528 output_stream.cpp:105] Opened result file: ./profiles/standalone_attn_decode_2d_1_2048_64_2048_64_agent_info.csv
[m[0;33mW20250807 19:16:18.418011 140471985526528 tool.cpp:1902] rocprofv3_error_signal_handler caught signal 11...
[m# ---- Run standalone_attn_decode_3d_1_2048_64_2048_64 ----
[0;31mE20250807 19:16:33.599412 140226192750336 output_stream.cpp:105] Opened result file: ./profiles/standalone_attn_decode_3d_1_2048_64_2048_64_kernel_trace.csv
[m[0;31mE20250807 19:16:33.604977 140226192750336 output_stream.cpp:105] Opened result file: ./profiles/standalone_attn_decode_3d_1_2048_64_2048_64_agent_info.csv
[m[0;33mW20250807 19:16:36.520709 140226192750336 tool.cpp:1902] rocprofv3_error_signal_handler caught signal 11...
[m# ---- Run standalone_attn_decode_2d_1_2048_64_2048_128 ----
[0;31mE20250807 19:16:51.052015 140177470465792 output_stream.cpp:105] Opened result file: ./profiles/standalone_attn_decode_2d_1_2048_64_2048_128_kernel_trace.csv
[m[0;31mE20250807 19:16:51.058587 140177470465792 output_stream.cpp:105] Opened result file: ./profiles/standalone_attn_decode_2d_1_2048_64_2048_128_agent_info.csv
[m[0;33mW20250807 19:16:54.184709 140177470465792 tool.cpp:1902] rocprofv3_error_signal_handler caught signal 11...
[m# ---- Run standalone_attn_decode_3d_1_2048_64_2048_128 ----
[0;31mE20250807 19:17:09.680435 140027005720320 output_stream.cpp:105] Opened result file: ./profiles/standalone_attn_decode_3d_1_2048_64_2048_128_kernel_trace.csv
[m[0;31mE20250807 19:17:09.686461 140027005720320 output_stream.cpp:105] Opened result file: ./profiles/standalone_attn_decode_3d_1_2048_64_2048_128_agent_info.csv
[m[0;33mW20250807 19:17:12.471900 140027005720320 tool.cpp:1902] rocprofv3_error_signal_handler caught signal 11...
[m# ---- Run standalone_attn_decode_2d_1_2048_64_2048_160 ----
[0;31mE20250807 19:17:27.386321 140191760520960 output_stream.cpp:105] Opened result file: ./profiles/standalone_attn_decode_2d_1_2048_64_2048_160_kernel_trace.csv
[m[0;31mE20250807 19:17:27.392510 140191760520960 output_stream.cpp:105] Opened result file: ./profiles/standalone_attn_decode_2d_1_2048_64_2048_160_agent_info.csv
[m[0;33mW20250807 19:17:30.557292 140191760520960 tool.cpp:1902] rocprofv3_error_signal_handler caught signal 11...
[m# ---- Run standalone_attn_decode_3d_1_2048_64_2048_160 ----
[0;31mE20250807 19:17:46.798878 140144696084224 output_stream.cpp:105] Opened result file: ./profiles/standalone_attn_decode_3d_1_2048_64_2048_160_kernel_trace.csv
[m[0;31mE20250807 19:17:46.804983 140144696084224 output_stream.cpp:105] Opened result file: ./profiles/standalone_attn_decode_3d_1_2048_64_2048_160_agent_info.csv
[m[0;33mW20250807 19:17:50.007889 140144696084224 tool.cpp:1902] rocprofv3_error_signal_handler caught signal 11...
[m# ---- Run standalone_attn_decode_2d_1_2048_64_4096_64 ----
[0;31mE20250807 19:18:04.508396 139821339293440 output_stream.cpp:105] Opened result file: ./profiles/standalone_attn_decode_2d_1_2048_64_4096_64_kernel_trace.csv
[m[0;31mE20250807 19:18:04.514283 139821339293440 output_stream.cpp:105] Opened result file: ./profiles/standalone_attn_decode_2d_1_2048_64_4096_64_agent_info.csv
[m[0;33mW20250807 19:18:07.603240 139821339293440 tool.cpp:1902] rocprofv3_error_signal_handler caught signal 11...
[m# ---- Run standalone_attn_decode_3d_1_2048_64_4096_64 ----
[0;31mE20250807 19:18:22.973654 139761974114048 output_stream.cpp:105] Opened result file: ./profiles/standalone_attn_decode_3d_1_2048_64_4096_64_kernel_trace.csv
[m[0;31mE20250807 19:18:22.979479 139761974114048 output_stream.cpp:105] Opened result file: ./profiles/standalone_attn_decode_3d_1_2048_64_4096_64_agent_info.csv
[m[0;33mW20250807 19:18:25.784415 139761974114048 tool.cpp:1902] rocprofv3_error_signal_handler caught signal 11...
[m# ---- Run standalone_attn_decode_2d_1_2048_64_4096_128 ----
[0;31mE20250807 19:18:39.866644 140416951695104 output_stream.cpp:105] Opened result file: ./profiles/standalone_attn_decode_2d_1_2048_64_4096_128_kernel_trace.csv
[m[0;31mE20250807 19:18:39.872395 140416951695104 output_stream.cpp:105] Opened result file: ./profiles/standalone_attn_decode_2d_1_2048_64_4096_128_agent_info.csv
[m[0;33mW20250807 19:18:42.742211 140416951695104 tool.cpp:1902] rocprofv3_error_signal_handler caught signal 11...
[m# ---- Run standalone_attn_decode_3d_1_2048_64_4096_128 ----
[0;31mE20250807 19:18:58.508333 140194315208448 output_stream.cpp:105] Opened result file: ./profiles/standalone_attn_decode_3d_1_2048_64_4096_128_kernel_trace.csv
[m[0;31mE20250807 19:18:58.514746 140194315208448 output_stream.cpp:105] Opened result file: ./profiles/standalone_attn_decode_3d_1_2048_64_4096_128_agent_info.csv
[m[0;33mW20250807 19:19:01.641934 140194315208448 tool.cpp:1902] rocprofv3_error_signal_handler caught signal 11...
[m# ---- Run standalone_attn_decode_2d_1_2048_64_4096_160 ----
[0;31mE20250807 19:19:16.453025 139928120342272 output_stream.cpp:105] Opened result file: ./profiles/standalone_attn_decode_2d_1_2048_64_4096_160_kernel_trace.csv
[m[0;31mE20250807 19:19:16.459143 139928120342272 output_stream.cpp:105] Opened result file: ./profiles/standalone_attn_decode_2d_1_2048_64_4096_160_agent_info.csv
[m[0;33mW20250807 19:19:19.655518 139928120342272 tool.cpp:1902] rocprofv3_error_signal_handler caught signal 11...
[m# ---- Run standalone_attn_decode_3d_1_2048_64_4096_160 ----
[0;31mE20250807 19:19:35.686642 140648692918016 output_stream.cpp:105] Opened result file: ./profiles/standalone_attn_decode_3d_1_2048_64_4096_160_kernel_trace.csv
[m[0;31mE20250807 19:19:35.693040 140648692918016 output_stream.cpp:105] Opened result file: ./profiles/standalone_attn_decode_3d_1_2048_64_4096_160_agent_info.csv
[m[0;33mW20250807 19:19:38.682513 140648692918016 tool.cpp:1902] rocprofv3_error_signal_handler caught signal 11...
[m# ---- Run standalone_attn_decode_2d_1_2048_128_256_64 ----
[0;31mE20250807 19:19:53.939910 139660335671040 output_stream.cpp:105] Opened result file: ./profiles/standalone_attn_decode_2d_1_2048_128_256_64_kernel_trace.csv
[m[0;31mE20250807 19:19:53.946540 139660335671040 output_stream.cpp:105] Opened result file: ./profiles/standalone_attn_decode_2d_1_2048_128_256_64_agent_info.csv
[m[0;33mW20250807 19:19:57.334032 139660335671040 tool.cpp:1902] rocprofv3_error_signal_handler caught signal 11...
[m# ---- Run standalone_attn_decode_3d_1_2048_128_256_64 ----
[0;31mE20250807 19:20:13.653854 140669871585024 output_stream.cpp:105] Opened result file: ./profiles/standalone_attn_decode_3d_1_2048_128_256_64_kernel_trace.csv
[m[0;31mE20250807 19:20:13.659901 140669871585024 output_stream.cpp:105] Opened result file: ./profiles/standalone_attn_decode_3d_1_2048_128_256_64_agent_info.csv
[m[0;33mW20250807 19:20:16.616808 140669871585024 tool.cpp:1902] rocprofv3_error_signal_handler caught signal 11...
[m# ---- Run standalone_attn_decode_2d_1_2048_128_256_128 ----
[0;31mE20250807 19:20:31.792072 140211401307904 output_stream.cpp:105] Opened result file: ./profiles/standalone_attn_decode_2d_1_2048_128_256_128_kernel_trace.csv
[m[0;31mE20250807 19:20:31.798335 140211401307904 output_stream.cpp:105] Opened result file: ./profiles/standalone_attn_decode_2d_1_2048_128_256_128_agent_info.csv
[m[0;33mW20250807 19:20:34.995199 140211401307904 tool.cpp:1902] rocprofv3_error_signal_handler caught signal 11...
[m# ---- Run standalone_attn_decode_3d_1_2048_128_256_128 ----
[0;31mE20250807 19:20:51.205040 139686089225984 output_stream.cpp:105] Opened result file: ./profiles/standalone_attn_decode_3d_1_2048_128_256_128_kernel_trace.csv
[m[0;31mE20250807 19:20:51.211764 139686089225984 output_stream.cpp:105] Opened result file: ./profiles/standalone_attn_decode_3d_1_2048_128_256_128_agent_info.csv
[m[0;33mW20250807 19:20:54.458614 139686089225984 tool.cpp:1902] rocprofv3_error_signal_handler caught signal 11...
[m# ---- Run standalone_attn_decode_2d_1_2048_128_256_160 ----
[0;31mE20250807 19:21:09.365335 139845021562624 output_stream.cpp:105] Opened result file: ./profiles/standalone_attn_decode_2d_1_2048_128_256_160_kernel_trace.csv
[m[0;31mE20250807 19:21:09.371296 139845021562624 output_stream.cpp:105] Opened result file: ./profiles/standalone_attn_decode_2d_1_2048_128_256_160_agent_info.csv
[m[0;33mW20250807 19:21:12.685898 139845021562624 tool.cpp:1902] rocprofv3_error_signal_handler caught signal 11...
[m# ---- Run standalone_attn_decode_3d_1_2048_128_256_160 ----
[0;31mE20250807 19:21:28.831608 140164761392896 output_stream.cpp:105] Opened result file: ./profiles/standalone_attn_decode_3d_1_2048_128_256_160_kernel_trace.csv
[m[0;31mE20250807 19:21:28.837291 140164761392896 output_stream.cpp:105] Opened result file: ./profiles/standalone_attn_decode_3d_1_2048_128_256_160_agent_info.csv
[m[0;33mW20250807 19:21:31.831108 140164761392896 tool.cpp:1902] rocprofv3_error_signal_handler caught signal 11...
[m# ---- Run standalone_attn_decode_2d_1_2048_128_512_64 ----
[0;31mE20250807 19:21:46.597472 140541663729408 output_stream.cpp:105] Opened result file: ./profiles/standalone_attn_decode_2d_1_2048_128_512_64_kernel_trace.csv
[m[0;31mE20250807 19:21:46.603318 140541663729408 output_stream.cpp:105] Opened result file: ./profiles/standalone_attn_decode_2d_1_2048_128_512_64_agent_info.csv
[m[0;33mW20250807 19:21:49.576820 140541663729408 tool.cpp:1902] rocprofv3_error_signal_handler caught signal 11...
[m# ---- Run standalone_attn_decode_3d_1_2048_128_512_64 ----
[0;31mE20250807 19:22:06.261946 140437451024128 output_stream.cpp:105] Opened result file: ./profiles/standalone_attn_decode_3d_1_2048_128_512_64_kernel_trace.csv
[m[0;31mE20250807 19:22:06.268204 140437451024128 output_stream.cpp:105] Opened result file: ./profiles/standalone_attn_decode_3d_1_2048_128_512_64_agent_info.csv
[m[0;33mW20250807 19:22:09.237099 140437451024128 tool.cpp:1902] rocprofv3_error_signal_handler caught signal 11...
[m# ---- Run standalone_attn_decode_2d_1_2048_128_512_128 ----
[0;31mE20250807 19:22:24.139057 140604946810624 output_stream.cpp:105] Opened result file: ./profiles/standalone_attn_decode_2d_1_2048_128_512_128_kernel_trace.csv
[m[0;31mE20250807 19:22:24.145132 140604946810624 output_stream.cpp:105] Opened result file: ./profiles/standalone_attn_decode_2d_1_2048_128_512_128_agent_info.csv
[m[0;33mW20250807 19:22:27.237613 140604946810624 tool.cpp:1902] rocprofv3_error_signal_handler caught signal 11...
[m# ---- Run standalone_attn_decode_3d_1_2048_128_512_128 ----
[0;31mE20250807 19:22:43.254246 140606278792960 output_stream.cpp:105] Opened result file: ./profiles/standalone_attn_decode_3d_1_2048_128_512_128_kernel_trace.csv
[m[0;31mE20250807 19:22:43.260317 140606278792960 output_stream.cpp:105] Opened result file: ./profiles/standalone_attn_decode_3d_1_2048_128_512_128_agent_info.csv
[m[0;33mW20250807 19:22:46.242201 140606278792960 tool.cpp:1902] rocprofv3_error_signal_handler caught signal 11...
[m# ---- Run standalone_attn_decode_2d_1_2048_128_512_160 ----
[0;31mE20250807 19:23:01.497915 139855572530944 output_stream.cpp:105] Opened result file: ./profiles/standalone_attn_decode_2d_1_2048_128_512_160_kernel_trace.csv
[m[0;31mE20250807 19:23:01.503930 139855572530944 output_stream.cpp:105] Opened result file: ./profiles/standalone_attn_decode_2d_1_2048_128_512_160_agent_info.csv
[m[0;33mW20250807 19:23:04.498731 139855572530944 tool.cpp:1902] rocprofv3_error_signal_handler caught signal 11...
[m# ---- Run standalone_attn_decode_3d_1_2048_128_512_160 ----
[0;31mE20250807 19:23:20.921270 139923410388736 output_stream.cpp:105] Opened result file: ./profiles/standalone_attn_decode_3d_1_2048_128_512_160_kernel_trace.csv
[m[0;31mE20250807 19:23:20.927504 139923410388736 output_stream.cpp:105] Opened result file: ./profiles/standalone_attn_decode_3d_1_2048_128_512_160_agent_info.csv
[m[0;33mW20250807 19:23:24.323225 139923410388736 tool.cpp:1902] rocprofv3_error_signal_handler caught signal 11...
[m# ---- Run standalone_attn_decode_2d_1_2048_128_1024_64 ----
[0;31mE20250807 19:23:39.111015 139897975838464 output_stream.cpp:105] Opened result file: ./profiles/standalone_attn_decode_2d_1_2048_128_1024_64_kernel_trace.csv
[m[0;31mE20250807 19:23:39.117461 139897975838464 output_stream.cpp:105] Opened result file: ./profiles/standalone_attn_decode_2d_1_2048_128_1024_64_agent_info.csv
[m[0;33mW20250807 19:23:42.256925 139897975838464 tool.cpp:1902] rocprofv3_error_signal_handler caught signal 11...
[m# ---- Run standalone_attn_decode_3d_1_2048_128_1024_64 ----
[0;31mE20250807 19:23:58.625550 140026142816000 output_stream.cpp:105] Opened result file: ./profiles/standalone_attn_decode_3d_1_2048_128_1024_64_kernel_trace.csv
[m[0;31mE20250807 19:23:58.631859 140026142816000 output_stream.cpp:105] Opened result file: ./profiles/standalone_attn_decode_3d_1_2048_128_1024_64_agent_info.csv
[m[0;33mW20250807 19:24:01.794083 140026142816000 tool.cpp:1902] rocprofv3_error_signal_handler caught signal 11...
[m# ---- Run standalone_attn_decode_2d_1_2048_128_1024_128 ----
[0;31mE20250807 19:24:17.133381 139763268454144 output_stream.cpp:105] Opened result file: ./profiles/standalone_attn_decode_2d_1_2048_128_1024_128_kernel_trace.csv
[m[0;31mE20250807 19:24:17.139695 139763268454144 output_stream.cpp:105] Opened result file: ./profiles/standalone_attn_decode_2d_1_2048_128_1024_128_agent_info.csv
[m[0;33mW20250807 19:24:20.227113 139763268454144 tool.cpp:1902] rocprofv3_error_signal_handler caught signal 11...
[m# ---- Run standalone_attn_decode_3d_1_2048_128_1024_128 ----
[0;31mE20250807 19:24:36.816058 140557218207488 output_stream.cpp:105] Opened result file: ./profiles/standalone_attn_decode_3d_1_2048_128_1024_128_kernel_trace.csv
[m[0;31mE20250807 19:24:36.822297 140557218207488 output_stream.cpp:105] Opened result file: ./profiles/standalone_attn_decode_3d_1_2048_128_1024_128_agent_info.csv
[m[0;33mW20250807 19:24:39.991837 140557218207488 tool.cpp:1902] rocprofv3_error_signal_handler caught signal 11...
[m# ---- Run standalone_attn_decode_2d_1_2048_128_1024_160 ----
[0;31mE20250807 19:24:55.320805 140325150525184 output_stream.cpp:105] Opened result file: ./profiles/standalone_attn_decode_2d_1_2048_128_1024_160_kernel_trace.csv
[m[0;31mE20250807 19:24:55.327339 140325150525184 output_stream.cpp:105] Opened result file: ./profiles/standalone_attn_decode_2d_1_2048_128_1024_160_agent_info.csv
[m[0;33mW20250807 19:24:58.441683 140325150525184 tool.cpp:1902] rocprofv3_error_signal_handler caught signal 11...
[m# ---- Run standalone_attn_decode_3d_1_2048_128_1024_160 ----
[0;31mE20250807 19:25:14.104483 140332038031104 output_stream.cpp:105] Opened result file: ./profiles/standalone_attn_decode_3d_1_2048_128_1024_160_kernel_trace.csv
[m[0;31mE20250807 19:25:14.111161 140332038031104 output_stream.cpp:105] Opened result file: ./profiles/standalone_attn_decode_3d_1_2048_128_1024_160_agent_info.csv
[m[0;33mW20250807 19:25:17.357764 140332038031104 tool.cpp:1902] rocprofv3_error_signal_handler caught signal 11...
[m# ---- Run standalone_attn_decode_2d_1_2048_128_2048_64 ----
[0;31mE20250807 19:25:32.745670 140272940447488 output_stream.cpp:105] Opened result file: ./profiles/standalone_attn_decode_2d_1_2048_128_2048_64_kernel_trace.csv
[m[0;31mE20250807 19:25:32.751522 140272940447488 output_stream.cpp:105] Opened result file: ./profiles/standalone_attn_decode_2d_1_2048_128_2048_64_agent_info.csv
[m[0;33mW20250807 19:25:35.899578 140272940447488 tool.cpp:1902] rocprofv3_error_signal_handler caught signal 11...
[m# ---- Run standalone_attn_decode_3d_1_2048_128_2048_64 ----
[0;31mE20250807 19:25:52.307527 140014310242048 output_stream.cpp:105] Opened result file: ./profiles/standalone_attn_decode_3d_1_2048_128_2048_64_kernel_trace.csv
[m[0;31mE20250807 19:25:52.314412 140014310242048 output_stream.cpp:105] Opened result file: ./profiles/standalone_attn_decode_3d_1_2048_128_2048_64_agent_info.csv
[m[0;33mW20250807 19:25:55.508392 140014310242048 tool.cpp:1902] rocprofv3_error_signal_handler caught signal 11...
[m# ---- Run standalone_attn_decode_2d_1_2048_128_2048_128 ----
[0;31mE20250807 19:26:10.164395 140398747043584 output_stream.cpp:105] Opened result file: ./profiles/standalone_attn_decode_2d_1_2048_128_2048_128_kernel_trace.csv
[m[0;31mE20250807 19:26:10.170351 140398747043584 output_stream.cpp:105] Opened result file: ./profiles/standalone_attn_decode_2d_1_2048_128_2048_128_agent_info.csv
[m[0;33mW20250807 19:26:13.441649 140398747043584 tool.cpp:1902] rocprofv3_error_signal_handler caught signal 11...
[m# ---- Run standalone_attn_decode_3d_1_2048_128_2048_128 ----
[0;31mE20250807 19:26:29.493871 140364325259008 output_stream.cpp:105] Opened result file: ./profiles/standalone_attn_decode_3d_1_2048_128_2048_128_kernel_trace.csv
[m[0;31mE20250807 19:26:29.499761 140364325259008 output_stream.cpp:105] Opened result file: ./profiles/standalone_attn_decode_3d_1_2048_128_2048_128_agent_info.csv
[m[0;33mW20250807 19:26:32.465246 140364325259008 tool.cpp:1902] rocprofv3_error_signal_handler caught signal 11...
[m# ---- Run standalone_attn_decode_2d_1_2048_128_2048_160 ----
[0;31mE20250807 19:26:47.136827 139914281547520 output_stream.cpp:105] Opened result file: ./profiles/standalone_attn_decode_2d_1_2048_128_2048_160_kernel_trace.csv
[m[0;31mE20250807 19:26:47.142918 139914281547520 output_stream.cpp:105] Opened result file: ./profiles/standalone_attn_decode_2d_1_2048_128_2048_160_agent_info.csv
[m[0;33mW20250807 19:26:50.321465 139914281547520 tool.cpp:1902] rocprofv3_error_signal_handler caught signal 11...
[m# ---- Run standalone_attn_decode_3d_1_2048_128_2048_160 ----
[0;31mE20250807 19:27:06.526345 140275812316928 output_stream.cpp:105] Opened result file: ./profiles/standalone_attn_decode_3d_1_2048_128_2048_160_kernel_trace.csv
[m[0;31mE20250807 19:27:06.532386 140275812316928 output_stream.cpp:105] Opened result file: ./profiles/standalone_attn_decode_3d_1_2048_128_2048_160_agent_info.csv
[m[0;33mW20250807 19:27:09.653400 140275812316928 tool.cpp:1902] rocprofv3_error_signal_handler caught signal 11...
[m# ---- Run standalone_attn_decode_2d_1_2048_128_4096_64 ----
[0;31mE20250807 19:27:24.217260 140606016677632 output_stream.cpp:105] Opened result file: ./profiles/standalone_attn_decode_2d_1_2048_128_4096_64_kernel_trace.csv
[m[0;31mE20250807 19:27:24.223264 140606016677632 output_stream.cpp:105] Opened result file: ./profiles/standalone_attn_decode_2d_1_2048_128_4096_64_agent_info.csv
[m[0;33mW20250807 19:27:27.421353 140606016677632 tool.cpp:1902] rocprofv3_error_signal_handler caught signal 11...
[m# ---- Run standalone_attn_decode_3d_1_2048_128_4096_64 ----
[0;31mE20250807 19:27:43.540752 140310537926400 output_stream.cpp:105] Opened result file: ./profiles/standalone_attn_decode_3d_1_2048_128_4096_64_kernel_trace.csv
[m[0;31mE20250807 19:27:43.546885 140310537926400 output_stream.cpp:105] Opened result file: ./profiles/standalone_attn_decode_3d_1_2048_128_4096_64_agent_info.csv
[m[0;33mW20250807 19:27:46.780198 140310537926400 tool.cpp:1902] rocprofv3_error_signal_handler caught signal 11...
[m# ---- Run standalone_attn_decode_2d_1_2048_128_4096_128 ----
[0;31mE20250807 19:28:01.413813 139937414506240 output_stream.cpp:105] Opened result file: ./profiles/standalone_attn_decode_2d_1_2048_128_4096_128_kernel_trace.csv
[m[0;31mE20250807 19:28:01.419861 139937414506240 output_stream.cpp:105] Opened result file: ./profiles/standalone_attn_decode_2d_1_2048_128_4096_128_agent_info.csv
[m[0;33mW20250807 19:28:04.450195 139937414506240 tool.cpp:1902] rocprofv3_error_signal_handler caught signal 11...
[m# ---- Run standalone_attn_decode_3d_1_2048_128_4096_128 ----
[0;31mE20250807 19:28:20.175367 139648095831808 output_stream.cpp:105] Opened result file: ./profiles/standalone_attn_decode_3d_1_2048_128_4096_128_kernel_trace.csv
[m[0;31mE20250807 19:28:20.181419 139648095831808 output_stream.cpp:105] Opened result file: ./profiles/standalone_attn_decode_3d_1_2048_128_4096_128_agent_info.csv
[m[0;33mW20250807 19:28:23.188454 139648095831808 tool.cpp:1902] rocprofv3_error_signal_handler caught signal 11...
[m# ---- Run standalone_attn_decode_2d_1_2048_128_4096_160 ----
[0;31mE20250807 19:28:37.737044 140552799184640 output_stream.cpp:105] Opened result file: ./profiles/standalone_attn_decode_2d_1_2048_128_4096_160_kernel_trace.csv
[m[0;31mE20250807 19:28:37.743464 140552799184640 output_stream.cpp:105] Opened result file: ./profiles/standalone_attn_decode_2d_1_2048_128_4096_160_agent_info.csv
[m[0;33mW20250807 19:28:40.892556 140552799184640 tool.cpp:1902] rocprofv3_error_signal_handler caught signal 11...
[m# ---- Run standalone_attn_decode_3d_1_2048_128_4096_160 ----
[0;31mE20250807 19:28:56.661395 140452281427712 output_stream.cpp:105] Opened result file: ./profiles/standalone_attn_decode_3d_1_2048_128_4096_160_kernel_trace.csv
[m[0;31mE20250807 19:28:56.667811 140452281427712 output_stream.cpp:105] Opened result file: ./profiles/standalone_attn_decode_3d_1_2048_128_4096_160_agent_info.csv
[m[0;33mW20250807 19:28:59.678887 140452281427712 tool.cpp:1902] rocprofv3_error_signal_handler caught signal 11...
[m# ---- Run standalone_attn_decode_2d_1_2048_256_256_64 ----
[0;31mE20250807 19:29:14.297285 140244257310464 output_stream.cpp:105] Opened result file: ./profiles/standalone_attn_decode_2d_1_2048_256_256_64_kernel_trace.csv
[m[0;31mE20250807 19:29:14.303151 140244257310464 output_stream.cpp:105] Opened result file: ./profiles/standalone_attn_decode_2d_1_2048_256_256_64_agent_info.csv
[m[0;33mW20250807 19:29:17.587661 140244257310464 tool.cpp:1902] rocprofv3_error_signal_handler caught signal 11...
[m# ---- Run standalone_attn_decode_3d_1_2048_256_256_64 ----
[0;31mE20250807 19:29:33.382449 139925189904128 output_stream.cpp:105] Opened result file: ./profiles/standalone_attn_decode_3d_1_2048_256_256_64_kernel_trace.csv
[m[0;31mE20250807 19:29:33.388476 139925189904128 output_stream.cpp:105] Opened result file: ./profiles/standalone_attn_decode_3d_1_2048_256_256_64_agent_info.csv
[m[0;33mW20250807 19:29:36.556766 139925189904128 tool.cpp:1902] rocprofv3_error_signal_handler caught signal 11...
[m# ---- Run standalone_attn_decode_2d_1_2048_256_256_128 ----
[0;31mE20250807 19:29:51.345300 140636654393088 output_stream.cpp:105] Opened result file: ./profiles/standalone_attn_decode_2d_1_2048_256_256_128_kernel_trace.csv
[m[0;31mE20250807 19:29:51.351627 140636654393088 output_stream.cpp:105] Opened result file: ./profiles/standalone_attn_decode_2d_1_2048_256_256_128_agent_info.csv
[m[0;33mW20250807 19:29:54.542168 140636654393088 tool.cpp:1902] rocprofv3_error_signal_handler caught signal 11...
[m# ---- Run standalone_attn_decode_3d_1_2048_256_256_128 ----
[0;31mE20250807 19:30:10.201086 139763390768896 output_stream.cpp:105] Opened result file: ./profiles/standalone_attn_decode_3d_1_2048_256_256_128_kernel_trace.csv
[m[0;31mE20250807 19:30:10.207178 139763390768896 output_stream.cpp:105] Opened result file: ./profiles/standalone_attn_decode_3d_1_2048_256_256_128_agent_info.csv
[m[0;33mW20250807 19:30:13.490169 139763390768896 tool.cpp:1902] rocprofv3_error_signal_handler caught signal 11...
[m# ---- Run standalone_attn_decode_2d_1_2048_256_256_160 ----
[0;31mE20250807 19:30:28.231883 139764417857280 output_stream.cpp:105] Opened result file: ./profiles/standalone_attn_decode_2d_1_2048_256_256_160_kernel_trace.csv
[m[0;31mE20250807 19:30:28.237947 139764417857280 output_stream.cpp:105] Opened result file: ./profiles/standalone_attn_decode_2d_1_2048_256_256_160_agent_info.csv
[m[0;33mW20250807 19:30:31.515697 139764417857280 tool.cpp:1902] rocprofv3_error_signal_handler caught signal 11...
[m# ---- Run standalone_attn_decode_3d_1_2048_256_256_160 ----
[0;31mE20250807 19:30:46.969990 139895721867008 output_stream.cpp:105] Opened result file: ./profiles/standalone_attn_decode_3d_1_2048_256_256_160_kernel_trace.csv
[m[0;31mE20250807 19:30:46.976065 139895721867008 output_stream.cpp:105] Opened result file: ./profiles/standalone_attn_decode_3d_1_2048_256_256_160_agent_info.csv
[m[0;33mW20250807 19:30:50.137950 139895721867008 tool.cpp:1902] rocprofv3_error_signal_handler caught signal 11...
[m# ---- Run standalone_attn_decode_2d_1_2048_256_512_64 ----
[0;31mE20250807 19:31:04.760950 140093024143104 output_stream.cpp:105] Opened result file: ./profiles/standalone_attn_decode_2d_1_2048_256_512_64_kernel_trace.csv
[m[0;31mE20250807 19:31:04.766867 140093024143104 output_stream.cpp:105] Opened result file: ./profiles/standalone_attn_decode_2d_1_2048_256_512_64_agent_info.csv
[m[0;33mW20250807 19:31:07.793675 140093024143104 tool.cpp:1902] rocprofv3_error_signal_handler caught signal 11...
[m# ---- Run standalone_attn_decode_3d_1_2048_256_512_64 ----
[0;31mE20250807 19:31:23.381788 140544020342528 output_stream.cpp:105] Opened result file: ./profiles/standalone_attn_decode_3d_1_2048_256_512_64_kernel_trace.csv
[m[0;31mE20250807 19:31:23.387759 140544020342528 output_stream.cpp:105] Opened result file: ./profiles/standalone_attn_decode_3d_1_2048_256_512_64_agent_info.csv
[m[0;33mW20250807 19:31:26.492225 140544020342528 tool.cpp:1902] rocprofv3_error_signal_handler caught signal 11...
[m# ---- Run standalone_attn_decode_2d_1_2048_256_512_128 ----
[0;31mE20250807 19:31:40.824852 140203229607680 output_stream.cpp:105] Opened result file: ./profiles/standalone_attn_decode_2d_1_2048_256_512_128_kernel_trace.csv
[m[0;31mE20250807 19:31:40.830900 140203229607680 output_stream.cpp:105] Opened result file: ./profiles/standalone_attn_decode_2d_1_2048_256_512_128_agent_info.csv
[m[0;33mW20250807 19:31:43.837559 140203229607680 tool.cpp:1902] rocprofv3_error_signal_handler caught signal 11...
[m# ---- Run standalone_attn_decode_3d_1_2048_256_512_128 ----
[0;31mE20250807 19:31:59.661413 140303714252544 output_stream.cpp:105] Opened result file: ./profiles/standalone_attn_decode_3d_1_2048_256_512_128_kernel_trace.csv
[m[0;31mE20250807 19:31:59.667454 140303714252544 output_stream.cpp:105] Opened result file: ./profiles/standalone_attn_decode_3d_1_2048_256_512_128_agent_info.csv
[m[0;33mW20250807 19:32:03.047927 140303714252544 tool.cpp:1902] rocprofv3_error_signal_handler caught signal 11...
[m# ---- Run standalone_attn_decode_2d_1_2048_256_512_160 ----
[0;31mE20250807 19:32:17.470530 140172187260672 output_stream.cpp:105] Opened result file: ./profiles/standalone_attn_decode_2d_1_2048_256_512_160_kernel_trace.csv
[m[0;31mE20250807 19:32:17.476431 140172187260672 output_stream.cpp:105] Opened result file: ./profiles/standalone_attn_decode_2d_1_2048_256_512_160_agent_info.csv
[m[0;33mW20250807 19:32:20.900912 140172187260672 tool.cpp:1902] rocprofv3_error_signal_handler caught signal 11...
[m# ---- Run standalone_attn_decode_3d_1_2048_256_512_160 ----
[0;31mE20250807 19:32:36.510276 140174935262976 output_stream.cpp:105] Opened result file: ./profiles/standalone_attn_decode_3d_1_2048_256_512_160_kernel_trace.csv
[m[0;31mE20250807 19:32:36.516285 140174935262976 output_stream.cpp:105] Opened result file: ./profiles/standalone_attn_decode_3d_1_2048_256_512_160_agent_info.csv
[m[0;33mW20250807 19:32:39.644899 140174935262976 tool.cpp:1902] rocprofv3_error_signal_handler caught signal 11...
[m# ---- Run standalone_attn_decode_2d_1_2048_256_1024_64 ----
[0;31mE20250807 19:32:54.691408 140679479977728 output_stream.cpp:105] Opened result file: ./profiles/standalone_attn_decode_2d_1_2048_256_1024_64_kernel_trace.csv
[m[0;31mE20250807 19:32:54.698341 140679479977728 output_stream.cpp:105] Opened result file: ./profiles/standalone_attn_decode_2d_1_2048_256_1024_64_agent_info.csv
[m[0;33mW20250807 19:32:57.901863 140679479977728 tool.cpp:1902] rocprofv3_error_signal_handler caught signal 11...
[m# ---- Run standalone_attn_decode_3d_1_2048_256_1024_64 ----
[0;31mE20250807 19:33:14.705272 139688266639104 output_stream.cpp:105] Opened result file: ./profiles/standalone_attn_decode_3d_1_2048_256_1024_64_kernel_trace.csv
[m[0;31mE20250807 19:33:14.711306 139688266639104 output_stream.cpp:105] Opened result file: ./profiles/standalone_attn_decode_3d_1_2048_256_1024_64_agent_info.csv
[m[0;33mW20250807 19:33:17.804855 139688266639104 tool.cpp:1902] rocprofv3_error_signal_handler caught signal 11...
[m# ---- Run standalone_attn_decode_2d_1_2048_256_1024_128 ----
[0;31mE20250807 19:33:33.105166 140424702039808 output_stream.cpp:105] Opened result file: ./profiles/standalone_attn_decode_2d_1_2048_256_1024_128_kernel_trace.csv
[m[0;31mE20250807 19:33:33.111431 140424702039808 output_stream.cpp:105] Opened result file: ./profiles/standalone_attn_decode_2d_1_2048_256_1024_128_agent_info.csv
[m[0;33mW20250807 19:33:36.214033 140424702039808 tool.cpp:1902] rocprofv3_error_signal_handler caught signal 11...
[m# ---- Run standalone_attn_decode_3d_1_2048_256_1024_128 ----
[0;31mE20250807 19:33:53.219277 140584102242048 output_stream.cpp:105] Opened result file: ./profiles/standalone_attn_decode_3d_1_2048_256_1024_128_kernel_trace.csv
[m[0;31mE20250807 19:33:53.225859 140584102242048 output_stream.cpp:105] Opened result file: ./profiles/standalone_attn_decode_3d_1_2048_256_1024_128_agent_info.csv
[m[0;33mW20250807 19:33:56.380615 140584102242048 tool.cpp:1902] rocprofv3_error_signal_handler caught signal 11...
[m# ---- Run standalone_attn_decode_2d_1_2048_256_1024_160 ----
[0;31mE20250807 19:34:11.678996 140666011600640 output_stream.cpp:105] Opened result file: ./profiles/standalone_attn_decode_2d_1_2048_256_1024_160_kernel_trace.csv
[m[0;31mE20250807 19:34:11.685159 140666011600640 output_stream.cpp:105] Opened result file: ./profiles/standalone_attn_decode_2d_1_2048_256_1024_160_agent_info.csv
[m[0;33mW20250807 19:34:14.868864 140666011600640 tool.cpp:1902] rocprofv3_error_signal_handler caught signal 11...
[m# ---- Run standalone_attn_decode_3d_1_2048_256_1024_160 ----
[0;31mE20250807 19:34:31.285730 139645874239232 output_stream.cpp:105] Opened result file: ./profiles/standalone_attn_decode_3d_1_2048_256_1024_160_kernel_trace.csv
[m[0;31mE20250807 19:34:31.291575 139645874239232 output_stream.cpp:105] Opened result file: ./profiles/standalone_attn_decode_3d_1_2048_256_1024_160_agent_info.csv
[m[0;33mW20250807 19:34:34.371910 139645874239232 tool.cpp:1902] rocprofv3_error_signal_handler caught signal 11...
[m# ---- Run standalone_attn_decode_2d_1_2048_256_2048_64 ----
[0;31mE20250807 19:34:49.609401 140578610165504 output_stream.cpp:105] Opened result file: ./profiles/standalone_attn_decode_2d_1_2048_256_2048_64_kernel_trace.csv
[m[0;31mE20250807 19:34:49.615721 140578610165504 output_stream.cpp:105] Opened result file: ./profiles/standalone_attn_decode_2d_1_2048_256_2048_64_agent_info.csv
[m[0;33mW20250807 19:34:52.867342 140578610165504 tool.cpp:1902] rocprofv3_error_signal_handler caught signal 11...
[m# ---- Run standalone_attn_decode_3d_1_2048_256_2048_64 ----
[0;31mE20250807 19:35:08.811870 140002079610624 output_stream.cpp:105] Opened result file: ./profiles/standalone_attn_decode_3d_1_2048_256_2048_64_kernel_trace.csv
[m[0;31mE20250807 19:35:08.817845 140002079610624 output_stream.cpp:105] Opened result file: ./profiles/standalone_attn_decode_3d_1_2048_256_2048_64_agent_info.csv
[m[0;33mW20250807 19:35:11.917908 140002079610624 tool.cpp:1902] rocprofv3_error_signal_handler caught signal 11...
[m# ---- Run standalone_attn_decode_2d_1_2048_256_2048_128 ----
[0;31mE20250807 19:35:26.468412 140421529118464 output_stream.cpp:105] Opened result file: ./profiles/standalone_attn_decode_2d_1_2048_256_2048_128_kernel_trace.csv
[m[0;31mE20250807 19:35:26.474518 140421529118464 output_stream.cpp:105] Opened result file: ./profiles/standalone_attn_decode_2d_1_2048_256_2048_128_agent_info.csv
[m[0;33mW20250807 19:35:29.752010 140421529118464 tool.cpp:1902] rocprofv3_error_signal_handler caught signal 11...
[m# ---- Run standalone_attn_decode_3d_1_2048_256_2048_128 ----
[0;31mE20250807 19:35:45.287926 139810067564288 output_stream.cpp:105] Opened result file: ./profiles/standalone_attn_decode_3d_1_2048_256_2048_128_kernel_trace.csv
[m[0;31mE20250807 19:35:45.293895 139810067564288 output_stream.cpp:105] Opened result file: ./profiles/standalone_attn_decode_3d_1_2048_256_2048_128_agent_info.csv
[m[0;33mW20250807 19:35:48.544010 139810067564288 tool.cpp:1902] rocprofv3_error_signal_handler caught signal 11...
[m# ---- Run standalone_attn_decode_2d_1_2048_256_2048_160 ----
[0;31mE20250807 19:36:03.528293 140653880477440 output_stream.cpp:105] Opened result file: ./profiles/standalone_attn_decode_2d_1_2048_256_2048_160_kernel_trace.csv
[m[0;31mE20250807 19:36:03.534204 140653880477440 output_stream.cpp:105] Opened result file: ./profiles/standalone_attn_decode_2d_1_2048_256_2048_160_agent_info.csv
[m[0;33mW20250807 19:36:06.812233 140653880477440 tool.cpp:1902] rocprofv3_error_signal_handler caught signal 11...
[m# ---- Run standalone_attn_decode_3d_1_2048_256_2048_160 ----
[0;31mE20250807 19:36:22.181197 140640333678336 output_stream.cpp:105] Opened result file: ./profiles/standalone_attn_decode_3d_1_2048_256_2048_160_kernel_trace.csv
[m[0;31mE20250807 19:36:22.187206 140640333678336 output_stream.cpp:105] Opened result file: ./profiles/standalone_attn_decode_3d_1_2048_256_2048_160_agent_info.csv
[m[0;33mW20250807 19:36:25.332736 140640333678336 tool.cpp:1902] rocprofv3_error_signal_handler caught signal 11...
[m# ---- Run standalone_attn_decode_2d_1_2048_256_4096_64 ----
[0;31mE20250807 19:36:39.398423 140260730869504 output_stream.cpp:105] Opened result file: ./profiles/standalone_attn_decode_2d_1_2048_256_4096_64_kernel_trace.csv
[m[0;31mE20250807 19:36:39.404170 140260730869504 output_stream.cpp:105] Opened result file: ./profiles/standalone_attn_decode_2d_1_2048_256_4096_64_agent_info.csv
[m[0;33mW20250807 19:36:42.337609 140260730869504 tool.cpp:1902] rocprofv3_error_signal_handler caught signal 11...
[m# ---- Run standalone_attn_decode_3d_1_2048_256_4096_64 ----
[0;31mE20250807 19:36:57.758483 140579468556032 output_stream.cpp:105] Opened result file: ./profiles/standalone_attn_decode_3d_1_2048_256_4096_64_kernel_trace.csv
[m[0;31mE20250807 19:36:57.764291 140579468556032 output_stream.cpp:105] Opened result file: ./profiles/standalone_attn_decode_3d_1_2048_256_4096_64_agent_info.csv
[m[0;33mW20250807 19:37:00.917539 140579468556032 tool.cpp:1902] rocprofv3_error_signal_handler caught signal 11...
[m# ---- Run standalone_attn_decode_2d_1_2048_256_4096_128 ----
[0;31mE20250807 19:37:14.991950 140078561847040 output_stream.cpp:105] Opened result file: ./profiles/standalone_attn_decode_2d_1_2048_256_4096_128_kernel_trace.csv
[m[0;31mE20250807 19:37:14.997563 140078561847040 output_stream.cpp:105] Opened result file: ./profiles/standalone_attn_decode_2d_1_2048_256_4096_128_agent_info.csv
[m[0;33mW20250807 19:37:18.195982 140078561847040 tool.cpp:1902] rocprofv3_error_signal_handler caught signal 11...
[m# ---- Run standalone_attn_decode_3d_1_2048_256_4096_128 ----
[0;31mE20250807 19:37:33.491586 140088085202688 output_stream.cpp:105] Opened result file: ./profiles/standalone_attn_decode_3d_1_2048_256_4096_128_kernel_trace.csv
[m[0;31mE20250807 19:37:33.497310 140088085202688 output_stream.cpp:105] Opened result file: ./profiles/standalone_attn_decode_3d_1_2048_256_4096_128_agent_info.csv
[m[0;33mW20250807 19:37:36.870413 140088085202688 tool.cpp:1902] rocprofv3_error_signal_handler caught signal 11...
[m# ---- Run standalone_attn_decode_2d_1_2048_256_4096_160 ----
[0;31mE20250807 19:37:51.093412 140370214676224 output_stream.cpp:105] Opened result file: ./profiles/standalone_attn_decode_2d_1_2048_256_4096_160_kernel_trace.csv
[m[0;31mE20250807 19:37:51.099536 140370214676224 output_stream.cpp:105] Opened result file: ./profiles/standalone_attn_decode_2d_1_2048_256_4096_160_agent_info.csv
[m[0;33mW20250807 19:37:54.323601 140370214676224 tool.cpp:1902] rocprofv3_error_signal_handler caught signal 11...
[m# ---- Run standalone_attn_decode_3d_1_2048_256_4096_160 ----
[0;31mE20250807 19:38:09.488121 140206798853888 output_stream.cpp:105] Opened result file: ./profiles/standalone_attn_decode_3d_1_2048_256_4096_160_kernel_trace.csv
[m[0;31mE20250807 19:38:09.494127 140206798853888 output_stream.cpp:105] Opened result file: ./profiles/standalone_attn_decode_3d_1_2048_256_4096_160_agent_info.csv
[m[0;33mW20250807 19:38:12.483897 140206798853888 tool.cpp:1902] rocprofv3_error_signal_handler caught signal 11...
[m# ---- Run standalone_attn_decode_2d_1_2048_512_256_64 ----
[0;31mE20250807 19:38:26.606447 140360797927168 output_stream.cpp:105] Opened result file: ./profiles/standalone_attn_decode_2d_1_2048_512_256_64_kernel_trace.csv
[m[0;31mE20250807 19:38:26.612437 140360797927168 output_stream.cpp:105] Opened result file: ./profiles/standalone_attn_decode_2d_1_2048_512_256_64_agent_info.csv
[m[0;33mW20250807 19:38:29.696783 140360797927168 tool.cpp:1902] rocprofv3_error_signal_handler caught signal 11...
[m# ---- Run standalone_attn_decode_3d_1_2048_512_256_64 ----
[0;31mE20250807 19:38:44.922630 140446054074112 output_stream.cpp:105] Opened result file: ./profiles/standalone_attn_decode_3d_1_2048_512_256_64_kernel_trace.csv
[m[0;31mE20250807 19:38:44.928462 140446054074112 output_stream.cpp:105] Opened result file: ./profiles/standalone_attn_decode_3d_1_2048_512_256_64_agent_info.csv
[m[0;33mW20250807 19:38:48.114612 140446054074112 tool.cpp:1902] rocprofv3_error_signal_handler caught signal 11...
[m# ---- Run standalone_attn_decode_2d_1_2048_512_256_128 ----
[0;31mE20250807 19:39:02.620338 140067420534528 output_stream.cpp:105] Opened result file: ./profiles/standalone_attn_decode_2d_1_2048_512_256_128_kernel_trace.csv
[m[0;31mE20250807 19:39:02.626396 140067420534528 output_stream.cpp:105] Opened result file: ./profiles/standalone_attn_decode_2d_1_2048_512_256_128_agent_info.csv
[m[0;33mW20250807 19:39:05.969180 140067420534528 tool.cpp:1902] rocprofv3_error_signal_handler caught signal 11...
[m# ---- Run standalone_attn_decode_3d_1_2048_512_256_128 ----
[0;31mE20250807 19:39:21.136470 140543044777728 output_stream.cpp:105] Opened result file: ./profiles/standalone_attn_decode_3d_1_2048_512_256_128_kernel_trace.csv
[m[0;31mE20250807 19:39:21.143305 140543044777728 output_stream.cpp:105] Opened result file: ./profiles/standalone_attn_decode_3d_1_2048_512_256_128_agent_info.csv
[m[0;33mW20250807 19:39:24.148751 140543044777728 tool.cpp:1902] rocprofv3_error_signal_handler caught signal 11...
[m# ---- Run standalone_attn_decode_2d_1_2048_512_256_160 ----
[0;31mE20250807 19:39:38.460948 139620671678208 output_stream.cpp:105] Opened result file: ./profiles/standalone_attn_decode_2d_1_2048_512_256_160_kernel_trace.csv
[m[0;31mE20250807 19:39:38.466548 139620671678208 output_stream.cpp:105] Opened result file: ./profiles/standalone_attn_decode_2d_1_2048_512_256_160_agent_info.csv
[m[0;33mW20250807 19:39:41.751941 139620671678208 tool.cpp:1902] rocprofv3_error_signal_handler caught signal 11...
[m# ---- Run standalone_attn_decode_3d_1_2048_512_256_160 ----
[0;31mE20250807 19:39:57.154121 139911798552320 output_stream.cpp:105] Opened result file: ./profiles/standalone_attn_decode_3d_1_2048_512_256_160_kernel_trace.csv
[m[0;31mE20250807 19:39:57.159811 139911798552320 output_stream.cpp:105] Opened result file: ./profiles/standalone_attn_decode_3d_1_2048_512_256_160_agent_info.csv
[m[0;33mW20250807 19:40:00.403322 139911798552320 tool.cpp:1902] rocprofv3_error_signal_handler caught signal 11...
[m# ---- Run standalone_attn_decode_2d_1_2048_512_512_64 ----
[0;31mE20250807 19:40:14.395797 140272548394752 output_stream.cpp:105] Opened result file: ./profiles/standalone_attn_decode_2d_1_2048_512_512_64_kernel_trace.csv
[m[0;31mE20250807 19:40:14.401868 140272548394752 output_stream.cpp:105] Opened result file: ./profiles/standalone_attn_decode_2d_1_2048_512_512_64_agent_info.csv
[m[0;33mW20250807 19:40:17.484339 140272548394752 tool.cpp:1902] rocprofv3_error_signal_handler caught signal 11...
[m# ---- Run standalone_attn_decode_3d_1_2048_512_512_64 ----
[0;31mE20250807 19:40:32.761210 140046553073408 output_stream.cpp:105] Opened result file: ./profiles/standalone_attn_decode_3d_1_2048_512_512_64_kernel_trace.csv
[m[0;31mE20250807 19:40:32.767471 140046553073408 output_stream.cpp:105] Opened result file: ./profiles/standalone_attn_decode_3d_1_2048_512_512_64_agent_info.csv
[m[0;33mW20250807 19:40:35.986765 140046553073408 tool.cpp:1902] rocprofv3_error_signal_handler caught signal 11...
[m# ---- Run standalone_attn_decode_2d_1_2048_512_512_128 ----
[0;31mE20250807 19:40:50.098234 139661335504640 output_stream.cpp:105] Opened result file: ./profiles/standalone_attn_decode_2d_1_2048_512_512_128_kernel_trace.csv
[m[0;31mE20250807 19:40:50.104433 139661335504640 output_stream.cpp:105] Opened result file: ./profiles/standalone_attn_decode_2d_1_2048_512_512_128_agent_info.csv
[m[0;33mW20250807 19:40:53.128577 139661335504640 tool.cpp:1902] rocprofv3_error_signal_handler caught signal 11...
[m# ---- Run standalone_attn_decode_3d_1_2048_512_512_128 ----
[0;31mE20250807 19:41:08.447950 139685450856192 output_stream.cpp:105] Opened result file: ./profiles/standalone_attn_decode_3d_1_2048_512_512_128_kernel_trace.csv
[m[0;31mE20250807 19:41:08.453554 139685450856192 output_stream.cpp:105] Opened result file: ./profiles/standalone_attn_decode_3d_1_2048_512_512_128_agent_info.csv
[m[0;33mW20250807 19:41:11.448434 139685450856192 tool.cpp:1902] rocprofv3_error_signal_handler caught signal 11...
[m# ---- Run standalone_attn_decode_2d_1_2048_512_512_160 ----
[0;31mE20250807 19:41:25.639636 140025054271232 output_stream.cpp:105] Opened result file: ./profiles/standalone_attn_decode_2d_1_2048_512_512_160_kernel_trace.csv
[m[0;31mE20250807 19:41:25.645697 140025054271232 output_stream.cpp:105] Opened result file: ./profiles/standalone_attn_decode_2d_1_2048_512_512_160_agent_info.csv
[m[0;33mW20250807 19:41:28.741111 140025054271232 tool.cpp:1902] rocprofv3_error_signal_handler caught signal 11...
[m# ---- Run standalone_attn_decode_3d_1_2048_512_512_160 ----
[0;31mE20250807 19:41:44.205577 139630037481216 output_stream.cpp:105] Opened result file: ./profiles/standalone_attn_decode_3d_1_2048_512_512_160_kernel_trace.csv
[m[0;31mE20250807 19:41:44.211396 139630037481216 output_stream.cpp:105] Opened result file: ./profiles/standalone_attn_decode_3d_1_2048_512_512_160_agent_info.csv
[m[0;33mW20250807 19:41:47.330514 139630037481216 tool.cpp:1902] rocprofv3_error_signal_handler caught signal 11...
[m# ---- Run standalone_attn_decode_2d_1_2048_512_1024_64 ----
[0;31mE20250807 19:42:01.863630 140257003382528 output_stream.cpp:105] Opened result file: ./profiles/standalone_attn_decode_2d_1_2048_512_1024_64_kernel_trace.csv
[m[0;31mE20250807 19:42:01.869487 140257003382528 output_stream.cpp:105] Opened result file: ./profiles/standalone_attn_decode_2d_1_2048_512_1024_64_agent_info.csv
[m[0;33mW20250807 19:42:05.092524 140257003382528 tool.cpp:1902] rocprofv3_error_signal_handler caught signal 11...
[m# ---- Run standalone_attn_decode_3d_1_2048_512_1024_64 ----
[0;31mE20250807 19:42:20.373931 140529847351040 output_stream.cpp:105] Opened result file: ./profiles/standalone_attn_decode_3d_1_2048_512_1024_64_kernel_trace.csv
[m[0;31mE20250807 19:42:20.379720 140529847351040 output_stream.cpp:105] Opened result file: ./profiles/standalone_attn_decode_3d_1_2048_512_1024_64_agent_info.csv
[m[0;33mW20250807 19:42:23.377942 140529847351040 tool.cpp:1902] rocprofv3_error_signal_handler caught signal 11...
[m# ---- Run standalone_attn_decode_2d_1_2048_512_1024_128 ----
[0;31mE20250807 19:42:37.642192 140525064353536 output_stream.cpp:105] Opened result file: ./profiles/standalone_attn_decode_2d_1_2048_512_1024_128_kernel_trace.csv
[m[0;31mE20250807 19:42:37.648082 140525064353536 output_stream.cpp:105] Opened result file: ./profiles/standalone_attn_decode_2d_1_2048_512_1024_128_agent_info.csv
[m[0;33mW20250807 19:42:40.741815 140525064353536 tool.cpp:1902] rocprofv3_error_signal_handler caught signal 11...
[m# ---- Run standalone_attn_decode_3d_1_2048_512_1024_128 ----
[0;31mE20250807 19:42:56.256526 140111317440256 output_stream.cpp:105] Opened result file: ./profiles/standalone_attn_decode_3d_1_2048_512_1024_128_kernel_trace.csv
[m[0;31mE20250807 19:42:56.262363 140111317440256 output_stream.cpp:105] Opened result file: ./profiles/standalone_attn_decode_3d_1_2048_512_1024_128_agent_info.csv
[m[0;33mW20250807 19:42:59.315629 140111317440256 tool.cpp:1902] rocprofv3_error_signal_handler caught signal 11...
[m# ---- Run standalone_attn_decode_2d_1_2048_512_1024_160 ----
[0;31mE20250807 19:43:13.402802 140516270831360 output_stream.cpp:105] Opened result file: ./profiles/standalone_attn_decode_2d_1_2048_512_1024_160_kernel_trace.csv
[m[0;31mE20250807 19:43:13.408451 140516270831360 output_stream.cpp:105] Opened result file: ./profiles/standalone_attn_decode_2d_1_2048_512_1024_160_agent_info.csv
[m[0;33mW20250807 19:43:16.434261 140516270831360 tool.cpp:1902] rocprofv3_error_signal_handler caught signal 11...
[m# ---- Run standalone_attn_decode_3d_1_2048_512_1024_160 ----
[0;31mE20250807 19:43:31.725279 140308153034496 output_stream.cpp:105] Opened result file: ./profiles/standalone_attn_decode_3d_1_2048_512_1024_160_kernel_trace.csv
[m[0;31mE20250807 19:43:31.731223 140308153034496 output_stream.cpp:105] Opened result file: ./profiles/standalone_attn_decode_3d_1_2048_512_1024_160_agent_info.csv
[m[0;33mW20250807 19:43:34.890500 140308153034496 tool.cpp:1902] rocprofv3_error_signal_handler caught signal 11...
[m# ---- Run standalone_attn_decode_2d_1_2048_512_2048_64 ----
[0;31mE20250807 19:43:49.129820 140469619713792 output_stream.cpp:105] Opened result file: ./profiles/standalone_attn_decode_2d_1_2048_512_2048_64_kernel_trace.csv
[m[0;31mE20250807 19:43:49.135489 140469619713792 output_stream.cpp:105] Opened result file: ./profiles/standalone_attn_decode_2d_1_2048_512_2048_64_agent_info.csv
[m[0;33mW20250807 19:43:52.343288 140469619713792 tool.cpp:1902] rocprofv3_error_signal_handler caught signal 11...
[m# ---- Run standalone_attn_decode_3d_1_2048_512_2048_64 ----
[0;31mE20250807 19:44:07.691734 140300010956544 output_stream.cpp:105] Opened result file: ./profiles/standalone_attn_decode_3d_1_2048_512_2048_64_kernel_trace.csv
[m[0;31mE20250807 19:44:07.697513 140300010956544 output_stream.cpp:105] Opened result file: ./profiles/standalone_attn_decode_3d_1_2048_512_2048_64_agent_info.csv
[m[0;33mW20250807 19:44:10.819457 140300010956544 tool.cpp:1902] rocprofv3_error_signal_handler caught signal 11...
[m# ---- Run standalone_attn_decode_2d_1_2048_512_2048_128 ----
[0;31mE20250807 19:44:25.036321 139957740173056 output_stream.cpp:105] Opened result file: ./profiles/standalone_attn_decode_2d_1_2048_512_2048_128_kernel_trace.csv
[m[0;31mE20250807 19:44:25.042486 139957740173056 output_stream.cpp:105] Opened result file: ./profiles/standalone_attn_decode_2d_1_2048_512_2048_128_agent_info.csv
[m[0;33mW20250807 19:44:28.066183 139957740173056 tool.cpp:1902] rocprofv3_error_signal_handler caught signal 11...
[m# ---- Run standalone_attn_decode_3d_1_2048_512_2048_128 ----
[0;31mE20250807 19:44:43.361227 140502193059584 output_stream.cpp:105] Opened result file: ./profiles/standalone_attn_decode_3d_1_2048_512_2048_128_kernel_trace.csv
[m[0;31mE20250807 19:44:43.367060 140502193059584 output_stream.cpp:105] Opened result file: ./profiles/standalone_attn_decode_3d_1_2048_512_2048_128_agent_info.csv
[m[0;33mW20250807 19:44:46.370694 140502193059584 tool.cpp:1902] rocprofv3_error_signal_handler caught signal 11...
[m# ---- Run standalone_attn_decode_2d_1_2048_512_2048_160 ----
[0;31mE20250807 19:45:01.108990 139985413715712 output_stream.cpp:105] Opened result file: ./profiles/standalone_attn_decode_2d_1_2048_512_2048_160_kernel_trace.csv
[m[0;31mE20250807 19:45:01.114715 139985413715712 output_stream.cpp:105] Opened result file: ./profiles/standalone_attn_decode_2d_1_2048_512_2048_160_agent_info.csv
[m[0;33mW20250807 19:45:04.281068 139985413715712 tool.cpp:1902] rocprofv3_error_signal_handler caught signal 11...
[m# ---- Run standalone_attn_decode_3d_1_2048_512_2048_160 ----
[0;31mE20250807 19:45:19.651200 139783143327488 output_stream.cpp:105] Opened result file: ./profiles/standalone_attn_decode_3d_1_2048_512_2048_160_kernel_trace.csv
[m[0;31mE20250807 19:45:19.656823 139783143327488 output_stream.cpp:105] Opened result file: ./profiles/standalone_attn_decode_3d_1_2048_512_2048_160_agent_info.csv
[m[0;33mW20250807 19:45:22.902919 139783143327488 tool.cpp:1902] rocprofv3_error_signal_handler caught signal 11...
[m# ---- Run standalone_attn_decode_2d_1_2048_512_4096_64 ----
[0;31mE20250807 19:45:37.045546 140072898041600 output_stream.cpp:105] Opened result file: ./profiles/standalone_attn_decode_2d_1_2048_512_4096_64_kernel_trace.csv
[m[0;31mE20250807 19:45:37.051600 140072898041600 output_stream.cpp:105] Opened result file: ./profiles/standalone_attn_decode_2d_1_2048_512_4096_64_agent_info.csv
[m[0;33mW20250807 19:45:40.073845 140072898041600 tool.cpp:1902] rocprofv3_error_signal_handler caught signal 11...
[m# ---- Run standalone_attn_decode_3d_1_2048_512_4096_64 ----
[0;31mE20250807 19:45:55.995813 140604979562240 output_stream.cpp:105] Opened result file: ./profiles/standalone_attn_decode_3d_1_2048_512_4096_64_kernel_trace.csv
[m[0;31mE20250807 19:45:56.001921 140604979562240 output_stream.cpp:105] Opened result file: ./profiles/standalone_attn_decode_3d_1_2048_512_4096_64_agent_info.csv
[m[0;33mW20250807 19:45:59.002279 140604979562240 tool.cpp:1902] rocprofv3_error_signal_handler caught signal 11...
[m# ---- Run standalone_attn_decode_2d_1_2048_512_4096_128 ----
[0;31mE20250807 19:46:13.266414 140343213238016 output_stream.cpp:105] Opened result file: ./profiles/standalone_attn_decode_2d_1_2048_512_4096_128_kernel_trace.csv
[m[0;31mE20250807 19:46:13.272327 140343213238016 output_stream.cpp:105] Opened result file: ./profiles/standalone_attn_decode_2d_1_2048_512_4096_128_agent_info.csv
[m[0;33mW20250807 19:46:16.231566 140343213238016 tool.cpp:1902] rocprofv3_error_signal_handler caught signal 11...
[m# ---- Run standalone_attn_decode_3d_1_2048_512_4096_128 ----
[0;31mE20250807 19:46:31.665505 140212334094080 output_stream.cpp:105] Opened result file: ./profiles/standalone_attn_decode_3d_1_2048_512_4096_128_kernel_trace.csv
[m[0;31mE20250807 19:46:31.671373 140212334094080 output_stream.cpp:105] Opened result file: ./profiles/standalone_attn_decode_3d_1_2048_512_4096_128_agent_info.csv
[m[0;33mW20250807 19:46:34.666471 140212334094080 tool.cpp:1902] rocprofv3_error_signal_handler caught signal 11...
[m# ---- Run standalone_attn_decode_2d_1_2048_512_4096_160 ----
[0;31mE20250807 19:46:48.735931 139846915479296 output_stream.cpp:105] Opened result file: ./profiles/standalone_attn_decode_2d_1_2048_512_4096_160_kernel_trace.csv
[m[0;31mE20250807 19:46:48.741859 139846915479296 output_stream.cpp:105] Opened result file: ./profiles/standalone_attn_decode_2d_1_2048_512_4096_160_agent_info.csv
[m[0;33mW20250807 19:46:51.892463 139846915479296 tool.cpp:1902] rocprofv3_error_signal_handler caught signal 11...
[m# ---- Run standalone_attn_decode_3d_1_2048_512_4096_160 ----
[0;31mE20250807 19:47:07.030102 140179931236096 output_stream.cpp:105] Opened result file: ./profiles/standalone_attn_decode_3d_1_2048_512_4096_160_kernel_trace.csv
[m[0;31mE20250807 19:47:07.036144 140179931236096 output_stream.cpp:105] Opened result file: ./profiles/standalone_attn_decode_3d_1_2048_512_4096_160_agent_info.csv
[m[0;33mW20250807 19:47:10.093057 140179931236096 tool.cpp:1902] rocprofv3_error_signal_handler caught signal 11...
[m# ---- Run standalone_attn_decode_2d_1_2048_1_256_64 ----
[0;31mE20250807 21:55:41.549640 140522192021248 output_stream.cpp:105] Opened result file: ./profiles/standalone_attn_decode_2d_1_2048_1_256_64_kernel_trace.csv
[m[0;31mE20250807 21:55:41.556276 140522192021248 output_stream.cpp:105] Opened result file: ./profiles/standalone_attn_decode_2d_1_2048_1_256_64_agent_info.csv
[m[0;33mW20250807 21:55:44.913235 140522192021248 tool.cpp:1902] rocprofv3_error_signal_handler caught signal 11...
[m# ---- Run standalone_attn_decode_3d_1_2048_1_256_64 ----
[0;31mE20250807 21:56:01.232361 139800401229568 output_stream.cpp:105] Opened result file: ./profiles/standalone_attn_decode_3d_1_2048_1_256_64_kernel_trace.csv
[m[0;31mE20250807 21:56:01.238843 139800401229568 output_stream.cpp:105] Opened result file: ./profiles/standalone_attn_decode_3d_1_2048_1_256_64_agent_info.csv
[m[0;33mW20250807 21:56:04.476859 139800401229568 tool.cpp:1902] rocprofv3_error_signal_handler caught signal 11...
[m# ---- Run standalone_attn_decode_2d_1_2048_1_256_128 ----
[0;31mE20250807 21:56:19.494810 140055244191488 output_stream.cpp:105] Opened result file: ./profiles/standalone_attn_decode_2d_1_2048_1_256_128_kernel_trace.csv
[m[0;31mE20250807 21:56:19.501654 140055244191488 output_stream.cpp:105] Opened result file: ./profiles/standalone_attn_decode_2d_1_2048_1_256_128_agent_info.csv
[m[0;33mW20250807 21:56:22.561815 140055244191488 tool.cpp:1902] rocprofv3_error_signal_handler caught signal 11...
[m# ---- Run standalone_attn_decode_3d_1_2048_1_256_128 ----
[0;31mE20250807 21:56:38.587225 139812614092544 output_stream.cpp:105] Opened result file: ./profiles/standalone_attn_decode_3d_1_2048_1_256_128_kernel_trace.csv
[m[0;31mE20250807 21:56:38.593850 139812614092544 output_stream.cpp:105] Opened result file: ./profiles/standalone_attn_decode_3d_1_2048_1_256_128_agent_info.csv
[m[0;33mW20250807 21:56:41.651883 139812614092544 tool.cpp:1902] rocprofv3_error_signal_handler caught signal 11...
[m# ---- Run standalone_attn_decode_2d_1_2048_1_256_160 ----
[0;31mE20250807 21:56:56.256995 140009732192000 output_stream.cpp:105] Opened result file: ./profiles/standalone_attn_decode_2d_1_2048_1_256_160_kernel_trace.csv
[m[0;31mE20250807 21:56:56.263794 140009732192000 output_stream.cpp:105] Opened result file: ./profiles/standalone_attn_decode_2d_1_2048_1_256_160_agent_info.csv
[m[0;33mW20250807 21:56:59.342124 140009732192000 tool.cpp:1902] rocprofv3_error_signal_handler caught signal 11...
[m# ---- Run standalone_attn_decode_3d_1_2048_1_256_160 ----
[0;31mE20250807 21:57:14.917490 140275745924864 output_stream.cpp:105] Opened result file: ./profiles/standalone_attn_decode_3d_1_2048_1_256_160_kernel_trace.csv
[m[0;31mE20250807 21:57:14.924253 140275745924864 output_stream.cpp:105] Opened result file: ./profiles/standalone_attn_decode_3d_1_2048_1_256_160_agent_info.csv
[m[0;33mW20250807 21:57:17.878037 140275745924864 tool.cpp:1902] rocprofv3_error_signal_handler caught signal 11...
[m# ---- Run standalone_attn_decode_2d_1_2048_1_512_64 ----
[0;31mE20250807 21:57:32.166214 140555019593472 output_stream.cpp:105] Opened result file: ./profiles/standalone_attn_decode_2d_1_2048_1_512_64_kernel_trace.csv
[m[0;31mE20250807 21:57:32.172873 140555019593472 output_stream.cpp:105] Opened result file: ./profiles/standalone_attn_decode_2d_1_2048_1_512_64_agent_info.csv
[m[0;33mW20250807 21:57:35.093384 140555019593472 tool.cpp:1902] rocprofv3_error_signal_handler caught signal 11...
[m# ---- Run standalone_attn_decode_3d_1_2048_1_512_64 ----
[0;31mE20250807 21:57:50.730195 140252263753472 output_stream.cpp:105] Opened result file: ./profiles/standalone_attn_decode_3d_1_2048_1_512_64_kernel_trace.csv
[m[0;31mE20250807 21:57:50.737514 140252263753472 output_stream.cpp:105] Opened result file: ./profiles/standalone_attn_decode_3d_1_2048_1_512_64_agent_info.csv
[m[0;33mW20250807 21:57:53.751645 140252263753472 tool.cpp:1902] rocprofv3_error_signal_handler caught signal 11...
[m# ---- Run standalone_attn_decode_2d_1_2048_1_512_128 ----
[0;31mE20250807 21:58:08.132883 139922815567616 output_stream.cpp:105] Opened result file: ./profiles/standalone_attn_decode_2d_1_2048_1_512_128_kernel_trace.csv
[m[0;31mE20250807 21:58:08.139577 139922815567616 output_stream.cpp:105] Opened result file: ./profiles/standalone_attn_decode_2d_1_2048_1_512_128_agent_info.csv
[m[0;33mW20250807 21:58:11.201862 139922815567616 tool.cpp:1902] rocprofv3_error_signal_handler caught signal 11...
[m# ---- Run standalone_attn_decode_3d_1_2048_1_512_128 ----
[0;31mE20250807 21:58:26.717298 140476425373440 output_stream.cpp:105] Opened result file: ./profiles/standalone_attn_decode_3d_1_2048_1_512_128_kernel_trace.csv
[m[0;31mE20250807 21:58:26.724242 140476425373440 output_stream.cpp:105] Opened result file: ./profiles/standalone_attn_decode_3d_1_2048_1_512_128_agent_info.csv
[m[0;33mW20250807 21:58:29.733503 140476425373440 tool.cpp:1902] rocprofv3_error_signal_handler caught signal 11...
[m# ---- Run standalone_attn_decode_2d_1_2048_1_512_160 ----
[0;31mE20250807 21:58:44.568969 140629713553152 output_stream.cpp:105] Opened result file: ./profiles/standalone_attn_decode_2d_1_2048_1_512_160_kernel_trace.csv
[m[0;31mE20250807 21:58:44.575471 140629713553152 output_stream.cpp:105] Opened result file: ./profiles/standalone_attn_decode_2d_1_2048_1_512_160_agent_info.csv
[m[0;33mW20250807 21:58:47.670170 140629713553152 tool.cpp:1902] rocprofv3_error_signal_handler caught signal 11...
[m# ---- Run standalone_attn_decode_3d_1_2048_1_512_160 ----
[0;31mE20250807 21:59:03.965453 140026896578304 output_stream.cpp:105] Opened result file: ./profiles/standalone_attn_decode_3d_1_2048_1_512_160_kernel_trace.csv
[m[0;31mE20250807 21:59:03.972015 140026896578304 output_stream.cpp:105] Opened result file: ./profiles/standalone_attn_decode_3d_1_2048_1_512_160_agent_info.csv
[m[0;33mW20250807 21:59:07.323932 140026896578304 tool.cpp:1902] rocprofv3_error_signal_handler caught signal 11...
[m# ---- Run standalone_attn_decode_2d_1_2048_1_1024_64 ----
[0;31mE20250807 21:59:21.929112 140090955048704 output_stream.cpp:105] Opened result file: ./profiles/standalone_attn_decode_2d_1_2048_1_1024_64_kernel_trace.csv
[m[0;31mE20250807 21:59:21.935486 140090955048704 output_stream.cpp:105] Opened result file: ./profiles/standalone_attn_decode_2d_1_2048_1_1024_64_agent_info.csv
[m[0;33mW20250807 21:59:25.015047 140090955048704 tool.cpp:1902] rocprofv3_error_signal_handler caught signal 11...
[m# ---- Run standalone_attn_decode_3d_1_2048_1_1024_64 ----
[0;31mE20250807 21:59:40.941909 140655616452352 output_stream.cpp:105] Opened result file: ./profiles/standalone_attn_decode_3d_1_2048_1_1024_64_kernel_trace.csv
[m[0;31mE20250807 21:59:40.948478 140655616452352 output_stream.cpp:105] Opened result file: ./profiles/standalone_attn_decode_3d_1_2048_1_1024_64_agent_info.csv
[m[0;33mW20250807 21:59:44.028384 140655616452352 tool.cpp:1902] rocprofv3_error_signal_handler caught signal 11...
[m# ---- Run standalone_attn_decode_2d_1_2048_1_1024_128 ----
[0;31mE20250807 21:59:59.091664 139716865169152 output_stream.cpp:105] Opened result file: ./profiles/standalone_attn_decode_2d_1_2048_1_1024_128_kernel_trace.csv
[m[0;31mE20250807 21:59:59.098609 139716865169152 output_stream.cpp:105] Opened result file: ./profiles/standalone_attn_decode_2d_1_2048_1_1024_128_agent_info.csv
[m[0;33mW20250807 22:00:02.180144 139716865169152 tool.cpp:1902] rocprofv3_error_signal_handler caught signal 11...
[m# ---- Run standalone_attn_decode_3d_1_2048_1_1024_128 ----
[0;31mE20250807 22:00:17.924869 140480814778112 output_stream.cpp:105] Opened result file: ./profiles/standalone_attn_decode_3d_1_2048_1_1024_128_kernel_trace.csv
[m[0;31mE20250807 22:00:17.931489 140480814778112 output_stream.cpp:105] Opened result file: ./profiles/standalone_attn_decode_3d_1_2048_1_1024_128_agent_info.csv
[m[0;33mW20250807 22:00:21.257827 140480814778112 tool.cpp:1902] rocprofv3_error_signal_handler caught signal 11...
[m# ---- Run standalone_attn_decode_2d_1_2048_1_1024_160 ----
[0;31mE20250807 22:00:35.928243 140530317260544 output_stream.cpp:105] Opened result file: ./profiles/standalone_attn_decode_2d_1_2048_1_1024_160_kernel_trace.csv
[m[0;31mE20250807 22:00:35.935106 140530317260544 output_stream.cpp:105] Opened result file: ./profiles/standalone_attn_decode_2d_1_2048_1_1024_160_agent_info.csv
[m[0;33mW20250807 22:00:39.163340 140530317260544 tool.cpp:1902] rocprofv3_error_signal_handler caught signal 11...
[m# ---- Run standalone_attn_decode_3d_1_2048_1_1024_160 ----
[0;31mE20250807 22:00:55.167988 140095187306240 output_stream.cpp:105] Opened result file: ./profiles/standalone_attn_decode_3d_1_2048_1_1024_160_kernel_trace.csv
[m[0;31mE20250807 22:00:55.175182 140095187306240 output_stream.cpp:105] Opened result file: ./profiles/standalone_attn_decode_3d_1_2048_1_1024_160_agent_info.csv
[m[0;33mW20250807 22:00:58.506077 140095187306240 tool.cpp:1902] rocprofv3_error_signal_handler caught signal 11...
[m# ---- Run standalone_attn_decode_2d_1_2048_1_2048_64 ----
[0;31mE20250807 22:01:13.289664 140445592405760 output_stream.cpp:105] Opened result file: ./profiles/standalone_attn_decode_2d_1_2048_1_2048_64_kernel_trace.csv
[m[0;31mE20250807 22:01:13.296616 140445592405760 output_stream.cpp:105] Opened result file: ./profiles/standalone_attn_decode_2d_1_2048_1_2048_64_agent_info.csv
[m[0;33mW20250807 22:01:16.416918 140445592405760 tool.cpp:1902] rocprofv3_error_signal_handler caught signal 11...
[m# ---- Run standalone_attn_decode_3d_1_2048_1_2048_64 ----
[0;31mE20250807 22:01:32.363630 140515837777664 output_stream.cpp:105] Opened result file: ./profiles/standalone_attn_decode_3d_1_2048_1_2048_64_kernel_trace.csv
[m[0;31mE20250807 22:01:32.369994 140515837777664 output_stream.cpp:105] Opened result file: ./profiles/standalone_attn_decode_3d_1_2048_1_2048_64_agent_info.csv
[m[0;33mW20250807 22:01:35.577007 140515837777664 tool.cpp:1902] rocprofv3_error_signal_handler caught signal 11...
[m# ---- Run standalone_attn_decode_2d_1_2048_1_2048_128 ----
[0;31mE20250807 22:01:50.513241 140444189251328 output_stream.cpp:105] Opened result file: ./profiles/standalone_attn_decode_2d_1_2048_1_2048_128_kernel_trace.csv
[m[0;31mE20250807 22:01:50.520154 140444189251328 output_stream.cpp:105] Opened result file: ./profiles/standalone_attn_decode_2d_1_2048_1_2048_128_agent_info.csv
[m[0;33mW20250807 22:01:53.825583 140444189251328 tool.cpp:1902] rocprofv3_error_signal_handler caught signal 11...
[m# ---- Run standalone_attn_decode_3d_1_2048_1_2048_128 ----
[0;31mE20250807 22:02:10.070591 140459681752832 output_stream.cpp:105] Opened result file: ./profiles/standalone_attn_decode_3d_1_2048_1_2048_128_kernel_trace.csv
[m[0;31mE20250807 22:02:10.077010 140459681752832 output_stream.cpp:105] Opened result file: ./profiles/standalone_attn_decode_3d_1_2048_1_2048_128_agent_info.csv
[m[0;33mW20250807 22:02:13.350971 140459681752832 tool.cpp:1902] rocprofv3_error_signal_handler caught signal 11...
[m# ---- Run standalone_attn_decode_2d_1_2048_1_2048_160 ----
[0;31mE20250807 22:02:28.155024 140355723032320 output_stream.cpp:105] Opened result file: ./profiles/standalone_attn_decode_2d_1_2048_1_2048_160_kernel_trace.csv
[m[0;31mE20250807 22:02:28.161456 140355723032320 output_stream.cpp:105] Opened result file: ./profiles/standalone_attn_decode_2d_1_2048_1_2048_160_agent_info.csv
[m[0;33mW20250807 22:02:31.253255 140355723032320 tool.cpp:1902] rocprofv3_error_signal_handler caught signal 11...
[m# ---- Run standalone_attn_decode_3d_1_2048_1_2048_160 ----
[0;31mE20250807 22:02:47.217609 140496503641856 output_stream.cpp:105] Opened result file: ./profiles/standalone_attn_decode_3d_1_2048_1_2048_160_kernel_trace.csv
[m[0;31mE20250807 22:02:47.223968 140496503641856 output_stream.cpp:105] Opened result file: ./profiles/standalone_attn_decode_3d_1_2048_1_2048_160_agent_info.csv
[m[0;33mW20250807 22:02:50.298477 140496503641856 tool.cpp:1902] rocprofv3_error_signal_handler caught signal 11...
[m# ---- Run standalone_attn_decode_2d_1_2048_1_4096_64 ----
[0;31mE20250807 22:03:05.371063 139896113641216 output_stream.cpp:105] Opened result file: ./profiles/standalone_attn_decode_2d_1_2048_1_4096_64_kernel_trace.csv
[m[0;31mE20250807 22:03:05.377326 139896113641216 output_stream.cpp:105] Opened result file: ./profiles/standalone_attn_decode_2d_1_2048_1_4096_64_agent_info.csv
[m[0;33mW20250807 22:03:08.491356 139896113641216 tool.cpp:1902] rocprofv3_error_signal_handler caught signal 11...
[m# ---- Run standalone_attn_decode_3d_1_2048_1_4096_64 ----
[0;31mE20250807 22:03:24.411448 139820088973056 output_stream.cpp:105] Opened result file: ./profiles/standalone_attn_decode_3d_1_2048_1_4096_64_kernel_trace.csv
[m[0;31mE20250807 22:03:24.417898 139820088973056 output_stream.cpp:105] Opened result file: ./profiles/standalone_attn_decode_3d_1_2048_1_4096_64_agent_info.csv
[m[0;33mW20250807 22:03:27.402354 139820088973056 tool.cpp:1902] rocprofv3_error_signal_handler caught signal 11...
[m# ---- Run standalone_attn_decode_2d_1_2048_1_4096_128 ----
[0;31mE20250807 22:03:42.205231 140175151417088 output_stream.cpp:105] Opened result file: ./profiles/standalone_attn_decode_2d_1_2048_1_4096_128_kernel_trace.csv
[m[0;31mE20250807 22:03:42.211864 140175151417088 output_stream.cpp:105] Opened result file: ./profiles/standalone_attn_decode_2d_1_2048_1_4096_128_agent_info.csv
[m[0;33mW20250807 22:03:45.423133 140175151417088 tool.cpp:1902] rocprofv3_error_signal_handler caught signal 11...
[m# ---- Run standalone_attn_decode_3d_1_2048_1_4096_128 ----
[0;31mE20250807 22:04:01.581280 140407545505536 output_stream.cpp:105] Opened result file: ./profiles/standalone_attn_decode_3d_1_2048_1_4096_128_kernel_trace.csv
[m[0;31mE20250807 22:04:01.587890 140407545505536 output_stream.cpp:105] Opened result file: ./profiles/standalone_attn_decode_3d_1_2048_1_4096_128_agent_info.csv
[m[0;33mW20250807 22:04:04.823261 140407545505536 tool.cpp:1902] rocprofv3_error_signal_handler caught signal 11...
[m# ---- Run standalone_attn_decode_2d_1_2048_1_4096_160 ----
[0;31mE20250807 22:04:19.420933 140432230115072 output_stream.cpp:105] Opened result file: ./profiles/standalone_attn_decode_2d_1_2048_1_4096_160_kernel_trace.csv
[m[0;31mE20250807 22:04:19.427267 140432230115072 output_stream.cpp:105] Opened result file: ./profiles/standalone_attn_decode_2d_1_2048_1_4096_160_agent_info.csv
[m[0;33mW20250807 22:04:22.685812 140432230115072 tool.cpp:1902] rocprofv3_error_signal_handler caught signal 11...
[m# ---- Run standalone_attn_decode_3d_1_2048_1_4096_160 ----
[0;31mE20250807 22:04:38.165257 140128742827776 output_stream.cpp:105] Opened result file: ./profiles/standalone_attn_decode_3d_1_2048_1_4096_160_kernel_trace.csv
[m[0;31mE20250807 22:04:38.171624 140128742827776 output_stream.cpp:105] Opened result file: ./profiles/standalone_attn_decode_3d_1_2048_1_4096_160_agent_info.csv
[m[0;33mW20250807 22:04:41.359720 140128742827776 tool.cpp:1902] rocprofv3_error_signal_handler caught signal 11...
[m# ---- Run standalone_attn_decode_2d_1_2048_8_256_64 ----
[0;31mE20250807 22:04:56.051734 140057861850880 output_stream.cpp:105] Opened result file: ./profiles/standalone_attn_decode_2d_1_2048_8_256_64_kernel_trace.csv
[m[0;31mE20250807 22:04:56.059182 140057861850880 output_stream.cpp:105] Opened result file: ./profiles/standalone_attn_decode_2d_1_2048_8_256_64_agent_info.csv
[m[0;33mW20250807 22:04:59.308232 140057861850880 tool.cpp:1902] rocprofv3_error_signal_handler caught signal 11...
[m# ---- Run standalone_attn_decode_3d_1_2048_8_256_64 ----
[0;31mE20250807 22:05:14.857065 140325281048320 output_stream.cpp:105] Opened result file: ./profiles/standalone_attn_decode_3d_1_2048_8_256_64_kernel_trace.csv
[m[0;31mE20250807 22:05:14.863630 140325281048320 output_stream.cpp:105] Opened result file: ./profiles/standalone_attn_decode_3d_1_2048_8_256_64_agent_info.csv
[m[0;33mW20250807 22:05:17.833345 140325281048320 tool.cpp:1902] rocprofv3_error_signal_handler caught signal 11...
[m# ---- Run standalone_attn_decode_2d_1_2048_8_256_128 ----
[0;31mE20250807 22:05:32.297077 139898805520128 output_stream.cpp:105] Opened result file: ./profiles/standalone_attn_decode_2d_1_2048_8_256_128_kernel_trace.csv
[m[0;31mE20250807 22:05:32.303401 139898805520128 output_stream.cpp:105] Opened result file: ./profiles/standalone_attn_decode_2d_1_2048_8_256_128_agent_info.csv
[m[0;33mW20250807 22:05:35.249961 139898805520128 tool.cpp:1902] rocprofv3_error_signal_handler caught signal 11...
[m# ---- Run standalone_attn_decode_3d_1_2048_8_256_128 ----
[0;31mE20250807 22:05:50.913198 139856243525376 output_stream.cpp:105] Opened result file: ./profiles/standalone_attn_decode_3d_1_2048_8_256_128_kernel_trace.csv
[m[0;31mE20250807 22:05:50.919596 139856243525376 output_stream.cpp:105] Opened result file: ./profiles/standalone_attn_decode_3d_1_2048_8_256_128_agent_info.csv
[m[0;33mW20250807 22:05:53.947932 139856243525376 tool.cpp:1902] rocprofv3_error_signal_handler caught signal 11...
[m# ---- Run standalone_attn_decode_2d_1_2048_8_256_160 ----
[0;31mE20250807 22:06:08.605106 140716844726016 output_stream.cpp:105] Opened result file: ./profiles/standalone_attn_decode_2d_1_2048_8_256_160_kernel_trace.csv
[m[0;31mE20250807 22:06:08.611477 140716844726016 output_stream.cpp:105] Opened result file: ./profiles/standalone_attn_decode_2d_1_2048_8_256_160_agent_info.csv
[m[0;33mW20250807 22:06:11.870196 140716844726016 tool.cpp:1902] rocprofv3_error_signal_handler caught signal 11...
[m# ---- Run standalone_attn_decode_3d_1_2048_8_256_160 ----
[0;31mE20250807 22:06:27.536818 140534730577664 output_stream.cpp:105] Opened result file: ./profiles/standalone_attn_decode_3d_1_2048_8_256_160_kernel_trace.csv
[m[0;31mE20250807 22:06:27.543183 140534730577664 output_stream.cpp:105] Opened result file: ./profiles/standalone_attn_decode_3d_1_2048_8_256_160_agent_info.csv
[m[0;33mW20250807 22:06:30.584312 140534730577664 tool.cpp:1902] rocprofv3_error_signal_handler caught signal 11...
[m# ---- Run standalone_attn_decode_2d_1_2048_8_512_64 ----
[0;31mE20250807 22:06:44.985116 139718162736896 output_stream.cpp:105] Opened result file: ./profiles/standalone_attn_decode_2d_1_2048_8_512_64_kernel_trace.csv
[m[0;31mE20250807 22:06:44.991182 139718162736896 output_stream.cpp:105] Opened result file: ./profiles/standalone_attn_decode_2d_1_2048_8_512_64_agent_info.csv
[m[0;33mW20250807 22:06:47.941293 139718162736896 tool.cpp:1902] rocprofv3_error_signal_handler caught signal 11...
[m# ---- Run standalone_attn_decode_3d_1_2048_8_512_64 ----
[0;31mE20250807 22:07:03.874632 140542029330176 output_stream.cpp:105] Opened result file: ./profiles/standalone_attn_decode_3d_1_2048_8_512_64_kernel_trace.csv
[m[0;31mE20250807 22:07:03.881011 140542029330176 output_stream.cpp:105] Opened result file: ./profiles/standalone_attn_decode_3d_1_2048_8_512_64_agent_info.csv
[m[0;33mW20250807 22:07:07.006742 140542029330176 tool.cpp:1902] rocprofv3_error_signal_handler caught signal 11...
[m# ---- Run standalone_attn_decode_2d_1_2048_8_512_128 ----
[0;31mE20250807 22:07:21.781491 140042601051904 output_stream.cpp:105] Opened result file: ./profiles/standalone_attn_decode_2d_1_2048_8_512_128_kernel_trace.csv
[m[0;31mE20250807 22:07:21.787866 140042601051904 output_stream.cpp:105] Opened result file: ./profiles/standalone_attn_decode_2d_1_2048_8_512_128_agent_info.csv
[m[0;33mW20250807 22:07:25.121134 140042601051904 tool.cpp:1902] rocprofv3_error_signal_handler caught signal 11...
[m# ---- Run standalone_attn_decode_3d_1_2048_8_512_128 ----
[0;31mE20250807 22:07:40.855103 140446265325312 output_stream.cpp:105] Opened result file: ./profiles/standalone_attn_decode_3d_1_2048_8_512_128_kernel_trace.csv
[m[0;31mE20250807 22:07:40.861288 140446265325312 output_stream.cpp:105] Opened result file: ./profiles/standalone_attn_decode_3d_1_2048_8_512_128_agent_info.csv
[m[0;33mW20250807 22:07:44.052940 140446265325312 tool.cpp:1902] rocprofv3_error_signal_handler caught signal 11...
[m# ---- Run standalone_attn_decode_2d_1_2048_8_512_160 ----
[0;31mE20250807 22:07:58.851324 139891742504704 output_stream.cpp:105] Opened result file: ./profiles/standalone_attn_decode_2d_1_2048_8_512_160_kernel_trace.csv
[m[0;31mE20250807 22:07:58.857591 139891742504704 output_stream.cpp:105] Opened result file: ./profiles/standalone_attn_decode_2d_1_2048_8_512_160_agent_info.csv
[m[0;33mW20250807 22:08:02.008840 139891742504704 tool.cpp:1902] rocprofv3_error_signal_handler caught signal 11...
[m# ---- Run standalone_attn_decode_3d_1_2048_8_512_160 ----
[0;31mE20250807 22:08:17.932526 140204333152000 output_stream.cpp:105] Opened result file: ./profiles/standalone_attn_decode_3d_1_2048_8_512_160_kernel_trace.csv
[m[0;31mE20250807 22:08:17.938834 140204333152000 output_stream.cpp:105] Opened result file: ./profiles/standalone_attn_decode_3d_1_2048_8_512_160_agent_info.csv
[m[0;33mW20250807 22:08:21.084997 140204333152000 tool.cpp:1902] rocprofv3_error_signal_handler caught signal 11...
[m# ---- Run standalone_attn_decode_2d_1_2048_8_1024_64 ----
[0;31mE20250807 22:08:35.750788 140167990941440 output_stream.cpp:105] Opened result file: ./profiles/standalone_attn_decode_2d_1_2048_8_1024_64_kernel_trace.csv
[m[0;31mE20250807 22:08:35.756918 140167990941440 output_stream.cpp:105] Opened result file: ./profiles/standalone_attn_decode_2d_1_2048_8_1024_64_agent_info.csv
[m[0;33mW20250807 22:08:38.789392 140167990941440 tool.cpp:1902] rocprofv3_error_signal_handler caught signal 11...
[m# ---- Run standalone_attn_decode_3d_1_2048_8_1024_64 ----
[0;31mE20250807 22:08:54.990302 140385147496192 output_stream.cpp:105] Opened result file: ./profiles/standalone_attn_decode_3d_1_2048_8_1024_64_kernel_trace.csv
[m[0;31mE20250807 22:08:54.997110 140385147496192 output_stream.cpp:105] Opened result file: ./profiles/standalone_attn_decode_3d_1_2048_8_1024_64_agent_info.csv
[m[0;33mW20250807 22:08:57.999668 140385147496192 tool.cpp:1902] rocprofv3_error_signal_handler caught signal 11...
[m# ---- Run standalone_attn_decode_2d_1_2048_8_1024_128 ----
[0;31mE20250807 22:09:12.782551 140217184704256 output_stream.cpp:105] Opened result file: ./profiles/standalone_attn_decode_2d_1_2048_8_1024_128_kernel_trace.csv
[m[0;31mE20250807 22:09:12.788927 140217184704256 output_stream.cpp:105] Opened result file: ./profiles/standalone_attn_decode_2d_1_2048_8_1024_128_agent_info.csv
[m[0;33mW20250807 22:09:15.988845 140217184704256 tool.cpp:1902] rocprofv3_error_signal_handler caught signal 11...
[m# ---- Run standalone_attn_decode_3d_1_2048_8_1024_128 ----
[0;31mE20250807 22:09:32.058676 140407617251072 output_stream.cpp:105] Opened result file: ./profiles/standalone_attn_decode_3d_1_2048_8_1024_128_kernel_trace.csv
[m[0;31mE20250807 22:09:32.065655 140407617251072 output_stream.cpp:105] Opened result file: ./profiles/standalone_attn_decode_3d_1_2048_8_1024_128_agent_info.csv
[m[0;33mW20250807 22:09:35.369527 140407617251072 tool.cpp:1902] rocprofv3_error_signal_handler caught signal 11...
[m# ---- Run standalone_attn_decode_2d_1_2048_8_1024_160 ----
[0;31mE20250807 22:09:49.941998 140096866572032 output_stream.cpp:105] Opened result file: ./profiles/standalone_attn_decode_2d_1_2048_8_1024_160_kernel_trace.csv
[m[0;31mE20250807 22:09:49.948387 140096866572032 output_stream.cpp:105] Opened result file: ./profiles/standalone_attn_decode_2d_1_2048_8_1024_160_agent_info.csv
[m[0;33mW20250807 22:09:52.944927 140096866572032 tool.cpp:1902] rocprofv3_error_signal_handler caught signal 11...
[m# ---- Run standalone_attn_decode_3d_1_2048_8_1024_160 ----
[0;31mE20250807 22:10:08.845240 140557300049664 output_stream.cpp:105] Opened result file: ./profiles/standalone_attn_decode_3d_1_2048_8_1024_160_kernel_trace.csv
[m[0;31mE20250807 22:10:08.851658 140557300049664 output_stream.cpp:105] Opened result file: ./profiles/standalone_attn_decode_3d_1_2048_8_1024_160_agent_info.csv
[m[0;33mW20250807 22:10:12.141129 140557300049664 tool.cpp:1902] rocprofv3_error_signal_handler caught signal 11...
[m# ---- Run standalone_attn_decode_2d_1_2048_8_2048_64 ----
[0;31mE20250807 22:10:27.064277 139912405620480 output_stream.cpp:105] Opened result file: ./profiles/standalone_attn_decode_2d_1_2048_8_2048_64_kernel_trace.csv
[m[0;31mE20250807 22:10:27.070626 139912405620480 output_stream.cpp:105] Opened result file: ./profiles/standalone_attn_decode_2d_1_2048_8_2048_64_agent_info.csv
[m[0;33mW20250807 22:10:30.387446 139912405620480 tool.cpp:1902] rocprofv3_error_signal_handler caught signal 11...
[m# ---- Run standalone_attn_decode_3d_1_2048_8_2048_64 ----
[0;31mE20250807 22:10:46.404689 140552780637952 output_stream.cpp:105] Opened result file: ./profiles/standalone_attn_decode_3d_1_2048_8_2048_64_kernel_trace.csv
[m[0;31mE20250807 22:10:46.411187 140552780637952 output_stream.cpp:105] Opened result file: ./profiles/standalone_attn_decode_3d_1_2048_8_2048_64_agent_info.csv
[m[0;33mW20250807 22:10:49.619503 140552780637952 tool.cpp:1902] rocprofv3_error_signal_handler caught signal 11...
[m# ---- Run standalone_attn_decode_2d_1_2048_8_2048_128 ----
[0;31mE20250807 22:11:04.562580 140583995152128 output_stream.cpp:105] Opened result file: ./profiles/standalone_attn_decode_2d_1_2048_8_2048_128_kernel_trace.csv
[m[0;31mE20250807 22:11:04.569066 140583995152128 output_stream.cpp:105] Opened result file: ./profiles/standalone_attn_decode_2d_1_2048_8_2048_128_agent_info.csv
[m[0;33mW20250807 22:11:07.534561 140583995152128 tool.cpp:1902] rocprofv3_error_signal_handler caught signal 11...
[m# ---- Run standalone_attn_decode_3d_1_2048_8_2048_128 ----
[0;31mE20250807 22:11:23.493763 139952538613504 output_stream.cpp:105] Opened result file: ./profiles/standalone_attn_decode_3d_1_2048_8_2048_128_kernel_trace.csv
[m[0;31mE20250807 22:11:23.500030 139952538613504 output_stream.cpp:105] Opened result file: ./profiles/standalone_attn_decode_3d_1_2048_8_2048_128_agent_info.csv
[m[0;33mW20250807 22:11:26.913366 139952538613504 tool.cpp:1902] rocprofv3_error_signal_handler caught signal 11...
[m# ---- Run standalone_attn_decode_2d_1_2048_8_2048_160 ----
[0;31mE20250807 22:11:41.634875 139816447399680 output_stream.cpp:105] Opened result file: ./profiles/standalone_attn_decode_2d_1_2048_8_2048_160_kernel_trace.csv
[m[0;31mE20250807 22:11:41.641193 139816447399680 output_stream.cpp:105] Opened result file: ./profiles/standalone_attn_decode_2d_1_2048_8_2048_160_agent_info.csv
[m[0;33mW20250807 22:11:44.821870 139816447399680 tool.cpp:1902] rocprofv3_error_signal_handler caught signal 11...
[m# ---- Run standalone_attn_decode_3d_1_2048_8_2048_160 ----
[0;31mE20250807 22:12:01.234644 140555067004672 output_stream.cpp:105] Opened result file: ./profiles/standalone_attn_decode_3d_1_2048_8_2048_160_kernel_trace.csv
[m[0;31mE20250807 22:12:01.241404 140555067004672 output_stream.cpp:105] Opened result file: ./profiles/standalone_attn_decode_3d_1_2048_8_2048_160_agent_info.csv
[m[0;33mW20250807 22:12:04.515453 140555067004672 tool.cpp:1902] rocprofv3_error_signal_handler caught signal 11...
[m# ---- Run standalone_attn_decode_2d_1_2048_8_4096_64 ----
[0;31mE20250807 22:12:18.926393 140555753473792 output_stream.cpp:105] Opened result file: ./profiles/standalone_attn_decode_2d_1_2048_8_4096_64_kernel_trace.csv
[m[0;31mE20250807 22:12:18.932989 140555753473792 output_stream.cpp:105] Opened result file: ./profiles/standalone_attn_decode_2d_1_2048_8_4096_64_agent_info.csv
[m[0;33mW20250807 22:12:22.070103 140555753473792 tool.cpp:1902] rocprofv3_error_signal_handler caught signal 11...
[m# ---- Run standalone_attn_decode_3d_1_2048_8_4096_64 ----
[0;31mE20250807 22:12:37.846895 140625244772096 output_stream.cpp:105] Opened result file: ./profiles/standalone_attn_decode_3d_1_2048_8_4096_64_kernel_trace.csv
[m[0;31mE20250807 22:12:37.853758 140625244772096 output_stream.cpp:105] Opened result file: ./profiles/standalone_attn_decode_3d_1_2048_8_4096_64_agent_info.csv
[m[0;33mW20250807 22:12:41.134711 140625244772096 tool.cpp:1902] rocprofv3_error_signal_handler caught signal 11...
[m# ---- Run standalone_attn_decode_2d_1_2048_8_4096_128 ----
[0;31mE20250807 22:12:55.733021 140005229807360 output_stream.cpp:105] Opened result file: ./profiles/standalone_attn_decode_2d_1_2048_8_4096_128_kernel_trace.csv
[m[0;31mE20250807 22:12:55.739959 140005229807360 output_stream.cpp:105] Opened result file: ./profiles/standalone_attn_decode_2d_1_2048_8_4096_128_agent_info.csv
[m[0;33mW20250807 22:12:58.761543 140005229807360 tool.cpp:1902] rocprofv3_error_signal_handler caught signal 11...
[m# ---- Run standalone_attn_decode_3d_1_2048_8_4096_128 ----
[0;31mE20250807 22:13:14.289927 139799361468160 output_stream.cpp:105] Opened result file: ./profiles/standalone_attn_decode_3d_1_2048_8_4096_128_kernel_trace.csv
[m[0;31mE20250807 22:13:14.296632 139799361468160 output_stream.cpp:105] Opened result file: ./profiles/standalone_attn_decode_3d_1_2048_8_4096_128_agent_info.csv
[m[0;33mW20250807 22:13:17.303194 139799361468160 tool.cpp:1902] rocprofv3_error_signal_handler caught signal 11...
[m# ---- Run standalone_attn_decode_2d_1_2048_8_4096_160 ----
[0;31mE20250807 22:13:31.851568 139904761304832 output_stream.cpp:105] Opened result file: ./profiles/standalone_attn_decode_2d_1_2048_8_4096_160_kernel_trace.csv
[m[0;31mE20250807 22:13:31.857962 139904761304832 output_stream.cpp:105] Opened result file: ./profiles/standalone_attn_decode_2d_1_2048_8_4096_160_agent_info.csv
[m[0;33mW20250807 22:13:35.008091 139904761304832 tool.cpp:1902] rocprofv3_error_signal_handler caught signal 11...
[m# ---- Run standalone_attn_decode_3d_1_2048_8_4096_160 ----
[0;31mE20250807 22:13:50.650945 140334150301440 output_stream.cpp:105] Opened result file: ./profiles/standalone_attn_decode_3d_1_2048_8_4096_160_kernel_trace.csv
[m[0;31mE20250807 22:13:50.657580 140334150301440 output_stream.cpp:105] Opened result file: ./profiles/standalone_attn_decode_3d_1_2048_8_4096_160_agent_info.csv
[m[0;33mW20250807 22:13:53.694695 140334150301440 tool.cpp:1902] rocprofv3_error_signal_handler caught signal 11...
[m# ---- Run standalone_attn_decode_2d_1_2048_16_256_64 ----
[0;31mE20250807 22:14:07.635672 140313780659968 output_stream.cpp:105] Opened result file: ./profiles/standalone_attn_decode_2d_1_2048_16_256_64_kernel_trace.csv
[m[0;31mE20250807 22:14:07.642378 140313780659968 output_stream.cpp:105] Opened result file: ./profiles/standalone_attn_decode_2d_1_2048_16_256_64_agent_info.csv
[m[0;33mW20250807 22:14:10.555028 140313780659968 tool.cpp:1902] rocprofv3_error_signal_handler caught signal 11...
[m# ---- Run standalone_attn_decode_3d_1_2048_16_256_64 ----
[0;31mE20250807 22:14:22.994589 139991932851968 output_stream.cpp:105] Opened result file: ./profiles/standalone_attn_decode_3d_1_2048_16_256_64_kernel_trace.csv
[m[0;31mE20250807 22:14:23.001013 139991932851968 output_stream.cpp:105] Opened result file: ./profiles/standalone_attn_decode_3d_1_2048_16_256_64_agent_info.csv
[m[0;33mW20250807 22:14:26.060155 139991932851968 tool.cpp:1902] rocprofv3_error_signal_handler caught signal 11...
[m# ---- Run standalone_attn_decode_2d_1_2048_16_256_128 ----
[0;31mE20250807 22:14:37.776001 140438222968576 output_stream.cpp:105] Opened result file: ./profiles/standalone_attn_decode_2d_1_2048_16_256_128_kernel_trace.csv
[m[0;31mE20250807 22:14:37.782324 140438222968576 output_stream.cpp:105] Opened result file: ./profiles/standalone_attn_decode_2d_1_2048_16_256_128_agent_info.csv
[m[0;33mW20250807 22:14:40.634577 140438222968576 tool.cpp:1902] rocprofv3_error_signal_handler caught signal 11...
[m# ---- Run standalone_attn_decode_3d_1_2048_16_256_128 ----
[0;31mE20250807 22:14:53.040186 140442025350912 output_stream.cpp:105] Opened result file: ./profiles/standalone_attn_decode_3d_1_2048_16_256_128_kernel_trace.csv
[m[0;31mE20250807 22:14:53.046271 140442025350912 output_stream.cpp:105] Opened result file: ./profiles/standalone_attn_decode_3d_1_2048_16_256_128_agent_info.csv
[m[0;33mW20250807 22:14:56.185278 140442025350912 tool.cpp:1902] rocprofv3_error_signal_handler caught signal 11...
[m# ---- Run standalone_attn_decode_2d_1_2048_16_256_160 ----
[0;31mE20250807 22:15:07.704704 140141202581248 output_stream.cpp:105] Opened result file: ./profiles/standalone_attn_decode_2d_1_2048_16_256_160_kernel_trace.csv
[m[0;31mE20250807 22:15:07.710318 140141202581248 output_stream.cpp:105] Opened result file: ./profiles/standalone_attn_decode_2d_1_2048_16_256_160_agent_info.csv
[m[0;33mW20250807 22:15:10.672774 140141202581248 tool.cpp:1902] rocprofv3_error_signal_handler caught signal 11...
[m# ---- Run standalone_attn_decode_3d_1_2048_16_256_160 ----
[0;31mE20250807 22:15:22.553783 140555873761024 output_stream.cpp:105] Opened result file: ./profiles/standalone_attn_decode_3d_1_2048_16_256_160_kernel_trace.csv
[m[0;31mE20250807 22:15:22.559905 140555873761024 output_stream.cpp:105] Opened result file: ./profiles/standalone_attn_decode_3d_1_2048_16_256_160_agent_info.csv
[m[0;33mW20250807 22:15:25.452315 140555873761024 tool.cpp:1902] rocprofv3_error_signal_handler caught signal 11...
[m# ---- Run standalone_attn_decode_2d_1_2048_16_512_64 ----
[0;31mE20250807 22:15:36.926905 139797988513536 output_stream.cpp:105] Opened result file: ./profiles/standalone_attn_decode_2d_1_2048_16_512_64_kernel_trace.csv
[m[0;31mE20250807 22:15:36.932852 139797988513536 output_stream.cpp:105] Opened result file: ./profiles/standalone_attn_decode_2d_1_2048_16_512_64_agent_info.csv
[m[0;33mW20250807 22:15:39.873804 139797988513536 tool.cpp:1902] rocprofv3_error_signal_handler caught signal 11...
[m# ---- Run standalone_attn_decode_3d_1_2048_16_512_64 ----
[0;31mE20250807 22:15:51.716359 140273846191872 output_stream.cpp:105] Opened result file: ./profiles/standalone_attn_decode_3d_1_2048_16_512_64_kernel_trace.csv
[m[0;31mE20250807 22:15:51.722362 140273846191872 output_stream.cpp:105] Opened result file: ./profiles/standalone_attn_decode_3d_1_2048_16_512_64_agent_info.csv
[m[0;33mW20250807 22:15:54.872779 140273846191872 tool.cpp:1902] rocprofv3_error_signal_handler caught signal 11...
[m# ---- Run standalone_attn_decode_2d_1_2048_16_512_128 ----
[0;31mE20250807 22:16:06.354555 140493048178432 output_stream.cpp:105] Opened result file: ./profiles/standalone_attn_decode_2d_1_2048_16_512_128_kernel_trace.csv
[m[0;31mE20250807 22:16:06.360576 140493048178432 output_stream.cpp:105] Opened result file: ./profiles/standalone_attn_decode_2d_1_2048_16_512_128_agent_info.csv
[m[0;33mW20250807 22:16:09.159914 140493048178432 tool.cpp:1902] rocprofv3_error_signal_handler caught signal 11...
[m# ---- Run standalone_attn_decode_3d_1_2048_16_512_128 ----
[0;31mE20250807 22:16:21.032379 140689409734400 output_stream.cpp:105] Opened result file: ./profiles/standalone_attn_decode_3d_1_2048_16_512_128_kernel_trace.csv
[m[0;31mE20250807 22:16:21.038207 140689409734400 output_stream.cpp:105] Opened result file: ./profiles/standalone_attn_decode_3d_1_2048_16_512_128_agent_info.csv
[m[0;33mW20250807 22:16:23.876680 140689409734400 tool.cpp:1902] rocprofv3_error_signal_handler caught signal 11...
[m# ---- Run standalone_attn_decode_2d_1_2048_16_512_160 ----
[0;31mE20250807 22:16:35.342740 139790357817088 output_stream.cpp:105] Opened result file: ./profiles/standalone_attn_decode_2d_1_2048_16_512_160_kernel_trace.csv
[m[0;31mE20250807 22:16:35.348679 139790357817088 output_stream.cpp:105] Opened result file: ./profiles/standalone_attn_decode_2d_1_2048_16_512_160_agent_info.csv
[m[0;33mW20250807 22:16:38.177222 139790357817088 tool.cpp:1902] rocprofv3_error_signal_handler caught signal 11...
[m# ---- Run standalone_attn_decode_3d_1_2048_16_512_160 ----
[0;31mE20250807 22:16:50.068616 140428132034304 output_stream.cpp:105] Opened result file: ./profiles/standalone_attn_decode_3d_1_2048_16_512_160_kernel_trace.csv
[m[0;31mE20250807 22:16:50.074866 140428132034304 output_stream.cpp:105] Opened result file: ./profiles/standalone_attn_decode_3d_1_2048_16_512_160_agent_info.csv
[m[0;33mW20250807 22:16:53.203921 140428132034304 tool.cpp:1902] rocprofv3_error_signal_handler caught signal 11...
[m# ---- Run standalone_attn_decode_2d_1_2048_16_1024_64 ----
[0;31mE20250807 22:17:04.585191 140245154957056 output_stream.cpp:105] Opened result file: ./profiles/standalone_attn_decode_2d_1_2048_16_1024_64_kernel_trace.csv
[m[0;31mE20250807 22:17:04.590821 140245154957056 output_stream.cpp:105] Opened result file: ./profiles/standalone_attn_decode_2d_1_2048_16_1024_64_agent_info.csv
[m[0;33mW20250807 22:17:07.480939 140245154957056 tool.cpp:1902] rocprofv3_error_signal_handler caught signal 11...
[m# ---- Run standalone_attn_decode_3d_1_2048_16_1024_64 ----
[0;31mE20250807 22:17:19.149963 140485387380480 output_stream.cpp:105] Opened result file: ./profiles/standalone_attn_decode_3d_1_2048_16_1024_64_kernel_trace.csv
[m[0;31mE20250807 22:17:19.155866 140485387380480 output_stream.cpp:105] Opened result file: ./profiles/standalone_attn_decode_3d_1_2048_16_1024_64_agent_info.csv
[m[0;33mW20250807 22:17:22.255542 140485387380480 tool.cpp:1902] rocprofv3_error_signal_handler caught signal 11...
[m# ---- Run standalone_attn_decode_2d_1_2048_16_1024_128 ----
[0;31mE20250807 22:17:33.540684 139707090241280 output_stream.cpp:105] Opened result file: ./profiles/standalone_attn_decode_2d_1_2048_16_1024_128_kernel_trace.csv
[m[0;31mE20250807 22:17:33.546435 139707090241280 output_stream.cpp:105] Opened result file: ./profiles/standalone_attn_decode_2d_1_2048_16_1024_128_agent_info.csv
[m[0;33mW20250807 22:17:36.477943 139707090241280 tool.cpp:1902] rocprofv3_error_signal_handler caught signal 11...
[m# ---- Run standalone_attn_decode_3d_1_2048_16_1024_128 ----
[0;31mE20250807 22:17:48.167030 139975195399936 output_stream.cpp:105] Opened result file: ./profiles/standalone_attn_decode_3d_1_2048_16_1024_128_kernel_trace.csv
[m[0;31mE20250807 22:17:48.172996 139975195399936 output_stream.cpp:105] Opened result file: ./profiles/standalone_attn_decode_3d_1_2048_16_1024_128_agent_info.csv
[m[0;33mW20250807 22:17:50.947565 139975195399936 tool.cpp:1902] rocprofv3_error_signal_handler caught signal 11...
[m# ---- Run standalone_attn_decode_2d_1_2048_16_1024_160 ----
[0;31mE20250807 22:18:02.337695 139673681913600 output_stream.cpp:105] Opened result file: ./profiles/standalone_attn_decode_2d_1_2048_16_1024_160_kernel_trace.csv
[m[0;31mE20250807 22:18:02.343376 139673681913600 output_stream.cpp:105] Opened result file: ./profiles/standalone_attn_decode_2d_1_2048_16_1024_160_agent_info.csv
[m[0;33mW20250807 22:18:05.185136 139673681913600 tool.cpp:1902] rocprofv3_error_signal_handler caught signal 11...
[m# ---- Run standalone_attn_decode_3d_1_2048_16_1024_160 ----
[0;31mE20250807 22:18:17.058664 139635936691968 output_stream.cpp:105] Opened result file: ./profiles/standalone_attn_decode_3d_1_2048_16_1024_160_kernel_trace.csv
[m[0;31mE20250807 22:18:17.064407 139635936691968 output_stream.cpp:105] Opened result file: ./profiles/standalone_attn_decode_3d_1_2048_16_1024_160_agent_info.csv
[m[0;33mW20250807 22:18:20.084463 139635936691968 tool.cpp:1902] rocprofv3_error_signal_handler caught signal 11...
[m# ---- Run standalone_attn_decode_2d_1_2048_16_2048_64 ----
[0;31mE20250807 22:18:31.308910 140311651976960 output_stream.cpp:105] Opened result file: ./profiles/standalone_attn_decode_2d_1_2048_16_2048_64_kernel_trace.csv
[m[0;31mE20250807 22:18:31.314558 140311651976960 output_stream.cpp:105] Opened result file: ./profiles/standalone_attn_decode_2d_1_2048_16_2048_64_agent_info.csv
[m[0;33mW20250807 22:18:34.244433 140311651976960 tool.cpp:1902] rocprofv3_error_signal_handler caught signal 11...
[m# ---- Run standalone_attn_decode_3d_1_2048_16_2048_64 ----
[0;31mE20250807 22:18:46.194174 140256503314176 output_stream.cpp:105] Opened result file: ./profiles/standalone_attn_decode_3d_1_2048_16_2048_64_kernel_trace.csv
[m[0;31mE20250807 22:18:46.200085 140256503314176 output_stream.cpp:105] Opened result file: ./profiles/standalone_attn_decode_3d_1_2048_16_2048_64_agent_info.csv
[m[0;33mW20250807 22:18:49.094902 140256503314176 tool.cpp:1902] rocprofv3_error_signal_handler caught signal 11...
[m# ---- Run standalone_attn_decode_2d_1_2048_16_2048_128 ----
[0;31mE20250807 22:19:00.573046 140710681401088 output_stream.cpp:105] Opened result file: ./profiles/standalone_attn_decode_2d_1_2048_16_2048_128_kernel_trace.csv
[m[0;31mE20250807 22:19:00.578721 140710681401088 output_stream.cpp:105] Opened result file: ./profiles/standalone_attn_decode_2d_1_2048_16_2048_128_agent_info.csv
[m[0;33mW20250807 22:19:03.512248 140710681401088 tool.cpp:1902] rocprofv3_error_signal_handler caught signal 11...
[m# ---- Run standalone_attn_decode_3d_1_2048_16_2048_128 ----
[0;31mE20250807 22:19:15.344877 139824896329472 output_stream.cpp:105] Opened result file: ./profiles/standalone_attn_decode_3d_1_2048_16_2048_128_kernel_trace.csv
[m[0;31mE20250807 22:19:15.350644 139824896329472 output_stream.cpp:105] Opened result file: ./profiles/standalone_attn_decode_3d_1_2048_16_2048_128_agent_info.csv
[m[0;33mW20250807 22:19:18.449736 139824896329472 tool.cpp:1902] rocprofv3_error_signal_handler caught signal 11...
[m# ---- Run standalone_attn_decode_2d_1_2048_16_2048_160 ----
[0;31mE20250807 22:19:29.791552 139830496212736 output_stream.cpp:105] Opened result file: ./profiles/standalone_attn_decode_2d_1_2048_16_2048_160_kernel_trace.csv
[m[0;31mE20250807 22:19:29.797307 139830496212736 output_stream.cpp:105] Opened result file: ./profiles/standalone_attn_decode_2d_1_2048_16_2048_160_agent_info.csv
[m[0;33mW20250807 22:19:32.580363 139830496212736 tool.cpp:1902] rocprofv3_error_signal_handler caught signal 11...
[m# ---- Run standalone_attn_decode_3d_1_2048_16_2048_160 ----
[0;31mE20250807 22:19:44.265149 140482870232832 output_stream.cpp:105] Opened result file: ./profiles/standalone_attn_decode_3d_1_2048_16_2048_160_kernel_trace.csv
[m[0;31mE20250807 22:19:44.270869 140482870232832 output_stream.cpp:105] Opened result file: ./profiles/standalone_attn_decode_3d_1_2048_16_2048_160_agent_info.csv
[m[0;33mW20250807 22:19:47.206091 140482870232832 tool.cpp:1902] rocprofv3_error_signal_handler caught signal 11...
[m# ---- Run standalone_attn_decode_2d_1_2048_16_4096_64 ----
[0;31mE20250807 22:19:58.681010 140147976152832 output_stream.cpp:105] Opened result file: ./profiles/standalone_attn_decode_2d_1_2048_16_4096_64_kernel_trace.csv
[m[0;31mE20250807 22:19:58.686685 140147976152832 output_stream.cpp:105] Opened result file: ./profiles/standalone_attn_decode_2d_1_2048_16_4096_64_agent_info.csv
[m[0;33mW20250807 22:20:01.657779 140147976152832 tool.cpp:1902] rocprofv3_error_signal_handler caught signal 11...
[m# ---- Run standalone_attn_decode_3d_1_2048_16_4096_64 ----
[0;31mE20250807 22:20:13.521991 140350168086272 output_stream.cpp:105] Opened result file: ./profiles/standalone_attn_decode_3d_1_2048_16_4096_64_kernel_trace.csv
[m[0;31mE20250807 22:20:13.527839 140350168086272 output_stream.cpp:105] Opened result file: ./profiles/standalone_attn_decode_3d_1_2048_16_4096_64_agent_info.csv
[m[0;33mW20250807 22:20:16.388710 140350168086272 tool.cpp:1902] rocprofv3_error_signal_handler caught signal 11...
[m# ---- Run standalone_attn_decode_2d_1_2048_16_4096_128 ----
[0;31mE20250807 22:20:27.634458 139744012359424 output_stream.cpp:105] Opened result file: ./profiles/standalone_attn_decode_2d_1_2048_16_4096_128_kernel_trace.csv
[m[0;31mE20250807 22:20:27.640229 139744012359424 output_stream.cpp:105] Opened result file: ./profiles/standalone_attn_decode_2d_1_2048_16_4096_128_agent_info.csv
[m[0;33mW20250807 22:20:30.419336 139744012359424 tool.cpp:1902] rocprofv3_error_signal_handler caught signal 11...
[m# ---- Run standalone_attn_decode_3d_1_2048_16_4096_128 ----
[0;31mE20250807 22:20:42.152070 140188738635520 output_stream.cpp:105] Opened result file: ./profiles/standalone_attn_decode_3d_1_2048_16_4096_128_kernel_trace.csv
[m[0;31mE20250807 22:20:42.157774 140188738635520 output_stream.cpp:105] Opened result file: ./profiles/standalone_attn_decode_3d_1_2048_16_4096_128_agent_info.csv
[m[0;33mW20250807 22:20:44.947868 140188738635520 tool.cpp:1902] rocprofv3_error_signal_handler caught signal 11...
[m# ---- Run standalone_attn_decode_2d_1_2048_16_4096_160 ----
[0;31mE20250807 22:20:56.357887 139989671679744 output_stream.cpp:105] Opened result file: ./profiles/standalone_attn_decode_2d_1_2048_16_4096_160_kernel_trace.csv
[m[0;31mE20250807 22:20:56.363830 139989671679744 output_stream.cpp:105] Opened result file: ./profiles/standalone_attn_decode_2d_1_2048_16_4096_160_agent_info.csv
[m[0;33mW20250807 22:20:59.273035 139989671679744 tool.cpp:1902] rocprofv3_error_signal_handler caught signal 11...
[m# ---- Run standalone_attn_decode_3d_1_2048_16_4096_160 ----
[0;31mE20250807 22:21:11.044100 139842769889024 output_stream.cpp:105] Opened result file: ./profiles/standalone_attn_decode_3d_1_2048_16_4096_160_kernel_trace.csv
[m[0;31mE20250807 22:21:11.050052 139842769889024 output_stream.cpp:105] Opened result file: ./profiles/standalone_attn_decode_3d_1_2048_16_4096_160_agent_info.csv
[m[0;33mW20250807 22:21:13.874029 139842769889024 tool.cpp:1902] rocprofv3_error_signal_handler caught signal 11...
[m# ---- Run standalone_attn_decode_2d_1_2048_32_256_64 ----
[0;31mE20250807 22:21:25.169961 139820778149632 output_stream.cpp:105] Opened result file: ./profiles/standalone_attn_decode_2d_1_2048_32_256_64_kernel_trace.csv
[m[0;31mE20250807 22:21:25.175691 139820778149632 output_stream.cpp:105] Opened result file: ./profiles/standalone_attn_decode_2d_1_2048_32_256_64_agent_info.csv
[m[0;33mW20250807 22:21:28.080970 139820778149632 tool.cpp:1902] rocprofv3_error_signal_handler caught signal 11...
[m# ---- Run standalone_attn_decode_3d_1_2048_32_256_64 ----
[0;31mE20250807 22:21:39.934640 139871071610624 output_stream.cpp:105] Opened result file: ./profiles/standalone_attn_decode_3d_1_2048_32_256_64_kernel_trace.csv
[m[0;31mE20250807 22:21:39.940313 139871071610624 output_stream.cpp:105] Opened result file: ./profiles/standalone_attn_decode_3d_1_2048_32_256_64_agent_info.csv
[m[0;33mW20250807 22:21:43.032307 139871071610624 tool.cpp:1902] rocprofv3_error_signal_handler caught signal 11...
[m# ---- Run standalone_attn_decode_2d_1_2048_32_256_128 ----
[0;31mE20250807 22:21:54.461705 140103857878784 output_stream.cpp:105] Opened result file: ./profiles/standalone_attn_decode_2d_1_2048_32_256_128_kernel_trace.csv
[m[0;31mE20250807 22:21:54.467756 140103857878784 output_stream.cpp:105] Opened result file: ./profiles/standalone_attn_decode_2d_1_2048_32_256_128_agent_info.csv
[m[0;33mW20250807 22:21:57.456391 140103857878784 tool.cpp:1902] rocprofv3_error_signal_handler caught signal 11...
[m# ---- Run standalone_attn_decode_3d_1_2048_32_256_128 ----
[0;31mE20250807 22:22:09.300613 140096517961472 output_stream.cpp:105] Opened result file: ./profiles/standalone_attn_decode_3d_1_2048_32_256_128_kernel_trace.csv
[m[0;31mE20250807 22:22:09.306296 140096517961472 output_stream.cpp:105] Opened result file: ./profiles/standalone_attn_decode_3d_1_2048_32_256_128_agent_info.csv
[m[0;33mW20250807 22:22:12.146813 140096517961472 tool.cpp:1902] rocprofv3_error_signal_handler caught signal 11...
[m# ---- Run standalone_attn_decode_2d_1_2048_32_256_160 ----
[0;31mE20250807 22:22:23.343121 140088975877888 output_stream.cpp:105] Opened result file: ./profiles/standalone_attn_decode_2d_1_2048_32_256_160_kernel_trace.csv
[m[0;31mE20250807 22:22:23.349005 140088975877888 output_stream.cpp:105] Opened result file: ./profiles/standalone_attn_decode_2d_1_2048_32_256_160_agent_info.csv
[m[0;33mW20250807 22:22:26.390071 140088975877888 tool.cpp:1902] rocprofv3_error_signal_handler caught signal 11...
[m# ---- Run standalone_attn_decode_3d_1_2048_32_256_160 ----
[0;31mE20250807 22:22:38.258655 140123243742976 output_stream.cpp:105] Opened result file: ./profiles/standalone_attn_decode_3d_1_2048_32_256_160_kernel_trace.csv
[m[0;31mE20250807 22:22:38.264447 140123243742976 output_stream.cpp:105] Opened result file: ./profiles/standalone_attn_decode_3d_1_2048_32_256_160_agent_info.csv
[m[0;33mW20250807 22:22:41.194887 140123243742976 tool.cpp:1902] rocprofv3_error_signal_handler caught signal 11...
[m# ---- Run standalone_attn_decode_2d_1_2048_32_512_64 ----
[0;31mE20250807 22:22:52.535605 140033977722624 output_stream.cpp:105] Opened result file: ./profiles/standalone_attn_decode_2d_1_2048_32_512_64_kernel_trace.csv
[m[0;31mE20250807 22:22:52.541565 140033977722624 output_stream.cpp:105] Opened result file: ./profiles/standalone_attn_decode_2d_1_2048_32_512_64_agent_info.csv
[m[0;33mW20250807 22:22:55.437320 140033977722624 tool.cpp:1902] rocprofv3_error_signal_handler caught signal 11...
[m# ---- Run standalone_attn_decode_3d_1_2048_32_512_64 ----
[0;31mE20250807 22:23:07.194665 140045455824640 output_stream.cpp:105] Opened result file: ./profiles/standalone_attn_decode_3d_1_2048_32_512_64_kernel_trace.csv
[m[0;31mE20250807 22:23:07.200492 140045455824640 output_stream.cpp:105] Opened result file: ./profiles/standalone_attn_decode_3d_1_2048_32_512_64_agent_info.csv
[m[0;33mW20250807 22:23:10.004228 140045455824640 tool.cpp:1902] rocprofv3_error_signal_handler caught signal 11...
[m# ---- Run standalone_attn_decode_2d_1_2048_32_512_128 ----
[0;31mE20250807 22:23:21.383031 139927425115904 output_stream.cpp:105] Opened result file: ./profiles/standalone_attn_decode_2d_1_2048_32_512_128_kernel_trace.csv
[m[0;31mE20250807 22:23:21.388604 139927425115904 output_stream.cpp:105] Opened result file: ./profiles/standalone_attn_decode_2d_1_2048_32_512_128_agent_info.csv
[m[0;33mW20250807 22:23:24.465313 139927425115904 tool.cpp:1902] rocprofv3_error_signal_handler caught signal 11...
[m# ---- Run standalone_attn_decode_3d_1_2048_32_512_128 ----
[0;31mE20250807 22:23:36.369672 140453305710336 output_stream.cpp:105] Opened result file: ./profiles/standalone_attn_decode_3d_1_2048_32_512_128_kernel_trace.csv
[m[0;31mE20250807 22:23:36.375295 140453305710336 output_stream.cpp:105] Opened result file: ./profiles/standalone_attn_decode_3d_1_2048_32_512_128_agent_info.csv
[m[0;33mW20250807 22:23:39.452730 140453305710336 tool.cpp:1902] rocprofv3_error_signal_handler caught signal 11...
[m# ---- Run standalone_attn_decode_2d_1_2048_32_512_160 ----
[0;31mE20250807 22:23:50.719376 139968157284096 output_stream.cpp:105] Opened result file: ./profiles/standalone_attn_decode_2d_1_2048_32_512_160_kernel_trace.csv
[m[0;31mE20250807 22:23:50.725458 139968157284096 output_stream.cpp:105] Opened result file: ./profiles/standalone_attn_decode_2d_1_2048_32_512_160_agent_info.csv
[m[0;33mW20250807 22:23:53.739354 139968157284096 tool.cpp:1902] rocprofv3_error_signal_handler caught signal 11...
[m# ---- Run standalone_attn_decode_3d_1_2048_32_512_160 ----
[0;31mE20250807 22:24:05.639646 139700471416576 output_stream.cpp:105] Opened result file: ./profiles/standalone_attn_decode_3d_1_2048_32_512_160_kernel_trace.csv
[m[0;31mE20250807 22:24:05.645409 139700471416576 output_stream.cpp:105] Opened result file: ./profiles/standalone_attn_decode_3d_1_2048_32_512_160_agent_info.csv
[m[0;33mW20250807 22:24:08.663114 139700471416576 tool.cpp:1902] rocprofv3_error_signal_handler caught signal 11...
[m# ---- Run standalone_attn_decode_2d_1_2048_32_1024_64 ----
[0;31mE20250807 22:24:20.062651 140620392695552 output_stream.cpp:105] Opened result file: ./profiles/standalone_attn_decode_2d_1_2048_32_1024_64_kernel_trace.csv
[m[0;31mE20250807 22:24:20.068321 140620392695552 output_stream.cpp:105] Opened result file: ./profiles/standalone_attn_decode_2d_1_2048_32_1024_64_agent_info.csv
[m[0;33mW20250807 22:24:23.251706 140620392695552 tool.cpp:1902] rocprofv3_error_signal_handler caught signal 11...
[m# ---- Run standalone_attn_decode_3d_1_2048_32_1024_64 ----
[0;31mE20250807 22:24:35.018287 140442882041600 output_stream.cpp:105] Opened result file: ./profiles/standalone_attn_decode_3d_1_2048_32_1024_64_kernel_trace.csv
[m[0;31mE20250807 22:24:35.024168 140442882041600 output_stream.cpp:105] Opened result file: ./profiles/standalone_attn_decode_3d_1_2048_32_1024_64_agent_info.csv
[m[0;33mW20250807 22:24:37.956598 140442882041600 tool.cpp:1902] rocprofv3_error_signal_handler caught signal 11...
[m# ---- Run standalone_attn_decode_2d_1_2048_32_1024_128 ----
[0;31mE20250807 22:24:49.361303 140380845397760 output_stream.cpp:105] Opened result file: ./profiles/standalone_attn_decode_2d_1_2048_32_1024_128_kernel_trace.csv
[m[0;31mE20250807 22:24:49.367622 140380845397760 output_stream.cpp:105] Opened result file: ./profiles/standalone_attn_decode_2d_1_2048_32_1024_128_agent_info.csv
[m[0;33mW20250807 22:24:52.249884 140380845397760 tool.cpp:1902] rocprofv3_error_signal_handler caught signal 11...
[m# ---- Run standalone_attn_decode_3d_1_2048_32_1024_128 ----
[0;31mE20250807 22:25:03.978803 140032554809088 output_stream.cpp:105] Opened result file: ./profiles/standalone_attn_decode_3d_1_2048_32_1024_128_kernel_trace.csv
[m[0;31mE20250807 22:25:03.984634 140032554809088 output_stream.cpp:105] Opened result file: ./profiles/standalone_attn_decode_3d_1_2048_32_1024_128_agent_info.csv
[m[0;33mW20250807 22:25:06.781019 140032554809088 tool.cpp:1902] rocprofv3_error_signal_handler caught signal 11...
[m# ---- Run standalone_attn_decode_2d_1_2048_32_1024_160 ----
[0;31mE20250807 22:25:18.176724 140280977528576 output_stream.cpp:105] Opened result file: ./profiles/standalone_attn_decode_2d_1_2048_32_1024_160_kernel_trace.csv
[m[0;31mE20250807 22:25:18.182608 140280977528576 output_stream.cpp:105] Opened result file: ./profiles/standalone_attn_decode_2d_1_2048_32_1024_160_agent_info.csv
[m[0;33mW20250807 22:25:20.957944 140280977528576 tool.cpp:1902] rocprofv3_error_signal_handler caught signal 11...
[m# ---- Run standalone_attn_decode_3d_1_2048_32_1024_160 ----
[0;31mE20250807 22:25:32.676177 140207114446592 output_stream.cpp:105] Opened result file: ./profiles/standalone_attn_decode_3d_1_2048_32_1024_160_kernel_trace.csv
[m[0;31mE20250807 22:25:32.682237 140207114446592 output_stream.cpp:105] Opened result file: ./profiles/standalone_attn_decode_3d_1_2048_32_1024_160_agent_info.csv
[m[0;33mW20250807 22:25:35.547051 140207114446592 tool.cpp:1902] rocprofv3_error_signal_handler caught signal 11...
[m# ---- Run standalone_attn_decode_2d_1_2048_32_2048_64 ----
[0;31mE20250807 22:25:47.076850 140344126338816 output_stream.cpp:105] Opened result file: ./profiles/standalone_attn_decode_2d_1_2048_32_2048_64_kernel_trace.csv
[m[0;31mE20250807 22:25:47.082834 140344126338816 output_stream.cpp:105] Opened result file: ./profiles/standalone_attn_decode_2d_1_2048_32_2048_64_agent_info.csv
[m[0;33mW20250807 22:25:50.015855 140344126338816 tool.cpp:1902] rocprofv3_error_signal_handler caught signal 11...
[m# ---- Run standalone_attn_decode_3d_1_2048_32_2048_64 ----
[0;31mE20250807 22:26:01.874330 140073895110400 output_stream.cpp:105] Opened result file: ./profiles/standalone_attn_decode_3d_1_2048_32_2048_64_kernel_trace.csv
[m[0;31mE20250807 22:26:01.880042 140073895110400 output_stream.cpp:105] Opened result file: ./profiles/standalone_attn_decode_3d_1_2048_32_2048_64_agent_info.csv
[m[0;33mW20250807 22:26:04.704082 140073895110400 tool.cpp:1902] rocprofv3_error_signal_handler caught signal 11...
[m# ---- Run standalone_attn_decode_2d_1_2048_32_2048_128 ----
[0;31mE20250807 22:26:16.045800 139988319377152 output_stream.cpp:105] Opened result file: ./profiles/standalone_attn_decode_2d_1_2048_32_2048_128_kernel_trace.csv
[m[0;31mE20250807 22:26:16.051874 139988319377152 output_stream.cpp:105] Opened result file: ./profiles/standalone_attn_decode_2d_1_2048_32_2048_128_agent_info.csv
[m[0;33mW20250807 22:26:18.969625 139988319377152 tool.cpp:1902] rocprofv3_error_signal_handler caught signal 11...
[m# ---- Run standalone_attn_decode_3d_1_2048_32_2048_128 ----
[0;31mE20250807 22:26:30.938185 140315420374784 output_stream.cpp:105] Opened result file: ./profiles/standalone_attn_decode_3d_1_2048_32_2048_128_kernel_trace.csv
[m[0;31mE20250807 22:26:30.944215 140315420374784 output_stream.cpp:105] Opened result file: ./profiles/standalone_attn_decode_3d_1_2048_32_2048_128_agent_info.csv
[m[0;33mW20250807 22:26:33.944127 140315420374784 tool.cpp:1902] rocprofv3_error_signal_handler caught signal 11...
[m# ---- Run standalone_attn_decode_2d_1_2048_32_2048_160 ----
[0;31mE20250807 22:26:45.304452 139936983860992 output_stream.cpp:105] Opened result file: ./profiles/standalone_attn_decode_2d_1_2048_32_2048_160_kernel_trace.csv
[m[0;31mE20250807 22:26:45.310284 139936983860992 output_stream.cpp:105] Opened result file: ./profiles/standalone_attn_decode_2d_1_2048_32_2048_160_agent_info.csv
[m[0;33mW20250807 22:26:48.226832 139936983860992 tool.cpp:1902] rocprofv3_error_signal_handler caught signal 11...
[m# ---- Run standalone_attn_decode_3d_1_2048_32_2048_160 ----
[0;31mE20250807 22:27:00.040476 140377854859008 output_stream.cpp:105] Opened result file: ./profiles/standalone_attn_decode_3d_1_2048_32_2048_160_kernel_trace.csv
[m[0;31mE20250807 22:27:00.046474 140377854859008 output_stream.cpp:105] Opened result file: ./profiles/standalone_attn_decode_3d_1_2048_32_2048_160_agent_info.csv
[m[0;33mW20250807 22:27:02.906092 140377854859008 tool.cpp:1902] rocprofv3_error_signal_handler caught signal 11...
[m# ---- Run standalone_attn_decode_2d_1_2048_32_4096_64 ----
[0;31mE20250807 22:27:14.062437 139782727542528 output_stream.cpp:105] Opened result file: ./profiles/standalone_attn_decode_2d_1_2048_32_4096_64_kernel_trace.csv
[m[0;31mE20250807 22:27:14.068526 139782727542528 output_stream.cpp:105] Opened result file: ./profiles/standalone_attn_decode_2d_1_2048_32_4096_64_agent_info.csv
[m[0;33mW20250807 22:27:16.867816 139782727542528 tool.cpp:1902] rocprofv3_error_signal_handler caught signal 11...
[m# ---- Run standalone_attn_decode_3d_1_2048_32_4096_64 ----
[0;31mE20250807 22:27:28.573213 139890270037760 output_stream.cpp:105] Opened result file: ./profiles/standalone_attn_decode_3d_1_2048_32_4096_64_kernel_trace.csv
[m[0;31mE20250807 22:27:28.579335 139890270037760 output_stream.cpp:105] Opened result file: ./profiles/standalone_attn_decode_3d_1_2048_32_4096_64_agent_info.csv
[m[0;33mW20250807 22:27:31.436410 139890270037760 tool.cpp:1902] rocprofv3_error_signal_handler caught signal 11...
[m# ---- Run standalone_attn_decode_2d_1_2048_32_4096_128 ----
[0;31mE20250807 22:27:42.637822 139939202426624 output_stream.cpp:105] Opened result file: ./profiles/standalone_attn_decode_2d_1_2048_32_4096_128_kernel_trace.csv
[m[0;31mE20250807 22:27:42.643956 139939202426624 output_stream.cpp:105] Opened result file: ./profiles/standalone_attn_decode_2d_1_2048_32_4096_128_agent_info.csv
[m[0;33mW20250807 22:27:45.509696 139939202426624 tool.cpp:1902] rocprofv3_error_signal_handler caught signal 11...
[m# ---- Run standalone_attn_decode_3d_1_2048_32_4096_128 ----
[0;31mE20250807 22:27:57.347871 139711784711936 output_stream.cpp:105] Opened result file: ./profiles/standalone_attn_decode_3d_1_2048_32_4096_128_kernel_trace.csv
[m[0;31mE20250807 22:27:57.353905 139711784711936 output_stream.cpp:105] Opened result file: ./profiles/standalone_attn_decode_3d_1_2048_32_4096_128_agent_info.csv
[m[0;33mW20250807 22:28:00.148383 139711784711936 tool.cpp:1902] rocprofv3_error_signal_handler caught signal 11...
[m# ---- Run standalone_attn_decode_2d_1_2048_32_4096_160 ----
[0;31mE20250807 22:28:11.437882 139815546484480 output_stream.cpp:105] Opened result file: ./profiles/standalone_attn_decode_2d_1_2048_32_4096_160_kernel_trace.csv
[m[0;31mE20250807 22:28:11.443995 139815546484480 output_stream.cpp:105] Opened result file: ./profiles/standalone_attn_decode_2d_1_2048_32_4096_160_agent_info.csv
[m[0;33mW20250807 22:28:14.282035 139815546484480 tool.cpp:1902] rocprofv3_error_signal_handler caught signal 11...
[m# ---- Run standalone_attn_decode_3d_1_2048_32_4096_160 ----
[0;31mE20250807 22:28:25.976278 140082158413568 output_stream.cpp:105] Opened result file: ./profiles/standalone_attn_decode_3d_1_2048_32_4096_160_kernel_trace.csv
[m[0;31mE20250807 22:28:25.982341 140082158413568 output_stream.cpp:105] Opened result file: ./profiles/standalone_attn_decode_3d_1_2048_32_4096_160_agent_info.csv
[m[0;33mW20250807 22:28:28.733191 140082158413568 tool.cpp:1902] rocprofv3_error_signal_handler caught signal 11...
[m# ---- Run standalone_attn_decode_2d_1_2048_64_256_64 ----
[0;31mE20250807 22:28:40.107805 139975417128704 output_stream.cpp:105] Opened result file: ./profiles/standalone_attn_decode_2d_1_2048_64_256_64_kernel_trace.csv
[m[0;31mE20250807 22:28:40.113941 139975417128704 output_stream.cpp:105] Opened result file: ./profiles/standalone_attn_decode_2d_1_2048_64_256_64_agent_info.csv
[m[0;33mW20250807 22:28:42.996001 139975417128704 tool.cpp:1902] rocprofv3_error_signal_handler caught signal 11...
[m# ---- Run standalone_attn_decode_3d_1_2048_64_256_64 ----
[0;31mE20250807 22:28:54.694901 140250135676672 output_stream.cpp:105] Opened result file: ./profiles/standalone_attn_decode_3d_1_2048_64_256_64_kernel_trace.csv
[m[0;31mE20250807 22:28:54.700960 140250135676672 output_stream.cpp:105] Opened result file: ./profiles/standalone_attn_decode_3d_1_2048_64_256_64_agent_info.csv
[m[0;33mW20250807 22:28:57.524877 140250135676672 tool.cpp:1902] rocprofv3_error_signal_handler caught signal 11...
[m# ---- Run standalone_attn_decode_2d_1_2048_64_256_128 ----
[0;31mE20250807 22:29:08.853038 139988826851072 output_stream.cpp:105] Opened result file: ./profiles/standalone_attn_decode_2d_1_2048_64_256_128_kernel_trace.csv
[m[0;31mE20250807 22:29:08.859033 139988826851072 output_stream.cpp:105] Opened result file: ./profiles/standalone_attn_decode_2d_1_2048_64_256_128_agent_info.csv
[m[0;33mW20250807 22:29:11.752498 139988826851072 tool.cpp:1902] rocprofv3_error_signal_handler caught signal 11...
[m# ---- Run standalone_attn_decode_3d_1_2048_64_256_128 ----
[0;31mE20250807 22:29:23.545082 139700821133056 output_stream.cpp:105] Opened result file: ./profiles/standalone_attn_decode_3d_1_2048_64_256_128_kernel_trace.csv
[m[0;31mE20250807 22:29:23.551145 139700821133056 output_stream.cpp:105] Opened result file: ./profiles/standalone_attn_decode_3d_1_2048_64_256_128_agent_info.csv
[m[0;33mW20250807 22:29:26.363440 139700821133056 tool.cpp:1902] rocprofv3_error_signal_handler caught signal 11...
[m# ---- Run standalone_attn_decode_2d_1_2048_64_256_160 ----
[0;31mE20250807 22:29:37.574996 140367297951488 output_stream.cpp:105] Opened result file: ./profiles/standalone_attn_decode_2d_1_2048_64_256_160_kernel_trace.csv
[m[0;31mE20250807 22:29:37.581099 140367297951488 output_stream.cpp:105] Opened result file: ./profiles/standalone_attn_decode_2d_1_2048_64_256_160_agent_info.csv
[m[0;33mW20250807 22:29:40.358059 140367297951488 tool.cpp:1902] rocprofv3_error_signal_handler caught signal 11...
[m# ---- Run standalone_attn_decode_3d_1_2048_64_256_160 ----
[0;31mE20250807 22:29:52.261757 140602954819328 output_stream.cpp:105] Opened result file: ./profiles/standalone_attn_decode_3d_1_2048_64_256_160_kernel_trace.csv
[m[0;31mE20250807 22:29:52.267834 140602954819328 output_stream.cpp:105] Opened result file: ./profiles/standalone_attn_decode_3d_1_2048_64_256_160_agent_info.csv
[m[0;33mW20250807 22:29:55.188430 140602954819328 tool.cpp:1902] rocprofv3_error_signal_handler caught signal 11...
[m# ---- Run standalone_attn_decode_2d_1_2048_64_512_64 ----
[0;31mE20250807 22:30:06.509667 140562420422400 output_stream.cpp:105] Opened result file: ./profiles/standalone_attn_decode_2d_1_2048_64_512_64_kernel_trace.csv
[m[0;31mE20250807 22:30:06.515543 140562420422400 output_stream.cpp:105] Opened result file: ./profiles/standalone_attn_decode_2d_1_2048_64_512_64_agent_info.csv
[m[0;33mW20250807 22:30:09.465351 140562420422400 tool.cpp:1902] rocprofv3_error_signal_handler caught signal 11...
[m# ---- Run standalone_attn_decode_3d_1_2048_64_512_64 ----
[0;31mE20250807 22:30:21.269447 139737062418176 output_stream.cpp:105] Opened result file: ./profiles/standalone_attn_decode_3d_1_2048_64_512_64_kernel_trace.csv
[m[0;31mE20250807 22:30:21.275570 139737062418176 output_stream.cpp:105] Opened result file: ./profiles/standalone_attn_decode_3d_1_2048_64_512_64_agent_info.csv
[m[0;33mW20250807 22:30:24.205757 139737062418176 tool.cpp:1902] rocprofv3_error_signal_handler caught signal 11...
[m# ---- Run standalone_attn_decode_2d_1_2048_64_512_128 ----
[0;31mE20250807 22:30:35.584762 140332798985984 output_stream.cpp:105] Opened result file: ./profiles/standalone_attn_decode_2d_1_2048_64_512_128_kernel_trace.csv
[m[0;31mE20250807 22:30:35.590653 140332798985984 output_stream.cpp:105] Opened result file: ./profiles/standalone_attn_decode_2d_1_2048_64_512_128_agent_info.csv
[m[0;33mW20250807 22:30:38.387038 140332798985984 tool.cpp:1902] rocprofv3_error_signal_handler caught signal 11...
[m# ---- Run standalone_attn_decode_3d_1_2048_64_512_128 ----
[0;31mE20250807 22:30:50.258466 140572495816448 output_stream.cpp:105] Opened result file: ./profiles/standalone_attn_decode_3d_1_2048_64_512_128_kernel_trace.csv
[m[0;31mE20250807 22:30:50.264645 140572495816448 output_stream.cpp:105] Opened result file: ./profiles/standalone_attn_decode_3d_1_2048_64_512_128_agent_info.csv
[m[0;33mW20250807 22:30:53.147077 140572495816448 tool.cpp:1902] rocprofv3_error_signal_handler caught signal 11...
[m# ---- Run standalone_attn_decode_2d_1_2048_64_512_160 ----
[0;31mE20250807 22:31:04.464437 140305089484544 output_stream.cpp:105] Opened result file: ./profiles/standalone_attn_decode_2d_1_2048_64_512_160_kernel_trace.csv
[m[0;31mE20250807 22:31:04.470511 140305089484544 output_stream.cpp:105] Opened result file: ./profiles/standalone_attn_decode_2d_1_2048_64_512_160_agent_info.csv
[m[0;33mW20250807 22:31:07.406571 140305089484544 tool.cpp:1902] rocprofv3_error_signal_handler caught signal 11...
[m# ---- Run standalone_attn_decode_3d_1_2048_64_512_160 ----
[0;31mE20250807 22:31:19.185866 140663814080256 output_stream.cpp:105] Opened result file: ./profiles/standalone_attn_decode_3d_1_2048_64_512_160_kernel_trace.csv
[m[0;31mE20250807 22:31:19.192007 140663814080256 output_stream.cpp:105] Opened result file: ./profiles/standalone_attn_decode_3d_1_2048_64_512_160_agent_info.csv
[m[0;33mW20250807 22:31:22.291273 140663814080256 tool.cpp:1902] rocprofv3_error_signal_handler caught signal 11...
[m# ---- Run standalone_attn_decode_2d_1_2048_64_1024_64 ----
[0;31mE20250807 22:31:33.686606 140588459087616 output_stream.cpp:105] Opened result file: ./profiles/standalone_attn_decode_2d_1_2048_64_1024_64_kernel_trace.csv
[m[0;31mE20250807 22:31:33.692697 140588459087616 output_stream.cpp:105] Opened result file: ./profiles/standalone_attn_decode_2d_1_2048_64_1024_64_agent_info.csv
[m[0;33mW20250807 22:31:36.714431 140588459087616 tool.cpp:1902] rocprofv3_error_signal_handler caught signal 11...
[m# ---- Run standalone_attn_decode_3d_1_2048_64_1024_64 ----
[0;31mE20250807 22:31:48.482555 139862464296704 output_stream.cpp:105] Opened result file: ./profiles/standalone_attn_decode_3d_1_2048_64_1024_64_kernel_trace.csv
[m[0;31mE20250807 22:31:48.488674 139862464296704 output_stream.cpp:105] Opened result file: ./profiles/standalone_attn_decode_3d_1_2048_64_1024_64_agent_info.csv
[m[0;33mW20250807 22:31:51.484389 139862464296704 tool.cpp:1902] rocprofv3_error_signal_handler caught signal 11...
[m# ---- Run standalone_attn_decode_2d_1_2048_64_1024_128 ----
[0;31mE20250807 22:32:02.906990 140417469331200 output_stream.cpp:105] Opened result file: ./profiles/standalone_attn_decode_2d_1_2048_64_1024_128_kernel_trace.csv
[m[0;31mE20250807 22:32:02.913013 140417469331200 output_stream.cpp:105] Opened result file: ./profiles/standalone_attn_decode_2d_1_2048_64_1024_128_agent_info.csv
[m[0;33mW20250807 22:32:05.958233 140417469331200 tool.cpp:1902] rocprofv3_error_signal_handler caught signal 11...
[m# ---- Run standalone_attn_decode_3d_1_2048_64_1024_128 ----
[0;31mE20250807 22:32:17.787320 140287814620928 output_stream.cpp:105] Opened result file: ./profiles/standalone_attn_decode_3d_1_2048_64_1024_128_kernel_trace.csv
[m[0;31mE20250807 22:32:17.793179 140287814620928 output_stream.cpp:105] Opened result file: ./profiles/standalone_attn_decode_3d_1_2048_64_1024_128_agent_info.csv
[m[0;33mW20250807 22:32:20.758695 140287814620928 tool.cpp:1902] rocprofv3_error_signal_handler caught signal 11...
[m# ---- Run standalone_attn_decode_2d_1_2048_64_1024_160 ----
[0;31mE20250807 22:32:32.034562 140263278122752 output_stream.cpp:105] Opened result file: ./profiles/standalone_attn_decode_2d_1_2048_64_1024_160_kernel_trace.csv
[m[0;31mE20250807 22:32:32.040658 140263278122752 output_stream.cpp:105] Opened result file: ./profiles/standalone_attn_decode_2d_1_2048_64_1024_160_agent_info.csv
[m[0;33mW20250807 22:32:34.880405 140263278122752 tool.cpp:1902] rocprofv3_error_signal_handler caught signal 11...
[m# ---- Run standalone_attn_decode_3d_1_2048_64_1024_160 ----
[0;31mE20250807 22:32:46.538537 139743534569216 output_stream.cpp:105] Opened result file: ./profiles/standalone_attn_decode_3d_1_2048_64_1024_160_kernel_trace.csv
[m[0;31mE20250807 22:32:46.544835 139743534569216 output_stream.cpp:105] Opened result file: ./profiles/standalone_attn_decode_3d_1_2048_64_1024_160_agent_info.csv
[m[0;33mW20250807 22:32:49.390575 139743534569216 tool.cpp:1902] rocprofv3_error_signal_handler caught signal 11...
[m# ---- Run standalone_attn_decode_2d_1_2048_64_2048_64 ----
[0;31mE20250807 22:33:00.727365 140489583789824 output_stream.cpp:105] Opened result file: ./profiles/standalone_attn_decode_2d_1_2048_64_2048_64_kernel_trace.csv
[m[0;31mE20250807 22:33:00.733724 140489583789824 output_stream.cpp:105] Opened result file: ./profiles/standalone_attn_decode_2d_1_2048_64_2048_64_agent_info.csv
[m[0;33mW20250807 22:33:03.553650 140489583789824 tool.cpp:1902] rocprofv3_error_signal_handler caught signal 11...
[m# ---- Run standalone_attn_decode_3d_1_2048_64_2048_64 ----
[0;31mE20250807 22:33:15.261842 140063479990016 output_stream.cpp:105] Opened result file: ./profiles/standalone_attn_decode_3d_1_2048_64_2048_64_kernel_trace.csv
[m[0;31mE20250807 22:33:15.267963 140063479990016 output_stream.cpp:105] Opened result file: ./profiles/standalone_attn_decode_3d_1_2048_64_2048_64_agent_info.csv
[m[0;33mW20250807 22:33:18.107830 140063479990016 tool.cpp:1902] rocprofv3_error_signal_handler caught signal 11...
[m# ---- Run standalone_attn_decode_2d_1_2048_64_2048_128 ----
[0;31mE20250807 22:33:29.388205 140195975063296 output_stream.cpp:105] Opened result file: ./profiles/standalone_attn_decode_2d_1_2048_64_2048_128_kernel_trace.csv
[m[0;31mE20250807 22:33:29.394249 140195975063296 output_stream.cpp:105] Opened result file: ./profiles/standalone_attn_decode_2d_1_2048_64_2048_128_agent_info.csv
[m[0;33mW20250807 22:33:32.206859 140195975063296 tool.cpp:1902] rocprofv3_error_signal_handler caught signal 11...
[m# ---- Run standalone_attn_decode_3d_1_2048_64_2048_128 ----
[0;31mE20250807 22:33:44.036794 140058845673216 output_stream.cpp:105] Opened result file: ./profiles/standalone_attn_decode_3d_1_2048_64_2048_128_kernel_trace.csv
[m[0;31mE20250807 22:33:44.042963 140058845673216 output_stream.cpp:105] Opened result file: ./profiles/standalone_attn_decode_3d_1_2048_64_2048_128_agent_info.csv
[m[0;33mW20250807 22:33:46.974944 140058845673216 tool.cpp:1902] rocprofv3_error_signal_handler caught signal 11...
[m# ---- Run standalone_attn_decode_2d_1_2048_64_2048_160 ----
[0;31mE20250807 22:33:58.312930 139730819188480 output_stream.cpp:105] Opened result file: ./profiles/standalone_attn_decode_2d_1_2048_64_2048_160_kernel_trace.csv
[m[0;31mE20250807 22:33:58.319023 139730819188480 output_stream.cpp:105] Opened result file: ./profiles/standalone_attn_decode_2d_1_2048_64_2048_160_agent_info.csv
[m[0;33mW20250807 22:34:01.160011 139730819188480 tool.cpp:1902] rocprofv3_error_signal_handler caught signal 11...
[m# ---- Run standalone_attn_decode_3d_1_2048_64_2048_160 ----
[0;31mE20250807 22:34:12.883309 140508419995392 output_stream.cpp:105] Opened result file: ./profiles/standalone_attn_decode_3d_1_2048_64_2048_160_kernel_trace.csv
[m[0;31mE20250807 22:34:12.889444 140508419995392 output_stream.cpp:105] Opened result file: ./profiles/standalone_attn_decode_3d_1_2048_64_2048_160_agent_info.csv
[m[0;33mW20250807 22:34:15.752794 140508419995392 tool.cpp:1902] rocprofv3_error_signal_handler caught signal 11...
[m# ---- Run standalone_attn_decode_2d_1_2048_64_4096_64 ----
[0;31mE20250807 22:34:27.168005 139721666434816 output_stream.cpp:105] Opened result file: ./profiles/standalone_attn_decode_2d_1_2048_64_4096_64_kernel_trace.csv
[m[0;31mE20250807 22:34:27.174244 139721666434816 output_stream.cpp:105] Opened result file: ./profiles/standalone_attn_decode_2d_1_2048_64_4096_64_agent_info.csv
[m[0;33mW20250807 22:34:29.993744 139721666434816 tool.cpp:1902] rocprofv3_error_signal_handler caught signal 11...
[m# ---- Run standalone_attn_decode_3d_1_2048_64_4096_64 ----
[0;31mE20250807 22:34:41.593220 139900064409344 output_stream.cpp:105] Opened result file: ./profiles/standalone_attn_decode_3d_1_2048_64_4096_64_kernel_trace.csv
[m[0;31mE20250807 22:34:41.599292 139900064409344 output_stream.cpp:105] Opened result file: ./profiles/standalone_attn_decode_3d_1_2048_64_4096_64_agent_info.csv
[m[0;33mW20250807 22:34:44.502090 139900064409344 tool.cpp:1902] rocprofv3_error_signal_handler caught signal 11...
[m# ---- Run standalone_attn_decode_2d_1_2048_64_4096_128 ----
[0;31mE20250807 22:34:55.829244 140072361178880 output_stream.cpp:105] Opened result file: ./profiles/standalone_attn_decode_2d_1_2048_64_4096_128_kernel_trace.csv
[m[0;31mE20250807 22:34:55.835377 140072361178880 output_stream.cpp:105] Opened result file: ./profiles/standalone_attn_decode_2d_1_2048_64_4096_128_agent_info.csv
[m[0;33mW20250807 22:34:58.595441 140072361178880 tool.cpp:1902] rocprofv3_error_signal_handler caught signal 11...
[m# ---- Run standalone_attn_decode_3d_1_2048_64_4096_128 ----
[0;31mE20250807 22:35:10.251972 140076602582784 output_stream.cpp:105] Opened result file: ./profiles/standalone_attn_decode_3d_1_2048_64_4096_128_kernel_trace.csv
[m[0;31mE20250807 22:35:10.258037 140076602582784 output_stream.cpp:105] Opened result file: ./profiles/standalone_attn_decode_3d_1_2048_64_4096_128_agent_info.csv
[m[0;33mW20250807 22:35:13.049574 140076602582784 tool.cpp:1902] rocprofv3_error_signal_handler caught signal 11...
[m# ---- Run standalone_attn_decode_2d_1_2048_64_4096_160 ----
[0;31mE20250807 22:35:24.255804 139927670552320 output_stream.cpp:105] Opened result file: ./profiles/standalone_attn_decode_2d_1_2048_64_4096_160_kernel_trace.csv
[m[0;31mE20250807 22:35:24.261928 139927670552320 output_stream.cpp:105] Opened result file: ./profiles/standalone_attn_decode_2d_1_2048_64_4096_160_agent_info.csv
[m[0;33mW20250807 22:35:27.146045 139927670552320 tool.cpp:1902] rocprofv3_error_signal_handler caught signal 11...
[m# ---- Run standalone_attn_decode_3d_1_2048_64_4096_160 ----
[0;31mE20250807 22:35:38.785267 140597753558784 output_stream.cpp:105] Opened result file: ./profiles/standalone_attn_decode_3d_1_2048_64_4096_160_kernel_trace.csv
[m[0;31mE20250807 22:35:38.791275 140597753558784 output_stream.cpp:105] Opened result file: ./profiles/standalone_attn_decode_3d_1_2048_64_4096_160_agent_info.csv
[m[0;33mW20250807 22:35:41.614218 140597753558784 tool.cpp:1902] rocprofv3_error_signal_handler caught signal 11...
[m# ---- Run standalone_attn_decode_2d_1_2048_128_256_64 ----
[0;31mE20250807 22:35:53.103791 140004159358720 output_stream.cpp:105] Opened result file: ./profiles/standalone_attn_decode_2d_1_2048_128_256_64_kernel_trace.csv
[m[0;31mE20250807 22:35:53.109962 140004159358720 output_stream.cpp:105] Opened result file: ./profiles/standalone_attn_decode_2d_1_2048_128_256_64_agent_info.csv
[m[0;33mW20250807 22:35:56.074056 140004159358720 tool.cpp:1902] rocprofv3_error_signal_handler caught signal 11...
[m# ---- Run standalone_attn_decode_3d_1_2048_128_256_64 ----
[0;31mE20250807 22:36:07.894969 139820300138240 output_stream.cpp:105] Opened result file: ./profiles/standalone_attn_decode_3d_1_2048_128_256_64_kernel_trace.csv
[m[0;31mE20250807 22:36:07.901010 139820300138240 output_stream.cpp:105] Opened result file: ./profiles/standalone_attn_decode_3d_1_2048_128_256_64_agent_info.csv
[m[0;33mW20250807 22:36:10.794168 139820300138240 tool.cpp:1902] rocprofv3_error_signal_handler caught signal 11...
[m# ---- Run standalone_attn_decode_2d_1_2048_128_256_128 ----
[0;31mE20250807 22:36:22.028533 140083568473856 output_stream.cpp:105] Opened result file: ./profiles/standalone_attn_decode_2d_1_2048_128_256_128_kernel_trace.csv
[m[0;31mE20250807 22:36:22.034683 140083568473856 output_stream.cpp:105] Opened result file: ./profiles/standalone_attn_decode_2d_1_2048_128_256_128_agent_info.csv
[m[0;33mW20250807 22:36:24.956560 140083568473856 tool.cpp:1902] rocprofv3_error_signal_handler caught signal 11...
[m# ---- Run standalone_attn_decode_3d_1_2048_128_256_128 ----
[0;31mE20250807 22:36:36.901650 140520727963392 output_stream.cpp:105] Opened result file: ./profiles/standalone_attn_decode_3d_1_2048_128_256_128_kernel_trace.csv
[m[0;31mE20250807 22:36:36.907557 140520727963392 output_stream.cpp:105] Opened result file: ./profiles/standalone_attn_decode_3d_1_2048_128_256_128_agent_info.csv
[m[0;33mW20250807 22:36:39.923551 140520727963392 tool.cpp:1902] rocprofv3_error_signal_handler caught signal 11...
[m# ---- Run standalone_attn_decode_2d_1_2048_128_256_160 ----
[0;31mE20250807 22:36:51.323667 140624712271616 output_stream.cpp:105] Opened result file: ./profiles/standalone_attn_decode_2d_1_2048_128_256_160_kernel_trace.csv
[m[0;31mE20250807 22:36:51.329925 140624712271616 output_stream.cpp:105] Opened result file: ./profiles/standalone_attn_decode_2d_1_2048_128_256_160_agent_info.csv
[m[0;33mW20250807 22:36:54.332390 140624712271616 tool.cpp:1902] rocprofv3_error_signal_handler caught signal 11...
[m# ---- Run standalone_attn_decode_3d_1_2048_128_256_160 ----
[0;31mE20250807 22:37:06.168204 140381819090688 output_stream.cpp:105] Opened result file: ./profiles/standalone_attn_decode_3d_1_2048_128_256_160_kernel_trace.csv
[m[0;31mE20250807 22:37:06.173899 140381819090688 output_stream.cpp:105] Opened result file: ./profiles/standalone_attn_decode_3d_1_2048_128_256_160_agent_info.csv
[m[0;33mW20250807 22:37:09.132465 140381819090688 tool.cpp:1902] rocprofv3_error_signal_handler caught signal 11...
[m# ---- Run standalone_attn_decode_2d_1_2048_128_512_64 ----
[0;31mE20250807 22:37:20.366353 139680627898112 output_stream.cpp:105] Opened result file: ./profiles/standalone_attn_decode_2d_1_2048_128_512_64_kernel_trace.csv
[m[0;31mE20250807 22:37:20.372274 139680627898112 output_stream.cpp:105] Opened result file: ./profiles/standalone_attn_decode_2d_1_2048_128_512_64_agent_info.csv
[m[0;33mW20250807 22:37:23.144508 139680627898112 tool.cpp:1902] rocprofv3_error_signal_handler caught signal 11...
[m# ---- Run standalone_attn_decode_3d_1_2048_128_512_64 ----
[0;31mE20250807 22:37:34.900515 139743154239232 output_stream.cpp:105] Opened result file: ./profiles/standalone_attn_decode_3d_1_2048_128_512_64_kernel_trace.csv
[m[0;31mE20250807 22:37:34.906679 139743154239232 output_stream.cpp:105] Opened result file: ./profiles/standalone_attn_decode_3d_1_2048_128_512_64_agent_info.csv
[m[0;33mW20250807 22:37:37.891069 139743154239232 tool.cpp:1902] rocprofv3_error_signal_handler caught signal 11...
[m# ---- Run standalone_attn_decode_2d_1_2048_128_512_128 ----
[0;31mE20250807 22:37:49.364638 140556090119936 output_stream.cpp:105] Opened result file: ./profiles/standalone_attn_decode_2d_1_2048_128_512_128_kernel_trace.csv
[m[0;31mE20250807 22:37:49.370943 140556090119936 output_stream.cpp:105] Opened result file: ./profiles/standalone_attn_decode_2d_1_2048_128_512_128_agent_info.csv
[m[0;33mW20250807 22:37:52.156345 140556090119936 tool.cpp:1902] rocprofv3_error_signal_handler caught signal 11...
[m# ---- Run standalone_attn_decode_3d_1_2048_128_512_128 ----
[0;31mE20250807 22:38:03.929776 140057185359616 output_stream.cpp:105] Opened result file: ./profiles/standalone_attn_decode_3d_1_2048_128_512_128_kernel_trace.csv
[m[0;31mE20250807 22:38:03.935885 140057185359616 output_stream.cpp:105] Opened result file: ./profiles/standalone_attn_decode_3d_1_2048_128_512_128_agent_info.csv
[m[0;33mW20250807 22:38:06.804681 140057185359616 tool.cpp:1902] rocprofv3_error_signal_handler caught signal 11...
[m# ---- Run standalone_attn_decode_2d_1_2048_128_512_160 ----
[0;31mE20250807 22:38:18.062729 139802466780928 output_stream.cpp:105] Opened result file: ./profiles/standalone_attn_decode_2d_1_2048_128_512_160_kernel_trace.csv
[m[0;31mE20250807 22:38:18.068777 139802466780928 output_stream.cpp:105] Opened result file: ./profiles/standalone_attn_decode_2d_1_2048_128_512_160_agent_info.csv
[m[0;33mW20250807 22:38:20.895291 139802466780928 tool.cpp:1902] rocprofv3_error_signal_handler caught signal 11...
[m# ---- Run standalone_attn_decode_3d_1_2048_128_512_160 ----
[0;31mE20250807 22:38:32.837655 140085665064704 output_stream.cpp:105] Opened result file: ./profiles/standalone_attn_decode_3d_1_2048_128_512_160_kernel_trace.csv
[m[0;31mE20250807 22:38:32.843606 140085665064704 output_stream.cpp:105] Opened result file: ./profiles/standalone_attn_decode_3d_1_2048_128_512_160_agent_info.csv
[m[0;33mW20250807 22:38:35.853812 140085665064704 tool.cpp:1902] rocprofv3_error_signal_handler caught signal 11...
[m# ---- Run standalone_attn_decode_2d_1_2048_128_1024_64 ----
[0;31mE20250807 22:38:47.268854 139964988225280 output_stream.cpp:105] Opened result file: ./profiles/standalone_attn_decode_2d_1_2048_128_1024_64_kernel_trace.csv
[m[0;31mE20250807 22:38:47.274956 139964988225280 output_stream.cpp:105] Opened result file: ./profiles/standalone_attn_decode_2d_1_2048_128_1024_64_agent_info.csv
[m[0;33mW20250807 22:38:50.102962 139964988225280 tool.cpp:1902] rocprofv3_error_signal_handler caught signal 11...
[m# ---- Run standalone_attn_decode_3d_1_2048_128_1024_64 ----
[0;31mE20250807 22:39:01.997404 140358692026112 output_stream.cpp:105] Opened result file: ./profiles/standalone_attn_decode_3d_1_2048_128_1024_64_kernel_trace.csv
[m[0;31mE20250807 22:39:02.003475 140358692026112 output_stream.cpp:105] Opened result file: ./profiles/standalone_attn_decode_3d_1_2048_128_1024_64_agent_info.csv
[m[0;33mW20250807 22:39:04.889429 140358692026112 tool.cpp:1902] rocprofv3_error_signal_handler caught signal 11...
[m# ---- Run standalone_attn_decode_2d_1_2048_128_1024_128 ----
[0;31mE20250807 22:39:16.110954 140255179757312 output_stream.cpp:105] Opened result file: ./profiles/standalone_attn_decode_2d_1_2048_128_1024_128_kernel_trace.csv
[m[0;31mE20250807 22:39:16.117062 140255179757312 output_stream.cpp:105] Opened result file: ./profiles/standalone_attn_decode_2d_1_2048_128_1024_128_agent_info.csv
[m[0;33mW20250807 22:39:18.942940 140255179757312 tool.cpp:1902] rocprofv3_error_signal_handler caught signal 11...
[m# ---- Run standalone_attn_decode_3d_1_2048_128_1024_128 ----
[0;31mE20250807 22:39:30.639541 140477980165888 output_stream.cpp:105] Opened result file: ./profiles/standalone_attn_decode_3d_1_2048_128_1024_128_kernel_trace.csv
[m[0;31mE20250807 22:39:30.645393 140477980165888 output_stream.cpp:105] Opened result file: ./profiles/standalone_attn_decode_3d_1_2048_128_1024_128_agent_info.csv
[m[0;33mW20250807 22:39:33.562123 140477980165888 tool.cpp:1902] rocprofv3_error_signal_handler caught signal 11...
[m# ---- Run standalone_attn_decode_2d_1_2048_128_1024_160 ----
[0;31mE20250807 22:39:44.864497 140379268998912 output_stream.cpp:105] Opened result file: ./profiles/standalone_attn_decode_2d_1_2048_128_1024_160_kernel_trace.csv
[m[0;31mE20250807 22:39:44.870596 140379268998912 output_stream.cpp:105] Opened result file: ./profiles/standalone_attn_decode_2d_1_2048_128_1024_160_agent_info.csv
[m[0;33mW20250807 22:39:47.851532 140379268998912 tool.cpp:1902] rocprofv3_error_signal_handler caught signal 11...
[m# ---- Run standalone_attn_decode_3d_1_2048_128_1024_160 ----
[0;31mE20250807 22:40:00.015688 139991396038400 output_stream.cpp:105] Opened result file: ./profiles/standalone_attn_decode_3d_1_2048_128_1024_160_kernel_trace.csv
[m[0;31mE20250807 22:40:00.021764 139991396038400 output_stream.cpp:105] Opened result file: ./profiles/standalone_attn_decode_3d_1_2048_128_1024_160_agent_info.csv
[m[0;33mW20250807 22:40:02.978458 139991396038400 tool.cpp:1902] rocprofv3_error_signal_handler caught signal 11...
[m# ---- Run standalone_attn_decode_2d_1_2048_128_2048_64 ----
[0;31mE20250807 22:40:14.335948 140200257111808 output_stream.cpp:105] Opened result file: ./profiles/standalone_attn_decode_2d_1_2048_128_2048_64_kernel_trace.csv
[m[0;31mE20250807 22:40:14.341984 140200257111808 output_stream.cpp:105] Opened result file: ./profiles/standalone_attn_decode_2d_1_2048_128_2048_64_agent_info.csv
[m[0;33mW20250807 22:40:17.215376 140200257111808 tool.cpp:1902] rocprofv3_error_signal_handler caught signal 11...
[m# ---- Run standalone_attn_decode_3d_1_2048_128_2048_64 ----
[0;31mE20250807 22:40:29.049483 140542417266432 output_stream.cpp:105] Opened result file: ./profiles/standalone_attn_decode_3d_1_2048_128_2048_64_kernel_trace.csv
[m[0;31mE20250807 22:40:29.055515 140542417266432 output_stream.cpp:105] Opened result file: ./profiles/standalone_attn_decode_3d_1_2048_128_2048_64_agent_info.csv
[m[0;33mW20250807 22:40:32.126003 140542417266432 tool.cpp:1902] rocprofv3_error_signal_handler caught signal 11...
[m# ---- Run standalone_attn_decode_2d_1_2048_128_2048_128 ----
[0;31mE20250807 22:40:43.498140 139759993054976 output_stream.cpp:105] Opened result file: ./profiles/standalone_attn_decode_2d_1_2048_128_2048_128_kernel_trace.csv
[m[0;31mE20250807 22:40:43.504183 139759993054976 output_stream.cpp:105] Opened result file: ./profiles/standalone_attn_decode_2d_1_2048_128_2048_128_agent_info.csv
[m[0;33mW20250807 22:40:46.600383 139759993054976 tool.cpp:1902] rocprofv3_error_signal_handler caught signal 11...
[m# ---- Run standalone_attn_decode_3d_1_2048_128_2048_128 ----
[0;31mE20250807 22:40:58.424479 140287599752960 output_stream.cpp:105] Opened result file: ./profiles/standalone_attn_decode_3d_1_2048_128_2048_128_kernel_trace.csv
[m[0;31mE20250807 22:40:58.430285 140287599752960 output_stream.cpp:105] Opened result file: ./profiles/standalone_attn_decode_3d_1_2048_128_2048_128_agent_info.csv
[m[0;33mW20250807 22:41:01.466803 140287599752960 tool.cpp:1902] rocprofv3_error_signal_handler caught signal 11...
[m# ---- Run standalone_attn_decode_2d_1_2048_128_2048_160 ----
[0;31mE20250807 22:41:12.820331 140487711487744 output_stream.cpp:105] Opened result file: ./profiles/standalone_attn_decode_2d_1_2048_128_2048_160_kernel_trace.csv
[m[0;31mE20250807 22:41:12.826442 140487711487744 output_stream.cpp:105] Opened result file: ./profiles/standalone_attn_decode_2d_1_2048_128_2048_160_agent_info.csv
[m[0;33mW20250807 22:41:15.666324 140487711487744 tool.cpp:1902] rocprofv3_error_signal_handler caught signal 11...
[m# ---- Run standalone_attn_decode_3d_1_2048_128_2048_160 ----
[0;31mE20250807 22:41:27.235463 140153310492416 output_stream.cpp:105] Opened result file: ./profiles/standalone_attn_decode_3d_1_2048_128_2048_160_kernel_trace.csv
[m[0;31mE20250807 22:41:27.241592 140153310492416 output_stream.cpp:105] Opened result file: ./profiles/standalone_attn_decode_3d_1_2048_128_2048_160_agent_info.csv
[m[0;33mW20250807 22:41:30.062857 140153310492416 tool.cpp:1902] rocprofv3_error_signal_handler caught signal 11...
[m# ---- Run standalone_attn_decode_2d_1_2048_128_4096_64 ----
[0;31mE20250807 22:41:41.445789 139757196609280 output_stream.cpp:105] Opened result file: ./profiles/standalone_attn_decode_2d_1_2048_128_4096_64_kernel_trace.csv
[m[0;31mE20250807 22:41:41.451681 139757196609280 output_stream.cpp:105] Opened result file: ./profiles/standalone_attn_decode_2d_1_2048_128_4096_64_agent_info.csv
[m[0;33mW20250807 22:41:44.418867 139757196609280 tool.cpp:1902] rocprofv3_error_signal_handler caught signal 11...
[m# ---- Run standalone_attn_decode_3d_1_2048_128_4096_64 ----
[0;31mE20250807 22:41:56.229172 139857709131520 output_stream.cpp:105] Opened result file: ./profiles/standalone_attn_decode_3d_1_2048_128_4096_64_kernel_trace.csv
[m[0;31mE20250807 22:41:56.234979 139857709131520 output_stream.cpp:105] Opened result file: ./profiles/standalone_attn_decode_3d_1_2048_128_4096_64_agent_info.csv
[m[0;33mW20250807 22:41:59.183789 139857709131520 tool.cpp:1902] rocprofv3_error_signal_handler caught signal 11...
[m# ---- Run standalone_attn_decode_2d_1_2048_128_4096_128 ----
[0;31mE20250807 22:42:10.723786 140104461256448 output_stream.cpp:105] Opened result file: ./profiles/standalone_attn_decode_2d_1_2048_128_4096_128_kernel_trace.csv
[m[0;31mE20250807 22:42:10.729836 140104461256448 output_stream.cpp:105] Opened result file: ./profiles/standalone_attn_decode_2d_1_2048_128_4096_128_agent_info.csv
[m[0;33mW20250807 22:42:13.927441 140104461256448 tool.cpp:1902] rocprofv3_error_signal_handler caught signal 11...
[m# ---- Run standalone_attn_decode_3d_1_2048_128_4096_128 ----
[0;31mE20250807 22:42:25.608718 140046488831744 output_stream.cpp:105] Opened result file: ./profiles/standalone_attn_decode_3d_1_2048_128_4096_128_kernel_trace.csv
[m[0;31mE20250807 22:42:25.614570 140046488831744 output_stream.cpp:105] Opened result file: ./profiles/standalone_attn_decode_3d_1_2048_128_4096_128_agent_info.csv
[m[0;33mW20250807 22:42:28.708042 140046488831744 tool.cpp:1902] rocprofv3_error_signal_handler caught signal 11...
[m# ---- Run standalone_attn_decode_2d_1_2048_128_4096_160 ----
[0;31mE20250807 22:42:39.998626 140571747886848 output_stream.cpp:105] Opened result file: ./profiles/standalone_attn_decode_2d_1_2048_128_4096_160_kernel_trace.csv
[m[0;31mE20250807 22:42:40.004637 140571747886848 output_stream.cpp:105] Opened result file: ./profiles/standalone_attn_decode_2d_1_2048_128_4096_160_agent_info.csv
[m[0;33mW20250807 22:42:42.882368 140571747886848 tool.cpp:1902] rocprofv3_error_signal_handler caught signal 11...
[m# ---- Run standalone_attn_decode_3d_1_2048_128_4096_160 ----
[0;31mE20250807 22:42:54.706675 140390023911168 output_stream.cpp:105] Opened result file: ./profiles/standalone_attn_decode_3d_1_2048_128_4096_160_kernel_trace.csv
[m[0;31mE20250807 22:42:54.712616 140390023911168 output_stream.cpp:105] Opened result file: ./profiles/standalone_attn_decode_3d_1_2048_128_4096_160_agent_info.csv
[m[0;33mW20250807 22:42:57.692390 140390023911168 tool.cpp:1902] rocprofv3_error_signal_handler caught signal 11...
[m# ---- Run standalone_attn_decode_2d_1_2048_256_256_64 ----
[0;31mE20250807 22:43:09.033566 140520611292928 output_stream.cpp:105] Opened result file: ./profiles/standalone_attn_decode_2d_1_2048_256_256_64_kernel_trace.csv
[m[0;31mE20250807 22:43:09.039634 140520611292928 output_stream.cpp:105] Opened result file: ./profiles/standalone_attn_decode_2d_1_2048_256_256_64_agent_info.csv
[m[0;33mW20250807 22:43:12.055151 140520611292928 tool.cpp:1902] rocprofv3_error_signal_handler caught signal 11...
[m# ---- Run standalone_attn_decode_3d_1_2048_256_256_64 ----
[0;31mE20250807 22:43:23.817228 140417299126016 output_stream.cpp:105] Opened result file: ./profiles/standalone_attn_decode_3d_1_2048_256_256_64_kernel_trace.csv
[m[0;31mE20250807 22:43:23.823309 140417299126016 output_stream.cpp:105] Opened result file: ./profiles/standalone_attn_decode_3d_1_2048_256_256_64_agent_info.csv
[m[0;33mW20250807 22:43:26.785655 140417299126016 tool.cpp:1902] rocprofv3_error_signal_handler caught signal 11...
[m# ---- Run standalone_attn_decode_2d_1_2048_256_256_128 ----
[0;31mE20250807 22:43:37.948231 140483276695296 output_stream.cpp:105] Opened result file: ./profiles/standalone_attn_decode_2d_1_2048_256_256_128_kernel_trace.csv
[m[0;31mE20250807 22:43:37.954350 140483276695296 output_stream.cpp:105] Opened result file: ./profiles/standalone_attn_decode_2d_1_2048_256_256_128_agent_info.csv
[m[0;33mW20250807 22:43:40.778359 140483276695296 tool.cpp:1902] rocprofv3_error_signal_handler caught signal 11...
[m# ---- Run standalone_attn_decode_3d_1_2048_256_256_128 ----
[0;31mE20250807 22:43:52.478830 139696971523840 output_stream.cpp:105] Opened result file: ./profiles/standalone_attn_decode_3d_1_2048_256_256_128_kernel_trace.csv
[m[0;31mE20250807 22:43:52.485000 139696971523840 output_stream.cpp:105] Opened result file: ./profiles/standalone_attn_decode_3d_1_2048_256_256_128_agent_info.csv
[m[0;33mW20250807 22:43:55.494995 139696971523840 tool.cpp:1902] rocprofv3_error_signal_handler caught signal 11...
[m# ---- Run standalone_attn_decode_2d_1_2048_256_256_160 ----
[0;31mE20250807 22:44:06.913353 140096069998336 output_stream.cpp:105] Opened result file: ./profiles/standalone_attn_decode_2d_1_2048_256_256_160_kernel_trace.csv
[m[0;31mE20250807 22:44:06.919075 140096069998336 output_stream.cpp:105] Opened result file: ./profiles/standalone_attn_decode_2d_1_2048_256_256_160_agent_info.csv
[m[0;33mW20250807 22:44:09.878936 140096069998336 tool.cpp:1902] rocprofv3_error_signal_handler caught signal 11...
[m# ---- Run standalone_attn_decode_3d_1_2048_256_256_160 ----
[0;31mE20250807 22:44:21.647188 139766386444032 output_stream.cpp:105] Opened result file: ./profiles/standalone_attn_decode_3d_1_2048_256_256_160_kernel_trace.csv
[m[0;31mE20250807 22:44:21.653144 139766386444032 output_stream.cpp:105] Opened result file: ./profiles/standalone_attn_decode_3d_1_2048_256_256_160_agent_info.csv
[m[0;33mW20250807 22:44:24.483627 139766386444032 tool.cpp:1902] rocprofv3_error_signal_handler caught signal 11...
[m# ---- Run standalone_attn_decode_2d_1_2048_256_512_64 ----
[0;31mE20250807 22:44:35.992512 140531225929472 output_stream.cpp:105] Opened result file: ./profiles/standalone_attn_decode_2d_1_2048_256_512_64_kernel_trace.csv
[m[0;31mE20250807 22:44:35.998560 140531225929472 output_stream.cpp:105] Opened result file: ./profiles/standalone_attn_decode_2d_1_2048_256_512_64_agent_info.csv
[m[0;33mW20250807 22:44:39.001385 140531225929472 tool.cpp:1902] rocprofv3_error_signal_handler caught signal 11...
[m# ---- Run standalone_attn_decode_3d_1_2048_256_512_64 ----
[0;31mE20250807 22:44:50.789028 140224494192384 output_stream.cpp:105] Opened result file: ./profiles/standalone_attn_decode_3d_1_2048_256_512_64_kernel_trace.csv
[m[0;31mE20250807 22:44:50.794922 140224494192384 output_stream.cpp:105] Opened result file: ./profiles/standalone_attn_decode_3d_1_2048_256_512_64_agent_info.csv
[m[0;33mW20250807 22:44:53.618262 140224494192384 tool.cpp:1902] rocprofv3_error_signal_handler caught signal 11...
[m# ---- Run standalone_attn_decode_2d_1_2048_256_512_128 ----
[0;31mE20250807 22:45:04.983213 140452246152960 output_stream.cpp:105] Opened result file: ./profiles/standalone_attn_decode_2d_1_2048_256_512_128_kernel_trace.csv
[m[0;31mE20250807 22:45:04.989316 140452246152960 output_stream.cpp:105] Opened result file: ./profiles/standalone_attn_decode_2d_1_2048_256_512_128_agent_info.csv
[m[0;33mW20250807 22:45:07.829858 140452246152960 tool.cpp:1902] rocprofv3_error_signal_handler caught signal 11...
[m# ---- Run standalone_attn_decode_3d_1_2048_256_512_128 ----
[0;31mE20250807 22:45:19.435211 140570018625280 output_stream.cpp:105] Opened result file: ./profiles/standalone_attn_decode_3d_1_2048_256_512_128_kernel_trace.csv
[m[0;31mE20250807 22:45:19.441185 140570018625280 output_stream.cpp:105] Opened result file: ./profiles/standalone_attn_decode_3d_1_2048_256_512_128_agent_info.csv
[m[0;33mW20250807 22:45:22.376312 140570018625280 tool.cpp:1902] rocprofv3_error_signal_handler caught signal 11...
[m# ---- Run standalone_attn_decode_2d_1_2048_256_512_160 ----
[0;31mE20250807 22:45:33.722237 139821325469440 output_stream.cpp:105] Opened result file: ./profiles/standalone_attn_decode_2d_1_2048_256_512_160_kernel_trace.csv
[m[0;31mE20250807 22:45:33.728213 139821325469440 output_stream.cpp:105] Opened result file: ./profiles/standalone_attn_decode_2d_1_2048_256_512_160_agent_info.csv
[m[0;33mW20250807 22:45:36.539862 139821325469440 tool.cpp:1902] rocprofv3_error_signal_handler caught signal 11...
[m# ---- Run standalone_attn_decode_3d_1_2048_256_512_160 ----
[0;31mE20250807 22:45:48.211894 139801107609344 output_stream.cpp:105] Opened result file: ./profiles/standalone_attn_decode_3d_1_2048_256_512_160_kernel_trace.csv
[m[0;31mE20250807 22:45:48.217894 139801107609344 output_stream.cpp:105] Opened result file: ./profiles/standalone_attn_decode_3d_1_2048_256_512_160_agent_info.csv
[m[0;33mW20250807 22:45:51.002946 139801107609344 tool.cpp:1902] rocprofv3_error_signal_handler caught signal 11...
[m# ---- Run standalone_attn_decode_2d_1_2048_256_1024_64 ----
[0;31mE20250807 22:46:02.420667 139782111495936 output_stream.cpp:105] Opened result file: ./profiles/standalone_attn_decode_2d_1_2048_256_1024_64_kernel_trace.csv
[m[0;31mE20250807 22:46:02.426683 139782111495936 output_stream.cpp:105] Opened result file: ./profiles/standalone_attn_decode_2d_1_2048_256_1024_64_agent_info.csv
[m[0;33mW20250807 22:46:05.378794 139782111495936 tool.cpp:1902] rocprofv3_error_signal_handler caught signal 11...
[m# ---- Run standalone_attn_decode_3d_1_2048_256_1024_64 ----
[0;31mE20250807 22:46:17.268998 139713560286976 output_stream.cpp:105] Opened result file: ./profiles/standalone_attn_decode_3d_1_2048_256_1024_64_kernel_trace.csv
[m[0;31mE20250807 22:46:17.274840 139713560286976 output_stream.cpp:105] Opened result file: ./profiles/standalone_attn_decode_3d_1_2048_256_1024_64_agent_info.csv
[m[0;33mW20250807 22:46:20.417862 139713560286976 tool.cpp:1902] rocprofv3_error_signal_handler caught signal 11...
[m# ---- Run standalone_attn_decode_2d_1_2048_256_1024_128 ----
[0;31mE20250807 22:46:31.615042 140466731685632 output_stream.cpp:105] Opened result file: ./profiles/standalone_attn_decode_2d_1_2048_256_1024_128_kernel_trace.csv
[m[0;31mE20250807 22:46:31.621025 140466731685632 output_stream.cpp:105] Opened result file: ./profiles/standalone_attn_decode_2d_1_2048_256_1024_128_agent_info.csv
[m[0;33mW20250807 22:46:34.643973 140466731685632 tool.cpp:1902] rocprofv3_error_signal_handler caught signal 11...
[m# ---- Run standalone_attn_decode_3d_1_2048_256_1024_128 ----
[0;31mE20250807 22:46:46.537540 140425953363712 output_stream.cpp:105] Opened result file: ./profiles/standalone_attn_decode_3d_1_2048_256_1024_128_kernel_trace.csv
[m[0;31mE20250807 22:46:46.543216 140425953363712 output_stream.cpp:105] Opened result file: ./profiles/standalone_attn_decode_3d_1_2048_256_1024_128_agent_info.csv
[m[0;33mW20250807 22:46:49.507383 140425953363712 tool.cpp:1902] rocprofv3_error_signal_handler caught signal 11...
[m# ---- Run standalone_attn_decode_2d_1_2048_256_1024_160 ----
[0;31mE20250807 22:47:00.785632 140385930053376 output_stream.cpp:105] Opened result file: ./profiles/standalone_attn_decode_2d_1_2048_256_1024_160_kernel_trace.csv
[m[0;31mE20250807 22:47:00.791723 140385930053376 output_stream.cpp:105] Opened result file: ./profiles/standalone_attn_decode_2d_1_2048_256_1024_160_agent_info.csv
[m[0;33mW20250807 22:47:03.804800 140385930053376 tool.cpp:1902] rocprofv3_error_signal_handler caught signal 11...
[m# ---- Run standalone_attn_decode_3d_1_2048_256_1024_160 ----
[0;31mE20250807 22:47:15.545057 140343226181376 output_stream.cpp:105] Opened result file: ./profiles/standalone_attn_decode_3d_1_2048_256_1024_160_kernel_trace.csv
[m[0;31mE20250807 22:47:15.550926 140343226181376 output_stream.cpp:105] Opened result file: ./profiles/standalone_attn_decode_3d_1_2048_256_1024_160_agent_info.csv
[m[0;33mW20250807 22:47:18.357097 140343226181376 tool.cpp:1902] rocprofv3_error_signal_handler caught signal 11...
[m# ---- Run standalone_attn_decode_2d_1_2048_256_2048_64 ----
[0;31mE20250807 22:47:29.775960 140119056295680 output_stream.cpp:105] Opened result file: ./profiles/standalone_attn_decode_2d_1_2048_256_2048_64_kernel_trace.csv
[m[0;31mE20250807 22:47:29.782048 140119056295680 output_stream.cpp:105] Opened result file: ./profiles/standalone_attn_decode_2d_1_2048_256_2048_64_agent_info.csv
[m[0;33mW20250807 22:47:32.745895 140119056295680 tool.cpp:1902] rocprofv3_error_signal_handler caught signal 11...
[m# ---- Run standalone_attn_decode_3d_1_2048_256_2048_64 ----
[0;31mE20250807 22:47:44.521546 139950193018624 output_stream.cpp:105] Opened result file: ./profiles/standalone_attn_decode_3d_1_2048_256_2048_64_kernel_trace.csv
[m[0;31mE20250807 22:47:44.527275 139950193018624 output_stream.cpp:105] Opened result file: ./profiles/standalone_attn_decode_3d_1_2048_256_2048_64_agent_info.csv
[m[0;33mW20250807 22:47:47.554227 139950193018624 tool.cpp:1902] rocprofv3_error_signal_handler caught signal 11...
[m# ---- Run standalone_attn_decode_2d_1_2048_256_2048_128 ----
[0;31mE20250807 22:47:58.915154 140660060731136 output_stream.cpp:105] Opened result file: ./profiles/standalone_attn_decode_2d_1_2048_256_2048_128_kernel_trace.csv
[m[0;31mE20250807 22:47:58.920912 140660060731136 output_stream.cpp:105] Opened result file: ./profiles/standalone_attn_decode_2d_1_2048_256_2048_128_agent_info.csv
[m[0;33mW20250807 22:48:02.095498 140660060731136 tool.cpp:1902] rocprofv3_error_signal_handler caught signal 11...
[m# ---- Run standalone_attn_decode_3d_1_2048_256_2048_128 ----
[0;31mE20250807 22:48:14.022312 140342428026624 output_stream.cpp:105] Opened result file: ./profiles/standalone_attn_decode_3d_1_2048_256_2048_128_kernel_trace.csv
[m[0;31mE20250807 22:48:14.028241 140342428026624 output_stream.cpp:105] Opened result file: ./profiles/standalone_attn_decode_3d_1_2048_256_2048_128_agent_info.csv
[m[0;33mW20250807 22:48:17.168631 140342428026624 tool.cpp:1902] rocprofv3_error_signal_handler caught signal 11...
[m# ---- Run standalone_attn_decode_2d_1_2048_256_2048_160 ----
[0;31mE20250807 22:48:28.377109 140288050980608 output_stream.cpp:105] Opened result file: ./profiles/standalone_attn_decode_2d_1_2048_256_2048_160_kernel_trace.csv
[m[0;31mE20250807 22:48:28.382798 140288050980608 output_stream.cpp:105] Opened result file: ./profiles/standalone_attn_decode_2d_1_2048_256_2048_160_agent_info.csv
[m[0;33mW20250807 22:48:31.316104 140288050980608 tool.cpp:1902] rocprofv3_error_signal_handler caught signal 11...
[m# ---- Run standalone_attn_decode_3d_1_2048_256_2048_160 ----
[0;31mE20250807 22:48:42.973069 139824326399744 output_stream.cpp:105] Opened result file: ./profiles/standalone_attn_decode_3d_1_2048_256_2048_160_kernel_trace.csv
[m[0;31mE20250807 22:48:42.978887 139824326399744 output_stream.cpp:105] Opened result file: ./profiles/standalone_attn_decode_3d_1_2048_256_2048_160_agent_info.csv
[m[0;33mW20250807 22:48:45.801201 139824326399744 tool.cpp:1902] rocprofv3_error_signal_handler caught signal 11...
[m# ---- Run standalone_attn_decode_2d_1_2048_256_4096_64 ----
[0;31mE20250807 22:48:57.166999 140520754378496 output_stream.cpp:105] Opened result file: ./profiles/standalone_attn_decode_2d_1_2048_256_4096_64_kernel_trace.csv
[m[0;31mE20250807 22:48:57.172858 140520754378496 output_stream.cpp:105] Opened result file: ./profiles/standalone_attn_decode_2d_1_2048_256_4096_64_agent_info.csv
[m[0;33mW20250807 22:49:00.314320 140520754378496 tool.cpp:1902] rocprofv3_error_signal_handler caught signal 11...
[m# ---- Run standalone_attn_decode_3d_1_2048_256_4096_64 ----
[0;31mE20250807 22:49:12.080829 140354189424384 output_stream.cpp:105] Opened result file: ./profiles/standalone_attn_decode_3d_1_2048_256_4096_64_kernel_trace.csv
[m[0;31mE20250807 22:49:12.086510 140354189424384 output_stream.cpp:105] Opened result file: ./profiles/standalone_attn_decode_3d_1_2048_256_4096_64_agent_info.csv
[m[0;33mW20250807 22:49:15.124024 140354189424384 tool.cpp:1902] rocprofv3_error_signal_handler caught signal 11...
[m# ---- Run standalone_attn_decode_2d_1_2048_256_4096_128 ----
[0;31mE20250807 22:49:26.388058 140341264094976 output_stream.cpp:105] Opened result file: ./profiles/standalone_attn_decode_2d_1_2048_256_4096_128_kernel_trace.csv
[m[0;31mE20250807 22:49:26.393925 140341264094976 output_stream.cpp:105] Opened result file: ./profiles/standalone_attn_decode_2d_1_2048_256_4096_128_agent_info.csv
[m[0;33mW20250807 22:49:29.250608 140341264094976 tool.cpp:1902] rocprofv3_error_signal_handler caught signal 11...
[m# ---- Run standalone_attn_decode_3d_1_2048_256_4096_128 ----
[0;31mE20250807 22:49:40.979164 139892442339072 output_stream.cpp:105] Opened result file: ./profiles/standalone_attn_decode_3d_1_2048_256_4096_128_kernel_trace.csv
[m[0;31mE20250807 22:49:40.985069 139892442339072 output_stream.cpp:105] Opened result file: ./profiles/standalone_attn_decode_3d_1_2048_256_4096_128_agent_info.csv
[m[0;33mW20250807 22:49:43.869694 139892442339072 tool.cpp:1902] rocprofv3_error_signal_handler caught signal 11...
[m# ---- Run standalone_attn_decode_2d_1_2048_256_4096_160 ----
[0;31mE20250807 22:49:55.192041 140226654627584 output_stream.cpp:105] Opened result file: ./profiles/standalone_attn_decode_2d_1_2048_256_4096_160_kernel_trace.csv
[m[0;31mE20250807 22:49:55.197921 140226654627584 output_stream.cpp:105] Opened result file: ./profiles/standalone_attn_decode_2d_1_2048_256_4096_160_agent_info.csv
[m[0;33mW20250807 22:49:58.022977 140226654627584 tool.cpp:1902] rocprofv3_error_signal_handler caught signal 11...
[m# ---- Run standalone_attn_decode_3d_1_2048_256_4096_160 ----
[0;31mE20250807 22:50:09.803699 140310414485248 output_stream.cpp:105] Opened result file: ./profiles/standalone_attn_decode_3d_1_2048_256_4096_160_kernel_trace.csv
[m[0;31mE20250807 22:50:09.809523 140310414485248 output_stream.cpp:105] Opened result file: ./profiles/standalone_attn_decode_3d_1_2048_256_4096_160_agent_info.csv
[m[0;33mW20250807 22:50:12.694578 140310414485248 tool.cpp:1902] rocprofv3_error_signal_handler caught signal 11...
[m# ---- Run standalone_attn_decode_2d_1_2048_512_256_64 ----
[0;31mE20250807 22:50:23.855542 139646561986304 output_stream.cpp:105] Opened result file: ./profiles/standalone_attn_decode_2d_1_2048_512_256_64_kernel_trace.csv
[m[0;31mE20250807 22:50:23.861444 139646561986304 output_stream.cpp:105] Opened result file: ./profiles/standalone_attn_decode_2d_1_2048_512_256_64_agent_info.csv
[m[0;33mW20250807 22:50:26.625039 139646561986304 tool.cpp:1902] rocprofv3_error_signal_handler caught signal 11...
[m# ---- Run standalone_attn_decode_3d_1_2048_512_256_64 ----
[0;31mE20250807 22:50:38.392013 140485423204096 output_stream.cpp:105] Opened result file: ./profiles/standalone_attn_decode_3d_1_2048_512_256_64_kernel_trace.csv
[m[0;31mE20250807 22:50:38.397869 140485423204096 output_stream.cpp:105] Opened result file: ./profiles/standalone_attn_decode_3d_1_2048_512_256_64_agent_info.csv
[m[0;33mW20250807 22:50:41.234090 140485423204096 tool.cpp:1902] rocprofv3_error_signal_handler caught signal 11...
[m# ---- Run standalone_attn_decode_2d_1_2048_512_256_128 ----
[0;31mE20250807 22:50:52.689228 140399223817984 output_stream.cpp:105] Opened result file: ./profiles/standalone_attn_decode_2d_1_2048_512_256_128_kernel_trace.csv
[m[0;31mE20250807 22:50:52.695069 140399223817984 output_stream.cpp:105] Opened result file: ./profiles/standalone_attn_decode_2d_1_2048_512_256_128_agent_info.csv
[m[0;33mW20250807 22:50:55.541328 140399223817984 tool.cpp:1902] rocprofv3_error_signal_handler caught signal 11...
[m# ---- Run standalone_attn_decode_3d_1_2048_512_256_128 ----
[0;31mE20250807 22:51:07.160157 139981242324736 output_stream.cpp:105] Opened result file: ./profiles/standalone_attn_decode_3d_1_2048_512_256_128_kernel_trace.csv
[m[0;31mE20250807 22:51:07.166019 139981242324736 output_stream.cpp:105] Opened result file: ./profiles/standalone_attn_decode_3d_1_2048_512_256_128_agent_info.csv
[m[0;33mW20250807 22:51:09.988454 139981242324736 tool.cpp:1902] rocprofv3_error_signal_handler caught signal 11...
[m# ---- Run standalone_attn_decode_2d_1_2048_512_256_160 ----
[0;31mE20250807 22:51:21.280021 140299016439552 output_stream.cpp:105] Opened result file: ./profiles/standalone_attn_decode_2d_1_2048_512_256_160_kernel_trace.csv
[m[0;31mE20250807 22:51:21.285946 140299016439552 output_stream.cpp:105] Opened result file: ./profiles/standalone_attn_decode_2d_1_2048_512_256_160_agent_info.csv
[m[0;33mW20250807 22:51:24.183667 140299016439552 tool.cpp:1902] rocprofv3_error_signal_handler caught signal 11...
[m# ---- Run standalone_attn_decode_3d_1_2048_512_256_160 ----
[0;31mE20250807 22:51:35.756894 140611127260928 output_stream.cpp:105] Opened result file: ./profiles/standalone_attn_decode_3d_1_2048_512_256_160_kernel_trace.csv
[m[0;31mE20250807 22:51:35.762873 140611127260928 output_stream.cpp:105] Opened result file: ./profiles/standalone_attn_decode_3d_1_2048_512_256_160_agent_info.csv
[m[0;33mW20250807 22:51:38.697762 140611127260928 tool.cpp:1902] rocprofv3_error_signal_handler caught signal 11...
[m# ---- Run standalone_attn_decode_2d_1_2048_512_512_64 ----
[0;31mE20250807 22:51:50.130495 139713350956800 output_stream.cpp:105] Opened result file: ./profiles/standalone_attn_decode_2d_1_2048_512_512_64_kernel_trace.csv
[m[0;31mE20250807 22:51:50.136506 139713350956800 output_stream.cpp:105] Opened result file: ./profiles/standalone_attn_decode_2d_1_2048_512_512_64_agent_info.csv
[m[0;33mW20250807 22:51:53.305665 139713350956800 tool.cpp:1902] rocprofv3_error_signal_handler caught signal 11...
[m# ---- Run standalone_attn_decode_3d_1_2048_512_512_64 ----
[0;31mE20250807 22:52:04.962280 139692568499968 output_stream.cpp:105] Opened result file: ./profiles/standalone_attn_decode_3d_1_2048_512_512_64_kernel_trace.csv
[m[0;31mE20250807 22:52:04.968208 139692568499968 output_stream.cpp:105] Opened result file: ./profiles/standalone_attn_decode_3d_1_2048_512_512_64_agent_info.csv
[m[0;33mW20250807 22:52:07.922235 139692568499968 tool.cpp:1902] rocprofv3_error_signal_handler caught signal 11...
[m# ---- Run standalone_attn_decode_2d_1_2048_512_512_128 ----
[0;31mE20250807 22:52:19.435952 139754950768384 output_stream.cpp:105] Opened result file: ./profiles/standalone_attn_decode_2d_1_2048_512_512_128_kernel_trace.csv
[m[0;31mE20250807 22:52:19.441805 139754950768384 output_stream.cpp:105] Opened result file: ./profiles/standalone_attn_decode_2d_1_2048_512_512_128_agent_info.csv
[m[0;33mW20250807 22:52:22.407624 139754950768384 tool.cpp:1902] rocprofv3_error_signal_handler caught signal 11...
[m# ---- Run standalone_attn_decode_3d_1_2048_512_512_128 ----
[0;31mE20250807 22:52:34.193655 140442957686528 output_stream.cpp:105] Opened result file: ./profiles/standalone_attn_decode_3d_1_2048_512_512_128_kernel_trace.csv
[m[0;31mE20250807 22:52:34.199268 140442957686528 output_stream.cpp:105] Opened result file: ./profiles/standalone_attn_decode_3d_1_2048_512_512_128_agent_info.csv
[m[0;33mW20250807 22:52:37.229028 140442957686528 tool.cpp:1902] rocprofv3_error_signal_handler caught signal 11...
[m# ---- Run standalone_attn_decode_2d_1_2048_512_512_160 ----
[0;31mE20250807 22:52:48.455247 140189183207168 output_stream.cpp:105] Opened result file: ./profiles/standalone_attn_decode_2d_1_2048_512_512_160_kernel_trace.csv
[m[0;31mE20250807 22:52:48.461304 140189183207168 output_stream.cpp:105] Opened result file: ./profiles/standalone_attn_decode_2d_1_2048_512_512_160_agent_info.csv
[m[0;33mW20250807 22:52:51.345991 140189183207168 tool.cpp:1902] rocprofv3_error_signal_handler caught signal 11...
[m# ---- Run standalone_attn_decode_3d_1_2048_512_512_160 ----
[0;31mE20250807 22:53:03.087412 140181137553152 output_stream.cpp:105] Opened result file: ./profiles/standalone_attn_decode_3d_1_2048_512_512_160_kernel_trace.csv
[m[0;31mE20250807 22:53:03.093175 140181137553152 output_stream.cpp:105] Opened result file: ./profiles/standalone_attn_decode_3d_1_2048_512_512_160_agent_info.csv
[m[0;33mW20250807 22:53:06.043235 140181137553152 tool.cpp:1902] rocprofv3_error_signal_handler caught signal 11...
[m# ---- Run standalone_attn_decode_2d_1_2048_512_1024_64 ----
[0;31mE20250807 22:53:17.253766 140070885406464 output_stream.cpp:105] Opened result file: ./profiles/standalone_attn_decode_2d_1_2048_512_1024_64_kernel_trace.csv
[m[0;31mE20250807 22:53:17.259526 140070885406464 output_stream.cpp:105] Opened result file: ./profiles/standalone_attn_decode_2d_1_2048_512_1024_64_agent_info.csv
[m[0;33mW20250807 22:53:20.103727 140070885406464 tool.cpp:1902] rocprofv3_error_signal_handler caught signal 11...
[m# ---- Run standalone_attn_decode_3d_1_2048_512_1024_64 ----
[0;31mE20250807 22:53:32.070103 140194684397312 output_stream.cpp:105] Opened result file: ./profiles/standalone_attn_decode_3d_1_2048_512_1024_64_kernel_trace.csv
[m[0;31mE20250807 22:53:32.075915 140194684397312 output_stream.cpp:105] Opened result file: ./profiles/standalone_attn_decode_3d_1_2048_512_1024_64_agent_info.csv
[m[0;33mW20250807 22:53:34.904494 140194684397312 tool.cpp:1902] rocprofv3_error_signal_handler caught signal 11...
[m# ---- Run standalone_attn_decode_2d_1_2048_512_1024_128 ----
[0;31mE20250807 22:53:46.170254 140476061710080 output_stream.cpp:105] Opened result file: ./profiles/standalone_attn_decode_2d_1_2048_512_1024_128_kernel_trace.csv
[m[0;31mE20250807 22:53:46.175961 140476061710080 output_stream.cpp:105] Opened result file: ./profiles/standalone_attn_decode_2d_1_2048_512_1024_128_agent_info.csv
[m[0;33mW20250807 22:53:49.092365 140476061710080 tool.cpp:1902] rocprofv3_error_signal_handler caught signal 11...
[m# ---- Run standalone_attn_decode_3d_1_2048_512_1024_128 ----
[0;31mE20250807 22:54:00.865953 140409711314688 output_stream.cpp:105] Opened result file: ./profiles/standalone_attn_decode_3d_1_2048_512_1024_128_kernel_trace.csv
[m[0;31mE20250807 22:54:00.871916 140409711314688 output_stream.cpp:105] Opened result file: ./profiles/standalone_attn_decode_3d_1_2048_512_1024_128_agent_info.csv
[m[0;33mW20250807 22:54:03.763963 140409711314688 tool.cpp:1902] rocprofv3_error_signal_handler caught signal 11...
[m# ---- Run standalone_attn_decode_2d_1_2048_512_1024_160 ----
[0;31mE20250807 22:54:15.018856 140580204005120 output_stream.cpp:105] Opened result file: ./profiles/standalone_attn_decode_2d_1_2048_512_1024_160_kernel_trace.csv
[m[0;31mE20250807 22:54:15.024606 140580204005120 output_stream.cpp:105] Opened result file: ./profiles/standalone_attn_decode_2d_1_2048_512_1024_160_agent_info.csv
[m[0;33mW20250807 22:54:17.964099 140580204005120 tool.cpp:1902] rocprofv3_error_signal_handler caught signal 11...
[m# ---- Run standalone_attn_decode_3d_1_2048_512_1024_160 ----
[0;31mE20250807 22:54:29.665757 140057407489792 output_stream.cpp:105] Opened result file: ./profiles/standalone_attn_decode_3d_1_2048_512_1024_160_kernel_trace.csv
[m[0;31mE20250807 22:54:29.671711 140057407489792 output_stream.cpp:105] Opened result file: ./profiles/standalone_attn_decode_3d_1_2048_512_1024_160_agent_info.csv
[m[0;33mW20250807 22:54:32.563141 140057407489792 tool.cpp:1902] rocprofv3_error_signal_handler caught signal 11...
[m# ---- Run standalone_attn_decode_2d_1_2048_512_2048_64 ----
[0;31mE20250807 22:54:43.918548 140032126842624 output_stream.cpp:105] Opened result file: ./profiles/standalone_attn_decode_2d_1_2048_512_2048_64_kernel_trace.csv
[m[0;31mE20250807 22:54:43.924407 140032126842624 output_stream.cpp:105] Opened result file: ./profiles/standalone_attn_decode_2d_1_2048_512_2048_64_agent_info.csv
[m[0;33mW20250807 22:54:46.847329 140032126842624 tool.cpp:1902] rocprofv3_error_signal_handler caught signal 11...
[m# ---- Run standalone_attn_decode_3d_1_2048_512_2048_64 ----
[0;31mE20250807 22:54:58.804350 140081513932544 output_stream.cpp:105] Opened result file: ./profiles/standalone_attn_decode_3d_1_2048_512_2048_64_kernel_trace.csv
[m[0;31mE20250807 22:54:58.810193 140081513932544 output_stream.cpp:105] Opened result file: ./profiles/standalone_attn_decode_3d_1_2048_512_2048_64_agent_info.csv
[m[0;33mW20250807 22:55:01.855548 140081513932544 tool.cpp:1902] rocprofv3_error_signal_handler caught signal 11...
[m# ---- Run standalone_attn_decode_2d_1_2048_512_2048_128 ----
[0;31mE20250807 22:55:13.314872 140060427896576 output_stream.cpp:105] Opened result file: ./profiles/standalone_attn_decode_2d_1_2048_512_2048_128_kernel_trace.csv
[m[0;31mE20250807 22:55:13.320807 140060427896576 output_stream.cpp:105] Opened result file: ./profiles/standalone_attn_decode_2d_1_2048_512_2048_128_agent_info.csv
[m[0;33mW20250807 22:55:16.278569 140060427896576 tool.cpp:1902] rocprofv3_error_signal_handler caught signal 11...
[m# ---- Run standalone_attn_decode_3d_1_2048_512_2048_128 ----
[0;31mE20250807 22:55:27.896180 140285223970560 output_stream.cpp:105] Opened result file: ./profiles/standalone_attn_decode_3d_1_2048_512_2048_128_kernel_trace.csv
[m[0;31mE20250807 22:55:27.902026 140285223970560 output_stream.cpp:105] Opened result file: ./profiles/standalone_attn_decode_3d_1_2048_512_2048_128_agent_info.csv
[m[0;33mW20250807 22:55:30.719927 140285223970560 tool.cpp:1902] rocprofv3_error_signal_handler caught signal 11...
[m# ---- Run standalone_attn_decode_2d_1_2048_512_2048_160 ----
[0;31mE20250807 22:55:42.069563 140703485445888 output_stream.cpp:105] Opened result file: ./profiles/standalone_attn_decode_2d_1_2048_512_2048_160_kernel_trace.csv
[m[0;31mE20250807 22:55:42.075574 140703485445888 output_stream.cpp:105] Opened result file: ./profiles/standalone_attn_decode_2d_1_2048_512_2048_160_agent_info.csv
[m[0;33mW20250807 22:55:45.151695 140703485445888 tool.cpp:1902] rocprofv3_error_signal_handler caught signal 11...
[m# ---- Run standalone_attn_decode_3d_1_2048_512_2048_160 ----
[0;31mE20250807 22:55:57.099626 139997754812160 output_stream.cpp:105] Opened result file: ./profiles/standalone_attn_decode_3d_1_2048_512_2048_160_kernel_trace.csv
[m[0;31mE20250807 22:55:57.105584 139997754812160 output_stream.cpp:105] Opened result file: ./profiles/standalone_attn_decode_3d_1_2048_512_2048_160_agent_info.csv
[m[0;33mW20250807 22:55:59.999581 139997754812160 tool.cpp:1902] rocprofv3_error_signal_handler caught signal 11...
[m# ---- Run standalone_attn_decode_2d_1_2048_512_4096_64 ----
[0;31mE20250807 22:56:11.326715 139738329028352 output_stream.cpp:105] Opened result file: ./profiles/standalone_attn_decode_2d_1_2048_512_4096_64_kernel_trace.csv
[m[0;31mE20250807 22:56:11.332637 139738329028352 output_stream.cpp:105] Opened result file: ./profiles/standalone_attn_decode_2d_1_2048_512_4096_64_agent_info.csv
[m[0;33mW20250807 22:56:14.246358 139738329028352 tool.cpp:1902] rocprofv3_error_signal_handler caught signal 11...
[m# ---- Run standalone_attn_decode_3d_1_2048_512_4096_64 ----
[0;31mE20250807 22:56:26.059987 139813519275776 output_stream.cpp:105] Opened result file: ./profiles/standalone_attn_decode_3d_1_2048_512_4096_64_kernel_trace.csv
[m[0;31mE20250807 22:56:26.065869 139813519275776 output_stream.cpp:105] Opened result file: ./profiles/standalone_attn_decode_3d_1_2048_512_4096_64_agent_info.csv
[m[0;33mW20250807 22:56:29.073248 139813519275776 tool.cpp:1902] rocprofv3_error_signal_handler caught signal 11...
[m# ---- Run standalone_attn_decode_2d_1_2048_512_4096_128 ----
[0;31mE20250807 22:56:40.501323 140661790107392 output_stream.cpp:105] Opened result file: ./profiles/standalone_attn_decode_2d_1_2048_512_4096_128_kernel_trace.csv
[m[0;31mE20250807 22:56:40.507212 140661790107392 output_stream.cpp:105] Opened result file: ./profiles/standalone_attn_decode_2d_1_2048_512_4096_128_agent_info.csv
[m[0;33mW20250807 22:56:43.285381 140661790107392 tool.cpp:1902] rocprofv3_error_signal_handler caught signal 11...
[m# ---- Run standalone_attn_decode_3d_1_2048_512_4096_128 ----
[0;31mE20250807 22:56:55.179251 140149958366976 output_stream.cpp:105] Opened result file: ./profiles/standalone_attn_decode_3d_1_2048_512_4096_128_kernel_trace.csv
[m[0;31mE20250807 22:56:55.185129 140149958366976 output_stream.cpp:105] Opened result file: ./profiles/standalone_attn_decode_3d_1_2048_512_4096_128_agent_info.csv
[m[0;33mW20250807 22:56:58.205984 140149958366976 tool.cpp:1902] rocprofv3_error_signal_handler caught signal 11...
[m# ---- Run standalone_attn_decode_2d_1_2048_512_4096_160 ----
[0;31mE20250807 22:57:09.423115 140317279151872 output_stream.cpp:105] Opened result file: ./profiles/standalone_attn_decode_2d_1_2048_512_4096_160_kernel_trace.csv
[m[0;31mE20250807 22:57:09.429086 140317279151872 output_stream.cpp:105] Opened result file: ./profiles/standalone_attn_decode_2d_1_2048_512_4096_160_agent_info.csv
[m[0;33mW20250807 22:57:12.381888 140317279151872 tool.cpp:1902] rocprofv3_error_signal_handler caught signal 11...
[m# ---- Run standalone_attn_decode_3d_1_2048_512_4096_160 ----
[0;31mE20250807 22:57:24.277262 140599483844352 output_stream.cpp:105] Opened result file: ./profiles/standalone_attn_decode_3d_1_2048_512_4096_160_kernel_trace.csv
[m[0;31mE20250807 22:57:24.283016 140599483844352 output_stream.cpp:105] Opened result file: ./profiles/standalone_attn_decode_3d_1_2048_512_4096_160_agent_info.csv
[m[0;33mW20250807 22:57:27.213365 140599483844352 tool.cpp:1902] rocprofv3_error_signal_handler caught signal 11...
[m# ---- Run standalone_attn_decode_decode_isolation_1_2048_nan ----
INFO 08-10 09:32:53 [__init__.py:244] Automatically detected platform rocm.
[0;31mE20250810 09:33:16.397786 140210167838464 output_stream.cpp:105] Opened result file: ./profiles/standalone_attn_decode_decode_isolation_1_2048_nan_kernel_trace.csv
[m[0;31mE20250810 09:33:16.405474 140210167838464 output_stream.cpp:105] Opened result file: ./profiles/standalone_attn_decode_decode_isolation_1_2048_nan_agent_info.csv
[m# ---- Run standalone_attn_decode_decode_isolation_1_2048_32 ----
INFO 08-10 09:33:35 [__init__.py:244] Automatically detected platform rocm.
[0;31mE20250810 09:33:56.690962 140538410481408 output_stream.cpp:105] Opened result file: ./profiles/standalone_attn_decode_decode_isolation_1_2048_32_kernel_trace.csv
[m[0;31mE20250810 09:33:56.698417 140538410481408 output_stream.cpp:105] Opened result file: ./profiles/standalone_attn_decode_decode_isolation_1_2048_32_agent_info.csv
[m[0;33mW20250810 09:34:06.178178 140538410481408 tool.cpp:1902] rocprofv3_error_signal_handler caught signal 11...
[m# ---- Run standalone_attn_decode_decode_isolation_1_2048_64 ----
INFO 08-10 09:34:14 [__init__.py:244] Automatically detected platform rocm.
[0;31mE20250810 09:34:34.181843 140266318092032 output_stream.cpp:105] Opened result file: ./profiles/standalone_attn_decode_decode_isolation_1_2048_64_kernel_trace.csv
[m[0;31mE20250810 09:34:34.188344 140266318092032 output_stream.cpp:105] Opened result file: ./profiles/standalone_attn_decode_decode_isolation_1_2048_64_agent_info.csv
[m[0;33mW20250810 09:34:43.605767 140266318092032 tool.cpp:1902] rocprofv3_error_signal_handler caught signal 11...
[m# ---- Run standalone_attn_decode_decode_isolation_1_2048_96 ----
INFO 08-10 09:34:51 [__init__.py:244] Automatically detected platform rocm.
[0;31mE20250810 09:35:11.589471 139744894461696 output_stream.cpp:105] Opened result file: ./profiles/standalone_attn_decode_decode_isolation_1_2048_96_kernel_trace.csv
[m[0;31mE20250810 09:35:11.596573 139744894461696 output_stream.cpp:105] Opened result file: ./profiles/standalone_attn_decode_decode_isolation_1_2048_96_agent_info.csv
[m[0;33mW20250810 09:35:21.150669 139744894461696 tool.cpp:1902] rocprofv3_error_signal_handler caught signal 11...
[m# ---- Run standalone_attn_decode_decode_isolation_1_2048_128 ----
INFO 08-10 09:35:29 [__init__.py:244] Automatically detected platform rocm.
[0;31mE20250810 09:35:48.480712 140142715811584 output_stream.cpp:105] Opened result file: ./profiles/standalone_attn_decode_decode_isolation_1_2048_128_kernel_trace.csv
[m[0;31mE20250810 09:35:48.487324 140142715811584 output_stream.cpp:105] Opened result file: ./profiles/standalone_attn_decode_decode_isolation_1_2048_128_agent_info.csv
[m[0;33mW20250810 09:35:58.122676 140142715811584 tool.cpp:1902] rocprofv3_error_signal_handler caught signal 11...
[m# ---- Run standalone_attn_decode_decode_isolation_1_2048_160 ----
INFO 08-10 09:36:06 [__init__.py:244] Automatically detected platform rocm.
[0;31mE20250810 09:36:26.558111 140458527368960 output_stream.cpp:105] Opened result file: ./profiles/standalone_attn_decode_decode_isolation_1_2048_160_kernel_trace.csv
[m[0;31mE20250810 09:36:26.566234 140458527368960 output_stream.cpp:105] Opened result file: ./profiles/standalone_attn_decode_decode_isolation_1_2048_160_agent_info.csv
[m[0;33mW20250810 09:36:36.370336 140458527368960 tool.cpp:1902] rocprofv3_error_signal_handler caught signal 11...
[m# ---- Run standalone_attn_decode_decode_isolation_8_2048_nan ----
INFO 08-10 09:36:46 [__init__.py:244] Automatically detected platform rocm.
[0;31mE20250810 09:37:07.637375 140265346610944 output_stream.cpp:105] Opened result file: ./profiles/standalone_attn_decode_decode_isolation_8_2048_nan_kernel_trace.csv
[m[0;31mE20250810 09:37:07.645306 140265346610944 output_stream.cpp:105] Opened result file: ./profiles/standalone_attn_decode_decode_isolation_8_2048_nan_agent_info.csv
[m# ---- Run standalone_attn_decode_decode_isolation_8_2048_32 ----
INFO 08-10 09:37:25 [__init__.py:244] Automatically detected platform rocm.
[0;31mE20250810 09:37:45.582351 140036395280128 output_stream.cpp:105] Opened result file: ./profiles/standalone_attn_decode_decode_isolation_8_2048_32_kernel_trace.csv
[m[0;31mE20250810 09:37:45.589330 140036395280128 output_stream.cpp:105] Opened result file: ./profiles/standalone_attn_decode_decode_isolation_8_2048_32_agent_info.csv
[m[0;33mW20250810 09:37:55.406620 140036395280128 tool.cpp:1902] rocprofv3_error_signal_handler caught signal 11...
[m# ---- Run standalone_attn_decode_decode_isolation_8_2048_64 ----
INFO 08-10 09:38:03 [__init__.py:244] Automatically detected platform rocm.
[0;31mE20250810 09:38:23.463807 140579455076096 output_stream.cpp:105] Opened result file: ./profiles/standalone_attn_decode_decode_isolation_8_2048_64_kernel_trace.csv
[m[0;31mE20250810 09:38:23.470738 140579455076096 output_stream.cpp:105] Opened result file: ./profiles/standalone_attn_decode_decode_isolation_8_2048_64_agent_info.csv
[m[0;33mW20250810 09:38:33.161682 140579455076096 tool.cpp:1902] rocprofv3_error_signal_handler caught signal 11...
[m# ---- Run standalone_attn_decode_decode_isolation_8_2048_96 ----
INFO 08-10 09:38:41 [__init__.py:244] Automatically detected platform rocm.
[0;31mE20250810 09:39:01.945459 139837948118784 output_stream.cpp:105] Opened result file: ./profiles/standalone_attn_decode_decode_isolation_8_2048_96_kernel_trace.csv
[m[0;31mE20250810 09:39:01.952896 139837948118784 output_stream.cpp:105] Opened result file: ./profiles/standalone_attn_decode_decode_isolation_8_2048_96_agent_info.csv
[m[0;33mW20250810 09:39:11.246914 139837948118784 tool.cpp:1902] rocprofv3_error_signal_handler caught signal 11...
[m# ---- Run standalone_attn_decode_decode_isolation_8_2048_128 ----
INFO 08-10 09:39:19 [__init__.py:244] Automatically detected platform rocm.
[0;31mE20250810 09:39:40.378830 140526539831040 output_stream.cpp:105] Opened result file: ./profiles/standalone_attn_decode_decode_isolation_8_2048_128_kernel_trace.csv
[m[0;31mE20250810 09:39:40.385720 140526539831040 output_stream.cpp:105] Opened result file: ./profiles/standalone_attn_decode_decode_isolation_8_2048_128_agent_info.csv
[m[0;33mW20250810 09:39:49.545356 140526539831040 tool.cpp:1902] rocprofv3_error_signal_handler caught signal 11...
[m# ---- Run standalone_attn_decode_decode_isolation_16_2048_nan ----
INFO 08-10 09:41:38 [__init__.py:244] Automatically detected platform rocm.
[0;31mE20250810 09:41:59.386844 139892038731520 output_stream.cpp:105] Opened result file: ./profiles/standalone_attn_decode_decode_isolation_16_2048_nan_kernel_trace.csv
[m[0;31mE20250810 09:41:59.393706 139892038731520 output_stream.cpp:105] Opened result file: ./profiles/standalone_attn_decode_decode_isolation_16_2048_nan_agent_info.csv
[m# ---- Run standalone_attn_decode_decode_isolation_16_2048_32 ----
INFO 08-10 09:42:20 [__init__.py:244] Automatically detected platform rocm.
[0;31mE20250810 09:42:39.719274 140158990829312 output_stream.cpp:105] Opened result file: ./profiles/standalone_attn_decode_decode_isolation_16_2048_32_kernel_trace.csv
[m[0;31mE20250810 09:42:39.727218 140158990829312 output_stream.cpp:105] Opened result file: ./profiles/standalone_attn_decode_decode_isolation_16_2048_32_agent_info.csv
[m[0;33mW20250810 09:42:48.909807 140158990829312 tool.cpp:1902] rocprofv3_error_signal_handler caught signal 11...
[m# ---- Run standalone_attn_decode_decode_isolation_16_2048_64 ----
INFO 08-10 09:42:57 [__init__.py:244] Automatically detected platform rocm.
[0;31mE20250810 09:43:16.180643 140141960840960 output_stream.cpp:105] Opened result file: ./profiles/standalone_attn_decode_decode_isolation_16_2048_64_kernel_trace.csv
[m[0;31mE20250810 09:43:16.188160 140141960840960 output_stream.cpp:105] Opened result file: ./profiles/standalone_attn_decode_decode_isolation_16_2048_64_agent_info.csv
[m[0;33mW20250810 09:43:25.844572 140141960840960 tool.cpp:1902] rocprofv3_error_signal_handler caught signal 11...
[m# ---- Run standalone_attn_decode_decode_isolation_16_2048_96 ----
INFO 08-10 09:43:34 [__init__.py:244] Automatically detected platform rocm.
[0;31mE20250810 09:43:52.233679 139636993976064 output_stream.cpp:105] Opened result file: ./profiles/standalone_attn_decode_decode_isolation_16_2048_96_kernel_trace.csv
[m[0;31mE20250810 09:43:52.241163 139636993976064 output_stream.cpp:105] Opened result file: ./profiles/standalone_attn_decode_decode_isolation_16_2048_96_agent_info.csv
[m[0;33mW20250810 09:44:01.378121 139636993976064 tool.cpp:1902] rocprofv3_error_signal_handler caught signal 11...
[m# ---- Run standalone_attn_decode_decode_isolation_16_2048_nan ----
INFO 08-10 09:46:05 [__init__.py:244] Automatically detected platform rocm.
[0;31mE20250810 09:46:26.993893 140661215328000 output_stream.cpp:105] Opened result file: ./profiles/standalone_attn_decode_decode_isolation_16_2048_nan_kernel_trace.csv
[m[0;31mE20250810 09:46:27.001067 140661215328000 output_stream.cpp:105] Opened result file: ./profiles/standalone_attn_decode_decode_isolation_16_2048_nan_agent_info.csv
[m# ---- Run standalone_attn_decode_decode_isolation_16_2048_32 ----
INFO 08-10 09:46:45 [__init__.py:244] Automatically detected platform rocm.
[0;31mE20250810 09:47:05.569650 139840386467584 output_stream.cpp:105] Opened result file: ./profiles/standalone_attn_decode_decode_isolation_16_2048_32_kernel_trace.csv
[m[0;31mE20250810 09:47:05.577028 139840386467584 output_stream.cpp:105] Opened result file: ./profiles/standalone_attn_decode_decode_isolation_16_2048_32_agent_info.csv
[m[0;33mW20250810 09:47:15.476148 139840386467584 tool.cpp:1902] rocprofv3_error_signal_handler caught signal 11...
[m# ---- Run standalone_attn_decode_decode_isolation_16_2048_64 ----
INFO 08-10 09:47:24 [__init__.py:244] Automatically detected platform rocm.
[0;31mE20250810 09:47:43.558768 139858886260480 output_stream.cpp:105] Opened result file: ./profiles/standalone_attn_decode_decode_isolation_16_2048_64_kernel_trace.csv
[m[0;31mE20250810 09:47:43.565691 139858886260480 output_stream.cpp:105] Opened result file: ./profiles/standalone_attn_decode_decode_isolation_16_2048_64_agent_info.csv
[m[0;33mW20250810 09:47:52.781615 139858886260480 tool.cpp:1902] rocprofv3_error_signal_handler caught signal 11...
[m# ---- Run standalone_attn_decode_decode_isolation_16_2048_96 ----
INFO 08-10 09:48:01 [__init__.py:244] Automatically detected platform rocm.
[0;31mE20250810 09:48:19.992210 140704478996224 output_stream.cpp:105] Opened result file: ./profiles/standalone_attn_decode_decode_isolation_16_2048_96_kernel_trace.csv
[m[0;31mE20250810 09:48:19.999424 140704478996224 output_stream.cpp:105] Opened result file: ./profiles/standalone_attn_decode_decode_isolation_16_2048_96_agent_info.csv
[m[0;33mW20250810 09:48:28.847108 140704478996224 tool.cpp:1902] rocprofv3_error_signal_handler caught signal 11...
[m# ---- Run standalone_attn_decode_decode_isolation_16_2048_128 ----
INFO 08-10 09:48:37 [__init__.py:244] Automatically detected platform rocm.
[0;31mE20250810 09:48:56.655096 139832117008128 output_stream.cpp:105] Opened result file: ./profiles/standalone_attn_decode_decode_isolation_16_2048_128_kernel_trace.csv
[m[0;31mE20250810 09:48:56.662137 139832117008128 output_stream.cpp:105] Opened result file: ./profiles/standalone_attn_decode_decode_isolation_16_2048_128_agent_info.csv
[m[0;33mW20250810 09:49:05.944281 139832117008128 tool.cpp:1902] rocprofv3_error_signal_handler caught signal 11...
[m# ---- Run standalone_attn_decode_decode_isolation_16_2048_160 ----
INFO 08-10 09:49:14 [__init__.py:244] Automatically detected platform rocm.
[0;31mE20250810 09:49:32.695527 139849029785344 output_stream.cpp:105] Opened result file: ./profiles/standalone_attn_decode_decode_isolation_16_2048_160_kernel_trace.csv
[m[0;31mE20250810 09:49:32.703081 139849029785344 output_stream.cpp:105] Opened result file: ./profiles/standalone_attn_decode_decode_isolation_16_2048_160_agent_info.csv
[m[0;33mW20250810 09:49:42.307551 139849029785344 tool.cpp:1902] rocprofv3_error_signal_handler caught signal 11...
[m# ---- Run standalone_attn_decode_decode_isolation_32_2048_nan ----
INFO 08-10 09:49:50 [__init__.py:244] Automatically detected platform rocm.
[0;31mE20250810 09:50:09.359005 140593017943808 output_stream.cpp:105] Opened result file: ./profiles/standalone_attn_decode_decode_isolation_32_2048_nan_kernel_trace.csv
[m[0;31mE20250810 09:50:09.365807 140593017943808 output_stream.cpp:105] Opened result file: ./profiles/standalone_attn_decode_decode_isolation_32_2048_nan_agent_info.csv
[m# ---- Run standalone_attn_decode_decode_isolation_32_2048_32 ----
INFO 08-10 09:50:28 [__init__.py:244] Automatically detected platform rocm.
[0;31mE20250810 09:50:46.550552 140558176216832 output_stream.cpp:105] Opened result file: ./profiles/standalone_attn_decode_decode_isolation_32_2048_32_kernel_trace.csv
[m[0;31mE20250810 09:50:46.558490 140558176216832 output_stream.cpp:105] Opened result file: ./profiles/standalone_attn_decode_decode_isolation_32_2048_32_agent_info.csv
[m[0;33mW20250810 09:50:56.239081 140558176216832 tool.cpp:1902] rocprofv3_error_signal_handler caught signal 11...
[m# ---- Run standalone_attn_decode_decode_isolation_32_2048_64 ----
INFO 08-10 09:51:05 [__init__.py:244] Automatically detected platform rocm.
[0;31mE20250810 09:51:23.612280 139779412424448 output_stream.cpp:105] Opened result file: ./profiles/standalone_attn_decode_decode_isolation_32_2048_64_kernel_trace.csv
[m[0;31mE20250810 09:51:23.618935 139779412424448 output_stream.cpp:105] Opened result file: ./profiles/standalone_attn_decode_decode_isolation_32_2048_64_agent_info.csv
[m[0;33mW20250810 09:51:32.792573 139779412424448 tool.cpp:1902] rocprofv3_error_signal_handler caught signal 11...
[m# ---- Run standalone_attn_decode_decode_isolation_32_2048_96 ----
INFO 08-10 09:51:39 [__init__.py:244] Automatically detected platform rocm.
[0;31mE20250810 09:51:57.082672 140573511059200 output_stream.cpp:105] Opened result file: ./profiles/standalone_attn_decode_decode_isolation_32_2048_96_kernel_trace.csv
[m[0;31mE20250810 09:51:57.089622 140573511059200 output_stream.cpp:105] Opened result file: ./profiles/standalone_attn_decode_decode_isolation_32_2048_96_agent_info.csv
[m[0;33mW20250810 09:52:06.091415 140573511059200 tool.cpp:1902] rocprofv3_error_signal_handler caught signal 11...
[m# ---- Run standalone_attn_decode_decode_isolation_32_2048_128 ----
INFO 08-10 09:52:12 [__init__.py:244] Automatically detected platform rocm.
[0;31mE20250810 09:52:30.205225 140368888493824 output_stream.cpp:105] Opened result file: ./profiles/standalone_attn_decode_decode_isolation_32_2048_128_kernel_trace.csv
[m[0;31mE20250810 09:52:30.212103 140368888493824 output_stream.cpp:105] Opened result file: ./profiles/standalone_attn_decode_decode_isolation_32_2048_128_agent_info.csv
[m[0;33mW20250810 09:52:39.697844 140368888493824 tool.cpp:1902] rocprofv3_error_signal_handler caught signal 11...
[m# ---- Run standalone_attn_decode_decode_isolation_32_2048_160 ----
INFO 08-10 09:52:46 [__init__.py:244] Automatically detected platform rocm.
[0;31mE20250810 09:53:06.507343 140628135843584 output_stream.cpp:105] Opened result file: ./profiles/standalone_attn_decode_decode_isolation_32_2048_160_kernel_trace.csv
[m[0;31mE20250810 09:53:06.515339 140628135843584 output_stream.cpp:105] Opened result file: ./profiles/standalone_attn_decode_decode_isolation_32_2048_160_agent_info.csv
[m[0;33mW20250810 09:53:15.712073 140628135843584 tool.cpp:1902] rocprofv3_error_signal_handler caught signal 11...
[m# ---- Run standalone_attn_decode_decode_isolation_64_2048_nan ----
INFO 08-10 09:53:24 [__init__.py:244] Automatically detected platform rocm.
[0;31mE20250810 09:53:43.851492 139904867006208 output_stream.cpp:105] Opened result file: ./profiles/standalone_attn_decode_decode_isolation_64_2048_nan_kernel_trace.csv
[m[0;31mE20250810 09:53:43.858436 139904867006208 output_stream.cpp:105] Opened result file: ./profiles/standalone_attn_decode_decode_isolation_64_2048_nan_agent_info.csv
[m# ---- Run standalone_attn_decode_decode_isolation_64_2048_32 ----
INFO 08-10 09:54:02 [__init__.py:244] Automatically detected platform rocm.
[0;31mE20250810 09:54:21.182517 139753693599488 output_stream.cpp:105] Opened result file: ./profiles/standalone_attn_decode_decode_isolation_64_2048_32_kernel_trace.csv
[m[0;31mE20250810 09:54:21.190272 139753693599488 output_stream.cpp:105] Opened result file: ./profiles/standalone_attn_decode_decode_isolation_64_2048_32_agent_info.csv
[m[0;33mW20250810 09:54:30.533768 139753693599488 tool.cpp:1902] rocprofv3_error_signal_handler caught signal 11...
[m# ---- Run standalone_attn_decode_decode_isolation_64_2048_64 ----
INFO 08-10 09:54:39 [__init__.py:244] Automatically detected platform rocm.
[0;31mE20250810 09:54:57.763759 140667187861248 output_stream.cpp:105] Opened result file: ./profiles/standalone_attn_decode_decode_isolation_64_2048_64_kernel_trace.csv
[m[0;31mE20250810 09:54:57.771319 140667187861248 output_stream.cpp:105] Opened result file: ./profiles/standalone_attn_decode_decode_isolation_64_2048_64_agent_info.csv
[m[0;33mW20250810 09:55:07.587189 140667187861248 tool.cpp:1902] rocprofv3_error_signal_handler caught signal 11...
[m# ---- Run standalone_attn_decode_decode_isolation_64_2048_96 ----
INFO 08-10 09:55:16 [__init__.py:244] Automatically detected platform rocm.
[0;31mE20250810 09:55:35.702240 140424663975680 output_stream.cpp:105] Opened result file: ./profiles/standalone_attn_decode_decode_isolation_64_2048_96_kernel_trace.csv
[m[0;31mE20250810 09:55:35.709071 140424663975680 output_stream.cpp:105] Opened result file: ./profiles/standalone_attn_decode_decode_isolation_64_2048_96_agent_info.csv
[m[0;33mW20250810 09:55:44.902846 140424663975680 tool.cpp:1902] rocprofv3_error_signal_handler caught signal 11...
[m# ---- Run standalone_attn_decode_decode_isolation_64_2048_128 ----
INFO 08-10 09:55:53 [__init__.py:244] Automatically detected platform rocm.
[0;31mE20250810 09:56:12.435054 140324857919232 output_stream.cpp:105] Opened result file: ./profiles/standalone_attn_decode_decode_isolation_64_2048_128_kernel_trace.csv
[m[0;31mE20250810 09:56:12.442924 140324857919232 output_stream.cpp:105] Opened result file: ./profiles/standalone_attn_decode_decode_isolation_64_2048_128_agent_info.csv
[m[0;33mW20250810 09:56:21.690771 140324857919232 tool.cpp:1902] rocprofv3_error_signal_handler caught signal 11...
[m# ---- Run standalone_attn_decode_decode_isolation_64_2048_160 ----
INFO 08-10 09:56:29 [__init__.py:244] Automatically detected platform rocm.
[0;31mE20250810 09:56:46.344906 139998178715392 output_stream.cpp:105] Opened result file: ./profiles/standalone_attn_decode_decode_isolation_64_2048_160_kernel_trace.csv
[m[0;31mE20250810 09:56:46.352256 139998178715392 output_stream.cpp:105] Opened result file: ./profiles/standalone_attn_decode_decode_isolation_64_2048_160_agent_info.csv
[m[0;33mW20250810 09:56:55.489793 139998178715392 tool.cpp:1902] rocprofv3_error_signal_handler caught signal 11...
[m# ---- Run standalone_attn_decode_decode_isolation_128_2048_nan ----
INFO 08-10 09:57:03 [__init__.py:244] Automatically detected platform rocm.
[0;31mE20250810 09:57:20.562840 139911432906496 output_stream.cpp:105] Opened result file: ./profiles/standalone_attn_decode_decode_isolation_128_2048_nan_kernel_trace.csv
[m[0;31mE20250810 09:57:20.570279 139911432906496 output_stream.cpp:105] Opened result file: ./profiles/standalone_attn_decode_decode_isolation_128_2048_nan_agent_info.csv
[m# ---- Run standalone_attn_decode_decode_isolation_128_2048_32 ----
INFO 08-10 09:57:37 [__init__.py:244] Automatically detected platform rocm.
[0;31mE20250810 09:57:54.560566 139720386045696 output_stream.cpp:105] Opened result file: ./profiles/standalone_attn_decode_decode_isolation_128_2048_32_kernel_trace.csv
[m[0;31mE20250810 09:57:54.567827 139720386045696 output_stream.cpp:105] Opened result file: ./profiles/standalone_attn_decode_decode_isolation_128_2048_32_agent_info.csv
[m[0;33mW20250810 09:58:03.736924 139720386045696 tool.cpp:1902] rocprofv3_error_signal_handler caught signal 11...
[m# ---- Run standalone_attn_decode_decode_isolation_128_2048_64 ----
INFO 08-10 09:58:11 [__init__.py:244] Automatically detected platform rocm.
[0;31mE20250810 09:58:28.581474 140226724206336 output_stream.cpp:105] Opened result file: ./profiles/standalone_attn_decode_decode_isolation_128_2048_64_kernel_trace.csv
[m[0;31mE20250810 09:58:28.588962 140226724206336 output_stream.cpp:105] Opened result file: ./profiles/standalone_attn_decode_decode_isolation_128_2048_64_agent_info.csv
[m[0;33mW20250810 09:58:37.739714 140226724206336 tool.cpp:1902] rocprofv3_error_signal_handler caught signal 11...
[m# ---- Run standalone_attn_decode_decode_isolation_128_2048_96 ----
INFO 08-10 09:58:45 [__init__.py:244] Automatically detected platform rocm.
[0;31mE20250810 09:59:02.303296 139974081013504 output_stream.cpp:105] Opened result file: ./profiles/standalone_attn_decode_decode_isolation_128_2048_96_kernel_trace.csv
[m[0;31mE20250810 09:59:02.310607 139974081013504 output_stream.cpp:105] Opened result file: ./profiles/standalone_attn_decode_decode_isolation_128_2048_96_agent_info.csv
[m[0;33mW20250810 09:59:11.979225 139974081013504 tool.cpp:1902] rocprofv3_error_signal_handler caught signal 11...
[m# ---- Run standalone_attn_decode_decode_isolation_128_2048_128 ----
INFO 08-10 09:59:19 [__init__.py:244] Automatically detected platform rocm.
[0;31mE20250810 09:59:36.602642 140353022940928 output_stream.cpp:105] Opened result file: ./profiles/standalone_attn_decode_decode_isolation_128_2048_128_kernel_trace.csv
[m[0;31mE20250810 09:59:36.609924 140353022940928 output_stream.cpp:105] Opened result file: ./profiles/standalone_attn_decode_decode_isolation_128_2048_128_agent_info.csv
[m[0;33mW20250810 09:59:46.229887 140353022940928 tool.cpp:1902] rocprofv3_error_signal_handler caught signal 11...
[m# ---- Run standalone_attn_decode_decode_isolation_128_2048_160 ----
INFO 08-10 09:59:53 [__init__.py:244] Automatically detected platform rocm.
[0;31mE20250810 10:00:11.138296 140249103554304 output_stream.cpp:105] Opened result file: ./profiles/standalone_attn_decode_decode_isolation_128_2048_160_kernel_trace.csv
[m[0;31mE20250810 10:00:11.145814 140249103554304 output_stream.cpp:105] Opened result file: ./profiles/standalone_attn_decode_decode_isolation_128_2048_160_agent_info.csv
[m[0;33mW20250810 10:00:20.807947 140249103554304 tool.cpp:1902] rocprofv3_error_signal_handler caught signal 11...
[m# ---- Run standalone_attn_decode_decode_isolation_16_256_nan ----
INFO 08-10 10:12:24 [__init__.py:244] Automatically detected platform rocm.
[0;31mE20250810 10:12:40.598816 140685213710080 output_stream.cpp:105] Opened result file: ./profiles/standalone_attn_decode_decode_isolation_16_256_nan_kernel_trace.csv
[m[0;31mE20250810 10:12:40.605316 140685213710080 output_stream.cpp:105] Opened result file: ./profiles/standalone_attn_decode_decode_isolation_16_256_nan_agent_info.csv
[m# ---- Run standalone_attn_decode_decode_isolation_16_256_32 ----
INFO 08-10 10:12:58 [__init__.py:244] Automatically detected platform rocm.
[0;31mE20250810 10:13:16.635935 139940905391872 output_stream.cpp:105] Opened result file: ./profiles/standalone_attn_decode_decode_isolation_16_256_32_kernel_trace.csv
[m[0;31mE20250810 10:13:16.643685 139940905391872 output_stream.cpp:105] Opened result file: ./profiles/standalone_attn_decode_decode_isolation_16_256_32_agent_info.csv
[m[0;33mW20250810 10:13:26.182727 139940905391872 tool.cpp:1902] rocprofv3_error_signal_handler caught signal 11...
[m# ---- Run standalone_attn_decode_decode_isolation_16_256_64 ----
INFO 08-10 10:13:32 [__init__.py:244] Automatically detected platform rocm.
[0;31mE20250810 10:13:47.213694 140145871755008 output_stream.cpp:105] Opened result file: ./profiles/standalone_attn_decode_decode_isolation_16_256_64_kernel_trace.csv
[m[0;31mE20250810 10:13:47.219787 140145871755008 output_stream.cpp:105] Opened result file: ./profiles/standalone_attn_decode_decode_isolation_16_256_64_agent_info.csv
[m[0;33mW20250810 10:13:56.696393 140145871755008 tool.cpp:1902] rocprofv3_error_signal_handler caught signal 11...
[m# ---- Run standalone_attn_decode_decode_isolation_16_256_96 ----
INFO 08-10 10:14:04 [__init__.py:244] Automatically detected platform rocm.
[0;31mE20250810 10:14:22.356726 139720727099136 output_stream.cpp:105] Opened result file: ./profiles/standalone_attn_decode_decode_isolation_16_256_96_kernel_trace.csv
[m[0;31mE20250810 10:14:22.363605 139720727099136 output_stream.cpp:105] Opened result file: ./profiles/standalone_attn_decode_decode_isolation_16_256_96_agent_info.csv
[m[0;33mW20250810 10:14:31.535877 139720727099136 tool.cpp:1902] rocprofv3_error_signal_handler caught signal 11...
[m# ---- Run standalone_attn_decode_decode_isolation_16_256_128 ----
INFO 08-10 10:14:39 [__init__.py:244] Automatically detected platform rocm.
[0;31mE20250810 10:14:55.838954 140236970903296 output_stream.cpp:105] Opened result file: ./profiles/standalone_attn_decode_decode_isolation_16_256_128_kernel_trace.csv
[m[0;31mE20250810 10:14:55.845626 140236970903296 output_stream.cpp:105] Opened result file: ./profiles/standalone_attn_decode_decode_isolation_16_256_128_agent_info.csv
[m[0;33mW20250810 10:15:05.167247 140236970903296 tool.cpp:1902] rocprofv3_error_signal_handler caught signal 11...
[m# ---- Run standalone_attn_decode_decode_isolation_16_256_160 ----
INFO 08-10 10:15:11 [__init__.py:244] Automatically detected platform rocm.
[0;31mE20250810 10:15:28.384340 140675690161920 output_stream.cpp:105] Opened result file: ./profiles/standalone_attn_decode_decode_isolation_16_256_160_kernel_trace.csv
[m[0;31mE20250810 10:15:28.392098 140675690161920 output_stream.cpp:105] Opened result file: ./profiles/standalone_attn_decode_decode_isolation_16_256_160_agent_info.csv
[m[0;33mW20250810 10:15:37.967393 140675690161920 tool.cpp:1902] rocprofv3_error_signal_handler caught signal 11...
[m# ---- Run standalone_attn_decode_decode_isolation_16_512_nan ----
INFO 08-10 10:15:46 [__init__.py:244] Automatically detected platform rocm.
[0;31mE20250810 10:16:04.264659 140467929093888 output_stream.cpp:105] Opened result file: ./profiles/standalone_attn_decode_decode_isolation_16_512_nan_kernel_trace.csv
[m[0;31mE20250810 10:16:04.271334 140467929093888 output_stream.cpp:105] Opened result file: ./profiles/standalone_attn_decode_decode_isolation_16_512_nan_agent_info.csv
[m# ---- Run standalone_attn_decode_decode_isolation_16_512_32 ----
INFO 08-10 10:16:21 [__init__.py:244] Automatically detected platform rocm.
[0;31mE20250810 10:16:38.333931 140400094627584 output_stream.cpp:105] Opened result file: ./profiles/standalone_attn_decode_decode_isolation_16_512_32_kernel_trace.csv
[m[0;31mE20250810 10:16:38.341032 140400094627584 output_stream.cpp:105] Opened result file: ./profiles/standalone_attn_decode_decode_isolation_16_512_32_agent_info.csv
[m[0;33mW20250810 10:16:48.304340 140400094627584 tool.cpp:1902] rocprofv3_error_signal_handler caught signal 11...
[m# ---- Run standalone_attn_decode_decode_isolation_16_512_64 ----
INFO 08-10 10:16:55 [__init__.py:244] Automatically detected platform rocm.
[0;31mE20250810 10:17:11.359832 139770060338944 output_stream.cpp:105] Opened result file: ./profiles/standalone_attn_decode_decode_isolation_16_512_64_kernel_trace.csv
[m[0;31mE20250810 10:17:11.365714 139770060338944 output_stream.cpp:105] Opened result file: ./profiles/standalone_attn_decode_decode_isolation_16_512_64_agent_info.csv
[m[0;33mW20250810 10:17:21.139913 139770060338944 tool.cpp:1902] rocprofv3_error_signal_handler caught signal 11...
[m# ---- Run standalone_attn_decode_decode_isolation_16_512_96 ----
INFO 08-10 10:17:28 [__init__.py:244] Automatically detected platform rocm.
[0;31mE20250810 10:17:45.585378 140540419208960 output_stream.cpp:105] Opened result file: ./profiles/standalone_attn_decode_decode_isolation_16_512_96_kernel_trace.csv
[m[0;31mE20250810 10:17:45.592098 140540419208960 output_stream.cpp:105] Opened result file: ./profiles/standalone_attn_decode_decode_isolation_16_512_96_agent_info.csv
[m[0;33mW20250810 10:17:54.776878 140540419208960 tool.cpp:1902] rocprofv3_error_signal_handler caught signal 11...
[m# ---- Run standalone_attn_decode_decode_isolation_16_512_128 ----
INFO 08-10 10:18:02 [__init__.py:244] Automatically detected platform rocm.
[0;31mE20250810 10:18:20.029992 139898070050560 output_stream.cpp:105] Opened result file: ./profiles/standalone_attn_decode_decode_isolation_16_512_128_kernel_trace.csv
[m[0;31mE20250810 10:18:20.037048 139898070050560 output_stream.cpp:105] Opened result file: ./profiles/standalone_attn_decode_decode_isolation_16_512_128_agent_info.csv
[m[0;33mW20250810 10:18:29.721619 139898070050560 tool.cpp:1902] rocprofv3_error_signal_handler caught signal 11...
[m# ---- Run standalone_attn_decode_decode_isolation_16_512_160 ----
INFO 08-10 10:18:37 [__init__.py:244] Automatically detected platform rocm.
[0;31mE20250810 10:18:56.416726 140283570697984 output_stream.cpp:105] Opened result file: ./profiles/standalone_attn_decode_decode_isolation_16_512_160_kernel_trace.csv
[m[0;31mE20250810 10:18:56.424105 140283570697984 output_stream.cpp:105] Opened result file: ./profiles/standalone_attn_decode_decode_isolation_16_512_160_agent_info.csv
[m[0;33mW20250810 10:19:05.624538 140283570697984 tool.cpp:1902] rocprofv3_error_signal_handler caught signal 11...
[m# ---- Run standalone_attn_decode_decode_isolation_16_1024_nan ----
INFO 08-10 10:19:14 [__init__.py:244] Automatically detected platform rocm.
[0;31mE20250810 10:19:31.376043 140542891763456 output_stream.cpp:105] Opened result file: ./profiles/standalone_attn_decode_decode_isolation_16_1024_nan_kernel_trace.csv
[m[0;31mE20250810 10:19:31.382928 140542891763456 output_stream.cpp:105] Opened result file: ./profiles/standalone_attn_decode_decode_isolation_16_1024_nan_agent_info.csv
[m# ---- Run standalone_attn_decode_decode_isolation_16_1024_32 ----
INFO 08-10 10:19:49 [__init__.py:244] Automatically detected platform rocm.
[0;31mE20250810 10:20:06.843540 140332384052992 output_stream.cpp:105] Opened result file: ./profiles/standalone_attn_decode_decode_isolation_16_1024_32_kernel_trace.csv
[m[0;31mE20250810 10:20:06.851344 140332384052992 output_stream.cpp:105] Opened result file: ./profiles/standalone_attn_decode_decode_isolation_16_1024_32_agent_info.csv
[m[0;33mW20250810 10:20:16.087332 140332384052992 tool.cpp:1902] rocprofv3_error_signal_handler caught signal 11...
[m# ---- Run standalone_attn_decode_decode_isolation_16_1024_64 ----
INFO 08-10 10:20:25 [__init__.py:244] Automatically detected platform rocm.
[0;31mE20250810 10:20:45.555262 140540343277312 output_stream.cpp:105] Opened result file: ./profiles/standalone_attn_decode_decode_isolation_16_1024_64_kernel_trace.csv
[m[0;31mE20250810 10:20:45.562231 140540343277312 output_stream.cpp:105] Opened result file: ./profiles/standalone_attn_decode_decode_isolation_16_1024_64_agent_info.csv
[m[0;33mW20250810 10:20:54.929366 140540343277312 tool.cpp:1902] rocprofv3_error_signal_handler caught signal 11...
[m# ---- Run standalone_attn_decode_decode_isolation_16_1024_96 ----
INFO 08-10 10:21:03 [__init__.py:244] Automatically detected platform rocm.
[0;31mE20250810 10:21:20.483036 139683145799424 output_stream.cpp:105] Opened result file: ./profiles/standalone_attn_decode_decode_isolation_16_1024_96_kernel_trace.csv
[m[0;31mE20250810 10:21:20.490197 139683145799424 output_stream.cpp:105] Opened result file: ./profiles/standalone_attn_decode_decode_isolation_16_1024_96_agent_info.csv
[m[0;33mW20250810 10:21:29.974818 139683145799424 tool.cpp:1902] rocprofv3_error_signal_handler caught signal 11...
[m# ---- Run standalone_attn_prefill_and_decode_interference_1_512_1_2048nan ----
INFO 08-10 10:21:32 [__init__.py:244] Automatically detected platform rocm.
No masking
[0;31mE20250810 10:21:54.731428 139698754471680 output_stream.cpp:105] Opened result file: ./profiles/standalone_attn_prefill_and_decode_interference_1_512_1_2048nan_kernel_trace.csv
[m[0;31mE20250810 10:21:54.738207 139698754471680 output_stream.cpp:105] Opened result file: ./profiles/standalone_attn_prefill_and_decode_interference_1_512_1_2048nan_agent_info.csv
[m# ---- Run standalone_attn_decode_decode_isolation_16_1024_128 ----
INFO 08-10 10:21:38 [__init__.py:244] Automatically detected platform rocm.
[0;31mE20250810 10:21:57.206429 140551338317568 output_stream.cpp:105] Opened result file: ./profiles/standalone_attn_decode_decode_isolation_16_1024_128_kernel_trace.csv
[m[0;31mE20250810 10:21:57.213424 140551338317568 output_stream.cpp:105] Opened result file: ./profiles/standalone_attn_decode_decode_isolation_16_1024_128_agent_info.csv
[m[0;33mW20250810 10:22:06.260995 140551338317568 tool.cpp:1902] rocprofv3_error_signal_handler caught signal 11...
[m# ---- Run standalone_attn_decode_decode_isolation_16_1024_160 ----
INFO 08-10 10:22:14 [__init__.py:244] Automatically detected platform rocm.
[0;31mE20250810 10:22:32.091928 140322419767040 output_stream.cpp:105] Opened result file: ./profiles/standalone_attn_decode_decode_isolation_16_1024_160_kernel_trace.csv
[m[0;31mE20250810 10:22:32.098992 140322419767040 output_stream.cpp:105] Opened result file: ./profiles/standalone_attn_decode_decode_isolation_16_1024_160_agent_info.csv
[m[0;33mW20250810 10:22:41.130875 140322419767040 tool.cpp:1902] rocprofv3_error_signal_handler caught signal 11...
[m# ---- Run standalone_attn_prefill_and_decode_interference_1_512_1_204832 ----
INFO 08-10 10:22:12 [__init__.py:244] Automatically detected platform rocm.
[0;31mE20250810 10:22:32.660766 139710644266752 output_stream.cpp:105] Opened result file: ./profiles/standalone_attn_prefill_and_decode_interference_1_512_1_204832_kernel_trace.csv
[m[0;31mE20250810 10:22:32.666803 139710644266752 output_stream.cpp:105] Opened result file: ./profiles/standalone_attn_prefill_and_decode_interference_1_512_1_204832_agent_info.csv
[m[0;33mW20250810 10:22:41.971561 139710644266752 tool.cpp:1902] rocprofv3_error_signal_handler caught signal 11...
[m# ---- Run standalone_attn_decode_decode_isolation_16_2048_nan ----
INFO 08-10 10:22:47 [__init__.py:244] Automatically detected platform rocm.
[0;31mE20250810 10:23:06.117325 140101115070208 output_stream.cpp:105] Opened result file: ./profiles/standalone_attn_decode_decode_isolation_16_2048_nan_kernel_trace.csv
[m[0;31mE20250810 10:23:06.124952 140101115070208 output_stream.cpp:105] Opened result file: ./profiles/standalone_attn_decode_decode_isolation_16_2048_nan_agent_info.csv
[m# ---- Run standalone_attn_prefill_and_decode_interference_1_512_1_204864 ----
INFO 08-10 10:22:48 [__init__.py:244] Automatically detected platform rocm.
[0;31mE20250810 10:23:11.988783 139693913990912 output_stream.cpp:105] Opened result file: ./profiles/standalone_attn_prefill_and_decode_interference_1_512_1_204864_kernel_trace.csv
[m[0;31mE20250810 10:23:11.996400 139693913990912 output_stream.cpp:105] Opened result file: ./profiles/standalone_attn_prefill_and_decode_interference_1_512_1_204864_agent_info.csv
[m[0;33mW20250810 10:23:21.342123 139693913990912 tool.cpp:1902] rocprofv3_error_signal_handler caught signal 11...
[m# ---- Run standalone_attn_decode_decode_isolation_16_2048_32 ----
INFO 08-10 10:23:23 [__init__.py:244] Automatically detected platform rocm.
[0;31mE20250810 10:23:42.088855 139804169889536 output_stream.cpp:105] Opened result file: ./profiles/standalone_attn_decode_decode_isolation_16_2048_32_kernel_trace.csv
[m[0;31mE20250810 10:23:42.096845 139804169889536 output_stream.cpp:105] Opened result file: ./profiles/standalone_attn_decode_decode_isolation_16_2048_32_agent_info.csv
[m[0;33mW20250810 10:23:51.027826 139804169889536 tool.cpp:1902] rocprofv3_error_signal_handler caught signal 11...
[m# ---- Run standalone_attn_prefill_and_decode_interference_1_512_1_204896 ----
INFO 08-10 10:23:29 [__init__.py:244] Automatically detected platform rocm.
[0;31mE20250810 10:23:53.618112 140376613512960 output_stream.cpp:105] Opened result file: ./profiles/standalone_attn_prefill_and_decode_interference_1_512_1_204896_kernel_trace.csv
[m[0;31mE20250810 10:23:53.626098 140376613512960 output_stream.cpp:105] Opened result file: ./profiles/standalone_attn_prefill_and_decode_interference_1_512_1_204896_agent_info.csv
[m[0;33mW20250810 10:24:03.258160 140376613512960 tool.cpp:1902] rocprofv3_error_signal_handler caught signal 11...
[m# ---- Run standalone_attn_decode_decode_isolation_16_2048_64 ----
INFO 08-10 10:23:59 [__init__.py:244] Automatically detected platform rocm.
[0;31mE20250810 10:24:17.227474 140203198031616 output_stream.cpp:105] Opened result file: ./profiles/standalone_attn_decode_decode_isolation_16_2048_64_kernel_trace.csv
[m[0;31mE20250810 10:24:17.235512 140203198031616 output_stream.cpp:105] Opened result file: ./profiles/standalone_attn_decode_decode_isolation_16_2048_64_agent_info.csv
[m[0;33mW20250810 10:24:26.749227 140203198031616 tool.cpp:1902] rocprofv3_error_signal_handler caught signal 11...
[m# ---- Run standalone_attn_prefill_and_decode_interference_1_512_1_2048128 ----
INFO 08-10 10:24:13 [__init__.py:244] Automatically detected platform rocm.
[0;31mE20250810 10:24:37.646221 140416778786560 output_stream.cpp:105] Opened result file: ./profiles/standalone_attn_prefill_and_decode_interference_1_512_1_2048128_kernel_trace.csv
[m[0;31mE20250810 10:24:37.654207 140416778786560 output_stream.cpp:105] Opened result file: ./profiles/standalone_attn_prefill_and_decode_interference_1_512_1_2048128_agent_info.csv
[m[0;33mW20250810 10:24:46.965283 140416778786560 tool.cpp:1902] rocprofv3_error_signal_handler caught signal 11...
[m# ---- Run standalone_attn_decode_decode_isolation_16_2048_96 ----
INFO 08-10 10:24:35 [__init__.py:244] Automatically detected platform rocm.
[0;31mE20250810 10:24:52.650561 139883732195072 output_stream.cpp:105] Opened result file: ./profiles/standalone_attn_decode_decode_isolation_16_2048_96_kernel_trace.csv
[m[0;31mE20250810 10:24:52.658758 139883732195072 output_stream.cpp:105] Opened result file: ./profiles/standalone_attn_decode_decode_isolation_16_2048_96_agent_info.csv
[m[0;33mW20250810 10:25:01.823058 139883732195072 tool.cpp:1902] rocprofv3_error_signal_handler caught signal 11...
[m# ---- Run standalone_attn_prefill_and_decode_interference_1_512_1_2048160 ----
INFO 08-10 10:24:53 [__init__.py:244] Automatically detected platform rocm.
[0;31mE20250810 10:25:15.615623 140657070098176 output_stream.cpp:105] Opened result file: ./profiles/standalone_attn_prefill_and_decode_interference_1_512_1_2048160_kernel_trace.csv
[m[0;31mE20250810 10:25:15.622859 140657070098176 output_stream.cpp:105] Opened result file: ./profiles/standalone_attn_prefill_and_decode_interference_1_512_1_2048160_agent_info.csv
[m[0;33mW20250810 10:25:25.116199 140657070098176 tool.cpp:1902] rocprofv3_error_signal_handler caught signal 11...
[m# ---- Run standalone_attn_decode_decode_isolation_16_2048_128 ----
INFO 08-10 10:25:10 [__init__.py:244] Automatically detected platform rocm.
[0;31mE20250810 10:25:27.510885 140319541417728 output_stream.cpp:105] Opened result file: ./profiles/standalone_attn_decode_decode_isolation_16_2048_128_kernel_trace.csv
[m[0;31mE20250810 10:25:27.519103 140319541417728 output_stream.cpp:105] Opened result file: ./profiles/standalone_attn_decode_decode_isolation_16_2048_128_agent_info.csv
[m[0;33mW20250810 10:25:36.840890 140319541417728 tool.cpp:1902] rocprofv3_error_signal_handler caught signal 11...
[m# ---- Run standalone_attn_prefill_and_decode_interference_1_512_8_2048nan ----
INFO 08-10 10:25:33 [__init__.py:244] Automatically detected platform rocm.
No masking
[0;31mE20250810 10:25:55.502536 140607264679680 output_stream.cpp:105] Opened result file: ./profiles/standalone_attn_prefill_and_decode_interference_1_512_8_2048nan_kernel_trace.csv
[m[0;31mE20250810 10:25:55.509551 140607264679680 output_stream.cpp:105] Opened result file: ./profiles/standalone_attn_prefill_and_decode_interference_1_512_8_2048nan_agent_info.csv
[m# ---- Run standalone_attn_decode_decode_isolation_16_2048_160 ----
INFO 08-10 10:25:44 [__init__.py:244] Automatically detected platform rocm.
[0;31mE20250810 10:26:02.328306 139944462001920 output_stream.cpp:105] Opened result file: ./profiles/standalone_attn_decode_decode_isolation_16_2048_160_kernel_trace.csv
[m[0;31mE20250810 10:26:02.336216 139944462001920 output_stream.cpp:105] Opened result file: ./profiles/standalone_attn_decode_decode_isolation_16_2048_160_agent_info.csv
[m[0;33mW20250810 10:26:11.722645 139944462001920 tool.cpp:1902] rocprofv3_error_signal_handler caught signal 11...
[m# ---- Run standalone_attn_prefill_and_decode_interference_1_512_8_204832 ----
INFO 08-10 10:26:13 [__init__.py:244] Automatically detected platform rocm.
[0;31mE20250810 10:26:34.822627 139766262081280 output_stream.cpp:105] Opened result file: ./profiles/standalone_attn_prefill_and_decode_interference_1_512_8_204832_kernel_trace.csv
[m[0;31mE20250810 10:26:34.829682 139766262081280 output_stream.cpp:105] Opened result file: ./profiles/standalone_attn_prefill_and_decode_interference_1_512_8_204832_agent_info.csv
[m[0;33mW20250810 10:26:44.590671 139766262081280 tool.cpp:1902] rocprofv3_error_signal_handler caught signal 11...
[m# ---- Run standalone_attn_decode_decode_isolation_16_4096_nan ----
INFO 08-10 10:26:19 [__init__.py:244] Automatically detected platform rocm.
[0;31mE20250810 10:26:37.351428 140536029587200 output_stream.cpp:105] Opened result file: ./profiles/standalone_attn_decode_decode_isolation_16_4096_nan_kernel_trace.csv
[m[0;31mE20250810 10:26:37.358401 140536029587200 output_stream.cpp:105] Opened result file: ./profiles/standalone_attn_decode_decode_isolation_16_4096_nan_agent_info.csv
[m# ---- Run standalone_attn_decode_decode_isolation_16_4096_32 ----
INFO 08-10 10:26:54 [__init__.py:244] Automatically detected platform rocm.
[0;31mE20250810 10:27:12.135092 139724112783104 output_stream.cpp:105] Opened result file: ./profiles/standalone_attn_decode_decode_isolation_16_4096_32_kernel_trace.csv
[m[0;31mE20250810 10:27:12.141897 139724112783104 output_stream.cpp:105] Opened result file: ./profiles/standalone_attn_decode_decode_isolation_16_4096_32_agent_info.csv
[m[0;33mW20250810 10:27:21.331500 139724112783104 tool.cpp:1902] rocprofv3_error_signal_handler caught signal 11...
[m# ---- Run standalone_attn_prefill_and_decode_interference_1_512_8_204864 ----
INFO 08-10 10:26:52 [__init__.py:244] Automatically detected platform rocm.
[0;31mE20250810 10:27:15.156719 139702147168000 output_stream.cpp:105] Opened result file: ./profiles/standalone_attn_prefill_and_decode_interference_1_512_8_204864_kernel_trace.csv
[m[0;31mE20250810 10:27:15.163691 139702147168000 output_stream.cpp:105] Opened result file: ./profiles/standalone_attn_prefill_and_decode_interference_1_512_8_204864_agent_info.csv
[m[0;33mW20250810 10:27:25.051956 139702147168000 tool.cpp:1902] rocprofv3_error_signal_handler caught signal 11...
[m# ---- Run standalone_attn_decode_decode_isolation_16_4096_64 ----
INFO 08-10 10:27:29 [__init__.py:244] Automatically detected platform rocm.
[0;31mE20250810 10:27:46.484914 140457854985984 output_stream.cpp:105] Opened result file: ./profiles/standalone_attn_decode_decode_isolation_16_4096_64_kernel_trace.csv
[m[0;31mE20250810 10:27:46.491523 140457854985984 output_stream.cpp:105] Opened result file: ./profiles/standalone_attn_decode_decode_isolation_16_4096_64_agent_info.csv
[m[0;33mW20250810 10:27:55.742392 140457854985984 tool.cpp:1902] rocprofv3_error_signal_handler caught signal 11...
[m# ---- Run standalone_attn_prefill_and_decode_interference_1_512_8_204896 ----
INFO 08-10 10:27:33 [__init__.py:244] Automatically detected platform rocm.
[0;31mE20250810 10:27:55.095741 140173337585408 output_stream.cpp:105] Opened result file: ./profiles/standalone_attn_prefill_and_decode_interference_1_512_8_204896_kernel_trace.csv
[m[0;31mE20250810 10:27:55.102992 140173337585408 output_stream.cpp:105] Opened result file: ./profiles/standalone_attn_prefill_and_decode_interference_1_512_8_204896_agent_info.csv
[m[0;33mW20250810 10:28:04.110663 140173337585408 tool.cpp:1902] rocprofv3_error_signal_handler caught signal 11...
[m# ---- Run standalone_attn_decode_decode_isolation_16_4096_96 ----
INFO 08-10 10:28:03 [__init__.py:244] Automatically detected platform rocm.
[0;31mE20250810 10:28:21.309933 139922970007296 output_stream.cpp:105] Opened result file: ./profiles/standalone_attn_decode_decode_isolation_16_4096_96_kernel_trace.csv
[m[0;31mE20250810 10:28:21.316933 139922970007296 output_stream.cpp:105] Opened result file: ./profiles/standalone_attn_decode_decode_isolation_16_4096_96_agent_info.csv
[m[0;33mW20250810 10:28:31.189905 139922970007296 tool.cpp:1902] rocprofv3_error_signal_handler caught signal 11...
[m# ---- Run standalone_attn_prefill_and_decode_interference_1_512_8_2048128 ----
INFO 08-10 10:28:12 [__init__.py:244] Automatically detected platform rocm.
[0;31mE20250810 10:28:34.312998 140555379980032 output_stream.cpp:105] Opened result file: ./profiles/standalone_attn_prefill_and_decode_interference_1_512_8_2048128_kernel_trace.csv
[m[0;31mE20250810 10:28:34.321007 140555379980032 output_stream.cpp:105] Opened result file: ./profiles/standalone_attn_prefill_and_decode_interference_1_512_8_2048128_agent_info.csv
[m[0;33mW20250810 10:28:44.227045 140555379980032 tool.cpp:1902] rocprofv3_error_signal_handler caught signal 11...
[m# ---- Run standalone_attn_decode_decode_isolation_16_4096_128 ----
INFO 08-10 10:28:39 [__init__.py:244] Automatically detected platform rocm.
[0;31mE20250810 10:28:57.120810 140274811275008 output_stream.cpp:105] Opened result file: ./profiles/standalone_attn_decode_decode_isolation_16_4096_128_kernel_trace.csv
[m[0;31mE20250810 10:28:57.128590 140274811275008 output_stream.cpp:105] Opened result file: ./profiles/standalone_attn_decode_decode_isolation_16_4096_128_agent_info.csv
[m[0;33mW20250810 10:29:06.630623 140274811275008 tool.cpp:1902] rocprofv3_error_signal_handler caught signal 11...
[m# ---- Run standalone_attn_prefill_and_decode_interference_1_512_8_2048160 ----
INFO 08-10 10:28:52 [__init__.py:244] Automatically detected platform rocm.
[0;31mE20250810 10:29:14.370758 139855833982720 output_stream.cpp:105] Opened result file: ./profiles/standalone_attn_prefill_and_decode_interference_1_512_8_2048160_kernel_trace.csv
[m[0;31mE20250810 10:29:14.378481 139855833982720 output_stream.cpp:105] Opened result file: ./profiles/standalone_attn_prefill_and_decode_interference_1_512_8_2048160_agent_info.csv
[m[0;33mW20250810 10:29:23.801906 139855833982720 tool.cpp:1902] rocprofv3_error_signal_handler caught signal 11...
[m# ---- Run standalone_attn_decode_decode_isolation_16_4096_160 ----
INFO 08-10 10:29:14 [__init__.py:244] Automatically detected platform rocm.
[0;31mE20250810 10:29:31.994258 140284106102528 output_stream.cpp:105] Opened result file: ./profiles/standalone_attn_decode_decode_isolation_16_4096_160_kernel_trace.csv
[m[0;31mE20250810 10:29:32.001596 140284106102528 output_stream.cpp:105] Opened result file: ./profiles/standalone_attn_decode_decode_isolation_16_4096_160_agent_info.csv
[m[0;33mW20250810 10:29:41.142466 140284106102528 tool.cpp:1902] rocprofv3_error_signal_handler caught signal 11...
[m# ---- Run standalone_attn_prefill_and_decode_interference_1_512_16_2048nan ----
INFO 08-10 10:29:31 [__init__.py:244] Automatically detected platform rocm.
No masking
[0;31mE20250810 10:29:50.787370 140714536892160 output_stream.cpp:105] Opened result file: ./profiles/standalone_attn_prefill_and_decode_interference_1_512_16_2048nan_kernel_trace.csv
[m[0;31mE20250810 10:29:50.794667 140714536892160 output_stream.cpp:105] Opened result file: ./profiles/standalone_attn_prefill_and_decode_interference_1_512_16_2048nan_agent_info.csv
[m# ---- Run standalone_attn_decode_decode_isolation_16_8192_nan ----
INFO 08-10 10:29:49 [__init__.py:244] Automatically detected platform rocm.
[0;31mE20250810 10:30:06.519082 140501231146752 output_stream.cpp:105] Opened result file: ./profiles/standalone_attn_decode_decode_isolation_16_8192_nan_kernel_trace.csv
[m[0;31mE20250810 10:30:06.526499 140501231146752 output_stream.cpp:105] Opened result file: ./profiles/standalone_attn_decode_decode_isolation_16_8192_nan_agent_info.csv
[m# ---- Run standalone_attn_prefill_and_decode_interference_1_512_16_204832 ----
INFO 08-10 10:30:08 [__init__.py:244] Automatically detected platform rocm.
[0;31mE20250810 10:30:29.092237 140053693294336 output_stream.cpp:105] Opened result file: ./profiles/standalone_attn_prefill_and_decode_interference_1_512_16_204832_kernel_trace.csv
[m[0;31mE20250810 10:30:29.099596 140053693294336 output_stream.cpp:105] Opened result file: ./profiles/standalone_attn_prefill_and_decode_interference_1_512_16_204832_agent_info.csv
[m[0;33mW20250810 10:30:38.497694 140053693294336 tool.cpp:1902] rocprofv3_error_signal_handler caught signal 11...
[m# ---- Run standalone_attn_decode_decode_isolation_16_8192_32 ----
INFO 08-10 10:30:23 [__init__.py:244] Automatically detected platform rocm.
[0;31mE20250810 10:30:41.621742 139705312761600 output_stream.cpp:105] Opened result file: ./profiles/standalone_attn_decode_decode_isolation_16_8192_32_kernel_trace.csv
[m[0;31mE20250810 10:30:41.629752 139705312761600 output_stream.cpp:105] Opened result file: ./profiles/standalone_attn_decode_decode_isolation_16_8192_32_agent_info.csv
[m[0;33mW20250810 10:30:51.135603 139705312761600 tool.cpp:1902] rocprofv3_error_signal_handler caught signal 11...
[m# ---- Run standalone_attn_prefill_and_decode_interference_1_512_16_204864 ----
INFO 08-10 10:30:46 [__init__.py:244] Automatically detected platform rocm.
[0;31mE20250810 10:31:05.823974 139656626276096 output_stream.cpp:105] Opened result file: ./profiles/standalone_attn_prefill_and_decode_interference_1_512_16_204864_kernel_trace.csv
[m[0;31mE20250810 10:31:05.831572 139656626276096 output_stream.cpp:105] Opened result file: ./profiles/standalone_attn_prefill_and_decode_interference_1_512_16_204864_agent_info.csv
[m[0;33mW20250810 10:31:15.260069 139656626276096 tool.cpp:1902] rocprofv3_error_signal_handler caught signal 11...
[m# ---- Run standalone_attn_decode_decode_isolation_16_8192_64 ----
INFO 08-10 10:30:59 [__init__.py:244] Automatically detected platform rocm.
[0;31mE20250810 10:31:17.560897 140336402343680 output_stream.cpp:105] Opened result file: ./profiles/standalone_attn_decode_decode_isolation_16_8192_64_kernel_trace.csv
[m[0;31mE20250810 10:31:17.568822 140336402343680 output_stream.cpp:105] Opened result file: ./profiles/standalone_attn_decode_decode_isolation_16_8192_64_agent_info.csv
[m[0;33mW20250810 10:31:27.041367 140336402343680 tool.cpp:1902] rocprofv3_error_signal_handler caught signal 11...
[m# ---- Run standalone_attn_prefill_and_decode_interference_1_512_16_204896 ----
INFO 08-10 10:31:23 [__init__.py:244] Automatically detected platform rocm.
[0;31mE20250810 10:31:42.705189 140545697793792 output_stream.cpp:105] Opened result file: ./profiles/standalone_attn_prefill_and_decode_interference_1_512_16_204896_kernel_trace.csv
[m[0;31mE20250810 10:31:42.712733 140545697793792 output_stream.cpp:105] Opened result file: ./profiles/standalone_attn_prefill_and_decode_interference_1_512_16_204896_agent_info.csv
[m[0;33mW20250810 10:31:52.214403 140545697793792 tool.cpp:1902] rocprofv3_error_signal_handler caught signal 11...
[m# ---- Run standalone_attn_decode_decode_isolation_16_8192_96 ----
INFO 08-10 10:31:35 [__init__.py:244] Automatically detected platform rocm.
[0;31mE20250810 10:31:53.074617 140439531153152 output_stream.cpp:105] Opened result file: ./profiles/standalone_attn_decode_decode_isolation_16_8192_96_kernel_trace.csv
[m[0;31mE20250810 10:31:53.082626 140439531153152 output_stream.cpp:105] Opened result file: ./profiles/standalone_attn_decode_decode_isolation_16_8192_96_agent_info.csv
[m[0;33mW20250810 10:32:02.573212 140439531153152 tool.cpp:1902] rocprofv3_error_signal_handler caught signal 11...
[m# ---- Run standalone_attn_prefill_and_decode_interference_1_512_16_2048128 ----
INFO 08-10 10:32:00 [__init__.py:244] Automatically detected platform rocm.
[0;31mE20250810 10:32:23.263376 139810748806912 output_stream.cpp:105] Opened result file: ./profiles/standalone_attn_prefill_and_decode_interference_1_512_16_2048128_kernel_trace.csv
[m[0;31mE20250810 10:32:23.271090 139810748806912 output_stream.cpp:105] Opened result file: ./profiles/standalone_attn_prefill_and_decode_interference_1_512_16_2048128_agent_info.csv
[m[0;33mW20250810 10:32:32.642117 139810748806912 tool.cpp:1902] rocprofv3_error_signal_handler caught signal 11...
[m# ---- Run standalone_attn_decode_decode_isolation_16_8192_128 ----
INFO 08-10 10:32:11 [__init__.py:244] Automatically detected platform rocm.
[0;31mE20250810 10:32:29.854951 140012031776512 output_stream.cpp:105] Opened result file: ./profiles/standalone_attn_decode_decode_isolation_16_8192_128_kernel_trace.csv
[m[0;31mE20250810 10:32:29.862475 140012031776512 output_stream.cpp:105] Opened result file: ./profiles/standalone_attn_decode_decode_isolation_16_8192_128_agent_info.csv
[m[0;33mW20250810 10:32:39.564406 140012031776512 tool.cpp:1902] rocprofv3_error_signal_handler caught signal 11...
[m# ---- Run standalone_attn_prefill_and_decode_interference_1_512_16_2048160 ----
INFO 08-10 10:32:42 [__init__.py:244] Automatically detected platform rocm.
[0;31mE20250810 10:33:04.662941 140494045099776 output_stream.cpp:105] Opened result file: ./profiles/standalone_attn_prefill_and_decode_interference_1_512_16_2048160_kernel_trace.csv
[m[0;31mE20250810 10:33:04.670686 140494045099776 output_stream.cpp:105] Opened result file: ./profiles/standalone_attn_prefill_and_decode_interference_1_512_16_2048160_agent_info.csv
[m[0;33mW20250810 10:33:14.004800 140494045099776 tool.cpp:1902] rocprofv3_error_signal_handler caught signal 11...
[m# ---- Run standalone_attn_decode_decode_isolation_16_8192_160 ----
INFO 08-10 10:32:48 [__init__.py:244] Automatically detected platform rocm.
[0;31mE20250810 10:33:06.770764 140456411379456 output_stream.cpp:105] Opened result file: ./profiles/standalone_attn_decode_decode_isolation_16_8192_160_kernel_trace.csv
[m[0;31mE20250810 10:33:06.778327 140456411379456 output_stream.cpp:105] Opened result file: ./profiles/standalone_attn_decode_decode_isolation_16_8192_160_agent_info.csv
[m[0;33mW20250810 10:33:16.308671 140456411379456 tool.cpp:1902] rocprofv3_error_signal_handler caught signal 11...
[m# ---- Run standalone_attn_prefill_and_decode_interference_1_512_32_2048nan ----
INFO 08-10 10:33:21 [__init__.py:244] Automatically detected platform rocm.
No masking
[0;31mE20250810 10:33:42.452652 140397959587584 output_stream.cpp:105] Opened result file: ./profiles/standalone_attn_prefill_and_decode_interference_1_512_32_2048nan_kernel_trace.csv
[m[0;31mE20250810 10:33:42.460088 140397959587584 output_stream.cpp:105] Opened result file: ./profiles/standalone_attn_prefill_and_decode_interference_1_512_32_2048nan_agent_info.csv
[m# ---- Run standalone_attn_decode_decode_isolation_16_16384_nan ----
INFO 08-10 10:33:24 [__init__.py:244] Automatically detected platform rocm.
[0;31mE20250810 10:33:43.322518 140038178612992 output_stream.cpp:105] Opened result file: ./profiles/standalone_attn_decode_decode_isolation_16_16384_nan_kernel_trace.csv
[m[0;31mE20250810 10:33:43.329722 140038178612992 output_stream.cpp:105] Opened result file: ./profiles/standalone_attn_decode_decode_isolation_16_16384_nan_agent_info.csv
[m# ---- Run standalone_attn_decode_decode_isolation_16_16384_32 ----
INFO 08-10 10:34:00 [__init__.py:244] Automatically detected platform rocm.
[0;31mE20250810 10:34:20.104700 140239089673984 output_stream.cpp:105] Opened result file: ./profiles/standalone_attn_decode_decode_isolation_16_16384_32_kernel_trace.csv
[m[0;31mE20250810 10:34:20.111945 140239089673984 output_stream.cpp:105] Opened result file: ./profiles/standalone_attn_decode_decode_isolation_16_16384_32_agent_info.csv
[m[0;33mW20250810 10:34:29.296537 140239089673984 tool.cpp:1902] rocprofv3_error_signal_handler caught signal 11...
[m# ---- Run standalone_attn_prefill_and_decode_interference_1_512_32_204832 ----
INFO 08-10 10:33:59 [__init__.py:244] Automatically detected platform rocm.
[0;31mE20250810 10:34:20.585352 140624879920896 output_stream.cpp:105] Opened result file: ./profiles/standalone_attn_prefill_and_decode_interference_1_512_32_204832_kernel_trace.csv
[m[0;31mE20250810 10:34:20.592911 140624879920896 output_stream.cpp:105] Opened result file: ./profiles/standalone_attn_prefill_and_decode_interference_1_512_32_204832_agent_info.csv
[m[0;33mW20250810 10:34:30.091843 140624879920896 tool.cpp:1902] rocprofv3_error_signal_handler caught signal 11...
[m# ---- Run standalone_attn_decode_decode_isolation_16_16384_64 ----
INFO 08-10 10:34:37 [__init__.py:244] Automatically detected platform rocm.
[0;31mE20250810 10:34:56.332460 140034012378880 output_stream.cpp:105] Opened result file: ./profiles/standalone_attn_decode_decode_isolation_16_16384_64_kernel_trace.csv
[m[0;31mE20250810 10:34:56.339944 140034012378880 output_stream.cpp:105] Opened result file: ./profiles/standalone_attn_decode_decode_isolation_16_16384_64_agent_info.csv
[m[0;33mW20250810 10:35:05.910455 140034012378880 tool.cpp:1902] rocprofv3_error_signal_handler caught signal 11...
[m# ---- Run standalone_attn_prefill_and_decode_interference_1_512_32_204864 ----
INFO 08-10 10:34:38 [__init__.py:244] Automatically detected platform rocm.
[0;31mE20250810 10:34:59.026784 140466003367680 output_stream.cpp:105] Opened result file: ./profiles/standalone_attn_prefill_and_decode_interference_1_512_32_204864_kernel_trace.csv
[m[0;31mE20250810 10:34:59.034016 140466003367680 output_stream.cpp:105] Opened result file: ./profiles/standalone_attn_prefill_and_decode_interference_1_512_32_204864_agent_info.csv
[m[0;33mW20250810 10:35:08.186808 140466003367680 tool.cpp:1902] rocprofv3_error_signal_handler caught signal 11...
[m# ---- Run standalone_attn_decode_decode_isolation_16_16384_96 ----
INFO 08-10 10:35:14 [__init__.py:244] Automatically detected platform rocm.
[0;31mE20250810 10:35:33.100001 140291466012416 output_stream.cpp:105] Opened result file: ./profiles/standalone_attn_decode_decode_isolation_16_16384_96_kernel_trace.csv
[m[0;31mE20250810 10:35:33.107385 140291466012416 output_stream.cpp:105] Opened result file: ./profiles/standalone_attn_decode_decode_isolation_16_16384_96_agent_info.csv
[m[0;33mW20250810 10:35:42.751975 140291466012416 tool.cpp:1902] rocprofv3_error_signal_handler caught signal 11...
[m# ---- Run standalone_attn_prefill_and_decode_interference_1_512_32_204896 ----
INFO 08-10 10:35:16 [__init__.py:244] Automatically detected platform rocm.
[0;31mE20250810 10:35:37.612653 140006054766336 output_stream.cpp:105] Opened result file: ./profiles/standalone_attn_prefill_and_decode_interference_1_512_32_204896_kernel_trace.csv
[m[0;31mE20250810 10:35:37.620588 140006054766336 output_stream.cpp:105] Opened result file: ./profiles/standalone_attn_prefill_and_decode_interference_1_512_32_204896_agent_info.csv
[m[0;33mW20250810 10:35:47.324893 140006054766336 tool.cpp:1902] rocprofv3_error_signal_handler caught signal 11...
[m# ---- Run standalone_attn_decode_decode_isolation_16_16384_128 ----
INFO 08-10 10:35:51 [__init__.py:244] Automatically detected platform rocm.
[0;31mE20250810 10:36:09.641094 139913072404224 output_stream.cpp:105] Opened result file: ./profiles/standalone_attn_decode_decode_isolation_16_16384_128_kernel_trace.csv
[m[0;31mE20250810 10:36:09.648411 139913072404224 output_stream.cpp:105] Opened result file: ./profiles/standalone_attn_decode_decode_isolation_16_16384_128_agent_info.csv
[m[0;33mW20250810 10:36:19.116859 139913072404224 tool.cpp:1902] rocprofv3_error_signal_handler caught signal 11...
[m# ---- Run standalone_attn_prefill_and_decode_interference_1_512_32_2048128 ----
INFO 08-10 10:35:55 [__init__.py:244] Automatically detected platform rocm.
[0;31mE20250810 10:36:16.100336 140015124395776 output_stream.cpp:105] Opened result file: ./profiles/standalone_attn_prefill_and_decode_interference_1_512_32_2048128_kernel_trace.csv
[m[0;31mE20250810 10:36:16.108212 140015124395776 output_stream.cpp:105] Opened result file: ./profiles/standalone_attn_prefill_and_decode_interference_1_512_32_2048128_agent_info.csv
[m[0;33mW20250810 10:36:25.551872 140015124395776 tool.cpp:1902] rocprofv3_error_signal_handler caught signal 11...
[m# ---- Run standalone_attn_decode_decode_isolation_16_16384_160 ----
INFO 08-10 10:36:27 [__init__.py:244] Automatically detected platform rocm.
[0;31mE20250810 10:36:46.136775 140311872554752 output_stream.cpp:105] Opened result file: ./profiles/standalone_attn_decode_decode_isolation_16_16384_160_kernel_trace.csv
[m[0;31mE20250810 10:36:46.144108 140311872554752 output_stream.cpp:105] Opened result file: ./profiles/standalone_attn_decode_decode_isolation_16_16384_160_agent_info.csv
[m[0;33mW20250810 10:36:55.396144 140311872554752 tool.cpp:1902] rocprofv3_error_signal_handler caught signal 11...
[m# ---- Run standalone_attn_prefill_and_decode_interference_1_512_32_2048160 ----
INFO 08-10 10:36:34 [__init__.py:244] Automatically detected platform rocm.
[0;31mE20250810 10:36:54.592494 140065296189184 output_stream.cpp:105] Opened result file: ./profiles/standalone_attn_prefill_and_decode_interference_1_512_32_2048160_kernel_trace.csv
[m[0;31mE20250810 10:36:54.599789 140065296189184 output_stream.cpp:105] Opened result file: ./profiles/standalone_attn_prefill_and_decode_interference_1_512_32_2048160_agent_info.csv
[m[0;33mW20250810 10:37:03.714229 140065296189184 tool.cpp:1902] rocprofv3_error_signal_handler caught signal 11...
[m# ---- Run standalone_attn_decode_decode_isolation_16_32768_nan ----
INFO 08-10 10:37:04 [__init__.py:244] Automatically detected platform rocm.
[0;31mE20250810 10:37:23.584058 139674393483008 output_stream.cpp:105] Opened result file: ./profiles/standalone_attn_decode_decode_isolation_16_32768_nan_kernel_trace.csv
[m[0;31mE20250810 10:37:23.591332 139674393483008 output_stream.cpp:105] Opened result file: ./profiles/standalone_attn_decode_decode_isolation_16_32768_nan_agent_info.csv
[m# ---- Run standalone_attn_prefill_and_decode_interference_1_512_64_2048nan ----
INFO 08-10 10:37:12 [__init__.py:244] Automatically detected platform rocm.
No masking
[0;31mE20250810 10:37:33.036461 140352106538752 output_stream.cpp:105] Opened result file: ./profiles/standalone_attn_prefill_and_decode_interference_1_512_64_2048nan_kernel_trace.csv
[m[0;31mE20250810 10:37:33.046284 140352106538752 output_stream.cpp:105] Opened result file: ./profiles/standalone_attn_prefill_and_decode_interference_1_512_64_2048nan_agent_info.csv
[m# ---- Run standalone_attn_decode_decode_isolation_16_32768_32 ----
INFO 08-10 10:37:42 [__init__.py:244] Automatically detected platform rocm.
[0;31mE20250810 10:38:01.972048 140611191142144 output_stream.cpp:105] Opened result file: ./profiles/standalone_attn_decode_decode_isolation_16_32768_32_kernel_trace.csv
[m[0;31mE20250810 10:38:01.979446 140611191142144 output_stream.cpp:105] Opened result file: ./profiles/standalone_attn_decode_decode_isolation_16_32768_32_agent_info.csv
[m[0;33mW20250810 10:38:11.156075 140611191142144 tool.cpp:1902] rocprofv3_error_signal_handler caught signal 11...
[m# ---- Run standalone_attn_prefill_and_decode_interference_1_512_64_204832 ----
INFO 08-10 10:37:50 [__init__.py:244] Automatically detected platform rocm.
[0;31mE20250810 10:38:11.458275 139798971004672 output_stream.cpp:105] Opened result file: ./profiles/standalone_attn_prefill_and_decode_interference_1_512_64_204832_kernel_trace.csv
[m[0;31mE20250810 10:38:11.465666 139798971004672 output_stream.cpp:105] Opened result file: ./profiles/standalone_attn_prefill_and_decode_interference_1_512_64_204832_agent_info.csv
[m[0;33mW20250810 10:38:20.784191 139798971004672 tool.cpp:1902] rocprofv3_error_signal_handler caught signal 11...
[m# ---- Run standalone_attn_decode_decode_isolation_16_32768_64 ----
INFO 08-10 10:38:19 [__init__.py:244] Automatically detected platform rocm.
[0;31mE20250810 10:38:38.348944 140657662146304 output_stream.cpp:105] Opened result file: ./profiles/standalone_attn_decode_decode_isolation_16_32768_64_kernel_trace.csv
[m[0;31mE20250810 10:38:38.357087 140657662146304 output_stream.cpp:105] Opened result file: ./profiles/standalone_attn_decode_decode_isolation_16_32768_64_agent_info.csv
[m[0;33mW20250810 10:38:47.856641 140657662146304 tool.cpp:1902] rocprofv3_error_signal_handler caught signal 11...
[m# ---- Run standalone_attn_prefill_and_decode_interference_1_512_64_204864 ----
INFO 08-10 10:38:29 [__init__.py:244] Automatically detected platform rocm.
[0;31mE20250810 10:38:50.265491 140120499259136 output_stream.cpp:105] Opened result file: ./profiles/standalone_attn_prefill_and_decode_interference_1_512_64_204864_kernel_trace.csv
[m[0;31mE20250810 10:38:50.273424 140120499259136 output_stream.cpp:105] Opened result file: ./profiles/standalone_attn_prefill_and_decode_interference_1_512_64_204864_agent_info.csv
[m[0;33mW20250810 10:38:59.909778 140120499259136 tool.cpp:1902] rocprofv3_error_signal_handler caught signal 11...
[m# ---- Run standalone_attn_decode_decode_isolation_16_32768_96 ----
INFO 08-10 10:38:56 [__init__.py:244] Automatically detected platform rocm.
[0;31mE20250810 10:39:14.127753 140314063165184 output_stream.cpp:105] Opened result file: ./profiles/standalone_attn_decode_decode_isolation_16_32768_96_kernel_trace.csv
[m[0;31mE20250810 10:39:14.134822 140314063165184 output_stream.cpp:105] Opened result file: ./profiles/standalone_attn_decode_decode_isolation_16_32768_96_agent_info.csv
[m[0;33mW20250810 10:39:23.232773 140314063165184 tool.cpp:1902] rocprofv3_error_signal_handler caught signal 11...
[m# ---- Run standalone_attn_prefill_and_decode_interference_1_512_64_204896 ----
INFO 08-10 10:39:08 [__init__.py:244] Automatically detected platform rocm.
[0;31mE20250810 10:39:28.782626 140202935260928 output_stream.cpp:105] Opened result file: ./profiles/standalone_attn_prefill_and_decode_interference_1_512_64_204896_kernel_trace.csv
[m[0;31mE20250810 10:39:28.790637 140202935260928 output_stream.cpp:105] Opened result file: ./profiles/standalone_attn_prefill_and_decode_interference_1_512_64_204896_agent_info.csv
[m[0;33mW20250810 10:39:38.296856 140202935260928 tool.cpp:1902] rocprofv3_error_signal_handler caught signal 11...
[m# ---- Run standalone_attn_decode_decode_isolation_16_32768_128 ----
INFO 08-10 10:39:32 [__init__.py:244] Automatically detected platform rocm.
[0;31mE20250810 10:39:50.927099 140678498027264 output_stream.cpp:105] Opened result file: ./profiles/standalone_attn_decode_decode_isolation_16_32768_128_kernel_trace.csv
[m[0;31mE20250810 10:39:50.934439 140678498027264 output_stream.cpp:105] Opened result file: ./profiles/standalone_attn_decode_decode_isolation_16_32768_128_agent_info.csv
[m[0;33mW20250810 10:40:00.287881 140678498027264 tool.cpp:1902] rocprofv3_error_signal_handler caught signal 11...
[m# ---- Run standalone_attn_prefill_and_decode_interference_1_512_64_2048128 ----
INFO 08-10 10:39:46 [__init__.py:244] Automatically detected platform rocm.
[0;31mE20250810 10:40:07.271354 140109946083072 output_stream.cpp:105] Opened result file: ./profiles/standalone_attn_prefill_and_decode_interference_1_512_64_2048128_kernel_trace.csv
[m[0;31mE20250810 10:40:07.279410 140109946083072 output_stream.cpp:105] Opened result file: ./profiles/standalone_attn_prefill_and_decode_interference_1_512_64_2048128_agent_info.csv
[m[0;33mW20250810 10:40:16.999635 140109946083072 tool.cpp:1902] rocprofv3_error_signal_handler caught signal 11...
[m# ---- Run standalone_attn_decode_decode_isolation_16_32768_160 ----
INFO 08-10 10:40:08 [__init__.py:244] Automatically detected platform rocm.
[0;31mE20250810 10:40:26.930248 140503342110464 output_stream.cpp:105] Opened result file: ./profiles/standalone_attn_decode_decode_isolation_16_32768_160_kernel_trace.csv
[m[0;31mE20250810 10:40:26.937722 140503342110464 output_stream.cpp:105] Opened result file: ./profiles/standalone_attn_decode_decode_isolation_16_32768_160_agent_info.csv
[m[0;33mW20250810 10:40:36.856391 140503342110464 tool.cpp:1902] rocprofv3_error_signal_handler caught signal 11...
[m# ---- Run standalone_attn_prefill_and_decode_interference_1_512_64_2048160 ----
INFO 08-10 10:40:25 [__init__.py:244] Automatically detected platform rocm.
[0;31mE20250810 10:40:45.615725 139838872696576 output_stream.cpp:105] Opened result file: ./profiles/standalone_attn_prefill_and_decode_interference_1_512_64_2048160_kernel_trace.csv
[m[0;31mE20250810 10:40:45.623514 139838872696576 output_stream.cpp:105] Opened result file: ./profiles/standalone_attn_prefill_and_decode_interference_1_512_64_2048160_agent_info.csv
[m[0;33mW20250810 10:40:55.090212 139838872696576 tool.cpp:1902] rocprofv3_error_signal_handler caught signal 11...
[m# ---- Run standalone_attn_decode_decode_isolation_16_65536_nan ----
INFO 08-10 10:40:45 [__init__.py:244] Automatically detected platform rocm.
[0;31mE20250810 10:41:03.209854 140565807503104 output_stream.cpp:105] Opened result file: ./profiles/standalone_attn_decode_decode_isolation_16_65536_nan_kernel_trace.csv
[m[0;31mE20250810 10:41:03.217349 140565807503104 output_stream.cpp:105] Opened result file: ./profiles/standalone_attn_decode_decode_isolation_16_65536_nan_agent_info.csv
[m# ---- Run standalone_attn_prefill_and_decode_interference_1_512_128_2048nan ----
INFO 08-10 10:41:03 [__init__.py:244] Automatically detected platform rocm.
No masking
[0;31mE20250810 10:41:23.412710 140418279253760 output_stream.cpp:105] Opened result file: ./profiles/standalone_attn_prefill_and_decode_interference_1_512_128_2048nan_kernel_trace.csv
[m[0;31mE20250810 10:41:23.420339 140418279253760 output_stream.cpp:105] Opened result file: ./profiles/standalone_attn_prefill_and_decode_interference_1_512_128_2048nan_agent_info.csv
[m# ---- Run standalone_attn_decode_decode_isolation_16_65536_32 ----
INFO 08-10 10:41:21 [__init__.py:244] Automatically detected platform rocm.
[0;31mE20250810 10:41:39.128861 140256111261440 output_stream.cpp:105] Opened result file: ./profiles/standalone_attn_decode_decode_isolation_16_65536_32_kernel_trace.csv
[m[0;31mE20250810 10:41:39.136244 140256111261440 output_stream.cpp:105] Opened result file: ./profiles/standalone_attn_decode_decode_isolation_16_65536_32_agent_info.csv
[m[0;33mW20250810 10:41:48.620383 140256111261440 tool.cpp:1902] rocprofv3_error_signal_handler caught signal 11...
[m# ---- Run standalone_attn_prefill_and_decode_interference_1_512_128_204832 ----
INFO 08-10 10:41:40 [__init__.py:244] Automatically detected platform rocm.
[0;31mE20250810 10:42:01.092802 139986796025600 output_stream.cpp:105] Opened result file: ./profiles/standalone_attn_prefill_and_decode_interference_1_512_128_204832_kernel_trace.csv
[m[0;31mE20250810 10:42:01.100161 139986796025600 output_stream.cpp:105] Opened result file: ./profiles/standalone_attn_prefill_and_decode_interference_1_512_128_204832_agent_info.csv
[m[0;33mW20250810 10:42:10.621259 139986796025600 tool.cpp:1902] rocprofv3_error_signal_handler caught signal 11...
[m# ---- Run standalone_attn_decode_decode_isolation_16_65536_64 ----
INFO 08-10 10:41:56 [__init__.py:244] Automatically detected platform rocm.
[0;31mE20250810 10:42:15.361714 139716234368768 output_stream.cpp:105] Opened result file: ./profiles/standalone_attn_decode_decode_isolation_16_65536_64_kernel_trace.csv
[m[0;31mE20250810 10:42:15.369592 139716234368768 output_stream.cpp:105] Opened result file: ./profiles/standalone_attn_decode_decode_isolation_16_65536_64_agent_info.csv
[m[0;33mW20250810 10:42:24.941889 139716234368768 tool.cpp:1902] rocprofv3_error_signal_handler caught signal 11...
[m# ---- Run standalone_attn_prefill_and_decode_interference_1_512_128_204864 ----
INFO 08-10 10:42:18 [__init__.py:244] Automatically detected platform rocm.
[0;31mE20250810 10:42:38.735072 140192864937728 output_stream.cpp:105] Opened result file: ./profiles/standalone_attn_prefill_and_decode_interference_1_512_128_204864_kernel_trace.csv
[m[0;31mE20250810 10:42:38.742392 140192864937728 output_stream.cpp:105] Opened result file: ./profiles/standalone_attn_prefill_and_decode_interference_1_512_128_204864_agent_info.csv
[m[0;33mW20250810 10:42:48.228055 140192864937728 tool.cpp:1902] rocprofv3_error_signal_handler caught signal 11...
[m# ---- Run standalone_attn_decode_decode_isolation_16_65536_96 ----
INFO 08-10 10:42:33 [__init__.py:244] Automatically detected platform rocm.
[0;31mE20250810 10:42:51.009556 140532065699584 output_stream.cpp:105] Opened result file: ./profiles/standalone_attn_decode_decode_isolation_16_65536_96_kernel_trace.csv
[m[0;31mE20250810 10:42:51.017568 140532065699584 output_stream.cpp:105] Opened result file: ./profiles/standalone_attn_decode_decode_isolation_16_65536_96_agent_info.csv
[m[0;33mW20250810 10:43:00.918116 140532065699584 tool.cpp:1902] rocprofv3_error_signal_handler caught signal 11...
[m# ---- Run standalone_attn_prefill_and_decode_interference_1_512_128_204896 ----
INFO 08-10 10:42:56 [__init__.py:244] Automatically detected platform rocm.
[0;31mE20250810 10:43:17.156316 140547143624448 output_stream.cpp:105] Opened result file: ./profiles/standalone_attn_prefill_and_decode_interference_1_512_128_204896_kernel_trace.csv
[m[0;31mE20250810 10:43:17.163865 140547143624448 output_stream.cpp:105] Opened result file: ./profiles/standalone_attn_prefill_and_decode_interference_1_512_128_204896_agent_info.csv
[m[0;33mW20250810 10:43:27.122019 140547143624448 tool.cpp:1902] rocprofv3_error_signal_handler caught signal 11...
[m# ---- Run standalone_attn_decode_decode_isolation_16_65536_128 ----
INFO 08-10 10:43:09 [__init__.py:244] Automatically detected platform rocm.
[0;31mE20250810 10:43:27.274302 139772715742976 output_stream.cpp:105] Opened result file: ./profiles/standalone_attn_decode_decode_isolation_16_65536_128_kernel_trace.csv
[m[0;31mE20250810 10:43:27.282095 139772715742976 output_stream.cpp:105] Opened result file: ./profiles/standalone_attn_decode_decode_isolation_16_65536_128_agent_info.csv
[m[0;33mW20250810 10:43:37.077569 139772715742976 tool.cpp:1902] rocprofv3_error_signal_handler caught signal 11...
[m# ---- Run standalone_attn_prefill_and_decode_interference_1_512_128_2048128 ----
INFO 08-10 10:43:35 [__init__.py:244] Automatically detected platform rocm.
[0;31mE20250810 10:43:56.089520 139851926046464 output_stream.cpp:105] Opened result file: ./profiles/standalone_attn_prefill_and_decode_interference_1_512_128_2048128_kernel_trace.csv
[m[0;31mE20250810 10:43:56.097076 139851926046464 output_stream.cpp:105] Opened result file: ./profiles/standalone_attn_prefill_and_decode_interference_1_512_128_2048128_agent_info.csv
[m[0;33mW20250810 10:44:05.269701 139851926046464 tool.cpp:1902] rocprofv3_error_signal_handler caught signal 11...
[m# ---- Run standalone_attn_decode_decode_isolation_16_65536_160 ----
INFO 08-10 10:43:45 [__init__.py:244] Automatically detected platform rocm.
[0;31mE20250810 10:44:03.585929 140712158131968 output_stream.cpp:105] Opened result file: ./profiles/standalone_attn_decode_decode_isolation_16_65536_160_kernel_trace.csv
[m[0;31mE20250810 10:44:03.593169 140712158131968 output_stream.cpp:105] Opened result file: ./profiles/standalone_attn_decode_decode_isolation_16_65536_160_agent_info.csv
[m[0;33mW20250810 10:44:12.716212 140712158131968 tool.cpp:1902] rocprofv3_error_signal_handler caught signal 11...
[m# ---- Run standalone_attn_prefill_and_decode_interference_1_512_128_2048160 ----
INFO 08-10 10:44:13 [__init__.py:244] Automatically detected platform rocm.
[0;31mE20250810 10:44:33.584846 140526772115200 output_stream.cpp:105] Opened result file: ./profiles/standalone_attn_prefill_and_decode_interference_1_512_128_2048160_kernel_trace.csv
[m[0;31mE20250810 10:44:33.592499 140526772115200 output_stream.cpp:105] Opened result file: ./profiles/standalone_attn_prefill_and_decode_interference_1_512_128_2048160_agent_info.csv
[m[0;33mW20250810 10:44:43.554860 140526772115200 tool.cpp:1902] rocprofv3_error_signal_handler caught signal 11...
[m# ---- Run standalone_attn_decode_decode_isolation_16_131072_nan ----
INFO 08-10 10:44:21 [__init__.py:244] Automatically detected platform rocm.
[0;31mE20250810 10:44:40.455349 140658179467008 output_stream.cpp:105] Opened result file: ./profiles/standalone_attn_decode_decode_isolation_16_131072_nan_kernel_trace.csv
[m[0;31mE20250810 10:44:40.462632 140658179467008 output_stream.cpp:105] Opened result file: ./profiles/standalone_attn_decode_decode_isolation_16_131072_nan_agent_info.csv
[m# ---- Run standalone_attn_prefill_and_decode_interference_1_1024_1_2048nan ----
INFO 08-10 10:44:51 [__init__.py:244] Automatically detected platform rocm.
No masking
[0;31mE20250810 10:45:14.495814 140492905559808 output_stream.cpp:105] Opened result file: ./profiles/standalone_attn_prefill_and_decode_interference_1_1024_1_2048nan_kernel_trace.csv
[m[0;31mE20250810 10:45:14.503222 140492905559808 output_stream.cpp:105] Opened result file: ./profiles/standalone_attn_prefill_and_decode_interference_1_1024_1_2048nan_agent_info.csv
[m# ---- Run standalone_attn_decode_decode_isolation_16_131072_32 ----
INFO 08-10 10:44:58 [__init__.py:244] Automatically detected platform rocm.
[0;31mE20250810 10:45:17.099398 139643256043264 output_stream.cpp:105] Opened result file: ./profiles/standalone_attn_decode_decode_isolation_16_131072_32_kernel_trace.csv
[m[0;31mE20250810 10:45:17.106825 139643256043264 output_stream.cpp:105] Opened result file: ./profiles/standalone_attn_decode_decode_isolation_16_131072_32_agent_info.csv
[m[0;33mW20250810 10:45:26.899783 139643256043264 tool.cpp:1902] rocprofv3_error_signal_handler caught signal 11...
[m# ---- Run standalone_attn_decode_decode_isolation_16_131072_64 ----
INFO 08-10 10:45:35 [__init__.py:244] Automatically detected platform rocm.
[0;31mE20250810 10:45:54.277608 139812268492544 output_stream.cpp:105] Opened result file: ./profiles/standalone_attn_decode_decode_isolation_16_131072_64_kernel_trace.csv
[m[0;31mE20250810 10:45:54.285003 139812268492544 output_stream.cpp:105] Opened result file: ./profiles/standalone_attn_decode_decode_isolation_16_131072_64_agent_info.csv
[m[0;33mW20250810 10:46:03.828045 139812268492544 tool.cpp:1902] rocprofv3_error_signal_handler caught signal 11...
[m# ---- Run standalone_attn_prefill_and_decode_interference_1_1024_1_204832 ----
INFO 08-10 10:45:32 [__init__.py:244] Automatically detected platform rocm.
[0;31mE20250810 10:45:54.892472 140114737673984 output_stream.cpp:105] Opened result file: ./profiles/standalone_attn_prefill_and_decode_interference_1_1024_1_204832_kernel_trace.csv
[m[0;31mE20250810 10:45:54.899749 140114737673984 output_stream.cpp:105] Opened result file: ./profiles/standalone_attn_prefill_and_decode_interference_1_1024_1_204832_agent_info.csv
[m[0;33mW20250810 10:46:04.011357 140114737673984 tool.cpp:1902] rocprofv3_error_signal_handler caught signal 11...
[m# ---- Run standalone_attn_decode_decode_isolation_16_131072_96 ----
INFO 08-10 10:46:12 [__init__.py:244] Automatically detected platform rocm.
[0;31mE20250810 10:46:31.192525 140013608650496 output_stream.cpp:105] Opened result file: ./profiles/standalone_attn_decode_decode_isolation_16_131072_96_kernel_trace.csv
[m[0;31mE20250810 10:46:31.199880 140013608650496 output_stream.cpp:105] Opened result file: ./profiles/standalone_attn_decode_decode_isolation_16_131072_96_agent_info.csv
[m[0;33mW20250810 10:46:40.467338 140013608650496 tool.cpp:1902] rocprofv3_error_signal_handler caught signal 11...
[m# ---- Run standalone_attn_prefill_and_decode_interference_1_1024_1_204864 ----
INFO 08-10 10:46:12 [__init__.py:244] Automatically detected platform rocm.
[0;31mE20250810 10:46:35.603159 140087241721600 output_stream.cpp:105] Opened result file: ./profiles/standalone_attn_prefill_and_decode_interference_1_1024_1_204864_kernel_trace.csv
[m[0;31mE20250810 10:46:35.610564 140087241721600 output_stream.cpp:105] Opened result file: ./profiles/standalone_attn_prefill_and_decode_interference_1_1024_1_204864_agent_info.csv
[m[0;33mW20250810 10:46:45.393071 140087241721600 tool.cpp:1902] rocprofv3_error_signal_handler caught signal 11...
[m# ---- Run standalone_attn_decode_decode_isolation_16_131072_128 ----
INFO 08-10 10:46:48 [__init__.py:244] Automatically detected platform rocm.
[0;31mE20250810 10:47:07.021416 139989761697536 output_stream.cpp:105] Opened result file: ./profiles/standalone_attn_decode_decode_isolation_16_131072_128_kernel_trace.csv
[m[0;31mE20250810 10:47:07.028765 139989761697536 output_stream.cpp:105] Opened result file: ./profiles/standalone_attn_decode_decode_isolation_16_131072_128_agent_info.csv
[m[0;33mW20250810 10:47:16.485075 139989761697536 tool.cpp:1902] rocprofv3_error_signal_handler caught signal 11...
[m# ---- Run standalone_attn_prefill_and_decode_interference_1_1024_1_204896 ----
INFO 08-10 10:46:53 [__init__.py:244] Automatically detected platform rocm.
[0;31mE20250810 10:47:16.223837 140688696063744 output_stream.cpp:105] Opened result file: ./profiles/standalone_attn_prefill_and_decode_interference_1_1024_1_204896_kernel_trace.csv
[m[0;31mE20250810 10:47:16.231604 140688696063744 output_stream.cpp:105] Opened result file: ./profiles/standalone_attn_prefill_and_decode_interference_1_1024_1_204896_agent_info.csv
[m[0;33mW20250810 10:47:25.661926 140688696063744 tool.cpp:1902] rocprofv3_error_signal_handler caught signal 11...
[m# ---- Run standalone_attn_decode_decode_isolation_16_131072_160 ----
INFO 08-10 10:47:24 [__init__.py:244] Automatically detected platform rocm.
[0;31mE20250810 10:47:43.241481 140568699160320 output_stream.cpp:105] Opened result file: ./profiles/standalone_attn_decode_decode_isolation_16_131072_160_kernel_trace.csv
[m[0;31mE20250810 10:47:43.249037 140568699160320 output_stream.cpp:105] Opened result file: ./profiles/standalone_attn_decode_decode_isolation_16_131072_160_agent_info.csv
[m[0;33mW20250810 10:47:53.168346 140568699160320 tool.cpp:1902] rocprofv3_error_signal_handler caught signal 11...
[m# ---- Run standalone_attn_prefill_and_decode_interference_1_1024_1_2048128 ----
INFO 08-10 10:47:34 [__init__.py:244] Automatically detected platform rocm.
[0;31mE20250810 10:47:58.515346 140581419804416 output_stream.cpp:105] Opened result file: ./profiles/standalone_attn_prefill_and_decode_interference_1_1024_1_2048128_kernel_trace.csv
[m[0;31mE20250810 10:47:58.523315 140581419804416 output_stream.cpp:105] Opened result file: ./profiles/standalone_attn_prefill_and_decode_interference_1_1024_1_2048128_agent_info.csv
[m[0;33mW20250810 10:48:07.715520 140581419804416 tool.cpp:1902] rocprofv3_error_signal_handler caught signal 11...
[m# ---- Run standalone_attn_decode_decode_isolation_32_256_nan ----
INFO 08-10 10:48:01 [__init__.py:244] Automatically detected platform rocm.
[0;31mE20250810 10:48:20.380167 140179240404736 output_stream.cpp:105] Opened result file: ./profiles/standalone_attn_decode_decode_isolation_32_256_nan_kernel_trace.csv
[m[0;31mE20250810 10:48:20.387622 140179240404736 output_stream.cpp:105] Opened result file: ./profiles/standalone_attn_decode_decode_isolation_32_256_nan_agent_info.csv
[m# ---- Run standalone_attn_prefill_and_decode_interference_1_1024_1_2048160 ----
INFO 08-10 10:48:17 [__init__.py:244] Automatically detected platform rocm.
[0;31mE20250810 10:48:41.885010 140591176263424 output_stream.cpp:105] Opened result file: ./profiles/standalone_attn_prefill_and_decode_interference_1_1024_1_2048160_kernel_trace.csv
[m[0;31mE20250810 10:48:41.892572 140591176263424 output_stream.cpp:105] Opened result file: ./profiles/standalone_attn_prefill_and_decode_interference_1_1024_1_2048160_agent_info.csv
[m[0;33mW20250810 10:48:50.986400 140591176263424 tool.cpp:1902] rocprofv3_error_signal_handler caught signal 11...
[m# ---- Run standalone_attn_decode_decode_isolation_32_256_32 ----
INFO 08-10 10:48:37 [__init__.py:244] Automatically detected platform rocm.
[0;31mE20250810 10:48:56.353862 140265527301888 output_stream.cpp:105] Opened result file: ./profiles/standalone_attn_decode_decode_isolation_32_256_32_kernel_trace.csv
[m[0;31mE20250810 10:48:56.361898 140265527301888 output_stream.cpp:105] Opened result file: ./profiles/standalone_attn_decode_decode_isolation_32_256_32_agent_info.csv
[m[0;33mW20250810 10:49:05.794186 140265527301888 tool.cpp:1902] rocprofv3_error_signal_handler caught signal 11...
[m# ---- Run standalone_attn_prefill_and_decode_interference_1_1024_8_2048nan ----
INFO 08-10 10:49:00 [__init__.py:244] Automatically detected platform rocm.
No masking
[0;31mE20250810 10:49:25.669508 140660546971392 output_stream.cpp:105] Opened result file: ./profiles/standalone_attn_prefill_and_decode_interference_1_1024_8_2048nan_kernel_trace.csv
[m[0;31mE20250810 10:49:25.677203 140660546971392 output_stream.cpp:105] Opened result file: ./profiles/standalone_attn_prefill_and_decode_interference_1_1024_8_2048nan_agent_info.csv
[m# ---- Run standalone_attn_decode_decode_isolation_32_256_64 ----
INFO 08-10 10:49:14 [__init__.py:244] Automatically detected platform rocm.
[0;31mE20250810 10:49:32.825114 140417212262144 output_stream.cpp:105] Opened result file: ./profiles/standalone_attn_decode_decode_isolation_32_256_64_kernel_trace.csv
[m[0;31mE20250810 10:49:32.832055 140417212262144 output_stream.cpp:105] Opened result file: ./profiles/standalone_attn_decode_decode_isolation_32_256_64_agent_info.csv
[m[0;33mW20250810 10:49:42.284910 140417212262144 tool.cpp:1902] rocprofv3_error_signal_handler caught signal 11...
[m# ---- Run standalone_attn_prefill_and_decode_interference_1_1024_8_204832 ----
INFO 08-10 10:49:44 [__init__.py:244] Automatically detected platform rocm.
[0;31mE20250810 10:50:07.636656 140207688902400 output_stream.cpp:105] Opened result file: ./profiles/standalone_attn_prefill_and_decode_interference_1_1024_8_204832_kernel_trace.csv
[m[0;31mE20250810 10:50:07.643998 140207688902400 output_stream.cpp:105] Opened result file: ./profiles/standalone_attn_prefill_and_decode_interference_1_1024_8_204832_agent_info.csv
[m[0;33mW20250810 10:50:17.033611 140207688902400 tool.cpp:1902] rocprofv3_error_signal_handler caught signal 11...
[m# ---- Run standalone_attn_decode_decode_isolation_32_256_96 ----
INFO 08-10 10:49:50 [__init__.py:244] Automatically detected platform rocm.
[0;31mE20250810 10:50:09.009016 140663511435008 output_stream.cpp:105] Opened result file: ./profiles/standalone_attn_decode_decode_isolation_32_256_96_kernel_trace.csv
[m[0;31mE20250810 10:50:09.015943 140663511435008 output_stream.cpp:105] Opened result file: ./profiles/standalone_attn_decode_decode_isolation_32_256_96_agent_info.csv
[m[0;33mW20250810 10:50:18.659980 140663511435008 tool.cpp:1902] rocprofv3_error_signal_handler caught signal 11...
[m# ---- Run standalone_attn_decode_decode_isolation_32_256_128 ----
INFO 08-10 10:50:27 [__init__.py:244] Automatically detected platform rocm.
[0;31mE20250810 10:50:45.965157 139843382355712 output_stream.cpp:105] Opened result file: ./profiles/standalone_attn_decode_decode_isolation_32_256_128_kernel_trace.csv
[m[0;31mE20250810 10:50:45.971385 139843382355712 output_stream.cpp:105] Opened result file: ./profiles/standalone_attn_decode_decode_isolation_32_256_128_agent_info.csv
[m[0;33mW20250810 10:50:55.138830 139843382355712 tool.cpp:1902] rocprofv3_error_signal_handler caught signal 11...
[m# ---- Run standalone_attn_prefill_and_decode_interference_1_1024_8_204864 ----
INFO 08-10 10:50:25 [__init__.py:244] Automatically detected platform rocm.
[0;31mE20250810 10:50:48.638885 140710779217664 output_stream.cpp:105] Opened result file: ./profiles/standalone_attn_prefill_and_decode_interference_1_1024_8_204864_kernel_trace.csv
[m[0;31mE20250810 10:50:48.645750 140710779217664 output_stream.cpp:105] Opened result file: ./profiles/standalone_attn_prefill_and_decode_interference_1_1024_8_204864_agent_info.csv
[m[0;33mW20250810 10:50:58.054157 140710779217664 tool.cpp:1902] rocprofv3_error_signal_handler caught signal 11...
[m# ---- Run standalone_attn_decode_decode_isolation_32_256_160 ----
INFO 08-10 10:51:03 [__init__.py:244] Automatically detected platform rocm.
[0;31mE20250810 10:51:21.141929 140149364586240 output_stream.cpp:105] Opened result file: ./profiles/standalone_attn_decode_decode_isolation_32_256_160_kernel_trace.csv
[m[0;31mE20250810 10:51:21.148910 140149364586240 output_stream.cpp:105] Opened result file: ./profiles/standalone_attn_decode_decode_isolation_32_256_160_agent_info.csv
[m[0;33mW20250810 10:51:30.446610 140149364586240 tool.cpp:1902] rocprofv3_error_signal_handler caught signal 11...
[m# ---- Run standalone_attn_prefill_and_decode_interference_1_1024_8_204896 ----
INFO 08-10 10:51:06 [__init__.py:244] Automatically detected platform rocm.
[0;31mE20250810 10:51:30.404977 140439097730816 output_stream.cpp:105] Opened result file: ./profiles/standalone_attn_prefill_and_decode_interference_1_1024_8_204896_kernel_trace.csv
[m[0;31mE20250810 10:51:30.412914 140439097730816 output_stream.cpp:105] Opened result file: ./profiles/standalone_attn_prefill_and_decode_interference_1_1024_8_204896_agent_info.csv
[m[0;33mW20250810 10:51:39.678139 140439097730816 tool.cpp:1902] rocprofv3_error_signal_handler caught signal 11...
[m# ---- Run standalone_attn_decode_decode_isolation_32_512_nan ----
INFO 08-10 10:51:39 [__init__.py:244] Automatically detected platform rocm.
[0;31mE20250810 10:51:56.781772 139954903734016 output_stream.cpp:105] Opened result file: ./profiles/standalone_attn_decode_decode_isolation_32_512_nan_kernel_trace.csv
[m[0;31mE20250810 10:51:56.788825 139954903734016 output_stream.cpp:105] Opened result file: ./profiles/standalone_attn_decode_decode_isolation_32_512_nan_agent_info.csv
[m# ---- Run standalone_attn_prefill_and_decode_interference_1_1024_8_2048128 ----
INFO 08-10 10:51:49 [__init__.py:244] Automatically detected platform rocm.
[0;31mE20250810 10:52:14.950363 140691561985792 output_stream.cpp:105] Opened result file: ./profiles/standalone_attn_prefill_and_decode_interference_1_1024_8_2048128_kernel_trace.csv
[m[0;31mE20250810 10:52:14.957966 140691561985792 output_stream.cpp:105] Opened result file: ./profiles/standalone_attn_prefill_and_decode_interference_1_1024_8_2048128_agent_info.csv
[m[0;33mW20250810 10:52:24.503319 140691561985792 tool.cpp:1902] rocprofv3_error_signal_handler caught signal 11...
[m# ---- Run standalone_attn_decode_decode_isolation_32_512_32 ----
INFO 08-10 10:52:14 [__init__.py:244] Automatically detected platform rocm.
[0;31mE20250810 10:52:32.491123 139905719375616 output_stream.cpp:105] Opened result file: ./profiles/standalone_attn_decode_decode_isolation_32_512_32_kernel_trace.csv
[m[0;31mE20250810 10:52:32.498047 139905719375616 output_stream.cpp:105] Opened result file: ./profiles/standalone_attn_decode_decode_isolation_32_512_32_agent_info.csv
[m[0;33mW20250810 10:52:41.674061 139905719375616 tool.cpp:1902] rocprofv3_error_signal_handler caught signal 11...
[m# ---- Run standalone_attn_prefill_and_decode_interference_1_1024_8_2048160 ----
INFO 08-10 10:52:33 [__init__.py:244] Automatically detected platform rocm.
[0;31mE20250810 10:52:59.600900 140665494636288 output_stream.cpp:105] Opened result file: ./profiles/standalone_attn_prefill_and_decode_interference_1_1024_8_2048160_kernel_trace.csv
[m[0;31mE20250810 10:52:59.608509 140665494636288 output_stream.cpp:105] Opened result file: ./profiles/standalone_attn_prefill_and_decode_interference_1_1024_8_2048160_agent_info.csv
[m[0;33mW20250810 10:53:09.362340 140665494636288 tool.cpp:1902] rocprofv3_error_signal_handler caught signal 11...
[m# ---- Run standalone_attn_decode_decode_isolation_32_512_64 ----
INFO 08-10 10:52:50 [__init__.py:244] Automatically detected platform rocm.
[0;31mE20250810 10:53:08.197486 139708668372736 output_stream.cpp:105] Opened result file: ./profiles/standalone_attn_decode_decode_isolation_32_512_64_kernel_trace.csv
[m[0;31mE20250810 10:53:08.204857 139708668372736 output_stream.cpp:105] Opened result file: ./profiles/standalone_attn_decode_decode_isolation_32_512_64_agent_info.csv
[m[0;33mW20250810 10:53:17.294882 139708668372736 tool.cpp:1902] rocprofv3_error_signal_handler caught signal 11...
[m# ---- Run standalone_attn_prefill_and_decode_interference_1_1024_16_2048nan ----
INFO 08-10 10:53:19 [__init__.py:244] Automatically detected platform rocm.
No masking
[0;31mE20250810 10:53:41.492755 139741338560256 output_stream.cpp:105] Opened result file: ./profiles/standalone_attn_prefill_and_decode_interference_1_1024_16_2048nan_kernel_trace.csv
[m[0;31mE20250810 10:53:41.500319 139741338560256 output_stream.cpp:105] Opened result file: ./profiles/standalone_attn_prefill_and_decode_interference_1_1024_16_2048nan_agent_info.csv
[m# ---- Run standalone_attn_decode_decode_isolation_32_512_96 ----
INFO 08-10 10:53:25 [__init__.py:244] Automatically detected platform rocm.
[0;31mE20250810 10:53:43.582069 140456610023168 output_stream.cpp:105] Opened result file: ./profiles/standalone_attn_decode_decode_isolation_32_512_96_kernel_trace.csv
[m[0;31mE20250810 10:53:43.589227 140456610023168 output_stream.cpp:105] Opened result file: ./profiles/standalone_attn_decode_decode_isolation_32_512_96_agent_info.csv
[m[0;33mW20250810 10:53:53.047175 140456610023168 tool.cpp:1902] rocprofv3_error_signal_handler caught signal 11...
[m# ---- Run standalone_attn_decode_decode_isolation_32_512_128 ----
INFO 08-10 10:54:01 [__init__.py:244] Automatically detected platform rocm.
[0;31mE20250810 10:54:20.033526 139891679475456 output_stream.cpp:105] Opened result file: ./profiles/standalone_attn_decode_decode_isolation_32_512_128_kernel_trace.csv
[m[0;31mE20250810 10:54:20.041064 139891679475456 output_stream.cpp:105] Opened result file: ./profiles/standalone_attn_decode_decode_isolation_32_512_128_agent_info.csv
[m[0;33mW20250810 10:54:29.742433 139891679475456 tool.cpp:1902] rocprofv3_error_signal_handler caught signal 11...
[m# ---- Run standalone_attn_prefill_and_decode_interference_1_1024_16_204832 ----
INFO 08-10 10:54:01 [__init__.py:244] Automatically detected platform rocm.
[0;31mE20250810 10:54:24.431193 140209181984512 output_stream.cpp:105] Opened result file: ./profiles/standalone_attn_prefill_and_decode_interference_1_1024_16_204832_kernel_trace.csv
[m[0;31mE20250810 10:54:24.438796 140209181984512 output_stream.cpp:105] Opened result file: ./profiles/standalone_attn_prefill_and_decode_interference_1_1024_16_204832_agent_info.csv
[m[0;33mW20250810 10:54:34.079595 140209181984512 tool.cpp:1902] rocprofv3_error_signal_handler caught signal 11...
[m# ---- Run standalone_attn_decode_decode_isolation_32_512_160 ----
INFO 08-10 10:54:38 [__init__.py:244] Automatically detected platform rocm.
[0;31mE20250810 10:54:56.175173 140324063786752 output_stream.cpp:105] Opened result file: ./profiles/standalone_attn_decode_decode_isolation_32_512_160_kernel_trace.csv
[m[0;31mE20250810 10:54:56.182120 140324063786752 output_stream.cpp:105] Opened result file: ./profiles/standalone_attn_decode_decode_isolation_32_512_160_agent_info.csv
[m[0;33mW20250810 10:55:05.337278 140324063786752 tool.cpp:1902] rocprofv3_error_signal_handler caught signal 11...
[m# ---- Run standalone_attn_prefill_and_decode_interference_1_1024_16_204864 ----
INFO 08-10 10:54:43 [__init__.py:244] Automatically detected platform rocm.
[0;31mE20250810 10:55:05.467826 140555098179328 output_stream.cpp:105] Opened result file: ./profiles/standalone_attn_prefill_and_decode_interference_1_1024_16_204864_kernel_trace.csv
[m[0;31mE20250810 10:55:05.475388 140555098179328 output_stream.cpp:105] Opened result file: ./profiles/standalone_attn_prefill_and_decode_interference_1_1024_16_204864_agent_info.csv
[m[0;33mW20250810 10:55:14.971102 140555098179328 tool.cpp:1902] rocprofv3_error_signal_handler caught signal 11...
[m# ---- Run standalone_attn_decode_decode_isolation_32_1024_nan ----
INFO 08-10 10:55:13 [__init__.py:244] Automatically detected platform rocm.
[0;31mE20250810 10:55:31.839608 140520824461056 output_stream.cpp:105] Opened result file: ./profiles/standalone_attn_decode_decode_isolation_32_1024_nan_kernel_trace.csv
[m[0;31mE20250810 10:55:31.846449 140520824461056 output_stream.cpp:105] Opened result file: ./profiles/standalone_attn_decode_decode_isolation_32_1024_nan_agent_info.csv
[m# ---- Run standalone_attn_prefill_and_decode_interference_1_1024_16_204896 ----
INFO 08-10 10:55:23 [__init__.py:244] Automatically detected platform rocm.
[0;31mE20250810 10:55:43.809087 140639261148928 output_stream.cpp:105] Opened result file: ./profiles/standalone_attn_prefill_and_decode_interference_1_1024_16_204896_kernel_trace.csv
[m[0;31mE20250810 10:55:43.817115 140639261148928 output_stream.cpp:105] Opened result file: ./profiles/standalone_attn_prefill_and_decode_interference_1_1024_16_204896_agent_info.csv
[m[0;33mW20250810 10:55:53.007035 140639261148928 tool.cpp:1902] rocprofv3_error_signal_handler caught signal 11...
[m# ---- Run standalone_attn_decode_decode_isolation_32_1024_32 ----
INFO 08-10 10:55:49 [__init__.py:244] Automatically detected platform rocm.
[0;31mE20250810 10:56:08.502488 139895869892352 output_stream.cpp:105] Opened result file: ./profiles/standalone_attn_decode_decode_isolation_32_1024_32_kernel_trace.csv
[m[0;31mE20250810 10:56:08.509666 139895869892352 output_stream.cpp:105] Opened result file: ./profiles/standalone_attn_decode_decode_isolation_32_1024_32_agent_info.csv
[m[0;33mW20250810 10:56:18.259396 139895869892352 tool.cpp:1902] rocprofv3_error_signal_handler caught signal 11...
[m# ---- Run standalone_attn_prefill_and_decode_interference_1_1024_16_2048128 ----
INFO 08-10 10:56:01 [__init__.py:244] Automatically detected platform rocm.
[0;31mE20250810 10:56:22.149041 140496558413568 output_stream.cpp:105] Opened result file: ./profiles/standalone_attn_prefill_and_decode_interference_1_1024_16_2048128_kernel_trace.csv
[m[0;31mE20250810 10:56:22.156468 140496558413568 output_stream.cpp:105] Opened result file: ./profiles/standalone_attn_prefill_and_decode_interference_1_1024_16_2048128_agent_info.csv
[m[0;33mW20250810 10:56:31.763102 140496558413568 tool.cpp:1902] rocprofv3_error_signal_handler caught signal 11...
[m# ---- Run standalone_attn_decode_decode_isolation_32_1024_64 ----
INFO 08-10 10:56:26 [__init__.py:244] Automatically detected platform rocm.
[0;31mE20250810 10:56:45.584151 139808776578816 output_stream.cpp:105] Opened result file: ./profiles/standalone_attn_decode_decode_isolation_32_1024_64_kernel_trace.csv
[m[0;31mE20250810 10:56:45.591770 139808776578816 output_stream.cpp:105] Opened result file: ./profiles/standalone_attn_decode_decode_isolation_32_1024_64_agent_info.csv
[m[0;33mW20250810 10:56:55.123935 139808776578816 tool.cpp:1902] rocprofv3_error_signal_handler caught signal 11...
[m# ---- Run standalone_attn_prefill_and_decode_interference_1_1024_16_2048160 ----
INFO 08-10 10:56:40 [__init__.py:244] Automatically detected platform rocm.
[0;31mE20250810 10:57:00.960468 140343258547968 output_stream.cpp:105] Opened result file: ./profiles/standalone_attn_prefill_and_decode_interference_1_1024_16_2048160_kernel_trace.csv
[m[0;31mE20250810 10:57:00.968464 140343258547968 output_stream.cpp:105] Opened result file: ./profiles/standalone_attn_prefill_and_decode_interference_1_1024_16_2048160_agent_info.csv
[m[0;33mW20250810 10:57:10.500261 140343258547968 tool.cpp:1902] rocprofv3_error_signal_handler caught signal 11...
[m# ---- Run standalone_attn_decode_decode_isolation_32_1024_96 ----
INFO 08-10 10:57:05 [__init__.py:244] Automatically detected platform rocm.
[0;31mE20250810 10:57:25.228541 139963393500928 output_stream.cpp:105] Opened result file: ./profiles/standalone_attn_decode_decode_isolation_32_1024_96_kernel_trace.csv
[m[0;31mE20250810 10:57:25.236106 139963393500928 output_stream.cpp:105] Opened result file: ./profiles/standalone_attn_decode_decode_isolation_32_1024_96_agent_info.csv
[m[0;33mW20250810 10:57:34.528987 139963393500928 tool.cpp:1902] rocprofv3_error_signal_handler caught signal 11...
[m# ---- Run standalone_attn_prefill_and_decode_interference_1_1024_32_2048nan ----
INFO 08-10 10:57:19 [__init__.py:244] Automatically detected platform rocm.
No masking
[0;31mE20250810 10:57:39.395899 140589302703872 output_stream.cpp:105] Opened result file: ./profiles/standalone_attn_prefill_and_decode_interference_1_1024_32_2048nan_kernel_trace.csv
[m[0;31mE20250810 10:57:39.403067 140589302703872 output_stream.cpp:105] Opened result file: ./profiles/standalone_attn_prefill_and_decode_interference_1_1024_32_2048nan_agent_info.csv
[m# ---- Run standalone_attn_decode_decode_isolation_32_1024_128 ----
INFO 08-10 10:57:43 [__init__.py:244] Automatically detected platform rocm.
[0;31mE20250810 10:58:02.613697 140240094791424 output_stream.cpp:105] Opened result file: ./profiles/standalone_attn_decode_decode_isolation_32_1024_128_kernel_trace.csv
[m[0;31mE20250810 10:58:02.620724 140240094791424 output_stream.cpp:105] Opened result file: ./profiles/standalone_attn_decode_decode_isolation_32_1024_128_agent_info.csv
[m[0;33mW20250810 10:58:12.312442 140240094791424 tool.cpp:1902] rocprofv3_error_signal_handler caught signal 11...
[m# ---- Run standalone_attn_prefill_and_decode_interference_1_1024_32_204832 ----
INFO 08-10 10:57:58 [__init__.py:244] Automatically detected platform rocm.
[0;31mE20250810 10:58:19.046716 140082792822528 output_stream.cpp:105] Opened result file: ./profiles/standalone_attn_prefill_and_decode_interference_1_1024_32_204832_kernel_trace.csv
[m[0;31mE20250810 10:58:19.053815 140082792822528 output_stream.cpp:105] Opened result file: ./profiles/standalone_attn_prefill_and_decode_interference_1_1024_32_204832_agent_info.csv
[m[0;33mW20250810 10:58:28.127932 140082792822528 tool.cpp:1902] rocprofv3_error_signal_handler caught signal 11...
[m# ---- Run standalone_attn_decode_decode_isolation_32_1024_160 ----
INFO 08-10 10:58:20 [__init__.py:244] Automatically detected platform rocm.
[0;31mE20250810 10:58:38.467398 139692196706048 output_stream.cpp:105] Opened result file: ./profiles/standalone_attn_decode_decode_isolation_32_1024_160_kernel_trace.csv
[m[0;31mE20250810 10:58:38.474394 139692196706048 output_stream.cpp:105] Opened result file: ./profiles/standalone_attn_decode_decode_isolation_32_1024_160_agent_info.csv
[m[0;33mW20250810 10:58:47.938939 139692196706048 tool.cpp:1902] rocprofv3_error_signal_handler caught signal 11...
[m# ---- Run standalone_attn_prefill_and_decode_interference_1_1024_32_204864 ----
INFO 08-10 10:58:36 [__init__.py:244] Automatically detected platform rocm.
[0;31mE20250810 10:58:56.843357 140649042675456 output_stream.cpp:105] Opened result file: ./profiles/standalone_attn_prefill_and_decode_interference_1_1024_32_204864_kernel_trace.csv
[m[0;31mE20250810 10:58:56.850218 140649042675456 output_stream.cpp:105] Opened result file: ./profiles/standalone_attn_prefill_and_decode_interference_1_1024_32_204864_agent_info.csv
[m[0;33mW20250810 10:59:06.128077 140649042675456 tool.cpp:1902] rocprofv3_error_signal_handler caught signal 11...
[m# ---- Run standalone_attn_decode_decode_isolation_32_2048_nan ----
INFO 08-10 10:58:56 [__init__.py:244] Automatically detected platform rocm.
[0;31mE20250810 10:59:13.794275 139633002637056 output_stream.cpp:105] Opened result file: ./profiles/standalone_attn_decode_decode_isolation_32_2048_nan_kernel_trace.csv
[m[0;31mE20250810 10:59:13.801661 139633002637056 output_stream.cpp:105] Opened result file: ./profiles/standalone_attn_decode_decode_isolation_32_2048_nan_agent_info.csv
[m# ---- Run standalone_attn_prefill_and_decode_interference_1_1024_32_204896 ----
INFO 08-10 10:59:14 [__init__.py:244] Automatically detected platform rocm.
[0;31mE20250810 10:59:33.950191 140169458595584 output_stream.cpp:105] Opened result file: ./profiles/standalone_attn_prefill_and_decode_interference_1_1024_32_204896_kernel_trace.csv
[m[0;31mE20250810 10:59:33.958093 140169458595584 output_stream.cpp:105] Opened result file: ./profiles/standalone_attn_prefill_and_decode_interference_1_1024_32_204896_agent_info.csv
[m[0;33mW20250810 10:59:43.791462 140169458595584 tool.cpp:1902] rocprofv3_error_signal_handler caught signal 11...
[m# ---- Run standalone_attn_decode_decode_isolation_32_2048_32 ----
INFO 08-10 10:59:32 [__init__.py:244] Automatically detected platform rocm.
[0;31mE20250810 10:59:51.145847 140493517395712 output_stream.cpp:105] Opened result file: ./profiles/standalone_attn_decode_decode_isolation_32_2048_32_kernel_trace.csv
[m[0;31mE20250810 10:59:51.154080 140493517395712 output_stream.cpp:105] Opened result file: ./profiles/standalone_attn_decode_decode_isolation_32_2048_32_agent_info.csv
[m[0;33mW20250810 11:00:00.336789 140493517395712 tool.cpp:1902] rocprofv3_error_signal_handler caught signal 11...
[m# ---- Run standalone_attn_prefill_and_decode_interference_1_1024_32_2048128 ----
INFO 08-10 10:59:52 [__init__.py:244] Automatically detected platform rocm.
[0;31mE20250810 11:00:11.971443 140080690337536 output_stream.cpp:105] Opened result file: ./profiles/standalone_attn_prefill_and_decode_interference_1_1024_32_2048128_kernel_trace.csv
[m[0;31mE20250810 11:00:11.979010 140080690337536 output_stream.cpp:105] Opened result file: ./profiles/standalone_attn_prefill_and_decode_interference_1_1024_32_2048128_agent_info.csv
[m[0;33mW20250810 11:00:21.485757 140080690337536 tool.cpp:1902] rocprofv3_error_signal_handler caught signal 11...
[m# ---- Run standalone_attn_decode_decode_isolation_32_2048_64 ----
INFO 08-10 11:00:09 [__init__.py:244] Automatically detected platform rocm.
[0;31mE20250810 11:00:29.056370 140612101220096 output_stream.cpp:105] Opened result file: ./profiles/standalone_attn_decode_decode_isolation_32_2048_64_kernel_trace.csv
[m[0;31mE20250810 11:00:29.064140 140612101220096 output_stream.cpp:105] Opened result file: ./profiles/standalone_attn_decode_decode_isolation_32_2048_64_agent_info.csv
[m[0;33mW20250810 11:00:38.903810 140612101220096 tool.cpp:1902] rocprofv3_error_signal_handler caught signal 11...
[m# ---- Run standalone_attn_prefill_and_decode_interference_1_1024_32_2048160 ----
INFO 08-10 11:00:29 [__init__.py:244] Automatically detected platform rocm.
[0;31mE20250810 11:00:48.999646 139733536941824 output_stream.cpp:105] Opened result file: ./profiles/standalone_attn_prefill_and_decode_interference_1_1024_32_2048160_kernel_trace.csv
[m[0;31mE20250810 11:00:49.007016 139733536941824 output_stream.cpp:105] Opened result file: ./profiles/standalone_attn_prefill_and_decode_interference_1_1024_32_2048160_agent_info.csv
[m[0;33mW20250810 11:00:58.173351 139733536941824 tool.cpp:1902] rocprofv3_error_signal_handler caught signal 11...
[m# ---- Run standalone_attn_decode_decode_isolation_32_2048_96 ----
INFO 08-10 11:00:47 [__init__.py:244] Automatically detected platform rocm.
[0;31mE20250810 11:01:04.974195 140397465028352 output_stream.cpp:105] Opened result file: ./profiles/standalone_attn_decode_decode_isolation_32_2048_96_kernel_trace.csv
[m[0;31mE20250810 11:01:04.981552 140397465028352 output_stream.cpp:105] Opened result file: ./profiles/standalone_attn_decode_decode_isolation_32_2048_96_agent_info.csv
[m[0;33mW20250810 11:01:14.074014 140397465028352 tool.cpp:1902] rocprofv3_error_signal_handler caught signal 11...
[m# ---- Run standalone_attn_prefill_and_decode_interference_1_1024_64_2048nan ----
INFO 08-10 11:01:06 [__init__.py:244] Automatically detected platform rocm.
No masking
[0;31mE20250810 11:01:25.689610 140666069858048 output_stream.cpp:105] Opened result file: ./profiles/standalone_attn_prefill_and_decode_interference_1_1024_64_2048nan_kernel_trace.csv
[m[0;31mE20250810 11:01:25.697498 140666069858048 output_stream.cpp:105] Opened result file: ./profiles/standalone_attn_prefill_and_decode_interference_1_1024_64_2048nan_agent_info.csv
[m# ---- Run standalone_attn_decode_decode_isolation_32_2048_128 ----
INFO 08-10 11:01:22 [__init__.py:244] Automatically detected platform rocm.
[0;31mE20250810 11:01:40.130405 139803690997504 output_stream.cpp:105] Opened result file: ./profiles/standalone_attn_decode_decode_isolation_32_2048_128_kernel_trace.csv
[m[0;31mE20250810 11:01:40.138160 139803690997504 output_stream.cpp:105] Opened result file: ./profiles/standalone_attn_decode_decode_isolation_32_2048_128_agent_info.csv
[m[0;33mW20250810 11:01:49.837268 139803690997504 tool.cpp:1902] rocprofv3_error_signal_handler caught signal 11...
[m# ---- Run standalone_attn_prefill_and_decode_interference_1_1024_64_204832 ----
INFO 08-10 11:01:43 [__init__.py:244] Automatically detected platform rocm.
[0;31mE20250810 11:02:03.279383 140679777765120 output_stream.cpp:105] Opened result file: ./profiles/standalone_attn_prefill_and_decode_interference_1_1024_64_204832_kernel_trace.csv
[m[0;31mE20250810 11:02:03.286300 140679777765120 output_stream.cpp:105] Opened result file: ./profiles/standalone_attn_prefill_and_decode_interference_1_1024_64_204832_agent_info.csv
[m[0;33mW20250810 11:02:12.488124 140679777765120 tool.cpp:1902] rocprofv3_error_signal_handler caught signal 11...
[m# ---- Run standalone_attn_decode_decode_isolation_32_2048_160 ----
INFO 08-10 11:01:57 [__init__.py:244] Automatically detected platform rocm.
[0;31mE20250810 11:02:16.043702 140527641999104 output_stream.cpp:105] Opened result file: ./profiles/standalone_attn_decode_decode_isolation_32_2048_160_kernel_trace.csv
[m[0;31mE20250810 11:02:16.051891 140527641999104 output_stream.cpp:105] Opened result file: ./profiles/standalone_attn_decode_decode_isolation_32_2048_160_agent_info.csv
[m[0;33mW20250810 11:02:25.699408 140527641999104 tool.cpp:1902] rocprofv3_error_signal_handler caught signal 11...
[m# ---- Run standalone_attn_prefill_and_decode_interference_1_1024_64_204864 ----
INFO 08-10 11:02:20 [__init__.py:244] Automatically detected platform rocm.
[0;31mE20250810 11:02:39.733523 140645521307392 output_stream.cpp:105] Opened result file: ./profiles/standalone_attn_prefill_and_decode_interference_1_1024_64_204864_kernel_trace.csv
[m[0;31mE20250810 11:02:39.740642 140645521307392 output_stream.cpp:105] Opened result file: ./profiles/standalone_attn_prefill_and_decode_interference_1_1024_64_204864_agent_info.csv
[m[0;33mW20250810 11:02:49.087919 140645521307392 tool.cpp:1902] rocprofv3_error_signal_handler caught signal 11...
[m# ---- Run standalone_attn_decode_decode_isolation_32_4096_nan ----
INFO 08-10 11:02:33 [__init__.py:244] Automatically detected platform rocm.
[0;31mE20250810 11:02:50.824700 140663582672640 output_stream.cpp:105] Opened result file: ./profiles/standalone_attn_decode_decode_isolation_32_4096_nan_kernel_trace.csv
[m[0;31mE20250810 11:02:50.832586 140663582672640 output_stream.cpp:105] Opened result file: ./profiles/standalone_attn_decode_decode_isolation_32_4096_nan_agent_info.csv
[m# ---- Run standalone_attn_prefill_and_decode_interference_1_1024_64_204896 ----
INFO 08-10 11:02:57 [__init__.py:244] Automatically detected platform rocm.
[0;31mE20250810 11:03:16.548174 140444949911296 output_stream.cpp:105] Opened result file: ./profiles/standalone_attn_prefill_and_decode_interference_1_1024_64_204896_kernel_trace.csv
[m[0;31mE20250810 11:03:16.555215 140444949911296 output_stream.cpp:105] Opened result file: ./profiles/standalone_attn_prefill_and_decode_interference_1_1024_64_204896_agent_info.csv
[m[0;33mW20250810 11:03:25.772143 140444949911296 tool.cpp:1902] rocprofv3_error_signal_handler caught signal 11...
[m# ---- Run standalone_attn_decode_decode_isolation_32_4096_32 ----
INFO 08-10 11:03:08 [__init__.py:244] Automatically detected platform rocm.
[0;31mE20250810 11:03:25.765548 140470938322688 output_stream.cpp:105] Opened result file: ./profiles/standalone_attn_decode_decode_isolation_32_4096_32_kernel_trace.csv
[m[0;31mE20250810 11:03:25.772797 140470938322688 output_stream.cpp:105] Opened result file: ./profiles/standalone_attn_decode_decode_isolation_32_4096_32_agent_info.csv
[m[0;33mW20250810 11:03:35.534501 140470938322688 tool.cpp:1902] rocprofv3_error_signal_handler caught signal 11...
[m# ---- Run standalone_attn_prefill_and_decode_interference_1_1024_64_2048128 ----
INFO 08-10 11:03:33 [__init__.py:244] Automatically detected platform rocm.
[0;31mE20250810 11:03:53.741362 140709657466624 output_stream.cpp:105] Opened result file: ./profiles/standalone_attn_prefill_and_decode_interference_1_1024_64_2048128_kernel_trace.csv
[m[0;31mE20250810 11:03:53.748279 140709657466624 output_stream.cpp:105] Opened result file: ./profiles/standalone_attn_prefill_and_decode_interference_1_1024_64_2048128_agent_info.csv
[m[0;33mW20250810 11:04:02.881132 140709657466624 tool.cpp:1902] rocprofv3_error_signal_handler caught signal 11...
[m# ---- Run standalone_attn_decode_decode_isolation_32_4096_64 ----
INFO 08-10 11:03:43 [__init__.py:244] Automatically detected platform rocm.
[0;31mE20250810 11:04:00.961111 140114245605120 output_stream.cpp:105] Opened result file: ./profiles/standalone_attn_decode_decode_isolation_32_4096_64_kernel_trace.csv
[m[0;31mE20250810 11:04:00.967760 140114245605120 output_stream.cpp:105] Opened result file: ./profiles/standalone_attn_decode_decode_isolation_32_4096_64_agent_info.csv
[m[0;33mW20250810 11:04:10.095663 140114245605120 tool.cpp:1902] rocprofv3_error_signal_handler caught signal 11...
[m# ---- Run standalone_attn_prefill_and_decode_interference_1_1024_64_2048160 ----
INFO 08-10 11:04:10 [__init__.py:244] Automatically detected platform rocm.
[0;31mE20250810 11:04:30.173074 139643265488640 output_stream.cpp:105] Opened result file: ./profiles/standalone_attn_prefill_and_decode_interference_1_1024_64_2048160_kernel_trace.csv
[m[0;31mE20250810 11:04:30.179987 139643265488640 output_stream.cpp:105] Opened result file: ./profiles/standalone_attn_prefill_and_decode_interference_1_1024_64_2048160_agent_info.csv
[m[0;33mW20250810 11:04:39.702612 139643265488640 tool.cpp:1902] rocprofv3_error_signal_handler caught signal 11...
[m# ---- Run standalone_attn_decode_decode_isolation_32_4096_96 ----
INFO 08-10 11:04:18 [__init__.py:244] Automatically detected platform rocm.
[0;31mE20250810 11:04:35.448402 140472596416256 output_stream.cpp:105] Opened result file: ./profiles/standalone_attn_decode_decode_isolation_32_4096_96_kernel_trace.csv
[m[0;31mE20250810 11:04:35.455070 140472596416256 output_stream.cpp:105] Opened result file: ./profiles/standalone_attn_decode_decode_isolation_32_4096_96_agent_info.csv
[m[0;33mW20250810 11:04:44.956701 140472596416256 tool.cpp:1902] rocprofv3_error_signal_handler caught signal 11...
[m# ---- Run standalone_attn_prefill_and_decode_interference_1_1024_128_2048nan ----
INFO 08-10 11:04:47 [__init__.py:244] Automatically detected platform rocm.
No masking
[0;31mE20250810 11:05:06.330725 139991010977536 output_stream.cpp:105] Opened result file: ./profiles/standalone_attn_prefill_and_decode_interference_1_1024_128_2048nan_kernel_trace.csv
[m[0;31mE20250810 11:05:06.337576 139991010977536 output_stream.cpp:105] Opened result file: ./profiles/standalone_attn_prefill_and_decode_interference_1_1024_128_2048nan_agent_info.csv
[m# ---- Run standalone_attn_decode_decode_isolation_32_4096_128 ----
INFO 08-10 11:04:52 [__init__.py:244] Automatically detected platform rocm.
[0;31mE20250810 11:05:10.714587 139693888517888 output_stream.cpp:105] Opened result file: ./profiles/standalone_attn_decode_decode_isolation_32_4096_128_kernel_trace.csv
[m[0;31mE20250810 11:05:10.721221 139693888517888 output_stream.cpp:105] Opened result file: ./profiles/standalone_attn_decode_decode_isolation_32_4096_128_agent_info.csv
[m[0;33mW20250810 11:05:20.077590 139693888517888 tool.cpp:1902] rocprofv3_error_signal_handler caught signal 11...
[m# ---- Run standalone_attn_prefill_and_decode_interference_1_1024_128_204832 ----
INFO 08-10 11:05:23 [__init__.py:244] Automatically detected platform rocm.
[0;31mE20250810 11:05:44.187209 140008259643136 output_stream.cpp:105] Opened result file: ./profiles/standalone_attn_prefill_and_decode_interference_1_1024_128_204832_kernel_trace.csv
[m[0;31mE20250810 11:05:44.194659 140008259643136 output_stream.cpp:105] Opened result file: ./profiles/standalone_attn_prefill_and_decode_interference_1_1024_128_204832_agent_info.csv
[m[0;33mW20250810 11:05:54.152574 140008259643136 tool.cpp:1902] rocprofv3_error_signal_handler caught signal 11...
[m# ---- Run standalone_attn_decode_decode_isolation_32_4096_160 ----
INFO 08-10 11:05:28 [__init__.py:244] Automatically detected platform rocm.
[0;31mE20250810 11:05:46.972094 140289000089344 output_stream.cpp:105] Opened result file: ./profiles/standalone_attn_decode_decode_isolation_32_4096_160_kernel_trace.csv
[m[0;31mE20250810 11:05:46.980134 140289000089344 output_stream.cpp:105] Opened result file: ./profiles/standalone_attn_decode_decode_isolation_32_4096_160_agent_info.csv
[m[0;33mW20250810 11:05:56.413127 140289000089344 tool.cpp:1902] rocprofv3_error_signal_handler caught signal 11...
[m# ---- Run standalone_attn_prefill_and_decode_interference_1_1024_128_204864 ----
INFO 08-10 11:06:02 [__init__.py:244] Automatically detected platform rocm.
[0;31mE20250810 11:06:22.647482 139779233978112 output_stream.cpp:105] Opened result file: ./profiles/standalone_attn_prefill_and_decode_interference_1_1024_128_204864_kernel_trace.csv
[m[0;31mE20250810 11:06:22.654490 139779233978112 output_stream.cpp:105] Opened result file: ./profiles/standalone_attn_prefill_and_decode_interference_1_1024_128_204864_agent_info.csv
[m[0;33mW20250810 11:06:32.018641 139779233978112 tool.cpp:1902] rocprofv3_error_signal_handler caught signal 11...
[m# ---- Run standalone_attn_decode_decode_isolation_32_8192_nan ----
INFO 08-10 11:06:05 [__init__.py:244] Automatically detected platform rocm.
[0;31mE20250810 11:06:25.063105 140561434134272 output_stream.cpp:105] Opened result file: ./profiles/standalone_attn_decode_decode_isolation_32_8192_nan_kernel_trace.csv
[m[0;31mE20250810 11:06:25.070437 140561434134272 output_stream.cpp:105] Opened result file: ./profiles/standalone_attn_decode_decode_isolation_32_8192_nan_agent_info.csv
[m# ---- Run standalone_attn_prefill_and_decode_interference_1_1024_128_204896 ----
INFO 08-10 11:06:40 [__init__.py:244] Automatically detected platform rocm.
[0;31mE20250810 11:07:00.516717 140272402626304 output_stream.cpp:105] Opened result file: ./profiles/standalone_attn_prefill_and_decode_interference_1_1024_128_204896_kernel_trace.csv
[m[0;31mE20250810 11:07:00.523784 140272402626304 output_stream.cpp:105] Opened result file: ./profiles/standalone_attn_prefill_and_decode_interference_1_1024_128_204896_agent_info.csv
[m[0;33mW20250810 11:07:10.313877 140272402626304 tool.cpp:1902] rocprofv3_error_signal_handler caught signal 11...
[m# ---- Run standalone_attn_decode_decode_isolation_32_8192_32 ----
INFO 08-10 11:06:43 [__init__.py:244] Automatically detected platform rocm.
[0;31mE20250810 11:07:01.587605 140392855381760 output_stream.cpp:105] Opened result file: ./profiles/standalone_attn_decode_decode_isolation_32_8192_32_kernel_trace.csv
[m[0;31mE20250810 11:07:01.594618 140392855381760 output_stream.cpp:105] Opened result file: ./profiles/standalone_attn_decode_decode_isolation_32_8192_32_agent_info.csv
[m[0;33mW20250810 11:07:10.695680 140392855381760 tool.cpp:1902] rocprofv3_error_signal_handler caught signal 11...
[m# ---- Run standalone_attn_decode_decode_isolation_32_8192_64 ----
INFO 08-10 11:07:19 [__init__.py:244] Automatically detected platform rocm.
[0;31mE20250810 11:07:37.776882 140563837982464 output_stream.cpp:105] Opened result file: ./profiles/standalone_attn_decode_decode_isolation_32_8192_64_kernel_trace.csv
[m[0;31mE20250810 11:07:37.784839 140563837982464 output_stream.cpp:105] Opened result file: ./profiles/standalone_attn_decode_decode_isolation_32_8192_64_agent_info.csv
[m[0;33mW20250810 11:07:47.183886 140563837982464 tool.cpp:1902] rocprofv3_error_signal_handler caught signal 11...
[m# ---- Run standalone_attn_prefill_and_decode_interference_1_1024_128_2048128 ----
INFO 08-10 11:07:18 [__init__.py:244] Automatically detected platform rocm.
[0;31mE20250810 11:07:39.495828 140024857466624 output_stream.cpp:105] Opened result file: ./profiles/standalone_attn_prefill_and_decode_interference_1_1024_128_2048128_kernel_trace.csv
[m[0;31mE20250810 11:07:39.503067 140024857466624 output_stream.cpp:105] Opened result file: ./profiles/standalone_attn_prefill_and_decode_interference_1_1024_128_2048128_agent_info.csv
[m[0;33mW20250810 11:07:49.526167 140024857466624 tool.cpp:1902] rocprofv3_error_signal_handler caught signal 11...
[m# ---- Run standalone_attn_decode_decode_isolation_32_8192_96 ----
INFO 08-10 11:07:55 [__init__.py:244] Automatically detected platform rocm.
[0;31mE20250810 11:08:13.839430 140352395388672 output_stream.cpp:105] Opened result file: ./profiles/standalone_attn_decode_decode_isolation_32_8192_96_kernel_trace.csv
[m[0;31mE20250810 11:08:13.846321 140352395388672 output_stream.cpp:105] Opened result file: ./profiles/standalone_attn_decode_decode_isolation_32_8192_96_agent_info.csv
[m[0;33mW20250810 11:08:23.518274 140352395388672 tool.cpp:1902] rocprofv3_error_signal_handler caught signal 11...
[m# ---- Run standalone_attn_prefill_and_decode_interference_1_1024_128_2048160 ----
INFO 08-10 11:07:57 [__init__.py:244] Automatically detected platform rocm.
[0;31mE20250810 11:08:18.152957 140475329943296 output_stream.cpp:105] Opened result file: ./profiles/standalone_attn_prefill_and_decode_interference_1_1024_128_2048160_kernel_trace.csv
[m[0;31mE20250810 11:08:18.159656 140475329943296 output_stream.cpp:105] Opened result file: ./profiles/standalone_attn_prefill_and_decode_interference_1_1024_128_2048160_agent_info.csv
[m[0;33mW20250810 11:08:27.338922 140475329943296 tool.cpp:1902] rocprofv3_error_signal_handler caught signal 11...
[m# ---- Run standalone_attn_decode_decode_isolation_32_8192_128 ----
INFO 08-10 11:08:31 [__init__.py:244] Automatically detected platform rocm.
[0;31mE20250810 11:08:49.968580 140475479492352 output_stream.cpp:105] Opened result file: ./profiles/standalone_attn_decode_decode_isolation_32_8192_128_kernel_trace.csv
[m[0;31mE20250810 11:08:49.977059 140475479492352 output_stream.cpp:105] Opened result file: ./profiles/standalone_attn_decode_decode_isolation_32_8192_128_agent_info.csv
[m[0;33mW20250810 11:08:59.581105 140475479492352 tool.cpp:1902] rocprofv3_error_signal_handler caught signal 11...
[m# ---- Run standalone_attn_prefill_and_decode_interference_1_2048_1_2048nan ----
INFO 08-10 11:08:35 [__init__.py:244] Automatically detected platform rocm.
No masking
[0;31mE20250810 11:08:57.535179 140208936580864 output_stream.cpp:105] Opened result file: ./profiles/standalone_attn_prefill_and_decode_interference_1_2048_1_2048nan_kernel_trace.csv
[m[0;31mE20250810 11:08:57.542758 140208936580864 output_stream.cpp:105] Opened result file: ./profiles/standalone_attn_prefill_and_decode_interference_1_2048_1_2048nan_agent_info.csv
[m# ---- Run standalone_attn_decode_decode_isolation_32_8192_160 ----
INFO 08-10 11:09:07 [__init__.py:244] Automatically detected platform rocm.
[0;31mE20250810 11:09:26.635266 139856638961408 output_stream.cpp:105] Opened result file: ./profiles/standalone_attn_decode_decode_isolation_32_8192_160_kernel_trace.csv
[m[0;31mE20250810 11:09:26.642271 139856638961408 output_stream.cpp:105] Opened result file: ./profiles/standalone_attn_decode_decode_isolation_32_8192_160_agent_info.csv
[m[0;33mW20250810 11:09:35.746452 139856638961408 tool.cpp:1902] rocprofv3_error_signal_handler caught signal 11...
[m# ---- Run standalone_attn_prefill_and_decode_interference_1_2048_1_204832 ----
INFO 08-10 11:09:15 [__init__.py:244] Automatically detected platform rocm.
[0;31mE20250810 11:09:37.851355 139882402637568 output_stream.cpp:105] Opened result file: ./profiles/standalone_attn_prefill_and_decode_interference_1_2048_1_204832_kernel_trace.csv
[m[0;31mE20250810 11:09:37.859500 139882402637568 output_stream.cpp:105] Opened result file: ./profiles/standalone_attn_prefill_and_decode_interference_1_2048_1_204832_agent_info.csv
[m[0;33mW20250810 11:09:47.768608 139882402637568 tool.cpp:1902] rocprofv3_error_signal_handler caught signal 11...
[m# ---- Run standalone_attn_decode_decode_isolation_32_16384_nan ----
INFO 08-10 11:09:43 [__init__.py:244] Automatically detected platform rocm.
[0;31mE20250810 11:10:01.747391 140505266116352 output_stream.cpp:105] Opened result file: ./profiles/standalone_attn_decode_decode_isolation_32_16384_nan_kernel_trace.csv
[m[0;31mE20250810 11:10:01.754555 140505266116352 output_stream.cpp:105] Opened result file: ./profiles/standalone_attn_decode_decode_isolation_32_16384_nan_agent_info.csv
[m# ---- Run standalone_attn_prefill_and_decode_interference_1_2048_1_204864 ----
INFO 08-10 11:09:55 [__init__.py:244] Automatically detected platform rocm.
[0;31mE20250810 11:10:17.965783 140468181063424 output_stream.cpp:105] Opened result file: ./profiles/standalone_attn_prefill_and_decode_interference_1_2048_1_204864_kernel_trace.csv
[m[0;31mE20250810 11:10:17.973763 140468181063424 output_stream.cpp:105] Opened result file: ./profiles/standalone_attn_prefill_and_decode_interference_1_2048_1_204864_agent_info.csv
[m[0;33mW20250810 11:10:27.395348 140468181063424 tool.cpp:1902] rocprofv3_error_signal_handler caught signal 11...
[m# ---- Run standalone_attn_decode_decode_isolation_32_16384_32 ----
INFO 08-10 11:10:19 [__init__.py:244] Automatically detected platform rocm.
[0;31mE20250810 11:10:37.875473 140554365753088 output_stream.cpp:105] Opened result file: ./profiles/standalone_attn_decode_decode_isolation_32_16384_32_kernel_trace.csv
[m[0;31mE20250810 11:10:37.882507 140554365753088 output_stream.cpp:105] Opened result file: ./profiles/standalone_attn_decode_decode_isolation_32_16384_32_agent_info.csv
[m[0;33mW20250810 11:10:47.012603 140554365753088 tool.cpp:1902] rocprofv3_error_signal_handler caught signal 11...
[m# ---- Run standalone_attn_prefill_and_decode_interference_1_2048_1_204896 ----
INFO 08-10 11:10:35 [__init__.py:244] Automatically detected platform rocm.
[0;31mE20250810 11:11:01.312324 140594193315584 output_stream.cpp:105] Opened result file: ./profiles/standalone_attn_prefill_and_decode_interference_1_2048_1_204896_kernel_trace.csv
[m[0;31mE20250810 11:11:01.319797 140594193315584 output_stream.cpp:105] Opened result file: ./profiles/standalone_attn_prefill_and_decode_interference_1_2048_1_204896_agent_info.csv
[m[0;33mW20250810 11:11:11.028642 140594193315584 tool.cpp:1902] rocprofv3_error_signal_handler caught signal 11...
[m# ---- Run standalone_attn_decode_decode_isolation_32_16384_64 ----
INFO 08-10 11:10:55 [__init__.py:244] Automatically detected platform rocm.
[0;31mE20250810 11:11:12.839055 140413448406784 output_stream.cpp:105] Opened result file: ./profiles/standalone_attn_decode_decode_isolation_32_16384_64_kernel_trace.csv
[m[0;31mE20250810 11:11:12.846990 140413448406784 output_stream.cpp:105] Opened result file: ./profiles/standalone_attn_decode_decode_isolation_32_16384_64_agent_info.csv
[m[0;33mW20250810 11:11:22.154602 140413448406784 tool.cpp:1902] rocprofv3_error_signal_handler caught signal 11...
[m# ---- Run standalone_attn_prefill_and_decode_interference_1_2048_1_2048128 ----
INFO 08-10 11:11:19 [__init__.py:244] Automatically detected platform rocm.
[0;31mE20250810 11:11:41.394546 139692335453952 output_stream.cpp:105] Opened result file: ./profiles/standalone_attn_prefill_and_decode_interference_1_2048_1_2048128_kernel_trace.csv
[m[0;31mE20250810 11:11:41.402200 139692335453952 output_stream.cpp:105] Opened result file: ./profiles/standalone_attn_prefill_and_decode_interference_1_2048_1_2048128_agent_info.csv
[m[0;33mW20250810 11:11:50.978814 139692335453952 tool.cpp:1902] rocprofv3_error_signal_handler caught signal 11...
[m# ---- Run standalone_attn_decode_decode_isolation_32_16384_96 ----
INFO 08-10 11:11:30 [__init__.py:244] Automatically detected platform rocm.
[0;31mE20250810 11:11:48.744836 139673734788864 output_stream.cpp:105] Opened result file: ./profiles/standalone_attn_decode_decode_isolation_32_16384_96_kernel_trace.csv
[m[0;31mE20250810 11:11:48.752074 139673734788864 output_stream.cpp:105] Opened result file: ./profiles/standalone_attn_decode_decode_isolation_32_16384_96_agent_info.csv
[m[0;33mW20250810 11:11:58.244748 139673734788864 tool.cpp:1902] rocprofv3_error_signal_handler caught signal 11...
[m# ---- Run standalone_attn_prefill_and_decode_interference_1_2048_1_2048160 ----
INFO 08-10 11:11:59 [__init__.py:244] Automatically detected platform rocm.
[0;31mE20250810 11:12:21.808836 139664622679808 output_stream.cpp:105] Opened result file: ./profiles/standalone_attn_prefill_and_decode_interference_1_2048_1_2048160_kernel_trace.csv
[m[0;31mE20250810 11:12:21.816144 139664622679808 output_stream.cpp:105] Opened result file: ./profiles/standalone_attn_prefill_and_decode_interference_1_2048_1_2048160_agent_info.csv
[m[0;33mW20250810 11:12:31.305262 139664622679808 tool.cpp:1902] rocprofv3_error_signal_handler caught signal 11...
[m# ---- Run standalone_attn_decode_decode_isolation_32_16384_128 ----
INFO 08-10 11:12:06 [__init__.py:244] Automatically detected platform rocm.
[0;31mE20250810 11:12:24.848235 140413104486144 output_stream.cpp:105] Opened result file: ./profiles/standalone_attn_decode_decode_isolation_32_16384_128_kernel_trace.csv
[m[0;31mE20250810 11:12:24.855389 140413104486144 output_stream.cpp:105] Opened result file: ./profiles/standalone_attn_decode_decode_isolation_32_16384_128_agent_info.csv
[m[0;33mW20250810 11:12:33.983329 140413104486144 tool.cpp:1902] rocprofv3_error_signal_handler caught signal 11...
[m# ---- Run standalone_attn_decode_decode_isolation_32_16384_160 ----
INFO 08-10 11:12:42 [__init__.py:244] Automatically detected platform rocm.
[0;31mE20250810 11:13:00.534178 140290654779136 output_stream.cpp:105] Opened result file: ./profiles/standalone_attn_decode_decode_isolation_32_16384_160_kernel_trace.csv
[m[0;31mE20250810 11:13:00.541530 140290654779136 output_stream.cpp:105] Opened result file: ./profiles/standalone_attn_decode_decode_isolation_32_16384_160_agent_info.csv
[m[0;33mW20250810 11:13:10.077643 140290654779136 tool.cpp:1902] rocprofv3_error_signal_handler caught signal 11...
[m# ---- Run standalone_attn_prefill_and_decode_interference_1_2048_8_2048nan ----
INFO 08-10 11:12:39 [__init__.py:244] Automatically detected platform rocm.
No masking
[0;31mE20250810 11:13:02.128053 140251200243456 output_stream.cpp:105] Opened result file: ./profiles/standalone_attn_prefill_and_decode_interference_1_2048_8_2048nan_kernel_trace.csv
[m[0;31mE20250810 11:13:02.135703 140251200243456 output_stream.cpp:105] Opened result file: ./profiles/standalone_attn_prefill_and_decode_interference_1_2048_8_2048nan_agent_info.csv
[m# ---- Run standalone_attn_decode_decode_isolation_32_32768_nan ----
INFO 08-10 11:13:18 [__init__.py:244] Automatically detected platform rocm.
[0;31mE20250810 11:13:37.249368 140713352685312 output_stream.cpp:105] Opened result file: ./profiles/standalone_attn_decode_decode_isolation_32_32768_nan_kernel_trace.csv
[m[0;31mE20250810 11:13:37.256803 140713352685312 output_stream.cpp:105] Opened result file: ./profiles/standalone_attn_decode_decode_isolation_32_32768_nan_agent_info.csv
[m# ---- Run standalone_attn_prefill_and_decode_interference_1_2048_8_204832 ----
INFO 08-10 11:13:20 [__init__.py:244] Automatically detected platform rocm.
[0;31mE20250810 11:13:43.183762 140072167569152 output_stream.cpp:105] Opened result file: ./profiles/standalone_attn_prefill_and_decode_interference_1_2048_8_204832_kernel_trace.csv
[m[0;31mE20250810 11:13:43.191617 140072167569152 output_stream.cpp:105] Opened result file: ./profiles/standalone_attn_prefill_and_decode_interference_1_2048_8_204832_agent_info.csv
[m[0;33mW20250810 11:13:52.323611 140072167569152 tool.cpp:1902] rocprofv3_error_signal_handler caught signal 11...
[m# ---- Run standalone_attn_decode_decode_isolation_32_32768_32 ----
INFO 08-10 11:13:55 [__init__.py:244] Automatically detected platform rocm.
[0;31mE20250810 11:14:13.600813 140364368525056 output_stream.cpp:105] Opened result file: ./profiles/standalone_attn_decode_decode_isolation_32_32768_32_kernel_trace.csv
[m[0;31mE20250810 11:14:13.607971 140364368525056 output_stream.cpp:105] Opened result file: ./profiles/standalone_attn_decode_decode_isolation_32_32768_32_agent_info.csv
[m[0;33mW20250810 11:14:23.260767 140364368525056 tool.cpp:1902] rocprofv3_error_signal_handler caught signal 11...
[m# ---- Run standalone_attn_prefill_and_decode_interference_1_2048_8_204864 ----
INFO 08-10 11:14:00 [__init__.py:244] Automatically detected platform rocm.
[0;31mE20250810 11:14:22.968575 140208997365504 output_stream.cpp:105] Opened result file: ./profiles/standalone_attn_prefill_and_decode_interference_1_2048_8_204864_kernel_trace.csv
[m[0;31mE20250810 11:14:22.975734 140208997365504 output_stream.cpp:105] Opened result file: ./profiles/standalone_attn_prefill_and_decode_interference_1_2048_8_204864_agent_info.csv
[m[0;33mW20250810 11:14:32.112735 140208997365504 tool.cpp:1902] rocprofv3_error_signal_handler caught signal 11...
[m# ---- Run standalone_attn_decode_decode_isolation_32_32768_64 ----
INFO 08-10 11:14:31 [__init__.py:244] Automatically detected platform rocm.
[0;31mE20250810 11:14:49.455991 139775922206464 output_stream.cpp:105] Opened result file: ./profiles/standalone_attn_decode_decode_isolation_32_32768_64_kernel_trace.csv
[m[0;31mE20250810 11:14:49.463209 139775922206464 output_stream.cpp:105] Opened result file: ./profiles/standalone_attn_decode_decode_isolation_32_32768_64_agent_info.csv
[m[0;33mW20250810 11:14:58.626951 139775922206464 tool.cpp:1902] rocprofv3_error_signal_handler caught signal 11...
[m# ---- Run standalone_attn_prefill_and_decode_interference_1_2048_8_204896 ----
INFO 08-10 11:14:40 [__init__.py:244] Automatically detected platform rocm.
[0;31mE20250810 11:15:02.744279 140239236314880 output_stream.cpp:105] Opened result file: ./profiles/standalone_attn_prefill_and_decode_interference_1_2048_8_204896_kernel_trace.csv
[m[0;31mE20250810 11:15:02.752260 140239236314880 output_stream.cpp:105] Opened result file: ./profiles/standalone_attn_prefill_and_decode_interference_1_2048_8_204896_agent_info.csv
[m[0;33mW20250810 11:15:12.402242 140239236314880 tool.cpp:1902] rocprofv3_error_signal_handler caught signal 11...
[m# ---- Run standalone_attn_decode_decode_isolation_32_32768_96 ----
INFO 08-10 11:15:06 [__init__.py:244] Automatically detected platform rocm.
[0;31mE20250810 11:15:24.884410 139785216612096 output_stream.cpp:105] Opened result file: ./profiles/standalone_attn_decode_decode_isolation_32_32768_96_kernel_trace.csv
[m[0;31mE20250810 11:15:24.891812 139785216612096 output_stream.cpp:105] Opened result file: ./profiles/standalone_attn_decode_decode_isolation_32_32768_96_agent_info.csv
[m[0;33mW20250810 11:15:34.149200 139785216612096 tool.cpp:1902] rocprofv3_error_signal_handler caught signal 11...
[m# ---- Run standalone_attn_prefill_and_decode_interference_1_2048_8_2048128 ----
INFO 08-10 11:15:20 [__init__.py:244] Automatically detected platform rocm.
[0;31mE20250810 11:15:43.432046 140692592363264 output_stream.cpp:105] Opened result file: ./profiles/standalone_attn_prefill_and_decode_interference_1_2048_8_2048128_kernel_trace.csv
[m[0;31mE20250810 11:15:43.439927 140692592363264 output_stream.cpp:105] Opened result file: ./profiles/standalone_attn_prefill_and_decode_interference_1_2048_8_2048128_agent_info.csv
[m[0;33mW20250810 11:15:52.702967 140692592363264 tool.cpp:1902] rocprofv3_error_signal_handler caught signal 11...
[m# ---- Run standalone_attn_decode_decode_isolation_32_32768_128 ----
INFO 08-10 11:15:42 [__init__.py:244] Automatically detected platform rocm.
[0;31mE20250810 11:16:00.644716 140432665216768 output_stream.cpp:105] Opened result file: ./profiles/standalone_attn_decode_decode_isolation_32_32768_128_kernel_trace.csv
[m[0;31mE20250810 11:16:00.651942 140432665216768 output_stream.cpp:105] Opened result file: ./profiles/standalone_attn_decode_decode_isolation_32_32768_128_agent_info.csv
[m[0;33mW20250810 11:16:09.904841 140432665216768 tool.cpp:1902] rocprofv3_error_signal_handler caught signal 11...
[m# ---- Run standalone_attn_prefill_and_decode_interference_1_2048_8_2048160 ----
INFO 08-10 11:16:00 [__init__.py:244] Automatically detected platform rocm.
[0;31mE20250810 11:16:23.448732 140283202766592 output_stream.cpp:105] Opened result file: ./profiles/standalone_attn_prefill_and_decode_interference_1_2048_8_2048160_kernel_trace.csv
[m[0;31mE20250810 11:16:23.456128 140283202766592 output_stream.cpp:105] Opened result file: ./profiles/standalone_attn_prefill_and_decode_interference_1_2048_8_2048160_agent_info.csv
[m[0;33mW20250810 11:16:32.625135 140283202766592 tool.cpp:1902] rocprofv3_error_signal_handler caught signal 11...
[m# ---- Run standalone_attn_decode_decode_isolation_32_32768_160 ----
INFO 08-10 11:16:18 [__init__.py:244] Automatically detected platform rocm.
[0;31mE20250810 11:16:36.514967 140287761499904 output_stream.cpp:105] Opened result file: ./profiles/standalone_attn_decode_decode_isolation_32_32768_160_kernel_trace.csv
[m[0;31mE20250810 11:16:36.522858 140287761499904 output_stream.cpp:105] Opened result file: ./profiles/standalone_attn_decode_decode_isolation_32_32768_160_agent_info.csv
[m[0;33mW20250810 11:16:45.633937 140287761499904 tool.cpp:1902] rocprofv3_error_signal_handler caught signal 11...
[m# ---- Run standalone_attn_prefill_and_decode_interference_1_2048_16_2048nan ----
INFO 08-10 11:16:41 [__init__.py:244] Automatically detected platform rocm.
No masking
[0;31mE20250810 11:17:03.198426 140088880948992 output_stream.cpp:105] Opened result file: ./profiles/standalone_attn_prefill_and_decode_interference_1_2048_16_2048nan_kernel_trace.csv
[m[0;31mE20250810 11:17:03.206500 140088880948992 output_stream.cpp:105] Opened result file: ./profiles/standalone_attn_prefill_and_decode_interference_1_2048_16_2048nan_agent_info.csv
[m# ---- Run standalone_attn_decode_decode_isolation_32_65536_nan ----
INFO 08-10 11:16:54 [__init__.py:244] Automatically detected platform rocm.
[0;31mE20250810 11:17:12.152364 140571588179712 output_stream.cpp:105] Opened result file: ./profiles/standalone_attn_decode_decode_isolation_32_65536_nan_kernel_trace.csv
[m[0;31mE20250810 11:17:12.159390 140571588179712 output_stream.cpp:105] Opened result file: ./profiles/standalone_attn_decode_decode_isolation_32_65536_nan_agent_info.csv
[m# ---- Run standalone_attn_prefill_and_decode_interference_1_2048_16_204832 ----
INFO 08-10 11:17:21 [__init__.py:244] Automatically detected platform rocm.
[0;31mE20250810 11:17:42.468322 140572629235456 output_stream.cpp:105] Opened result file: ./profiles/standalone_attn_prefill_and_decode_interference_1_2048_16_204832_kernel_trace.csv
[m[0;31mE20250810 11:17:42.475705 140572629235456 output_stream.cpp:105] Opened result file: ./profiles/standalone_attn_prefill_and_decode_interference_1_2048_16_204832_agent_info.csv
[m[0;33mW20250810 11:17:51.909881 140572629235456 tool.cpp:1902] rocprofv3_error_signal_handler caught signal 11...
[m# ---- Run standalone_attn_decode_decode_isolation_32_65536_32 ----
INFO 08-10 11:17:30 [__init__.py:244] Automatically detected platform rocm.
[0;31mE20250810 11:17:48.660962 139697406498560 output_stream.cpp:105] Opened result file: ./profiles/standalone_attn_decode_decode_isolation_32_65536_32_kernel_trace.csv
[m[0;31mE20250810 11:17:48.667928 139697406498560 output_stream.cpp:105] Opened result file: ./profiles/standalone_attn_decode_decode_isolation_32_65536_32_agent_info.csv
[m[0;33mW20250810 11:17:57.916581 139697406498560 tool.cpp:1902] rocprofv3_error_signal_handler caught signal 11...
[m# ---- Run standalone_attn_prefill_and_decode_interference_1_2048_16_204864 ----
INFO 08-10 11:18:00 [__init__.py:244] Automatically detected platform rocm.
[0;31mE20250810 11:18:21.002279 140262111848192 output_stream.cpp:105] Opened result file: ./profiles/standalone_attn_prefill_and_decode_interference_1_2048_16_204864_kernel_trace.csv
[m[0;31mE20250810 11:18:21.009505 140262111848192 output_stream.cpp:105] Opened result file: ./profiles/standalone_attn_prefill_and_decode_interference_1_2048_16_204864_agent_info.csv
[m[0;33mW20250810 11:18:30.343538 140262111848192 tool.cpp:1902] rocprofv3_error_signal_handler caught signal 11...
[m# ---- Run standalone_attn_decode_decode_isolation_32_65536_64 ----
INFO 08-10 11:18:06 [__init__.py:244] Automatically detected platform rocm.
[0;31mE20250810 11:18:24.826174 140277976524544 output_stream.cpp:105] Opened result file: ./profiles/standalone_attn_decode_decode_isolation_32_65536_64_kernel_trace.csv
[m[0;31mE20250810 11:18:24.832933 140277976524544 output_stream.cpp:105] Opened result file: ./profiles/standalone_attn_decode_decode_isolation_32_65536_64_agent_info.csv
[m[0;33mW20250810 11:18:33.921354 140277976524544 tool.cpp:1902] rocprofv3_error_signal_handler caught signal 11...
[m# ---- Run standalone_attn_prefill_and_decode_interference_1_2048_16_204896 ----
INFO 08-10 11:18:38 [__init__.py:244] Automatically detected platform rocm.
[0;31mE20250810 11:18:58.343440 140628221986560 output_stream.cpp:105] Opened result file: ./profiles/standalone_attn_prefill_and_decode_interference_1_2048_16_204896_kernel_trace.csv
[m[0;31mE20250810 11:18:58.350507 140628221986560 output_stream.cpp:105] Opened result file: ./profiles/standalone_attn_prefill_and_decode_interference_1_2048_16_204896_agent_info.csv
[m[0;33mW20250810 11:19:07.467153 140628221986560 tool.cpp:1902] rocprofv3_error_signal_handler caught signal 11...
[m# ---- Run standalone_attn_decode_decode_isolation_32_65536_96 ----
INFO 08-10 11:18:42 [__init__.py:244] Automatically detected platform rocm.
[0;31mE20250810 11:19:00.317526 140100577330944 output_stream.cpp:105] Opened result file: ./profiles/standalone_attn_decode_decode_isolation_32_65536_96_kernel_trace.csv
[m[0;31mE20250810 11:19:00.324364 140100577330944 output_stream.cpp:105] Opened result file: ./profiles/standalone_attn_decode_decode_isolation_32_65536_96_agent_info.csv
[m[0;33mW20250810 11:19:09.661056 140100577330944 tool.cpp:1902] rocprofv3_error_signal_handler caught signal 11...
[m# ---- Run standalone_attn_prefill_and_decode_interference_1_2048_16_2048128 ----
INFO 08-10 11:19:15 [__init__.py:244] Automatically detected platform rocm.
[0;31mE20250810 11:19:36.355387 140503171610368 output_stream.cpp:105] Opened result file: ./profiles/standalone_attn_prefill_and_decode_interference_1_2048_16_2048128_kernel_trace.csv
[m[0;31mE20250810 11:19:36.362925 140503171610368 output_stream.cpp:105] Opened result file: ./profiles/standalone_attn_prefill_and_decode_interference_1_2048_16_2048128_agent_info.csv
[m[0;33mW20250810 11:19:45.961799 140503171610368 tool.cpp:1902] rocprofv3_error_signal_handler caught signal 11...
[m# ---- Run standalone_attn_decode_decode_isolation_32_65536_128 ----
INFO 08-10 11:19:18 [__init__.py:244] Automatically detected platform rocm.
[0;31mE20250810 11:19:36.515726 139753567622912 output_stream.cpp:105] Opened result file: ./profiles/standalone_attn_decode_decode_isolation_32_65536_128_kernel_trace.csv
[m[0;31mE20250810 11:19:36.522838 139753567622912 output_stream.cpp:105] Opened result file: ./profiles/standalone_attn_decode_decode_isolation_32_65536_128_agent_info.csv
[m[0;33mW20250810 11:19:46.463235 139753567622912 tool.cpp:1902] rocprofv3_error_signal_handler caught signal 11...
[m# ---- Run standalone_attn_decode_decode_isolation_32_65536_160 ----
INFO 08-10 11:19:55 [__init__.py:244] Automatically detected platform rocm.
[0;31mE20250810 11:20:13.572491 140183232804608 output_stream.cpp:105] Opened result file: ./profiles/standalone_attn_decode_decode_isolation_32_65536_160_kernel_trace.csv
[m[0;31mE20250810 11:20:13.579649 140183232804608 output_stream.cpp:105] Opened result file: ./profiles/standalone_attn_decode_decode_isolation_32_65536_160_agent_info.csv
[m[0;33mW20250810 11:20:22.678070 140183232804608 tool.cpp:1902] rocprofv3_error_signal_handler caught signal 11...
[m# ---- Run standalone_attn_prefill_and_decode_interference_1_2048_16_2048160 ----
INFO 08-10 11:19:54 [__init__.py:244] Automatically detected platform rocm.
[0;31mE20250810 11:20:15.281099 139944195159808 output_stream.cpp:105] Opened result file: ./profiles/standalone_attn_prefill_and_decode_interference_1_2048_16_2048160_kernel_trace.csv
[m[0;31mE20250810 11:20:15.288782 139944195159808 output_stream.cpp:105] Opened result file: ./profiles/standalone_attn_prefill_and_decode_interference_1_2048_16_2048160_agent_info.csv
[m[0;33mW20250810 11:20:24.398500 139944195159808 tool.cpp:1902] rocprofv3_error_signal_handler caught signal 11...
[m# ---- Run standalone_attn_decode_decode_isolation_32_131072_nan ----
INFO 08-10 11:20:31 [__init__.py:244] Automatically detected platform rocm.
[0;31mE20250810 11:20:49.600215 140528145270528 output_stream.cpp:105] Opened result file: ./profiles/standalone_attn_decode_decode_isolation_32_131072_nan_kernel_trace.csv
[m[0;31mE20250810 11:20:49.607183 140528145270528 output_stream.cpp:105] Opened result file: ./profiles/standalone_attn_decode_decode_isolation_32_131072_nan_agent_info.csv
[m# ---- Run standalone_attn_prefill_and_decode_interference_1_2048_32_2048nan ----
INFO 08-10 11:20:32 [__init__.py:244] Automatically detected platform rocm.
No masking
[0;31mE20250810 11:20:53.380549 139751166985984 output_stream.cpp:105] Opened result file: ./profiles/standalone_attn_prefill_and_decode_interference_1_2048_32_2048nan_kernel_trace.csv
[m[0;31mE20250810 11:20:53.387231 139751166985984 output_stream.cpp:105] Opened result file: ./profiles/standalone_attn_prefill_and_decode_interference_1_2048_32_2048nan_agent_info.csv
[m# ---- Run standalone_attn_decode_decode_isolation_32_131072_32 ----
INFO 08-10 11:21:07 [__init__.py:244] Automatically detected platform rocm.
[0;31mE20250810 11:21:26.572080 139836755511040 output_stream.cpp:105] Opened result file: ./profiles/standalone_attn_decode_decode_isolation_32_131072_32_kernel_trace.csv
[m[0;31mE20250810 11:21:26.579932 139836755511040 output_stream.cpp:105] Opened result file: ./profiles/standalone_attn_decode_decode_isolation_32_131072_32_agent_info.csv
[m[0;33mW20250810 11:21:36.346859 139836755511040 tool.cpp:1902] rocprofv3_error_signal_handler caught signal 11...
[m# ---- Run standalone_attn_prefill_and_decode_interference_1_2048_32_204832 ----
INFO 08-10 11:21:11 [__init__.py:244] Automatically detected platform rocm.
[0;31mE20250810 11:21:31.541567 140275505604352 output_stream.cpp:105] Opened result file: ./profiles/standalone_attn_prefill_and_decode_interference_1_2048_32_204832_kernel_trace.csv
[m[0;31mE20250810 11:21:31.548991 140275505604352 output_stream.cpp:105] Opened result file: ./profiles/standalone_attn_prefill_and_decode_interference_1_2048_32_204832_agent_info.csv
[m[0;33mW20250810 11:21:40.817001 140275505604352 tool.cpp:1902] rocprofv3_error_signal_handler caught signal 11...
[m# ---- Run standalone_attn_decode_decode_isolation_32_131072_64 ----
INFO 08-10 11:21:44 [__init__.py:244] Automatically detected platform rocm.
[0;31mE20250810 11:22:02.776525 140348313454336 output_stream.cpp:105] Opened result file: ./profiles/standalone_attn_decode_decode_isolation_32_131072_64_kernel_trace.csv
[m[0;31mE20250810 11:22:02.783942 140348313454336 output_stream.cpp:105] Opened result file: ./profiles/standalone_attn_decode_decode_isolation_32_131072_64_agent_info.csv
[m[0;33mW20250810 11:22:12.059480 140348313454336 tool.cpp:1902] rocprofv3_error_signal_handler caught signal 11...
[m# ---- Run standalone_attn_prefill_and_decode_interference_1_2048_32_204864 ----
INFO 08-10 11:21:49 [__init__.py:244] Automatically detected platform rocm.
[0;31mE20250810 11:22:09.704950 139678092740352 output_stream.cpp:105] Opened result file: ./profiles/standalone_attn_prefill_and_decode_interference_1_2048_32_204864_kernel_trace.csv
[m[0;31mE20250810 11:22:09.711901 139678092740352 output_stream.cpp:105] Opened result file: ./profiles/standalone_attn_prefill_and_decode_interference_1_2048_32_204864_agent_info.csv
[m[0;33mW20250810 11:22:19.004417 139678092740352 tool.cpp:1902] rocprofv3_error_signal_handler caught signal 11...
[m# ---- Run standalone_attn_decode_decode_isolation_32_131072_96 ----
INFO 08-10 11:22:20 [__init__.py:244] Automatically detected platform rocm.
[0;31mE20250810 11:22:39.637981 140632104670976 output_stream.cpp:105] Opened result file: ./profiles/standalone_attn_decode_decode_isolation_32_131072_96_kernel_trace.csv
[m[0;31mE20250810 11:22:39.645994 140632104670976 output_stream.cpp:105] Opened result file: ./profiles/standalone_attn_decode_decode_isolation_32_131072_96_agent_info.csv
[m[0;33mW20250810 11:22:49.551582 140632104670976 tool.cpp:1902] rocprofv3_error_signal_handler caught signal 11...
[m# ---- Run standalone_attn_prefill_and_decode_interference_1_2048_32_204896 ----
INFO 08-10 11:22:27 [__init__.py:244] Automatically detected platform rocm.
[0;31mE20250810 11:22:47.322655 139741410834176 output_stream.cpp:105] Opened result file: ./profiles/standalone_attn_prefill_and_decode_interference_1_2048_32_204896_kernel_trace.csv
[m[0;31mE20250810 11:22:47.330269 139741410834176 output_stream.cpp:105] Opened result file: ./profiles/standalone_attn_prefill_and_decode_interference_1_2048_32_204896_agent_info.csv
[m[0;33mW20250810 11:22:56.421361 139741410834176 tool.cpp:1902] rocprofv3_error_signal_handler caught signal 11...
[m# ---- Run standalone_attn_decode_decode_isolation_32_131072_128 ----
INFO 08-10 11:22:58 [__init__.py:244] Automatically detected platform rocm.
[0;31mE20250810 11:23:18.605752 140595304290048 output_stream.cpp:105] Opened result file: ./profiles/standalone_attn_decode_decode_isolation_32_131072_128_kernel_trace.csv
[m[0;31mE20250810 11:23:18.613338 140595304290048 output_stream.cpp:105] Opened result file: ./profiles/standalone_attn_decode_decode_isolation_32_131072_128_agent_info.csv
[m[0;33mW20250810 11:23:28.220517 140595304290048 tool.cpp:1902] rocprofv3_error_signal_handler caught signal 11...
[m# ---- Run standalone_attn_prefill_and_decode_interference_1_2048_32_2048128 ----
INFO 08-10 11:23:04 [__init__.py:244] Automatically detected platform rocm.
[0;31mE20250810 11:23:25.161980 140706255128320 output_stream.cpp:105] Opened result file: ./profiles/standalone_attn_prefill_and_decode_interference_1_2048_32_2048128_kernel_trace.csv
[m[0;31mE20250810 11:23:25.169145 140706255128320 output_stream.cpp:105] Opened result file: ./profiles/standalone_attn_prefill_and_decode_interference_1_2048_32_2048128_agent_info.csv
[m[0;33mW20250810 11:23:34.828612 140706255128320 tool.cpp:1902] rocprofv3_error_signal_handler caught signal 11...
[m# ---- Run standalone_attn_decode_decode_isolation_32_131072_160 ----
INFO 08-10 11:23:37 [__init__.py:244] Automatically detected platform rocm.
[0;31mE20250810 11:23:56.928436 140623417181952 output_stream.cpp:105] Opened result file: ./profiles/standalone_attn_decode_decode_isolation_32_131072_160_kernel_trace.csv
[m[0;31mE20250810 11:23:56.935905 140623417181952 output_stream.cpp:105] Opened result file: ./profiles/standalone_attn_decode_decode_isolation_32_131072_160_agent_info.csv
[m[0;33mW20250810 11:24:07.021628 140623417181952 tool.cpp:1902] rocprofv3_error_signal_handler caught signal 11...
[m# ---- Run standalone_attn_prefill_and_decode_interference_1_2048_32_2048160 ----
INFO 08-10 11:23:43 [__init__.py:244] Automatically detected platform rocm.
[0;31mE20250810 11:24:03.280707 140567254460160 output_stream.cpp:105] Opened result file: ./profiles/standalone_attn_prefill_and_decode_interference_1_2048_32_2048160_kernel_trace.csv
[m[0;31mE20250810 11:24:03.288102 140567254460160 output_stream.cpp:105] Opened result file: ./profiles/standalone_attn_prefill_and_decode_interference_1_2048_32_2048160_agent_info.csv
[m[0;33mW20250810 11:24:12.431418 140567254460160 tool.cpp:1902] rocprofv3_error_signal_handler caught signal 11...
[m# ---- Run standalone_attn_prefill_and_decode_interference_1_2048_64_2048nan ----
INFO 08-10 11:24:20 [__init__.py:244] Automatically detected platform rocm.
No masking
[0;31mE20250810 11:24:42.216719 139966669739776 output_stream.cpp:105] Opened result file: ./profiles/standalone_attn_prefill_and_decode_interference_1_2048_64_2048nan_kernel_trace.csv
[m[0;31mE20250810 11:24:42.224288 139966669739776 output_stream.cpp:105] Opened result file: ./profiles/standalone_attn_prefill_and_decode_interference_1_2048_64_2048nan_agent_info.csv
[m# ---- Run standalone_attn_prefill_and_decode_interference_1_2048_64_204832 ----
INFO 08-10 11:25:00 [__init__.py:244] Automatically detected platform rocm.
[0;31mE20250810 11:25:22.031530 139676085393152 output_stream.cpp:105] Opened result file: ./profiles/standalone_attn_prefill_and_decode_interference_1_2048_64_204832_kernel_trace.csv
[m[0;31mE20250810 11:25:22.039534 139676085393152 output_stream.cpp:105] Opened result file: ./profiles/standalone_attn_prefill_and_decode_interference_1_2048_64_204832_agent_info.csv
[m[0;33mW20250810 11:25:31.536737 139676085393152 tool.cpp:1902] rocprofv3_error_signal_handler caught signal 11...
[m# ---- Run standalone_attn_prefill_and_decode_interference_1_2048_64_204864 ----
INFO 08-10 11:25:39 [__init__.py:244] Automatically detected platform rocm.
[0;31mE20250810 11:25:59.616833 140509727393536 output_stream.cpp:105] Opened result file: ./profiles/standalone_attn_prefill_and_decode_interference_1_2048_64_204864_kernel_trace.csv
[m[0;31mE20250810 11:25:59.624762 140509727393536 output_stream.cpp:105] Opened result file: ./profiles/standalone_attn_prefill_and_decode_interference_1_2048_64_204864_agent_info.csv
[m[0;33mW20250810 11:26:09.074758 140509727393536 tool.cpp:1902] rocprofv3_error_signal_handler caught signal 11...
[m# ---- Run standalone_attn_prefill_and_decode_interference_1_2048_64_204896 ----
INFO 08-10 11:26:17 [__init__.py:244] Automatically detected platform rocm.
[0;31mE20250810 11:26:39.060924 140242046928640 output_stream.cpp:105] Opened result file: ./profiles/standalone_attn_prefill_and_decode_interference_1_2048_64_204896_kernel_trace.csv
[m[0;31mE20250810 11:26:39.068827 140242046928640 output_stream.cpp:105] Opened result file: ./profiles/standalone_attn_prefill_and_decode_interference_1_2048_64_204896_agent_info.csv
[m[0;33mW20250810 11:26:48.571762 140242046928640 tool.cpp:1902] rocprofv3_error_signal_handler caught signal 11...
[m# ---- Run standalone_attn_prefill_and_decode_interference_1_2048_64_2048128 ----
INFO 08-10 11:26:58 [__init__.py:244] Automatically detected platform rocm.
[0;31mE20250810 11:27:19.977493 140668701992704 output_stream.cpp:105] Opened result file: ./profiles/standalone_attn_prefill_and_decode_interference_1_2048_64_2048128_kernel_trace.csv
[m[0;31mE20250810 11:27:19.984587 140668701992704 output_stream.cpp:105] Opened result file: ./profiles/standalone_attn_prefill_and_decode_interference_1_2048_64_2048128_agent_info.csv
[m[0;33mW20250810 11:27:29.158962 140668701992704 tool.cpp:1902] rocprofv3_error_signal_handler caught signal 11...
[m# ---- Run standalone_attn_prefill_and_decode_interference_1_2048_64_2048160 ----
INFO 08-10 11:27:37 [__init__.py:244] Automatically detected platform rocm.
[0;31mE20250810 11:27:56.864423 140068297000704 output_stream.cpp:105] Opened result file: ./profiles/standalone_attn_prefill_and_decode_interference_1_2048_64_2048160_kernel_trace.csv
[m[0;31mE20250810 11:27:56.871637 140068297000704 output_stream.cpp:105] Opened result file: ./profiles/standalone_attn_prefill_and_decode_interference_1_2048_64_2048160_agent_info.csv
[m[0;33mW20250810 11:28:06.488104 140068297000704 tool.cpp:1902] rocprofv3_error_signal_handler caught signal 11...
[m# ---- Run standalone_attn_prefill_and_decode_interference_1_2048_128_2048nan ----
INFO 08-10 11:28:14 [__init__.py:244] Automatically detected platform rocm.
No masking
[0;31mE20250810 11:28:34.727517 139807374817024 output_stream.cpp:105] Opened result file: ./profiles/standalone_attn_prefill_and_decode_interference_1_2048_128_2048nan_kernel_trace.csv
[m[0;31mE20250810 11:28:34.734912 139807374817024 output_stream.cpp:105] Opened result file: ./profiles/standalone_attn_prefill_and_decode_interference_1_2048_128_2048nan_agent_info.csv
[m# ---- Run standalone_attn_prefill_and_decode_interference_1_2048_128_204832 ----
INFO 08-10 11:28:53 [__init__.py:244] Automatically detected platform rocm.
[0;31mE20250810 11:29:15.143186 140046557304576 output_stream.cpp:105] Opened result file: ./profiles/standalone_attn_prefill_and_decode_interference_1_2048_128_204832_kernel_trace.csv
[m[0;31mE20250810 11:29:15.150780 140046557304576 output_stream.cpp:105] Opened result file: ./profiles/standalone_attn_prefill_and_decode_interference_1_2048_128_204832_agent_info.csv
[m[0;33mW20250810 11:29:24.840881 140046557304576 tool.cpp:1902] rocprofv3_error_signal_handler caught signal 11...
[m# ---- Run standalone_attn_prefill_and_decode_interference_1_2048_128_204864 ----
INFO 08-10 11:29:34 [__init__.py:244] Automatically detected platform rocm.
[0;31mE20250810 11:29:56.244219 140395124926208 output_stream.cpp:105] Opened result file: ./profiles/standalone_attn_prefill_and_decode_interference_1_2048_128_204864_kernel_trace.csv
[m[0;31mE20250810 11:29:56.251834 140395124926208 output_stream.cpp:105] Opened result file: ./profiles/standalone_attn_prefill_and_decode_interference_1_2048_128_204864_agent_info.csv
[m[0;33mW20250810 11:30:05.843455 140395124926208 tool.cpp:1902] rocprofv3_error_signal_handler caught signal 11...
[m# ---- Run standalone_attn_prefill_and_decode_interference_1_2048_128_204896 ----
INFO 08-10 11:30:14 [__init__.py:244] Automatically detected platform rocm.
[0;31mE20250810 11:30:35.964810 140445324461824 output_stream.cpp:105] Opened result file: ./profiles/standalone_attn_prefill_and_decode_interference_1_2048_128_204896_kernel_trace.csv
[m[0;31mE20250810 11:30:35.972595 140445324461824 output_stream.cpp:105] Opened result file: ./profiles/standalone_attn_prefill_and_decode_interference_1_2048_128_204896_agent_info.csv
[m[0;33mW20250810 11:30:45.451178 140445324461824 tool.cpp:1902] rocprofv3_error_signal_handler caught signal 11...
[m# ---- Run standalone_attn_prefill_and_decode_interference_1_2048_128_2048128 ----
INFO 08-10 11:30:53 [__init__.py:244] Automatically detected platform rocm.
[0;31mE20250810 11:31:14.180749 140426177521408 output_stream.cpp:105] Opened result file: ./profiles/standalone_attn_prefill_and_decode_interference_1_2048_128_2048128_kernel_trace.csv
[m[0;31mE20250810 11:31:14.188083 140426177521408 output_stream.cpp:105] Opened result file: ./profiles/standalone_attn_prefill_and_decode_interference_1_2048_128_2048128_agent_info.csv
[m[0;33mW20250810 11:31:23.495072 140426177521408 tool.cpp:1902] rocprofv3_error_signal_handler caught signal 11...
[m# ---- Run standalone_attn_prefill_and_decode_interference_1_2048_128_2048160 ----
INFO 08-10 11:31:31 [__init__.py:244] Automatically detected platform rocm.
[0;31mE20250810 11:31:53.753301 140236239845120 output_stream.cpp:105] Opened result file: ./profiles/standalone_attn_prefill_and_decode_interference_1_2048_128_2048160_kernel_trace.csv
[m[0;31mE20250810 11:31:53.761138 140236239845120 output_stream.cpp:105] Opened result file: ./profiles/standalone_attn_prefill_and_decode_interference_1_2048_128_2048160_agent_info.csv
[m[0;33mW20250810 11:32:03.413478 140236239845120 tool.cpp:1902] rocprofv3_error_signal_handler caught signal 11...
[m# ---- Run standalone_attn_prefill_and_decode_interference_1_4096_1_2048nan ----
INFO 08-10 11:32:12 [__init__.py:244] Automatically detected platform rocm.
No masking
[0;31mE20250810 11:32:37.138249 139815972345600 output_stream.cpp:105] Opened result file: ./profiles/standalone_attn_prefill_and_decode_interference_1_4096_1_2048nan_kernel_trace.csv
[m[0;31mE20250810 11:32:37.145692 139815972345600 output_stream.cpp:105] Opened result file: ./profiles/standalone_attn_prefill_and_decode_interference_1_4096_1_2048nan_agent_info.csv
[m# ---- Run standalone_attn_prefill_and_decode_interference_1_4096_1_204832 ----
INFO 08-10 11:32:56 [__init__.py:244] Automatically detected platform rocm.
[0;31mE20250810 11:33:20.037127 140109040998144 output_stream.cpp:105] Opened result file: ./profiles/standalone_attn_prefill_and_decode_interference_1_4096_1_204832_kernel_trace.csv
[m[0;31mE20250810 11:33:20.044520 140109040998144 output_stream.cpp:105] Opened result file: ./profiles/standalone_attn_prefill_and_decode_interference_1_4096_1_204832_agent_info.csv
[m[0;33mW20250810 11:33:29.178319 140109040998144 tool.cpp:1902] rocprofv3_error_signal_handler caught signal 11...
[m# ---- Run standalone_attn_prefill_and_decode_interference_1_4096_1_204864 ----
INFO 08-10 11:33:37 [__init__.py:244] Automatically detected platform rocm.
[0;31mE20250810 11:33:58.954939 140464058062592 output_stream.cpp:105] Opened result file: ./profiles/standalone_attn_prefill_and_decode_interference_1_4096_1_204864_kernel_trace.csv
[m[0;31mE20250810 11:33:58.962991 140464058062592 output_stream.cpp:105] Opened result file: ./profiles/standalone_attn_prefill_and_decode_interference_1_4096_1_204864_agent_info.csv
[m[0;33mW20250810 11:34:08.133747 140464058062592 tool.cpp:1902] rocprofv3_error_signal_handler caught signal 11...
[m# ---- Run standalone_attn_prefill_and_decode_interference_1_4096_1_204896 ----
INFO 08-10 11:34:16 [__init__.py:244] Automatically detected platform rocm.
[0;31mE20250810 11:34:38.451214 140132175677184 output_stream.cpp:105] Opened result file: ./profiles/standalone_attn_prefill_and_decode_interference_1_4096_1_204896_kernel_trace.csv
[m[0;31mE20250810 11:34:38.458830 140132175677184 output_stream.cpp:105] Opened result file: ./profiles/standalone_attn_prefill_and_decode_interference_1_4096_1_204896_agent_info.csv
[m[0;33mW20250810 11:34:48.261966 140132175677184 tool.cpp:1902] rocprofv3_error_signal_handler caught signal 11...
[m# ---- Run standalone_attn_prefill_and_decode_interference_1_4096_1_2048128 ----
INFO 08-10 11:34:56 [__init__.py:244] Automatically detected platform rocm.
[0;31mE20250810 11:35:19.161301 140001456006912 output_stream.cpp:105] Opened result file: ./profiles/standalone_attn_prefill_and_decode_interference_1_4096_1_2048128_kernel_trace.csv
[m[0;31mE20250810 11:35:19.168844 140001456006912 output_stream.cpp:105] Opened result file: ./profiles/standalone_attn_prefill_and_decode_interference_1_4096_1_2048128_agent_info.csv
[m[0;33mW20250810 11:35:28.368502 140001456006912 tool.cpp:1902] rocprofv3_error_signal_handler caught signal 11...
[m# ---- Run standalone_attn_prefill_and_decode_interference_1_4096_1_2048160 ----
INFO 08-10 11:35:36 [__init__.py:244] Automatically detected platform rocm.
[0;31mE20250810 11:35:59.530902 139934133262080 output_stream.cpp:105] Opened result file: ./profiles/standalone_attn_prefill_and_decode_interference_1_4096_1_2048160_kernel_trace.csv
[m[0;31mE20250810 11:35:59.538526 139934133262080 output_stream.cpp:105] Opened result file: ./profiles/standalone_attn_prefill_and_decode_interference_1_4096_1_2048160_agent_info.csv
[m[0;33mW20250810 11:36:09.100359 139934133262080 tool.cpp:1902] rocprofv3_error_signal_handler caught signal 11...
[m# ---- Run standalone_attn_prefill_and_decode_interference_1_4096_8_2048nan ----
INFO 08-10 11:36:17 [__init__.py:244] Automatically detected platform rocm.
No masking
[0;31mE20250810 11:36:39.945746 140488186246912 output_stream.cpp:105] Opened result file: ./profiles/standalone_attn_prefill_and_decode_interference_1_4096_8_2048nan_kernel_trace.csv
[m[0;31mE20250810 11:36:39.953472 140488186246912 output_stream.cpp:105] Opened result file: ./profiles/standalone_attn_prefill_and_decode_interference_1_4096_8_2048nan_agent_info.csv
[m# ---- Run standalone_attn_prefill_and_decode_interference_1_4096_8_204832 ----
INFO 08-10 11:36:57 [__init__.py:244] Automatically detected platform rocm.
[0;31mE20250810 11:37:19.723194 140060243900160 output_stream.cpp:105] Opened result file: ./profiles/standalone_attn_prefill_and_decode_interference_1_4096_8_204832_kernel_trace.csv
[m[0;31mE20250810 11:37:19.730836 140060243900160 output_stream.cpp:105] Opened result file: ./profiles/standalone_attn_prefill_and_decode_interference_1_4096_8_204832_agent_info.csv
[m[0;33mW20250810 11:37:29.364213 140060243900160 tool.cpp:1902] rocprofv3_error_signal_handler caught signal 11...
[m# ---- Run standalone_attn_prefill_and_decode_interference_1_4096_8_204864 ----
INFO 08-10 11:37:37 [__init__.py:244] Automatically detected platform rocm.
[0;31mE20250810 11:38:00.026520 139680507479808 output_stream.cpp:105] Opened result file: ./profiles/standalone_attn_prefill_and_decode_interference_1_4096_8_204864_kernel_trace.csv
[m[0;31mE20250810 11:38:00.034343 139680507479808 output_stream.cpp:105] Opened result file: ./profiles/standalone_attn_prefill_and_decode_interference_1_4096_8_204864_agent_info.csv
[m[0;33mW20250810 11:38:09.623680 139680507479808 tool.cpp:1902] rocprofv3_error_signal_handler caught signal 11...
[m# ---- Run standalone_attn_prefill_and_decode_interference_1_4096_8_204896 ----
INFO 08-10 11:38:17 [__init__.py:244] Automatically detected platform rocm.
[0;31mE20250810 11:38:39.523953 140632888452864 output_stream.cpp:105] Opened result file: ./profiles/standalone_attn_prefill_and_decode_interference_1_4096_8_204896_kernel_trace.csv
[m[0;31mE20250810 11:38:39.531497 140632888452864 output_stream.cpp:105] Opened result file: ./profiles/standalone_attn_prefill_and_decode_interference_1_4096_8_204896_agent_info.csv
[m[0;33mW20250810 11:38:49.001024 140632888452864 tool.cpp:1902] rocprofv3_error_signal_handler caught signal 11...
[m# ---- Run standalone_attn_prefill_and_decode_interference_1_4096_8_2048128 ----
INFO 08-10 11:38:57 [__init__.py:244] Automatically detected platform rocm.
[0;31mE20250810 11:39:19.357891 140102024238848 output_stream.cpp:105] Opened result file: ./profiles/standalone_attn_prefill_and_decode_interference_1_4096_8_2048128_kernel_trace.csv
[m[0;31mE20250810 11:39:19.365354 140102024238848 output_stream.cpp:105] Opened result file: ./profiles/standalone_attn_prefill_and_decode_interference_1_4096_8_2048128_agent_info.csv
[m[0;33mW20250810 11:39:28.772697 140102024238848 tool.cpp:1902] rocprofv3_error_signal_handler caught signal 11...
[m# ---- Run standalone_attn_prefill_and_decode_interference_1_4096_8_2048160 ----
INFO 08-10 11:39:37 [__init__.py:244] Automatically detected platform rocm.
[0;31mE20250810 11:39:59.285633 140080967894784 output_stream.cpp:105] Opened result file: ./profiles/standalone_attn_prefill_and_decode_interference_1_4096_8_2048160_kernel_trace.csv
[m[0;31mE20250810 11:39:59.292896 140080967894784 output_stream.cpp:105] Opened result file: ./profiles/standalone_attn_prefill_and_decode_interference_1_4096_8_2048160_agent_info.csv
[m[0;33mW20250810 11:40:09.068353 140080967894784 tool.cpp:1902] rocprofv3_error_signal_handler caught signal 11...
[m# ---- Run standalone_attn_prefill_and_decode_interference_1_4096_16_2048nan ----
INFO 08-10 11:40:17 [__init__.py:244] Automatically detected platform rocm.
No masking
[0;31mE20250810 11:40:36.881531 140437253347072 output_stream.cpp:105] Opened result file: ./profiles/standalone_attn_prefill_and_decode_interference_1_4096_16_2048nan_kernel_trace.csv
[m[0;31mE20250810 11:40:36.888688 140437253347072 output_stream.cpp:105] Opened result file: ./profiles/standalone_attn_prefill_and_decode_interference_1_4096_16_2048nan_agent_info.csv
[m# ---- Run standalone_attn_prefill_and_decode_interference_1_4096_16_204832 ----
INFO 08-10 11:40:54 [__init__.py:244] Automatically detected platform rocm.
[0;31mE20250810 11:41:15.284080 140434298459904 output_stream.cpp:105] Opened result file: ./profiles/standalone_attn_prefill_and_decode_interference_1_4096_16_204832_kernel_trace.csv
[m[0;31mE20250810 11:41:15.291218 140434298459904 output_stream.cpp:105] Opened result file: ./profiles/standalone_attn_prefill_and_decode_interference_1_4096_16_204832_agent_info.csv
[m[0;33mW20250810 11:41:24.253195 140434298459904 tool.cpp:1902] rocprofv3_error_signal_handler caught signal 11...
[m# ---- Run standalone_attn_prefill_and_decode_interference_1_4096_16_204864 ----
INFO 08-10 11:41:32 [__init__.py:244] Automatically detected platform rocm.
[0;31mE20250810 11:41:52.764876 140216620189440 output_stream.cpp:105] Opened result file: ./profiles/standalone_attn_prefill_and_decode_interference_1_4096_16_204864_kernel_trace.csv
[m[0;31mE20250810 11:41:52.771910 140216620189440 output_stream.cpp:105] Opened result file: ./profiles/standalone_attn_prefill_and_decode_interference_1_4096_16_204864_agent_info.csv
[m[0;33mW20250810 11:42:01.826901 140216620189440 tool.cpp:1902] rocprofv3_error_signal_handler caught signal 11...
[m# ---- Run standalone_attn_prefill_and_decode_interference_1_4096_16_204896 ----
INFO 08-10 11:42:10 [__init__.py:244] Automatically detected platform rocm.
[0;31mE20250810 11:42:30.257696 140363240158976 output_stream.cpp:105] Opened result file: ./profiles/standalone_attn_prefill_and_decode_interference_1_4096_16_204896_kernel_trace.csv
[m[0;31mE20250810 11:42:30.264707 140363240158976 output_stream.cpp:105] Opened result file: ./profiles/standalone_attn_prefill_and_decode_interference_1_4096_16_204896_agent_info.csv
[m[0;33mW20250810 11:42:39.505045 140363240158976 tool.cpp:1902] rocprofv3_error_signal_handler caught signal 11...
[m# ---- Run standalone_attn_prefill_and_decode_interference_1_4096_16_2048128 ----
INFO 08-10 11:42:47 [__init__.py:244] Automatically detected platform rocm.
[0;31mE20250810 11:43:07.761903 140468573738752 output_stream.cpp:105] Opened result file: ./profiles/standalone_attn_prefill_and_decode_interference_1_4096_16_2048128_kernel_trace.csv
[m[0;31mE20250810 11:43:07.769643 140468573738752 output_stream.cpp:105] Opened result file: ./profiles/standalone_attn_prefill_and_decode_interference_1_4096_16_2048128_agent_info.csv
[m[0;33mW20250810 11:43:17.466535 140468573738752 tool.cpp:1902] rocprofv3_error_signal_handler caught signal 11...
[m# ---- Run standalone_attn_prefill_and_decode_interference_1_4096_16_2048160 ----
INFO 08-10 11:43:25 [__init__.py:244] Automatically detected platform rocm.
[0;31mE20250810 11:43:47.691072 140334990419712 output_stream.cpp:105] Opened result file: ./profiles/standalone_attn_prefill_and_decode_interference_1_4096_16_2048160_kernel_trace.csv
[m[0;31mE20250810 11:43:47.698786 140334990419712 output_stream.cpp:105] Opened result file: ./profiles/standalone_attn_prefill_and_decode_interference_1_4096_16_2048160_agent_info.csv
[m[0;33mW20250810 11:43:56.880321 140334990419712 tool.cpp:1902] rocprofv3_error_signal_handler caught signal 11...
[m# ---- Run standalone_attn_prefill_and_decode_interference_1_4096_32_2048nan ----
INFO 08-10 11:44:06 [__init__.py:244] Automatically detected platform rocm.
No masking
[0;31mE20250810 11:44:27.443755 140437987075840 output_stream.cpp:105] Opened result file: ./profiles/standalone_attn_prefill_and_decode_interference_1_4096_32_2048nan_kernel_trace.csv
[m[0;31mE20250810 11:44:27.451735 140437987075840 output_stream.cpp:105] Opened result file: ./profiles/standalone_attn_prefill_and_decode_interference_1_4096_32_2048nan_agent_info.csv
[m# ---- Run standalone_attn_prefill_and_decode_interference_1_4096_32_204832 ----
INFO 08-10 11:44:45 [__init__.py:244] Automatically detected platform rocm.
[0;31mE20250810 11:45:05.941740 140268127282944 output_stream.cpp:105] Opened result file: ./profiles/standalone_attn_prefill_and_decode_interference_1_4096_32_204832_kernel_trace.csv
[m[0;31mE20250810 11:45:05.949748 140268127282944 output_stream.cpp:105] Opened result file: ./profiles/standalone_attn_prefill_and_decode_interference_1_4096_32_204832_agent_info.csv
[m[0;33mW20250810 11:45:15.860009 140268127282944 tool.cpp:1902] rocprofv3_error_signal_handler caught signal 11...
[m# ---- Run standalone_attn_prefill_and_decode_interference_1_4096_32_204864 ----
INFO 08-10 11:45:23 [__init__.py:244] Automatically detected platform rocm.
[0;31mE20250810 11:45:43.960011 139810309265152 output_stream.cpp:105] Opened result file: ./profiles/standalone_attn_prefill_and_decode_interference_1_4096_32_204864_kernel_trace.csv
[m[0;31mE20250810 11:45:43.967714 139810309265152 output_stream.cpp:105] Opened result file: ./profiles/standalone_attn_prefill_and_decode_interference_1_4096_32_204864_agent_info.csv
[m[0;33mW20250810 11:45:53.763474 139810309265152 tool.cpp:1902] rocprofv3_error_signal_handler caught signal 11...
[m# ---- Run standalone_attn_prefill_and_decode_interference_1_4096_32_204896 ----
INFO 08-10 11:46:01 [__init__.py:244] Automatically detected platform rocm.
[0;31mE20250810 11:46:22.070185 140300818978560 output_stream.cpp:105] Opened result file: ./profiles/standalone_attn_prefill_and_decode_interference_1_4096_32_204896_kernel_trace.csv
[m[0;31mE20250810 11:46:22.077775 140300818978560 output_stream.cpp:105] Opened result file: ./profiles/standalone_attn_prefill_and_decode_interference_1_4096_32_204896_agent_info.csv
[m[0;33mW20250810 11:46:31.402891 140300818978560 tool.cpp:1902] rocprofv3_error_signal_handler caught signal 11...
[m# ---- Run standalone_attn_prefill_and_decode_interference_1_4096_32_2048128 ----
INFO 08-10 11:46:39 [__init__.py:244] Automatically detected platform rocm.
[0;31mE20250810 11:46:59.763554 140301589145344 output_stream.cpp:105] Opened result file: ./profiles/standalone_attn_prefill_and_decode_interference_1_4096_32_2048128_kernel_trace.csv
[m[0;31mE20250810 11:46:59.771594 140301589145344 output_stream.cpp:105] Opened result file: ./profiles/standalone_attn_prefill_and_decode_interference_1_4096_32_2048128_agent_info.csv
[m[0;33mW20250810 11:47:09.169603 140301589145344 tool.cpp:1902] rocprofv3_error_signal_handler caught signal 11...
[m# ---- Run standalone_attn_prefill_and_decode_interference_1_4096_32_2048160 ----
INFO 08-10 11:47:17 [__init__.py:244] Automatically detected platform rocm.
[0;31mE20250810 11:47:37.568236 139814539081472 output_stream.cpp:105] Opened result file: ./profiles/standalone_attn_prefill_and_decode_interference_1_4096_32_2048160_kernel_trace.csv
[m[0;31mE20250810 11:47:37.575621 139814539081472 output_stream.cpp:105] Opened result file: ./profiles/standalone_attn_prefill_and_decode_interference_1_4096_32_2048160_agent_info.csv
[m[0;33mW20250810 11:47:47.004002 139814539081472 tool.cpp:1902] rocprofv3_error_signal_handler caught signal 11...
[m# ---- Run standalone_attn_prefill_and_decode_interference_1_4096_64_2048nan ----
INFO 08-10 11:47:55 [__init__.py:244] Automatically detected platform rocm.
No masking
[0;31mE20250810 11:48:16.068306 139731145176832 output_stream.cpp:105] Opened result file: ./profiles/standalone_attn_prefill_and_decode_interference_1_4096_64_2048nan_kernel_trace.csv
[m[0;31mE20250810 11:48:16.075853 139731145176832 output_stream.cpp:105] Opened result file: ./profiles/standalone_attn_prefill_and_decode_interference_1_4096_64_2048nan_agent_info.csv
[m# ---- Run standalone_attn_prefill_and_decode_interference_1_4096_64_204832 ----
INFO 08-10 11:48:33 [__init__.py:244] Automatically detected platform rocm.
[0;31mE20250810 11:48:53.835168 140347065186048 output_stream.cpp:105] Opened result file: ./profiles/standalone_attn_prefill_and_decode_interference_1_4096_64_204832_kernel_trace.csv
[m[0;31mE20250810 11:48:53.842757 140347065186048 output_stream.cpp:105] Opened result file: ./profiles/standalone_attn_prefill_and_decode_interference_1_4096_64_204832_agent_info.csv
[m[0;33mW20250810 11:49:04.116288 140347065186048 tool.cpp:1902] rocprofv3_error_signal_handler caught signal 11...
[m# ---- Run standalone_attn_prefill_and_decode_interference_1_4096_64_204864 ----
INFO 08-10 11:49:12 [__init__.py:244] Automatically detected platform rocm.
[0;31mE20250810 11:49:32.921210 139689885349632 output_stream.cpp:105] Opened result file: ./profiles/standalone_attn_prefill_and_decode_interference_1_4096_64_204864_kernel_trace.csv
[m[0;31mE20250810 11:49:32.929161 139689885349632 output_stream.cpp:105] Opened result file: ./profiles/standalone_attn_prefill_and_decode_interference_1_4096_64_204864_agent_info.csv
[m[0;33mW20250810 11:49:42.373948 139689885349632 tool.cpp:1902] rocprofv3_error_signal_handler caught signal 11...
[m# ---- Run standalone_attn_prefill_and_decode_interference_1_4096_64_204896 ----
INFO 08-10 11:49:50 [__init__.py:244] Automatically detected platform rocm.
[0;31mE20250810 11:50:11.652719 140257401620224 output_stream.cpp:105] Opened result file: ./profiles/standalone_attn_prefill_and_decode_interference_1_4096_64_204896_kernel_trace.csv
[m[0;31mE20250810 11:50:11.660431 140257401620224 output_stream.cpp:105] Opened result file: ./profiles/standalone_attn_prefill_and_decode_interference_1_4096_64_204896_agent_info.csv
[m[0;33mW20250810 11:50:20.942882 140257401620224 tool.cpp:1902] rocprofv3_error_signal_handler caught signal 11...
[m# ---- Run standalone_attn_prefill_and_decode_interference_1_4096_64_2048128 ----
INFO 08-10 11:50:29 [__init__.py:244] Automatically detected platform rocm.
[0;31mE20250810 11:50:50.660019 140697842841344 output_stream.cpp:105] Opened result file: ./profiles/standalone_attn_prefill_and_decode_interference_1_4096_64_2048128_kernel_trace.csv
[m[0;31mE20250810 11:50:50.667506 140697842841344 output_stream.cpp:105] Opened result file: ./profiles/standalone_attn_prefill_and_decode_interference_1_4096_64_2048128_agent_info.csv
[m[0;33mW20250810 11:51:00.655099 140697842841344 tool.cpp:1902] rocprofv3_error_signal_handler caught signal 11...
[m# ---- Run standalone_attn_prefill_and_decode_interference_1_4096_64_2048160 ----
INFO 08-10 11:51:09 [__init__.py:244] Automatically detected platform rocm.
[0;31mE20250810 11:51:30.584026 140365244294912 output_stream.cpp:105] Opened result file: ./profiles/standalone_attn_prefill_and_decode_interference_1_4096_64_2048160_kernel_trace.csv
[m[0;31mE20250810 11:51:30.591563 140365244294912 output_stream.cpp:105] Opened result file: ./profiles/standalone_attn_prefill_and_decode_interference_1_4096_64_2048160_agent_info.csv
[m[0;33mW20250810 11:51:39.921113 140365244294912 tool.cpp:1902] rocprofv3_error_signal_handler caught signal 11...
[m# ---- Run standalone_attn_prefill_and_decode_interference_1_4096_128_2048nan ----
INFO 08-10 11:51:48 [__init__.py:244] Automatically detected platform rocm.
No masking
[0;31mE20250810 11:52:08.928042 140576350533376 output_stream.cpp:105] Opened result file: ./profiles/standalone_attn_prefill_and_decode_interference_1_4096_128_2048nan_kernel_trace.csv
[m[0;31mE20250810 11:52:08.935619 140576350533376 output_stream.cpp:105] Opened result file: ./profiles/standalone_attn_prefill_and_decode_interference_1_4096_128_2048nan_agent_info.csv
[m# ---- Run standalone_attn_prefill_and_decode_interference_1_4096_128_204832 ----
INFO 08-10 11:52:27 [__init__.py:244] Automatically detected platform rocm.
[0;31mE20250810 11:52:48.034291 140005854463744 output_stream.cpp:105] Opened result file: ./profiles/standalone_attn_prefill_and_decode_interference_1_4096_128_204832_kernel_trace.csv
[m[0;31mE20250810 11:52:48.041897 140005854463744 output_stream.cpp:105] Opened result file: ./profiles/standalone_attn_prefill_and_decode_interference_1_4096_128_204832_agent_info.csv
[m[0;33mW20250810 11:52:57.171770 140005854463744 tool.cpp:1902] rocprofv3_error_signal_handler caught signal 11...
[m# ---- Run standalone_attn_prefill_and_decode_interference_1_4096_128_204864 ----
INFO 08-10 11:53:05 [__init__.py:244] Automatically detected platform rocm.
[0;31mE20250810 11:53:27.330530 140638261090048 output_stream.cpp:105] Opened result file: ./profiles/standalone_attn_prefill_and_decode_interference_1_4096_128_204864_kernel_trace.csv
[m[0;31mE20250810 11:53:27.338453 140638261090048 output_stream.cpp:105] Opened result file: ./profiles/standalone_attn_prefill_and_decode_interference_1_4096_128_204864_agent_info.csv
[m[0;33mW20250810 11:53:36.863476 140638261090048 tool.cpp:1902] rocprofv3_error_signal_handler caught signal 11...
[m# ---- Run standalone_attn_prefill_and_decode_interference_1_4096_128_204896 ----
INFO 08-10 11:53:45 [__init__.py:244] Automatically detected platform rocm.
[0;31mE20250810 11:54:06.828493 140663008646912 output_stream.cpp:105] Opened result file: ./profiles/standalone_attn_prefill_and_decode_interference_1_4096_128_204896_kernel_trace.csv
[m[0;31mE20250810 11:54:06.835956 140663008646912 output_stream.cpp:105] Opened result file: ./profiles/standalone_attn_prefill_and_decode_interference_1_4096_128_204896_agent_info.csv
[m[0;33mW20250810 11:54:16.513296 140663008646912 tool.cpp:1902] rocprofv3_error_signal_handler caught signal 11...
[m# ---- Run standalone_attn_prefill_and_decode_interference_1_4096_128_2048128 ----
INFO 08-10 11:54:25 [__init__.py:244] Automatically detected platform rocm.
[0;31mE20250810 11:54:46.398863 139934256146176 output_stream.cpp:105] Opened result file: ./profiles/standalone_attn_prefill_and_decode_interference_1_4096_128_2048128_kernel_trace.csv
[m[0;31mE20250810 11:54:46.406417 139934256146176 output_stream.cpp:105] Opened result file: ./profiles/standalone_attn_prefill_and_decode_interference_1_4096_128_2048128_agent_info.csv
[m[0;33mW20250810 11:54:56.312276 139934256146176 tool.cpp:1902] rocprofv3_error_signal_handler caught signal 11...
[m# ---- Run standalone_attn_prefill_and_decode_interference_1_4096_128_2048160 ----
INFO 08-10 11:55:04 [__init__.py:244] Automatically detected platform rocm.
[0;31mE20250810 11:55:26.143271 139877060491008 output_stream.cpp:105] Opened result file: ./profiles/standalone_attn_prefill_and_decode_interference_1_4096_128_2048160_kernel_trace.csv
[m[0;31mE20250810 11:55:26.150885 139877060491008 output_stream.cpp:105] Opened result file: ./profiles/standalone_attn_prefill_and_decode_interference_1_4096_128_2048160_agent_info.csv
[m[0;33mW20250810 11:55:35.940440 139877060491008 tool.cpp:1902] rocprofv3_error_signal_handler caught signal 11...
[m# ---- Run standalone_attn_prefill_and_decode_interference_1_8192_1_2048nan ----
INFO 08-10 11:55:44 [__init__.py:244] Automatically detected platform rocm.
No masking
[0;31mE20250810 11:56:07.299369 139888681375488 output_stream.cpp:105] Opened result file: ./profiles/standalone_attn_prefill_and_decode_interference_1_8192_1_2048nan_kernel_trace.csv
[m[0;31mE20250810 11:56:07.306856 139888681375488 output_stream.cpp:105] Opened result file: ./profiles/standalone_attn_prefill_and_decode_interference_1_8192_1_2048nan_agent_info.csv
[m# ---- Run standalone_attn_prefill_and_decode_interference_1_8192_1_204832 ----
INFO 08-10 11:56:25 [__init__.py:244] Automatically detected platform rocm.
[0;31mE20250810 11:56:48.405247 140574523594496 output_stream.cpp:105] Opened result file: ./profiles/standalone_attn_prefill_and_decode_interference_1_8192_1_204832_kernel_trace.csv
[m[0;31mE20250810 11:56:48.412835 140574523594496 output_stream.cpp:105] Opened result file: ./profiles/standalone_attn_prefill_and_decode_interference_1_8192_1_204832_agent_info.csv
[m[0;33mW20250810 11:56:58.111986 140574523594496 tool.cpp:1902] rocprofv3_error_signal_handler caught signal 11...
[m# ---- Run standalone_attn_prefill_and_decode_interference_1_8192_1_204864 ----
INFO 08-10 11:57:06 [__init__.py:244] Automatically detected platform rocm.
[0;31mE20250810 11:57:29.277813 140050804631296 output_stream.cpp:105] Opened result file: ./profiles/standalone_attn_prefill_and_decode_interference_1_8192_1_204864_kernel_trace.csv
[m[0;31mE20250810 11:57:29.285253 140050804631296 output_stream.cpp:105] Opened result file: ./profiles/standalone_attn_prefill_and_decode_interference_1_8192_1_204864_agent_info.csv
[m[0;33mW20250810 11:57:38.693161 140050804631296 tool.cpp:1902] rocprofv3_error_signal_handler caught signal 11...
[m# ---- Run standalone_attn_prefill_and_decode_interference_1_8192_1_204896 ----
INFO 08-10 11:57:47 [__init__.py:244] Automatically detected platform rocm.
[0;31mE20250810 11:58:10.377918 139640317437696 output_stream.cpp:105] Opened result file: ./profiles/standalone_attn_prefill_and_decode_interference_1_8192_1_204896_kernel_trace.csv
[m[0;31mE20250810 11:58:10.385397 139640317437696 output_stream.cpp:105] Opened result file: ./profiles/standalone_attn_prefill_and_decode_interference_1_8192_1_204896_agent_info.csv
[m[0;33mW20250810 11:58:20.067869 139640317437696 tool.cpp:1902] rocprofv3_error_signal_handler caught signal 11...
[m# ---- Run standalone_attn_prefill_and_decode_interference_1_8192_1_2048128 ----
INFO 08-10 11:58:28 [__init__.py:244] Automatically detected platform rocm.
[0;31mE20250810 11:58:52.306101 140499121788672 output_stream.cpp:105] Opened result file: ./profiles/standalone_attn_prefill_and_decode_interference_1_8192_1_2048128_kernel_trace.csv
[m[0;31mE20250810 11:58:52.313670 140499121788672 output_stream.cpp:105] Opened result file: ./profiles/standalone_attn_prefill_and_decode_interference_1_8192_1_2048128_agent_info.csv
[m[0;33mW20250810 11:59:01.755475 140499121788672 tool.cpp:1902] rocprofv3_error_signal_handler caught signal 11...
[m# ---- Run standalone_attn_prefill_and_decode_interference_1_8192_1_2048160 ----
INFO 08-10 11:59:10 [__init__.py:244] Automatically detected platform rocm.
[0;31mE20250810 11:59:34.582453 140531467847424 output_stream.cpp:105] Opened result file: ./profiles/standalone_attn_prefill_and_decode_interference_1_8192_1_2048160_kernel_trace.csv
[m[0;31mE20250810 11:59:34.589987 140531467847424 output_stream.cpp:105] Opened result file: ./profiles/standalone_attn_prefill_and_decode_interference_1_8192_1_2048160_agent_info.csv
[m[0;33mW20250810 11:59:43.713145 140531467847424 tool.cpp:1902] rocprofv3_error_signal_handler caught signal 11...
[m# ---- Run standalone_attn_prefill_and_decode_interference_1_8192_8_2048nan ----
INFO 08-10 11:59:52 [__init__.py:244] Automatically detected platform rocm.
No masking
[0;31mE20250810 12:00:15.051957 139799556163328 output_stream.cpp:105] Opened result file: ./profiles/standalone_attn_prefill_and_decode_interference_1_8192_8_2048nan_kernel_trace.csv
[m[0;31mE20250810 12:00:15.059972 139799556163328 output_stream.cpp:105] Opened result file: ./profiles/standalone_attn_prefill_and_decode_interference_1_8192_8_2048nan_agent_info.csv
[m# ---- Run standalone_attn_prefill_and_decode_interference_1_8192_8_204832 ----
INFO 08-10 12:00:33 [__init__.py:244] Automatically detected platform rocm.
[0;31mE20250810 12:00:55.573053 140598810900224 output_stream.cpp:105] Opened result file: ./profiles/standalone_attn_prefill_and_decode_interference_1_8192_8_204832_kernel_trace.csv
[m[0;31mE20250810 12:00:55.581078 140598810900224 output_stream.cpp:105] Opened result file: ./profiles/standalone_attn_prefill_and_decode_interference_1_8192_8_204832_agent_info.csv
[m[0;33mW20250810 12:01:04.922584 140598810900224 tool.cpp:1902] rocprofv3_error_signal_handler caught signal 11...
[m# ---- Run standalone_attn_prefill_and_decode_interference_1_8192_8_204864 ----
INFO 08-10 12:01:13 [__init__.py:244] Automatically detected platform rocm.
[0;31mE20250810 12:01:37.203816 140605428303616 output_stream.cpp:105] Opened result file: ./profiles/standalone_attn_prefill_and_decode_interference_1_8192_8_204864_kernel_trace.csv
[m[0;31mE20250810 12:01:37.211206 140605428303616 output_stream.cpp:105] Opened result file: ./profiles/standalone_attn_prefill_and_decode_interference_1_8192_8_204864_agent_info.csv
[m[0;33mW20250810 12:01:46.462366 140605428303616 tool.cpp:1902] rocprofv3_error_signal_handler caught signal 11...
[m# ---- Run standalone_attn_prefill_and_decode_interference_1_8192_8_204896 ----
INFO 08-10 12:01:54 [__init__.py:244] Automatically detected platform rocm.
[0;31mE20250810 12:02:18.287223 139717765809920 output_stream.cpp:105] Opened result file: ./profiles/standalone_attn_prefill_and_decode_interference_1_8192_8_204896_kernel_trace.csv
[m[0;31mE20250810 12:02:18.294706 139717765809920 output_stream.cpp:105] Opened result file: ./profiles/standalone_attn_prefill_and_decode_interference_1_8192_8_204896_agent_info.csv
[m[0;33mW20250810 12:02:27.878698 139717765809920 tool.cpp:1902] rocprofv3_error_signal_handler caught signal 11...
[m# ---- Run standalone_attn_prefill_and_decode_interference_1_8192_8_2048128 ----
INFO 08-10 12:02:36 [__init__.py:244] Automatically detected platform rocm.
[0;31mE20250810 12:02:59.918896 140305269040896 output_stream.cpp:105] Opened result file: ./profiles/standalone_attn_prefill_and_decode_interference_1_8192_8_2048128_kernel_trace.csv
[m[0;31mE20250810 12:02:59.926444 140305269040896 output_stream.cpp:105] Opened result file: ./profiles/standalone_attn_prefill_and_decode_interference_1_8192_8_2048128_agent_info.csv
[m[0;33mW20250810 12:03:09.310813 140305269040896 tool.cpp:1902] rocprofv3_error_signal_handler caught signal 11...
[m# ---- Run standalone_attn_prefill_and_decode_interference_1_8192_8_2048160 ----
INFO 08-10 12:03:18 [__init__.py:244] Automatically detected platform rocm.
[0;31mE20250810 12:03:42.548755 139674024421120 output_stream.cpp:105] Opened result file: ./profiles/standalone_attn_prefill_and_decode_interference_1_8192_8_2048160_kernel_trace.csv
[m[0;31mE20250810 12:03:42.556827 139674024421120 output_stream.cpp:105] Opened result file: ./profiles/standalone_attn_prefill_and_decode_interference_1_8192_8_2048160_agent_info.csv
[m[0;33mW20250810 12:03:52.129492 139674024421120 tool.cpp:1902] rocprofv3_error_signal_handler caught signal 11...
[m# ---- Run standalone_attn_prefill_and_decode_interference_1_8192_16_2048nan ----
INFO 08-10 12:04:00 [__init__.py:244] Automatically detected platform rocm.
No masking
[0;31mE20250810 12:04:21.354839 140029265041152 output_stream.cpp:105] Opened result file: ./profiles/standalone_attn_prefill_and_decode_interference_1_8192_16_2048nan_kernel_trace.csv
[m[0;31mE20250810 12:04:21.362318 140029265041152 output_stream.cpp:105] Opened result file: ./profiles/standalone_attn_prefill_and_decode_interference_1_8192_16_2048nan_agent_info.csv
[m# ---- Run standalone_attn_prefill_and_decode_interference_1_8192_16_204832 ----
INFO 08-10 12:04:39 [__init__.py:244] Automatically detected platform rocm.
[0;31mE20250810 12:04:59.997960 139817734014720 output_stream.cpp:105] Opened result file: ./profiles/standalone_attn_prefill_and_decode_interference_1_8192_16_204832_kernel_trace.csv
[m[0;31mE20250810 12:05:00.005425 139817734014720 output_stream.cpp:105] Opened result file: ./profiles/standalone_attn_prefill_and_decode_interference_1_8192_16_204832_agent_info.csv
[m[0;33mW20250810 12:05:09.354564 139817734014720 tool.cpp:1902] rocprofv3_error_signal_handler caught signal 11...
[m# ---- Run standalone_attn_prefill_and_decode_interference_1_8192_16_204864 ----
INFO 08-10 12:05:18 [__init__.py:244] Automatically detected platform rocm.
[0;31mE20250810 12:05:38.913739 140119947896576 output_stream.cpp:105] Opened result file: ./profiles/standalone_attn_prefill_and_decode_interference_1_8192_16_204864_kernel_trace.csv
[m[0;31mE20250810 12:05:38.921208 140119947896576 output_stream.cpp:105] Opened result file: ./profiles/standalone_attn_prefill_and_decode_interference_1_8192_16_204864_agent_info.csv
[m[0;33mW20250810 12:05:48.407805 140119947896576 tool.cpp:1902] rocprofv3_error_signal_handler caught signal 11...
[m# ---- Run standalone_attn_prefill_and_decode_interference_1_8192_16_204896 ----
INFO 08-10 12:05:56 [__init__.py:244] Automatically detected platform rocm.
[0;31mE20250810 12:06:17.298486 140315870942976 output_stream.cpp:105] Opened result file: ./profiles/standalone_attn_prefill_and_decode_interference_1_8192_16_204896_kernel_trace.csv
[m[0;31mE20250810 12:06:17.306083 140315870942976 output_stream.cpp:105] Opened result file: ./profiles/standalone_attn_prefill_and_decode_interference_1_8192_16_204896_agent_info.csv
[m[0;33mW20250810 12:06:26.937971 140315870942976 tool.cpp:1902] rocprofv3_error_signal_handler caught signal 11...
[m# ---- Run standalone_attn_prefill_and_decode_interference_1_8192_16_2048128 ----
INFO 08-10 12:06:35 [__init__.py:244] Automatically detected platform rocm.
[0;31mE20250810 12:06:56.509429 140006938310400 output_stream.cpp:105] Opened result file: ./profiles/standalone_attn_prefill_and_decode_interference_1_8192_16_2048128_kernel_trace.csv
[m[0;31mE20250810 12:06:56.516858 140006938310400 output_stream.cpp:105] Opened result file: ./profiles/standalone_attn_prefill_and_decode_interference_1_8192_16_2048128_agent_info.csv
[m[0;33mW20250810 12:07:06.043516 140006938310400 tool.cpp:1902] rocprofv3_error_signal_handler caught signal 11...
[m# ---- Run standalone_attn_prefill_and_decode_interference_1_8192_16_2048160 ----
INFO 08-10 12:07:14 [__init__.py:244] Automatically detected platform rocm.
[0;31mE20250810 12:07:36.046240 140205311952640 output_stream.cpp:105] Opened result file: ./profiles/standalone_attn_prefill_and_decode_interference_1_8192_16_2048160_kernel_trace.csv
[m[0;31mE20250810 12:07:36.053231 140205311952640 output_stream.cpp:105] Opened result file: ./profiles/standalone_attn_prefill_and_decode_interference_1_8192_16_2048160_agent_info.csv
[m[0;33mW20250810 12:07:45.229742 140205311952640 tool.cpp:1902] rocprofv3_error_signal_handler caught signal 11...
[m# ---- Run standalone_attn_prefill_and_decode_interference_1_8192_32_2048nan ----
INFO 08-10 12:07:53 [__init__.py:244] Automatically detected platform rocm.
No masking
[0;31mE20250810 12:08:15.353008 140078982305536 output_stream.cpp:105] Opened result file: ./profiles/standalone_attn_prefill_and_decode_interference_1_8192_32_2048nan_kernel_trace.csv
[m[0;31mE20250810 12:08:15.360060 140078982305536 output_stream.cpp:105] Opened result file: ./profiles/standalone_attn_prefill_and_decode_interference_1_8192_32_2048nan_agent_info.csv
[m# ---- Run standalone_attn_prefill_and_decode_interference_1_8192_32_204832 ----
INFO 08-10 12:08:33 [__init__.py:244] Automatically detected platform rocm.
[0;31mE20250810 12:08:53.921154 139629750753024 output_stream.cpp:105] Opened result file: ./profiles/standalone_attn_prefill_and_decode_interference_1_8192_32_204832_kernel_trace.csv
[m[0;31mE20250810 12:08:53.928773 139629750753024 output_stream.cpp:105] Opened result file: ./profiles/standalone_attn_prefill_and_decode_interference_1_8192_32_204832_agent_info.csv
[m[0;33mW20250810 12:09:03.592076 139629750753024 tool.cpp:1902] rocprofv3_error_signal_handler caught signal 11...
[m# ---- Run standalone_attn_prefill_and_decode_interference_1_8192_32_204864 ----
INFO 08-10 12:09:12 [__init__.py:244] Automatically detected platform rocm.
[0;31mE20250810 12:09:33.849743 140264100374272 output_stream.cpp:105] Opened result file: ./profiles/standalone_attn_prefill_and_decode_interference_1_8192_32_204864_kernel_trace.csv
[m[0;31mE20250810 12:09:33.857551 140264100374272 output_stream.cpp:105] Opened result file: ./profiles/standalone_attn_prefill_and_decode_interference_1_8192_32_204864_agent_info.csv
[m[0;33mW20250810 12:09:43.378845 140264100374272 tool.cpp:1902] rocprofv3_error_signal_handler caught signal 11...
[m# ---- Run standalone_attn_prefill_and_decode_interference_1_8192_32_204896 ----
INFO 08-10 12:09:51 [__init__.py:244] Automatically detected platform rocm.
[0;31mE20250810 12:10:12.723838 139704001222400 output_stream.cpp:105] Opened result file: ./profiles/standalone_attn_prefill_and_decode_interference_1_8192_32_204896_kernel_trace.csv
[m[0;31mE20250810 12:10:12.730678 139704001222400 output_stream.cpp:105] Opened result file: ./profiles/standalone_attn_prefill_and_decode_interference_1_8192_32_204896_agent_info.csv
[m[0;33mW20250810 12:10:22.182605 139704001222400 tool.cpp:1902] rocprofv3_error_signal_handler caught signal 11...
[m# ---- Run standalone_attn_prefill_and_decode_interference_1_8192_32_2048128 ----
INFO 08-10 12:10:30 [__init__.py:244] Automatically detected platform rocm.
[0;31mE20250810 12:10:51.813434 140717298108160 output_stream.cpp:105] Opened result file: ./profiles/standalone_attn_prefill_and_decode_interference_1_8192_32_2048128_kernel_trace.csv
[m[0;31mE20250810 12:10:51.820291 140717298108160 output_stream.cpp:105] Opened result file: ./profiles/standalone_attn_prefill_and_decode_interference_1_8192_32_2048128_agent_info.csv
[m[0;33mW20250810 12:11:01.726489 140717298108160 tool.cpp:1902] rocprofv3_error_signal_handler caught signal 11...
[m# ---- Run standalone_attn_prefill_and_decode_interference_1_8192_32_2048160 ----
INFO 08-10 12:11:10 [__init__.py:244] Automatically detected platform rocm.
[0;31mE20250810 12:11:31.472816 140399919318784 output_stream.cpp:105] Opened result file: ./profiles/standalone_attn_prefill_and_decode_interference_1_8192_32_2048160_kernel_trace.csv
[m[0;31mE20250810 12:11:31.480188 140399919318784 output_stream.cpp:105] Opened result file: ./profiles/standalone_attn_prefill_and_decode_interference_1_8192_32_2048160_agent_info.csv
[m[0;33mW20250810 12:11:41.399567 140399919318784 tool.cpp:1902] rocprofv3_error_signal_handler caught signal 11...
[m# ---- Run standalone_attn_prefill_and_decode_interference_1_8192_64_2048nan ----
INFO 08-10 12:11:49 [__init__.py:244] Automatically detected platform rocm.
No masking
[0;31mE20250810 12:12:10.785294 139688483518208 output_stream.cpp:105] Opened result file: ./profiles/standalone_attn_prefill_and_decode_interference_1_8192_64_2048nan_kernel_trace.csv
[m[0;31mE20250810 12:12:10.792578 139688483518208 output_stream.cpp:105] Opened result file: ./profiles/standalone_attn_prefill_and_decode_interference_1_8192_64_2048nan_agent_info.csv
[m# ---- Run standalone_attn_prefill_and_decode_interference_1_8192_64_204832 ----
INFO 08-10 12:12:29 [__init__.py:244] Automatically detected platform rocm.
[0;31mE20250810 12:12:50.169438 139732069619456 output_stream.cpp:105] Opened result file: ./profiles/standalone_attn_prefill_and_decode_interference_1_8192_64_204832_kernel_trace.csv
[m[0;31mE20250810 12:12:50.176281 139732069619456 output_stream.cpp:105] Opened result file: ./profiles/standalone_attn_prefill_and_decode_interference_1_8192_64_204832_agent_info.csv
[m[0;33mW20250810 12:12:59.946002 139732069619456 tool.cpp:1902] rocprofv3_error_signal_handler caught signal 11...
[m# ---- Run standalone_attn_prefill_and_decode_interference_1_8192_64_204864 ----
INFO 08-10 12:13:08 [__init__.py:244] Automatically detected platform rocm.
[0;31mE20250810 12:13:29.357469 140037024474880 output_stream.cpp:105] Opened result file: ./profiles/standalone_attn_prefill_and_decode_interference_1_8192_64_204864_kernel_trace.csv
[m[0;31mE20250810 12:13:29.364409 140037024474880 output_stream.cpp:105] Opened result file: ./profiles/standalone_attn_prefill_and_decode_interference_1_8192_64_204864_agent_info.csv
[m[0;33mW20250810 12:13:38.630981 140037024474880 tool.cpp:1902] rocprofv3_error_signal_handler caught signal 11...
[m# ---- Run standalone_attn_prefill_and_decode_interference_1_8192_64_204896 ----
INFO 08-10 12:13:46 [__init__.py:244] Automatically detected platform rocm.
[0;31mE20250810 12:14:07.082286 140441050621696 output_stream.cpp:105] Opened result file: ./profiles/standalone_attn_prefill_and_decode_interference_1_8192_64_204896_kernel_trace.csv
[m[0;31mE20250810 12:14:07.089275 140441050621696 output_stream.cpp:105] Opened result file: ./profiles/standalone_attn_prefill_and_decode_interference_1_8192_64_204896_agent_info.csv
[m[0;33mW20250810 12:14:16.728230 140441050621696 tool.cpp:1902] rocprofv3_error_signal_handler caught signal 11...
[m# ---- Run standalone_attn_prefill_and_decode_interference_1_8192_64_2048128 ----
INFO 08-10 12:14:25 [__init__.py:244] Automatically detected platform rocm.
[0;31mE20250810 12:14:45.274708 140717655799552 output_stream.cpp:105] Opened result file: ./profiles/standalone_attn_prefill_and_decode_interference_1_8192_64_2048128_kernel_trace.csv
[m[0;31mE20250810 12:14:45.281574 140717655799552 output_stream.cpp:105] Opened result file: ./profiles/standalone_attn_prefill_and_decode_interference_1_8192_64_2048128_agent_info.csv
[m[0;33mW20250810 12:14:54.542742 140717655799552 tool.cpp:1902] rocprofv3_error_signal_handler caught signal 11...
[m# ---- Run standalone_attn_prefill_and_decode_interference_1_8192_64_2048160 ----
INFO 08-10 12:15:03 [__init__.py:244] Automatically detected platform rocm.
[0;31mE20250810 12:15:24.149669 140530112481024 output_stream.cpp:105] Opened result file: ./profiles/standalone_attn_prefill_and_decode_interference_1_8192_64_2048160_kernel_trace.csv
[m[0;31mE20250810 12:15:24.157652 140530112481024 output_stream.cpp:105] Opened result file: ./profiles/standalone_attn_prefill_and_decode_interference_1_8192_64_2048160_agent_info.csv
[m[0;33mW20250810 12:15:33.613757 140530112481024 tool.cpp:1902] rocprofv3_error_signal_handler caught signal 11...
[m# ---- Run standalone_attn_prefill_and_decode_interference_1_8192_128_2048nan ----
INFO 08-10 12:15:42 [__init__.py:244] Automatically detected platform rocm.
No masking
[0;31mE20250810 12:16:03.342671 139858372658944 output_stream.cpp:105] Opened result file: ./profiles/standalone_attn_prefill_and_decode_interference_1_8192_128_2048nan_kernel_trace.csv
[m[0;31mE20250810 12:16:03.349757 139858372658944 output_stream.cpp:105] Opened result file: ./profiles/standalone_attn_prefill_and_decode_interference_1_8192_128_2048nan_agent_info.csv
[m# ---- Run standalone_attn_prefill_and_decode_interference_1_8192_128_204832 ----
INFO 08-10 12:16:22 [__init__.py:244] Automatically detected platform rocm.
[0;31mE20250810 12:16:43.817128 140679061325568 output_stream.cpp:105] Opened result file: ./profiles/standalone_attn_prefill_and_decode_interference_1_8192_128_204832_kernel_trace.csv
[m[0;31mE20250810 12:16:43.824207 140679061325568 output_stream.cpp:105] Opened result file: ./profiles/standalone_attn_prefill_and_decode_interference_1_8192_128_204832_agent_info.csv
[m[0;33mW20250810 12:16:53.306791 140679061325568 tool.cpp:1902] rocprofv3_error_signal_handler caught signal 11...
[m# ---- Run standalone_attn_prefill_and_decode_interference_1_8192_128_204864 ----
INFO 08-10 12:17:01 [__init__.py:244] Automatically detected platform rocm.
[0;31mE20250810 12:17:22.349387 140640250705664 output_stream.cpp:105] Opened result file: ./profiles/standalone_attn_prefill_and_decode_interference_1_8192_128_204864_kernel_trace.csv
[m[0;31mE20250810 12:17:22.356573 140640250705664 output_stream.cpp:105] Opened result file: ./profiles/standalone_attn_prefill_and_decode_interference_1_8192_128_204864_agent_info.csv
[m[0;33mW20250810 12:17:31.538758 140640250705664 tool.cpp:1902] rocprofv3_error_signal_handler caught signal 11...
[m# ---- Run standalone_attn_prefill_and_decode_interference_1_8192_128_204896 ----
INFO 08-10 12:17:40 [__init__.py:244] Automatically detected platform rocm.
[0;31mE20250810 12:18:01.157592 140660567738112 output_stream.cpp:105] Opened result file: ./profiles/standalone_attn_prefill_and_decode_interference_1_8192_128_204896_kernel_trace.csv
[m[0;31mE20250810 12:18:01.164472 140660567738112 output_stream.cpp:105] Opened result file: ./profiles/standalone_attn_prefill_and_decode_interference_1_8192_128_204896_agent_info.csv
[m[0;33mW20250810 12:18:10.863969 140660567738112 tool.cpp:1902] rocprofv3_error_signal_handler caught signal 11...
[m# ---- Run standalone_attn_prefill_and_decode_interference_1_8192_128_2048128 ----
INFO 08-10 12:18:19 [__init__.py:244] Automatically detected platform rocm.
[0;31mE20250810 12:18:40.604979 140696006563584 output_stream.cpp:105] Opened result file: ./profiles/standalone_attn_prefill_and_decode_interference_1_8192_128_2048128_kernel_trace.csv
[m[0;31mE20250810 12:18:40.612077 140696006563584 output_stream.cpp:105] Opened result file: ./profiles/standalone_attn_prefill_and_decode_interference_1_8192_128_2048128_agent_info.csv
[m[0;33mW20250810 12:18:49.887110 140696006563584 tool.cpp:1902] rocprofv3_error_signal_handler caught signal 11...
[m# ---- Run standalone_attn_prefill_and_decode_interference_1_8192_128_2048160 ----
INFO 08-10 12:18:58 [__init__.py:244] Automatically detected platform rocm.
[0;31mE20250810 12:19:19.391128 140001230423808 output_stream.cpp:105] Opened result file: ./profiles/standalone_attn_prefill_and_decode_interference_1_8192_128_2048160_kernel_trace.csv
[m[0;31mE20250810 12:19:19.398255 140001230423808 output_stream.cpp:105] Opened result file: ./profiles/standalone_attn_prefill_and_decode_interference_1_8192_128_2048160_agent_info.csv
[m[0;33mW20250810 12:19:29.308939 140001230423808 tool.cpp:1902] rocprofv3_error_signal_handler caught signal 11...
[m# ---- Run standalone_attn_prefill_and_decode_interference_1_16384_1_2048nan ----
INFO 08-10 12:19:37 [__init__.py:244] Automatically detected platform rocm.
No masking
[0;31mE20250810 12:20:02.058663 139929379919616 output_stream.cpp:105] Opened result file: ./profiles/standalone_attn_prefill_and_decode_interference_1_16384_1_2048nan_kernel_trace.csv
[m[0;31mE20250810 12:20:02.065521 139929379919616 output_stream.cpp:105] Opened result file: ./profiles/standalone_attn_prefill_and_decode_interference_1_16384_1_2048nan_agent_info.csv
[m# ---- Run standalone_attn_prefill_and_decode_interference_1_16384_1_204832 ----
INFO 08-10 12:20:19 [__init__.py:244] Automatically detected platform rocm.
[0;31mE20250810 12:20:43.032281 140672643237632 output_stream.cpp:105] Opened result file: ./profiles/standalone_attn_prefill_and_decode_interference_1_16384_1_204832_kernel_trace.csv
[m[0;31mE20250810 12:20:43.039954 140672643237632 output_stream.cpp:105] Opened result file: ./profiles/standalone_attn_prefill_and_decode_interference_1_16384_1_204832_agent_info.csv
[m[0;33mW20250810 12:20:53.011505 140672643237632 tool.cpp:1902] rocprofv3_error_signal_handler caught signal 11...
[m# ---- Run standalone_attn_prefill_and_decode_interference_1_16384_1_204864 ----
INFO 08-10 12:21:01 [__init__.py:244] Automatically detected platform rocm.
[0;31mE20250810 12:21:24.332659 139792839976704 output_stream.cpp:105] Opened result file: ./profiles/standalone_attn_prefill_and_decode_interference_1_16384_1_204864_kernel_trace.csv
[m[0;31mE20250810 12:21:24.340268 139792839976704 output_stream.cpp:105] Opened result file: ./profiles/standalone_attn_prefill_and_decode_interference_1_16384_1_204864_agent_info.csv
[m[0;33mW20250810 12:21:33.908889 139792839976704 tool.cpp:1902] rocprofv3_error_signal_handler caught signal 11...
[m# ---- Run standalone_attn_prefill_and_decode_interference_1_16384_1_204896 ----
INFO 08-10 12:21:42 [__init__.py:244] Automatically detected platform rocm.
[0;31mE20250810 12:22:05.836234 139648521438976 output_stream.cpp:105] Opened result file: ./profiles/standalone_attn_prefill_and_decode_interference_1_16384_1_204896_kernel_trace.csv
[m[0;31mE20250810 12:22:05.843851 139648521438976 output_stream.cpp:105] Opened result file: ./profiles/standalone_attn_prefill_and_decode_interference_1_16384_1_204896_agent_info.csv
[m[0;33mW20250810 12:22:15.439787 139648521438976 tool.cpp:1902] rocprofv3_error_signal_handler caught signal 11...
[m# ---- Run standalone_attn_prefill_and_decode_interference_1_16384_1_2048128 ----
INFO 08-10 12:22:23 [__init__.py:244] Automatically detected platform rocm.
[0;31mE20250810 12:22:47.175017 139812501726976 output_stream.cpp:105] Opened result file: ./profiles/standalone_attn_prefill_and_decode_interference_1_16384_1_2048128_kernel_trace.csv
[m[0;31mE20250810 12:22:47.182932 139812501726976 output_stream.cpp:105] Opened result file: ./profiles/standalone_attn_prefill_and_decode_interference_1_16384_1_2048128_agent_info.csv
[m[0;33mW20250810 12:22:56.676882 139812501726976 tool.cpp:1902] rocprofv3_error_signal_handler caught signal 11...
[m# ---- Run standalone_attn_prefill_and_decode_interference_1_16384_1_2048160 ----
INFO 08-10 12:23:04 [__init__.py:244] Automatically detected platform rocm.
[0;31mE20250810 12:23:28.400023 140102290036480 output_stream.cpp:105] Opened result file: ./profiles/standalone_attn_prefill_and_decode_interference_1_16384_1_2048160_kernel_trace.csv
[m[0;31mE20250810 12:23:28.407503 140102290036480 output_stream.cpp:105] Opened result file: ./profiles/standalone_attn_prefill_and_decode_interference_1_16384_1_2048160_agent_info.csv
[m[0;33mW20250810 12:23:38.097888 140102290036480 tool.cpp:1902] rocprofv3_error_signal_handler caught signal 11...
[m# ---- Run standalone_attn_prefill_and_decode_interference_1_16384_8_2048nan ----
INFO 08-10 12:23:46 [__init__.py:244] Automatically detected platform rocm.
No masking
[0;31mE20250810 12:24:09.048766 140608239449856 output_stream.cpp:105] Opened result file: ./profiles/standalone_attn_prefill_and_decode_interference_1_16384_8_2048nan_kernel_trace.csv
[m[0;31mE20250810 12:24:09.056450 140608239449856 output_stream.cpp:105] Opened result file: ./profiles/standalone_attn_prefill_and_decode_interference_1_16384_8_2048nan_agent_info.csv
[m# ---- Run standalone_attn_prefill_and_decode_interference_1_16384_8_204832 ----
INFO 08-10 12:24:26 [__init__.py:244] Automatically detected platform rocm.
[0;31mE20250810 12:24:50.880720 139898035504896 output_stream.cpp:105] Opened result file: ./profiles/standalone_attn_prefill_and_decode_interference_1_16384_8_204832_kernel_trace.csv
[m[0;31mE20250810 12:24:50.888307 139898035504896 output_stream.cpp:105] Opened result file: ./profiles/standalone_attn_prefill_and_decode_interference_1_16384_8_204832_agent_info.csv
[m[0;33mW20250810 12:25:00.915828 139898035504896 tool.cpp:1902] rocprofv3_error_signal_handler caught signal 11...
[m# ---- Run standalone_attn_prefill_and_decode_interference_1_16384_8_204864 ----
INFO 08-10 12:25:09 [__init__.py:244] Automatically detected platform rocm.
[0;31mE20250810 12:25:32.212377 140222475380480 output_stream.cpp:105] Opened result file: ./profiles/standalone_attn_prefill_and_decode_interference_1_16384_8_204864_kernel_trace.csv
[m[0;31mE20250810 12:25:32.220056 140222475380480 output_stream.cpp:105] Opened result file: ./profiles/standalone_attn_prefill_and_decode_interference_1_16384_8_204864_agent_info.csv
[m[0;33mW20250810 12:25:41.557397 140222475380480 tool.cpp:1902] rocprofv3_error_signal_handler caught signal 11...
[m# ---- Run standalone_attn_prefill_and_decode_interference_1_16384_8_204896 ----
INFO 08-10 12:25:49 [__init__.py:244] Automatically detected platform rocm.
[0;31mE20250810 12:26:13.055739 140634315466496 output_stream.cpp:105] Opened result file: ./profiles/standalone_attn_prefill_and_decode_interference_1_16384_8_204896_kernel_trace.csv
[m[0;31mE20250810 12:26:13.063371 140634315466496 output_stream.cpp:105] Opened result file: ./profiles/standalone_attn_prefill_and_decode_interference_1_16384_8_204896_agent_info.csv
[m[0;33mW20250810 12:26:22.394173 140634315466496 tool.cpp:1902] rocprofv3_error_signal_handler caught signal 11...
[m# ---- Run standalone_attn_prefill_and_decode_interference_1_16384_8_2048128 ----
INFO 08-10 12:26:30 [__init__.py:244] Automatically detected platform rocm.
[0;31mE20250810 12:26:54.207671 140307038086912 output_stream.cpp:105] Opened result file: ./profiles/standalone_attn_prefill_and_decode_interference_1_16384_8_2048128_kernel_trace.csv
[m[0;31mE20250810 12:26:54.215387 140307038086912 output_stream.cpp:105] Opened result file: ./profiles/standalone_attn_prefill_and_decode_interference_1_16384_8_2048128_agent_info.csv
[m[0;33mW20250810 12:27:03.708260 140307038086912 tool.cpp:1902] rocprofv3_error_signal_handler caught signal 11...
[m# ---- Run standalone_attn_prefill_and_decode_interference_1_16384_8_2048160 ----
INFO 08-10 12:27:11 [__init__.py:244] Automatically detected platform rocm.
[0;31mE20250810 12:27:35.481979 140505130481408 output_stream.cpp:105] Opened result file: ./profiles/standalone_attn_prefill_and_decode_interference_1_16384_8_2048160_kernel_trace.csv
[m[0;31mE20250810 12:27:35.489616 140505130481408 output_stream.cpp:105] Opened result file: ./profiles/standalone_attn_prefill_and_decode_interference_1_16384_8_2048160_agent_info.csv
[m[0;33mW20250810 12:27:45.076538 140505130481408 tool.cpp:1902] rocprofv3_error_signal_handler caught signal 11...
[m# ---- Run standalone_attn_prefill_and_decode_interference_1_16384_16_2048nan ----
INFO 08-10 12:27:52 [__init__.py:244] Automatically detected platform rocm.
No masking
[0;31mE20250810 12:28:13.619303 139902046885632 output_stream.cpp:105] Opened result file: ./profiles/standalone_attn_prefill_and_decode_interference_1_16384_16_2048nan_kernel_trace.csv
[m[0;31mE20250810 12:28:13.626915 139902046885632 output_stream.cpp:105] Opened result file: ./profiles/standalone_attn_prefill_and_decode_interference_1_16384_16_2048nan_agent_info.csv
[m# ---- Run standalone_attn_prefill_and_decode_interference_1_16384_16_204832 ----
INFO 08-10 12:28:31 [__init__.py:244] Automatically detected platform rocm.
[0;31mE20250810 12:28:52.065484 139884149249792 output_stream.cpp:105] Opened result file: ./profiles/standalone_attn_prefill_and_decode_interference_1_16384_16_204832_kernel_trace.csv
[m[0;31mE20250810 12:28:52.072865 139884149249792 output_stream.cpp:105] Opened result file: ./profiles/standalone_attn_prefill_and_decode_interference_1_16384_16_204832_agent_info.csv
[m[0;33mW20250810 12:29:01.302376 139884149249792 tool.cpp:1902] rocprofv3_error_signal_handler caught signal 11...
[m# ---- Run standalone_attn_prefill_and_decode_interference_1_16384_16_204864 ----
INFO 08-10 12:29:09 [__init__.py:244] Automatically detected platform rocm.
[0;31mE20250810 12:29:30.794627 140660969150208 output_stream.cpp:105] Opened result file: ./profiles/standalone_attn_prefill_and_decode_interference_1_16384_16_204864_kernel_trace.csv
[m[0;31mE20250810 12:29:30.802178 140660969150208 output_stream.cpp:105] Opened result file: ./profiles/standalone_attn_prefill_and_decode_interference_1_16384_16_204864_agent_info.csv
[m[0;33mW20250810 12:29:40.519456 140660969150208 tool.cpp:1902] rocprofv3_error_signal_handler caught signal 11...
[m# ---- Run standalone_attn_prefill_and_decode_interference_1_16384_16_204896 ----
INFO 08-10 12:29:48 [__init__.py:244] Automatically detected platform rocm.
[0;31mE20250810 12:30:10.273447 139969508517632 output_stream.cpp:105] Opened result file: ./profiles/standalone_attn_prefill_and_decode_interference_1_16384_16_204896_kernel_trace.csv
[m[0;31mE20250810 12:30:10.281095 139969508517632 output_stream.cpp:105] Opened result file: ./profiles/standalone_attn_prefill_and_decode_interference_1_16384_16_204896_agent_info.csv
[m[0;33mW20250810 12:30:19.977917 139969508517632 tool.cpp:1902] rocprofv3_error_signal_handler caught signal 11...
[m# ---- Run standalone_attn_prefill_and_decode_interference_1_16384_16_2048128 ----
INFO 08-10 12:30:28 [__init__.py:244] Automatically detected platform rocm.
[0;31mE20250810 12:30:50.313215 140350343558912 output_stream.cpp:105] Opened result file: ./profiles/standalone_attn_prefill_and_decode_interference_1_16384_16_2048128_kernel_trace.csv
[m[0;31mE20250810 12:30:50.320987 140350343558912 output_stream.cpp:105] Opened result file: ./profiles/standalone_attn_prefill_and_decode_interference_1_16384_16_2048128_agent_info.csv
[m[0;33mW20250810 12:30:59.664212 140350343558912 tool.cpp:1902] rocprofv3_error_signal_handler caught signal 11...
[m# ---- Run standalone_attn_prefill_and_decode_interference_1_16384_16_2048160 ----
INFO 08-10 12:31:07 [__init__.py:244] Automatically detected platform rocm.
[0;31mE20250810 12:31:30.328490 140305175639808 output_stream.cpp:105] Opened result file: ./profiles/standalone_attn_prefill_and_decode_interference_1_16384_16_2048160_kernel_trace.csv
[m[0;31mE20250810 12:31:30.335965 140305175639808 output_stream.cpp:105] Opened result file: ./profiles/standalone_attn_prefill_and_decode_interference_1_16384_16_2048160_agent_info.csv
[m[0;33mW20250810 12:31:39.868793 140305175639808 tool.cpp:1902] rocprofv3_error_signal_handler caught signal 11...
[m# ---- Run standalone_attn_prefill_and_decode_interference_1_16384_32_2048nan ----
INFO 08-10 12:31:48 [__init__.py:244] Automatically detected platform rocm.
No masking
[0;31mE20250810 12:32:10.003540 139770590713600 output_stream.cpp:105] Opened result file: ./profiles/standalone_attn_prefill_and_decode_interference_1_16384_32_2048nan_kernel_trace.csv
[m[0;31mE20250810 12:32:10.010984 139770590713600 output_stream.cpp:105] Opened result file: ./profiles/standalone_attn_prefill_and_decode_interference_1_16384_32_2048nan_agent_info.csv
[m# ---- Run standalone_attn_prefill_and_decode_interference_1_16384_32_204832 ----
INFO 08-10 12:32:27 [__init__.py:244] Automatically detected platform rocm.
[0;31mE20250810 12:32:49.487969 140714373129984 output_stream.cpp:105] Opened result file: ./profiles/standalone_attn_prefill_and_decode_interference_1_16384_32_204832_kernel_trace.csv
[m[0;31mE20250810 12:32:49.495442 140714373129984 output_stream.cpp:105] Opened result file: ./profiles/standalone_attn_prefill_and_decode_interference_1_16384_32_204832_agent_info.csv
[m[0;33mW20250810 12:32:59.180295 140714373129984 tool.cpp:1902] rocprofv3_error_signal_handler caught signal 11...
[m# ---- Run standalone_attn_prefill_and_decode_interference_1_16384_32_204864 ----
INFO 08-10 12:33:07 [__init__.py:244] Automatically detected platform rocm.
[0;31mE20250810 12:33:28.809527 139754995533568 output_stream.cpp:105] Opened result file: ./profiles/standalone_attn_prefill_and_decode_interference_1_16384_32_204864_kernel_trace.csv
[m[0;31mE20250810 12:33:28.816995 139754995533568 output_stream.cpp:105] Opened result file: ./profiles/standalone_attn_prefill_and_decode_interference_1_16384_32_204864_agent_info.csv
[m[0;33mW20250810 12:33:38.147962 139754995533568 tool.cpp:1902] rocprofv3_error_signal_handler caught signal 11...
[m# ---- Run standalone_attn_prefill_and_decode_interference_1_16384_32_204896 ----
INFO 08-10 12:33:46 [__init__.py:244] Automatically detected platform rocm.
[0;31mE20250810 12:34:07.927931 140627782223616 output_stream.cpp:105] Opened result file: ./profiles/standalone_attn_prefill_and_decode_interference_1_16384_32_204896_kernel_trace.csv
[m[0;31mE20250810 12:34:07.935669 140627782223616 output_stream.cpp:105] Opened result file: ./profiles/standalone_attn_prefill_and_decode_interference_1_16384_32_204896_agent_info.csv
[m[0;33mW20250810 12:34:17.720350 140627782223616 tool.cpp:1902] rocprofv3_error_signal_handler caught signal 11...
[m# ---- Run standalone_attn_prefill_and_decode_interference_1_16384_32_2048128 ----
INFO 08-10 12:34:25 [__init__.py:244] Automatically detected platform rocm.
[0;31mE20250810 12:34:47.304510 140486080923392 output_stream.cpp:105] Opened result file: ./profiles/standalone_attn_prefill_and_decode_interference_1_16384_32_2048128_kernel_trace.csv
[m[0;31mE20250810 12:34:47.311984 140486080923392 output_stream.cpp:105] Opened result file: ./profiles/standalone_attn_prefill_and_decode_interference_1_16384_32_2048128_agent_info.csv
[m[0;33mW20250810 12:34:56.998818 140486080923392 tool.cpp:1902] rocprofv3_error_signal_handler caught signal 11...
[m# ---- Run standalone_attn_prefill_and_decode_interference_1_16384_32_2048160 ----
INFO 08-10 12:35:05 [__init__.py:244] Automatically detected platform rocm.
[0;31mE20250810 12:35:26.985933 139659387827968 output_stream.cpp:105] Opened result file: ./profiles/standalone_attn_prefill_and_decode_interference_1_16384_32_2048160_kernel_trace.csv
[m[0;31mE20250810 12:35:26.993311 139659387827968 output_stream.cpp:105] Opened result file: ./profiles/standalone_attn_prefill_and_decode_interference_1_16384_32_2048160_agent_info.csv
[m[0;33mW20250810 12:35:36.062743 139659387827968 tool.cpp:1902] rocprofv3_error_signal_handler caught signal 11...
[m# ---- Run standalone_attn_prefill_and_decode_interference_1_16384_64_2048nan ----
INFO 08-10 12:35:44 [__init__.py:244] Automatically detected platform rocm.
No masking
[0;31mE20250810 12:36:05.017665 139653361088256 output_stream.cpp:105] Opened result file: ./profiles/standalone_attn_prefill_and_decode_interference_1_16384_64_2048nan_kernel_trace.csv
[m[0;31mE20250810 12:36:05.025137 139653361088256 output_stream.cpp:105] Opened result file: ./profiles/standalone_attn_prefill_and_decode_interference_1_16384_64_2048nan_agent_info.csv
[m# ---- Run standalone_attn_prefill_and_decode_interference_1_16384_64_204832 ----
INFO 08-10 12:36:23 [__init__.py:244] Automatically detected platform rocm.
[0;31mE20250810 12:36:44.123487 139760874465024 output_stream.cpp:105] Opened result file: ./profiles/standalone_attn_prefill_and_decode_interference_1_16384_64_204832_kernel_trace.csv
[m[0;31mE20250810 12:36:44.130933 139760874465024 output_stream.cpp:105] Opened result file: ./profiles/standalone_attn_prefill_and_decode_interference_1_16384_64_204832_agent_info.csv
[m[0;33mW20250810 12:36:53.811068 139760874465024 tool.cpp:1902] rocprofv3_error_signal_handler caught signal 11...
[m# ---- Run standalone_attn_prefill_and_decode_interference_1_16384_64_204864 ----
INFO 08-10 12:37:02 [__init__.py:244] Automatically detected platform rocm.
[0;31mE20250810 12:37:22.941866 140135296034560 output_stream.cpp:105] Opened result file: ./profiles/standalone_attn_prefill_and_decode_interference_1_16384_64_204864_kernel_trace.csv
[m[0;31mE20250810 12:37:22.949320 140135296034560 output_stream.cpp:105] Opened result file: ./profiles/standalone_attn_prefill_and_decode_interference_1_16384_64_204864_agent_info.csv
[m[0;33mW20250810 12:37:32.282680 140135296034560 tool.cpp:1902] rocprofv3_error_signal_handler caught signal 11...
[m# ---- Run standalone_attn_prefill_and_decode_interference_1_16384_64_204896 ----
INFO 08-10 12:37:40 [__init__.py:244] Automatically detected platform rocm.
[0;31mE20250810 12:38:01.648494 140272421988096 output_stream.cpp:105] Opened result file: ./profiles/standalone_attn_prefill_and_decode_interference_1_16384_64_204896_kernel_trace.csv
[m[0;31mE20250810 12:38:01.656158 140272421988096 output_stream.cpp:105] Opened result file: ./profiles/standalone_attn_prefill_and_decode_interference_1_16384_64_204896_agent_info.csv
[m[0;33mW20250810 12:38:11.384924 140272421988096 tool.cpp:1902] rocprofv3_error_signal_handler caught signal 11...
[m# ---- Run standalone_attn_prefill_and_decode_interference_1_16384_64_2048128 ----
INFO 08-10 12:38:19 [__init__.py:244] Automatically detected platform rocm.
[0;31mE20250810 12:38:41.071001 140354547025664 output_stream.cpp:105] Opened result file: ./profiles/standalone_attn_prefill_and_decode_interference_1_16384_64_2048128_kernel_trace.csv
[m[0;31mE20250810 12:38:41.078794 140354547025664 output_stream.cpp:105] Opened result file: ./profiles/standalone_attn_prefill_and_decode_interference_1_16384_64_2048128_agent_info.csv
[m[0;33mW20250810 12:38:50.601039 140354547025664 tool.cpp:1902] rocprofv3_error_signal_handler caught signal 11...
[m# ---- Run standalone_attn_prefill_and_decode_interference_1_16384_64_2048160 ----
INFO 08-10 12:38:58 [__init__.py:244] Automatically detected platform rocm.
[0;31mE20250810 12:39:20.410981 140148341819136 output_stream.cpp:105] Opened result file: ./profiles/standalone_attn_prefill_and_decode_interference_1_16384_64_2048160_kernel_trace.csv
[m[0;31mE20250810 12:39:20.418343 140148341819136 output_stream.cpp:105] Opened result file: ./profiles/standalone_attn_prefill_and_decode_interference_1_16384_64_2048160_agent_info.csv
[m[0;33mW20250810 12:39:30.038554 140148341819136 tool.cpp:1902] rocprofv3_error_signal_handler caught signal 11...
[m# ---- Run standalone_attn_prefill_and_decode_interference_1_16384_128_2048nan ----
INFO 08-10 12:39:38 [__init__.py:244] Automatically detected platform rocm.
No masking
[0;31mE20250810 12:39:59.257700 140355992790784 output_stream.cpp:105] Opened result file: ./profiles/standalone_attn_prefill_and_decode_interference_1_16384_128_2048nan_kernel_trace.csv
[m[0;31mE20250810 12:39:59.265105 140355992790784 output_stream.cpp:105] Opened result file: ./profiles/standalone_attn_prefill_and_decode_interference_1_16384_128_2048nan_agent_info.csv
[m# ---- Run standalone_attn_prefill_and_decode_interference_1_16384_128_204832 ----
INFO 08-10 12:40:16 [__init__.py:244] Automatically detected platform rocm.
[0;31mE20250810 12:40:37.344133 139957269001984 output_stream.cpp:105] Opened result file: ./profiles/standalone_attn_prefill_and_decode_interference_1_16384_128_204832_kernel_trace.csv
[m[0;31mE20250810 12:40:37.351519 139957269001984 output_stream.cpp:105] Opened result file: ./profiles/standalone_attn_prefill_and_decode_interference_1_16384_128_204832_agent_info.csv
[m[0;33mW20250810 12:40:46.500670 139957269001984 tool.cpp:1902] rocprofv3_error_signal_handler caught signal 11...
[m# ---- Run standalone_attn_prefill_and_decode_interference_1_16384_128_204864 ----
INFO 08-10 12:40:54 [__init__.py:244] Automatically detected platform rocm.
[0;31mE20250810 12:41:14.893274 140396078688000 output_stream.cpp:105] Opened result file: ./profiles/standalone_attn_prefill_and_decode_interference_1_16384_128_204864_kernel_trace.csv
[m[0;31mE20250810 12:41:14.900579 140396078688000 output_stream.cpp:105] Opened result file: ./profiles/standalone_attn_prefill_and_decode_interference_1_16384_128_204864_agent_info.csv
[m[0;33mW20250810 12:41:24.247145 140396078688000 tool.cpp:1902] rocprofv3_error_signal_handler caught signal 11...
[m# ---- Run standalone_attn_prefill_and_decode_interference_1_16384_128_204896 ----
INFO 08-10 12:41:32 [__init__.py:244] Automatically detected platform rocm.
[0;31mE20250810 12:41:53.810287 140586359097088 output_stream.cpp:105] Opened result file: ./profiles/standalone_attn_prefill_and_decode_interference_1_16384_128_204896_kernel_trace.csv
[m[0;31mE20250810 12:41:53.817298 140586359097088 output_stream.cpp:105] Opened result file: ./profiles/standalone_attn_prefill_and_decode_interference_1_16384_128_204896_agent_info.csv
[m[0;33mW20250810 12:42:03.158303 140586359097088 tool.cpp:1902] rocprofv3_error_signal_handler caught signal 11...
[m# ---- Run standalone_attn_prefill_and_decode_interference_1_16384_128_2048128 ----
INFO 08-10 12:42:11 [__init__.py:244] Automatically detected platform rocm.
[0;31mE20250810 12:42:31.978880 140626272655104 output_stream.cpp:105] Opened result file: ./profiles/standalone_attn_prefill_and_decode_interference_1_16384_128_2048128_kernel_trace.csv
[m[0;31mE20250810 12:42:31.985937 140626272655104 output_stream.cpp:105] Opened result file: ./profiles/standalone_attn_prefill_and_decode_interference_1_16384_128_2048128_agent_info.csv
[m[0;33mW20250810 12:42:41.451124 140626272655104 tool.cpp:1902] rocprofv3_error_signal_handler caught signal 11...
[m# ---- Run standalone_attn_prefill_and_decode_interference_1_16384_128_2048160 ----
INFO 08-10 12:42:49 [__init__.py:244] Automatically detected platform rocm.
[0;31mE20250810 12:43:13.413681 139627443336960 output_stream.cpp:105] Opened result file: ./profiles/standalone_attn_prefill_and_decode_interference_1_16384_128_2048160_kernel_trace.csv
[m[0;31mE20250810 12:43:13.420865 139627443336960 output_stream.cpp:105] Opened result file: ./profiles/standalone_attn_prefill_and_decode_interference_1_16384_128_2048160_agent_info.csv
[m[0;33mW20250810 12:43:22.724213 139627443336960 tool.cpp:1902] rocprofv3_error_signal_handler caught signal 11...
[m# ---- Run standalone_attn_prefill_and_decode_interference_1_32768_1_2048nan ----
INFO 08-10 12:43:32 [__init__.py:244] Automatically detected platform rocm.
No masking
[0;31mE20250810 12:44:01.193140 140452458342144 output_stream.cpp:105] Opened result file: ./profiles/standalone_attn_prefill_and_decode_interference_1_32768_1_2048nan_kernel_trace.csv
[m[0;31mE20250810 12:44:01.201165 140452458342144 output_stream.cpp:105] Opened result file: ./profiles/standalone_attn_prefill_and_decode_interference_1_32768_1_2048nan_agent_info.csv
[m# ---- Run standalone_attn_prefill_and_decode_interference_1_32768_1_204832 ----
INFO 08-10 12:44:18 [__init__.py:244] Automatically detected platform rocm.
[0;31mE20250810 12:44:44.717349 139674467628800 output_stream.cpp:105] Opened result file: ./profiles/standalone_attn_prefill_and_decode_interference_1_32768_1_204832_kernel_trace.csv
[m[0;31mE20250810 12:44:44.724681 139674467628800 output_stream.cpp:105] Opened result file: ./profiles/standalone_attn_prefill_and_decode_interference_1_32768_1_204832_agent_info.csv
[m[0;33mW20250810 12:44:54.062145 139674467628800 tool.cpp:1902] rocprofv3_error_signal_handler caught signal 11...
[m# ---- Run standalone_attn_prefill_and_decode_interference_1_32768_1_204864 ----
INFO 08-10 12:45:02 [__init__.py:244] Automatically detected platform rocm.
[0;31mE20250810 12:45:28.858719 140314238134016 output_stream.cpp:105] Opened result file: ./profiles/standalone_attn_prefill_and_decode_interference_1_32768_1_204864_kernel_trace.csv
[m[0;31mE20250810 12:45:28.865897 140314238134016 output_stream.cpp:105] Opened result file: ./profiles/standalone_attn_prefill_and_decode_interference_1_32768_1_204864_agent_info.csv
[m[0;33mW20250810 12:45:38.096149 140314238134016 tool.cpp:1902] rocprofv3_error_signal_handler caught signal 11...
[m# ---- Run standalone_attn_prefill_and_decode_interference_1_32768_1_204896 ----
INFO 08-10 12:45:46 [__init__.py:244] Automatically detected platform rocm.
[0;31mE20250810 12:46:17.021450 139668138239744 output_stream.cpp:105] Opened result file: ./profiles/standalone_attn_prefill_and_decode_interference_1_32768_1_204896_kernel_trace.csv
[m[0;31mE20250810 12:46:17.029247 139668138239744 output_stream.cpp:105] Opened result file: ./profiles/standalone_attn_prefill_and_decode_interference_1_32768_1_204896_agent_info.csv
[m[0;33mW20250810 12:46:26.778173 139668138239744 tool.cpp:1902] rocprofv3_error_signal_handler caught signal 11...
[m# ---- Run standalone_attn_prefill_and_decode_interference_1_32768_1_2048128 ----
INFO 08-10 12:46:36 [__init__.py:244] Automatically detected platform rocm.
[0;31mE20250810 12:47:06.870920 140467995092736 output_stream.cpp:105] Opened result file: ./profiles/standalone_attn_prefill_and_decode_interference_1_32768_1_2048128_kernel_trace.csv
[m[0;31mE20250810 12:47:06.878868 140467995092736 output_stream.cpp:105] Opened result file: ./profiles/standalone_attn_prefill_and_decode_interference_1_32768_1_2048128_agent_info.csv
[m[0;33mW20250810 12:47:16.397831 140467995092736 tool.cpp:1902] rocprofv3_error_signal_handler caught signal 11...
[m# ---- Run standalone_attn_prefill_and_decode_interference_1_32768_1_2048160 ----
INFO 08-10 12:47:24 [__init__.py:244] Automatically detected platform rocm.
[0;31mE20250810 12:47:53.961957 139825123903232 output_stream.cpp:105] Opened result file: ./profiles/standalone_attn_prefill_and_decode_interference_1_32768_1_2048160_kernel_trace.csv
[m[0;31mE20250810 12:47:53.970030 139825123903232 output_stream.cpp:105] Opened result file: ./profiles/standalone_attn_prefill_and_decode_interference_1_32768_1_2048160_agent_info.csv
[m[0;33mW20250810 12:48:03.527162 139825123903232 tool.cpp:1902] rocprofv3_error_signal_handler caught signal 11...
[m# ---- Run standalone_attn_prefill_and_decode_interference_1_32768_8_2048nan ----
INFO 08-10 12:48:11 [__init__.py:244] Automatically detected platform rocm.
No masking
[0;31mE20250810 12:48:36.632580 139674869032704 output_stream.cpp:105] Opened result file: ./profiles/standalone_attn_prefill_and_decode_interference_1_32768_8_2048nan_kernel_trace.csv
[m[0;31mE20250810 12:48:36.639514 139674869032704 output_stream.cpp:105] Opened result file: ./profiles/standalone_attn_prefill_and_decode_interference_1_32768_8_2048nan_agent_info.csv
[m# ---- Run standalone_attn_prefill_and_decode_interference_1_32768_8_204832 ----
INFO 08-10 12:48:53 [__init__.py:244] Automatically detected platform rocm.
[0;31mE20250810 12:49:19.653099 140575079896832 output_stream.cpp:105] Opened result file: ./profiles/standalone_attn_prefill_and_decode_interference_1_32768_8_204832_kernel_trace.csv
[m[0;31mE20250810 12:49:19.660523 140575079896832 output_stream.cpp:105] Opened result file: ./profiles/standalone_attn_prefill_and_decode_interference_1_32768_8_204832_agent_info.csv
[m[0;33mW20250810 12:49:29.369284 140575079896832 tool.cpp:1902] rocprofv3_error_signal_handler caught signal 11...
[m# ---- Run standalone_attn_prefill_and_decode_interference_1_32768_8_204864 ----
INFO 08-10 12:49:37 [__init__.py:244] Automatically detected platform rocm.
[0;31mE20250810 12:50:03.245709 140020577167104 output_stream.cpp:105] Opened result file: ./profiles/standalone_attn_prefill_and_decode_interference_1_32768_8_204864_kernel_trace.csv
[m[0;31mE20250810 12:50:03.252589 140020577167104 output_stream.cpp:105] Opened result file: ./profiles/standalone_attn_prefill_and_decode_interference_1_32768_8_204864_agent_info.csv
[m[0;33mW20250810 12:50:12.868872 140020577167104 tool.cpp:1902] rocprofv3_error_signal_handler caught signal 11...
[m# ---- Run standalone_attn_prefill_and_decode_interference_1_32768_8_204896 ----
INFO 08-10 12:50:20 [__init__.py:244] Automatically detected platform rocm.
[0;31mE20250810 12:50:48.287262 140330685560576 output_stream.cpp:105] Opened result file: ./profiles/standalone_attn_prefill_and_decode_interference_1_32768_8_204896_kernel_trace.csv
[m[0;31mE20250810 12:50:48.294735 140330685560576 output_stream.cpp:105] Opened result file: ./profiles/standalone_attn_prefill_and_decode_interference_1_32768_8_204896_agent_info.csv
[m[0;33mW20250810 12:50:57.667511 140330685560576 tool.cpp:1902] rocprofv3_error_signal_handler caught signal 11...
[m# ---- Run standalone_attn_prefill_and_decode_interference_1_32768_8_2048128 ----
INFO 08-10 12:51:05 [__init__.py:244] Automatically detected platform rocm.
[0;31mE20250810 12:51:34.338824 140349888423680 output_stream.cpp:105] Opened result file: ./profiles/standalone_attn_prefill_and_decode_interference_1_32768_8_2048128_kernel_trace.csv
[m[0;31mE20250810 12:51:34.345803 140349888423680 output_stream.cpp:105] Opened result file: ./profiles/standalone_attn_prefill_and_decode_interference_1_32768_8_2048128_agent_info.csv
[m[0;33mW20250810 12:51:43.523108 140349888423680 tool.cpp:1902] rocprofv3_error_signal_handler caught signal 11...
[m# ---- Run standalone_attn_prefill_and_decode_interference_1_32768_8_2048160 ----
INFO 08-10 12:51:51 [__init__.py:244] Automatically detected platform rocm.
[0;31mE20250810 12:52:21.305508 139657598617344 output_stream.cpp:105] Opened result file: ./profiles/standalone_attn_prefill_and_decode_interference_1_32768_8_2048160_kernel_trace.csv
[m[0;31mE20250810 12:52:21.312537 139657598617344 output_stream.cpp:105] Opened result file: ./profiles/standalone_attn_prefill_and_decode_interference_1_32768_8_2048160_agent_info.csv
[m[0;33mW20250810 12:52:30.468726 139657598617344 tool.cpp:1902] rocprofv3_error_signal_handler caught signal 11...
[m# ---- Run standalone_attn_prefill_and_decode_interference_1_32768_16_2048nan ----
INFO 08-10 12:52:38 [__init__.py:244] Automatically detected platform rocm.
No masking
[0;31mE20250810 12:53:03.057485 140669978130176 output_stream.cpp:105] Opened result file: ./profiles/standalone_attn_prefill_and_decode_interference_1_32768_16_2048nan_kernel_trace.csv
[m[0;31mE20250810 12:53:03.064412 140669978130176 output_stream.cpp:105] Opened result file: ./profiles/standalone_attn_prefill_and_decode_interference_1_32768_16_2048nan_agent_info.csv
[m# ---- Run standalone_attn_prefill_and_decode_interference_1_32768_16_204832 ----
INFO 08-10 12:53:20 [__init__.py:244] Automatically detected platform rocm.
[0;31mE20250810 12:53:44.333055 139825713702656 output_stream.cpp:105] Opened result file: ./profiles/standalone_attn_prefill_and_decode_interference_1_32768_16_204832_kernel_trace.csv
[m[0;31mE20250810 12:53:44.340803 139825713702656 output_stream.cpp:105] Opened result file: ./profiles/standalone_attn_prefill_and_decode_interference_1_32768_16_204832_agent_info.csv
[m[0;33mW20250810 12:53:53.646261 139825713702656 tool.cpp:1902] rocprofv3_error_signal_handler caught signal 11...
[m# ---- Run standalone_attn_prefill_and_decode_interference_1_32768_16_204864 ----
INFO 08-10 12:54:01 [__init__.py:244] Automatically detected platform rocm.
[0;31mE20250810 12:54:26.173368 139956364408576 output_stream.cpp:105] Opened result file: ./profiles/standalone_attn_prefill_and_decode_interference_1_32768_16_204864_kernel_trace.csv
[m[0;31mE20250810 12:54:26.180206 139956364408576 output_stream.cpp:105] Opened result file: ./profiles/standalone_attn_prefill_and_decode_interference_1_32768_16_204864_agent_info.csv
[m[0;33mW20250810 12:54:35.648960 139956364408576 tool.cpp:1902] rocprofv3_error_signal_handler caught signal 11...
[m# ---- Run standalone_attn_prefill_and_decode_interference_1_32768_16_204896 ----
INFO 08-10 12:54:43 [__init__.py:244] Automatically detected platform rocm.
[0;31mE20250810 12:55:08.658891 140271036991232 output_stream.cpp:105] Opened result file: ./profiles/standalone_attn_prefill_and_decode_interference_1_32768_16_204896_kernel_trace.csv
[m[0;31mE20250810 12:55:08.665744 140271036991232 output_stream.cpp:105] Opened result file: ./profiles/standalone_attn_prefill_and_decode_interference_1_32768_16_204896_agent_info.csv
[m[0;33mW20250810 12:55:17.982754 140271036991232 tool.cpp:1902] rocprofv3_error_signal_handler caught signal 11...
[m# ---- Run standalone_attn_prefill_and_decode_interference_1_32768_16_2048128 ----
INFO 08-10 12:55:26 [__init__.py:244] Automatically detected platform rocm.
[0;31mE20250810 12:55:52.639401 139734683240192 output_stream.cpp:105] Opened result file: ./profiles/standalone_attn_prefill_and_decode_interference_1_32768_16_2048128_kernel_trace.csv
[m[0;31mE20250810 12:55:52.647494 139734683240192 output_stream.cpp:105] Opened result file: ./profiles/standalone_attn_prefill_and_decode_interference_1_32768_16_2048128_agent_info.csv
[m[0;33mW20250810 12:56:01.903793 139734683240192 tool.cpp:1902] rocprofv3_error_signal_handler caught signal 11...
[m# ---- Run standalone_attn_prefill_and_decode_interference_1_32768_16_2048160 ----
INFO 08-10 12:56:09 [__init__.py:244] Automatically detected platform rocm.
[0;31mE20250810 12:56:37.196788 140469561382656 output_stream.cpp:105] Opened result file: ./profiles/standalone_attn_prefill_and_decode_interference_1_32768_16_2048160_kernel_trace.csv
[m[0;31mE20250810 12:56:37.204282 140469561382656 output_stream.cpp:105] Opened result file: ./profiles/standalone_attn_prefill_and_decode_interference_1_32768_16_2048160_agent_info.csv
[m[0;33mW20250810 12:56:46.551628 140469561382656 tool.cpp:1902] rocprofv3_error_signal_handler caught signal 11...
[m# ---- Run standalone_attn_prefill_and_decode_interference_1_32768_32_2048nan ----
INFO 08-10 12:56:54 [__init__.py:244] Automatically detected platform rocm.
No masking
[0;31mE20250810 12:57:18.140301 139769837639424 output_stream.cpp:105] Opened result file: ./profiles/standalone_attn_prefill_and_decode_interference_1_32768_32_2048nan_kernel_trace.csv
[m[0;31mE20250810 12:57:18.148296 139769837639424 output_stream.cpp:105] Opened result file: ./profiles/standalone_attn_prefill_and_decode_interference_1_32768_32_2048nan_agent_info.csv
[m# ---- Run standalone_attn_prefill_and_decode_interference_1_32768_32_204832 ----
INFO 08-10 12:57:35 [__init__.py:244] Automatically detected platform rocm.
[0;31mE20250810 12:57:59.397331 140114184496896 output_stream.cpp:105] Opened result file: ./profiles/standalone_attn_prefill_and_decode_interference_1_32768_32_204832_kernel_trace.csv
[m[0;31mE20250810 12:57:59.404896 140114184496896 output_stream.cpp:105] Opened result file: ./profiles/standalone_attn_prefill_and_decode_interference_1_32768_32_204832_agent_info.csv
[m[0;33mW20250810 12:58:08.616135 140114184496896 tool.cpp:1902] rocprofv3_error_signal_handler caught signal 11...
[m# ---- Run standalone_attn_prefill_and_decode_interference_1_32768_32_204864 ----
INFO 08-10 12:58:16 [__init__.py:244] Automatically detected platform rocm.
[0;31mE20250810 12:58:41.292818 140277151434496 output_stream.cpp:105] Opened result file: ./profiles/standalone_attn_prefill_and_decode_interference_1_32768_32_204864_kernel_trace.csv
[m[0;31mE20250810 12:58:41.300284 140277151434496 output_stream.cpp:105] Opened result file: ./profiles/standalone_attn_prefill_and_decode_interference_1_32768_32_204864_agent_info.csv
[m[0;33mW20250810 12:58:50.714859 140277151434496 tool.cpp:1902] rocprofv3_error_signal_handler caught signal 11...
[m# ---- Run standalone_attn_prefill_and_decode_interference_1_32768_32_204896 ----
INFO 08-10 12:58:58 [__init__.py:244] Automatically detected platform rocm.
[0;31mE20250810 12:59:24.137482 140486811350784 output_stream.cpp:105] Opened result file: ./profiles/standalone_attn_prefill_and_decode_interference_1_32768_32_204896_kernel_trace.csv
[m[0;31mE20250810 12:59:24.145294 140486811350784 output_stream.cpp:105] Opened result file: ./profiles/standalone_attn_prefill_and_decode_interference_1_32768_32_204896_agent_info.csv
[m[0;33mW20250810 12:59:33.697192 140486811350784 tool.cpp:1902] rocprofv3_error_signal_handler caught signal 11...
[m# ---- Run standalone_attn_prefill_and_decode_interference_1_32768_32_2048128 ----
INFO 08-10 12:59:41 [__init__.py:244] Automatically detected platform rocm.
[0;31mE20250810 13:00:08.279169 139978468751104 output_stream.cpp:105] Opened result file: ./profiles/standalone_attn_prefill_and_decode_interference_1_32768_32_2048128_kernel_trace.csv
[m[0;31mE20250810 13:00:08.286958 139978468751104 output_stream.cpp:105] Opened result file: ./profiles/standalone_attn_prefill_and_decode_interference_1_32768_32_2048128_agent_info.csv
[m[0;33mW20250810 13:00:17.934800 139978468751104 tool.cpp:1902] rocprofv3_error_signal_handler caught signal 11...
[m# ---- Run standalone_attn_prefill_and_decode_interference_1_32768_32_2048160 ----
INFO 08-10 13:00:25 [__init__.py:244] Automatically detected platform rocm.
[0;31mE20250810 13:00:54.192407 140619452749568 output_stream.cpp:105] Opened result file: ./profiles/standalone_attn_prefill_and_decode_interference_1_32768_32_2048160_kernel_trace.csv
[m[0;31mE20250810 13:00:54.200153 140619452749568 output_stream.cpp:105] Opened result file: ./profiles/standalone_attn_prefill_and_decode_interference_1_32768_32_2048160_agent_info.csv
[m[0;33mW20250810 13:01:04.089643 140619452749568 tool.cpp:1902] rocprofv3_error_signal_handler caught signal 11...
[m# ---- Run standalone_attn_prefill_and_decode_interference_1_32768_64_2048nan ----
INFO 08-10 13:01:12 [__init__.py:244] Automatically detected platform rocm.
No masking
[0;31mE20250810 13:01:35.742892 140570984830720 output_stream.cpp:105] Opened result file: ./profiles/standalone_attn_prefill_and_decode_interference_1_32768_64_2048nan_kernel_trace.csv
[m[0;31mE20250810 13:01:35.750467 140570984830720 output_stream.cpp:105] Opened result file: ./profiles/standalone_attn_prefill_and_decode_interference_1_32768_64_2048nan_agent_info.csv
[m# ---- Run standalone_attn_prefill_and_decode_interference_1_32768_64_204832 ----
INFO 08-10 13:01:52 [__init__.py:244] Automatically detected platform rocm.
[0;31mE20250810 13:02:17.071841 140617515747072 output_stream.cpp:105] Opened result file: ./profiles/standalone_attn_prefill_and_decode_interference_1_32768_64_204832_kernel_trace.csv
[m[0;31mE20250810 13:02:17.079933 140617515747072 output_stream.cpp:105] Opened result file: ./profiles/standalone_attn_prefill_and_decode_interference_1_32768_64_204832_agent_info.csv
[m[0;33mW20250810 13:02:26.549599 140617515747072 tool.cpp:1902] rocprofv3_error_signal_handler caught signal 11...
[m# ---- Run standalone_attn_prefill_and_decode_interference_1_32768_64_204864 ----
INFO 08-10 13:02:34 [__init__.py:244] Automatically detected platform rocm.
[0;31mE20250810 13:02:59.025574 139745576212224 output_stream.cpp:105] Opened result file: ./profiles/standalone_attn_prefill_and_decode_interference_1_32768_64_204864_kernel_trace.csv
[m[0;31mE20250810 13:02:59.033289 139745576212224 output_stream.cpp:105] Opened result file: ./profiles/standalone_attn_prefill_and_decode_interference_1_32768_64_204864_agent_info.csv
[m[0;33mW20250810 13:03:08.797808 139745576212224 tool.cpp:1902] rocprofv3_error_signal_handler caught signal 11...
[m# ---- Run standalone_attn_prefill_and_decode_interference_1_32768_64_204896 ----
INFO 08-10 13:03:16 [__init__.py:244] Automatically detected platform rocm.
[0;31mE20250810 13:03:42.307507 140134444218112 output_stream.cpp:105] Opened result file: ./profiles/standalone_attn_prefill_and_decode_interference_1_32768_64_204896_kernel_trace.csv
[m[0;31mE20250810 13:03:42.315148 140134444218112 output_stream.cpp:105] Opened result file: ./profiles/standalone_attn_prefill_and_decode_interference_1_32768_64_204896_agent_info.csv
[m[0;33mW20250810 13:03:51.562923 140134444218112 tool.cpp:1902] rocprofv3_error_signal_handler caught signal 11...
[m# ---- Run standalone_attn_prefill_and_decode_interference_1_32768_64_2048128 ----
INFO 08-10 13:03:59 [__init__.py:244] Automatically detected platform rocm.
[0;31mE20250810 13:04:26.064069 140448036828928 output_stream.cpp:105] Opened result file: ./profiles/standalone_attn_prefill_and_decode_interference_1_32768_64_2048128_kernel_trace.csv
[m[0;31mE20250810 13:04:26.072133 140448036828928 output_stream.cpp:105] Opened result file: ./profiles/standalone_attn_prefill_and_decode_interference_1_32768_64_2048128_agent_info.csv
[m[0;33mW20250810 13:04:35.314812 140448036828928 tool.cpp:1902] rocprofv3_error_signal_handler caught signal 11...
[m# ---- Run standalone_attn_prefill_and_decode_interference_1_32768_64_2048160 ----
INFO 08-10 13:04:43 [__init__.py:244] Automatically detected platform rocm.
[0;31mE20250810 13:05:11.537429 139867457689344 output_stream.cpp:105] Opened result file: ./profiles/standalone_attn_prefill_and_decode_interference_1_32768_64_2048160_kernel_trace.csv
[m[0;31mE20250810 13:05:11.544996 139867457689344 output_stream.cpp:105] Opened result file: ./profiles/standalone_attn_prefill_and_decode_interference_1_32768_64_2048160_agent_info.csv
[m[0;33mW20250810 13:05:20.694346 139867457689344 tool.cpp:1902] rocprofv3_error_signal_handler caught signal 11...
[m# ---- Run standalone_attn_prefill_and_decode_interference_1_32768_128_2048nan ----
INFO 08-10 13:05:28 [__init__.py:244] Automatically detected platform rocm.
No masking
[0;31mE20250810 13:05:53.074814 140651615880960 output_stream.cpp:105] Opened result file: ./profiles/standalone_attn_prefill_and_decode_interference_1_32768_128_2048nan_kernel_trace.csv
[m[0;31mE20250810 13:05:53.082315 140651615880960 output_stream.cpp:105] Opened result file: ./profiles/standalone_attn_prefill_and_decode_interference_1_32768_128_2048nan_agent_info.csv
[m# ---- Run standalone_attn_prefill_and_decode_interference_1_32768_128_204832 ----
INFO 08-10 13:06:10 [__init__.py:244] Automatically detected platform rocm.
[0;31mE20250810 13:06:35.196113 140227831813888 output_stream.cpp:105] Opened result file: ./profiles/standalone_attn_prefill_and_decode_interference_1_32768_128_204832_kernel_trace.csv
[m[0;31mE20250810 13:06:35.203534 140227831813888 output_stream.cpp:105] Opened result file: ./profiles/standalone_attn_prefill_and_decode_interference_1_32768_128_204832_agent_info.csv
[m[0;33mW20250810 13:06:44.497297 140227831813888 tool.cpp:1902] rocprofv3_error_signal_handler caught signal 11...
[m# ---- Run standalone_attn_prefill_and_decode_interference_1_32768_128_204864 ----
INFO 08-10 13:06:52 [__init__.py:244] Automatically detected platform rocm.
[0;31mE20250810 13:07:17.578484 139978383795968 output_stream.cpp:105] Opened result file: ./profiles/standalone_attn_prefill_and_decode_interference_1_32768_128_204864_kernel_trace.csv
[m[0;31mE20250810 13:07:17.586362 139978383795968 output_stream.cpp:105] Opened result file: ./profiles/standalone_attn_prefill_and_decode_interference_1_32768_128_204864_agent_info.csv
[m[0;33mW20250810 13:07:27.120111 139978383795968 tool.cpp:1902] rocprofv3_error_signal_handler caught signal 11...
[m# ---- Run standalone_attn_prefill_and_decode_interference_1_32768_128_204896 ----
INFO 08-10 13:07:35 [__init__.py:244] Automatically detected platform rocm.
[0;31mE20250810 13:08:01.246846 140395169130240 output_stream.cpp:105] Opened result file: ./profiles/standalone_attn_prefill_and_decode_interference_1_32768_128_204896_kernel_trace.csv
[m[0;31mE20250810 13:08:01.254307 140395169130240 output_stream.cpp:105] Opened result file: ./profiles/standalone_attn_prefill_and_decode_interference_1_32768_128_204896_agent_info.csv
[m[0;33mW20250810 13:08:10.524440 140395169130240 tool.cpp:1902] rocprofv3_error_signal_handler caught signal 11...
[m# ---- Run standalone_attn_prefill_and_decode_interference_1_32768_128_2048128 ----
INFO 08-10 13:08:18 [__init__.py:244] Automatically detected platform rocm.
[0;31mE20250810 13:08:45.563925 140008364861184 output_stream.cpp:105] Opened result file: ./profiles/standalone_attn_prefill_and_decode_interference_1_32768_128_2048128_kernel_trace.csv
[m[0;31mE20250810 13:08:45.571459 140008364861184 output_stream.cpp:105] Opened result file: ./profiles/standalone_attn_prefill_and_decode_interference_1_32768_128_2048128_agent_info.csv
[m[0;33mW20250810 13:08:55.518795 140008364861184 tool.cpp:1902] rocprofv3_error_signal_handler caught signal 11...
[m# ---- Run standalone_attn_prefill_and_decode_interference_1_32768_128_2048160 ----
INFO 08-10 13:09:03 [__init__.py:244] Automatically detected platform rocm.
[0;31mE20250810 13:09:32.304326 140416668849920 output_stream.cpp:105] Opened result file: ./profiles/standalone_attn_prefill_and_decode_interference_1_32768_128_2048160_kernel_trace.csv
[m[0;31mE20250810 13:09:32.311820 140416668849920 output_stream.cpp:105] Opened result file: ./profiles/standalone_attn_prefill_and_decode_interference_1_32768_128_2048160_agent_info.csv
[m[0;33mW20250810 13:09:41.579822 140416668849920 tool.cpp:1902] rocprofv3_error_signal_handler caught signal 11...
[m# ---- Run standalone_attn_prefill_and_decode_interference_1_65536_1_2048nan ----
INFO 08-10 13:09:49 [__init__.py:244] Automatically detected platform rocm.
No masking
[0;31mE20250810 13:10:27.281340 140083544069888 output_stream.cpp:105] Opened result file: ./profiles/standalone_attn_prefill_and_decode_interference_1_65536_1_2048nan_kernel_trace.csv
[m[0;31mE20250810 13:10:27.289047 140083544069888 output_stream.cpp:105] Opened result file: ./profiles/standalone_attn_prefill_and_decode_interference_1_65536_1_2048nan_agent_info.csv
[m# ---- Run standalone_attn_prefill_and_decode_interference_1_65536_1_204832 ----
INFO 08-10 13:10:44 [__init__.py:244] Automatically detected platform rocm.
[0;31mE20250810 13:11:24.397225 139768985913088 output_stream.cpp:105] Opened result file: ./profiles/standalone_attn_prefill_and_decode_interference_1_65536_1_204832_kernel_trace.csv
[m[0;31mE20250810 13:11:24.404669 139768985913088 output_stream.cpp:105] Opened result file: ./profiles/standalone_attn_prefill_and_decode_interference_1_65536_1_204832_agent_info.csv
[m[0;33mW20250810 13:11:33.876310 139768985913088 tool.cpp:1902] rocprofv3_error_signal_handler caught signal 11...
[m# ---- Run standalone_attn_prefill_and_decode_interference_1_65536_1_204864 ----
INFO 08-10 13:11:42 [__init__.py:244] Automatically detected platform rocm.
[0;31mE20250810 13:12:23.167965 140187967153920 output_stream.cpp:105] Opened result file: ./profiles/standalone_attn_prefill_and_decode_interference_1_65536_1_204864_kernel_trace.csv
[m[0;31mE20250810 13:12:23.175463 140187967153920 output_stream.cpp:105] Opened result file: ./profiles/standalone_attn_prefill_and_decode_interference_1_65536_1_204864_agent_info.csv
[m[0;33mW20250810 13:12:32.186738 140187967153920 tool.cpp:1902] rocprofv3_error_signal_handler caught signal 11...
[m# ---- Run standalone_attn_prefill_and_decode_interference_1_65536_1_204896 ----
INFO 08-10 13:12:40 [__init__.py:244] Automatically detected platform rocm.
[0;31mE20250810 13:13:24.476124 139799720318720 output_stream.cpp:105] Opened result file: ./profiles/standalone_attn_prefill_and_decode_interference_1_65536_1_204896_kernel_trace.csv
[m[0;31mE20250810 13:13:24.483676 139799720318720 output_stream.cpp:105] Opened result file: ./profiles/standalone_attn_prefill_and_decode_interference_1_65536_1_204896_agent_info.csv
[m[0;33mW20250810 13:13:34.152240 139799720318720 tool.cpp:1902] rocprofv3_error_signal_handler caught signal 11...
[m# ---- Run standalone_attn_prefill_and_decode_interference_1_65536_1_2048128 ----
INFO 08-10 13:13:41 [__init__.py:244] Automatically detected platform rocm.
[0;31mE20250810 13:14:29.561760 140223885522688 output_stream.cpp:105] Opened result file: ./profiles/standalone_attn_prefill_and_decode_interference_1_65536_1_2048128_kernel_trace.csv
[m[0;31mE20250810 13:14:29.569448 140223885522688 output_stream.cpp:105] Opened result file: ./profiles/standalone_attn_prefill_and_decode_interference_1_65536_1_2048128_agent_info.csv
[m[0;33mW20250810 13:14:39.275646 140223885522688 tool.cpp:1902] rocprofv3_error_signal_handler caught signal 11...
[m# ---- Run standalone_attn_prefill_and_decode_interference_1_65536_1_2048160 ----
INFO 08-10 13:14:46 [__init__.py:244] Automatically detected platform rocm.
[0;31mE20250810 13:15:41.705250 140490940466944 output_stream.cpp:105] Opened result file: ./profiles/standalone_attn_prefill_and_decode_interference_1_65536_1_2048160_kernel_trace.csv
[m[0;31mE20250810 13:15:41.712651 140490940466944 output_stream.cpp:105] Opened result file: ./profiles/standalone_attn_prefill_and_decode_interference_1_65536_1_2048160_agent_info.csv
[m[0;33mW20250810 13:15:51.368709 140490940466944 tool.cpp:1902] rocprofv3_error_signal_handler caught signal 11...
[m# ---- Run standalone_attn_prefill_and_decode_interference_1_65536_8_2048nan ----
INFO 08-10 13:15:59 [__init__.py:244] Automatically detected platform rocm.
No masking
[0;31mE20250810 13:16:36.461760 140017304790784 output_stream.cpp:105] Opened result file: ./profiles/standalone_attn_prefill_and_decode_interference_1_65536_8_2048nan_kernel_trace.csv
[m[0;31mE20250810 13:16:36.469156 140017304790784 output_stream.cpp:105] Opened result file: ./profiles/standalone_attn_prefill_and_decode_interference_1_65536_8_2048nan_agent_info.csv
[m# ---- Run standalone_attn_prefill_and_decode_interference_1_65536_8_204832 ----
INFO 08-10 13:16:53 [__init__.py:244] Automatically detected platform rocm.
[0;31mE20250810 13:17:33.642714 139944250382080 output_stream.cpp:105] Opened result file: ./profiles/standalone_attn_prefill_and_decode_interference_1_65536_8_204832_kernel_trace.csv
[m[0;31mE20250810 13:17:33.649742 139944250382080 output_stream.cpp:105] Opened result file: ./profiles/standalone_attn_prefill_and_decode_interference_1_65536_8_204832_agent_info.csv
[m[0;33mW20250810 13:17:42.974166 139944250382080 tool.cpp:1902] rocprofv3_error_signal_handler caught signal 11...
[m# ---- Run standalone_attn_prefill_and_decode_interference_1_65536_8_204864 ----
INFO 08-10 13:17:50 [__init__.py:244] Automatically detected platform rocm.
[0;31mE20250810 13:18:32.136568 140433861674752 output_stream.cpp:105] Opened result file: ./profiles/standalone_attn_prefill_and_decode_interference_1_65536_8_204864_kernel_trace.csv
[m[0;31mE20250810 13:18:32.144011 140433861674752 output_stream.cpp:105] Opened result file: ./profiles/standalone_attn_prefill_and_decode_interference_1_65536_8_204864_agent_info.csv
[m[0;33mW20250810 13:18:41.673575 140433861674752 tool.cpp:1902] rocprofv3_error_signal_handler caught signal 11...
[m# ---- Run standalone_attn_prefill_and_decode_interference_1_65536_8_204896 ----
INFO 08-10 13:18:49 [__init__.py:244] Automatically detected platform rocm.
[0;31mE20250810 13:19:32.719727 139910411179776 output_stream.cpp:105] Opened result file: ./profiles/standalone_attn_prefill_and_decode_interference_1_65536_8_204896_kernel_trace.csv
[m[0;31mE20250810 13:19:32.727111 139910411179776 output_stream.cpp:105] Opened result file: ./profiles/standalone_attn_prefill_and_decode_interference_1_65536_8_204896_agent_info.csv
[m[0;33mW20250810 13:19:41.928407 139910411179776 tool.cpp:1902] rocprofv3_error_signal_handler caught signal 11...
[m# ---- Run standalone_attn_prefill_and_decode_interference_1_65536_8_2048128 ----
INFO 08-10 13:19:49 [__init__.py:244] Automatically detected platform rocm.
[0;31mE20250810 13:20:37.880233 140242346940160 output_stream.cpp:105] Opened result file: ./profiles/standalone_attn_prefill_and_decode_interference_1_65536_8_2048128_kernel_trace.csv
[m[0;31mE20250810 13:20:37.887387 140242346940160 output_stream.cpp:105] Opened result file: ./profiles/standalone_attn_prefill_and_decode_interference_1_65536_8_2048128_agent_info.csv
[m[0;33mW20250810 13:20:47.138434 140242346940160 tool.cpp:1902] rocprofv3_error_signal_handler caught signal 11...
[m# ---- Run standalone_attn_prefill_and_decode_interference_1_65536_8_2048160 ----
INFO 08-10 13:20:55 [__init__.py:244] Automatically detected platform rocm.
[0;31mE20250810 13:21:50.436029 140094184081152 output_stream.cpp:105] Opened result file: ./profiles/standalone_attn_prefill_and_decode_interference_1_65536_8_2048160_kernel_trace.csv
[m[0;31mE20250810 13:21:50.443953 140094184081152 output_stream.cpp:105] Opened result file: ./profiles/standalone_attn_prefill_and_decode_interference_1_65536_8_2048160_agent_info.csv
[m[0;33mW20250810 13:22:00.151976 140094184081152 tool.cpp:1902] rocprofv3_error_signal_handler caught signal 11...
[m# ---- Run standalone_attn_prefill_and_decode_interference_1_65536_16_2048nan ----
INFO 08-10 13:22:08 [__init__.py:244] Automatically detected platform rocm.
No masking
[0;31mE20250810 13:22:44.450578 139650816599808 output_stream.cpp:105] Opened result file: ./profiles/standalone_attn_prefill_and_decode_interference_1_65536_16_2048nan_kernel_trace.csv
[m[0;31mE20250810 13:22:44.457519 139650816599808 output_stream.cpp:105] Opened result file: ./profiles/standalone_attn_prefill_and_decode_interference_1_65536_16_2048nan_agent_info.csv
[m# ---- Run standalone_attn_prefill_and_decode_interference_1_65536_16_204832 ----
INFO 08-10 13:23:02 [__init__.py:244] Automatically detected platform rocm.
[0;31mE20250810 13:23:39.740220 139679507207936 output_stream.cpp:105] Opened result file: ./profiles/standalone_attn_prefill_and_decode_interference_1_65536_16_204832_kernel_trace.csv
[m[0;31mE20250810 13:23:39.747836 139679507207936 output_stream.cpp:105] Opened result file: ./profiles/standalone_attn_prefill_and_decode_interference_1_65536_16_204832_agent_info.csv
[m[0;33mW20250810 13:23:49.404459 139679507207936 tool.cpp:1902] rocprofv3_error_signal_handler caught signal 11...
[m# ---- Run standalone_attn_prefill_and_decode_interference_1_65536_16_204864 ----
INFO 08-10 13:23:57 [__init__.py:244] Automatically detected platform rocm.
[0;31mE20250810 13:24:36.518613 140281970190080 output_stream.cpp:105] Opened result file: ./profiles/standalone_attn_prefill_and_decode_interference_1_65536_16_204864_kernel_trace.csv
[m[0;31mE20250810 13:24:36.526641 140281970190080 output_stream.cpp:105] Opened result file: ./profiles/standalone_attn_prefill_and_decode_interference_1_65536_16_204864_agent_info.csv
[m[0;33mW20250810 13:24:46.595038 140281970190080 tool.cpp:1902] rocprofv3_error_signal_handler caught signal 11...
[m# ---- Run standalone_attn_prefill_and_decode_interference_1_65536_16_204896 ----
INFO 08-10 13:24:54 [__init__.py:244] Automatically detected platform rocm.
[0;31mE20250810 13:25:37.320460 139727012304640 output_stream.cpp:105] Opened result file: ./profiles/standalone_attn_prefill_and_decode_interference_1_65536_16_204896_kernel_trace.csv
[m[0;31mE20250810 13:25:37.327902 139727012304640 output_stream.cpp:105] Opened result file: ./profiles/standalone_attn_prefill_and_decode_interference_1_65536_16_204896_agent_info.csv
[m[0;33mW20250810 13:25:46.426143 139727012304640 tool.cpp:1902] rocprofv3_error_signal_handler caught signal 11...
[m# ---- Run standalone_attn_prefill_and_decode_interference_1_65536_16_2048128 ----
INFO 08-10 13:25:54 [__init__.py:244] Automatically detected platform rocm.
[0;31mE20250810 13:26:41.828235 140516601505536 output_stream.cpp:105] Opened result file: ./profiles/standalone_attn_prefill_and_decode_interference_1_65536_16_2048128_kernel_trace.csv
[m[0;31mE20250810 13:26:41.835801 140516601505536 output_stream.cpp:105] Opened result file: ./profiles/standalone_attn_prefill_and_decode_interference_1_65536_16_2048128_agent_info.csv
[m[0;33mW20250810 13:26:50.778257 140516601505536 tool.cpp:1902] rocprofv3_error_signal_handler caught signal 11...
[m# ---- Run standalone_attn_prefill_and_decode_interference_1_65536_16_2048160 ----
INFO 08-10 13:26:59 [__init__.py:244] Automatically detected platform rocm.
[0;31mE20250810 13:27:53.107807 139685474088704 output_stream.cpp:105] Opened result file: ./profiles/standalone_attn_prefill_and_decode_interference_1_65536_16_2048160_kernel_trace.csv
[m[0;31mE20250810 13:27:53.115366 139685474088704 output_stream.cpp:105] Opened result file: ./profiles/standalone_attn_prefill_and_decode_interference_1_65536_16_2048160_agent_info.csv
[m[0;33mW20250810 13:28:02.668928 139685474088704 tool.cpp:1902] rocprofv3_error_signal_handler caught signal 11...
[m# ---- Run standalone_attn_prefill_and_decode_interference_1_65536_32_2048nan ----
INFO 08-10 13:28:10 [__init__.py:244] Automatically detected platform rocm.
No masking
[0;31mE20250810 13:28:47.800257 139855140984576 output_stream.cpp:105] Opened result file: ./profiles/standalone_attn_prefill_and_decode_interference_1_65536_32_2048nan_kernel_trace.csv
[m[0;31mE20250810 13:28:47.807703 139855140984576 output_stream.cpp:105] Opened result file: ./profiles/standalone_attn_prefill_and_decode_interference_1_65536_32_2048nan_agent_info.csv
[m# ---- Run standalone_attn_prefill_and_decode_interference_1_65536_32_204832 ----
INFO 08-10 13:29:05 [__init__.py:244] Automatically detected platform rocm.
[0;31mE20250810 13:29:43.483635 139814462764800 output_stream.cpp:105] Opened result file: ./profiles/standalone_attn_prefill_and_decode_interference_1_65536_32_204832_kernel_trace.csv
[m[0;31mE20250810 13:29:43.490844 139814462764800 output_stream.cpp:105] Opened result file: ./profiles/standalone_attn_prefill_and_decode_interference_1_65536_32_204832_agent_info.csv
[m[0;33mW20250810 13:29:52.730866 139814462764800 tool.cpp:1902] rocprofv3_error_signal_handler caught signal 11...
[m# ---- Run standalone_attn_prefill_and_decode_interference_1_65536_32_204864 ----
INFO 08-10 13:30:01 [__init__.py:244] Automatically detected platform rocm.
[0;31mE20250810 13:30:40.709729 140134318552832 output_stream.cpp:105] Opened result file: ./profiles/standalone_attn_prefill_and_decode_interference_1_65536_32_204864_kernel_trace.csv
[m[0;31mE20250810 13:30:40.717283 140134318552832 output_stream.cpp:105] Opened result file: ./profiles/standalone_attn_prefill_and_decode_interference_1_65536_32_204864_agent_info.csv
[m[0;33mW20250810 13:30:50.501370 140134318552832 tool.cpp:1902] rocprofv3_error_signal_handler caught signal 11...
[m# ---- Run standalone_attn_prefill_and_decode_interference_1_65536_32_204896 ----
INFO 08-10 13:30:58 [__init__.py:244] Automatically detected platform rocm.
[0;31mE20250810 13:31:41.775989 140309738665728 output_stream.cpp:105] Opened result file: ./profiles/standalone_attn_prefill_and_decode_interference_1_65536_32_204896_kernel_trace.csv
[m[0;31mE20250810 13:31:41.783924 140309738665728 output_stream.cpp:105] Opened result file: ./profiles/standalone_attn_prefill_and_decode_interference_1_65536_32_204896_agent_info.csv
[m[0;33mW20250810 13:31:51.307856 140309738665728 tool.cpp:1902] rocprofv3_error_signal_handler caught signal 11...
[m# ---- Run standalone_attn_prefill_and_decode_interference_1_65536_32_2048128 ----
INFO 08-10 13:31:59 [__init__.py:244] Automatically detected platform rocm.
[0;31mE20250810 13:32:42.322226 140172644214528 output_stream.cpp:105] Opened result file: ./profiles/standalone_attn_prefill_and_decode_interference_1_65536_32_2048128_kernel_trace.csv
[m[0;31mE20250810 13:32:42.329130 140172644214528 output_stream.cpp:105] Opened result file: ./profiles/standalone_attn_prefill_and_decode_interference_1_65536_32_2048128_agent_info.csv
[m[0;33mW20250810 13:32:51.604165 140172644214528 tool.cpp:1902] rocprofv3_error_signal_handler caught signal 11...
[m# ---- Run standalone_attn_prefill_and_decode_interference_1_65536_32_2048160 ----
INFO 08-10 13:32:55 [__init__.py:244] Automatically detected platform rocm.
[0;31mE20250810 13:33:41.878735 140011030824704 output_stream.cpp:105] Opened result file: ./profiles/standalone_attn_prefill_and_decode_interference_1_65536_32_2048160_kernel_trace.csv
[m[0;31mE20250810 13:33:41.885662 140011030824704 output_stream.cpp:105] Opened result file: ./profiles/standalone_attn_prefill_and_decode_interference_1_65536_32_2048160_agent_info.csv
[m[0;33mW20250810 13:33:50.654203 140011030824704 tool.cpp:1902] rocprofv3_error_signal_handler caught signal 11...
[m# ---- Run standalone_attn_prefill_and_decode_interference_1_65536_64_2048nan ----
INFO 08-10 13:33:54 [__init__.py:244] Automatically detected platform rocm.
No masking
[0;31mE20250810 13:34:23.868340 140012724741888 output_stream.cpp:105] Opened result file: ./profiles/standalone_attn_prefill_and_decode_interference_1_65536_64_2048nan_kernel_trace.csv
[m[0;31mE20250810 13:34:23.874775 140012724741888 output_stream.cpp:105] Opened result file: ./profiles/standalone_attn_prefill_and_decode_interference_1_65536_64_2048nan_agent_info.csv
[m# ---- Run standalone_attn_prefill_and_decode_interference_1_65536_64_204832 ----
INFO 08-10 13:34:37 [__init__.py:244] Automatically detected platform rocm.
[0;31mE20250810 13:35:07.392566 140495367751424 output_stream.cpp:105] Opened result file: ./profiles/standalone_attn_prefill_and_decode_interference_1_65536_64_204832_kernel_trace.csv
[m[0;31mE20250810 13:35:07.398983 140495367751424 output_stream.cpp:105] Opened result file: ./profiles/standalone_attn_prefill_and_decode_interference_1_65536_64_204832_agent_info.csv
[m[0;33mW20250810 13:35:16.223282 140495367751424 tool.cpp:1902] rocprofv3_error_signal_handler caught signal 11...
[m# ---- Run standalone_attn_prefill_and_decode_interference_1_65536_64_204864 ----
INFO 08-10 13:35:20 [__init__.py:244] Automatically detected platform rocm.
[0;31mE20250810 13:35:52.579867 139654969501440 output_stream.cpp:105] Opened result file: ./profiles/standalone_attn_prefill_and_decode_interference_1_65536_64_204864_kernel_trace.csv
[m[0;31mE20250810 13:35:52.586475 139654969501440 output_stream.cpp:105] Opened result file: ./profiles/standalone_attn_prefill_and_decode_interference_1_65536_64_204864_agent_info.csv
[m[0;33mW20250810 13:36:01.944584 139654969501440 tool.cpp:1902] rocprofv3_error_signal_handler caught signal 11...
[m# ---- Run standalone_attn_prefill_and_decode_interference_1_65536_64_204896 ----
INFO 08-10 13:36:06 [__init__.py:244] Automatically detected platform rocm.
[0;31mE20250810 13:36:41.001507 140468711421696 output_stream.cpp:105] Opened result file: ./profiles/standalone_attn_prefill_and_decode_interference_1_65536_64_204896_kernel_trace.csv
[m[0;31mE20250810 13:36:41.007908 140468711421696 output_stream.cpp:105] Opened result file: ./profiles/standalone_attn_prefill_and_decode_interference_1_65536_64_204896_agent_info.csv
[m[0;33mW20250810 13:36:49.819992 140468711421696 tool.cpp:1902] rocprofv3_error_signal_handler caught signal 11...
[m# ---- Run standalone_attn_prefill_and_decode_interference_1_65536_64_2048128 ----
INFO 08-10 13:36:54 [__init__.py:244] Automatically detected platform rocm.
[0;31mE20250810 13:37:33.599816 140524630693632 output_stream.cpp:105] Opened result file: ./profiles/standalone_attn_prefill_and_decode_interference_1_65536_64_2048128_kernel_trace.csv
[m[0;31mE20250810 13:37:33.606317 140524630693632 output_stream.cpp:105] Opened result file: ./profiles/standalone_attn_prefill_and_decode_interference_1_65536_64_2048128_agent_info.csv
[m[0;33mW20250810 13:37:42.448788 140524630693632 tool.cpp:1902] rocprofv3_error_signal_handler caught signal 11...
[m# ---- Run standalone_attn_prefill_and_decode_interference_1_65536_64_2048160 ----
INFO 08-10 13:37:46 [__init__.py:244] Automatically detected platform rocm.
[0;31mE20250810 13:38:32.420329 140182758864640 output_stream.cpp:105] Opened result file: ./profiles/standalone_attn_prefill_and_decode_interference_1_65536_64_2048160_kernel_trace.csv
[m[0;31mE20250810 13:38:32.427304 140182758864640 output_stream.cpp:105] Opened result file: ./profiles/standalone_attn_prefill_and_decode_interference_1_65536_64_2048160_agent_info.csv
[m[0;33mW20250810 13:38:41.229349 140182758864640 tool.cpp:1902] rocprofv3_error_signal_handler caught signal 11...
[m# ---- Run standalone_attn_prefill_and_decode_interference_1_65536_128_2048nan ----
INFO 08-10 13:38:45 [__init__.py:244] Automatically detected platform rocm.
No masking
[0;31mE20250810 13:39:14.371145 140659234346752 output_stream.cpp:105] Opened result file: ./profiles/standalone_attn_prefill_and_decode_interference_1_65536_128_2048nan_kernel_trace.csv
[m[0;31mE20250810 13:39:14.377550 140659234346752 output_stream.cpp:105] Opened result file: ./profiles/standalone_attn_prefill_and_decode_interference_1_65536_128_2048nan_agent_info.csv
[m# ---- Run standalone_attn_prefill_and_decode_interference_1_65536_128_204832 ----
INFO 08-10 13:39:27 [__init__.py:244] Automatically detected platform rocm.
[0;31mE20250810 13:39:57.823497 139918903277312 output_stream.cpp:105] Opened result file: ./profiles/standalone_attn_prefill_and_decode_interference_1_65536_128_204832_kernel_trace.csv
[m[0;31mE20250810 13:39:57.829898 139918903277312 output_stream.cpp:105] Opened result file: ./profiles/standalone_attn_prefill_and_decode_interference_1_65536_128_204832_agent_info.csv
[m[0;33mW20250810 13:40:07.056146 139918903277312 tool.cpp:1902] rocprofv3_error_signal_handler caught signal 11...
[m# ---- Run standalone_attn_prefill_and_decode_interference_1_65536_128_204864 ----
INFO 08-10 13:40:11 [__init__.py:244] Automatically detected platform rocm.
[0;31mE20250810 13:40:43.243932 140351482226432 output_stream.cpp:105] Opened result file: ./profiles/standalone_attn_prefill_and_decode_interference_1_65536_128_204864_kernel_trace.csv
[m[0;31mE20250810 13:40:43.250487 140351482226432 output_stream.cpp:105] Opened result file: ./profiles/standalone_attn_prefill_and_decode_interference_1_65536_128_204864_agent_info.csv
[m[0;33mW20250810 13:40:51.863541 140351482226432 tool.cpp:1902] rocprofv3_error_signal_handler caught signal 11...
[m# ---- Run standalone_attn_prefill_and_decode_interference_1_65536_128_204896 ----
INFO 08-10 13:40:56 [__init__.py:244] Automatically detected platform rocm.
[0;31mE20250810 13:41:31.034205 139695683372800 output_stream.cpp:105] Opened result file: ./profiles/standalone_attn_prefill_and_decode_interference_1_65536_128_204896_kernel_trace.csv
[m[0;31mE20250810 13:41:31.040644 139695683372800 output_stream.cpp:105] Opened result file: ./profiles/standalone_attn_prefill_and_decode_interference_1_65536_128_204896_agent_info.csv
[m[0;33mW20250810 13:41:39.660180 139695683372800 tool.cpp:1902] rocprofv3_error_signal_handler caught signal 11...
[m# ---- Run standalone_attn_prefill_and_decode_interference_1_65536_128_2048128 ----
INFO 08-10 13:41:43 [__init__.py:244] Automatically detected platform rocm.
[0;31mE20250810 13:42:23.268512 139709714523904 output_stream.cpp:105] Opened result file: ./profiles/standalone_attn_prefill_and_decode_interference_1_65536_128_2048128_kernel_trace.csv
[m[0;31mE20250810 13:42:23.275000 139709714523904 output_stream.cpp:105] Opened result file: ./profiles/standalone_attn_prefill_and_decode_interference_1_65536_128_2048128_agent_info.csv
[m[0;33mW20250810 13:42:32.204277 139709714523904 tool.cpp:1902] rocprofv3_error_signal_handler caught signal 11...
[m# ---- Run standalone_attn_prefill_and_decode_interference_1_65536_128_2048160 ----
INFO 08-10 13:42:36 [__init__.py:244] Automatically detected platform rocm.
[0;31mE20250810 13:43:22.341954 140370852087552 output_stream.cpp:105] Opened result file: ./profiles/standalone_attn_prefill_and_decode_interference_1_65536_128_2048160_kernel_trace.csv
[m[0;31mE20250810 13:43:22.348427 140370852087552 output_stream.cpp:105] Opened result file: ./profiles/standalone_attn_prefill_and_decode_interference_1_65536_128_2048160_agent_info.csv
[m[0;33mW20250810 13:43:31.121740 140370852087552 tool.cpp:1902] rocprofv3_error_signal_handler caught signal 11...
[m# ---- Run standalone_attn_prefill_and_decode_interference_1_131072_1_2048nan ----
INFO 08-10 13:43:35 [__init__.py:244] Automatically detected platform rocm.
No masking
[0;31mE20250810 13:44:52.900914 139635081582336 output_stream.cpp:105] Opened result file: ./profiles/standalone_attn_prefill_and_decode_interference_1_131072_1_2048nan_kernel_trace.csv
[m[0;31mE20250810 13:44:52.907827 139635081582336 output_stream.cpp:105] Opened result file: ./profiles/standalone_attn_prefill_and_decode_interference_1_131072_1_2048nan_agent_info.csv
[m# ---- Run standalone_attn_prefill_and_decode_interference_1_131072_1_204832 ----
INFO 08-10 13:45:06 [__init__.py:244] Automatically detected platform rocm.
[0;31mE20250810 13:46:29.253463 140715843675904 output_stream.cpp:105] Opened result file: ./profiles/standalone_attn_prefill_and_decode_interference_1_131072_1_204832_kernel_trace.csv
[m[0;31mE20250810 13:46:29.259952 140715843675904 output_stream.cpp:105] Opened result file: ./profiles/standalone_attn_prefill_and_decode_interference_1_131072_1_204832_agent_info.csv
[m[0;33mW20250810 13:46:37.780860 140715843675904 tool.cpp:1902] rocprofv3_error_signal_handler caught signal 11...
[m# ---- Run standalone_attn_prefill_and_decode_interference_1_131072_1_204864 ----
INFO 08-10 13:46:42 [__init__.py:244] Automatically detected platform rocm.
[0;31mE20250810 13:48:12.547124 139968874252032 output_stream.cpp:105] Opened result file: ./profiles/standalone_attn_prefill_and_decode_interference_1_131072_1_204864_kernel_trace.csv
[m[0;31mE20250810 13:48:12.553933 139968874252032 output_stream.cpp:105] Opened result file: ./profiles/standalone_attn_prefill_and_decode_interference_1_131072_1_204864_agent_info.csv
[m[0;33mW20250810 13:48:21.339292 139968874252032 tool.cpp:1902] rocprofv3_error_signal_handler caught signal 11...
[m# ---- Run standalone_attn_prefill_and_decode_interference_1_131072_1_204896 ----
INFO 08-10 13:48:25 [__init__.py:244] Automatically detected platform rocm.
[0;31mE20250810 13:50:08.403338 139895525533440 output_stream.cpp:105] Opened result file: ./profiles/standalone_attn_prefill_and_decode_interference_1_131072_1_204896_kernel_trace.csv
[m[0;31mE20250810 13:50:08.410458 139895525533440 output_stream.cpp:105] Opened result file: ./profiles/standalone_attn_prefill_and_decode_interference_1_131072_1_204896_agent_info.csv
[m[0;33mW20250810 13:50:16.977553 139895525533440 tool.cpp:1902] rocprofv3_error_signal_handler caught signal 11...
[m# ---- Run standalone_attn_prefill_and_decode_interference_1_131072_1_2048128 ----
INFO 08-10 13:50:21 [__init__.py:244] Automatically detected platform rocm.
[0;31mE20250810 13:52:21.748487 140024081938176 output_stream.cpp:105] Opened result file: ./profiles/standalone_attn_prefill_and_decode_interference_1_131072_1_2048128_kernel_trace.csv
[m[0;31mE20250810 13:52:21.754966 140024081938176 output_stream.cpp:105] Opened result file: ./profiles/standalone_attn_prefill_and_decode_interference_1_131072_1_2048128_agent_info.csv
[m[0;33mW20250810 13:52:30.780267 140024081938176 tool.cpp:1902] rocprofv3_error_signal_handler caught signal 11...
[m# ---- Run standalone_attn_prefill_and_decode_interference_1_131072_1_2048160 ----
INFO 08-10 13:52:35 [__init__.py:244] Automatically detected platform rocm.
[0;31mE20250810 13:55:01.439174 139833643616000 output_stream.cpp:105] Opened result file: ./profiles/standalone_attn_prefill_and_decode_interference_1_131072_1_2048160_kernel_trace.csv
[m[0;31mE20250810 13:55:01.445976 139833643616000 output_stream.cpp:105] Opened result file: ./profiles/standalone_attn_prefill_and_decode_interference_1_131072_1_2048160_agent_info.csv
[m[0;33mW20250810 13:55:10.343587 139833643616000 tool.cpp:1902] rocprofv3_error_signal_handler caught signal 11...
[m# ---- Run standalone_attn_prefill_and_decode_interference_1_131072_8_2048nan ----
INFO 08-10 13:55:14 [__init__.py:244] Automatically detected platform rocm.
No masking
[0;31mE20250810 13:56:32.390253 140617203750656 output_stream.cpp:105] Opened result file: ./profiles/standalone_attn_prefill_and_decode_interference_1_131072_8_2048nan_kernel_trace.csv
[m[0;31mE20250810 13:56:32.397007 140617203750656 output_stream.cpp:105] Opened result file: ./profiles/standalone_attn_prefill_and_decode_interference_1_131072_8_2048nan_agent_info.csv
[m# ---- Run standalone_attn_prefill_and_decode_interference_1_131072_8_204832 ----
INFO 08-10 13:56:45 [__init__.py:244] Automatically detected platform rocm.
[0;31mE20250810 13:58:08.224564 139830263392000 output_stream.cpp:105] Opened result file: ./profiles/standalone_attn_prefill_and_decode_interference_1_131072_8_204832_kernel_trace.csv
[m[0;31mE20250810 13:58:08.230960 139830263392000 output_stream.cpp:105] Opened result file: ./profiles/standalone_attn_prefill_and_decode_interference_1_131072_8_204832_agent_info.csv
[m[0;33mW20250810 13:58:17.029912 139830263392000 tool.cpp:1902] rocprofv3_error_signal_handler caught signal 11...
[m# ---- Run standalone_attn_prefill_and_decode_interference_1_131072_8_204864 ----
INFO 08-10 13:58:21 [__init__.py:244] Automatically detected platform rocm.
[0;31mE20250810 13:59:51.701460 139939613964032 output_stream.cpp:105] Opened result file: ./profiles/standalone_attn_prefill_and_decode_interference_1_131072_8_204864_kernel_trace.csv
[m[0;31mE20250810 13:59:51.708459 139939613964032 output_stream.cpp:105] Opened result file: ./profiles/standalone_attn_prefill_and_decode_interference_1_131072_8_204864_agent_info.csv
[m[0;33mW20250810 14:00:00.270536 139939613964032 tool.cpp:1902] rocprofv3_error_signal_handler caught signal 11...
[m# ---- Run standalone_attn_prefill_and_decode_interference_1_131072_8_204896 ----
INFO 08-10 14:00:04 [__init__.py:244] Automatically detected platform rocm.
[0;31mE20250810 14:01:47.359103 140682957461248 output_stream.cpp:105] Opened result file: ./profiles/standalone_attn_prefill_and_decode_interference_1_131072_8_204896_kernel_trace.csv
[m[0;31mE20250810 14:01:47.366078 140682957461248 output_stream.cpp:105] Opened result file: ./profiles/standalone_attn_prefill_and_decode_interference_1_131072_8_204896_agent_info.csv
[m[0;33mW20250810 14:01:56.226498 140682957461248 tool.cpp:1902] rocprofv3_error_signal_handler caught signal 11...
[m# ---- Run standalone_attn_prefill_and_decode_interference_1_131072_8_2048128 ----
INFO 08-10 14:02:00 [__init__.py:244] Automatically detected platform rocm.
[0;31mE20250810 14:04:00.689408 140033385903872 output_stream.cpp:105] Opened result file: ./profiles/standalone_attn_prefill_and_decode_interference_1_131072_8_2048128_kernel_trace.csv
[m[0;31mE20250810 14:04:00.696625 140033385903872 output_stream.cpp:105] Opened result file: ./profiles/standalone_attn_prefill_and_decode_interference_1_131072_8_2048128_agent_info.csv
[m[0;33mW20250810 14:04:09.464456 140033385903872 tool.cpp:1902] rocprofv3_error_signal_handler caught signal 11...
[m# ---- Run standalone_attn_prefill_and_decode_interference_1_131072_8_2048160 ----
INFO 08-10 14:04:13 [__init__.py:244] Automatically detected platform rocm.
[0;31mE20250810 14:06:40.028339 139641228519168 output_stream.cpp:105] Opened result file: ./profiles/standalone_attn_prefill_and_decode_interference_1_131072_8_2048160_kernel_trace.csv
[m[0;31mE20250810 14:06:40.035185 139641228519168 output_stream.cpp:105] Opened result file: ./profiles/standalone_attn_prefill_and_decode_interference_1_131072_8_2048160_agent_info.csv
[m[0;33mW20250810 14:06:48.471531 139641228519168 tool.cpp:1902] rocprofv3_error_signal_handler caught signal 11...
[m# ---- Run standalone_attn_prefill_and_decode_interference_1_131072_16_2048nan ----
INFO 08-10 14:06:52 [__init__.py:244] Automatically detected platform rocm.
No masking
[0;31mE20250810 14:08:09.816911 140535017617152 output_stream.cpp:105] Opened result file: ./profiles/standalone_attn_prefill_and_decode_interference_1_131072_16_2048nan_kernel_trace.csv
[m[0;31mE20250810 14:08:09.823503 140535017617152 output_stream.cpp:105] Opened result file: ./profiles/standalone_attn_prefill_and_decode_interference_1_131072_16_2048nan_agent_info.csv
[m# ---- Run standalone_attn_prefill_and_decode_interference_1_131072_16_204832 ----
INFO 08-10 14:08:23 [__init__.py:244] Automatically detected platform rocm.
[0;31mE20250810 14:09:45.317678 139896341251840 output_stream.cpp:105] Opened result file: ./profiles/standalone_attn_prefill_and_decode_interference_1_131072_16_204832_kernel_trace.csv
[m[0;31mE20250810 14:09:45.324571 139896341251840 output_stream.cpp:105] Opened result file: ./profiles/standalone_attn_prefill_and_decode_interference_1_131072_16_204832_agent_info.csv
[m[0;33mW20250810 14:09:54.265659 139896341251840 tool.cpp:1902] rocprofv3_error_signal_handler caught signal 11...
[m# ---- Run standalone_attn_prefill_and_decode_interference_1_131072_16_204864 ----
INFO 08-10 14:09:58 [__init__.py:244] Automatically detected platform rocm.
[0;31mE20250810 14:11:28.525208 139771586246400 output_stream.cpp:105] Opened result file: ./profiles/standalone_attn_prefill_and_decode_interference_1_131072_16_204864_kernel_trace.csv
[m[0;31mE20250810 14:11:28.531974 139771586246400 output_stream.cpp:105] Opened result file: ./profiles/standalone_attn_prefill_and_decode_interference_1_131072_16_204864_agent_info.csv
[m[0;33mW20250810 14:11:37.212274 139771586246400 tool.cpp:1902] rocprofv3_error_signal_handler caught signal 11...
[m# ---- Run standalone_attn_prefill_and_decode_interference_1_131072_16_204896 ----
INFO 08-10 14:11:41 [__init__.py:244] Automatically detected platform rocm.
[0;31mE20250810 14:13:23.852148 140102010537728 output_stream.cpp:105] Opened result file: ./profiles/standalone_attn_prefill_and_decode_interference_1_131072_16_204896_kernel_trace.csv
[m[0;31mE20250810 14:13:23.859066 140102010537728 output_stream.cpp:105] Opened result file: ./profiles/standalone_attn_prefill_and_decode_interference_1_131072_16_204896_agent_info.csv
[m[0;33mW20250810 14:13:32.606706 140102010537728 tool.cpp:1902] rocprofv3_error_signal_handler caught signal 11...
[m# ---- Run standalone_attn_prefill_and_decode_interference_1_131072_16_2048128 ----
INFO 08-10 14:13:36 [__init__.py:244] Automatically detected platform rocm.
[0;31mE20250810 14:15:36.770211 139692122904320 output_stream.cpp:105] Opened result file: ./profiles/standalone_attn_prefill_and_decode_interference_1_131072_16_2048128_kernel_trace.csv
[m[0;31mE20250810 14:15:36.777298 139692122904320 output_stream.cpp:105] Opened result file: ./profiles/standalone_attn_prefill_and_decode_interference_1_131072_16_2048128_agent_info.csv
[m[0;33mW20250810 14:15:45.787388 139692122904320 tool.cpp:1902] rocprofv3_error_signal_handler caught signal 11...
[m# ---- Run standalone_attn_prefill_and_decode_interference_1_131072_16_2048160 ----
INFO 08-10 14:15:50 [__init__.py:244] Automatically detected platform rocm.
[0;31mE20250810 14:18:16.056822 139818666190592 output_stream.cpp:105] Opened result file: ./profiles/standalone_attn_prefill_and_decode_interference_1_131072_16_2048160_kernel_trace.csv
[m[0;31mE20250810 14:18:16.063926 139818666190592 output_stream.cpp:105] Opened result file: ./profiles/standalone_attn_prefill_and_decode_interference_1_131072_16_2048160_agent_info.csv
[m[0;33mW20250810 14:18:24.689171 139818666190592 tool.cpp:1902] rocprofv3_error_signal_handler caught signal 11...
[m# ---- Run standalone_attn_prefill_and_decode_interference_1_131072_32_2048nan ----
INFO 08-10 14:18:28 [__init__.py:244] Automatically detected platform rocm.
No masking
[0;31mE20250810 14:19:45.970318 140129676900096 output_stream.cpp:105] Opened result file: ./profiles/standalone_attn_prefill_and_decode_interference_1_131072_32_2048nan_kernel_trace.csv
[m[0;31mE20250810 14:19:45.977095 140129676900096 output_stream.cpp:105] Opened result file: ./profiles/standalone_attn_prefill_and_decode_interference_1_131072_32_2048nan_agent_info.csv
[m# ---- Run standalone_attn_prefill_and_decode_interference_1_131072_32_204832 ----
INFO 08-10 14:19:58 [__init__.py:244] Automatically detected platform rocm.
[0;31mE20250810 14:21:21.216144 140501001697024 output_stream.cpp:105] Opened result file: ./profiles/standalone_attn_prefill_and_decode_interference_1_131072_32_204832_kernel_trace.csv
[m[0;31mE20250810 14:21:21.223178 140501001697024 output_stream.cpp:105] Opened result file: ./profiles/standalone_attn_prefill_and_decode_interference_1_131072_32_204832_agent_info.csv
[m[0;33mW20250810 14:21:29.684737 140501001697024 tool.cpp:1902] rocprofv3_error_signal_handler caught signal 11...
[m# ---- Run standalone_attn_prefill_and_decode_interference_1_131072_32_204864 ----
INFO 08-10 14:21:34 [__init__.py:244] Automatically detected platform rocm.
[0;31mE20250810 14:23:03.989906 140406579443456 output_stream.cpp:105] Opened result file: ./profiles/standalone_attn_prefill_and_decode_interference_1_131072_32_204864_kernel_trace.csv
[m[0;31mE20250810 14:23:03.996799 140406579443456 output_stream.cpp:105] Opened result file: ./profiles/standalone_attn_prefill_and_decode_interference_1_131072_32_204864_agent_info.csv
[m[0;33mW20250810 14:23:12.674483 140406579443456 tool.cpp:1902] rocprofv3_error_signal_handler caught signal 11...
[m# ---- Run standalone_attn_prefill_and_decode_interference_1_131072_32_204896 ----
INFO 08-10 14:23:16 [__init__.py:244] Automatically detected platform rocm.
[0;31mE20250810 14:24:59.222773 139790564304640 output_stream.cpp:105] Opened result file: ./profiles/standalone_attn_prefill_and_decode_interference_1_131072_32_204896_kernel_trace.csv
[m[0;31mE20250810 14:24:59.229832 139790564304640 output_stream.cpp:105] Opened result file: ./profiles/standalone_attn_prefill_and_decode_interference_1_131072_32_204896_agent_info.csv
[m[0;33mW20250810 14:25:07.849332 139790564304640 tool.cpp:1902] rocprofv3_error_signal_handler caught signal 11...
[m# ---- Run standalone_attn_prefill_and_decode_interference_1_131072_32_2048128 ----
INFO 08-10 14:25:12 [__init__.py:244] Automatically detected platform rocm.
[0;31mE20250810 14:27:12.092545 139726448445184 output_stream.cpp:105] Opened result file: ./profiles/standalone_attn_prefill_and_decode_interference_1_131072_32_2048128_kernel_trace.csv
[m[0;31mE20250810 14:27:12.099618 139726448445184 output_stream.cpp:105] Opened result file: ./profiles/standalone_attn_prefill_and_decode_interference_1_131072_32_2048128_agent_info.csv
[m[0;33mW20250810 14:27:21.246652 139726448445184 tool.cpp:1902] rocprofv3_error_signal_handler caught signal 11...
[m# ---- Run standalone_attn_prefill_and_decode_interference_1_131072_32_2048160 ----
INFO 08-10 14:27:25 [__init__.py:244] Automatically detected platform rocm.
[0;31mE20250810 14:29:51.253783 140200471787264 output_stream.cpp:105] Opened result file: ./profiles/standalone_attn_prefill_and_decode_interference_1_131072_32_2048160_kernel_trace.csv
[m[0;31mE20250810 14:29:51.260807 140200471787264 output_stream.cpp:105] Opened result file: ./profiles/standalone_attn_prefill_and_decode_interference_1_131072_32_2048160_agent_info.csv
[m[0;33mW20250810 14:29:59.658002 140200471787264 tool.cpp:1902] rocprofv3_error_signal_handler caught signal 11...
[m# ---- Run standalone_attn_prefill_and_decode_interference_1_131072_64_2048nan ----
INFO 08-10 14:30:03 [__init__.py:244] Automatically detected platform rocm.
No masking
[0;31mE20250810 14:31:21.144432 139941231585024 output_stream.cpp:105] Opened result file: ./profiles/standalone_attn_prefill_and_decode_interference_1_131072_64_2048nan_kernel_trace.csv
[m[0;31mE20250810 14:31:21.150983 139941231585024 output_stream.cpp:105] Opened result file: ./profiles/standalone_attn_prefill_and_decode_interference_1_131072_64_2048nan_agent_info.csv
[m# ---- Run standalone_attn_prefill_and_decode_interference_1_131072_64_204832 ----
INFO 08-10 14:31:34 [__init__.py:244] Automatically detected platform rocm.
[0;31mE20250810 14:32:56.687590 140010569324288 output_stream.cpp:105] Opened result file: ./profiles/standalone_attn_prefill_and_decode_interference_1_131072_64_204832_kernel_trace.csv
[m[0;31mE20250810 14:32:56.694615 140010569324288 output_stream.cpp:105] Opened result file: ./profiles/standalone_attn_prefill_and_decode_interference_1_131072_64_204832_agent_info.csv
[m[0;33mW20250810 14:33:05.505326 140010569324288 tool.cpp:1902] rocprofv3_error_signal_handler caught signal 11...
[m# ---- Run standalone_attn_prefill_and_decode_interference_1_131072_64_204864 ----
INFO 08-10 14:33:09 [__init__.py:244] Automatically detected platform rocm.
[0;31mE20250810 14:34:39.747653 139677738583808 output_stream.cpp:105] Opened result file: ./profiles/standalone_attn_prefill_and_decode_interference_1_131072_64_204864_kernel_trace.csv
[m[0;31mE20250810 14:34:39.754318 139677738583808 output_stream.cpp:105] Opened result file: ./profiles/standalone_attn_prefill_and_decode_interference_1_131072_64_204864_agent_info.csv
[m[0;33mW20250810 14:34:48.488295 139677738583808 tool.cpp:1902] rocprofv3_error_signal_handler caught signal 11...
[m# ---- Run standalone_attn_prefill_and_decode_interference_1_131072_64_204896 ----
INFO 08-10 14:34:52 [__init__.py:244] Automatically detected platform rocm.
[0;31mE20250810 14:36:34.881576 139655414892288 output_stream.cpp:105] Opened result file: ./profiles/standalone_attn_prefill_and_decode_interference_1_131072_64_204896_kernel_trace.csv
[m[0;31mE20250810 14:36:34.887970 139655414892288 output_stream.cpp:105] Opened result file: ./profiles/standalone_attn_prefill_and_decode_interference_1_131072_64_204896_agent_info.csv
[m[0;33mW20250810 14:36:43.602584 139655414892288 tool.cpp:1902] rocprofv3_error_signal_handler caught signal 11...
[m# ---- Run standalone_attn_prefill_and_decode_interference_1_131072_64_2048128 ----
INFO 08-10 14:36:47 [__init__.py:244] Automatically detected platform rocm.
[0;31mE20250810 14:38:47.836738 139719995451136 output_stream.cpp:105] Opened result file: ./profiles/standalone_attn_prefill_and_decode_interference_1_131072_64_2048128_kernel_trace.csv
[m[0;31mE20250810 14:38:47.843650 139719995451136 output_stream.cpp:105] Opened result file: ./profiles/standalone_attn_prefill_and_decode_interference_1_131072_64_2048128_agent_info.csv
[m[0;33mW20250810 14:38:56.949626 139719995451136 tool.cpp:1902] rocprofv3_error_signal_handler caught signal 11...
[m# ---- Run standalone_attn_prefill_and_decode_interference_1_131072_64_2048160 ----
INFO 08-10 14:39:01 [__init__.py:244] Automatically detected platform rocm.
[0;31mE20250810 14:41:27.163305 140463953159936 output_stream.cpp:105] Opened result file: ./profiles/standalone_attn_prefill_and_decode_interference_1_131072_64_2048160_kernel_trace.csv
[m[0;31mE20250810 14:41:27.170244 140463953159936 output_stream.cpp:105] Opened result file: ./profiles/standalone_attn_prefill_and_decode_interference_1_131072_64_2048160_agent_info.csv
[m[0;33mW20250810 14:41:35.786909 140463953159936 tool.cpp:1902] rocprofv3_error_signal_handler caught signal 11...
[m# ---- Run standalone_attn_prefill_and_decode_interference_1_131072_128_2048nan ----
INFO 08-10 14:41:40 [__init__.py:244] Automatically detected platform rocm.
No masking
[0;31mE20250810 14:42:58.556431 139916825573120 output_stream.cpp:105] Opened result file: ./profiles/standalone_attn_prefill_and_decode_interference_1_131072_128_2048nan_kernel_trace.csv
[m[0;31mE20250810 14:42:58.563451 139916825573120 output_stream.cpp:105] Opened result file: ./profiles/standalone_attn_prefill_and_decode_interference_1_131072_128_2048nan_agent_info.csv
[m# ---- Run standalone_attn_prefill_and_decode_interference_1_131072_128_204832 ----
INFO 08-10 14:43:12 [__init__.py:244] Automatically detected platform rocm.
[0;31mE20250810 14:44:34.588548 140160151574272 output_stream.cpp:105] Opened result file: ./profiles/standalone_attn_prefill_and_decode_interference_1_131072_128_204832_kernel_trace.csv
[m[0;31mE20250810 14:44:34.595567 140160151574272 output_stream.cpp:105] Opened result file: ./profiles/standalone_attn_prefill_and_decode_interference_1_131072_128_204832_agent_info.csv
[m[0;33mW20250810 14:44:43.130015 140160151574272 tool.cpp:1902] rocprofv3_error_signal_handler caught signal 11...
[m# ---- Run standalone_attn_prefill_and_decode_interference_1_131072_128_204864 ----
INFO 08-10 14:44:47 [__init__.py:244] Automatically detected platform rocm.
[0;31mE20250810 14:46:17.366787 140061194761984 output_stream.cpp:105] Opened result file: ./profiles/standalone_attn_prefill_and_decode_interference_1_131072_128_204864_kernel_trace.csv
[m[0;31mE20250810 14:46:17.373492 140061194761984 output_stream.cpp:105] Opened result file: ./profiles/standalone_attn_prefill_and_decode_interference_1_131072_128_204864_agent_info.csv
[m[0;33mW20250810 14:46:25.758036 140061194761984 tool.cpp:1902] rocprofv3_error_signal_handler caught signal 11...
[m# ---- Run standalone_attn_prefill_and_decode_interference_1_131072_128_204896 ----
INFO 08-10 14:46:30 [__init__.py:244] Automatically detected platform rocm.
[0;31mE20250810 14:48:12.168930 140449361172224 output_stream.cpp:105] Opened result file: ./profiles/standalone_attn_prefill_and_decode_interference_1_131072_128_204896_kernel_trace.csv
[m[0;31mE20250810 14:48:12.175518 140449361172224 output_stream.cpp:105] Opened result file: ./profiles/standalone_attn_prefill_and_decode_interference_1_131072_128_204896_agent_info.csv
[m[0;33mW20250810 14:48:20.657443 140449361172224 tool.cpp:1902] rocprofv3_error_signal_handler caught signal 11...
[m# ---- Run standalone_attn_prefill_and_decode_interference_1_131072_128_2048128 ----
INFO 08-10 14:48:24 [__init__.py:244] Automatically detected platform rocm.
[0;31mE20250810 14:50:24.735099 140208806532864 output_stream.cpp:105] Opened result file: ./profiles/standalone_attn_prefill_and_decode_interference_1_131072_128_2048128_kernel_trace.csv
[m[0;31mE20250810 14:50:24.741828 140208806532864 output_stream.cpp:105] Opened result file: ./profiles/standalone_attn_prefill_and_decode_interference_1_131072_128_2048128_agent_info.csv
[m[0;33mW20250810 14:50:33.549245 140208806532864 tool.cpp:1902] rocprofv3_error_signal_handler caught signal 11...
[m# ---- Run standalone_attn_prefill_and_decode_interference_1_131072_128_2048160 ----
INFO 08-10 14:50:37 [__init__.py:244] Automatically detected platform rocm.
[0;31mE20250810 14:53:03.711366 140221111023360 output_stream.cpp:105] Opened result file: ./profiles/standalone_attn_prefill_and_decode_interference_1_131072_128_2048160_kernel_trace.csv
[m[0;31mE20250810 14:53:03.718240 140221111023360 output_stream.cpp:105] Opened result file: ./profiles/standalone_attn_prefill_and_decode_interference_1_131072_128_2048160_agent_info.csv
[m[0;33mW20250810 14:53:12.054507 140221111023360 tool.cpp:1902] rocprofv3_error_signal_handler caught signal 11...
[m